date,PM10,PM25,PM1,temp_c,dewpoint_c,humidity,pressure_hpa,site,location
2025-12-01,46.14042876901798,41.697268326417706,27.152489626556015,34.09174734900876,19.74873213462425,43.470262793914245,963.9776348547717,SITE 1,INT
2025-12-02,68.80466160220995,63.42450276243095,39.959212707182324,34.12906691221608,20.3414671577655,44.853591160220994,963.994364640884,SITE 1,INT
2025-12-03,89.29429460580913,83.24419778699861,52.94485477178423,33.05747656370063,13.049024127862303,30.835408022130014,964.9167496542186,SITE 1,INT
2025-12-04,107.58439142461964,99.1007399723375,57.3341009681881,32.99369909328416,9.767173812816967,24.29045643153527,965.3935684647304,SITE 1,INT
2025-12-05,87.7220573355818,81.47231028667791,50.1566694772344,32.928611579539066,7.911748173130973,21.85160202360877,965.573878583474,SITE 1,INT
2025-12-06,47.543665283540804,41.14048409405256,26.66530428769018,32.64253880436453,8.34870139849393,22.64453665283541,965.5857538035962,SITE 1,INT
2025-12-07,89.20230609418283,81.3294944598338,49.32306786703601,32.6608187134503,7.017543859649123,20.62049861495845,965.5953878116344,SITE 1,INT
2025-12-08,78.42703319502075,70.59269709543568,44.54965421853389,32.8968802827724,8.34639618871984,22.10235131396957,965.7957123098203,SITE 1,INT
2025-12-09,54.951630094043885,48.81033699059561,32.00072884012539,33.09909439219784,11.221699756182515,26.44984326018809,966.8784952978056,SITE 1,INT
2025-12-10,180.58315352697096,152.47337482710927,65.78299446749655,33.91194098662978,14.312279084063317,31.03734439834025,966.6123098201936,SITE 1,INT
2025-12-11,113.12593360995851,102.46751037344397,61.795767634854776,34.352236053480866,15.096050407253728,32.12309820193638,965.8490456431535,SITE 1,INT
2025-12-12,83.84743430152143,75.85775933609959,48.16924619640387,34.29614261564469,15.176732749346856,32.356846473029044,964.5833471645919,SITE 1,INT
2025-12-13,73.55295297372061,67.11834716459198,40.45118257261411,35.10219763331797,18.15429537421239,37.26417704011065,964.5207745504841,SITE 1,INT
2025-12-14,39.93710926694329,36.30823651452282,23.824958506224068,34.34071000461042,19.01874903949593,40.809128630705395,965.5688796680498,SITE 1,INT
2025-12-15,85.70140387275242,79.25521438450899,52.2829806362379,31.70969724911634,18.133548486245584,44.82434301521438,967.3604840940526,SITE 1,INT
2025-12-16,110.49756569847857,101.0776417704011,59.45201244813278,30.89980021515291,13.131243276471492,34.25864453665284,966.8949515905948,SITE 1,INT
2025-12-17,78.70363241678726,72.21911722141823,43.90157742402316,31.50988904968645,13.02138607493166,32.74819102749638,965.7670622286541,SITE 1,INT
2025-12-18,70.80847434119278,64.6944452149792,39.909826629681,31.955617198335645,10.477731545692711,26.865464632454923,966.0290152565881,SITE 1,INT
2025-12-19,91.06317614424411,83.03599167822469,49.830485436893206,31.956387733086768,9.805825242718447,25.642163661581137,966.227226074896,SITE 1,INT
2025-12-20,92.54760027662516,83.06764177040111,45.891597510373444,32.34824035653911,9.096357768556938,24.001383125864454,965.3570954356848,SITE 1,INT
2025-12-21,125.01865185185184,112.62342222222222,57.12690370370371,32.48888888888889,8.748148148148148,23.127407407407407,964.1862962962963,SITE 1,INT
2025-12-22,96.88544951590593,89.16074688796681,51.78029737206086,33.53542339019518,10.174427539572768,24.103734439834025,964.3001106500691,SITE 1,INT
2025-12-23,96.26047717842323,86.95308437067773,49.01246196403873,33.72368218841248,10.393422468111265,24.319502074688796,964.5776210235132,SITE 1,INT
2025-12-24,45.3956875,38.867777777777775,25.7001875,34.20679012345679,13.75,29.372222222222224,964.7498055555556,SITE 1,INT
2025-12-25,124.71778008298756,110.68819502074689,56.35285615491009,34.57276778853543,17.140003073613034,35.93084370677732,965.55785615491,SITE 1,INT
2025-12-26,112.86430055401661,98.83925900277009,60.23864265927978,34.58217913204063,14.79147429978455,31.218836565096954,966.0286426592799,SITE 1,INT
2025-12-27,119.57734764542937,105.511108033241,53.381752077562325,34.22591566635888,12.325330871037242,27.285318559556785,966.0880332409973,SITE 1,INT
2025-12-28,99.87390581717452,91.92247229916897,54.9757756232687,33.66805170821791,9.272083718067098,22.583102493074794,966.2960941828255,SITE 1,INT
2025-12-29,69.01270775623269,62.48360110803325,40.584722991689745,33.67959372114497,9.060480147737765,22.20360110803324,966.4587673130194,SITE 1,INT
2025-12-30,75.92376731301938,68.47436288088642,45.23751385041551,34.89689135118498,17.147583871960606,35.325484764542935,967.6182548476454,SITE 1,INT
2025-12-31,79.93640083217753,73.41201803051318,48.2670319001387,34.94375096316844,16.602712282323935,34.48266296809986,966.8472954230236,SITE 1,INT
2026-01-01,68.19669667590027,60.578524930747925,40.274667590027704,34.490612496152664,12.608494921514312,27.229916897506925,965.5129085872576,SITE 1,INT
2026-01-02,44.429162049861496,38.336807479224376,24.825062326869805,34.80455524776855,17.29070483225608,36.174515235457065,965.8248476454294,SITE 1,INT
2026-01-03,82.55830790568655,76.61301664355062,49.745957004160886,34.83125288950532,17.796270611804594,37.05547850208045,966.0829958391123,SITE 1,INT
2026-01-04,38.91710818307906,33.54416782246879,21.8850693481276,34.974572353213134,18.60533210047773,38.46185852981969,966.2911650485438,SITE 1,INT
2026-01-05,44.70920360110803,38.80698060941828,25.400360110803327,34.81532779316713,18.898891966759003,39.65650969529086,965.7394598337951,SITE 1,INT
2026-01-06,81.81453536754508,75.41144937586685,48.526407766990296,33.984435198027434,18.600708891971028,40.617198335644936,965.5855201109571,SITE 1,INT
2026-01-07,54.268488700564966,47.21146186440677,31.27911723163842,34.00031387319523,14.503295668549907,32.39971751412429,966.0286158192091,SITE 1,INT
2026-01-08,28.022984764542937,24.1803324099723,15.476142659279779,32.04909202831641,9.780701754385966,25.354570637119114,968.054404432133,SITE 1,INT
2026-01-09,44.062180397727275,37.92682528409091,24.270703125,32.453440656565654,9.117739898989898,24.183238636363637,966.9341335227273,SITE 1,INT
2026-01-10,74.44005540166205,66.78915512465373,43.24792243767313,33.25638658048631,6.7105263157894735,19.626038781163434,966.1847506925208,SITE 1,INT
2026-01-11,99.73363384188626,88.06971567267684,54.44662274618585,33.29557713052859,6.132686084142395,18.46879334257975,965.2247018030513,SITE 1,INT
2026-01-12,107.32238557558946,82.28077669902913,48.53016643550624,33.58683926645092,5.594852827862537,17.615811373092928,965.2278779472955,SITE 1,INT
2026-01-13,163.9750138504155,148.50391274238225,84.32576869806094,33.71268082486919,7.37149892274546,19.78393351800554,964.8051108033242,SITE 1,INT
2026-01-14,177.49207756232687,161.42243074792242,93.73475069252078,33.795013850415515,8.24484456755925,20.90858725761773,964.8882686980609,SITE 1,INT
2026-01-15,148.77772916666666,134.0590138888889,77.41036805555555,33.88425925925926,11.166666666666666,25.247222222222224,965.0682083333334,SITE 1,INT
2026-01-16,124.30254929577464,110.90983802816902,68.44930985915494,34.01173708920188,10.359154929577464,24.10845070422535,965.4134225352113,SITE 1,INT
2026-01-17,109.51702083333333,95.43902083333333,53.09802083333333,34.00308641975309,5.539351851851852,17.119444444444444,964.6290972222222,SITE 1,INT
2026-01-18,61.74054785020804,50.99601248266297,30.923266296809985,33.69933734011404,5.906148867313917,17.818307905686545,964.0870180305131,SITE 1,INT
2026-01-19,107.55075589459085,97.44457004160888,61.523404993065185,33.90969332716906,6.027122823239329,17.75866851595007,963.4982385575589,SITE 1,INT
2026-01-20,93.24166435506243,84.69192094313453,51.8524826629681,33.378794883649256,7.123593774079211,19.606102635228847,964.5414563106797,SITE 1,INT
2026-01-21,52.55597645429363,43.773400277008314,25.36104570637119,33.082486919052016,7.690058479532165,20.750692520775623,964.8473961218835,SITE 1,INT
2026-01-22,102.71146324549237,94.82642857142856,58.02415395284327,32.52504237941132,4.986130374479889,17.78640776699029,965.6493758668515,SITE 1,INT
2026-01-23,104.32661764705882,97.08416666666668,63.232254901960786,32.472766884531595,3.9954870837223777,16.670868347338935,965.8887535014005,SITE 1,INT
2026-01-24,99.68412746585736,89.85279969650986,50.75842185128984,32.62687573764964,3.3560950935761253,15.88619119878604,966.9321851289834,SITE 1,INT
2026-01-25,76.31802357836338,71.57483356449376,46.989251040221916,33.382647557404844,0.9500693481276006,13.0624133148405,967.3708460471568,SITE 1,INT
2026-01-26,118.12760778859527,105.9692628650904,53.59484005563283,33.12548292381394,2.1503631587080823,14.065368567454799,966.7452433936022,SITE 1,INT
2026-01-27,94.77143055555554,86.04639583333334,53.27954861111111,33.54475308641975,0.845679012345679,12.504166666666666,966.63025,SITE 1,INT
2026-01-28,107.63500693481275,97.42248959778087,60.899930651872396,33.542918785637234,2.528895053166898,14.235783633841887,966.3663800277393,SITE 1,INT
2026-01-29,212.12678224687934,197.1647364771151,105.4282454923717,34.218677762367086,2.889505316689783,14.267683772538142,966.6476282940359,SITE 1,INT
2026-01-30,108.14912742382272,97.6061218836565,57.21132271468144,34.524469067405356,3.2910126192674674,14.221606648199446,966.4394875346261,SITE 1,INT
2026-01-31,125.24296116504854,110.93690013869626,59.3170665742025,34.65325936199723,6.8777931884728,17.944521497919556,965.7661719833565,SITE 1,INT
2026-02-01,175.19471567267684,162.66865464632457,88.30624133148406,35.080135614116195,10.413777161349978,22.826629680998614,964.9428155339806,SITE 1,INT
2026-02-02,116.48020083102493,107.1262188365651,67.21864958448754,35.60018467220684,13.666512773160973,27.16343490304709,964.3058864265928,SITE 1,INT
2026-02-03,164.65704323570432,153.12337517433753,85.43585774058577,33.279869827986985,16.757322175732217,37.868898186889815,966.7372524407252,SITE 1,INT
2026-02-04,72.64668515950069,66.10142857142857,42.61393897364771,32.51964863615349,14.919093851132688,35.92371705963939,966.7410540915396,SITE 1,INT
2026-02-05,87.6553432835821,80.98611940298507,49.5454104477612,33.776119402985074,7.814262023217247,20.762686567164177,965.6451492537313,SITE 1,INT
2026-02-06,189.2840941011236,176.88753511235956,91.96155898876404,34.79556803995006,7.128589263420724,18.490168539325843,966.9761095505618,SITE 1,INT
2026-02-07,159.57584604715672,149.68363384188626,89.34749653259362,34.90214208660811,9.619355832948067,22.192787794729544,967.5911095700416,SITE 1,INT
2026-02-08,43.50523977433004,36.639985895627646,23.709795486600846,35.228804262654755,6.078984485190409,16.716502115655853,966.4200987306065,SITE 1,INT
2026-02-09,88.60004847645429,81.82581717451524,51.49229916897507,35.053862726992925,6.148815020006156,16.698060941828256,965.091703601108,SITE 1,INT
2026-02-10,69.01692847124825,63.27980364656381,41.659207573632536,34.80520492441951,5.335826710300764,16.021037868162693,965.6480364656383,SITE 1,INT
2026-02-11,79.6780235783634,70.96808599167822,43.66788488210818,35.00770534751118,10.346740638002775,22.49375866851595,966.5129264909847,SITE 1,INT
2026-02-12,122.20480609418281,113.1866620498615,69.05529085872575,35.78100954139735,13.198676515851032,26.520775623268698,966.5641828254847,SITE 1,INT
2026-02-13,121.62499306518724,112.75165742024966,65.75871012482664,36.23208506703653,14.664817383263985,28.309292649098474,965.6729958391123,SITE 1,INT
2026-02-14,64.20581481481481,57.86314814814815,34.81758518518518,36.09135802469136,16.186831275720166,31.515555555555554,964.4928,SITE 1,INT
2026-02-15,87.53353185595567,78.29973684210526,37.18540858725762,35.25700215450908,18.24561403508772,36.99722991689751,965.848864265928,SITE 1,INT
2026-02-16,51.75316227461858,39.96344660194175,21.583398058252428,33.532131299121595,9.677145939281862,25.675450762829403,967.2856171983357,SITE 1,INT
2026-02-17,62.59100217864924,46.94636165577342,24.24305010893246,34.41418542725732,5.46961994674413,16.525054466230937,966.1032679738563,SITE 1,INT
2026-02-18,80.81340499306518,60.752753120665744,33.01477808599168,34.07458776390815,2.5419941439358915,13.803051317614424,965.2688765603328,SITE 1,INT
2026-02-19,58.27860610263523,45.67002080443828,26.531040221914008,34.83279395900755,1.8307905686546464,12.571428571428571,964.704882108183,SITE 1,INT
2026-02-20,56.31954186413901,45.85623222748815,27.5192654028436,35.089520800421276,2.5285237844479553,13.067930489731438,965.5367298578199,SITE 1,INT
2026-02-21,55.22149930264993,44.082231520223154,27.173005578800556,35.27274136060747,3.883465055013172,14.500697350069736,966.1681032078103,SITE 1,INT
2026-02-22,57.43820388349515,47.916456310679614,28.96441747572816,35.28432732316227,1.4609338881183545,12.079056865464633,965.544424410541,SITE 1,INT
2026-02-23,52.95655555555556,44.807520833333335,26.878034722222225,35.567901234567906,2.647376543209877,12.776388888888889,963.6564444444444,SITE 1,INT
2026-02-24,46.606883656509694,38.04792243767313,24.34676592797784,35.86334256694367,5.574022776238843,15.274238227146814,962.7162188365651,SITE 1,INT
2026-02-25,48.5374133148405,40.02320388349514,25.378099861303745,36.24749576205887,9.281091077207583,19.907073509015255,963.618959778086,SITE 1,INT
2026-02-26,48.50082386363636,39.07518465909091,23.798259943181815,35.95012626262626,10.765467171717173,22.525568181818183,964.46015625,SITE 1,INT
2026-02-27,45.55781553398058,36.222975034674064,21.82348127600555,36.100323624595475,17.118970565572507,33.03190013869626,964.630319001387,SITE 1,INT
2026-02-28,39.32108033240997,32.068171745152355,19.476295013850415,35.74022776238843,18.385657125269315,36.272853185595565,964.1929778393351,SITE 1,INT
2026-03-01,42.65794036061026,34.49662274618585,21.18622052704577,34.572353213129915,14.9776544922176,31.486823855755894,963.4752149791956,SITE 1,INT
2026-03-02,38.93130374479889,32.93797503467406,20.69411927877947,33.71860070889198,15.641084912929573,34.36338418862691,965.1058668515949,SITE 1,INT
2026-03-03,41.8074133148405,33.03216366158114,19.248183079056865,33.67159808907382,10.539374325782093,24.45492371705964,965.3065048543689,SITE 1,INT
2026-03-04,43.409674063800274,34.887038834951454,21.127704576976424,35.83525967021113,13.33410386808445,26.191400832177532,964.6264077669903,SITE 1,INT
2026-03-05,37.66249653259362,32.35997226074896,20.175492371705964,36.42009554630914,18.185390661118817,34.60610263522885,964.9141054091539,SITE 1,INT
2026-03-06,31.485370111731847,27.508254189944132,17.81719273743017,36.62088764742396,19.207790192427066,36.45810055865922,963.4282681564246,SITE 1,INT
2026-03-07,42.64284518828452,36.82958158995816,24.285930962343095,33.44839609483961,19.092282659228268,43.18619246861925,964.3013179916319,SITE 1,INT
2026-03-08,39.25977746870654,33.532420027816414,21.329290681502087,34.66002163498686,18.738989337042188,40.03337969401947,963.8213769123782,SITE 1,INT
2026-03-09,36.25064763231198,31.38634401114206,20.05151810584958,36.337821108016094,18.2528628907459,35.231197771587745,964.1187604456825,SITE 1,INT
2026-03-10,41.62921678321678,36.3924965034965,23.64823076923077,36.01398601398601,17.77855477855478,34.93286713286713,963.9243916083915,SITE 1,INT
2026-03-11,64.31227401129944,57.07834745762712,38.46128531073446,35.320935342121786,19.591964846202135,40.28389830508475,964.3338700564972,SITE 1,INT
2026-03-12,40.95712078651685,35.27816713483146,22.895779494382023,35.96519975031211,19.61766541822722,39.03089887640449,964.0545926966292,SITE 1,INT
2026-03-13,29.99272027972028,27.367153846153844,18.089839160839162,36.35742035742036,18.4009324009324,35.344055944055945,964.0067412587412,SITE 1,INT
2026-03-14,32.23900139664804,28.81423882681564,19.208456703910613,36.69459962756053,17.959342023587833,33.99301675977654,962.951717877095,SITE 1,INT
2026-03-15,39.46987430167598,34.061236033519556,22.436641061452516,36.614680322780885,18.679391682184978,35.287709497206706,963.9258938547486,SITE 1,INT
2026-03-16,38.422190760059614,32.51530551415797,20.947935916542473,36.64182811723796,14.390627587348899,28.551415797317436,964.2149776453056,SITE 1,INT
2026-03-17,32.362332402234635,29.106040502793295,19.421564245810057,36.584419615145876,17.822004965859715,33.548882681564244,964.4562988826815,SITE 1,INT
2026-03-18,32.34603375527426,28.46259493670886,18.768959212376934,36.154867948116895,18.681043913111424,36.26300984528832,964.0023206751055,SITE 1,INT
2026-03-19,31.755096952908588,27.936080332409972,18.49360110803324,36.612803939673746,19.292859341335795,36.7202216066482,963.4701523545706,SITE 1,INT
2026-03-20,100.00658807212206,82.14271844660195,30.085374479889044,36.32069656341501,19.187856372322393,37.04715672676838,962.8711789181692,SITE 1,INT
2026-03-21,30.476058091286305,27.36259336099585,18.646569847856153,37.11157215306593,19.566620562471186,36.39972337482711,962.0845228215768,SITE 1,INT
2026-03-22,34.43262465373961,30.12746537396122,20.49240997229917,36.929055093875036,20.049245921822102,37.797783933518005,962.3134210526316,SITE 1,INT
2026-03-23,17.564681440443213,15.369979224376731,10.41654432132964,33.69575253924285,19.159741458910435,42.850415512465375,964.8384487534626,SITE 1,INT
2026-03-24,28.673358725761773,25.3787188365651,17.448781163434905,34.707602339181285,19.606032625423207,41.89196675900277,964.5188781163434,SITE 1,INT
2026-03-25,29.098407202216066,25.8236703601108,17.87503462603878,35.22160664819945,19.736842105263158,40.6398891966759,963.8935734072022,SITE 1,INT
2026-03-26,38.059278779472955,32.104181692094315,21.812170596393898,35.910001541069505,20.08784096162737,40.08599167822469,963.2187656033287,SITE 1,INT
2026-03-27,35.76164127423822,31.096911357340723,21.200671745152356,35.32779316712835,20.591720529393662,42.69667590027701,964.0589058171746,SITE 1,INT
2026-03-28,32.514785318559554,27.79281163434903,18.538739612188365,33.93582640812558,20.23391812865497,45.134349030470915,965.610083102493,SITE 1,INT
2026-03-29,40.873222683264174,35.159502074688795,22.54538727524205,34.29767942216075,20.063009067158447,43.76486860304288,964.6584232365145,SITE 1,INT
2026-03-30,19.159085872576178,15.70334487534626,9.837257617728532,33.2409972299169,20.05001538935057,46.51523545706371,963.9031994459833,SITE 1,INT
2026-03-31,30.78536011080332,27.14485457063712,16.239750692520776,34.17205293936596,20.13157894736842,44.25346260387812,964.5634072022161,SITE 1,INT
2026-04-01,36.3047919556172,26.555027739251038,14.797135922330098,33.85575589459084,15.114809677916474,33.84743411927878,965.2740638002773,SITE 1,INT
2026-04-02,49.249270833333334,36.82635416666667,20.493236607142858,34.370039682539684,10.87797619047619,24.581845238095237,965.8177678571429,SITE 1,INT
2026-04-03,53.79917730496454,42.10659574468085,24.39921985815603,34.77383766745469,11.752561071710009,24.9645390070922,965.8422836879433,SITE 1,INT
2026-04-04,34.709239888423994,28.151039051603902,17.385432357043236,35.38276770494344,17.164109716410973,34.57880055788006,966.7767782426778,SITE 1,INT
2026-04-05,42.18558577405857,33.24133891213389,21.1231589958159,36.18549511854951,14.676894467689447,28.682008368200837,965.6330125523012,SITE 1,INT
2026-04-06,37.573240223463685,30.095837988826815,19.564106145251397,36.23215394165115,14.62135319677219,28.26675977653631,965.3799860335195,SITE 1,INT
2026-04-07,43.12502321981424,37.67589783281734,25.107438080495356,36.74320605435157,18.605951152390784,35.11145510835913,965.3461764705883,SITE 1,INT
2026-05-12,44.343628571428575,38.14432857142857,22.058385714285716,37.13492063492063,20.352380952380955,38.105714285714285,965.9065428571428,SITE 1,INT
2026-05-13,27.140804195804193,23.158818181818184,15.717146853146854,36.02020202020202,21.376068376068375,43.10489510489511,966.1084475524476,SITE 1,INT
2026-05-14,41.02948251748252,35.90365034965035,24.84376923076923,36.2991452991453,21.791763791763792,43.4993006993007,965.044027972028,SITE 1,INT
2026-05-15,36.8145034965035,31.69539160839161,21.6963986013986,36.15384615384615,21.08857808857809,42.08111888111888,965.2785874125873,SITE 1,INT
2026-05-16,10.052956989247312,9.084354838709677,6.103172043010753,35.101553166069294,20.788530465949822,43.526881720430104,966.2229032258064,SITE 1,INT
2026-05-19,49.77552631578948,40.82233082706767,27.73124060150376,35.1921470342523,22.623224728487887,48.766917293233085,967.5963157894737,SITE 1,INT
2026-05-20,27.32021648044693,24.21574022346369,16.68996508379888,34.757914338919925,22.20903165735568,48.65502793296089,966.9608938547486,SITE 1,INT
2026-05-21,25.858791899441343,22.933289106145253,15.734504189944134,34.56160769708256,22.191961514587213,49.13966480446928,967.1642039106144,SITE 1,INT
2026-05-22,36.789607843137254,33.448501400560225,22.960861344537815,35.14628073451603,22.12729536258948,47.26610644257703,967.2980112044818,SITE 1,INT
2026-05-23,202.6827659574468,170.03997872340426,69.77041134751774,33.996059889676914,21.88888888888889,49.680851063829785,966.9474751773049,SITE 1,INT
2026-05-24,47.19371328671328,41.61887412587412,23.630027972027975,33.83527583527584,22.027972027972027,50.702097902097904,967.3643916083917,SITE 1,INT
2026-05-25,49.77504201680672,44.486519607843135,30.308312324929968,32.606598194833495,21.305633364456895,51.911764705882355,968.7710644257703,SITE 1,INT
2026-05-26,59.138503496503496,54.73453146853147,39.190496503496504,32.61616161616161,22.01010101010101,54.2,968.9560839160839,SITE 1,INT
2026-05-27,41.69266806722689,37.58852240896359,26.229901960784314,33.92701525054466,22.16619981325864,50.99579831932773,967.5585714285713,SITE 1,INT
2026-05-28,32.44144755244755,29.44806293706294,20.666342657342657,35.12509712509713,22.355089355089355,48.158041958041956,967.2532027972029,SITE 1,INT
2026-05-29,102.20316526610644,95.35397759103643,63.28294817927171,34.28104575163399,22.081388110799875,49.43977591036415,968.2702100840337,SITE 1,INT
2026-05-30,35.043468531468534,29.76627972027972,20.113762237762238,35.50815850815851,22.796425796425797,48.54405594405594,966.957986013986,SITE 1,INT
2026-05-31,36.764327731092436,32.53193277310924,22.348060224089636,34.112200435729854,21.569405539993777,48.424369747899156,967.135756302521,SITE 1,INT
2026-06-01,38.86237762237762,33.91165734265734,20.032496503496503,35.054390054390055,22.24941724941725,48.0,966.6089790209791,SITE 1,INT
2026-06-02,27.37206582633053,23.781169467787116,15.956253501400559,34.90273887332711,22.613600995953938,49.49859943977591,967.5328571428571,SITE 1,INT
2026-06-03,27.769236694677872,24.570385154061626,16.646820728291317,35.1984126984127,22.39962651727358,48.070028011204485,968.5142156862745,SITE 1,INT
2026-06-04,13.850046728971963,12.158948598130841,8.111137071651092,31.993769470404985,20.733817930079613,51.87071651090343,968.7547196261683,SITE 1,INT
2026-06-05,27.364655688622754,23.89374251497006,16.026646706586824,32.87757817697938,21.0770126413839,50.75149700598802,966.8898353293414,SITE 1,INT
2026-06-06,19.03942520775623,16.839459833795015,11.434515235457063,33.0155432440751,21.450446291166514,51.04709141274238,966.793268698061,SITE 1,INT
2026-06-07,23.05934210526316,20.15064404432133,13.72191135734072,32.797783933518005,21.084949215143123,50.853185595567865,968.8934903047091,SITE 1,INT
2026-06-08,52.77921745152355,47.67421745152355,33.04114265927978,32.81240381655895,21.3704216682056,51.569252077562325,969.9210110803324,SITE 1,INT
2026-06-09,200.92378086419754,170.34735339506173,68.60698302469136,31.98559670781893,20.955075445816185,52.77932098765432,968.172824074074,SITE 1,INT
2026-06-10,61.052957063711915,54.26087950138505,31.859909972299167,32.09833795013851,21.23037857802401,53.23130193905817,967.5230332409973,SITE 1,INT
2026-06-11,52.61889880952381,48.1597693452381,30.490952380952383,32.72569444444444,21.705522486772487,52.885416666666664,967.8103422619048,SITE 1,INT
2026-06-12,41.30329770992366,36.87170992366412,24.29951145038168,31.76844783715013,21.6420695504665,55.51908396946565,968.6650229007633,SITE 1,INT
2026-06-13,136.7781855670103,126.5019381443299,73.61885567010309,32.53035509736541,21.815578465063002,53.865979381443296,969.8713402061856,SITE 1,INT
2026-06-14,62.470485436893206,59.49917475728155,41.152149791955615,31.401602712282322,20.778240098628448,53.83079056865465,969.6200554785022,SITE 1,INT
2026-06-15,44.01215076071922,41.12775933609959,29.605020746887966,32.88458583064393,21.56523743660673,52.02074688796681,969.3009266943291,SITE 1,INT
2026-06-16,57.33135041551247,51.36571329639889,29.50393351800554,33.744228993536474,21.69513696522007,49.96537396121884,968.3289750692521,SITE 1,INT
2026-06-17,43.38563019390582,37.984037396121884,24.54926592797784,33.617266851338876,22.175284702985536,51.742382271468145,969.0227423822715,SITE 1,INT
2026-06-18,31.406558171745154,27.130332409972297,18.318102493074793,34.495998768851955,22.305324715297015,49.85457063711911,968.3362880886427,SITE 1,INT
2026-06-19,25.33119113573407,22.979930747922435,16.328885041551246,34.42136041859034,21.971375807940905,48.81440443213297,966.4560664819945,SITE 1,INT
2026-06-20,43.05784626038781,38.68356648199446,27.429536011080334,33.94121268082487,21.809018159433673,49.65373961218837,965.7720775623268,SITE 1,INT
2026-06-21,28.158538781163436,24.578358725761774,17.162347645429364,32.60003077870114,21.173437980917207,51.46814404432133,968.2465096952908,SITE 1,INT
2026-06-22,44.64817867036011,42.364342105263155,30.647950138504154,32.27300707910126,21.28270236995999,52.880886426592795,969.9640858725761,SITE 1,INT
2026-06-23,38.630124653739614,34.56421745152355,23.875692520775623,32.985534010464754,21.1657433056325,50.43905817174515,968.3636288088643,SITE 1,INT
2026-06-24,105.75613414634147,97.79437804878049,58.279512195121946,34.052845528455286,21.695121951219512,49.041463414634144,968.8861463414635,SITE 1,INT
2026-06-25,120.176391966759,112.62198753462603,66.81295013850415,34.19821483533395,21.585103108648816,48.390581717451525,969.9220637119113,SITE 1,INT
2026-06-26,120.92259695290859,113.8366135734072,72.11024930747922,34.3213296398892,21.72514619883041,48.378116343490305,969.5859972299169,SITE 1,INT
2026-06-27,140.75766620498615,132.53133656509695,75.14914127423823,32.910126192674674,21.357340720221607,51.078947368421055,968.8723961218836,SITE 1,INT
2026-06-28,58.307465373961215,53.06263157894737,36.56064404432133,33.52493074792244,21.77746999076639,50.72437673130194,968.2056925207756,SITE 1,INT
2026-06-29,43.506651162790696,39.97651937984496,29.773612403100774,32.9603789836348,20.949181739879414,49.76124031007752,967.8185116279069,SITE 1,INT
2026-06-30,61.56954986149584,57.21158587257618,42.730713296398896,33.0155432440751,21.30809479839951,50.7617728531856,968.1610110803324,SITE 1,INT
2026-07-01,53.89735795454545,49.35559659090909,36.169921875,32.91429924242424,21.538036616161616,51.65482954545455,968.6458948863636,SITE 1,INT
2026-07-02,81.22941747572816,75.52056865464633,55.21998613037448,33.3094467560487,21.75065495453845,51.31484049930652,969.2930790568655,SITE 1,INT
2026-07-03,41.339023545706375,37.053788088642655,23.31560941828255,32.859341335795634,21.44198214835334,51.51800554016621,969.0445706371191,SITE 1,INT
2026-07-04,30.901572022160668,27.911253462603877,19.34957756232687,31.77670052323792,20.917974761465064,53.10387811634349,969.0092520775625,SITE 1,INT
2026-07-05,34.61004847645429,29.753961218836565,20.192403047091414,33.2202216066482,21.608956602031395,51.26315789473684,968.6333933518006,SITE 1,INT
2026-07-06,35.14350558659218,32.277304469273744,21.650335195530726,33.25341402855369,22.141527001862197,52.50139664804469,968.3288407821228,SITE 1,INT
2026-07-07,21.883593272171254,19.84617737003058,12.96860856269113,32.12198436969079,21.751613999320423,54.81957186544342,970.079877675841,SITE 1,INT
2025-12-01,53.581874135546336,48.5486030428769,31.28301521438451,32.9176271707392,19.856308590748426,47.20470262793914,965.0068188105118,SITE 1,EXT
2025-12-02,77.6707468879668,71.46587828492393,42.47928077455048,32.28215767634855,20.155985861380053,49.50345781466113,964.9742738589212,SITE 1,EXT
2025-12-03,109.89216160220995,103.36189226519336,59.598950276243094,31.484039287906693,12.360343769183547,33.10911602209945,965.9696132596686,SITE 1,EXT
2025-12-04,124.97963347164591,115.11361687413556,60.59063623789765,31.281696634393732,8.918856615952052,25.681881051175658,966.4711894882435,SITE 1,EXT
2025-12-05,96.52912162162161,89.5518918918919,50.503614864864865,31.82807807807808,7.393018018018019,23.010135135135137,966.6847466216216,SITE 1,EXT
2025-12-06,52.57530428769018,46.68523513139696,30.506037344398344,31.56677424312279,6.940218226525281,22.224066390041493,966.7620470262793,SITE 1,EXT
2025-12-07,100.92994467496543,92.59754495159059,50.75046334716459,31.523743660673123,6.385431074227755,21.367911479944674,966.7627524204702,SITE 1,EXT
2025-12-08,84.8016229281768,78.20055939226519,48.70861878453039,31.83011049723757,6.652854511970535,21.11878453038674,967.0097790055248,SITE 1,EXT
2025-12-09,68.21605965463108,61.72726059654631,39.936852433281004,31.263736263736263,10.876504447933021,29.135007849293565,968.1533594976452,SITE 1,EXT
2025-12-10,111.13607192254496,100.61468188105117,60.53842323651452,32.60258183494698,14.268480098355617,33.7939142461964,967.8164730290457,SITE 1,EXT
2025-12-11,132.45202348066297,120.43380524861878,70.23180248618785,32.52378759975445,14.783609576427256,35.806629834254146,967.0091712707183,SITE 1,EXT
2025-12-12,95.19283540802213,86.0774550484094,54.54156984785615,32.72475795297372,15.039188566159522,35.7344398340249,965.7826832641771,SITE 1,EXT
2025-12-13,80.58421161825727,72.66391424619641,42.1468326417704,33.15813739050254,18.030582449669588,41.975103734439834,965.6757538035961,SITE 1,EXT
2025-12-14,49.4238520055325,43.97439834024897,28.135511756569844,31.63055171353927,19.301521438450898,48.78146611341632,966.7341493775934,SITE 1,EXT
2025-12-15,105.1508713692946,98.07333333333334,61.27746196403873,28.22806208698325,18.392500384201632,56.29598893499308,968.6764315352698,SITE 1,EXT
2025-12-16,122.35441135734071,114.55304709141275,66.4260595567867,28.488765774084335,12.604647583871962,38.87950138504155,968.1375761772853,SITE 1,EXT
2025-12-17,97.18569868995633,89.61200873362445,51.25595342066957,29.439592430858806,12.514960375222383,36.6098981077147,966.9870596797671,SITE 1,EXT
2025-12-18,79.6397625698324,73.47175279329609,43.03858240223464,30.17768466790813,10.12647423960273,29.54189944134078,967.2265921787709,SITE 1,EXT
2025-12-19,108.50584497206704,99.63429469273743,54.48052374301676,29.913097454996898,9.531346989447547,29.0,967.4704469273743,SITE 1,EXT
2025-12-20,106.10689058171745,94.91353878116342,45.58220221606648,30.76715912588489,8.929670667897815,26.45567867036011,966.652271468144,SITE 1,EXT
2025-12-21,102.31132088520056,94.0157468879668,51.84209543568465,31.317043184263103,8.64299984631935,24.8298755186722,965.403734439834,SITE 1,EXT
2025-12-22,102.29511065006916,93.84161134163209,52.51656984785616,32.02781619794068,9.117104656523743,24.88243430152144,965.5285753803597,SITE 1,EXT
2025-12-23,106.3745643153527,97.41094052558783,54.19218533886583,32.35899800215153,10.04072537267558,25.903181189488244,965.8052143845091,SITE 1,EXT
2025-12-24,56.600180305131765,48.95904993065187,32.302704576976424,32.57281553398058,13.811064879026043,32.586685159500696,965.9952149791957,SITE 1,EXT
2025-12-25,121.30901106500691,104.91145228215767,55.14431535269709,32.81081911787306,17.77239895497157,41.87828492392808,966.7775518672199,SITE 1,EXT
2025-12-26,109.8680428769018,100.13947441217151,62.638803596127254,33.23113570001537,14.737974489011835,34.03734439834025,967.1826970954356,SITE 1,EXT
2025-12-27,125.28050484094051,109.82697786998617,52.81775242047026,32.750883663746734,12.07007837713232,30.1701244813278,967.2888381742738,SITE 1,EXT
2025-12-28,124.52404564315351,113.91942600276624,61.99591286307054,32.41201782695559,8.351006608268019,23.11756569847856,967.5128492392809,SITE 1,EXT
2025-12-29,70.34389349930844,63.01106500691563,41.436058091286306,32.73013677577993,9.100199784847087,23.994467496542185,967.6711618257261,SITE 1,EXT
2025-12-30,83.01138312586446,74.53083679114799,47.81908022130014,33.07899185492547,17.830029199323807,41.61964038727524,968.8226694329185,SITE 1,EXT
2025-12-31,89.35527700831025,80.69548476454294,51.88341412742382,33.37026777469991,16.908279470606338,39.77562326869806,968.0670221606648,SITE 1,EXT
2026-01-01,82.5324550484094,75.69095435684648,50.42896957123098,32.95143691409252,12.7293683725219,30.87136929460581,966.7063070539419,SITE 1,EXT
2026-01-02,54.450090027700824,46.51873961218836,30.38605263157895,32.980917205293935,17.763927362265314,42.714681440443215,966.9840443213296,SITE 1,EXT
2026-01-03,89.96345781466114,82.49765560165976,52.39687413554634,33.19194713385585,18.21423082833871,42.61549100968188,967.22132780083,SITE 1,EXT
2026-01-04,46.015540166204985,39.69893351800554,26.35451523545706,33.020929516774395,18.825023084025855,43.72576177285318,967.4373407202216,SITE 1,EXT
2026-01-05,55.323559556786705,48.26504847645429,31.80615650969529,33.08787319175131,19.185133887349956,45.378116343490305,966.8950138504155,SITE 1,EXT
2026-01-06,90.84782849239281,82.27006224066389,50.74553250345781,31.592899953895806,18.822806208698328,47.73997233748271,966.7513139695711,SITE 1,EXT
2026-01-07,55.56201408450704,47.279816901408445,30.845964788732392,32.44679186228482,14.555555555555557,36.469014084507045,967.1504084507043,SITE 1,EXT
2026-01-08,35.348250345781466,30.790165975103736,19.671044260027664,29.665744582757036,9.688028277239896,29.06777316735823,969.2818672199171,SITE 1,EXT
2026-01-09,55.10056107954545,49.18876420454546,31.78817471590909,31.46543560606061,8.490372474747476,25.178977272727273,968.1374715909092,SITE 1,EXT
2026-01-10,76.70921853388658,69.17854771784232,44.52365145228215,31.529890886737363,6.61518364837867,22.15491009681881,967.4422268326417,SITE 1,EXT
2026-01-11,105.97836099585062,94.78141770401106,57.035435684647304,32.15613954203166,5.797602581834948,19.40387275242047,966.5331120331949,SITE 1,EXT
2026-01-12,94.09470954356847,80.55241355463346,50.10044260027663,32.522667896111884,4.845550945136008,17.828492392807746,966.4809543568465,SITE 1,EXT
2026-01-13,109.2159266943292,94.48039419087137,55.49821576763485,32.299830951283234,5.708467803903489,19.172890733056708,966.0283955739973,SITE 1,EXT
2026-01-14,107.58551175656984,93.77143845089903,56.04973029045643,32.47810050714615,7.660212079299217,22.092669432918395,966.2093914246196,SITE 1,EXT
2026-01-15,159.72299861495844,142.92301246537394,71.39590027700831,32.693136349646046,10.804863034779933,26.9612188365651,966.3460941828255,SITE 1,EXT
2026-01-16,135.30690308988764,121.53112359550562,69.97231039325843,32.97752808988764,9.737047440699127,25.203651685393258,966.6775280898877,SITE 1,EXT
2026-01-17,118.28925311203321,102.7349723374827,53.93066390041494,32.824650376517596,4.418318733671431,16.98893499308437,965.8748824343015,SITE 1,EXT
2026-01-18,66.01712603878116,54.43751385041551,31.875713296398892,32.48307171437365,4.831486611265005,17.926592797783933,965.3665096952908,SITE 1,EXT
2026-01-19,125.40147302904565,114.97097510373445,71.09388658367911,32.845397264484404,5.258183494698018,18.09128630705394,964.7206777316736,SITE 1,EXT
2026-01-20,96.57833333333333,88.36483402489627,53.771881051175654,31.352389734132473,6.562163823574612,21.369294605809127,965.8757538035962,SITE 1,EXT
2026-01-21,59.249771784232365,50.244011065006916,29.513499308437066,30.54863992623329,7.178423236514523,23.632088520055326,966.1648132780083,SITE 1,EXT
2026-01-22,65.85997925311203,59.22152835408022,36.13815352697095,30.441063470109114,4.033348701398494,18.96542185338866,966.9467496542185,SITE 1,EXT
2026-01-23,117.54298882681564,110.16282122905028,68.8314874301676,30.924891371818745,3.022191185599007,17.089385474860336,967.2638826815642,SITE 1,EXT
2026-01-24,98.5890606060606,89.51219696969697,50.45790151515151,31.26010101010101,1.8005050505050508,15.31060606060606,968.2835303030303,SITE 1,EXT
2026-01-25,89.22779085872575,83.64795706371191,48.886038781163435,31.118805786395814,-1.5250846414281316,12.344875346260388,968.6730470914126,SITE 1,EXT
2026-01-26,113.10281855955678,106.05542936288089,61.46090027700831,31.424284395198526,1.3681132656201909,14.833795013850416,968.0591551246537,SITE 1,EXT
2026-01-27,95.11548409405255,87.59373443983402,54.56340940525588,31.861072690948212,-1.011987090825265,11.980636237897649,967.9605255878284,SITE 1,EXT
2026-01-28,92.92024896265559,82.55175656984785,52.93467496542185,32.28984170892885,1.1333948055939758,13.756569847856156,967.6827939142462,SITE 1,EXT
2026-01-29,119.1902077562327,108.43705678670361,65.74132271468144,32.96244998461065,1.5135426285010773,13.810249307479225,967.9383102493074,SITE 1,EXT
2026-01-30,115.16979944674965,104.01517980636238,60.24563623789765,33.35638543107423,0.9328415552481942,12.85615491009682,967.6964038727524,SITE 1,EXT
2026-01-31,101.31474376731302,91.24166897506926,55.04542936288089,33.42336103416436,6.094182825484765,18.378116343490305,967.0403878116344,SITE 1,EXT
2026-02-01,72.9841908713693,63.52212309820194,40.81468188105117,33.89119409866298,10.295835254341478,25.125864453665283,966.2737897648685,SITE 1,EXT
2026-02-02,100.81423130193906,91.31829639889196,56.84421745152355,34.675284702985536,13.748076331178824,29.24376731301939,965.5414542936289,SITE 1,EXT
2026-02-03,70.91374826147427,62.79061196105702,39.816954102920725,29.42744552619379,17.441662803276156,49.65368567454799,968.0969958275382,SITE 1,EXT
2026-02-04,76.26702627939142,68.33091977869985,42.8257468879668,31.011987090825265,15.504840940525588,42.623789764868604,968.0076348547718,SITE 1,EXT
2026-02-05,58.6369568452381,52.182686011904764,34.04975446428572,32.73561507936508,7.053571428571429,22.081845238095237,966.7441964285714,SITE 1,EXT
2026-02-06,63.0756381486676,54.9757713884993,35.659866760168306,33.62474676640175,6.561477325853203,19.464235624123422,968.0734922861151,SITE 1,EXT
2026-02-07,63.63843706777316,55.45405947441217,36.617980636237895,33.7267558014446,9.823267250653144,25.017980636237898,968.7744813278008,SITE 1,EXT
2026-02-08,48.88036671368124,41.2016784203103,27.109583921015513,33.910829023664,4.742203416392415,16.76163610719323,967.561509167842,SITE 1,EXT
2026-02-09,101.31473029045644,92.45690179806361,52.78328492392808,33.72445059167051,5.237436606731213,17.356846473029044,966.3137621023512,SITE 1,EXT
2026-02-10,85.86004901960784,79.28441876750699,48.837303921568626,33.12869592281357,4.97510115157174,17.42436974789916,966.8572408963585,SITE 1,EXT
2026-02-11,81.23300829875518,71.77832641770402,43.4523305670816,33.43092054710312,10.012294452128478,24.507607192254497,967.7061134163209,SITE 1,EXT
2026-02-12,88.26739972337482,79.36964038727524,50.191334716459195,34.583525434147845,13.39019517442754,30.069156293222683,967.7592531120331,SITE 1,EXT
2026-02-13,63.06520746887966,55.44048409405256,35.665864453665286,34.737206085753805,15.086829568157372,32.39142461964039,966.8744813278008,SITE 1,EXT
2026-02-14,61.368237037037034,54.299814814814816,33.29905185185185,34.681481481481484,16.65349794238683,36.447407407407404,965.616637037037,SITE 1,EXT
2026-02-15,36.675297783933516,32.554439058171745,21.259515235457066,31.900584795321638,18.805016928285628,47.06094182825485,967.0220914127423,SITE 1,EXT
2026-02-16,53.68292531120331,41.461977869986164,23.586715076071922,31.912555709236205,9.871676655909022,30.926694329183956,968.4535269709544,SITE 1,EXT
2026-02-17,69.63047930283224,52.724379084967325,29.229161220043572,33.369644153957886,4.255628177196805,16.492374727668846,967.227908496732,SITE 1,EXT
2026-02-18,85.53909279778394,65.86127423822714,37.110283933518005,32.930132348414894,1.5104647583871962,13.728531855955678,966.4341551246537,SITE 1,EXT
2026-02-19,66.23078146611343,53.17659751037345,32.30149377593361,33.92654064853235,0.7361303211925619,12.38865836791148,965.8729460580913,SITE 1,EXT
2026-02-20,59.36892961876833,47.60392228739003,29.72208944281525,34.1088302378625,1.1013359400456175,12.831378299120235,966.6613782991203,SITE 1,EXT
2026-02-21,59.88229224376731,48.171288088642655,30.018199445983377,34.23668821175747,3.7742382271468142,15.650969529085872,967.433379501385,SITE 1,EXT
2026-02-22,68.27351108033241,58.27315789473684,35.719162049861495,34.185133887349956,0.8379501385041551,12.45983379501385,966.8392659279777,SITE 1,EXT
2026-02-23,59.74323651452282,50.25401106500692,32.215414937759334,34.34993084370678,1.4853234977716305,12.842323651452283,964.9168741355463,SITE 1,EXT
2026-02-24,56.44907202216067,46.89735457063712,31.264508310249305,34.80455524776855,4.598337950138504,15.277008310249307,963.9363434903048,SITE 1,EXT
2026-02-25,57.262226832641765,46.84546334716459,30.897088520055327,34.69340710004611,9.317657906869526,22.178423236514522,964.8364177040111,SITE 1,EXT
2026-02-26,63.01897598870056,51.037789548022594,32.55170903954802,34.48995605775267,11.059322033898304,25.64265536723164,965.7060734463278,SITE 1,EXT
2026-02-27,55.1067081604426,42.922095435684646,26.855809128630707,34.017212232979865,17.68326417704011,38.944674965421854,965.8291286307053,SITE 1,EXT
2026-02-28,47.32018698060942,37.28277700831025,23.683552631578948,33.365650969529085,18.569559864573716,42.3213296398892,965.3053739612188,SITE 1,EXT
2026-03-01,49.10767634854771,38.76606500691563,24.84795297372061,32.59489780236669,15.12909174734901,37.22821576763486,964.6019917012449,SITE 1,EXT
2026-03-02,47.57207756232687,40.400256232686985,26.431869806094184,31.164973838104036,15.92566943674977,41.35872576177285,966.2214958448754,SITE 1,EXT
2026-03-03,50.56206777316736,39.33441217150761,24.40082987551867,32.944521284770246,10.278161979406793,25.37344398340249,966.4097233748271,SITE 1,EXT
2026-03-04,54.17040166204986,43.29360110803324,27.6290027700831,35.22160664819945,12.877039088950447,26.90304709141274,965.6046398891967,SITE 1,EXT
2026-03-05,45.721973684210525,37.61581024930748,25.200470914127425,34.74915358571869,18.607263773468762,39.77146814404432,965.9665096952908,SITE 1,EXT
2026-03-06,40.40770401106501,33.895580912863075,22.93685338865837,35.07376671277087,19.410634701091134,40.95850622406639,964.4312309820194,SITE 1,EXT
2026-03-07,48.46825726141079,43.58142116182572,29.635746887966807,30.59820193637621,19.83633010603965,53.32572614107884,965.3978838174274,SITE 1,EXT
2026-03-08,45.63323651452282,38.881452282157674,25.50082987551867,34.09174734900876,19.044106347010914,43.219917012448136,964.8161964038727,SITE 1,EXT
2026-03-09,43.05006925207756,35.70501385041551,23.458393351800552,35.297014465989534,18.68882733148661,39.45706371191136,964.980083102493,SITE 1,EXT
2026-03-10,48.757146814404436,41.127652354570635,27.15111495844875,34.45367805478609,18.036318867343798,40.2202216066482,964.8204432132964,SITE 1,EXT
2026-03-11,72.83005617977528,63.20799859550562,42.11303370786517,33.905274656679154,20.281679151061176,46.33848314606742,965.253904494382,SITE 1,EXT
2026-03-12,48.578020979020984,40.33135664335665,26.7414965034965,34.73115773115773,19.557886557886558,42.836363636363636,964.8885594405593,SITE 1,EXT
2026-03-13,38.99018723994452,35.26351595006935,23.90525658807212,35.15487748497458,18.62305439975343,39.0624133148405,964.812080443828,SITE 1,EXT
2026-03-14,39.537940360610264,34.44289875173371,23.53485436893204,35.35059331175836,18.0998613037448,38.166435506241335,963.7806241331483,SITE 1,EXT
2026-03-15,49.011027777777784,40.95753472222222,27.15846527777778,35.36805555555556,19.006944444444443,39.358333333333334,964.8059861111112,SITE 1,EXT
2026-03-16,47.07063421828909,39.49905604719764,26.3065191740413,35.51786299573911,14.133071124221567,31.898230088495577,965.0710619469028,SITE 1,EXT
2026-03-17,40.97159500693481,35.05711511789182,23.821192787794732,35.09015256588072,18.1175836030205,37.77115117891817,965.3723717059639,SITE 1,EXT
2026-03-18,40.73314345991561,34.44717299578059,23.1262517580872,34.888263791217376,19.007657446476014,40.38255977496484,964.875499296765,SITE 1,EXT
2026-03-19,40.764280774550485,35.07429460580913,23.377856154910095,35.67081604426003,19.366067312125406,39.50484094052559,964.3247717842324,SITE 1,EXT
2026-03-20,45.3647226074896,40.271054091539526,25.673314840499305,35.92809183452459,19.43469785575049,38.51851851851852,963.2359259259259,SITE 1,EXT
2026-03-21,36.36240997229917,31.82860110803324,21.994549861495845,35.88027085257002,19.66912896275777,40.03047091412743,962.9314958448754,SITE 1,EXT
2026-03-22,42.439584487534624,36.24284626038781,24.9723891966759,35.47322253000924,20.40858725761773,42.49307479224377,963.1958587257618,SITE 1,EXT
2026-03-23,24.446204986149585,21.852250692520776,15.164806094182826,30.338565712526933,19.65912588488766,54.04986149584487,965.7314404432133,SITE 1,EXT
2026-03-24,39.957295988934995,35.88068464730291,24.02723374827109,33.582295988934995,19.99308437067773,46.76486860304288,965.395172890733,SITE 1,EXT
2026-03-25,38.27905817174515,33.97263157894737,23.59246537396122,33.72653124038166,19.954601415820253,45.37119113573407,964.716620498615,SITE 1,EXT
2026-03-26,49.70221527777778,41.760263888888886,28.24613888888889,34.90895061728395,20.236882716049383,43.53333333333333,963.9837083333333,SITE 1,EXT
2026-03-27,47.357098337950134,40.07628808864266,27.039030470914128,32.53847337642352,20.753308710372423,50.898891966759,964.8979639889196,SITE 1,EXT
2026-03-28,39.442268326417704,34.47505532503458,23.07735131396957,31.568311049638854,20.20516366989396,52.221300138312586,966.5349930843707,SITE 1,EXT
2026-03-29,45.1385595567867,39.040747922437674,25.27649584487535,31.763619575253927,20.216989843028625,52.134349030470915,965.5650138504154,SITE 1,EXT
2026-03-30,26.20671052631579,22.40632271468144,14.419168975069251,31.70052323791936,20.322406894429058,52.8213296398892,964.7983933518004,SITE 1,EXT
2026-03-31,29.606444444444442,26.407708333333332,17.513993055555556,31.977623456790127,20.270061728395063,50.65555555555556,965.3915277777778,SITE 1,EXT
2026-04-01,47.41567961165049,36.98183772538141,21.670117891816922,32.684543072892595,14.959161658190785,37.6380027739251,966.0825520110957,SITE 1,EXT
2026-04-02,60.25523809523809,45.95892113095238,26.119605654761905,33.38045634920635,10.217427248677248,25.477678571428573,966.6175446428572,SITE 1,EXT
2026-04-03,58.04806930693069,45.182517680339465,27.0600495049505,34.02797422599403,11.085179946566086,25.504950495049506,966.7342574257426,SITE 1,EXT
2026-04-04,42.68726008344923,34.89075799721836,21.59759388038943,34.30227167362077,17.556791840519242,38.49513212795549,967.7171349095967,SITE 1,EXT
2026-04-05,50.625533980582524,41.00093619972261,26.43357142857143,35.3390352904916,14.721066420095546,30.932038834951456,966.5242579750346,SITE 1,EXT
2026-04-06,45.3330625,37.536479166666666,24.78485416666667,35.56867283950617,14.554012345679013,30.133333333333333,966.2763333333332,SITE 1,EXT
2026-04-07,50.150755894590844,43.77613037447989,28.73632454923717,35.73663122206812,19.069964555401448,38.95284327323162,966.2551456310679,SITE 1,EXT
2026-04-08,34.0250625,29.898701388888888,20.795236111111112,35.283179012345684,18.45601851851852,38.94583333333333,965.6489583333333,SITE 1,EXT
2026-04-09,32.54164127423822,28.53069944598338,19.432742382271467,34.15589412126808,19.19821483533395,42.297783933518005,966.1410249307479,SITE 1,EXT
2026-04-10,30.87672268907563,26.605525210084036,17.003704481792717,33.79396202925615,20.1244942421413,45.82773109243698,966.5541176470589,SITE 1,EXT
2026-04-11,32.16172937771346,27.72222865412446,17.765774240231547,33.09133301173822,20.80639974272391,49.772793053545584,966.8163965267728,SITE 1,EXT
2026-04-12,28.986531468531467,25.880776223776227,15.362454545454547,31.70940170940171,19.685314685314687,51.16923076923077,966.7758881118881,SITE 1,EXT
2026-04-13,32.385914127423824,27.443130193905816,18.10887811634349,35.164666051092645,20.00307787011388,42.837950138504155,963.8445983379502,SITE 1,EXT
2026-04-14,22.34722299168975,19.885727146814407,13.356198060941827,31.897506925207757,20.354724530624807,51.217451523545705,965.7489612188366,SITE 1,EXT
2026-04-15,36.22976076555024,30.92753588516746,20.614066985645934,34.77405635300372,17.800815169236223,40.015948963317385,964.4598883572568,SITE 1,EXT
2026-04-16,34.03395429362881,29.315526315789477,19.724626038781164,35.699445983379505,18.777316097260695,38.39196675900277,963.4295844875347,SITE 1,EXT
2026-04-17,40.19062032884903,33.77423766816143,22.592929745889386,35.34130543099153,19.506726457399104,41.10762331838565,962.5134230194319,SITE 1,EXT
2026-04-18,33.797804709141275,29.507777008310253,19.95299861495845,35.637119113573405,20.010003077870113,41.662049861495845,962.1389196675901,SITE 1,EXT
2026-04-19,37.58492382271468,32.40496537396122,21.95585872576177,35.59556786703601,20.372422283779624,43.07340720221607,962.4266897506925,SITE 1,EXT
2026-04-20,70.11022853185595,64.92668282548476,39.725270083102494,30.64404432132964,21.174976915974145,57.94736842105263,963.8201939058173,SITE 1,EXT
2026-04-21,48.80464185393258,43.813160112359554,29.7904845505618,32.578027465667915,21.871878901373286,54.38623595505618,964.527654494382,SITE 1,EXT
2026-04-22,24.896419667590028,22.232479224376732,14.75317867036011,32.85549399815328,19.73761157279163,47.82409972299169,965.0676454293629,SITE 1,EXT
2026-04-23,33.805325484764545,30.027756232686983,20.474819944598337,35.225453985841796,21.368882733148663,46.67036011080332,963.6761357340721,SITE 1,EXT
2026-04-24,56.21410664819945,50.63148199445983,28.67961911357341,34.28362573099415,20.5155432440751,45.50969529085872,963.8063296398892,SITE 1,EXT
2026-04-25,58.587403156384504,50.318888091822096,33.445014347202296,34.6692172804081,21.158138051968756,46.6700143472023,964.0327546628407,SITE 1,EXT
2026-04-26,66.15084487534627,56.62273545706371,34.35516620498615,34.80070791012619,21.218836565096954,46.217451523545705,965.6246952908588,SITE 1,EXT
2026-04-27,38.02328254847646,33.025221606648195,22.235491689750692,33.898891966759,20.006155740227765,45.09972299168975,967.1392797783934,SITE 1,EXT
2026-04-28,30.42340027700831,26.992756232686983,18.956038781163436,34.43136349646045,20.336257309941523,45.05540166204986,965.9543074792244,SITE 1,EXT
2026-04-29,57.109210526315785,51.804903047091415,26.33685595567867,32.10064635272391,20.608648815020008,51.825484764542935,966.6781440443214,SITE 1,EXT
2026-04-30,43.01427184466019,39.112149791955616,25.258342579750344,33.33487440283557,21.618122977346278,52.16366158113731,967.7142579750347,SITE 1,EXT
2026-05-01,37.66948060941829,33.600186980609415,22.89742382271468,35.70252385349338,21.678208679593723,45.44182825484764,965.4930332409972,SITE 1,EXT
2026-05-02,31.53277700831025,28.527008310249307,20.4154432132964,34.94998461064943,22.72314558325639,49.8421052631579,965.2187673130193,SITE 1,EXT
2026-05-03,22.493291666666668,20.38577777777778,14.806215277777778,32.76311728395062,20.613425925925927,50.13333333333333,966.0805138888888,SITE 1,EXT
2026-05-04,32.84272307692308,29.63723076923077,20.921223076923077,31.697435897435902,21.576923076923077,56.06923076923077,967.354923076923,SITE 1,EXT
2026-05-05,31.777880886426594,28.349619113573407,19.202562326869806,32.78624192059095,20.233148661126503,49.40166204986149,966.1154986149585,SITE 1,EXT
2026-05-06,40.864993074792245,36.78330332409972,24.477437673130193,33.05555555555556,20.608648815020008,49.70775623268698,965.6852354570638,SITE 1,EXT
2026-05-07,30.7738296398892,28.19729916897507,20.005373961218837,34.30363188673438,21.325023084025855,47.87673130193906,965.4049445983379,SITE 1,EXT
2026-05-08,26.934660664819944,24.69029085872576,17.102506925207756,33.8550323176362,21.31194213604186,49.28670360110803,965.5946675900277,SITE 1,EXT
2026-05-09,37.08692415730337,32.98966292134831,23.172977528089888,31.77356429463171,21.907771535580526,56.80196629213483,967.9242415730338,SITE 1,EXT
2026-05-10,35.79515256588072,31.29124826629681,21.60757281553398,34.80197256896286,21.138850362151334,47.12621359223301,967.1635783633841,SITE 1,EXT
2026-05-11,37.99040166204986,34.1223407202216,24.53900969529086,34.853031702062175,22.300707910126192,48.95983379501385,966.5609002770083,SITE 1,EXT
2026-05-12,41.047785515320335,35.88625348189415,24.76022980501393,35.00696378830084,20.779170535437945,45.63509749303621,967.3202228412257,SITE 1,EXT
2026-05-13,39.72669456066946,35.08983960948396,24.92985355648536,34.9163179916318,21.215713621571364,46.32217573221757,966.8,SITE 1,EXT
2026-05-14,49.97926981919333,43.261404728789984,29.880952712100136,35.48060577963221,21.617215268119303,45.698191933240615,965.787885952712,SITE 1,EXT
2026-05-15,52.40586926286509,45.46506258692629,31.567983310152993,34.29995363931386,20.726317416164427,46.442280945758,965.9740751043115,SITE 1,EXT
2026-05-16,45.31726573426574,41.51721678321678,25.16000699300699,30.68842268842269,21.06915306915307,57.52027972027972,967.6024615384615,SITE 1,EXT
2026-05-17,41.29452083333334,37.06944444444444,26.94138194444444,34.5,22.343364197530864,50.63194444444444,967.6979305555556,SITE 1,EXT
2026-05-18,65.49638194444444,60.445375,38.62411111111111,29.954475308641975,21.235339506172842,60.44861111111111,968.7834166666668,SITE 1,EXT
2026-05-19,30.901462395543174,26.85018105849582,19.765967966573815,32.51083255957908,21.891055400804703,54.94150417827298,967.9715598885793,SITE 1,EXT
2026-05-20,41.53055632823366,36.40550069541029,25.681328233657858,33.51104929686293,22.13104620615052,52.7134909596662,967.6175521557719,SITE 1,EXT
2026-05-21,37.79364394993046,32.99461752433936,23.559853963838666,33.24524802967084,22.153453871117293,53.41168289290682,967.8746870653686,SITE 1,EXT
2026-05-22,43.3207371349096,39.14739916550765,27.94355354659249,34.14078195023953,21.923968474733428,50.35605006954103,967.9440055632823,SITE 1,EXT
2026-05-23,54.871276445698165,50.42235543018335,33.62255994358251,31.658830904246987,21.924463250274254,57.043723554301835,967.6694640338505,SITE 1,EXT
2026-05-24,28.21334492350487,25.533678720445064,21.017044506258692,32.4864781332097,22.053685674547985,58.07371349095967,966.7797635605008,SITE 1,EXT
2026-05-25,43.34504172461752,38.194840055632824,25.02498609179416,30.04790604234276,21.408592180497603,60.6759388038943,969.5080250347705,SITE 1,EXT
2026-05-26,35.02276773296245,30.237628650904032,21.806675938803895,30.97666512131046,22.03832483387421,59.71210013908206,969.6765090403338,SITE 1,EXT
2026-05-27,45.064416666666666,39.1473125,27.711020833333336,33.2908950617284,22.13888888888889,53.704166666666666,968.1793333333334,SITE 1,EXT
2026-05-28,35.07457697642164,31.084466019417476,22.765866851595007,33.81029434427493,22.182154415164124,51.84466019417476,967.8452288488211,SITE 1,EXT
2026-05-29,89.10186805555556,80.43699305555556,46.474486111111105,32.472993827160494,21.890432098765434,54.6875,968.9479444444445,SITE 1,EXT
2026-05-30,45.66816411682893,38.990799721835884,27.222253129346313,34.90341523721218,22.285581826611036,49.49374130737135,967.5287204450626,SITE 1,EXT
2026-05-31,34.33161805555555,30.724958333333333,21.945708333333332,31.462962962962965,21.34722222222222,56.61805555555556,967.851361111111,SITE 1,EXT
2026-06-01,34.58061111111111,29.92323611111111,20.691236111111113,33.617283950617285,22.07175925925926,52.275,967.2845138888889,SITE 1,EXT
2026-06-02,41.06887343532684,35.50011821974965,25.30031293463143,33.160253438417556,22.50888579817648,54.65785813630042,968.226662030598,SITE 1,EXT
2026-06-03,42.16440111420613,37.44376044568245,25.5766573816156,33.91751779634788,22.127050448777467,51.44707520891365,969.1225487465181,SITE 1,EXT
2026-06-04,24.141242236024844,21.730807453416148,15.82885093167702,28.70255348516218,20.798826777087648,63.107142857142854,969.5813198757764,SITE 1,EXT
2026-06-05,26.226168154761904,22.455550595238094,16.539650297619048,32.21478174603175,21.01851851851852,53.517857142857146,967.646443452381,SITE 1,EXT
2026-06-06,29.0717243767313,25.93040858725762,18.920138504155126,30.725607879347493,21.62896275777162,59.09279778393352,967.4570083102493,SITE 1,EXT
2026-06-07,28.884147018030514,25.005194174757282,18.213196948682384,30.795191863153033,21.06025581753737,57.389736477115115,969.6542579750346,SITE 1,EXT
2026-06-08,34.589619113573406,30.213393351800555,22.085339335180056,31.451215758694982,21.527393044013543,56.62326869806094,970.6499445983379,SITE 1,EXT
2026-06-09,141.38595679012346,127.81743827160493,67.47200617283951,29.580761316872433,21.3451646090535,62.0787037037037,968.9089197530864,SITE 1,EXT
2026-06-10,52.7543351800554,46.639903047091416,30.371530470914127,31.182671591258853,21.412742382271468,57.541551246537395,968.235484764543,SITE 1,EXT
2026-06-11,51.61808955223881,45.37829104477612,29.749634328358212,30.42454394693201,21.822553897180764,61.32686567164179,968.5078507462687,SITE 1,EXT
2026-06-12,51.894999999999996,47.09696183206107,30.89976335877863,30.3019508057676,21.959287531806616,62.27328244274809,969.4082595419848,SITE 1,EXT
2026-06-13,90.20282474226805,80.93855670103092,48.5928969072165,30.75830469644903,21.942726231386025,60.585567010309276,970.4486597938144,SITE 1,EXT
2026-06-14,30.1726560332871,26.81384188626907,19.931830790568654,29.619355832948063,21.049468331021732,60.99722607489598,970.2767128987517,SITE 1,EXT
2026-06-15,32.04453601108033,27.774106648199446,19.003711911357343,31.95060018467221,21.44582948599569,55.28393351800554,969.8779916897507,SITE 1,EXT
2026-06-16,48.36623268698061,42.1246675900277,27.31366343490305,32.26223453370268,21.71975992613112,54.87119113573407,968.9172576177285,SITE 1,EXT
2026-06-17,45.93679611650485,38.96415395284327,26.69885575589459,32.401756819232546,22.14902142086608,55.72260748959778,969.6956171983356,SITE 1,EXT
2026-06-18,40.59987534626039,34.2749515235457,24.305526315789475,33.39566020313943,21.919821483533394,52.192520775623265,968.9214681440444,SITE 1,EXT
2026-06-19,27.37162049861496,24.305671745152353,17.79121191135734,33.08325638658049,21.66974453678055,52.46398891966759,967.0447091412743,SITE 1,EXT
2026-06-20,36.96529126213592,31.762094313453538,22.55999306518724,32.046540298967486,21.643550624133148,55.092926490984745,966.4034951456312,SITE 1,EXT
2026-06-21,26.130685595567865,22.729632963988916,16.426523545706374,30.624807633117886,21.293474915358573,58.48753462603878,968.9680055401662,SITE 1,EXT
2026-06-22,25.44271151178918,23.096726768377255,17.477468793342577,30.554014486053322,21.500231160425333,59.59916782246879,970.663009708738,SITE 1,EXT
2026-06-23,36.12428670360111,30.807527700831024,21.712901662049862,31.919821483533397,21.144198214835335,54.4792243767313,969.0093905817175,SITE 1,EXT
2026-06-24,41.805365853658536,36.536195121951216,24.10541463414634,33.90108401084011,21.555555555555554,49.421951219512195,969.5071707317073,SITE 1,EXT
2026-06-25,48.21613037447989,42.17990291262136,29.478280166435507,33.335644937586686,21.398520573277857,50.87378640776699,970.5028987517337,SITE 1,EXT
2026-06-26,52.44502077562327,45.183642659279776,30.562984764542936,32.53770390889505,21.77746999076639,54.26454293628809,970.2368144044322,SITE 1,EXT
2026-06-27,46.1646185852982,39.20861303744799,26.414840499306518,31.17121282169826,21.521806133456618,57.389736477115115,969.5964632454925,SITE 1,EXT
2026-06-28,42.001703601108034,35.80304709141274,24.42130193905817,32.496922129886116,21.77823945829486,54.36149584487535,968.8551523545707,SITE 1,EXT
2026-06-29,30.013441860465115,26.273976744186047,19.423751937984495,31.45822566752799,20.952627045650303,54.607751937984496,968.5232248062015,SITE 1,EXT
2026-06-30,42.7945839112344,37.56249653259362,26.85700416088766,31.67437201417784,21.386962552011095,55.497919556171986,968.8508876560333,SITE 1,EXT
2026-07-01,39.333544034090906,33.621477272727276,23.751782670454546,31.437026515151516,21.526988636363637,56.81818181818182,969.3357954545455,SITE 1,EXT
2026-07-02,67.37500693481276,59.770686546463246,40.961941747572816,32.00493142240715,21.732932655262754,55.82108183079057,969.9774895977808,SITE 1,EXT
2026-07-03,46.02027045769764,41.654306518724,28.886206657420246,30.44074587763908,21.232085067036525,58.866851595006935,969.7083633841886,SITE 1,EXT
2026-07-04,35.64130886426593,31.233504155124653,22.240096952908587,29.770698676515853,21.082640812557713,60.486149584487535,969.7502631578947,SITE 1,EXT
2026-07-05,39.621879334257976,35.125180305131764,24.684708737864078,32.91493296347665,21.850053937432577,53.608876560332874,969.2582801664355,SITE 1,EXT
2026-07-06,41.03311888111888,36.15416083916084,25.724503496503498,31.397824397824397,22.27117327117327,59.21678321678322,968.9583076923076,SITE 1,EXT
2026-07-07,37.350092592592596,32.030972222222225,22.143904320987655,29.698216735253773,21.819272976680384,63.35493827160494,970.7356481481481,SITE 1,EXT
2026-02-14,66.8568838028169,58.358397887323946,37.86264084507042,40.17605633802817,15.60054773082942,24.098591549295776,967.099647887324,SITE 10,INT
2026-02-15,28.112496542185337,25.858782849239283,17.518236514522822,35.5540187490395,18.705240510219767,37.82710926694329,970.1274827109268,SITE 10,INT
2026-02-16,43.84405386740332,33.72706491712707,19.309495856353593,34.990024554941684,13.35558624923266,30.667127071823206,971.5751933701657,SITE 10,INT
2026-02-17,54.40605809128631,41.24760027662517,21.262199170124482,35.043030582449674,7.280620869832488,19.43015214384509,971.0776901798064,SITE 10,INT
2026-02-18,82.51507607192255,64.16550484094053,35.12930152143845,34.89088673735977,6.060396496081144,17.96957123098202,969.7733886583679,SITE 10,INT
2026-02-19,61.972752420470265,49.678817427385894,29.69827109266943,35.395727677885354,5.3788228062086985,16.836791147994468,969.2135961272477,SITE 10,INT
2026-02-20,69.66254143646408,58.98852900552486,36.6553591160221,35.27547575199509,6.43646408839779,18.08011049723757,970.0881491712706,SITE 10,INT
2026-02-21,67.7073928077455,57.871556016597516,36.29957123098202,35.96972491163363,8.630705394190871,19.79944674965422,970.7813139695712,SITE 10,INT
2026-02-22,61.38827312138728,52.89257225433526,33.00585260115607,35.71772639691715,5.336384071933205,16.534682080924856,970.0733815028902,SITE 10,INT
2026-02-23,50.74615491009682,43.4531673582296,28.22175656984786,36.30705394190871,5.912094667281389,16.549100968188107,968.1937897648686,SITE 10,INT
2026-02-24,57.358395573997235,49.08957814661134,31.81015214384509,36.218687567235285,7.335945904410634,17.789764868603044,967.2132226832642,SITE 10,INT
2026-02-25,54.208665283540796,45.25311203319502,29.009405255878285,36.40771476871062,10.896726602120793,22.07607192254495,968.0356154910097,SITE 10,INT
2026-02-26,52.51245165745856,43.27883977900552,26.729709944751384,36.741866175567836,12.764732965009209,24.689226519337016,968.8780939226519,SITE 10,INT
2026-02-27,47.98497925311203,38.80073997233748,23.877178423236515,36.70508682956816,16.955586291685876,31.69432918395574,968.8672475795298,SITE 10,INT
2026-02-28,40.71721300138312,33.62510373443983,20.963547717842324,37.071615183648376,18.39634240049178,34.178423236514526,968.2794605809129,SITE 10,INT
2026-03-01,42.30056016597511,34.65097510373444,21.729426002766253,36.83725218994929,15.739203934224681,30.027662517289073,967.5397233748271,SITE 10,INT
2026-03-02,36.85395718232044,31.052582872928177,19.726540055248616,34.50890116635973,16.699662369551874,35.35497237569061,969.3059806629834,SITE 10,INT
2026-03-03,44.41953521126761,35.79996478873239,21.678838028169015,35.75899843505478,13.358372456964007,27.13943661971831,969.5406056338028,SITE 10,INT
2026-03-04,45.30349930843707,36.41843015214385,22.679446749654222,37.77163055171354,14.794836330106042,26.976486860304288,968.7564315352697,SITE 10,INT
2026-03-05,38.234799446749655,32.76101659751038,21.601701244813277,37.96603657599508,17.994467496542185,31.918395573997234,969.0478146611341,SITE 10,INT
2026-03-06,36.481791147994464,31.773271092669432,21.162026279391426,38.31028123559244,19.124020285846015,33.65145228215768,967.4017842323651,SITE 10,INT
2026-03-07,43.336081081081076,37.84773388773388,25.200332640332643,33.78031878031878,19.455994455994457,43.26195426195426,968.4759043659043,SITE 10,INT
2026-03-08,80.08896265560166,73.45511065006916,41.66747579529737,36.49070232057784,19.061011218687568,37.83402489626556,967.8268326417705,SITE 10,INT
2026-03-09,80.14211618257261,74.16414937759336,46.09132088520055,38.1673582295989,19.83940371907177,36.41078838174274,968.1109681881051,SITE 10,INT
2026-03-10,39.15764868603043,33.888852005532506,22.422489626556015,37.77700937451975,18.87582603350238,34.468879668049794,967.9343291839558,SITE 10,INT
2026-03-11,46.991860304287684,39.38367911479945,25.908603042876898,36.58982634086369,19.70416474565852,38.2655601659751,968.4009958506225,SITE 10,INT
2026-03-12,56.913817427385894,46.7567081604426,28.37914937759336,37.96296296296296,20.061472260642386,36.80221300138312,967.968284923928,SITE 10,INT
2026-03-13,34.45797091412742,30.777963988919666,20.773885041551246,38.55493998153278,19.652200677131425,34.70637119113574,967.9022576177287,SITE 10,INT
2026-03-14,34.33266990291262,30.523980582524274,20.804119278779474,38.935891508707044,18.43350285097858,31.789181692094314,966.8499861303744,SITE 10,INT
2026-03-15,46.694361997226075,39.11144244105409,25.403099861303744,38.35028509785792,18.769456002465713,32.81414701803051,967.9338557558947,SITE 10,INT
2026-03-16,40.595878164556964,34.639865506329116,22.92223892405063,39.18952180028129,16.319444444444443,28.72626582278481,968.1166455696202,SITE 10,INT
2026-03-17,42.57114825581395,36.352739825581395,24.28140988372093,38.01760335917313,17.44670542635659,30.745639534883722,968.5449273255814,SITE 10,INT
2026-03-18,33.710429958391124,30.24223300970874,20.48876560332871,38.0775157959624,18.483587609801205,32.71151178918169,967.9511095700416,SITE 10,INT
2026-03-19,37.236157601115764,32.612259414225946,22.181039051603907,38.11870447853712,18.926080892608088,33.500697350069736,967.4437238493724,SITE 10,INT
2026-03-20,29.837649930264995,27.373277545327753,18.754665271966527,38.2155586548892,20.048039671470637,35.87866108786611,966.8729288702929,SITE 10,INT
2026-03-21,32.37214086471409,29.585188284518832,20.337147838214786,39.05547807221447,19.714086471408645,34.05997210599721,966.0171129707113,SITE 10,INT
2026-03-22,37.335990237099026,32.67122733612273,22.435041841004182,38.79125987912599,20.385867038586706,35.35285913528591,966.2871687587169,SITE 10,INT
2026-03-23,27.504011142061284,23.644679665738163,15.769456824512535,34.0792324357784,20.06267409470752,44.458217270194986,968.9265459610028,SITE 10,INT
2026-03-24,32.88318688981869,29.386331938633194,19.984442119944212,36.80768634743531,20.609793894312723,40.65271966527197,968.4639330543934,SITE 10,INT
2026-03-25,33.00732899022801,29.103143322475574,19.730456026058633,36.21697430329352,19.463445530220778,38.20684039087948,967.8362377850162,SITE 10,INT
2026-03-26,40.22465132496513,34.70046722454672,23.34363319386332,37.78940027894003,20.318456531845655,37.43933054393305,967.1275732217573,SITE 10,INT
2026-03-27,37.80844011142061,33.265160167130915,22.49209610027855,36.10646858557722,20.427112349117923,40.72423398328691,968.0146100278552,SITE 10,INT
2026-03-28,35.47857740585774,32.0052510460251,20.84389818688982,35.12242367890904,20.257244692391136,42.84937238493724,969.6266108786612,SITE 10,INT
2026-03-29,32.23970670391061,27.757451117318436,17.635900837988828,35.609869646182496,20.171477343265053,41.865921787709496,968.6986033519553,SITE 10,INT
2026-03-30,21.97743036211699,19.21698467966574,12.177207520891367,35.910708758898174,20.892912411018262,43.44568245125348,967.884721448468,SITE 10,INT
2026-03-31,26.019616457461645,23.466827057182705,15.472092050209204,36.164574616457465,21.070044940337826,42.4463040446304,968.5004044630405,SITE 10,INT
2026-04-01,36.788716875871685,28.404539748953976,15.942043235704324,36.61010382767705,16.803812180381218,33.44490934449094,969.2443375174337,SITE 10,INT
2026-04-02,57.24680167597765,46.08376396648045,26.76418296089385,36.96772191185599,13.776381129733085,26.98463687150838,969.8579050279329,SITE 10,INT
2026-04-03,53.73927272727273,42.12811188811189,24.8585034965035,36.276612276612276,11.975912975912975,24.373426573426574,970.1115384615384,SITE 10,INT
2026-04-04,46.29302924791086,38.422966573816154,23.834463788300837,36.80129990714949,17.47137109254101,32.873259052924794,970.9750835654596,SITE 10,INT
2026-04-05,45.63225874125874,38.465636363636364,24.371195804195803,38.23310023310024,16.331779331779334,28.815384615384616,969.7451048951049,SITE 10,INT
2026-04-06,46.52114902506963,40.25544568245125,26.401838440111423,37.504642525533896,15.31569173630455,28.020891364902507,969.5579247910863,SITE 10,INT
2026-04-07,34.31119246861925,30.129170153417018,20.434769874476988,38.65333953200062,18.706028203936153,31.94002789400279,969.4344909344492,SITE 10,INT
2026-04-08,29.15151114206128,26.723140668523676,18.663809192200556,39.44831321572269,18.513618074899416,30.56685236768802,968.755348189415,SITE 10,INT
2026-04-09,26.03983960948396,23.559170153417014,15.699295676429568,37.9505656283899,18.528591352859134,32.675034867503484,969.2957322175732,SITE 10,INT
2026-04-10,25.464601955307263,23.135558659217878,15.037625698324023,37.534140285536935,19.034761018001245,34.61173184357542,969.6210754189943,SITE 10,INT
2026-04-11,20.910265734265735,18.652321678321677,12.008132867132868,37.140637140637146,20.05905205905206,37.71608391608392,969.941062937063,SITE 10,INT
2026-04-12,20.71326359832636,18.498270571827057,11.728688981868897,36.12040911204092,19.289477762281113,38.40167364016737,969.832008368201,SITE 10,INT
2026-04-13,25.348172942817293,21.984700139470014,13.979163179916318,39.01363706803037,19.978304664497134,34.58716875871688,966.9218967921897,SITE 10,INT
2026-04-14,18.466866295264623,16.636552924791086,10.817200557103064,35.36521200866605,20.02011761064686,41.307799442896936,968.9523676880224,SITE 10,INT
2026-04-15,31.537524407252437,27.186073919107393,17.37200139470014,37.05795753912909,18.756392375639237,36.32775453277545,967.883570432357,SITE 10,INT
2026-04-16,27.089393305439334,23.86997210599721,15.811073919107393,38.73082287308229,19.26158375949171,33.490934449093444,966.5963737796374,SITE 10,INT
2026-04-17,34.48168073136427,29.761568213783402,19.67370604781997,39.22487888732615,19.79840600093765,33.85091420534459,965.5755977496484,SITE 10,INT
2026-04-18,27.3423709902371,24.09836820083682,15.891589958158997,38.283743995041064,19.675344800867816,35.08647140864714,965.3414225941423,SITE 10,INT
2026-04-19,29.180745125348192,26.386176880222845,17.88615598885794,38.68693902816466,20.118384401114206,35.438718662952645,965.5815459610028,SITE 10,INT
2026-04-20,30.199162011173183,26.618135474860335,17.87897346368715,34.6671322160149,20.737895716945996,44.8072625698324,966.9762011173184,SITE 10,INT
2026-04-21,32.015481843575415,28.85566340782123,19.473435754189943,36.18249534450652,21.340006207324645,43.03072625698324,967.5920111731843,SITE 10,INT
2026-04-22,18.93350278551532,16.50465181058496,10.554073816155988,35.96255029402662,20.12689569792634,40.655988857938716,968.2269080779945,SITE 10,INT
2026-04-23,23.68254662840746,21.135157819225252,13.91093256814921,38.60593017694883,21.523991710505342,38.73314203730273,966.7648637015782,SITE 10,INT
2026-04-24,27.778328710124825,24.887857142857143,16.658002773925105,37.61442441054091,20.74125443057482,38.500693481276,966.9916782246879,SITE 10,INT
2026-04-25,41.782766990291265,35.51389042995839,24.036823855755895,37.052704576976424,20.66420095546309,39.689320388349515,967.2338141470179,SITE 10,INT
2026-04-26,45.51336338418863,37.9273092926491,24.836733703190014,37.13361072584374,20.448451225150254,38.63661581137309,968.8519278779473,SITE 10,INT
2026-04-27,27.66022191400832,24.289396671289875,15.978814147018031,36.80767452612113,20.182616736014797,38.80998613037448,970.3647156726768,SITE 10,INT
2026-04-28,23.78281081081081,21.654918918918916,14.828243243243241,38.53953953953954,20.22922922922923,35.74054054054054,969.2174594594594,SITE 10,INT
2026-04-29,18.212831775700934,16.736841121495324,11.424841121495326,36.10591900311527,20.263759086188994,40.40373831775701,969.4501121495327,SITE 10,INT
2026-04-30,25.3954920913884,22.385878734622146,14.990219683655535,37.302284710017574,21.72622534661199,41.929701230228474,970.7406151142355,SITE 10,INT
2026-05-01,24.475658807212206,22.582288488210818,15.624230235783633,38.47665279704115,22.150562490368316,40.0624133148405,968.6771289875173,SITE 10,INT
2026-05-02,292.96911111111115,265.8404722222222,76.82250694444444,37.67515432098766,22.080246913580247,41.28472222222222,968.4176944444445,SITE 10,INT
2026-05-03,93.28316720257234,89.38942926045016,48.46668006430868,36.78903179707038,20.756520185780637,40.30546623794212,969.0310450160773,SITE 10,INT
2026-05-04,23.670439068100357,21.534775985663085,14.56421146953405,35.556551174830744,21.524293110314616,45.0,970.8043189964159,SITE 10,INT
2026-05-05,15.67628472222222,14.219097222222222,9.564256944444445,36.667438271604944,20.391975308641975,40.02638888888889,969.2339583333332,SITE 10,INT
2026-05-06,20.36386111111111,18.45120138888889,12.390527777777779,36.80092592592593,20.288580246913583,39.4,968.8376805555556,SITE 10,INT
2026-05-07,109.20679611650486,104.56275312066573,56.462905686546456,37.257666820773615,20.977808599167822,39.882108183079055,968.5937586685159,SITE 10,INT
2026-05-08,233.434123783032,219.5203685674548,81.40131432545202,37.19440581053933,21.18451553082986,40.502086230876216,968.8282058414464,SITE 10,INT
2026-05-09,22.61455924855491,19.717854046242774,13.09575867052023,34.59296724470135,20.658317276814387,44.64884393063584,971.0854335260116,SITE 10,INT
2026-05-10,141.12070138888888,132.64418055555555,55.16661111111111,37.24305555555556,20.810185185185187,39.97222222222222,970.2979861111112,SITE 10,INT
2026-05-11,115.42043749999999,108.83302083333332,54.4000625,37.19444444444444,21.83179012345679,41.77777777777778,969.827125,SITE 10,INT
2026-05-12,26.9363073713491,23.97846314325452,16.465514603616132,37.80791222376758,20.384793694946687,37.819193324061196,970.5448817802504,SITE 10,INT
2026-05-13,28.077836338418862,24.758661581137307,16.8525866851595,37.642934196332256,20.832948065957776,38.857142857142854,970.0350762829404,SITE 10,INT
2026-05-14,33.859993055555556,30.04426388888889,20.395152777777778,38.27314814814815,20.82716049382716,37.19166666666667,968.9918611111111,SITE 10,INT
2026-05-15,32.90427777777778,29.10070833333333,19.777805555555556,37.545524691358025,20.604166666666668,38.22222222222222,969.2090555555556,SITE 10,INT
2026-05-16,15.972191400832179,14.880104022191402,10.218710124826629,34.36816150408384,20.055478502080444,43.61165048543689,970.851303744799,SITE 10,INT
2026-05-17,30.406229166666666,27.29047222222222,18.867895833333332,37.60030864197531,21.52314814814815,40.58888888888889,970.8026666666667,SITE 10,INT
2026-05-18,28.436005547850208,24.764923717059638,16.60880027739251,33.26706734473725,20.71582678378795,48.41192787794729,972.0440221914008,SITE 10,INT
2026-05-19,24.572900976290097,21.807475592747558,14.981917712691772,35.17511235084457,20.86006508600651,44.29707112970711,971.1920920502092,SITE 10,INT
2026-05-20,34.264098474341196,30.47893897364771,20.783287101248266,36.04946833102173,21.46247495762059,43.80859916782247,970.8889597780859,SITE 10,INT
2026-05-21,35.26999231950845,30.679070660522274,19.06309523809524,35.922512374125276,21.228025260283324,43.37173579109063,970.9984331797235,SITE 10,INT
2026-05-22,25.668444444444443,23.08053472222222,15.640138888888888,36.730709876543216,21.515432098765434,42.325,971.2460833333334,SITE 10,INT
2026-05-23,18.018379694019472,16.673838664812237,11.463282336578581,34.73419873280791,21.28187297171998,46.184979137691236,970.9952712100139,SITE 10,INT
2026-05-24,20.499133148404994,19.22865464632455,13.255922330097087,35.15333641547234,21.272923408845738,45.375866851595006,971.2767267683773,SITE 10,INT
2026-05-25,21.6358217270195,18.486100278551532,12.249519498607244,33.13060971835345,20.814763231197773,49.09610027855153,972.8299860724235,SITE 10,INT
2026-05-26,34.00583911234396,29.96218446601942,19.84384882108183,33.66235167206042,21.548004314994607,49.769764216366156,972.9669625520112,SITE 10,INT
2026-05-27,40.45981944444444,35.94579861111111,24.295152777777776,35.9104938271605,21.531635802469136,44.57222222222222,971.4112083333332,SITE 10,INT
2026-05-28,28.739879406307978,25.603525046382188,17.126317254174396,36.7584003298289,21.61100803957947,42.63821892393321,970.8104638218924,SITE 10,INT
2026-05-29,29.687930555555557,25.841569444444445,16.89084027777778,35.42901234567901,21.253858024691358,44.47361111111111,972.230875,SITE 10,INT
2026-05-30,33.05370138888889,28.78704861111111,18.867520833333334,37.117283950617285,21.172839506172842,40.69166666666667,970.7523749999999,SITE 10,INT
2026-05-31,17.652876420454547,15.799282670454545,10.341711647727273,34.729324494949495,20.494791666666668,44.44602272727273,971.0665767045455,SITE 10,INT
2026-06-01,21.006931659693166,18.84200139470014,12.600327754532774,36.09096544242988,21.685262668526267,44.38075313807531,970.5234170153418,SITE 10,INT
2026-06-02,29.14690277777778,26.15192361111111,17.353194444444444,35.432870370370374,21.810185185185187,46.07083333333333,971.5241388888888,SITE 10,INT
2026-06-03,27.05793706293706,24.054762237762237,15.841552447552447,36.448329448329446,21.584304584304583,43.26993006993007,972.4083776223777,SITE 10,INT
2026-06-04,17.506159420289855,16.37046698872786,11.1441384863124,30.929504383610663,19.871175523349436,52.39613526570049,972.9677294685989,SITE 10,INT
2026-06-05,18.712034722222224,16.783909722222223,11.342465277777778,34.56867283950617,21.035493827160494,46.38472222222222,970.8132916666666,SITE 10,INT
2026-06-06,22.55816713483146,20.55808988764045,13.950941011235955,33.491729088639204,20.65387016229713,47.56741573033708,970.8004213483147,SITE 10,INT
2026-06-07,21.334341192787793,19.08131067961165,12.979757281553399,33.38804130066266,20.47541994143936,47.48127600554785,972.9327045769764,SITE 10,INT
2026-06-08,20.176450488145047,18.971283124128313,13.0873709902371,33.69363086936309,21.00185960018596,47.99442119944212,973.9774755927475,SITE 10,INT
2026-06-09,32.557126760563385,29.024204225352115,19.501154929577464,32.19718309859155,20.32472613458529,50.15774647887324,972.2566619718309,SITE 10,INT
2026-06-10,31.823786407766992,29.00023578363384,19.00140776699029,33.041300662659886,20.499306518723994,48.656033287101245,971.5516088765603,SITE 10,INT
2026-06-11,34.47605849582173,30.36731894150418,19.9966782729805,33.2017951098731,20.906839987619932,49.33565459610028,971.8356545961003,SITE 10,INT
2026-06-12,30.543266296809986,27.589528432732315,17.888529819694867,33.293265526275235,21.075666512559717,49.51456310679612,972.6994452149793,SITE 10,INT
2026-06-13,28.39910766961652,25.946098820059,16.903082595870206,34.14454277286136,21.52490986561783,48.594395280235986,973.6806194690265,SITE 10,INT
2026-06-14,18.99812324929972,17.32205182072829,11.385511204481793,31.964674758792405,20.17584811702459,50.390756302521005,973.6659523809524,SITE 10,INT
2026-06-15,15.178973647711514,14.31626907073509,9.534105409153954,34.82817075050085,21.225150254276468,46.45631067961165,973.1988765603329,SITE 10,INT
2026-06-16,27.09269123783032,23.631919332406117,15.756210013908206,35.401792613197344,21.171380003090714,44.376912378303196,972.2491794158555,SITE 10,INT
2026-06-17,37.89896383866481,34.04215577190543,22.308803894297636,34.92195951166744,21.114974501622626,45.404728789986095,973.0144367176634,SITE 10,INT
2026-06-18,41.02427083333333,35.37260416666667,23.267777777777777,36.08410493827161,21.32716049382716,43.352777777777774,972.2304583333334,SITE 10,INT
2026-06-19,23.07704861111111,21.452916666666667,14.287708333333333,35.88117283950617,21.033179012345677,42.925,970.3410972222222,SITE 10,INT
2026-06-20,30.631291666666666,27.357263888888887,17.805041666666664,34.45216049382716,20.775462962962965,45.38472222222222,969.7820694444443,SITE 10,INT
2026-06-21,23.173624999999998,20.36395138888889,13.490895833333333,33.620370370370374,20.366512345679013,46.4875,972.2994722222222,SITE 10,INT
2026-06-22,12.888370319001385,12.11984049930652,7.949389736477116,33.55601787640623,20.457697642163662,46.96116504854369,973.9511789181693,SITE 10,INT
2026-06-23,24.618152777777777,22.22522916666667,14.284736111111112,34.70293209876544,20.5625,44.705555555555556,972.3092083333333,SITE 10,INT
2026-06-24,24.184224259520455,22.33034555712271,14.42592383638928,34.83466541294468,20.74674815859583,44.67136812411848,972.4678138222849,SITE 10,INT
2026-06-25,33.89221835883171,30.113449235048677,19.730987482614744,35.82908360377067,20.5995982073868,42.05146036161335,973.8398887343533,SITE 10,INT
2026-06-26,120.60570931849792,111.83938108484006,52.353720445062585,35.49065059496214,20.730953484778244,42.959666203059804,973.5749930458971,SITE 10,INT
2026-06-27,245.4051736111111,225.86223611111112,82.51772916666667,34.08796296296297,20.86496913580247,46.80694444444445,972.9023333333334,SITE 10,INT
2026-06-28,321.10852653631287,290.69515363128494,87.24864525139665,34.989913097454995,21.281036623215396,45.712290502793294,972.1717458100559,SITE 10,INT
2026-06-29,48.526187500000006,46.55706944444444,32.33540277777778,33.72453703703704,20.194444444444443,45.83888888888889,971.8795555555556,SITE 10,INT
2026-06-30,44.28625173852573,41.810799721835885,29.64094575799722,34.05269664657704,20.52928450007727,46.084840055632824,972.2178581363005,SITE 10,INT
2026-07-01,70.36320334261838,65.82546657381616,38.645299442896935,33.84091612503869,20.852677189724545,47.39554317548747,972.6896100278552,SITE 10,INT
2026-07-02,76.1555625,70.54886111111111,40.55176388888889,33.9537037037037,20.841820987654323,47.24166666666667,973.3403888888888,SITE 10,INT
2026-07-03,43.469743055555554,39.99626388888889,25.567854166666667,33.44058641975309,20.61882716049383,47.765277777777776,973.0893333333332,SITE 10,INT
2026-07-04,20.23752777777778,18.05590972222222,11.971034722222223,32.09336419753087,19.950617283950617,49.21944444444444,973.1138472222221,SITE 10,INT
2026-07-05,30.952875,27.22504861111111,17.819298611111112,35.042438271604944,20.934413580246915,44.87083333333333,972.5863888888888,SITE 10,INT
2026-07-06,26.32696527777778,24.060006944444442,15.202159722222223,33.7337962962963,21.14814814814815,48.265277777777776,972.2691944444443,SITE 10,INT
2026-07-07,36.926791808873716,32.36006825938566,20.041023890784984,30.961319681456203,20.547971179370496,54.33788395904437,973.9734129692833,SITE 10,INT
2026-02-14,58.43978873239437,53.194876760563375,34.73107394366197,38.276604068857594,13.497652582159626,23.31338028169014,966.9579225352112,SITE 10,EXT
2026-02-15,31.104454419889503,28.634772099447513,19.247555248618784,31.640577041129525,18.053253529772867,45.95165745856354,970.0675828729283,SITE 10,EXT
2026-02-16,48.60532503457815,39.66906639004149,23.28093360995851,32.79852466574459,9.892423543875827,29.80359612724758,971.5837482710928,SITE 10,EXT
2026-02-17,56.71910096818811,45.7051244813278,24.43026279391425,32.783925003842015,1.1180267404333795,13.903181189488244,970.768755186722,SITE 10,EXT
2026-02-18,80.52876901798064,66.28367219917013,36.58260027662517,32.642538804364534,1.8626094974642693,15.248962655601659,969.443112033195,SITE 10,EXT
2026-02-19,67.14510359116022,57.66410220994475,34.55730662983426,33.11617556783303,1.1379680785758135,14.668508287292818,968.8799585635359,SITE 10,EXT
2026-02-20,74.70459889349931,66.37337482710926,41.7740663900415,32.82388197325957,2.120792992162287,15.915629322268327,969.7540802213001,SITE 10,EXT
2026-02-21,69.37138812154697,61.96794198895028,39.16307320441989,33.23127685696747,4.474370779619398,17.843922651933703,970.4815055248619,SITE 10,EXT
2026-02-22,60.933661360347315,53.81074529667149,33.914406657018816,33.54478211931179,1.3772310660877956,14.998552821997105,969.7775687409552,SITE 10,EXT
2026-02-23,56.18952973720609,49.976030428769015,32.881507607192255,34.1055786076533,0.8974950053788229,13.28630705394191,967.8615076071923,SITE 10,EXT
2026-02-24,61.741892265193364,54.9430593922652,35.90831491712707,34.03238182934316,4.198127685696747,16.104972375690608,966.891091160221,SITE 10,EXT
2026-02-25,56.365103734439835,48.2031051175657,31.34219917012448,34.01874903949593,8.950361149531274,22.311203319502074,967.8404564315354,SITE 10,EXT
2026-02-26,56.9755593922652,48.627451657458565,30.5090953038674,33.87047268262738,10.518723143032535,25.39779005524862,968.7646685082873,SITE 10,EXT
2026-02-27,46.43977178423237,38.89196403872752,24.060601659751036,33.814353772859995,16.917934532042416,37.73029045643153,968.928713692946,SITE 10,EXT
2026-02-28,41.0555601659751,34.81187413554633,21.92710926694329,34.10327339787921,17.876901798063624,39.17565698478562,968.4273858921161,SITE 10,EXT
2026-03-01,42.058715469613254,35.540911602209945,22.59417817679558,34.517341927562924,14.603284223449968,32.31629834254144,967.624046961326,SITE 10,EXT
2026-03-02,38.32770401106501,33.731735822959884,21.840366528354078,31.743506992469648,15.16597510373444,38.61134163208852,969.3240525587829,SITE 10,EXT
2026-03-03,46.51635724331926,38.43808016877637,23.71490857946554,34.18502891076731,9.435067979371778,22.516174402250353,969.4381434599156,SITE 10,EXT
2026-03-04,46.02449445983379,38.66774238227147,24.307873961218835,35.670975684826104,11.46429670667898,24.177285318559555,968.6168559556787,SITE 10,EXT
2026-03-05,37.90235497237569,33.1583908839779,22.083736187845304,34.65776550030694,17.55908532842235,37.925414364640886,969.0619889502763,SITE 10,EXT
2026-03-06,36.03371369294606,32.17023513139696,21.492911479944674,35.304287690179805,18.377132319041035,38.10096818810512,967.5445089903181,SITE 10,EXT
2026-03-07,48.82701663201663,44.46116424116424,29.807130977130978,30.784245784245787,19.322014322014322,51.395010395010395,968.6446777546778,SITE 10,EXT
2026-03-08,53.24076869806094,48.54447368421053,32.29085872576177,34.59987688519545,18.410280086180364,41.091412742382275,968.069404432133,SITE 10,EXT
2026-03-09,40.48368603042877,35.275774550484094,23.33210235131397,35.72844628861227,17.869986168741356,37.17289073305671,968.1799031811894,SITE 10,EXT
2026-03-10,39.83147099447514,35.197189226519335,23.298674033149172,35.15500306936771,17.44782074892572,37.841160220994475,968.0284668508287,SITE 10,EXT
2026-03-11,49.116915629322264,42.08234439834025,27.66287690179806,33.71215613954203,19.223144306131857,44.42047026279391,968.5155048409405,SITE 10,EXT
2026-03-12,45.98748271092669,39.32965421853389,26.09768326417704,35.08298755186722,18.72291378515445,40.561549100968186,968.1611479944675,SITE 10,EXT
2026-03-13,34.16869444444444,31.319812499999998,21.268416666666667,35.71219135802469,17.58641975308642,35.98888888888889,968.0279722222223,SITE 10,EXT
2026-03-14,36.24112587412587,32.86979020979021,22.533174825174825,36.14529914529915,17.290598290598293,35.51048951048951,966.9773986013986,SITE 10,EXT
2026-03-15,44.67763966480447,38.525572625698324,25.97081005586592,35.20949720670391,17.997361887026692,37.427374301675975,968.0303351955307,SITE 10,EXT
2026-03-16,40.747368839427665,36.0808346581876,24.053426073131956,36.69404698816464,13.692810457516343,29.677265500794913,968.203720190779,SITE 10,EXT
2026-03-17,41.12024926686217,36.031869501466275,24.334545454545456,34.46480938416422,17.010426849136525,36.88709677419355,968.5570674486804,SITE 10,EXT
2026-03-18,34.48214385474861,31.476564245810057,21.404909217877098,35.18234016139044,17.731222842954686,37.135474860335194,968.0796648044693,SITE 10,EXT
2026-03-19,36.53253138075314,32.78682008368201,22.39186889818689,35.214628854796224,18.076863474353015,37.59693165969317,967.5453835425384,SITE 10,EXT
2026-03-20,29.841039051603907,27.895118549511853,19.181701534170156,35.00852316751899,18.636293196962654,39.36401673640167,966.9633472803347,SITE 10,EXT
2026-03-21,32.037824267782426,29.768040446304045,20.541966527196653,36.008833100883315,18.570432357043234,37.592747559274756,966.141589958159,SITE 10,EXT
2026-03-22,37.06806834030684,33.19905160390516,22.893591352859136,35.48427088176042,19.55059662172633,40.532775453277544,966.4496094839609,SITE 10,EXT
2026-03-23,29.276220362622034,26.871213389121337,18.372412831241284,30.588098558809858,19.24298775763211,51.98744769874477,969.061311018131,SITE 10,EXT
2026-03-24,32.922761506276146,30.349553695955372,20.96323570432357,33.96869673020301,19.287153262048662,44.2928870292887,968.7166945606695,SITE 10,EXT
2026-03-25,34.07122964169381,31.007662866449515,21.05586319218241,32.79315960912052,18.710640608034748,44.42182410423453,967.9945928338763,SITE 10,EXT
2026-03-26,39.713621169916436,35.06412256267409,23.649756267409472,34.562828845558656,19.275766016713096,42.09470752089136,967.3445403899722,SITE 10,EXT
2026-03-27,39.45256624825663,34.812029288702924,23.65094142259414,32.88702928870293,19.95118549511855,47.82287308228731,968.1953556485355,SITE 10,EXT
2026-03-28,39.141887186629525,35.93228412256268,23.202200557103065,31.908077994428968,19.295109873104305,48.58217270194986,969.8829944289694,SITE 10,EXT
2026-03-29,31.733687150837987,28.285837988826817,18.254608938547484,31.55959031657356,19.377715704531347,50.762569832402235,968.9169832402235,SITE 10,EXT
2026-03-30,22.53274058577406,20.502963737796374,13.36387029288703,32.144738881140555,19.394080272741363,48.93863319386332,968.1834309623431,SITE 10,EXT
2026-03-31,26.821799163179914,24.83071129707113,16.425244072524407,32.26406322640633,19.605609793894313,47.96234309623431,968.7682566248257,SITE 10,EXT
2026-04-01,37.93619777158774,31.6574930362117,18.578064066852367,33.303930671618694,14.322965026307644,35.14206128133705,969.4211281337048,SITE 10,EXT
2026-04-02,59.232437150837995,50.30983240223463,29.695796089385475,33.75,9.941030415890753,25.498603351955307,969.7943575418994,SITE 10,EXT
2026-04-03,54.42421089385475,46.027541899441346,27.39772346368715,33.34342023587834,9.429702048417132,24.497206703910614,969.9781424581005,SITE 10,EXT
2026-04-04,43.65566248256625,38.043305439330545,24.43115760111576,33.479002014566866,16.881295521462885,39.08786610878661,971.0009762900976,SITE 10,EXT
2026-04-05,46.57627793296089,40.603121508379886,26.16009776536313,35.425977653631286,13.85707635009311,29.178770949720672,969.8273463687151,SITE 10,EXT
2026-04-06,44.21699442119944,39.07329846582984,25.857531380753137,34.564543623121025,13.74167054083372,30.578800557880054,969.550529986053,SITE 10,EXT
2026-04-07,35.87252089136491,31.92699164345404,21.550995821727017,35.20659238625813,17.99056019808109,38.030640668523674,969.5562813370474,SITE 10,EXT
2026-04-08,28.965801952580193,26.819951185495118,18.600383542538356,35.82442274910895,17.475592747559276,36.156206415620645,968.9139609483962,SITE 10,EXT
2026-04-09,26.41668061366806,24.16089958158996,16.06831241283124,33.633193863319384,18.036572136990547,40.860529986052995,969.4615202231521,SITE 10,EXT
2026-04-10,26.013340306834028,24.003228730822872,15.605962343096234,33.360452502711915,19.248411591507825,44.9442119944212,969.8690934449094,SITE 10,EXT
2026-04-11,21.16060754189944,19.376668994413407,12.551557262569833,33.057107386716325,20.225015518311608,48.3268156424581,970.2433659217877,SITE 10,EXT
2026-04-12,21.563960948396094,19.74100418410042,12.867364016736401,33.037346970401366,19.360762436076246,46.99023709902371,970.1101673640168,SITE 10,EXT
2026-04-13,24.88611576011158,22.340439330543933,14.538319386331938,35.77173407717341,19.235239423523943,40.08647140864714,967.1640167364017,SITE 10,EXT
2026-04-14,18.761406685236768,17.536873259052925,11.689470752089138,31.33163107397091,19.745434849891677,51.09610027855153,969.154442896936,SITE 10,EXT
2026-04-15,32.870027932960895,29.22699022346369,19.308317039106143,34.63609559279951,17.666821849782746,40.194134078212294,968.1389106145251,SITE 10,EXT
2026-04-16,28.583535564853555,25.63801952580195,17.086387726638772,35.66558189989152,17.99628079962808,37.18270571827057,966.7117712691771,SITE 10,EXT
2026-04-17,34.90957102672293,31.055295358649786,20.863403656821376,36.065010157837165,18.710736052508206,38.24753867791843,965.7121518987341,SITE 10,EXT
2026-04-18,26.849185236768804,24.739972144846796,16.71858635097493,34.722995976477876,18.898947694212318,41.33704735376045,965.4970473537604,SITE 10,EXT
2026-04-19,30.50419107391911,27.879016736401674,19.052308228730823,35.15264218193089,19.65519913218658,43.00557880055788,965.7914365411436,SITE 10,EXT
2026-04-20,32.583233240223464,29.108184357541898,19.821459497206703,31.01800124146493,20.801520794537556,55.97486033519553,967.1916759776536,SITE 10,EXT
2026-04-21,30.401799163179916,27.882796373779637,19.031617852161784,32.508910584224395,21.121958778862545,52.61227336122734,967.9634867503486,SITE 10,EXT
2026-04-22,19.58107391910739,17.84155509065551,11.709023709902372,32.012242367890906,18.74631954129862,47.54532775453278,968.512580195258,SITE 10,EXT
2026-04-23,24.076242816091952,22.230244252873565,14.881077586206896,35.24106002554279,20.717592592592595,45.26724137931034,967.0323994252874,SITE 10,EXT
2026-04-24,25.2942248603352,23.670691340782124,16.229427374301675,33.60567970204842,19.594972067039105,44.891061452513966,967.1913547486033,SITE 10,EXT
2026-04-25,40.34978351955307,35.22307262569833,23.966557262569832,33.43187461204221,20.048882681564248,47.048882681564244,967.4529469273743,SITE 10,EXT
2026-04-26,45.22204895104895,39.44536363636364,25.75586013986014,33.224553224553226,20.237762237762237,47.85034965034965,969.1077062937063,SITE 10,EXT
2026-04-27,28.373870292887027,25.83589260808926,17.260697350069734,33.56113435611344,19.31737176507051,44.214783821478385,970.5807531380754,SITE 10,EXT
2026-04-28,22.921766304347827,21.48057971014493,14.927300724637682,34.31159420289855,19.21598228663446,42.86231884057971,969.4222101449276,SITE 10,EXT
2026-04-29,19.05931390977444,17.912584586466167,12.394906015037595,32.40497076023392,19.82560568086884,48.69924812030075,969.6599436090225,SITE 10,EXT
2026-04-30,26.85775221238938,24.795389380530974,16.89914159292035,33.68239921337266,21.28810226155359,50.32212389380531,971.0499115044247,SITE 10,EXT
2026-05-01,28.129664804469275,25.794252793296092,17.59060754189944,35.03724394785848,20.830229671011796,45.41899441340782,968.9484217877094,SITE 10,EXT
2026-05-02,38.91393156424581,36.07325418994414,23.901473463687154,33.363594040968344,21.68140906269398,51.226256983240226,968.6869832402235,SITE 10,EXT
2026-05-03,18.092791262135922,17.081747572815534,11.739271844660195,32.60607695073714,19.472312117943186,47.179611650485434,969.3171844660194,SITE 10,EXT
2026-05-04,22.53956678700361,21.57557761732852,15.189873646209387,31.754913758523866,20.89350180505415,53.63357400722022,971.0372202166064,SITE 10,EXT
2026-05-05,16.127832167832167,15.367783216783216,10.70758041958042,32.58896658896659,19.135975135975137,47.14545454545455,969.4846293706294,SITE 10,EXT
2026-05-06,20.221773743016758,18.959944134078214,13.113743016759777,32.74441340782123,19.47703289882061,47.797486033519554,969.0689245810056,SITE 10,EXT
2026-05-07,24.57685055865922,23.012381284916202,15.6981843575419,33.07805710738672,20.158286778398512,48.074022346368714,968.8396368715084,SITE 10,EXT
2026-05-08,25.892359943977592,23.925399159663865,16.082731092436973,32.58481170245876,20.158730158730158,49.72268907563025,969.0762745098039,SITE 10,EXT
2026-05-09,22.906904069767442,21.048364825581395,14.4178125,31.461563307493538,20.926195090439276,54.34156976744186,971.3783575581397,SITE 10,EXT
2026-05-10,29.82195104895105,26.970825174825173,18.402692307692305,34.484071484071485,20.073815073815073,45.26993006993007,970.6156363636364,SITE 10,EXT
2026-05-11,29.813349650349647,27.509356643356643,19.069335664335664,33.22066822066822,21.114996114996117,50.00699300699301,970.0393146853147,SITE 10,EXT
2026-05-12,27.25992286115007,24.926669004207575,17.253478260869564,33.79382889200561,19.710144927536234,46.19074333800842,970.8299719495092,SITE 10,EXT
2026-05-13,27.158629370629367,24.876363636363635,17.162174825174827,34.038850038850036,20.216006216006217,46.213986013986016,970.265118881119,SITE 10,EXT
2026-05-14,33.41827272727272,30.645636363636363,20.779664335664336,34.63014763014763,20.487956487956488,44.74965034965035,969.2217062937063,SITE 10,EXT
2026-05-15,31.30164106145251,28.642374301675975,19.59912709497207,33.81595282433271,19.856455617628804,45.38687150837989,969.4358519553072,SITE 10,EXT
2026-05-16,19.55765034965035,17.90862937062937,12.35793006993007,30.334110334110335,20.18648018648019,55.514685314685316,971.0633146853147,SITE 10,EXT
2026-05-17,28.508128491620113,26.591536312849165,18.52724162011173,34.27529484792055,21.498292985723154,49.29189944134078,971.160879888268,SITE 10,EXT
2026-05-18,27.157104895104897,24.294363636363638,16.604104895104893,29.793317793317794,20.4988344988345,58.58601398601399,972.2453706293705,SITE 10,EXT
2026-05-19,23.701393557422968,21.371092436974788,14.803032212885153,31.83395580454404,20.66837846249611,53.02100840336134,971.4998179271709,SITE 10,EXT
2026-05-20,32.619403927068724,29.794179523141654,20.513962131837307,32.4520804114072,20.972417017297804,52.32678821879383,971.1526507713885,SITE 10,EXT
2026-05-21,28.229319938176197,26.014698608964448,17.790865533230296,32.16383307573416,20.939378327322686,52.92426584234931,971.3080061823803,SITE 10,EXT
2026-05-22,24.309594405594407,22.74334965034965,15.91155944055944,32.934731934731936,20.68142968142968,50.03776223776224,971.5372167832168,SITE 10,EXT
2026-05-23,19.18776923076923,18.094734265734267,12.589083916083915,30.344988344988348,20.72882672882673,57.334265734265735,971.2631468531468,SITE 10,EXT
2026-05-24,21.386944055944056,20.343552447552447,14.22248951048951,31.560994560994565,20.86247086247086,54.28391608391608,971.6344755244755,SITE 10,EXT
2026-05-25,23.34976923076923,21.19774825174825,14.349405594405596,29.687645687645688,20.50738150738151,58.837762237762234,973.1224615384616,SITE 10,EXT
2026-05-26,32.95101398601398,30.004307692307695,20.09216083916084,30.8010878010878,21.066045066045067,56.90909090909091,973.2701538461539,SITE 10,EXT
2026-05-27,40.522395251396645,37.07143854748603,25.330244413407822,32.89494103041589,20.918684047175667,51.055865921787706,971.7407402234637,SITE 10,EXT
2026-05-28,27.364981308411213,25.136878504672897,17.09348598130841,32.65005192107996,20.50467289719626,50.33271028037383,971.0646542056076,SITE 10,EXT
2026-05-29,28.267937062937065,25.592538461538464,17.009027972027972,32.266511266511266,20.742812742812742,51.493706293706296,972.4968391608392,SITE 10,EXT
2026-05-30,33.84174125874126,30.28115384615385,20.067531468531467,34.21134421134421,20.92929292929293,47.462937062937065,971.0582237762238,SITE 10,EXT
2026-05-31,18.529470672389127,17.047432045779686,11.442010014306152,31.006199332379595,20.321888412017167,54.871244635193136,971.3122317596567,SITE 10,EXT
2026-06-01,20.635775139664805,19.180069832402236,13.099909217877094,33.13469894475481,21.14292364990689,50.92877094972067,970.815251396648,SITE 10,EXT
2026-06-02,28.40865034965035,26.327426573426575,17.68951048951049,32.25718725718726,21.523698523698524,54.193006993006996,971.8027412587412,SITE 10,EXT
2026-06-03,25.528122362869198,23.57227144866385,15.770639943741209,33.28098140334427,21.086107204250666,50.20112517580872,972.6872151898734,SITE 10,EXT
2026-06-04,17.94400162337662,16.81023538961039,11.645097402597402,27.864357864357867,20.069444444444446,63.439935064935064,973.189512987013,SITE 10,EXT
2026-06-05,22.47342877094972,20.301124301675976,14.036089385474861,32.017380509000624,20.051210428305403,51.75,971.1224441340783,SITE 10,EXT
2026-06-06,24.95603667136813,22.844421720733425,15.672411847672779,29.932612443190724,20.68171133051246,58.53737658674189,971.021269393512,SITE 10,EXT
2026-06-07,22.20082402234637,20.385090782122905,14.099811452513967,30.17070142768467,19.903010552451896,55.61033519553072,973.2473882681564,SITE 10,EXT
2026-06-08,22.364384615384616,20.862755244755245,14.593125874125873,30.938616938616942,20.57187257187257,55.074125874125876,974.2104895104895,SITE 10,EXT
2026-06-09,34.07689801699717,30.942492917847026,21.065212464589237,29.170601196096946,20.486307837582626,60.45184135977337,972.495580736544,SITE 10,EXT
2026-06-10,34.45336363636363,31.79616083916084,21.28774125874126,30.452991452991455,20.47630147630148,56.55804195804196,971.8873286713286,SITE 10,EXT
2026-06-11,32.85816526610644,29.5653431372549,19.60454481792717,30.139277933395583,21.076875194522252,59.561624649859944,972.1201400560225,SITE 10,EXT
2026-06-12,32.485846153846154,30.352265734265732,20.011048951048952,30.555555555555557,21.041958041958043,58.152447552447555,973.0236783216784,SITE 10,EXT
2026-06-13,29.30088410104012,27.061040118870732,17.734680534918276,31.13670133729569,21.458642892521052,57.63150074294205,973.9676523031203,SITE 10,EXT
2026-06-14,20.609647390691112,18.959174894217206,12.733102961918195,28.8465757718226,20.04388026955023,60.160789844851905,973.9675740479548,SITE 10,EXT
2026-06-15,15.093819832402234,14.395803072625698,9.82713687150838,31.712445685909376,20.557883302296712,53.44972067039106,973.5042737430168,SITE 10,EXT
2026-06-16,28.867538461538462,26.20053146853147,17.883251748251748,31.93473193473194,20.656565656565657,52.474125874125875,972.4793566433566,SITE 10,EXT
2026-06-17,41.70518207282913,38.16973389355742,25.33826330532213,31.72891378773732,20.801431683784624,53.602240896358545,973.2778151260504,SITE 10,EXT
2026-06-18,37.83162937062937,33.598615384615385,22.43344055944056,32.846930846930846,20.757575757575758,50.17202797202797,972.5100699300699,SITE 10,EXT
2026-06-19,24.112591036414564,22.55843137254902,15.179803921568626,32.247121070650486,20.61079987550576,51.621848739495796,970.6062605042017,SITE 10,EXT
2026-06-20,30.1333938547486,27.39024441340782,18.059867318435753,31.17163252638113,20.583488516449414,54.29050279329609,970.0265083798882,SITE 10,EXT
2026-06-21,22.917626050420168,20.478046218487396,13.769607843137255,30.02178649237473,19.946311858076566,55.84453781512605,972.5707282913165,SITE 10,EXT
2026-06-22,12.760223776223775,12.225055944055946,8.135888111888113,29.83993783993784,20.402486402486403,58.21678321678322,974.2724895104894,SITE 10,EXT
2026-06-23,24.815475524475524,22.842496503496506,14.93590909090909,31.365967365967368,20.072261072261075,53.018181818181816,972.6158181818182,SITE 10,EXT
2026-06-24,23.57828347578348,22.06898148148148,14.71954415954416,31.140392529281417,20.27619499841722,53.903133903133906,972.7130341880343,SITE 10,EXT
2026-06-25,35.60855446927374,32.187583798882685,21.24462290502793,32.34016139044073,20.0667287399131,49.62709497206704,974.0855307262569,SITE 10,EXT
2026-06-26,37.45032167832168,33.53896503496504,21.58744055944056,31.8003108003108,20.654234654234656,52.93846153846154,973.8065874125873,SITE 10,EXT
2026-06-27,39.43158519553072,36.04360335195531,22.493386871508378,31.04438237119801,20.552451893234018,54.63687150837989,973.1608379888269,SITE 10,EXT
2026-06-28,38.01902932960894,34.24703910614525,21.736396648044693,31.980912476722537,20.771260086902547,52.70949720670391,972.4515502793297,SITE 10,EXT
2026-06-29,15.844117647058825,14.85075630252101,10.20078431372549,29.558823529411764,19.555711173358233,56.0140056022409,972.1465406162465,SITE 10,EXT
2026-06-30,18.774448324022345,17.537241620111732,11.965020949720671,30.338299193047796,20.225015518311608,55.9427374301676,972.5377653631285,SITE 10,EXT
2026-07-01,24.86941176470588,23.139740896358546,15.077429971988796,30.21553065670713,20.43261749144102,57.07422969187675,973.0197619047619,SITE 10,EXT
2026-07-02,29.765399159663865,27.281743697478994,17.82779411764706,30.5859010270775,20.610021786492375,56.82913165266106,973.6553081232494,SITE 10,EXT
2026-07-03,21.924107391910738,20.718145048814506,13.740104602510462,29.447543778087713,20.009298000929803,58.16317991631799,973.3994979079497,SITE 10,EXT
2026-07-04,24.614153846153844,22.5740979020979,15.156545454545455,29.001554001554005,20.004662004662006,59.17622377622378,973.4166713286714,SITE 10,EXT
2026-07-05,27.327321678321677,25.22818181818182,16.886237762237762,32.08391608391609,20.623931623931625,52.288111888111885,972.9116643356643,SITE 10,EXT
2026-07-06,25.508573426573427,23.786986013986013,15.415125874125875,30.609168609168613,21.195027195027198,58.184615384615384,972.5630909090909,SITE 10,EXT
2026-07-07,33.33274914089347,30.61725085910653,19.504931271477666,28.398243604429172,20.754104620084,63.99312714776632,974.1731958762888,SITE 10,EXT
2025-12-01,48.835951388888894,41.979055555555554,26.805944444444442,34.929783950617285,20.28240740740741,42.85,967.8415694444445,SITE 2,INT
2025-12-02,52.19825936199722,46.688169209431344,29.83350901525659,34.822006472491914,20.748189243334874,44.220527045769764,967.8246879334258,SITE 2,INT
2025-12-03,41.43859223300971,35.535443828016646,22.28259361997226,34.583140699645554,14.303436584989983,30.791955617198337,968.8078224687932,SITE 2,INT
2025-12-04,44.69876560332871,38.52564493758669,23.641990291262136,34.26028663892742,11.143473570658037,24.78640776699029,969.2410263522885,SITE 2,INT
2025-12-05,70.41045523520485,63.74220030349014,40.498406676783006,33.86359804417468,9.703254088686561,23.320182094081943,969.5984673748103,SITE 2,INT
2025-12-06,108.67047156726768,99.41294729542302,62.77145631067961,33.67699183233164,10.25735860687317,24.22746185852982,969.5081276005548,SITE 2,INT
2025-12-07,82.32283333333334,74.24553472222223,46.679430555555555,33.7662037037037,9.524691358024691,22.893055555555556,969.4981111111111,SITE 2,INT
2025-12-08,104.02299583911234,95.16070041608877,58.99006241331484,33.83495145631068,9.44290337494221,22.662968099861303,969.6878085991679,SITE 2,INT
2025-12-09,80.06309986130375,71.61761442441055,45.54059639389736,34.25720449992295,12.33317922638311,26.790568654646325,970.5838557558945,SITE 2,INT
2025-12-10,156.45814840499307,143.76816920943136,87.66183772538142,34.3843427338573,15.677300046232086,33.083217753120664,970.4922191400832,SITE 2,INT
2025-12-11,87.34,77.97289986091793,50.30297635605007,34.49698655540102,16.003708854891055,33.80528511821975,969.7349235048679,SITE 2,INT
2025-12-12,71.03870319001386,61.06809292649098,39.2484535367545,34.536138079827396,16.262906457081215,34.33841886269071,968.5054230235784,SITE 2,INT
2025-12-13,60.9555702364395,52.98564673157163,34.422447844228095,35.17771596352959,18.827074640704684,38.770514603616135,968.4072322670377,SITE 2,INT
2025-12-14,58.3873640167364,51.21268479776848,28.823933054393304,34.482411281574464,19.852006818534015,42.71966527196653,969.4565969316596,SITE 2,INT
2025-12-15,46.41204735376044,39.259568245125344,25.27288997214485,32.328226555246054,19.116372640049523,46.12395543175487,971.3739275766017,SITE 2,INT
2025-12-16,42.9074651810585,36.68341922005571,23.097618384401116,32.148715567935625,14.307489941194676,34.54456824512535,970.856573816156,SITE 2,INT
2025-12-17,55.651080892608086,47.91407949790795,29.56723849372385,33.18379048504571,13.981094064776075,31.75592747559275,969.5750348675035,SITE 2,INT
2025-12-18,43.82026462395543,37.36983286908078,22.97010445682451,33.52909316001238,12.02955741256577,27.231197771587745,969.9374094707522,SITE 2,INT
2025-12-19,54.72458158995816,47.17402370990237,28.632280334728033,33.58205485820549,11.252130791879747,25.78521617852162,970.1342956764296,SITE 2,INT
2025-12-20,41.82660863509749,34.72675487465181,20.931803621169916,33.728721757969666,10.71881770349737,24.672701949860723,969.3066573816157,SITE 2,INT
2025-12-21,72.57412256267409,65.25478412256267,41.25214484679666,33.884246363355004,10.862735995047972,24.728412256267408,968.0554596100278,SITE 2,INT
2025-12-22,84.82314504881451,77.0381450488145,48.92564156206415,34.29257709592438,11.80148768014877,25.9023709902371,968.2383682008368,SITE 2,INT
2025-12-23,115.6072824427481,104.85092366412213,66.86865648854962,34.724342663273966,12.843087362171332,27.08091603053435,968.4969770992367,SITE 2,INT
2025-12-24,80.7875348189415,71.38010445682451,46.537367688022286,34.94661095636026,15.327298050139277,31.225626740947074,968.6964902506963,SITE 2,INT
2025-12-25,79.21097493036213,70.52681754874652,46.58935933147633,35.37604456824513,18.747291860105232,37.93175487465181,969.4619498607243,SITE 2,INT
2025-12-26,101.47570334261837,90.9508147632312,58.84809888579387,35.27700402352213,16.722376973073352,33.871866295264624,969.9712534818941,SITE 2,INT
2025-12-27,83.41693863319387,74.86221059972107,47.42617154811716,35.00542383387572,14.393305439330543,29.800557880055788,970.0487587168758,SITE 2,INT
2025-12-28,106.50884937238494,97.34772663877267,61.158096234309625,34.21896792189679,11.32806446613978,25.259414225941423,970.2690655509066,SITE 2,INT
2025-12-29,148.55665271966527,136.87023012552302,83.1879288702929,34.50875561754223,11.72477917247792,25.599721059972104,970.4213807531381,SITE 2,INT
2025-12-30,165.23534818941505,155.72140668523676,95.50309192200557,35.683998761993195,18.594862271742496,37.12534818941504,971.5022284122563,SITE 2,INT
2025-12-31,183.66630222841226,173.8915877437326,107.8833286908078,35.837975858867225,18.33101207056639,36.56824512534819,970.7840389972145,SITE 2,INT
2026-01-01,148.32115760111577,139.40221059972106,83.2394490934449,35.31303269796994,14.679218967921896,29.75592747559275,969.4504463040446,SITE 2,INT
2026-01-02,157.85722144846795,147.53069637883007,90.66621169916435,35.605075827917055,19.05447229959765,38.72284122562674,969.6902089136489,SITE 2,INT
2026-01-03,171.70853556485355,160.3372942817294,94.65196652719666,35.45250271191694,19.56609328994266,39.92050209205021,969.9964574616457,SITE 2,INT
2026-01-04,73.94143654114366,66.4734239888424,40.51145746164575,35.547807221447385,19.583914458391448,39.66387726638773,970.1946722454671,SITE 2,INT
2026-01-05,109.53232541899442,101.06266061452514,61.18755586592179,36.0296399751707,19.79050279329609,39.297486033519554,969.6021508379888,SITE 2,INT
2026-01-06,128.19800139275765,118.82185236768802,72.97532729805015,35.52692664809657,19.436706901887963,39.18802228412256,969.4027019498608,SITE 2,INT
2026-01-07,112.74221059972105,104.28573919107392,63.39646443514644,35.39981403998141,16.047574771424145,32.86750348675035,969.8221617852162,SITE 2,INT
2026-01-08,127.07610181311018,120.09582287308228,70.18459553695956,33.540988687432204,11.213389121338912,25.688981868898185,971.9132914923291,SITE 2,INT
2026-01-09,157.9895214285714,148.93167857142856,88.76122857142857,33.58571428571429,10.477777777777778,24.80142857142857,970.7512857142857,SITE 2,INT
2026-01-10,102.43709902370989,94.99981868898186,58.509714086471405,34.37780877111421,8.785061211839455,21.107391910739192,970.029790794979,SITE 2,INT
2026-01-11,167.93952112676055,154.1525,90.5843309859155,34.77699530516432,8.685446009389672,20.253521126760564,969.1238873239436,SITE 2,INT
2026-01-12,132.0332590529248,114.96192200557104,68.06458217270195,34.015010832559575,7.927886103373569,20.405292479108635,969.1328272980502,SITE 2,INT
2026-01-13,168.34638075313808,151.13297768479777,92.27221757322175,33.86099488609949,9.504881450488146,22.762900976290098,968.6838354253837,SITE 2,INT
2026-01-14,176.65964435146444,159.18332635983262,95.26170850767086,34.00356423368976,10.790330079033009,24.577405857740587,968.8327754532775,SITE 2,INT
2026-01-15,158.53690807799444,143.55622562674094,87.46101671309192,34.082327452800996,12.914732281027545,28.16434540389972,968.9777576601672,SITE 2,INT
2026-01-16,119.46871308016878,106.79135021097045,65.26232067510549,34.29676511954993,11.09704641350211,25.164556962025316,969.317158931083,SITE 2,INT
2026-01-17,95.90830543933055,82.87640864714086,48.93061366806137,34.590887959088796,7.6049899271656605,19.02231520223152,968.4750348675035,SITE 2,INT
2026-01-18,160.19300977653631,145.14861731843575,86.50084497206704,34.36374922408442,8.98665425201738,21.3268156424581,967.9753351955306,SITE 2,INT
2026-01-19,171.47489525139665,159.02673184357542,98.03166899441341,34.458410924891375,9.33659217877095,21.787709497206706,967.393282122905,SITE 2,INT
2026-01-20,107.93822377622378,100.224,62.768706293706295,34.02719502719503,9.124320124320125,21.688111888111887,968.4806713286714,SITE 2,INT
2026-01-21,112.48491620111731,102.11124301675977,59.922925977653634,33.66542520173805,9.348230912476723,22.501396648044693,968.7000279329609,SITE 2,INT
2026-01-22,84.72136363636363,77.17613286713286,47.657258741258744,33.34887334887335,6.923853923853924,19.453146853146855,969.5065314685315,SITE 2,INT
2026-01-23,77.06693113772455,69.6880239520958,44.51509730538922,33.43729208250166,6.097804391217565,18.278443113772454,969.9887724550898,SITE 2,INT
2026-01-24,91.00169201520913,83.87737642585552,53.63655893536122,34.67258132657372,5.937896070975919,16.876425855513308,970.8795057034221,SITE 2,INT
2026-01-25,63.710910364145654,59.05605742296919,37.40856442577031,34.20634920634921,2.14207905384376,13.340336134453782,971.2683613445378,SITE 2,INT
2026-01-26,54.263288732394365,48.48595070422535,31.028866197183095,34.07981220657277,3.419405320813772,14.576056338028168,970.5725070422535,SITE 2,INT
2026-01-27,90.08219718309859,81.62221830985915,50.58345774647887,34.327856025039125,2.877151799687011,13.88450704225352,970.4940563380283,SITE 2,INT
2026-01-28,148.3313732394366,135.21860563380284,83.49040845070422,34.13849765258216,4.849765258215963,16.159154929577465,970.2385633802817,SITE 2,INT
2026-01-29,136.92715189873417,124.88718002812941,76.28791842475387,34.27566807313643,5.057821534614784,16.48241912798875,970.533558368495,SITE 2,INT
2026-01-30,146.99889592123768,133.14096343178622,82.42291842475387,34.25457102672293,5.4641350210970465,16.853727144866387,970.2935443037974,SITE 2,INT
2026-01-31,137.61082278481013,125.88143459915611,79.72818565400844,34.97968432567588,9.69760900140647,21.39240506329114,969.6581293952181,SITE 2,INT
2026-02-01,117.59742253521127,106.6244295774648,67.61164084507043,35.49217527386541,12.738654147104853,26.005633802816902,968.8872535211267,SITE 2,INT
2026-02-02,127.69455696202532,117.05746835443038,74.56447257383965,35.82669167057353,14.669479606188467,28.742616033755276,968.152630098453,SITE 2,INT
2026-02-03,92.54627464788732,83.22171126760564,53.084049295774655,33.152582159624416,17.69796557120501,40.39295774647887,970.5860845070423,SITE 2,INT
2026-02-04,89.11572535211268,79.94681690140845,50.74364788732394,33.43114241001565,16.535993740219094,37.84225352112676,970.6062676056338,SITE 2,INT
2026-02-05,170.76528653295128,161.45138252148996,99.14835243553009,35.199777141037885,9.729385546004458,22.120343839541547,969.3382378223495,SITE 2,INT
2026-02-06,120.09449285714287,111.18536428571429,70.9316,35.641269841269846,9.898412698412699,21.364285714285714,970.771,SITE 2,INT
2026-02-07,124.93407876230661,116.04748945147679,74.71644163150492,36.17049538990467,11.955774339740586,23.9943741209564,971.4312236286919,SITE 2,INT
2026-02-08,110.64625220458554,102.77364197530864,66.57016754850088,36.22966882226142,9.048598863413678,19.423280423280424,969.9874074074074,SITE 2,INT
2026-02-09,121.33543661971831,111.8815,71.13600704225352,36.29029733959312,8.701095461658843,18.716901408450703,968.9340422535212,SITE 2,INT
2026-02-10,103.94982419127989,94.96101969057666,60.41396624472574,35.81106422878575,7.90514142834818,18.18424753867792,969.4614345991561,SITE 2,INT
2026-02-11,120.87604225352113,110.1150633802817,71.00973943661972,35.33176838810642,11.475743348982787,23.880281690140844,970.3078028169015,SITE 2,INT
2026-02-12,109.6273488045007,100.28710970464134,65.02063994374122,37.1104860134396,15.046882325363338,27.80168776371308,970.3793389592123,SITE 2,INT
2026-02-13,108.82556882022473,100.7658286516854,64.99491573033707,37.35252808988764,16.23049313358302,29.410112359550563,969.5171488764045,SITE 2,INT
2026-02-14,72.67632183908046,64.45780172413792,42.32462643678161,37.33556832694764,17.86637931034483,32.69971264367816,968.2719683908047,SITE 2,INT
2026-02-15,66.63779887482418,60.46188466947961,40.24779184247539,35.654008438818565,19.782778559149868,39.91561181434599,969.7218143459916,SITE 2,INT
2026-02-16,52.01463431786217,38.752440225035166,21.70315752461322,35.09767151117362,12.258946710423505,27.736990154711673,971.1255555555556,SITE 2,INT
2026-02-17,130.09955633802818,111.87617605633804,65.37580281690141,35.46322378716745,5.378716744913929,15.70281690140845,970.4404084507041,SITE 2,INT
2026-02-18,136.3535,115.1125352112676,67.43877464788733,35.27308294209703,6.172143974960877,16.77323943661972,969.0845211267606,SITE 2,INT
2026-02-19,172.80317862165964,155.44438115330522,94.3898382559775,35.43834974214721,6.343959993749023,17.149085794655416,968.5641631504923,SITE 2,INT
2026-02-20,163.1792101551481,148.14916784203103,91.29287023977433,35.40902679830747,7.5646450399623895,18.493653032440058,969.4036248236954,SITE 2,INT
2026-02-21,142.90659154929577,129.80561971830986,80.07699295774648,35.39514866979656,7.964788732394366,18.970422535211267,970.1149295774647,SITE 2,INT
2026-02-22,134.7789160839161,123.26110489510489,75.64766433566435,35.62703962703963,5.364413364413364,15.636363636363637,969.4346433566434,SITE 2,INT
2026-02-23,114.50850415512465,104.5338296398892,66.64360110803324,35.95183133271776,5.1046475838719605,14.98060941828255,967.4756509695292,SITE 2,INT
2026-02-24,108.66542185338866,97.8483540802213,62.26154218533887,36.30782234516674,7.634854771784233,17.323651452282157,966.4985477178423,SITE 2,INT
2026-02-25,92.46075380359613,81.78106500691563,52.8699377593361,36.40079913938835,12.342093130474874,23.987551867219917,967.4253112033196,SITE 2,INT
2026-02-26,96.53256435643564,82.64535643564356,51.99231683168317,36.32783278327833,12.445544554455445,23.986138613861385,967.8560990099011,SITE 2,INT
2026-02-27,66.26641966759003,54.55923822714681,34.87029085872576,36.289627577716224,18.674207448445678,35.96260387811634,968.4545567867035,SITE 2,INT
2026-02-28,62.05479253112033,52.19246196403873,34.12839557399723,35.9305363454741,19.30459505148302,38.1134163208852,967.939336099585,SITE 2,INT
2026-03-01,67.44486149584488,57.21941135734072,36.443621883656505,35.810249307479225,16.199599876885195,31.8808864265928,967.2091551246538,SITE 2,INT
2026-03-02,50.98869294605809,42.86632088520055,27.36258644536653,34.464422929153216,16.763485477178424,35.52558782849239,968.8376763485477,SITE 2,INT
2026-03-03,62.26964038727524,50.81344398340249,31.45369294605809,34.95159059474412,12.073151990164439,25.36652835408022,969.0548547717842,SITE 2,INT
2026-03-04,66.58496542185338,54.943360995850625,34.43783540802213,36.57292146918703,13.611495312740127,25.76625172890733,968.2466666666667,SITE 2,INT
2026-03-05,51.737839335180055,43.56359418282548,29.023234072022163,36.97522314558326,18.769621421975994,34.89612188365651,968.603864265928,SITE 2,INT
2026-03-06,57.51002077562327,49.270547091412745,32.96139889196676,37.136811326562025,19.89150507848569,37.03185595567867,967.0804847645429,SITE 2,INT
2026-03-07,65.86633817427386,57.3925622406639,38.47159751037345,34.219686491470725,20.51751959428308,45.25933609958506,968.1021576763485,SITE 2,INT
2026-03-08,86.30905947441217,78.64932918395573,51.924377593360994,35.55939757184571,20.05763024435224,41.428769017980635,967.5945643153527,SITE 2,INT
2026-03-09,56.84886426592797,48.220872576177285,32.138725761772854,37.219144352108344,19.034318251769776,35.408587257617725,967.834916897507,SITE 2,INT
2026-03-10,61.95219225449516,52.794737206085756,34.38890733056708,37.013216536038115,19.13861994774858,35.984785615491006,967.6445366528354,SITE 2,INT
2026-03-11,55.52245492371706,45.43456310679612,29.403446601941745,36.110340576359995,20.41608876560333,40.64632454923717,968.0715672676837,SITE 2,INT
2026-03-12,52.39387966804979,43.104502074688796,28.122510373443983,36.96557553404027,20.053019824804057,38.15352697095436,967.7483125864454,SITE 2,INT
2026-03-13,39.09903047091413,32.88682825484765,21.765304709141272,37.23299476762081,19.084333641120345,35.21052631578947,967.6723268698062,SITE 2,INT
2026-03-14,46.60052558782849,39.31361687413555,26.479398340248963,37.71092669432918,19.21853388658368,34.83125864453665,966.6397233748271,SITE 2,INT
2026-03-15,49.96428769017981,40.56186721991701,26.96233748271093,37.56262486552943,19.442139234670357,35.24066390041494,967.6786168741355,SITE 2,INT
2026-03-16,54.751494845360824,46.08300441826215,29.632312223858616,37.47995418098511,15.778105056455573,29.56259204712813,967.9446244477173,SITE 2,INT
2026-03-17,43.41945290858726,36.15547091412743,24.113171745152354,37.35918744228994,18.63419513696522,33.970914127423825,968.2229639889197,SITE 2,INT
2026-03-18,46.12808555399719,38.626640953716695,25.77365357643759,37.1715755025713,19.442886083839802,36.04347826086956,967.6684011220195,SITE 2,INT
2026-03-19,45.94407894736842,39.63353878116344,26.677271468144045,37.28993536472761,19.53755001538935,36.08864265927978,967.1613711911358,SITE 2,INT
2026-03-20,45.403243430152145,38.25539419087137,25.61140387275242,37.16074996157984,20.017673274934687,37.33195020746888,966.6025726141079,SITE 2,INT
2026-03-21,38.495782548476456,32.70831717451524,22.053919667590026,37.96937519236688,19.989996922129887,35.82825484764543,965.7705955678671,SITE 2,INT
2026-03-22,40.77661134163209,34.072060857538034,23.122261410788383,37.787767020132165,20.676194867066236,37.53803596127248,966.0404149377594,SITE 2,INT
2026-03-23,54.02841886269071,50.3684188626907,33.955,34.70334412081985,20.188010479272616,43.10679611650485,968.5160610263522,SITE 2,INT
2026-03-24,40.73412171507607,35.416666666666664,23.854073305670816,35.929767942216074,20.454126325495622,41.37206085753804,968.215172890733,SITE 2,INT
2026-03-25,35.87912049861496,30.72583102493075,20.873559556786702,36.038011695906434,20.069252077562325,39.742382271468145,967.5938227146814,SITE 2,INT
2026-03-26,44.09990277777778,36.08222222222222,24.117326388888888,36.729166666666664,20.401234567901234,39.140277777777776,966.8833611111112,SITE 2,INT
2026-03-27,54.08383125864454,46.37724757952974,30.89650069156293,36.06884893191947,21.27862302136161,42.65145228215768,967.7798893499308,SITE 2,INT
2026-03-28,49.30881578947368,41.4866135734072,27.984660664819945,34.607571560480146,20.729455216989845,44.77146814404432,969.3831301939058,SITE 2,INT
2026-03-29,42.32285714285714,34.27157366071428,21.453325892857144,33.96825396825397,20.86433531746032,46.825892857142854,969.1363392857144,SITE 2,INT
2026-03-30,29.14111495844875,24.011668975069252,15.51878808864266,34.49215143120961,20.74022776238843,45.448753462603875,967.6985595567867,SITE 2,INT
2026-03-31,28.92470221606648,24.8162188365651,16.475574792243766,35.337026777469994,20.791012619267466,43.217451523545705,968.2995983379502,SITE 2,INT
2026-04-01,47.117811634349025,36.209993074792244,20.92503462603878,35.27239150507849,16.098030163127117,33.433518005540165,968.9886288088643,SITE 2,INT
2026-04-02,93.6913976083707,79.33724962630792,47.542638266068764,35.517355920943366,13.045175220063113,26.72645739910314,969.5511509715993,SITE 2,INT
2026-04-03,73.99896769662921,60.50125,36.44308988764045,35.73657927590512,13.15152933832709,26.33005617977528,969.6443258426966,SITE 2,INT
2026-04-04,46.70506232686981,37.32940443213297,23.66031163434903,36.183441058787324,18.598799630655588,36.31440443213297,970.5686149584488,SITE 2,INT
2026-04-05,81.73160442600276,71.16893499308436,44.54824343015215,36.88642999846319,16.57522667896112,31.033195020746888,969.4470262793914,SITE 2,INT
2026-04-06,71.91499999999999,61.80587950138504,39.58200138504155,36.65358571868267,16.605109264389043,31.240997229916896,969.1868421052632,SITE 2,INT
2026-04-07,49.23618421052632,41.79354570637119,27.696939058171743,37.753924284395204,19.92843951985226,36.08725761772853,969.1321052631579,SITE 2,INT
2026-04-08,42.763360995850626,36.744979253112035,24.499128630705393,37.91071154141694,19.498232672506532,34.95020746887967,968.5117704011066,SITE 2,INT
2026-04-09,51.50310249307479,45.170186980609415,28.91912049861496,36.762850107725455,19.96922129886119,37.84487534626039,969.0189889196675,SITE 2,INT
2026-04-10,56.35524509803921,49.356645658263304,32.01281512605042,36.3468720821662,20.80532212885154,40.89495798319328,969.4143137254902,SITE 2,INT
2026-04-11,39.39755813953489,33.424156976744186,21.01781976744186,35.791343669250644,21.54796511627907,44.09011627906977,969.6733430232558,SITE 2,INT
2026-04-12,55.95025837988827,49.2241969273743,30.96112430167598,35.32743637492241,20.792209807572938,43.42877094972067,969.6031843575419,SITE 2,INT
2026-04-13,50.723755186721995,42.10198478561549,22.215380359612723,37.539572767788535,20.804518211157216,38.80221300138312,966.763540802213,SITE 2,INT
2026-04-14,45.652181440443215,39.76222991689751,24.878414127423824,35.47245306248077,20.80024622960911,42.865650969529085,968.6192382271468,SITE 2,INT
2026-04-15,86.32973684210526,77.63436288088643,48.44231301939058,36.39735303170207,19.25592489996922,38.02216066481994,967.6462049861497,SITE 2,INT
2026-04-16,78.44966113416321,69.9198755186722,44.02700553250346,37.663285692331335,19.54510527124635,35.53526970954357,966.3408990318119,SITE 2,INT
2026-04-17,76.28659027777778,67.03086805555556,42.761520833333336,37.9783950617284,20.304783950617285,36.65,965.3315833333334,SITE 2,INT
2026-04-18,60.46371369294606,52.48716459197787,33.575041493775934,37.72245274319963,20.67081604426003,37.86445366528354,965.0794882434301,SITE 2,INT
2026-04-19,68.30916204986148,60.14423130193906,38.660360110803325,38.15712526931364,21.281932902431517,38.483379501385045,965.3529362880886,SITE 2,INT
2026-04-20,57.44542361111111,48.03959722222223,29.263520833333335,34.780092592592595,22.006944444444443,47.9375,966.6357638888888,SITE 2,INT
2026-04-21,51.10917605633803,41.173485915492954,22.984915492957747,35.341940532081374,22.370109546165885,47.792957746478876,967.4130563380282,SITE 2,INT
2026-04-22,39.76540140845071,30.72637323943662,15.664338028169015,35.04225352112676,20.230046948356808,42.53802816901408,967.9968732394367,SITE 2,INT
2026-04-23,38.125021126760565,32.45769014084507,20.04038028169014,37.308294209702666,21.8943661971831,42.014084507042256,966.6395352112676,SITE 2,INT
2026-04-24,33.119428772919605,28.970775740479546,19.297672778561353,37.041999686569504,21.080551637674347,40.04513399153738,966.7359802538788,SITE 2,INT
2026-04-25,43.5294647887324,35.46580281690141,23.859654929577463,36.64866979655712,21.43035993740219,41.846478873239434,966.9397183098591,SITE 2,INT
2026-04-26,43.88710489510489,36.01042657342658,23.79304195804196,36.540015540015546,21.734265734265733,42.97342657342657,968.5971188811188,SITE 2,INT
2026-04-27,41.429894217207334,36.268293370944996,23.465486600846262,35.87212035731077,20.5148095909732,41.344146685472495,970.0987165021156,SITE 2,INT
2026-04-28,62.78557665260197,57.998488045007036,39.327053445850915,36.321300203156746,21.032973902172216,41.680731364275665,968.9388326300984,SITE 2,INT
2026-04-29,36.67485190409027,31.904527503526094,20.580317348377996,35.48425011753644,21.380661338348222,44.38081805359661,969.6085331452749,SITE 2,INT
2026-04-30,53.134323943661975,48.10045070422535,32.742704225352114,35.701877934272304,22.349765258215964,46.7887323943662,970.6494225352112,SITE 2,INT
2026-05-01,70.66745070422535,64.71375352112676,44.322042253521126,37.28951486697965,22.31377151799687,42.77042253521127,968.5116056338028,SITE 2,INT
2026-05-02,36.733225352112676,32.2299014084507,22.16032394366197,37.01095461658842,23.14788732394366,45.33943661971831,968.2509436619719,SITE 2,INT
2026-05-03,44.473933615819206,40.08329802259887,27.603269774011302,35.76035781544257,20.962806026365346,42.516949152542374,969.0066807909604,SITE 2,INT
2026-05-04,28.8607421875,25.3028046875,17.3588203125,35.6015625,21.99045138888889,45.84375,970.306953125,SITE 2,INT
2026-05-05,31.542165963431785,27.44079465541491,16.87481012658228,35.522737927801224,20.532114392873886,42.32911392405063,968.9954992967652,SITE 2,INT
2026-05-06,42.85494382022472,37.48429775280899,25.532633426966292,35.9433520599251,20.630461922596755,41.478932584269664,968.5702387640449,SITE 2,INT
2026-05-07,45.2487676056338,41.50048591549296,28.79304225352113,36.30438184663537,21.524256651017215,42.88169014084507,968.3501408450704,SITE 2,INT
2026-05-08,44.33346314325452,40.74307371349096,28.28371349095967,36.17447071549992,21.477360531602535,43.082058414464534,968.5962586926286,SITE 2,INT
2026-05-09,57.564569444444444,52.21372916666667,35.787791666666664,34.66743827160494,22.395833333333332,49.30277777777778,970.8626805555556,SITE 2,INT
2026-05-10,70.64845138888889,64.71424305555556,42.651180555555555,36.270833333333336,21.75,44.041666666666664,970.158,SITE 2,INT
2026-05-11,54.33757638888889,49.38792361111111,33.6575,36.74382716049383,22.66743827160494,44.82222222222222,969.5863472222222,SITE 2,INT
2026-05-12,71.54676718092567,64.95271388499299,41.38645862552595,37.015739442106906,21.479663394109398,41.50210378681627,970.3520897615708,SITE 2,INT
2026-05-13,51.50221830985915,44.456345070422536,28.991781690140847,36.78716744913928,21.704225352112676,42.22676056338028,969.794971830986,SITE 2,INT
2026-05-14,55.807601969057664,49.33974683544304,33.588741209564,37.20581340834506,22.016721362712925,42.042194092827,968.7854571026722,SITE 2,INT
2026-05-15,44.548829337094496,37.40624118476728,25.288554301833567,36.68390534398997,21.35323616987933,41.684062059238364,968.9754724964739,SITE 2,INT
2026-05-16,48.28693548387097,42.47568723702665,29.21719495091164,34.62053919276921,21.58874863643447,47.21037868162693,970.4932678821879,SITE 2,INT
2026-05-17,74.046206171108,67.85806451612903,46.022201963534364,36.33239831697055,22.955430886707184,46.94109396914446,970.6645021037868,SITE 2,INT
2026-05-18,50.0877738764045,44.07233848314607,29.236488764044946,33.757802746566796,21.768882646691637,50.07162921348315,971.7060252808988,SITE 2,INT
2026-05-19,61.374633286318755,55.61443582510579,37.307933709449934,34.344146685472495,22.027111737972106,49.2820874471086,970.957418899859,SITE 2,INT
2026-05-20,79.35221126760564,73.08042253521127,48.90384507042254,35.339593114241005,22.406103286384976,47.777464788732395,970.6818028169014,SITE 2,INT
2026-05-21,33.90214788732395,28.963957746478872,19.673211267605634,34.984350547730834,22.36071987480438,48.51690140845071,970.9748732394366,SITE 2,INT
2026-05-22,41.898488045007035,36.190450070323486,24.976153305203937,35.90795436786998,22.38318487263635,46.19971870604782,971.057623066104,SITE 2,INT
2026-05-23,40.118735632183906,36.1699066091954,25.42476293103448,34.497924648786714,22.21663473818646,49.327586206896555,970.7085057471264,SITE 2,INT
2026-05-24,46.23746478873239,40.20264788732395,27.769471830985918,34.66744913928013,22.48826291079812,49.73943661971831,971.0761549295773,SITE 2,INT
2026-05-25,28.13460618846695,24.19820675105485,16.49274964838256,33.321612751992504,22.01281450226598,52.06047819971871,972.543994374121,SITE 2,INT
2026-05-26,38.23859686609686,33.16720085470085,21.953924501424503,33.466286799620136,22.564102564102566,53.376068376068375,972.7011111111112,SITE 2,INT
2026-05-27,83.97704861111112,77.39978472222222,50.14179861111111,34.9837962962963,22.598765432098766,49.456944444444446,971.2576805555556,SITE 2,INT
2026-05-28,44.10510387811634,38.49355263157895,26.508538781163438,36.14342874730687,22.370729455216992,45.54293628808864,970.9322437673129,SITE 2,INT
2026-05-29,50.374653739612185,41.763344875346256,25.926149584487536,35.380886426592795,22.378424130501692,47.43905817174515,971.9778947368421,SITE 2,INT
2026-05-30,51.07148404993065,42.02110957004161,24.983571428571427,36.14501464016028,22.803975959315768,46.92649098474341,970.6158807212206,SITE 2,INT
2026-05-31,34.96919667590028,30.385637119113575,19.139120498614957,34.87842413050169,21.790550938750386,47.164819944598335,970.8813434903046,SITE 2,INT
2026-06-01,41.451391966759005,36.63660664819945,24.516475069252078,35.58633425669437,22.614650661742075,47.634349030470915,970.3316066481995,SITE 2,INT
2026-06-02,59.79682132963989,53.08090027700832,34.1940027700831,35.36164973838104,23.024007386888275,49.37119113573407,971.3080193905818,SITE 2,INT
2026-06-03,40.604826629681,35.95452843273232,24.22647018030513,35.73663122206812,22.52350130990908,47.0873786407767,972.2222052704576,SITE 2,INT
2026-06-04,34.18980985915493,28.79332394366197,16.750669014084508,32.237871674491394,21.156494522691705,52.598591549295776,972.6216056338028,SITE 2,INT
2026-06-05,38.64063893016345,34.296939078751855,22.93218424962853,33.23097242859502,21.27208188872379,50.38930163447251,970.7177563150075,SITE 2,INT
2026-06-06,37.537257617728535,31.44963296398892,19.37897506925208,33.75423207140659,21.977531548168667,50.591412742382275,970.5562742382272,SITE 2,INT
2026-06-07,29.93770775623269,25.99067867036011,17.776537396121885,33.32486919052016,21.272699292089875,49.757617728531855,972.6654709141274,SITE 2,INT
2026-06-08,44.449702216066484,38.43015235457064,26.115727146814404,33.905047706986764,22.08756540473992,50.566481994459835,973.685484764543,SITE 2,INT
2026-06-09,42.97139747191011,36.80648876404494,24.353448033707863,32.762172284644194,21.64715980024969,52.485955056179776,971.9559269662922,SITE 2,INT
2026-06-10,50.727977839335175,45.15304016620499,28.038725761772852,32.823945829486,21.642813173284086,52.42520775623269,971.3120775623267,SITE 2,INT
2026-06-11,48.102278020378456,40.60711790393013,25.175531295487627,33.49668445738315,22.567523855733462,53.35080058224163,971.6106113537118,SITE 2,INT
2026-06-12,49.4717891816921,44.77956310679612,29.47647018030513,32.76390815225766,22.408691631992603,54.947295423023576,972.4902912621359,SITE 2,INT
2026-06-13,67.16830487804879,60.86443902439024,38.091731707317074,34.24932249322493,22.684281842818432,51.60243902439024,973.5623902439024,SITE 2,INT
2026-06-14,53.06670850767085,48.30110181311018,32.4242119944212,32.293506896017355,21.49310398264373,53.47280334728033,973.3486471408647,SITE 2,INT
2026-06-15,36.845,33.047773925104025,22.06105409153953,33.83186931730621,21.910926182770844,50.48404993065187,972.9520388349515,SITE 2,INT
2026-06-16,63.678801939058175,57.34744459833795,37.35135734072022,34.6398891966759,22.1321945213912,48.69667590027701,971.9829501385041,SITE 2,INT
2026-06-17,50.6572299168975,45.290921052631575,30.053594182825485,34.312096029547554,22.289165897199137,50.1398891966759,972.7565235457063,SITE 2,INT
2026-06-18,54.285297783933515,47.16996537396121,31.00823407202216,34.95537088334873,22.32148353339489,48.51800554016621,972.0230055401662,SITE 2,INT
2026-06-19,35.98849030470914,31.002306094182828,19.070914127423823,35.07309941520468,22.253000923361032,47.99307479224377,970.1247645429362,SITE 2,INT
2026-06-20,50.59040166204986,44.25202216066482,28.274750692520776,34.34826100338566,22.14450600184672,49.57479224376731,969.477188365651,SITE 2,INT
2026-06-21,65.82775051124744,59.34744376278119,39.110531697341514,32.852760736196316,21.505339695523745,51.74233128834356,972.2369938650307,SITE 2,INT
2026-06-22,46.72580332409972,43.304584487534626,28.49549861495845,33.137119113573405,21.717451523545705,51.7202216066482,973.682673130194,SITE 2,INT
2026-06-23,35.77947368421052,30.25014542936288,19.144930747922437,33.88811942136042,21.57894736842105,49.33102493074792,972.0556925207756,SITE 2,INT
2026-06-24,33.932106782106786,28.876017316017318,18.59257575757576,33.993105659772326,21.883116883116884,49.84415584415584,972.2528427128427,SITE 2,INT
2026-06-25,43.271158113730934,37.66012482662968,24.829466019417474,34.60548620742796,21.646632763137617,47.58391123439667,973.6000138696255,SITE 2,INT
2026-06-26,58.75989612188365,53.02136426592798,35.08576177285318,35.05232379193598,22.182979378270236,47.853185595567865,973.3091689750693,SITE 2,INT
2026-06-27,48.894882108183076,43.40011095700416,27.802614424410542,33.51595006934813,21.97873324086916,51.295423023578365,972.6228155339807,SITE 2,INT
2026-06-28,51.93673822714681,45.86277008310249,29.64393351800554,34.285934133579566,22.198368728839643,49.970914127423825,971.9329085872577,SITE 2,INT
2026-06-29,30.55813278008299,26.747302904564318,18.266483402489627,32.904564315352694,21.156062701705856,50.47302904564315,972.0821991701245,SITE 2,INT
2026-06-30,25.75871705963939,22.946809986130376,15.339646324549237,33.70627215287409,21.819232547387887,50.30790568654646,971.9435090152566,SITE 2,INT
2026-07-01,34.38222916666667,30.310652777777776,18.86382638888889,33.339506172839506,21.936728395061728,51.81111111111111,972.3850972222223,SITE 2,INT
2026-07-02,42.12382801664355,36.247142857142855,23.59692094313454,33.47125905378333,22.1320696563415,52.04576976421637,973.056213592233,SITE 2,INT
2026-07-03,29.283981994459833,26.1306648199446,17.27828947368421,33.01246537396122,21.563558017851648,51.60387811634349,972.7770360110803,SITE 2,INT
2026-07-04,32.32779778393352,28.520851800554016,19.188331024930747,32.02139119729148,21.204216682056018,53.32409972299169,972.7295983379502,SITE 2,INT
2026-07-05,41.88088765603329,37.36630374479889,24.568044382801666,33.69933734011404,22.00184928340268,51.260748959778084,972.3392649098474,SITE 2,INT
2026-07-06,33.98728531855956,29.39970221606648,19.259203601108034,33.71037242228378,22.691597414589104,53.07340720221607,971.9775900277008,SITE 2,INT
2026-07-07,40.25894345238095,33.868244047619044,21.70014880952381,32.389219576719576,21.989087301587304,54.767857142857146,973.8300297619048,SITE 2,INT
2025-12-01,45.12791201117318,39.61249301675977,25.495013966480446,33.827591558038485,18.798106765983864,41.85614525139665,968.3671089385474,SITE 2,EXT
2025-12-02,48.46076117318436,43.957115921787704,28.093135474860336,33.82216014897579,19.318746120422098,43.05027932960894,968.3303770949722,SITE 2,EXT
2025-12-03,38.34891061452514,33.32879189944134,21.15737430167598,33.764742396027316,11.90021725636251,28.166201117318437,969.2925,SITE 2,EXT
2025-12-04,41.04236731843575,35.8003561452514,22.218694134078213,33.549813780260706,8.632836747361887,22.06983240223464,969.8112709497207,SITE 2,EXT
2025-12-05,65.58924311926606,59.45827981651376,37.92650611620795,33.36901121304791,7.325008494733265,20.89755351681957,970.2168960244647,SITE 2,EXT
2025-12-06,101.97687849162013,93.02965782122905,58.33258379888268,32.625698324022345,7.354903786468032,21.710893854748605,970.168812849162,SITE 2,EXT
2025-12-07,78.35087412587413,70.42762237762238,43.87839160839161,32.840714840714845,6.839160839160839,20.4979020979021,970.1687552447553,SITE 2,EXT
2025-12-08,97.68124301675978,88.743687150838,54.621689944134076,33.005121042830545,6.693823711980137,20.174581005586592,970.3657681564246,SITE 2,EXT
2025-12-09,76.09162011173184,68.33316340782123,43.23607541899441,33.16030415890751,10.090006207324643,24.916201117318437,971.2484357541899,SITE 2,EXT
2025-12-10,135.68767458100558,123.24043296089384,76.30814245810056,33.494723774053384,13.94165114835506,31.335195530726256,971.1416340782123,SITE 2,EXT
2025-12-11,82.44116620111731,73.52619413407821,46.90477653631285,33.781812538795776,14.250465549348231,31.967877094972067,970.3646089385476,SITE 2,EXT
2025-12-12,65.119343575419,56.00500698324022,35.86400139664804,33.65689013035382,14.502638112973308,32.52513966480447,969.1273324022347,SITE 2,EXT
2025-12-13,55.325048882681564,48.637451117318435,31.52958798882682,33.80974549968963,17.243947858473,38.43296089385475,969.0008798882682,SITE 2,EXT
2025-12-14,42.90981894150418,37.86971448467967,24.071142061281336,32.60909935004643,18.398328690807798,43.60445682451253,970.1039554317549,SITE 2,EXT
2025-12-15,44.00116295264624,37.89228412256267,24.54564763231198,30.619003404518725,17.838904363974002,47.089136490250695,972.047938718663,SITE 2,EXT
2025-12-16,39.57304044630404,34.30753138075314,21.60310320781032,30.76243607624361,12.25554005888734,32.95955369595537,971.469930264993,SITE 2,EXT
2025-12-17,52.20372562674095,45.26428272980502,28.006030640668527,31.985453419993814,12.137883008356546,30.515320334261837,970.2001253481893,SITE 2,EXT
2025-12-18,39.70174337517434,34.12965132496513,21.08800557880056,32.57942042460871,9.677669301100263,24.896792189679218,970.531729428173,SITE 2,EXT
2025-12-19,46.7783008356546,40.24594707520891,24.22199860724234,32.608325595790774,8.85948622717425,23.410863509749305,970.755069637883,SITE 2,EXT
2025-12-20,38.30307531380753,32.2721269177127,19.739839609483962,33.04664497133116,8.122578645591199,21.711297071129707,969.9267921896792,SITE 2,EXT
2025-12-21,69.00900417827297,61.902388579387186,39.020967966573814,33.17007118539152,8.397554936552151,22.065459610027855,968.6910584958218,SITE 2,EXT
2025-12-22,81.35702646239554,73.6166991643454,46.05754178272981,33.44552770040235,9.279634787991334,23.380222841225628,968.8598189415042,SITE 2,EXT
2025-12-23,110.41106707317074,99.94751524390243,63.12794207317073,33.81690379403794,10.329437669376695,24.49390243902439,969.1391920731708,SITE 2,EXT
2025-12-24,74.84685933147632,66.21845403899721,42.77457520891365,33.54921077065924,12.906220984215413,29.06267409470752,969.3401114206127,SITE 2,EXT
2025-12-25,74.23270891364902,65.66808495821726,43.25449164345404,34.319870009285054,17.093779015784587,36.711699164345404,970.0860167130919,SITE 2,EXT
2025-12-26,95.49316155988858,85.59869080779944,54.817054317548745,34.356236459300526,14.683534509439802,31.850974930362117,970.538356545961,SITE 2,EXT
2025-12-27,71.8705369595537,64.20607391910738,40.86361227336123,34.308848597551524,11.942507360917402,27.242677824267783,970.6323430962343,SITE 2,EXT
2025-12-28,100.71855849582172,91.5142061281337,56.56539693593315,33.55849582172702,8.502011761064686,22.115598885793872,970.8861420612814,SITE 2,EXT
2025-12-29,139.9407938718663,127.53266016713091,76.22016713091922,33.70164035902197,9.057567316620242,23.04735376044568,971.0508077994429,SITE 2,EXT
2025-12-30,78.09255927475593,70.39613668061367,45.83785913528592,34.83573531690686,17.12304354563769,35.91073919107392,972.1196513249652,SITE 2,EXT
2025-12-31,94.46874651810585,85.26776462395543,55.0358495821727,34.84602290312597,16.497214484679667,35.360724233983284,971.3798885793872,SITE 2,EXT
2026-01-01,135.40411436541143,125.09100418410041,73.10329149232915,34.38090810475748,12.105997210599721,27.351464435146443,970.0220781032077,SITE 2,EXT
2026-01-02,91.59808495821727,82.08130919220055,51.2983426183844,34.537294955122256,17.3065614360879,37.66713091922006,970.2804596100278,SITE 2,EXT
2026-01-03,77.30408647140865,68.88430264993026,43.8063249651325,34.29722609638928,17.605764760576477,38.25523012552301,970.5607391910739,SITE 2,EXT
2026-01-04,44.37791782729805,38.610807799442895,25.274770194986072,33.81151346332405,17.688022284122564,38.899721448467965,970.7672562674095,SITE 2,EXT
2026-01-05,54.1629009762901,47.33851464435146,30.892064156206416,34.79699364636603,18.037346970401366,38.24267782426778,970.1582566248256,SITE 2,EXT
2026-01-06,59.78260111576011,51.583947001394705,33.57434449093445,34.11359057802573,17.63288392995506,38.17015341701534,969.9819246861925,SITE 2,EXT
2026-01-07,59.34827754532775,51.76299163179917,33.18507670850767,34.73268247326825,13.849372384937238,30.592747559274756,970.3595258019526,SITE 2,EXT
2026-01-08,36.97556406685237,32.05399721448468,20.400877437325907,32.48994119467657,8.659083874961313,22.91225626740947,972.526782729805,SITE 2,EXT
2026-01-09,66.47293276108726,59.8146852646638,38.36620886981402,32.93911937688762,7.441583214115403,21.326180257510728,971.3987553648068,SITE 2,EXT
2026-01-10,46.538760445682456,40.42965181058496,25.588753481894148,34.04286598576292,5.4588362735995055,17.467966573816156,970.6839693593314,SITE 2,EXT
2026-01-11,85.72800704225352,74.10521126760563,44.462788732394365,33.978090766823165,4.767605633802817,16.338028169014084,969.7650422535212,SITE 2,EXT
2026-01-12,126.57117852161785,108.60701534170153,64.78035564853556,33.370525337052534,4.832635983263598,17.570432357043234,969.7975871687587,SITE 2,EXT
2026-01-13,146.09807799442896,127.9018036211699,78.14299442896936,32.95806251934386,6.274373259052925,19.601671309192202,969.3953203342618,SITE 2,EXT
2026-01-14,144.37562761506277,126.4468270571827,76.12483960948397,33.31938633193863,7.754532775453278,21.178521617852162,969.5196234309623,SITE 2,EXT
2026-01-15,117.33056406685238,102.3334679665738,62.99545961002785,33.56236459300526,10.54317548746518,24.993036211699163,969.6452228412256,SITE 2,EXT
2026-01-16,85.37854225352113,71.60799295774649,43.92209859154929,33.99139280125196,8.343505477308295,21.853521126760562,969.942014084507,SITE 2,EXT
2026-01-17,63.4307590529248,49.7891922005571,29.37006267409471,33.94692045806252,3.363509749303621,14.767409470752089,969.129582172702,SITE 2,EXT
2026-01-18,147.91522377622377,131.25095104895104,77.89616783216783,33.24397824397825,5.426573426573427,18.254545454545454,968.6847132867132,SITE 2,EXT
2026-01-19,120.61066340782124,108.61864525139664,67.6137220670391,33.89897579143389,5.828677839851024,18.083798882681563,968.0880167597766,SITE 2,EXT
2026-01-20,67.98325418994413,59.68985335195531,38.47483240223464,33.203755431409064,5.805400372439479,18.248603351955307,969.1794134078211,SITE 2,EXT
2026-01-21,50.91748251748252,41.740153846153845,25.307846153846153,32.831390831390834,6.0955710955710956,18.952447552447552,969.4275524475523,SITE 2,EXT
2026-01-22,40.591515363128494,34.00803072625698,21.818519553072626,32.53491620111732,3.0121042830540037,15.539106145251397,970.2241759776537,SITE 2,EXT
2026-01-23,43.43297202797203,36.58111888111888,24.059713286713286,32.654234654234656,1.7132867132867133,13.990209790209791,970.5505454545455,SITE 2,EXT
2026-01-24,60.826898854961826,53.722986641221375,35.4875572519084,34.77947413061917,1.4684054283290924,12.32824427480916,971.531145038168,SITE 2,EXT
2026-01-25,37.30184357541899,32.63475558659218,21.677688547486035,33.55757293606456,-3.446617008069522,9.139664804469273,971.9132960893855,SITE 2,EXT
2026-01-26,38.19929460580913,32.716922544951586,21.474246196403872,33.68833563854311,-0.5870600891347779,11.186721991701244,971.2816044260028,SITE 2,EXT
2026-01-27,58.371253462603875,49.697229916897506,31.330498614958447,33.70883348722684,-2.807787011388119,9.46814404432133,971.1670498614958,SITE 2,EXT
2026-01-28,107.34289073305672,93.66674965421853,58.36589211618257,33.40325802981405,0.40802213001383125,12.508990318118949,970.9322268326417,SITE 2,EXT
2026-01-29,99.25600968188105,87.1173928077455,53.807600276625166,33.76210235131397,1.067312125403412,13.19640387275242,971.2134301521439,SITE 2,EXT
2026-01-30,137.10910788381742,123.09112724757952,76.65605117565698,33.65145228215768,1.1902566466881819,13.308437067773168,970.9883540802213,SITE 2,EXT
2026-01-31,109.66729916897506,98.07408587257619,62.81743074792244,33.8627269929209,6.3665743305632505,18.26038781163435,970.3526454293628,SITE 2,EXT
2026-02-01,90.32955739972337,79.38561549100969,50.9034163208852,34.32457353619179,9.618103580759183,23.038727524204702,969.5334439834025,SITE 2,EXT
2026-02-02,92.90564315352697,82.73455739972337,53.433589211618255,34.91317043184263,12.614107883817427,26.654218533886585,968.795836791148,SITE 2,EXT
2026-02-03,59.176424619640386,50.22076763485477,33.323112033195024,30.185953588443216,16.33087444290764,44.376210235131396,971.3818118948825,SITE 2,EXT
2026-02-04,55.03244813278008,46.62967496542185,30.60282849239281,31.923313354848627,14.743353311818042,38.18395573997234,971.3323928077455,SITE 2,EXT
2026-02-05,101.65687853107346,91.88843926553672,57.98367937853107,34.1831450094162,6.195856873822976,19.18502824858757,969.9433333333334,SITE 2,EXT
2026-02-06,103.36126750700281,94.40113445378152,60.815490196078436,34.21257391845627,6.720354808590104,19.396358543417367,971.4204481792716,SITE 2,EXT
2026-02-07,92.17475069252077,83.70513157894737,54.11579639889197,34.70606340412434,8.802708525700215,21.957063711911356,972.0685457063712,SITE 2,EXT
2026-02-08,78.84973090277778,70.62415798611111,46.51705729166667,34.39043209876544,4.771412037037037,16.493055555555557,970.6359027777778,SITE 2,EXT
2026-02-09,83.46890733056708,74.30520746887967,47.61653526970954,35.08221914860919,4.6903334870139854,15.394190871369295,969.5561687413555,SITE 2,EXT
2026-02-10,69.45867545076283,60.988113730929264,39.0228640776699,34.775774387424875,4.186315302820157,15.063800277392511,970.0959084604716,SITE 2,EXT
2026-02-11,89.48253112033196,78.88892807745505,51.13187413554633,34.251575226678966,9.250038420162902,22.157676348547717,970.9960442600277,SITE 2,EXT
2026-02-12,82.50877593360995,72.91977178423237,48.00354771784232,35.93975718457046,12.687106193330258,26.163208852005532,971.0183125864454,SITE 2,EXT
2026-02-13,63.52700138504156,55.60680055401662,36.97357340720222,35.75715604801478,13.871191135734072,28.236842105263158,970.1376038781164,SITE 2,EXT
2026-02-14,59.1318865248227,52.03411347517731,34.54703546099291,35.609141055949564,15.87391646966115,32.57588652482269,968.881914893617,SITE 2,EXT
2026-02-15,39.40807479224377,34.2546675900277,23.193490304709144,32.943982763927366,17.92628501077255,41.73407202216067,970.3752631578947,SITE 2,EXT
2026-02-16,50.75491009681881,38.28286998616874,22.104827109266946,33.702935300445674,9.083294913170432,26.323651452282157,971.7776071922544,SITE 2,EXT
2026-02-17,102.69930843706778,83.43594744121715,48.791154910096814,34.10096818810512,0.20285846011987088,12.017980636237898,971.0617980636239,SITE 2,EXT
2026-02-18,110.51790858725761,88.79510387811635,52.2231024930748,33.94813788858111,1.4589104339796863,13.344875346260388,969.7514958448753,SITE 2,EXT
2026-02-19,149.11008298755186,131.80549100968187,80.33054633471646,34.186260949746426,2.093898878131243,14.622406639004149,969.2430428769018,SITE 2,EXT
2026-02-20,135.05475069252077,120.79713296398891,77.18096952908587,34.152816251154206,3.3433364112034476,15.710526315789474,970.0779362880887,SITE 2,EXT
2026-02-21,117.98801939058173,105.1608864265928,66.63267313019391,34.417513080947984,4.566020313942752,16.378116343490305,970.8085041551246,SITE 2,EXT
2026-02-22,113.90034578146611,102.48804979253111,64.79557399723375,34.57891501459966,0.8852005532503457,12.744121715076071,970.1507468879668,SITE 2,EXT
2026-02-23,97.53380359612726,87.61588520055325,57.612731673582296,34.91624404487475,0.8145074535116029,12.125864453665283,968.1771369294605,SITE 2,EXT
2026-02-24,108.88540858725761,97.73088642659279,63.3202216066482,35.10772545398584,4.181286549707603,14.950138504155124,967.2134903047091,SITE 2,EXT
2026-02-25,90.81766251728907,79.69286307053942,52.520594744121716,34.92469648071308,9.549715690794528,21.92392807745505,968.1361964038728,SITE 2,EXT
2026-02-26,97.21347524752476,82.39975247524752,53.1449900990099,34.454345434543455,9.553355335533553,22.31287128712871,968.5394257425742,SITE 2,EXT
2026-02-27,57.351251728907336,45.14809820193638,29.43213001383126,34.41985554018749,16.82572614107884,35.91562932226832,969.153969571231,SITE 2,EXT
2026-02-28,49.60782246879334,38.935339805825244,25.647649098474343,34.123901987979664,17.662968099861303,38.29680998613038,968.6156726768378,SITE 2,EXT
2026-03-01,52.167869986168746,41.49603734439834,27.369744121715076,34.534347625633934,14.250806823420932,30.786998616874136,967.8647026279392,SITE 2,EXT
2026-03-02,49.490678670360104,41.34030470914128,27.73992382271468,32.275315481686675,15.084641428131732,36.686980609418285,969.5660110803325,SITE 2,EXT
2026-03-03,53.566390041493776,41.76892807745505,26.902842323651452,34.08098970339635,8.977255263562318,21.76901798063624,969.7300414937758,SITE 2,EXT
2026-03-04,66.34635734072022,54.472181440443215,35.85013157894737,35.6555863342567,11.301169590643275,23.610803324099724,968.8999030470914,SITE 2,EXT
2026-03-05,44.2238796680498,36.077053941908716,24.877206085753805,34.84324573536192,17.3505455663132,36.55601659751037,969.3096265560166,SITE 2,EXT
2026-03-06,43.76496537396122,35.83306786703601,24.747049861495842,35.45013850415513,18.3187134502924,37.24792243767313,967.7687811634349,SITE 2,EXT
2026-03-07,57.182375518672195,50.67245850622407,35.24608921161826,31.619409866297836,19.293453204241587,48.628630705394194,968.8492116182573,SITE 2,EXT
2026-03-08,66.49260027662517,58.78692254495159,39.98901106500691,34.31996311664362,18.287997541109576,40.5850622406639,968.2350345781467,SITE 2,EXT
2026-03-09,46.824632963988925,38.76343490304709,26.198940443213296,35.89796860572484,17.37380732533087,35.04432132963989,968.400083102493,SITE 2,EXT
2026-03-10,61.52831258644537,53.06457123098202,35.693395573997236,35.432611034270785,17.395112955278933,36.01106500691563,968.2320470262794,SITE 2,EXT
2026-03-11,55.68934119278779,46.094230235783634,30.86337031900139,33.93666204345816,19.076128833410387,42.938973647711514,968.70866851595,SITE 2,EXT
2026-03-12,50.53091286307054,42.05737897648686,28.613713692946057,35.515598586138005,18.446288612263718,38.01383125864454,968.3239695712309,SITE 2,EXT
2026-03-13,37.73259336099585,32.3657745504841,22.553243430152143,35.837559551252504,17.374366067312128,34.594744121715074,968.2279529737207,SITE 2,EXT
2026-03-14,45.44562326869806,39.35671052631579,27.668358725761774,36.39350569405971,17.235303170206215,33.77700831024931,967.1998199445984,SITE 2,EXT
2026-03-15,49.78272853185595,41.17011772853186,28.332416897506928,36.03185595567867,17.77623884272084,34.76869806094183,968.2348891966759,SITE 2,EXT
2026-03-16,54.43738586156112,46.327739322533134,31.084690721649487,36.49484536082474,13.76206840124366,28.605301914580266,968.489175257732,SITE 2,EXT
2026-03-17,43.233234072022164,36.40180055401662,25.351308864265928,34.83302554632195,16.980609418282548,35.63157894736842,968.8634764542937,SITE 2,EXT
2026-03-18,43.39638849929874,37.233485273492285,26.09578541374474,35.21972884525479,17.7785569580801,36.52875175315568,968.3240112201963,SITE 2,EXT
2026-03-19,45.49180747922438,39.99887811634349,28.25864265927978,35.677900892582336,17.94090489381348,35.95013850415513,967.7634626038781,SITE 2,EXT
2026-03-20,44.13582295988935,37.93448824343015,26.615076071922545,35.77378208083602,18.427846934071002,36.684647302904565,967.1611203319502,SITE 2,EXT
2026-03-21,37.36581024930748,32.6310457063712,23.164259002770084,36.42582333025546,18.276392736226533,35.35595567867036,966.3171052631578,SITE 2,EXT
2026-03-22,40.58916320885201,34.518125864453665,24.565470262793912,36.05885968956508,19.229291532196097,38.04840940525588,966.6234163208852,SITE 2,EXT
2026-03-23,57.73789473684211,54.493677285318554,38.2532756232687,31.688981224992308,19.057402277623886,47.97229916897507,969.2025761772853,SITE 2,EXT
2026-03-24,42.68558171745153,37.90878808864266,26.822396121883656,34.31132656201908,18.881963681132657,41.65650969529086,968.8389612188365,SITE 2,EXT
2026-03-25,35.728921161825724,31.25477869986169,22.47399723374827,34.16628246503765,18.51313969571231,40.24757952973721,968.1841355463347,SITE 2,EXT
2026-03-26,44.47353472222222,36.89864583333333,25.826951388888887,35.170524691358025,18.72222222222222,38.78333333333333,967.4295,SITE 2,EXT
2026-03-27,45.379785318559556,37.806849030470914,26.611648199445984,33.8211757463835,19.76300400123115,44.34349030470914,968.357700831025,SITE 2,EXT
2026-03-28,41.21803324099723,35.34410664819944,25.017458448753462,32.34841489689135,19.159741458910435,46.59002770083102,970.0332132963989,SITE 2,EXT
2026-03-29,43.901618303571425,35.21466517857143,23.451729910714285,30.3125,19.341517857142858,52.64732142857143,969.7798660714286,SITE 2,EXT
2026-03-30,30.012610803324097,25.344979224376733,17.793240997229915,32.36688211757464,19.162049861495845,47.00415512465374,968.3565927977838,SITE 2,EXT
2026-03-31,30.110394736842107,26.35726454293629,18.83421052631579,32.870883348722685,19.240535549399816,45.13019390581717,968.9212880886428,SITE 2,EXT
2026-04-01,46.89969529085873,35.92839335180055,22.143261772853187,33.77962449984611,14.01969836872884,32.99030470914128,969.5965512465374,SITE 2,EXT
2026-04-02,93.62775037369207,78.79714499252616,48.78152466367713,33.98023584122239,10.311410064773295,25.21375186846039,970.1428998505231,SITE 2,EXT
2026-04-03,81.33921348314607,66.94894662921348,41.91095505617977,33.898252184769035,10.009363295880151,24.35674157303371,970.2355898876405,SITE 2,EXT
2026-04-04,48.05240304709141,38.73991689750693,26.22171745152355,34.16435826408126,16.737457679285935,36.87119113573407,971.1916897506926,SITE 2,EXT
2026-04-05,75.16592669432917,64.72968188105118,43.21912863070539,35.6108805901337,14.067158444751808,28.858921161825727,970.0110373443983,SITE 2,EXT
2026-04-06,73.62715373961218,63.49395429362881,43.050588642659285,35.201600492459214,14.276700523237919,29.81578947368421,969.7868559556787,SITE 2,EXT
2026-04-07,47.69262465373961,39.87126038781163,28.15191135734072,35.87026777469991,18.01246537396122,36.0595567867036,969.7281578947368,SITE 2,EXT
2026-04-08,41.531459197786994,35.09614799446749,25.263589211618257,35.79606577531889,17.370524051021977,35.023513139695716,969.0910788381742,SITE 2,EXT
2026-04-09,39.74175900277008,33.53142659279778,23.595318559556787,34.08125577100647,17.96244998461065,39.192520775623265,969.6572022160665,SITE 2,EXT
2026-04-10,42.207713884992984,34.89863253856942,24.493695652173916,34.00187003272558,19.058750194795078,42.17251051893408,970.045806451613,SITE 2,EXT
2026-04-11,32.57212936046512,27.465218023255815,19.72265988372093,33.48029715762274,19.925710594315245,45.838662790697676,970.3143604651164,SITE 2,EXT
2026-04-12,32.97834965034965,27.778545454545455,20.113083916083916,33.03185703185703,19.24864024864025,45.53006993006993,970.2793146853146,SITE 2,EXT
2026-04-13,46.104204702627946,39.23542876901798,25.795497925311203,35.65698478561549,19.048716766559092,39.07330567081605,967.3549515905947,SITE 2,EXT
2026-04-14,33.30254847645429,28.914335180055403,20.90073407202216,32.32840874115113,19.365958756540476,46.92659279778393,969.3017867036011,SITE 2,EXT
2026-04-15,49.31623961218836,42.03613573407202,29.402631578947368,34.71606648199446,17.298399507540783,38.204986149584485,968.2765512465375,SITE 2,EXT
2026-04-16,46.89718836565096,39.5076108033241,28.048663434903045,36.17343798091721,17.626962142197602,34.556786703601105,966.8975900277009,SITE 2,EXT
2026-04-17,48.04814404432133,39.31693905817174,27.711648199445985,36.361957525392434,18.39566020313943,36.00277008310249,965.8681717451523,SITE 2,EXT
2026-04-18,42.99409972299169,35.83437673130194,25.71104570637119,35.215450907971686,18.714219759926134,39.13296398891967,965.6553462603879,SITE 2,EXT
2026-04-19,42.72676592797784,35.37667590027701,25.4322783933518,35.59556786703601,19.40597106802093,40.45013850415513,965.9457063711912,SITE 2,EXT
2026-04-20,47.53893351800554,40.32434903047091,29.13027700831025,31.83210218528778,20.71945213911973,52.6398891966759,967.364432132964,SITE 2,EXT
2026-04-21,45.642489626556014,39.485739972337484,28.225677731673585,33.17811587521131,20.858306439219305,49.29598893499308,968.0535961272476,SITE 2,EXT
2026-04-22,31.964092797783934,27.49313019390582,20.065124653739613,32.68467220683287,18.406432748538013,44.07617728531856,968.6377146814406,SITE 2,EXT
2026-04-23,37.71121191135734,32.62619806094183,23.330706371191138,35.59556786703601,20.297783933518005,42.43628808864266,967.1826454293629,SITE 2,EXT
2026-04-24,38.12520775623269,33.1488296398892,23.840318559556785,34.4275161588181,19.337488457987074,41.74792243767313,967.3189335180056,SITE 2,EXT
2026-04-25,48.786398891966755,39.873026315789474,28.45842105263158,34.10818713450293,19.84379809172053,44.2590027700831,967.5668836565097,SITE 2,EXT
2026-04-26,48.70126213592233,39.89125520110957,28.529854368932043,33.61380798274002,19.993835721991065,45.75173370319001,969.2204854368931,SITE 2,EXT
2026-04-27,38.052790858725764,32.115228531855955,23.37801246537396,34.14973838104032,19.01738996614343,41.677285318559555,970.7069390581718,SITE 2,EXT
2026-04-28,38.2778640776699,32.422538141470184,23.667801664355064,34.01371551856989,19.068423485899213,42.37170596393897,969.5246879334259,SITE 2,EXT
2026-04-29,38.86247572815534,33.52427184466019,24.439216366158114,32.533518261673606,19.651718292494994,47.431345353675454,970.2626768377254,SITE 2,EXT
2026-04-30,41.22291955617198,35.32609570041609,25.96019417475728,33.36030204962244,20.738942826321466,48.675450762829406,971.2815256588071,SITE 2,EXT
2026-05-01,42.468081717451525,36.04707063711911,26.42959833795014,35.570944906124964,20.233148661126503,41.73130193905817,969.0315096952909,SITE 2,EXT
2026-05-02,37.49739944521498,32.24592926490985,23.972669902912617,34.1123439667129,21.38079827400216,47.98613037447989,968.7863661581137,SITE 2,EXT
2026-05-03,31.29061111111111,27.131104166666667,20.306229166666668,32.98148148148148,19.003086419753085,44.26111111111111,969.6356388888889,SITE 2,EXT
2026-05-04,33.9787019969278,29.71353302611367,22.18468509984639,33.04488820617853,20.542754736303124,48.44700460829493,970.9229493087557,SITE 2,EXT
2026-05-05,29.69659972299169,26.2854432132964,19.7447783933518,33.137888581101876,18.741151123422593,43.67174515235457,969.6380055401662,SITE 2,EXT
2026-05-06,34.902943213296396,30.450006925207756,22.6553324099723,33.098645737149894,18.941212680824872,44.637119113573405,969.2173130193906,SITE 2,EXT
2026-05-07,33.4702427184466,29.420277392510403,22.11100554785021,33.494375096316844,19.846663584527665,45.54785020804438,968.97173370319,SITE 2,EXT
2026-05-08,31.858386426592798,28.167202216066485,21.197181440443213,33.42413050169283,19.8160972606956,45.79639889196676,969.2124653739612,SITE 2,EXT
2026-05-09,38.59168515950069,33.31145631067962,24.475416088765606,32.248420403760214,20.91693635382956,51.84604715672677,971.5371428571428,SITE 2,EXT
2026-05-10,41.88381578947369,36.15075484764543,26.083150969529086,34.75992613111727,19.884579870729457,43.174515235457065,970.7441412742382,SITE 2,EXT
2026-05-11,39.80831717451523,33.833469529085875,24.959494459833795,33.828870421668206,20.903354878424132,47.36842105263158,970.1865789473684,SITE 2,EXT
2026-05-12,40.5574965034965,34.29399300699301,24.862867132867134,34.4024864024864,19.475524475524477,43.184615384615384,970.9547552447552,SITE 2,EXT
2026-05-13,38.06002773925104,32.404396671289874,23.434785020804437,34.620126367699186,19.950685775928495,43.213592233009706,970.4119833564495,SITE 2,EXT
2026-05-14,42.53277700831025,35.75826177285319,25.56391274238227,35.12850107725454,20.28470298553401,42.58725761772853,969.3874930747922,SITE 2,EXT
2026-05-15,42.38264542936288,35.519002770083105,25.280062326869807,34.62219144352108,19.68759618344106,42.551246537396125,969.5788227146815,SITE 2,EXT
2026-05-16,36.56883333333334,31.415416666666665,22.954159722222222,31.584104938271608,20.089506172839506,51.047222222222224,971.202138888889,SITE 2,EXT
2026-05-17,39.54427977839335,33.99776315789474,24.807721606648197,34.27593105570945,21.041859033548786,47.066481994459835,971.2891966759004,SITE 2,EXT
2026-05-18,44.18414127423823,38.87332409972299,27.68340027700831,31.025700215450907,20.377808556478914,53.692520775623265,972.4016066481994,SITE 2,EXT
2026-05-19,36.7702216066482,31.720457063711915,23.31628808864266,32.11757463835026,20.414742997845494,50.945983379501385,971.6140997229917,SITE 2,EXT
2026-05-20,41.85504847645429,36.15878808864266,26.14540858725762,32.926285010772546,20.658664204370577,49.53047091412743,971.3134626038781,SITE 2,EXT
2026-05-21,37.252420249653255,32.2276560332871,23.315610263522885,32.2345507782401,20.72661427030359,51.73231622746186,971.6494729542303,SITE 2,EXT
2026-05-22,33.719536011080336,29.4182756232687,21.799951523545708,33.53493382579255,20.44321329639889,47.124653739612185,971.680997229917,SITE 2,EXT
2026-05-23,30.145995762711866,26.881525423728814,20.057881355932203,31.441462649089768,20.491211550533585,52.860169491525426,971.3900564971752,SITE 2,EXT
2026-05-24,36.962825484764544,31.853975069252076,23.201094182825482,32.22145275469376,20.66789781471222,51.22160664819945,971.7536149584487,SITE 2,EXT
2026-05-25,31.354321329639887,27.7103324099723,20.47026315789474,31.02723915050785,20.54016620498615,54.13296398891967,973.2362188365652,SITE 2,EXT
2026-05-26,43.12144271570014,37.98399575671853,27.082100424328143,31.4985069935565,20.96809680968097,54.27439886845828,973.3463224893918,SITE 2,EXT
2026-05-27,95.04640277777779,87.74699305555555,55.68270833333334,33.12422839506173,20.786265432098766,49.50972222222222,971.8619583333333,SITE 2,EXT
2026-05-28,40.36412049861496,35.09325484764543,25.350325484764547,33.521083410280085,20.680978762696217,47.77146814404432,971.5612049861495,SITE 2,EXT
2026-05-29,46.69668975069252,40.046475069252075,27.76984072022161,33.05863342566944,20.677900892582333,48.67036011080332,972.6245429362881,SITE 2,EXT
2026-05-30,47.0372299168975,40.08790166204986,28.23262465373961,34.624499846106495,20.90258541089566,45.80332409972299,971.1963850415513,SITE 2,EXT
2026-05-31,32.21877947295423,28.52467406380028,20.83018723994452,31.670519340422253,20.036215133302512,51.18030513176144,971.5633703190014,SITE 2,EXT
2026-06-01,33.360623268698056,29.17677977839335,21.380131578947367,33.82040627885504,20.917205293936597,47.75623268698061,970.9233933518004,SITE 2,EXT
2026-06-02,41.16364265927978,34.870526315789476,24.840616343490304,32.85549399815328,21.198060941828256,51.121883656509695,971.9287673130193,SITE 2,EXT
2026-06-03,34.03923611111111,29.70559722222222,21.6735625,33.71682098765432,20.73070987654321,47.44166666666667,972.7878472222222,SITE 2,EXT
2026-06-04,33.53653305203938,29.11661040787623,21.689711673699016,29.23816221284576,19.80387560556337,57.39099859353024,973.3202953586498,SITE 2,EXT
2026-06-05,41.25647845468053,37.17759286775632,27.43248885586924,31.63117054647515,19.802707611028563,50.87072808320951,971.3707132243685,SITE 2,EXT
2026-06-06,38.003940443213295,32.61516620498615,24.07568559556787,31.318097876269622,20.494767620806403,53.33656509695291,971.2226454293628,SITE 2,EXT
2026-06-07,31.080221606648198,27.183524930747925,20.240470914127425,30.840258541089568,19.676823638042475,52.39750692520776,973.3703462603878,SITE 2,EXT
2026-06-08,41.72293628808864,35.86815789473685,26.263220221606645,31.8290243151739,20.44321329639889,51.58725761772853,974.3445844875347,SITE 2,EXT
2026-06-09,47.90547752808988,40.84028792134831,29.140182584269663,30.39481897627965,20.31367041198502,55.56741573033708,972.6225561797753,SITE 2,EXT
2026-06-10,50.79319944598338,45.54570637119114,31.996897506925205,31.009541397353033,20.191597414589104,53.59556786703601,971.9792797783934,SITE 2,EXT
2026-06-11,49.89141193595342,43.15606259097525,30.517125181950508,31.372311175804626,20.983341420022644,54.806404657933044,972.2385443959244,SITE 2,EXT
2026-06-12,44.929244105409154,39.580638002773924,28.01109570041609,30.940052396363075,20.91770688858068,55.96948682385575,973.1452843273231,SITE 2,EXT
2026-06-13,38.23898780487805,33.883256097560974,23.818231707317075,32.28319783197832,21.03929539295393,52.22682926829268,974.1648292682927,SITE 2,EXT
2026-06-14,32.26996508379888,28.149532122905025,20.508177374301674,29.5491930477964,19.901458721291124,57.02653631284916,974.0864944134079,SITE 2,EXT
2026-06-15,27.06206371191136,24.07526315789474,17.828608033240997,31.989073561095726,20.33625730994152,51.24376731301939,973.6436980609418,SITE 2,EXT
2026-06-16,41.36078254847646,36.38961911357341,25.98818559556787,32.658510310864884,20.494767620806403,49.40997229916898,972.6341274238226,SITE 2,EXT
2026-06-17,50.11270457697643,44.85297503467406,31.62099861303745,32.4842040376021,20.768993681615044,50.8876560332871,973.4028432732316,SITE 2,EXT
2026-06-18,46.820304709141276,40.0304432132964,28.29201523545706,33.30640196983688,20.64173591874423,48.12880886426593,972.6389335180056,SITE 2,EXT
2026-06-19,29.84355062413315,26.473294036061024,19.146747572815535,32.88257050392973,20.44691015564802,48.84604715672677,970.7530790568654,SITE 2,EXT
2026-06-20,36.29731994459834,31.320969529085875,22.050145429362882,32.07217605417052,20.46552785472453,51.02216066481994,970.1405540166205,SITE 2,EXT
2026-06-21,40.432290388548054,34.09237218813906,23.981799591002044,29.980686207680076,19.94773915019314,55.56237218813906,972.99163599182,SITE 2,EXT
2026-06-22,23.564785318559558,21.082209141274237,15.544785318559555,30.514004309018162,20.193136349646046,55.06786703601108,974.4508310249307,SITE 2,EXT
2026-06-23,34.85732316227462,30.166782246879333,21.273092926490985,32.03190013869626,19.884419787332412,49.8127600554785,972.7618030513177,SITE 2,EXT
2026-06-24,34.88634920634921,30.388708513708515,21.47484126984127,31.85265351932019,20.113035113035114,50.78643578643579,972.9538672438673,SITE 2,EXT
2026-06-25,47.59247572815534,42.015638002773926,29.059701803051315,32.91493296347665,19.919093851132686,47.26768377253814,974.252052704577,SITE 2,EXT
2026-06-26,42.4379334257975,35.66943828016644,24.64475034674064,32.82169825859146,20.53783325627986,49.17891816920943,973.9724549237171,SITE 2,EXT
2026-06-27,38.81619806094183,33.26209833795014,23.127340720221603,31.708987380732534,20.499384425977226,52.14265927977839,973.3032963988919,SITE 2,EXT
2026-06-28,39.336662049861495,33.296073407202215,22.857846260387813,32.426131117266856,20.5440135426285,50.30886426592798,972.5933795013851,SITE 2,EXT
2026-06-29,26.334284232365146,23.567458506224064,17.499979253112034,30.145228215767634,19.452512678653758,53.495850622406635,972.8343360995851,SITE 2,EXT
2026-06-30,24.869625000000003,22.42813888888889,16.713895833333332,31.0,20.046296296296298,52.891666666666666,972.6848472222222,SITE 2,EXT
2026-07-01,31.617045769764214,27.920256588072125,19.554466019417475,30.86299892125135,20.26814609338881,54.07212205270458,973.1716227461858,SITE 2,EXT
2026-07-02,41.257357440890125,35.74894993045897,24.459652294853967,31.502858908978517,20.540874671611807,53.12517385257302,973.7995966620307,SITE 2,EXT
2026-07-03,29.575117728531858,26.57745844875346,19.03597645429363,30.673284087411513,19.924592182209913,53.40443213296399,973.5177977839335,SITE 2,EXT
2026-07-04,34.66507617728532,30.73130886426593,22.26495844875346,29.716835949522935,19.83610341643583,56.00831024930748,973.5472022160665,SITE 2,EXT
2026-07-05,45.030651872399446,40.46761442441054,28.233495145631068,32.350130990907694,20.417629835105565,50.499306518724,973.0455755894591,SITE 2,EXT
2026-07-06,35.48947295423024,30.929257975034673,21.809368932038836,31.541069502234553,21.208969024503006,54.940360610263525,972.7148821081831,SITE 2,EXT
2026-07-07,42.947462686567164,35.86459701492537,24.22634328358209,29.737976782752902,20.708126036484245,58.985074626865675,974.5837313432836,SITE 2,EXT
2025-12-01,56.84118257261411,50.101715076071926,31.534239280774553,36.04349162440449,20.03457814661134,40.19502074688797,971.1646611341632,SITE 3,INT
2025-12-02,49.97492967651196,44.48165963431786,28.14601969057665,36.06579152992655,20.128926394749183,40.36849507735584,971.0459493670886,SITE 3,INT
2025-12-03,56.365580912863074,51.15407330567081,31.62237897648686,36.01736591363148,14.067158444751808,29.30290456431535,972.0412033195021,SITE 3,INT
2025-12-04,69.21927385892117,62.4986030428769,38.53517289073306,35.12832334409098,11.134931612110035,24.798063623789766,972.5864177040111,SITE 3,INT
2025-12-05,119.68728851963746,110.85700906344411,70.91815709969788,34.706277274253104,10.108257804632428,25.00453172205438,973.0438217522659,SITE 3,INT
2025-12-06,181.22327800829876,165.34430152143844,95.63596818810511,34.157061625941296,10.291224834793299,25.997233748271093,973.0042738589211,SITE 3,INT
2025-12-07,154.00372752420472,139.83480636237897,80.94250345781467,34.09328415552482,10.300445673889659,25.661134163208853,973.0036791147995,SITE 3,INT
2025-12-08,135.24498616874135,124.31483402489627,74.95316735822959,34.45750729983095,10.231289380666974,25.153526970954356,973.2174135546334,SITE 3,INT
2025-12-09,103.27116874135545,92.56377593360996,56.15231673582296,34.13631473797449,12.516520670047642,28.482710926694327,974.1287690179806,SITE 3,INT
2025-12-10,168.38994467496542,153.80424619640388,89.45878284923927,34.48593822037806,15.42415859843246,33.82295988934993,974.0007330567082,SITE 3,INT
2025-12-11,108.25960580912864,99.26141770401107,62.100145228215766,35.5824496695866,15.602428154295376,32.076071922544955,973.1472199170124,SITE 3,INT
2025-12-12,93.57437067773168,82.90894882434301,51.09993775933609,34.91163362532657,15.899031811894883,34.21576763485477,971.9509820193639,SITE 3,INT
2025-12-13,88.90517955801104,80.68813535911602,49.33046961325967,36.23618784530387,17.78391651319828,35.2914364640884,971.7700138121547,SITE 3,INT
2025-12-14,51.45840361445783,45.43833333333333,27.534036144578316,35.535475234270415,19.61624274877287,40.178714859437754,972.4625100401606,SITE 3,INT
2025-12-15,99.22825,82.536,45.62375,28.97222222222222,19.34722222222222,56.8,976.85075,SITE 3,INT
2025-12-16,126.22741486068112,114.55583591331268,65.37947368421052,31.766425868593053,13.21293429652563,33.297213622291025,974.8665944272445,SITE 3,INT
2025-12-17,170.79125668449197,157.00117647058823,88.90923796791444,36.10516934046346,12.632204396910279,25.483957219251337,972.7703475935829,SITE 3,INT
2025-12-18,93.79933168316832,82.08358910891089,42.931311881188115,31.30913091309131,9.983498349834983,27.801980198019802,974.540198019802,SITE 3,INT
2025-12-19,79.34397668393783,72.98160621761659,46.99284974093265,35.92112838226828,10.038860103626943,21.55699481865285,973.4345336787565,SITE 3,INT
2025-12-20,55.88713141025641,50.33072115384615,28.906490384615388,36.86609686609687,9.011752136752138,19.272435897435898,972.8041346153847,SITE 3,INT
2025-12-21,141.72,130.0188888888889,81.29166666666667,28.590534979423868,10.123456790123456,32.129629629629626,973.3937037037037,SITE 3,INT
2025-12-22,253.2715536723164,230.0808474576271,131.78974576271187,34.10546139359699,13.041431261770246,28.24858757062147,972.3635593220339,SITE 3,INT
2025-12-23,97.7365560165975,88.38921853388658,55.23954356846473,33.41094206239435,12.710926694329183,29.456431535269708,972.1137482710926,SITE 3,INT
2025-12-24,81.27283540802213,73.08303596127249,46.905255878284926,33.829721838020596,14.734132472721683,32.31673582295989,972.2342047026278,SITE 3,INT
2025-12-25,73.04235822959889,63.67410788381742,41.042807745504845,34.80789918549255,18.111264791762718,38.01244813278009,972.9745366528354,SITE 3,INT
2025-12-26,102.07276625172891,91.10695020746887,56.555712309820194,34.748732134624255,16.475334255417245,34.90041493775934,973.4610926694329,SITE 3,INT
2025-12-27,103.76317427385891,93.6000345781466,56.64427385892116,34.45059167050868,14.236975564776396,31.002766251728907,973.5232365145229,SITE 3,INT
2025-12-28,138.569785615491,124.26578838174272,64.72684647302904,33.326417704011064,11.579068695251268,27.831258644536653,973.7912586445366,SITE 3,INT
2025-12-29,191.92238227146814,161.45173822714682,80.27895429362881,33.34564481378886,11.662819329024316,27.912742382271468,973.9538227146815,SITE 3,INT
2025-12-30,146.23956643356644,135.66853146853146,83.47148251748251,34.950271950271954,16.905205905205907,34.87132867132867,974.9643216783217,SITE 3,INT
2025-12-31,156.04774441340783,139.75518854748603,77.84672486033519,35.24286157666046,17.32697082557418,35.89525139664804,974.2004608938548,SITE 3,INT
2026-01-01,95.73855446927374,87.00701815642458,55.88034916201118,34.47548106765984,14.368404717566728,31.202513966480446,972.928407821229,SITE 3,INT
2026-01-02,70.9535405027933,62.43401536312849,39.40213687150838,35.0512104283054,18.025294847920545,37.574022346368714,973.1430446927375,SITE 3,INT
2026-01-03,76.57024079320112,67.0338597733711,42.89633852691218,35.2093169656909,18.63865281712307,38.58356940509915,973.4274645892352,SITE 3,INT
2026-01-04,45.38482541899441,37.574392458100554,24.57298882681564,35.38330229671012,19.277622594661704,39.36731843575419,973.6354748603352,SITE 3,INT
2026-01-05,53.14538194444445,45.093159722222225,29.841458333333332,35.84336419753087,19.69521604938272,39.763888888888886,973.0533194444445,SITE 3,INT
2026-01-06,68.96700138504156,60.71886426592798,40.20576869806094,35.31163434903047,19.028931979070485,38.96537396121884,972.8569252077561,SITE 3,INT
2026-01-07,81.42417597765363,71.7415782122905,43.94328910614525,35.07526381129733,16.001707014276846,33.64804469273743,973.2291480446927,SITE 3,INT
2026-01-08,44.48041958041958,38.435930069930066,24.547797202797202,32.65268065268065,11.101787101787103,26.914685314685315,975.4078741258742,SITE 3,INT
2026-01-09,81.00585074626865,70.09107462686566,45.43520895522388,32.16749585406302,11.91542288557214,29.429850746268656,974.3774328358209,SITE 3,INT
2026-01-10,64.10884078212291,55.87032122905028,36.11858938547486,33.57852265673495,9.267535692116699,23.16899441340782,973.6257541899441,SITE 3,INT
2026-01-11,80.34440642458101,68.82881983240223,42.66909217877095,33.421011793916826,8.947082557417753,22.689944134078214,972.6951536312849,SITE 3,INT
2026-01-12,114.78210195530727,98.49645251396649,60.26233240223464,33.20453134698945,9.660148975791435,24.424581005586592,972.748533519553,SITE 3,INT
2026-01-13,142.69086713286714,128.07314685314685,80.02967832167832,32.821289821289824,10.414141414141415,26.237762237762237,972.2832867132868,SITE 3,INT
2026-01-14,143.68907122905028,128.76545391061453,82.66412709497206,33.155648665425204,11.507603972687773,27.636871508379887,972.435810055866,SITE 3,INT
2026-01-15,126.63891759776536,113.05909916201118,71.47122905027933,33.39540657976413,13.205307262569832,29.87849162011173,972.5469134078212,SITE 3,INT
2026-01-16,89.02694852941175,77.06819117647059,49.162308823529415,33.92238562091503,11.877450980392158,27.429411764705883,972.8408529411765,SITE 3,INT
2026-01-17,58.733840782122904,45.97957402234637,27.509895251396646,33.67163252638113,8.680943513345747,22.230446927374302,972.0398463687151,SITE 3,INT
2026-01-18,98.61807960893854,85.44735335195531,52.68583100558659,33.27513966480447,8.542830540037244,22.682960893854748,971.5236312849163,SITE 3,INT
2026-01-19,129.48685314685315,117.91156643356643,72.64664335664335,33.810411810411814,10.001554001554002,24.27972027972028,970.9223076923076,SITE 3,INT
2026-01-20,90.55244425385935,81.38848198970841,52.85797598627787,32.256527539546404,9.928530588907947,25.684391080617495,972.1905317324184,SITE 3,INT
2026-01-21,83.06832167832168,73.5503076923077,46.51369230769231,33.012432012432015,8.750582750582751,22.693706293706295,972.2772587412587,SITE 3,INT
2026-01-22,63.3114594972067,55.79811452513966,35.62251396648045,32.652079453755434,6.837368094351334,20.56983240223464,973.0758798882681,SITE 3,INT
2026-01-23,53.62615492957747,45.86858450704225,30.31735915492958,32.49217527386541,5.978090766823161,19.630985915492957,973.4133661971831,SITE 3,INT
2026-01-24,89.94563636363635,80.8382867132867,52.50641258741258,32.60606060606061,5.562548562548563,18.87832167832168,974.3248251748252,SITE 3,INT
2026-01-25,51.19930865921788,44.865628491620114,29.71875,32.752172563625074,2.197392923649907,15.079608938547485,974.8353491620112,SITE 3,INT
2026-01-26,67.48679020979021,60.17991608391608,36.71765734265734,32.70940170940171,3.6775446775446774,16.342657342657343,974.2063216783217,SITE 3,INT
2026-01-27,73.33454545454545,64.71353146853147,41.33118881118881,33.01476301476302,3.4996114996114995,16.053146853146853,974.1143076923076,SITE 3,INT
2026-01-28,99.53158519553074,87.23054469273742,56.98368016759777,33.27513966480447,4.771880819366853,17.26675977653631,973.8360474860335,SITE 3,INT
2026-01-29,105.12680419580418,95.09365734265734,62.425,33.530691530691534,6.105672105672106,19.241958041958043,974.119118881119,SITE 3,INT
2026-01-30,131.5220571827057,118.22907252440724,76.23617154811716,33.55648535564853,5.99721059972106,19.1813110181311,973.8759832635983,SITE 3,INT
2026-01-31,139.27227272727274,127.22922377622378,83.46157342657342,33.686091686091686,10.163170163170163,24.07972027972028,973.2534685314685,SITE 3,INT
2026-02-01,116.52334497206704,104.95857541899441,67.81998603351956,34.256672873991306,12.52094972067039,27.58240223463687,972.4590223463688,SITE 3,INT
2026-02-02,82.86844755244755,71.96406293706293,48.43703496503497,35.560994560994565,14.47785547785548,29.001398601398602,971.6817622377622,SITE 3,INT
2026-02-03,65.48340782122905,56.55524441340782,38.32640363128492,31.92271880819367,16.772191185599006,40.951117318435756,974.1465642458099,SITE 3,INT
2026-02-04,58.07506993006994,49.78157342657342,34.33436363636363,33.024087024087024,15.948717948717949,37.59160839160839,974.1411888111887,SITE 3,INT
2026-02-05,126.24852507374631,116.39939528023598,77.49498525073746,33.05473615208129,11.763356276630613,27.587020648967552,973.0715339233038,SITE 3,INT
2026-02-06,113.27767132867133,105.94510489510489,71.36827972027972,34.46697746697747,10.658896658896658,24.854545454545455,974.3712307692308,SITE 3,INT
2026-02-07,89.127,80.63624475524476,54.68504895104895,34.89121989121989,11.554001554001553,25.43216783216783,974.9812727272727,SITE 3,INT
2026-02-08,90.43202097902098,82.40393006993007,54.51086013986014,34.97746697746698,8.433566433566433,20.864335664335666,973.7895384615385,SITE 3,INT
2026-02-09,102.29849858356941,92.87903682719548,61.696862606232294,35.096002518098835,7.72584198929808,19.344192634560905,972.4431728045325,SITE 3,INT
2026-02-10,92.53790909090908,83.1087972027972,54.87621678321679,34.56876456876457,7.694638694638695,19.612587412587413,972.9704475524476,SITE 3,INT
2026-02-11,93.59774125874125,82.7537062937063,55.42852447552447,34.58896658896659,11.865578865578865,25.837762237762238,973.8797202797202,SITE 3,INT
2026-02-12,89.17544140030441,79.36614916286149,53.988805175038046,36.79688821241333,14.366649754777608,27.254185692541856,973.7945509893456,SITE 3,INT
2026-02-13,61.64124475524475,52.2013986013986,35.623125874125876,36.78321678321678,15.971250971250972,29.854545454545455,973.0197762237763,SITE 3,INT
2026-02-14,52.093496993987976,44.01966933867735,30.130200400801602,36.66109997773325,16.529726118904478,31.350701402805612,971.3811422845691,SITE 3,INT
2026-02-15,37.95238095238095,32.50935574229692,22.829082633053222,35.22331154684096,18.664021164021165,38.31652661064426,973.2419467787115,SITE 3,INT
2026-02-16,51.86290166204986,40.872243767313016,25.544494459833796,33.789627577716224,13.06786703601108,31.7202216066482,974.655512465374,SITE 3,INT
2026-02-17,83.85890733056708,67.96428077455049,41.741964038727524,34.38681420009221,6.769632703242662,18.94744121715076,974.0310788381743,SITE 3,INT
2026-02-18,109.33877266387726,90.02993026499303,54.74165271966527,34.03843173717651,7.673950100728344,20.723849372384937,972.7223570432358,SITE 3,INT
2026-02-19,120.82446485623004,106.14361821086261,67.63864217252396,34.6547745828896,8.643947461838836,22.37220447284345,971.907108626198,SITE 3,INT
2026-02-20,105.20328254847647,93.26428670360112,61.90036703601108,34.15050784856879,8.749615266235766,22.409972299168974,973.0593628808864,SITE 3,INT
2026-02-21,119.48486168741354,106.6765214384509,69.32270401106501,34.59428307976026,9.266943291839558,22.35961272475795,973.7513692946058,SITE 3,INT
2026-02-22,110.91662968099861,99.47026352288488,64.52491678224688,34.53305594082293,6.117275389120049,18.961165048543688,973.0659639389737,SITE 3,INT
2026-02-23,98.10034578146612,87.94439142461964,58.886037344398346,34.8555401874904,7.295220531735055,19.431535269709542,971.0921576763485,SITE 3,INT
2026-02-24,96.21743074792244,86.96927977839336,59.57686288088643,35.025392428439524,8.94198214835334,20.898891966759003,970.1122576177286,SITE 3,INT
2026-02-25,77.2598132780083,67.08779391424619,46.32733748271093,35.490241278623024,11.805747656370064,24.441217150760718,970.9923374827109,SITE 3,INT
2026-02-26,77.90890581717451,65.68792243767314,44.48208448753462,35.81717451523546,12.424592182209912,24.98337950138504,971.849404432133,SITE 3,INT
2026-02-27,60.059376731301946,47.62666897506926,32.31520083102493,36.31425053862727,17.67697753154817,33.77562326869806,971.9238088642659,SITE 3,INT
2026-02-28,54.88668741355463,43.684986168741354,29.82188105117566,36.520670047641005,18.630705394190873,35.522821576763484,971.4029460580912,SITE 3,INT
2026-03-01,92.53304709141274,78.66929362880887,46.587292243767315,35.877962449984615,15.287011388119423,30.493074792243767,970.6475484764543,SITE 3,INT
2026-03-02,93.44012448132781,77.73538727524205,42.429280774550485,34.06024281542954,15.926694329183956,34.489626556016596,972.342489626556,SITE 3,INT
2026-03-03,84.0758864265928,71.36979224376731,43.491585872576174,35.1346568174823,12.456909818405663,25.958448753462605,972.5685041551246,SITE 3,INT
2026-03-04,61.86572614107884,49.99897648686031,34.626715076071925,37.06008913477793,14.243891194098664,26.441217150760718,971.7953388658368,SITE 3,INT
2026-03-05,50.175831024930744,40.92840027700831,29.341904432132964,37.57463835026162,18.731148045552477,33.96398891966759,972.1488227146814,SITE 3,INT
2026-03-06,52.95865145228216,42.82672890733056,30.727455048409407,37.96757338251115,19.605809128630707,35.28215767634855,970.5530013831258,SITE 3,INT
2026-03-07,51.423918322295805,43.70501103752759,31.527494481236204,33.07333823890115,20.158204562178074,47.328918322295806,971.7529801324503,SITE 3,INT
2026-03-08,66.27927385892116,57.4718948824343,39.74320193637621,35.73228830490241,20.158291071154142,42.12033195020747,971.112724757953,SITE 3,INT
2026-03-09,55.55114265927978,46.39931440443213,32.70592797783934,37.51000307787012,19.22976300400123,36.013850415512465,971.2289612188366,SITE 3,INT
2026-03-10,55.1074964336662,46.74292439372326,32.94376604850214,36.71025519099699,18.615469963544143,36.03851640513552,970.9822681883023,SITE 3,INT
2026-03-11,52.56763485477179,42.97441908713693,30.005504840940525,36.60442600276625,20.148301828799756,39.230982019363765,971.4788243430152,SITE 3,INT
2026-03-12,54.7055540166205,44.80766620498615,31.35277700831025,37.402277623884274,19.79686057248384,37.16897506925208,971.1113019390582,SITE 3,INT
2026-03-13,43.71756925207756,36.71081024930748,26.099480609418283,37.70083102493075,19.10126192674669,34.80193905817175,971.0472299168974,SITE 3,INT
2026-03-14,49.66367219917012,41.59409405255878,29.731466113416317,37.634086368526205,18.290302750883665,33.655601659751035,970.013388658368,SITE 3,INT
2026-03-15,68.93214681440443,58.8013296398892,38.919044321329636,37.98553401046476,19.137426900584796,34.18559556786703,971.048836565097,SITE 3,INT
2026-03-16,69.72907434402332,61.25844752186589,41.89103498542274,37.63038548752834,15.572562358276645,29.61953352769679,971.2601749271137,SITE 3,INT
2026-03-17,50.71147916666666,41.93716666666666,29.906756944444446,37.79706790123457,18.454475308641975,32.956944444444446,971.6728333333333,SITE 3,INT
2026-03-18,50.51851313969571,42.20665975103734,30.320753803596126,37.709389887813124,18.938066697402796,34.32780082987552,971.0560304287691,SITE 3,INT
2026-03-19,52.446828254847645,43.9094459833795,31.779321329639888,38.287934749153585,19.319021237303787,34.02493074792244,970.516620498615,SITE 3,INT
2026-03-20,43.335304709141276,36.62119806094183,26.620325484764543,37.25838719606033,20.13157894736842,37.702216066481995,969.9540027700832,SITE 3,INT
2026-03-21,46.75262005649718,39.127026836158194,28.415190677966105,38.48791588198368,19.9364406779661,35.26977401129943,969.1111440677965,SITE 3,INT
2026-03-22,49.902412587412584,41.25783216783216,30.0766993006993,38.48640248640248,20.785547785547788,36.73566433566434,969.4434265734267,SITE 3,INT
2026-03-23,51.743460471567275,47.87216366158114,35.26519417475728,33.21544151641239,20.281245184157807,47.50901525658807,972.019680998613,SITE 3,INT
2026-03-24,50.67810249307479,43.49042936288089,31.666537396121885,35.165435518621116,20.634810710987995,44.41689750692521,971.756163434903,SITE 3,INT
2026-03-25,45.789585843373494,38.27673192771084,28.442477409638556,36.606425702811244,20.7940093708166,40.55572289156626,970.9601957831325,SITE 3,INT
2026-03-26,56.05321329639889,46.45335872576177,33.74606648199446,37.1606648199446,20.6994459833795,39.40997229916898,970.3161357340721,SITE 3,INT
2026-03-27,51.67014563106797,42.45566574202496,30.98851595006935,35.78363384188627,20.770534751117278,42.35644937586685,971.1449514563107,SITE 3,INT
2026-03-28,45.634369806094185,38.20453601108033,28.484085872576173,34.848414896891356,20.18698060941828,43.405817174515235,972.7718698060943,SITE 3,INT
2026-03-29,46.37219140083218,38.05325242718447,27.28400138696255,35.3120665742025,20.708891971027892,43.75589459084605,971.832427184466,SITE 3,INT
2026-03-30,47.809993065187236,41.88963938973648,30.91839805825243,34.91292957312375,20.854523038989058,45.24133148404993,971.0690568654646,SITE 3,INT
2026-03-31,43.72701013513513,36.95140202702703,27.615675675675675,33.830705705705704,20.501126126126128,46.1554054054054,971.4514527027027,SITE 3,INT
2026-04-01,52.838266296809984,42.25987517337032,29.72285020804438,35.36446293727847,16.32686084142395,34.4743411927878,972.453814147018,SITE 3,INT
2026-04-02,75.44414923291492,63.24785913528592,43.05905160390516,35.82907174957384,13.375949170928251,27.84100418410042,972.8698884239888,SITE 3,INT
2026-04-03,65.64916317991631,54.04747559274756,37.99820781032078,35.510615217728194,13.891213389121338,28.775453277545328,973.1135425383543,SITE 3,INT
2026-04-04,61.51652506963788,50.98620473537605,37.389937325905294,36.4113277623027,18.599504797276385,35.9791086350975,974.020348189415,SITE 3,INT
2026-04-05,97.73264295676428,86.00119944211994,56.36384239888424,37.17030838369751,16.560514489384783,31.27754532775453,972.8216178521618,SITE 3,INT
2026-04-06,72.95750698324022,63.439615921787706,46.19166899441341,36.98401613904407,16.980912476722533,32.20391061452514,972.6071368715084,SITE 3,INT
2026-04-07,60.89707112970711,51.015439330543934,38.77019525801953,38.022625135595845,19.36928560359523,34.793584379358435,972.5270292887029,SITE 3,INT
2026-04-08,67.78206415620642,58.2863179916318,42.41440027894003,38.313187664652105,18.857120719045408,33.34309623430963,971.8560251046025,SITE 3,INT
2026-04-09,47.3150208913649,38.82647632311978,29.812562674094703,37.48297740637573,19.398019189105543,35.486072423398326,972.3704874651811,SITE 3,INT
2026-04-10,49.744810606060604,40.49865909090909,31.041825757575758,36.303030303030305,20.132154882154882,39.78484848484848,972.9234393939394,SITE 3,INT
2026-04-11,54.67142335766424,46.66359854014598,35.08392700729927,36.34063260340633,21.1889699918897,42.33576642335766,973.0953138686132,SITE 3,INT
2026-04-12,89.12692145862553,80.97569424964937,52.8853716690042,34.95792426367461,20.054542621162536,42.984572230014024,972.9980224403927,SITE 3,INT
2026-04-13,49.87439218523879,41.07198986975398,31.640752532561503,37.426435118186205,20.504100337674867,38.875542691751086,970.1307670043415,SITE 3,INT
2026-04-14,39.36473463687151,33.26736731843575,25.87576117318436,35.34373060211049,20.704531346989448,43.055865921787706,972.0524441340783,SITE 3,INT
2026-04-15,69.10108391608392,60.06733566433566,42.68335664335664,36.69230769230769,18.797202797202797,37.41118881118881,971.0226573426572,SITE 3,INT
2026-04-16,62.534587988826814,54.007025139664805,40.70175977653631,38.06486654252018,19.03553693358163,34.07960893854749,969.6615502793296,SITE 3,INT
2026-04-17,67.7615054602184,57.05067862714509,42.63127925117005,37.93985092737043,20.213208528341134,36.73634945397816,968.9741965678627,SITE 3,INT
2026-04-18,51.17860724233983,41.89295264623955,32.77348885793872,38.05478180129991,20.226709996904987,36.701949860724234,968.4232311977715,SITE 3,INT
2026-04-19,54.82237252124646,44.57155099150142,35.34809490084986,38.299496380232924,20.542178155492604,37.13031161473088,968.6324787535411,SITE 3,INT
2026-04-20,100.44937238493723,89.52559274755927,53.69484658298466,33.93692856035952,21.44893847822718,48.69595536959554,970.0713947001394,SITE 3,INT
2026-04-21,51.066754874651814,42.517555710306404,33.35821030640668,35.278551532033426,22.059733828536057,47.30222841225627,970.807938718663,SITE 3,INT
2026-04-22,38.24122562674095,31.892903899721446,24.977869080779946,35.12844320643764,20.74280408542247,44.14206128133705,971.4153760445682,SITE 3,INT
2026-04-23,48.32376740947075,40.01602367688022,31.10307799442897,37.84586815227484,22.1850820179511,42.110027855153206,969.9895125348189,SITE 3,INT
2026-04-24,51.44317294281729,42.642928870292884,32.84057880055788,37.01301720130172,20.997985433131877,40.22733612273361,970.107210599721,SITE 3,INT
2026-04-25,57.317656903765695,47.038396094839605,36.3934239888424,37.21447388811406,21.441190144119016,41.15202231520223,970.3187866108785,SITE 3,INT
2026-04-26,58.39334728033472,47.03147838214784,36.32976290097629,36.957229195722924,21.354408802107546,41.407252440725244,971.9509762900976,SITE 3,INT
2026-04-27,68.99877963737796,58.72798465829846,39.26770571827057,36.20951495428483,20.440105377343873,40.726638772663875,973.4942538354254,SITE 3,INT
2026-04-28,49.83624651810585,40.78045264623956,32.08307799442897,37.12008666047663,20.67084493964717,39.67130919220056,972.3119359331475,SITE 3,INT
2026-04-29,41.105881057268725,34.33006607929516,26.88708516886931,35.520476423560126,21.063795072605647,43.98091042584435,972.9884287812041,SITE 3,INT
2026-04-30,45.00239098837209,37.64995639534884,29.49557412790698,35.900355297157624,22.50807493540052,47.22529069767442,974.1063808139534,SITE 3,INT
2026-05-01,61.28608240223463,52.72692039106145,39.677367318435756,37.901924270639356,22.80648665425202,43.26815642458101,971.8635335195531,SITE 3,INT
2026-05-02,46.96594011142061,39.058983286908074,30.34211002785515,38.03079541937481,23.139121015165586,43.190807799442894,971.5677715877438,SITE 3,INT
2026-05-03,39.80629707112971,33.35239888423989,26.53103207810321,36.71315667131567,20.832945916627924,40.5118549511855,972.3398744769873,SITE 3,INT
2026-05-04,45.37068535825545,37.91438473520249,29.26016355140187,35.55555555555556,21.599169262720665,45.16043613707165,973.6573676012462,SITE 3,INT
2026-05-05,62.51941422594142,54.8128940027894,38.70791492329149,36.13203161320316,20.55710522237719,41.524407252440724,972.347071129707,SITE 3,INT
2026-05-06,44.25376569037657,36.85138772663877,29.204121338912135,36.40632264063227,20.323105532310556,40.3207810320781,971.9216039051604,SITE 3,INT
2026-05-07,48.11119047619047,39.51956043956044,31.687509157509158,37.25885225885226,21.273911273911274,40.16117216117216,971.7964468864469,SITE 3,INT
2026-05-08,45.42458748221906,37.428001422475106,29.911443812233284,36.74174174174174,21.407460091670618,42.00284495021337,971.9920768136558,SITE 3,INT
2026-05-09,71.86237322515213,62.91100405679513,43.108275862068965,33.733378408834795,21.646382691007435,49.71399594320487,974.5048073022313,SITE 3,INT
2026-05-10,54.84061026352289,45.526088765603326,35.337732316227466,37.253043612266914,21.446293727847124,41.73231622746186,973.5335644937586,SITE 3,INT
2026-05-11,51.91488194444444,42.342,33.4235,37.526234567901234,22.3641975308642,42.52361111111111,972.9162222222222,SITE 3,INT
2026-05-12,50.95784027777778,42.12609722222222,33.156638888888885,37.59953703703704,21.35493827160494,40.4125,973.6896666666668,SITE 3,INT
2026-05-13,51.58828472222223,42.28766666666667,33.65515277777778,37.50231481481482,21.625771604938272,41.06388888888889,973.1508333333333,SITE 3,INT
2026-05-14,56.96868525896414,46.041693227091635,36.46519920318725,37.363877822045154,21.401062416998673,40.19521912350598,972.3900398406374,SITE 3,INT
2026-05-15,55.82544755244755,45.44555944055944,35.700797202797204,37.22377622377623,21.122766122766123,40.37762237762238,972.3953566433568,SITE 3,INT
2026-05-16,45.88338709677419,38.36558906030856,30.71650771388499,33.73227364812218,21.378369954807543,49.17671809256662,973.9687377279101,SITE 3,INT
2026-05-17,57.27225174825174,48.20251048951049,37.66404895104895,36.45765345765346,22.560994560994562,46.08391608391609,974.0765594405594,SITE 3,INT
2026-05-18,63.72064516129032,56.31490182328191,41.016304347826086,32.44662614929095,21.391616019947016,52.928471248246844,975.1922440392706,SITE 3,INT
2026-05-19,48.69828212290503,41.24049581005587,33.23210893854748,35.03724394785848,22.40611421477343,49.097765363128495,974.4429189944134,SITE 3,INT
2026-05-20,53.598259052924796,44.06147632311978,35.78114206128134,36.224079232435784,22.686474775611266,46.76462395543175,974.0812116991644,SITE 3,INT
2026-05-21,63.853877266387734,54.97029288702929,42.34635285913529,36.221137455447085,22.745234774523478,46.89121338912134,974.3516457461645,SITE 3,INT
2026-05-22,52.05786908077995,43.354805013927574,35.32066155988858,36.82915506035283,22.399411946765706,44.448467966573816,974.393495821727,SITE 3,INT
2026-05-23,44.340934449093446,37.220083682008365,30.461185495118546,34.92484115915079,22.60498992716566,49.5299860529986,974.1287447698745,SITE 3,INT
2026-05-24,50.47575418994413,41.96606145251397,34.422828212290504,35.60831781502173,22.53491620111732,47.87150837988827,974.4698463687151,SITE 3,INT
2026-05-25,78.42562849162012,69.27782122905028,45.589608938547485,33.23091247672254,21.825729360645564,51.875698324022345,975.97343575419,SITE 3,INT
2026-05-26,49.59721448467967,41.56905988857939,33.465445682451254,33.74806561436088,22.656298359640978,52.99025069637883,976.1790529247911,SITE 3,INT
2026-05-27,53.985885269121816,44.7949433427762,36.54728045325779,35.69562480327353,22.75023607176582,48.56940509915014,974.6782011331445,SITE 3,INT
2026-05-28,50.498307799442905,42.19612813370473,34.12687325905293,36.551377282575054,22.339059114825133,44.910863509749305,974.3126880222842,SITE 3,INT
2026-05-29,68.99656903765691,58.87050209205021,42.409400278940026,35.43933054393305,22.24856655818999,47.11854951185495,975.3599023709903,SITE 3,INT
2026-05-30,58.964734636871505,48.706543296089386,39.45631983240223,37.510086902545005,22.586126629422722,43.71787709497207,973.9345111731843,SITE 3,INT
2026-05-31,58.36064356435644,50.538628005657706,37.84776520509194,34.51123683796951,22.345591702027345,50.366336633663366,974.2675813295616,SITE 3,INT
2026-06-01,51.67414923291492,43.20165969316597,34.732196652719665,35.83294591662793,22.882380288238032,48.274755927475596,973.7397907949792,SITE 3,INT
2026-06-02,55.0225626740947,45.53202646239554,37.33398328690808,35.90761374187558,23.12441968430826,48.550139275766014,974.7224512534818,SITE 3,INT
2026-06-03,52.295782122905024,43.240649441340786,35.641745810055866,36.982464307883305,22.731222842954686,45.09357541899441,975.5566340782124,SITE 3,INT
2026-06-04,44.05793617021277,36.9907304964539,30.33151063829787,31.326241134751772,21.29235618597321,56.00283687943262,976.0780425531915,SITE 3,INT
2026-06-05,72.3202719665272,65.23134588563458,51.502907949790796,33.85169688516969,21.65736866573687,50.68200836820084,974.0527894002789,SITE 3,INT
2026-06-06,55.372702312138735,47.24736271676301,38.54872832369942,33.37588310854207,21.96290944123314,51.877167630057805,973.9357658959539,SITE 3,INT
2026-06-07,46.41917246175244,39.02747566063978,32.10840751043116,33.694946685210944,21.7060732498841,50.618915159944365,976.1427121001391,SITE 3,INT
2026-06-08,54.48321030640668,45.88181754874651,37.088238161559886,34.65413184772516,22.400185701021357,49.891364902506965,977.1049721448468,SITE 3,INT
2026-06-09,54.43298701298701,44.67545454545454,36.43626262626263,32.503607503607505,21.693923360590027,53.694083694083695,975.3515873015873,SITE 3,INT
2026-06-10,55.431005547850205,47.57705270457698,38.00874479889043,33.781014023732475,22.267683772538142,52.25797503467406,974.739015256588,SITE 3,INT
2026-06-11,68.82233333333333,59.840287356321845,47.438517241379316,31.871008939974455,22.466155810983395,58.08275862068965,974.9641839080459,SITE 3,INT
2026-06-12,56.47593184979138,47.86850486787205,38.41613351877608,33.35960438881162,22.704373358059033,54.70931849791377,975.9660083449236,SITE 3,INT
2026-06-13,55.987082172701946,47.14542479108635,38.12099582172702,34.28659857629217,22.812596719281956,52.18523676880223,976.7671309192201,SITE 3,INT
2026-06-14,47.883772538141464,40.695416088765604,33.15855062413315,32.71767606719063,21.900909231006317,53.79889042995839,976.8074479889044,SITE 3,INT
2026-06-15,55.92045769764216,47.83445214979196,38.77766296809986,34.928340268146094,22.12667591308368,48.680998613037445,976.3624687933425,SITE 3,INT
2026-06-16,58.40841235632183,50.11011494252873,40.85625,35.37515964240102,22.2014687100894,47.51580459770115,975.4455890804597,SITE 3,INT
2026-06-17,60.11659217877095,51.43847765363128,41.614622905027936,34.952669149596524,22.32231533209187,48.864525139664806,976.1489944134079,SITE 3,INT
2026-06-18,61.00453601108033,51.23045706371191,41.81934903047092,36.52662357648507,22.49692212988612,45.54293628808864,975.358808864266,SITE 3,INT
2026-06-19,52.23933425797503,43.020596393897364,35.65463245492372,36.28062875635692,22.11588842656804,44.88072122052704,973.4210124826631,SITE 3,INT
2026-06-20,54.16650485436894,44.84879334257975,36.23369625520111,34.8705501618123,21.853906611188165,47.431345353675454,972.8467406380028,SITE 3,INT
2026-06-21,51.98876731301939,43.78162049861496,35.53313019390582,33.9404432132964,21.176515851031088,48.04570637119114,975.4044459833796,SITE 3,INT
2026-06-22,44.629965325936205,37.55615117891817,31.344528432732314,34.042225304361224,21.977962706118046,50.26629680998613,977.0867406380029,SITE 3,INT
2026-06-23,60.06262829403606,50.712420249653256,39.12205963938974,34.79811989520727,21.40468485128679,46.965325936199726,975.4325936199723,SITE 3,INT
2026-06-24,52.64771468144045,44.10970914127424,36.9293351800554,35.479378270237,21.87673130193906,46.43767313019391,975.5849445983379,SITE 3,INT
2026-06-25,61.49218446601942,51.34764216366158,42.02464632454924,36.252889505316695,21.75527816304515,44.10263522884882,976.9373786407766,SITE 3,INT
2026-06-26,61.81072815533981,52.16185159500694,42.74176837725381,35.81753737093543,22.00801356141162,45.80721220527046,976.6785298196949,SITE 3,INT
2026-06-27,57.32707756232687,47.94247922437673,39.84047091412742,34.1035703293321,21.605878731917514,48.99307479224377,976.0100831024931,SITE 3,INT
2026-06-28,60.58373786407767,50.51486823855756,42.23312760055478,35.278163045153335,21.997996609647092,47.02635228848821,975.3219140083218,SITE 3,INT
2026-06-29,56.638421052631585,48.54193213296399,41.25270775623269,33.93813481071099,21.39735303170206,48.637119113573405,975.004916897507,SITE 3,INT
2026-06-30,55.895041666666664,47.51046527777778,41.053131944444445,34.43132716049383,21.97222222222222,49.28888888888889,975.3721111111112,SITE 3,INT
2026-07-01,56.958058252427186,48.65606796116505,41.464895977808595,33.82185236554169,21.772229927569732,50.0998613037448,975.8458113730928,SITE 3,INT
2026-07-02,59.06410664819945,50.16671052631579,42.20571329639889,34.23899661434288,22.03831948291782,50.03739612188366,976.4958864265928,SITE 3,INT
2026-07-03,51.84176144244106,43.77387656033287,38.00513176144244,33.31715210355987,21.97411003236246,52.29126213592233,976.2761997226075,SITE 3,INT
2026-07-04,57.509202496532595,49.993515950069344,42.19387656033287,32.33086762212976,21.487132069656344,53.4493758668516,976.2938696255201,SITE 3,INT
2026-07-05,63.75923130193906,55.45255540166205,46.14860110803324,34.97768544167436,22.232225300092335,48.99168975069252,975.7859556786703,SITE 3,INT
2026-07-06,59.43479889042995,51.23825242718446,43.80416782246879,34.432115888426566,22.427955000770535,50.375866851595006,975.410693481276,SITE 3,INT
2026-07-07,62.17888613861386,54.51361386138614,45.888737623762374,31.996699669967,21.914191419141915,55.64356435643565,976.3979207920793,SITE 3,INT
2025-12-01,69.95262102351315,60.94795297372061,38.619011065006916,33.14276932534194,18.9303826648225,44.9253112033195,971.1733056708161,SITE 3,EXT
2025-12-02,57.939133802816905,49.763218309859155,31.822387323943662,33.070422535211264,19.071205007824727,45.16478873239436,971.0361830985914,SITE 3,EXT
2025-12-03,67.89744813278008,59.67182572614108,37.06769709543568,33.39864761026587,12.034731827262949,30.582295988934995,972.0136514522821,SITE 3,EXT
2025-12-04,95.07182320441989,83.95767955801105,49.21930939226519,33.13996316758748,8.623388581952117,23.814917127071823,972.3835635359115,SITE 3,EXT
2025-12-05,158.65295007564296,144.73888048411496,86.24474281391831,33.06858295511851,7.881156496890234,24.40998487140696,972.6883509833585,SITE 3,EXT
2025-12-06,216.01867911479945,192.14022821576765,107.30946749654218,31.847241432303672,8.35254341478408,27.518672199170126,972.6373720608575,SITE 3,EXT
2025-12-07,194.78207872928178,171.27209254143645,93.62785911602211,31.83087783916513,8.169122160834869,26.680939226519335,972.6601104972376,SITE 3,EXT
2025-12-08,173.66785615491008,154.70005532503458,86.99662517289073,32.25449515905947,8.064392193022899,26.096818810511756,972.8646887966805,SITE 3,EXT
2025-12-09,129.35401106500692,113.85504840940526,67.16464038727524,31.57599508221915,10.856001229445214,30.4536652835408,973.7713831258644,SITE 3,EXT
2025-12-10,211.47244813278007,187.83360304287692,105.87089211618257,32.493468572306746,14.25618564622714,36.18672199170125,973.7026556016598,SITE 3,EXT
2025-12-11,142.9033632596685,126.08738950276243,76.06085635359116,33.12231430325353,14.236494782074892,35.29419889502763,972.9302900552486,SITE 3,EXT
2025-12-12,143.55667358229599,119.70444674965422,67.25966804979252,33.027508836637466,14.329952358998003,35.31258644536653,971.6853803596127,SITE 3,EXT
2025-12-13,117.07350622406639,104.79265560165975,58.400283540802214,33.825879821730446,16.83341017365914,38.93084370677732,971.5521438450899,SITE 3,EXT
2025-12-14,67.82970941883768,55.63754509018036,32.1925250501002,31.432865731462925,18.935649075929636,49.07615230460922,972.3048096192384,SITE 3,EXT
2025-12-15,124.03450000000001,103.07487499999999,53.20025,26.486111111111114,19.055555555555557,64.525,976.7719999999999,SITE 3,EXT
2025-12-16,173.16018575851393,154.0967027863777,80.40795665634676,29.8968008255934,11.998624011007912,34.39938080495356,974.8230340557276,SITE 3,EXT
2025-12-17,241.66199197860965,217.86998663101605,111.96903743315508,35.43969102792632,11.180926916221035,24.524064171122994,972.6221122994652,SITE 3,EXT
2025-12-18,98.93898514851485,84.94173267326732,44.62829207920792,28.479097909790983,8.465346534653465,29.643564356435643,974.2430693069307,SITE 3,EXT
2025-12-19,106.07331606217618,96.16440414507771,61.24277202072539,34.61283822682787,8.326137017846863,20.89637305699482,973.0785751295338,SITE 3,EXT
2025-12-20,66.35326923076923,57.98463141025642,32.55360576923077,35.76388888888889,7.113603988603988,18.46153846153846,972.3861538461538,SITE 3,EXT
2025-12-21,149.03935185185185,134.87657407407409,84.21685185185186,27.242798353909464,8.940329218106996,32.166666666666664,972.9148148148148,SITE 3,EXT
2025-12-22,156.98184065934066,142.86989010989012,79.45263736263736,33.0006105006105,10.555555555555557,25.84065934065934,971.8687912087912,SITE 3,EXT
2025-12-23,63.585511756569844,57.55748962655602,35.516120331950205,31.61825726141079,10.363454741048102,28.70539419087137,971.6383540802213,SITE 3,EXT
2025-12-24,51.503098201936375,45.54059474412171,29.69399723374827,32.17381281696635,13.539265406485324,33.30567081604426,971.7834854771784,SITE 3,EXT
2025-12-25,44.45444674965422,38.580774550484094,25.462116182572615,32.95527893038267,17.053173505455664,39.93914246196404,972.6124066390041,SITE 3,EXT
2025-12-26,60.55990318118948,53.874840940525594,33.93058782849239,33.10358075918242,14.66651298601506,35.04149377593361,973.1211203319501,SITE 3,EXT
2025-12-27,58.775408022130016,52.35096818810512,32.88307745504841,32.78161979406793,12.153834332257569,30.764868603042878,973.1825864453665,SITE 3,EXT
2025-12-28,80.89013139695713,71.47604426002766,39.65047717842324,31.594436760411863,8.882741662824651,26.571230982019365,973.4061410788382,SITE 3,EXT
2025-12-29,84.57520746887967,69.48199861687414,38.6799377593361,31.66051944060243,9.351467650222837,27.786998616874136,973.5497786998617,SITE 3,EXT
2025-12-30,54.29581944444444,47.713097222222224,29.604694444444444,33.020833333333336,16.16435185185185,37.61805555555556,974.5873611111111,SITE 3,EXT
2025-12-31,82.96304438280167,73.59825242718446,42.95244105409154,33.38804130066266,16.16890121744491,38.044382801664355,973.9121497919557,SITE 3,EXT
2026-01-01,58.738876560332876,52.66194174757282,34.4569972260749,32.654492217599014,12.083525967021114,30.857142857142858,972.5996255201109,SITE 3,EXT
2026-01-02,47.46745138888889,41.26439583333334,26.489284722222223,33.2854938271605,16.554783950617285,39.047222222222224,972.806638888889,SITE 3,EXT
2026-01-03,45.03784106891702,39.16308720112518,25.617742616033755,33.30442256602594,17.17924675730583,39.90295358649789,973.1201265822785,SITE 3,EXT
2026-01-04,26.499271844660193,21.770714285714284,15.069403606102636,33.45738942826321,17.628294036061025,39.868238557558946,973.3379472954231,SITE 3,EXT
2026-01-05,32.90337482710927,27.627268326417703,18.90899031811895,33.86660519440603,18.084370677731673,40.90179806362379,972.7858229598894,SITE 3,EXT
2026-01-06,43.29726454293629,37.82549168975069,24.416004155124654,32.865497076023395,17.24684518313327,40.35595567867036,972.5906925207756,SITE 3,EXT
2026-01-07,43.051178918169214,37.32315533980582,23.44018723994452,33.20157189089228,13.314840499306518,32.576976421636616,972.9848404993064,SITE 3,EXT
2026-01-08,28.146851595006936,24.02991678224688,15.333959778085992,29.92679919864386,8.236245954692558,26.04854368932039,975.0811234396671,SITE 3,EXT
2026-01-09,54.34587278106508,47.58485207100592,31.828831360946747,30.677186061801446,8.428665351742275,25.899408284023668,973.9697337278108,SITE 3,EXT
2026-01-10,37.50643055555555,31.790666666666667,20.818305555555558,31.9320987654321,4.574845679012346,18.993055555555557,973.1246249999999,SITE 3,EXT
2026-01-11,52.30675450762829,44.43315533980583,28.71781553398058,32.27693018955155,4.821235937740792,18.711511789181692,972.1390291262136,SITE 3,EXT
2026-01-12,71.78385575589459,61.95440360610264,38.89517337031901,31.62428725535522,5.525504700261982,21.31761442441054,972.1812205270459,SITE 3,EXT
2026-01-13,93.36972954230235,82.55960471567268,50.85201109570042,31.222068115272002,7.439513022037294,24.653259361997225,971.7553675450763,SITE 3,EXT
2026-01-14,94.49724687933426,84.41417475728156,53.7849653259362,31.658190784404376,8.56295268916628,26.120665742024965,971.927226074896,SITE 3,EXT
2026-01-15,80.15017337031901,71.09311373092926,45.10027045769764,31.950993989828945,11.339189397441825,29.50624133148405,972.0865880721221,SITE 3,EXT
2026-01-16,54.81217930029155,46.94429300291545,30.8840889212828,32.30401684483317,8.398121153223194,25.132653061224488,972.3739650145773,SITE 3,EXT
2026-01-17,39.56312066574202,31.13643550624133,20.40269764216366,32.295423023578365,3.46432424102327,16.993065187239946,971.5159500693482,SITE 3,EXT
2026-01-18,65.32981276005547,56.86314840499307,36.15278085991678,31.591154261057174,5.429187856372323,21.288488210818308,971.0124410540915,SITE 3,EXT
2026-01-19,80.40867545076283,72.29030513176144,46.09520110957004,32.044228694714135,6.131915549391278,21.7628294036061,970.4023855755895,SITE 3,EXT
2026-01-20,65.76157580919931,59.10037478705281,40.03120954003407,30.10600037857278,7.285633162975582,24.846678023850085,971.6782964224873,SITE 3,EXT
2026-01-21,51.12911805555555,43.65584722222222,28.971520833333333,30.817901234567902,5.7692901234567895,21.280555555555555,971.7767916666667,SITE 3,EXT
2026-01-22,39.771518723994454,33.4545145631068,23.445471567267685,30.31900138696255,2.982740021574973,18.20249653259362,972.5800970873786,SITE 3,EXT
2026-01-23,38.10671328671329,31.573083916083917,22.345433566433567,30.802641802641805,1.7055167055167058,16.050349650349652,972.8563356643357,SITE 3,EXT
2026-01-24,55.833058252427186,48.995034674063795,33.59662274618585,31.4763445831407,1.0348281707505007,14.718446601941748,973.7115811373094,SITE 3,EXT
2026-01-25,35.55125520110957,29.669868238557555,21.72377947295423,30.935429187856375,-3.795654184003699,10.782246879334258,974.196851595007,SITE 3,EXT
2026-01-26,37.765672676837724,31.399223300970874,21.82100554785021,30.79442132840191,-1.1542610571736787,13.044382801664355,973.5609431345353,SITE 3,EXT
2026-01-27,53.015665742024964,45.36459084604716,31.127094313453533,31.33148404993065,-2.2507320080135615,11.997226074895977,973.4508183079057,SITE 3,EXT
2026-01-28,70.98598611111112,62.33110416666666,42.18599305555556,31.865740740740744,-0.16435185185185186,13.452777777777778,973.1570972222222,SITE 3,EXT
2026-01-29,73.20426388888889,65.44146527777778,44.81033333333333,32.097993827160494,1.457561728395062,16.381944444444443,973.4886805555556,SITE 3,EXT
2026-01-30,87.22644937586685,78.06356449375868,51.44044382801664,32.43643088303283,1.6350747418708584,16.06380027739251,973.2337170596394,SITE 3,EXT
2026-01-31,92.77900138696256,84.66633148404993,57.27183079056865,32.11280628756357,7.592849437509631,22.865464632454923,972.6574063800277,SITE 3,EXT
2026-02-01,76.54126213592232,69.80788488210818,48.88558252427184,32.87101248266297,10.012328556017875,26.23855755894591,971.9153259361997,SITE 3,EXT
2026-02-02,62.71681944444445,57.177659722222224,42.34755555555556,34.01543209876544,12.575617283950619,28.31388888888889,971.1802361111112,SITE 3,EXT
2026-02-03,51.776775312066576,46.94002773925104,34.931463245492374,29.340422253043613,16.192787794729544,46.33287101248266,973.7564355062414,SITE 3,EXT
2026-02-04,44.819520833333335,39.875875,30.683458333333334,31.49845679012346,14.349537037037036,38.99305555555556,973.899,SITE 3,EXT
2026-02-05,85.85119117647058,78.309,52.854323529411765,31.055555555555554,8.926470588235293,25.723529411764705,972.7083529411766,SITE 3,EXT
2026-02-06,82.9249375,76.39470138888889,52.21768055555556,32.73148148148148,7.2932098765432105,23.7125,973.9257777777779,SITE 3,EXT
2026-02-07,65.63817361111111,59.594208333333334,42.98554166666667,33.111111111111114,8.224537037037038,24.358333333333334,974.5097083333333,SITE 3,EXT
2026-02-08,68.18045076282941,61.984570041608876,44.552378640776695,33.30636461704423,4.498381877022654,18.68515950069348,973.2938973647712,SITE 3,EXT
2026-02-09,74.64990845070422,67.89610563380282,48.26782394366197,33.50469483568075,4.253521126760563,17.011267605633805,971.9059718309859,SITE 3,EXT
2026-02-10,70.99303744798891,64.34608876560333,46.04357142857143,33.032054245646485,4.056865464632455,17.205270457697644,972.4204576976422,SITE 3,EXT
2026-02-11,69.74283333333332,64.39413194444445,47.41904861111111,33.11188271604938,10.023919753086421,25.630555555555556,973.3441388888889,SITE 3,EXT
2026-02-12,64.8705589123867,59.80439577039275,44.56141238670695,35.181268882175225,12.153407183618665,26.951661631419938,973.3154531722054,SITE 3,EXT
2026-02-13,49.64692094313454,45.00824549237171,36.174049930651876,35.115580212667595,14.023732470334412,29.869625520110958,972.5827184466019,SITE 3,EXT
2026-02-14,43.21689620758483,38.480908183632735,31.562904191616767,34.434464404524284,14.712796628964295,32.97005988023952,970.9961876247505,SITE 3,EXT
2026-02-15,38.75168067226891,34.079019607843136,29.98652661064426,32.04481792717087,17.766884531590414,43.99159663865546,972.9078011204482,SITE 3,EXT
2026-02-16,43.58510387811634,36.59358033240997,28.341246537396124,31.82748538011696,9.14666051092644,30.764542936288088,974.4253047091412,SITE 3,EXT
2026-02-17,63.04624653739612,54.038788088642654,37.79770775623269,32.38688827331487,1.1611265004616806,14.933518005540167,973.5669667590028,SITE 3,EXT
2026-02-18,79.55056485355648,68.93451882845189,46.33055788005579,32.45932124593213,3.063691306369131,17.96652719665272,972.1722315202231,SITE 3,EXT
2026-02-19,88.32115629984051,79.50439393939394,54.77641148325358,32.69271664008507,4.182172603225235,21.46730462519936,971.3474960127592,SITE 3,EXT
2026-02-20,77.36582409972299,71.19500692520775,51.33105263157894,32.42305324715297,4.009695290858725,20.609418282548475,972.4692520775624,SITE 3,EXT
2026-02-21,83.513324099723,77.50851800554017,55.400193905817176,32.769313634964604,5.043090181594337,20.350415512465375,973.1526731301939,SITE 3,EXT
2026-02-22,82.48475069252078,77.13201523545706,55.77552631578948,32.949369036626656,1.4912280701754388,16.93628808864266,972.4746398891966,SITE 3,EXT
2026-02-23,78.38542936288088,73.7512673130194,54.98713296398892,33.23022468451831,1.9675284702985536,16.66343490304709,970.4931855955679,SITE 3,EXT
2026-02-24,74.60898340248963,70.96424619640388,53.810988934993084,33.54694943906562,5.348086675887506,18.80359612724758,969.4952282157677,SITE 3,EXT
2026-02-25,62.76822714681441,59.80552631578947,48.10144044321329,33.790397045244696,9.670667897814713,24.32409972299169,970.4252354570638,SITE 3,EXT
2026-02-26,63.589072022160664,60.11524238227147,47.83601800554017,34.01892890120037,10.363188673437982,24.87673130193906,971.3266343490304,SITE 3,EXT
2026-02-27,51.77272853185596,49.393891966759,42.232430747922436,34.34903047091413,16.706678978147124,36.12742382271468,971.4608864265928,SITE 3,EXT
2026-02-28,49.62544260027663,47.79982710926694,41.84614107883817,34.17166128784386,17.44352236053481,37.871369294605806,971.0396818810511,SITE 3,EXT
2026-03-01,58.10382271468144,54.67255540166205,41.376911357340724,33.75961834410588,13.504924592182212,31.583102493074794,970.3364404432133,SITE 3,EXT
2026-03-02,60.17424619640388,56.62376210235132,44.36686030428769,31.801905640079912,14.5051483018288,36.60027662517289,972.0155739972338,SITE 3,EXT
2026-03-03,57.01031855955678,52.92549168975069,40.91395429362881,33.898891966759,8.778085564789167,21.930747922437675,972.1582548476455,SITE 3,EXT
2026-03-04,52.73337482710927,50.2896265560166,42.59825726141079,35.81220224373752,11.225603196557554,23.774550484094053,971.2876486860304,SITE 3,EXT
2026-03-05,44.37896814404432,43.298580332409976,39.09472299168975,35.41935980301631,17.259156663588797,35.5803324099723,971.7002493074791,SITE 3,EXT
2026-03-06,43.94401798063624,42.83775933609959,38.33726141078838,35.96204087905333,18.10281235592439,36.31811894882434,970.1841078838174,SITE 3,EXT
2026-03-07,45.88100436681223,44.29662663755458,38.52255458515284,30.64774381368268,19.131489568170792,50.96069868995633,971.4338209606987,SITE 3,EXT
2026-03-08,52.2715027700831,49.92554016620498,40.84545706371191,34.11895967990151,18.545706371191137,42.38227146814405,970.9029916897506,SITE 3,EXT
2026-03-09,45.82426694329184,43.91912171507607,37.96286998616874,35.62010142923006,17.550330413400953,36.69294605809129,970.9914384508991,SITE 3,EXT
2026-03-10,45.35949285714286,42.883114285714285,36.805814285714284,35.06825396825397,16.795238095238098,36.462857142857146,970.7206285714285,SITE 3,EXT
2026-03-11,44.427915512465376,42.895574792243764,37.53389889196676,34.953062480763315,19.084333641120345,40.95567867036011,971.1884210526316,SITE 3,EXT
2026-03-12,44.32532548476454,42.809785318559555,37.177493074792245,35.51169590643275,18.42413050169283,38.903047091412745,970.8586842105262,SITE 3,EXT
2026-03-13,40.351918282548475,37.96537396121884,34.435013850415515,35.72406894429055,17.16143428747307,34.81994459833795,970.748324099723,SITE 3,EXT
2026-03-14,43.66423822714682,41.558434903047086,37.14823407202216,35.8679593721145,16.806709756848264,34.57202216066482,969.7182409972298,SITE 3,EXT
2026-03-15,50.27746196403873,47.94230290456432,38.723734439834026,35.98125096050407,17.699400645458738,35.25726141078838,970.7316459197787,SITE 3,EXT
2026-03-16,54.8027915451895,52.59824344023323,43.74622448979592,35.94914156138646,12.8725299643667,29.11953352769679,970.9610641399418,SITE 3,EXT
2026-03-17,42.27080779944289,40.58158077994429,36.21229108635097,36.0933147632312,16.956050758279172,33.467966573816156,971.2556128133705,SITE 3,EXT
2026-03-18,42.97022130013831,40.75740663900415,36.017690179806365,35.92285231289381,17.30905179037959,34.81742738589212,970.703928077455,SITE 3,EXT
2026-03-19,43.57551246537396,41.7730540166205,36.9902216066482,36.51277316097261,17.770852570021546,34.596952908587255,970.1765235457063,SITE 3,EXT
2026-03-20,39.648081717451525,37.733150969529085,34.43130886426593,34.908433364112035,18.079409048938135,38.146814404432135,969.6151939058173,SITE 3,EXT
2026-03-21,44.56757425742575,43.178585572843,39.264688826025456,36.76646236052177,18.27911362564828,35.51626591230551,968.8246676096181,SITE 3,EXT
2026-03-22,44.96934965034965,43.400867132867134,39.1756013986014,36.411033411033415,19.269619269619273,37.92727272727273,969.1641538461538,SITE 3,EXT
2026-03-23,51.87181692094314,48.13154646324549,40.74307212205271,30.517799352750814,19.014486053321004,51.737864077669904,971.7436754507628,SITE 3,EXT
2026-03-24,42.726998616874134,40.709799446749656,36.030760719225455,33.75902873828185,19.326878745965885,44.66804979253112,971.5604702627938,SITE 3,EXT
2026-03-25,40.95978162650603,39.00906626506024,35.51119728915663,34.910475234270415,18.965863453815263,40.25,970.7784789156627,SITE 3,EXT
2026-03-26,45.81377423822715,44.51350415512465,39.496253462603875,35.525546321945214,19.078177900892584,39.56509695290859,970.1067867036011,SITE 3,EXT
2026-03-27,42.753455678670356,41.55585180055402,36.97224376731302,33.62726992920899,19.631425053862728,44.893351800554015,970.9511911357341,SITE 3,EXT
2026-03-28,41.367153739612185,39.2805540166205,35.724619113573404,32.8601108033241,18.8835026161896,45.02770083102493,972.6469944598338,SITE 3,EXT
2026-03-29,42.11489612188366,40.002375346260386,36.02773545706371,32.864727608494924,19.242843951985225,46.66759002770083,971.6842797783934,SITE 3,EXT
2026-03-30,42.448490304709146,39.09907894736842,34.541759002770085,32.375346260387815,19.30747922437673,48.11495844875346,971.0013850415512,SITE 3,EXT
2026-03-31,39.23173986486486,35.69851351351351,32.25695945945946,31.741741741741745,19.179804804804807,47.814189189189186,971.3726013513512,SITE 3,EXT
2026-04-01,44.07116504854369,41.00081137309292,35.88928571428571,33.46894744952998,13.851132686084144,34.108183079056865,972.3772815533981,SITE 3,EXT
2026-04-02,56.798231197771585,52.85220055710306,42.80054317548747,34.05060352831941,10.062674094707521,25.502785515320333,972.6047353760445,SITE 3,EXT
2026-04-03,52.29944211994421,48.48876569037657,40.15250348675035,34.07329924066325,10.95304509530451,27.05020920502092,972.7315760111577,SITE 3,EXT
2026-04-04,48.136631799163176,46.24584379358438,40.275571827057185,34.65209979854331,17.077328374399507,36.76569037656904,973.674909344491,SITE 3,EXT
2026-04-05,63.11642956764296,60.03055090655509,47.76952580195258,35.58344955834496,14.17092825042616,29.99163179916318,972.5258995815899,SITE 3,EXT
2026-04-06,57.710600558659216,55.33231145251396,46.45645251396648,35.36390440720049,14.715238981998759,31.45391061452514,972.2666061452514,SITE 3,EXT
2026-04-07,47.54109483960948,46.10362622036263,40.52487447698745,36.268402293506895,17.633658763365876,35.18549511854951,972.1894142259415,SITE 3,EXT
2026-04-08,49.06785216178522,47.48983263598326,41.46702231520223,36.062296606229665,17.140089880675657,34.67085076708508,971.576290097629,SITE 3,EXT
2026-04-09,45.861715481171544,44.38993723849372,41.52278242677824,35.07825817449249,17.835115450178215,37.15481171548117,972.1162343096233,SITE 3,EXT
2026-04-10,41.5497344461305,39.47745827010622,36.32503793626707,34.3829033889732,19.06255268925982,42.00606980273141,972.7043095599394,SITE 3,EXT
2026-04-11,45.806178623718885,43.05155197657394,38.35371156661786,33.765251342118106,19.928420367659022,45.78477306002928,972.9186090775988,SITE 3,EXT
2026-04-12,52.46446629213483,49.853700842696625,41.503518258426965,32.49453807740325,18.56819600499376,46.02387640449438,972.8988904494382,SITE 3,EXT
2026-04-13,44.043601449275364,42.19950724637681,38.631521739130434,35.65942028985507,18.85024154589372,39.07536231884058,969.9461304347825,SITE 3,EXT
2026-04-14,38.897004189944134,36.5217248603352,34.49844972067039,32.65285536933582,19.359869646182496,46.3072625698324,971.8962988826815,SITE 3,EXT
2026-04-15,52.71191176470588,50.43455182072829,42.43233193277311,35.318238406473704,16.94133208839091,37.56582633053221,970.8926330532213,SITE 3,EXT
2026-04-16,51.45377793296089,49.19512569832402,42.951787709497204,36.415270018621975,17.583798882681563,34.73882681564246,969.4400698324022,SITE 3,EXT
2026-04-17,52.55255070202808,50.23335413416537,43.14501560062403,35.9681053908823,18.797885248743285,38.18096723868955,968.7625273010921,SITE 3,EXT
2026-04-18,44.99914106145251,43.40513268156425,40.22446927374302,36.32448789571695,18.793451272501553,37.702513966480446,968.2257122905028,SITE 3,EXT
2026-04-19,48.032851063829796,46.68278723404255,43.261964539007096,36.412923561859735,19.271079590228528,38.98723404255319,968.4538581560283,SITE 3,EXT
2026-04-20,61.637123955431754,60.8066852367688,45.35262534818942,31.11343237387806,20.3659857629217,53.860724233983284,969.9313091922006,SITE 3,EXT
2026-04-21,48.149532775453274,46.98497210599721,42.98913528591353,33.26514799318147,21.06539593987293,50.12970711297071,970.796359832636,SITE 3,EXT
2026-04-22,41.25666666666667,39.85090655509065,37.813493723849376,33.38369750503642,18.906710057337673,44.25523012552301,971.3565271966527,SITE 3,EXT
2026-04-23,44.967719665271964,43.89021617852162,40.67030683403068,36.164574616457465,20.34790020145669,42.14923291492329,969.8693863319386,SITE 3,EXT
2026-04-24,46.20856345885635,44.92089958158996,40.92402370990237,35.01317216798388,19.253060591972726,40.72384937238494,969.9683821478382,SITE 3,EXT
2026-04-25,49.86163407821229,48.6597625698324,44.27159916201117,35.417442582247055,19.90689013035382,41.94832402234637,970.1886452513966,SITE 3,EXT
2026-04-26,51.09695682451253,49.576608635097486,45.01263231197772,35.37759207675642,20.099040544722996,42.26183844011142,971.8137325905293,SITE 3,EXT
2026-04-27,52.608254189944134,49.86728351955307,42.73897346368715,34.36297330850404,18.93544382371198,41.32821229050279,973.3506424581007,SITE 3,EXT
2026-04-28,47.078145048814505,45.7113040446304,42.85124128312413,35.41841004184101,19.23368975670231,40.41841004184101,972.1655230125524,SITE 3,EXT
2026-04-29,48.76323054331865,47.99084434654919,46.0001174743025,32.92298906836351,19.63370859846631,47.01762114537445,972.8747283406753,SITE 3,EXT
2026-04-30,48.842848837209296,48.22800145348837,45.41007994186046,33.889696382428944,20.967377260981912,49.10029069767442,974.0796220930233,SITE 3,EXT
2026-05-01,54.21628312412831,53.1768410041841,47.777308228730824,36.179296451262985,20.89725708972571,42.776847977684795,971.7897210599721,SITE 3,EXT
2026-05-02,46.63560669456067,45.852726638772666,43.150543933054394,35.35797303579731,21.597706493103985,45.74058577405858,971.4918410041842,SITE 3,EXT
2026-05-03,45.063393854748604,43.791305865921785,41.85208798882682,34.182184978274364,19.155027932960895,42.565642458100555,972.2970251396648,SITE 3,EXT
2026-05-04,36.350530421216845,35.41765990639626,33.3184399375975,32.67204021494193,20.385682093950425,49.34789391575663,973.5907020280812,SITE 3,EXT
2026-05-05,28.532608089260812,28.149295676429567,27.06221757322176,34.042305904230595,18.535564853556487,42.0,972.3106973500697,SITE 3,EXT
2026-05-06,36.76676429567643,36.262921896792186,34.697789400278936,34.37393460406013,18.867193553386024,41.80055788005579,971.8227336122734,SITE 3,EXT
2026-05-07,52.96924632352941,52.9088419117647,50.135625,34.728349673202615,19.671160130718956,42.01470588235294,971.6858455882352,SITE 3,EXT
2026-05-08,43.38546296296296,42.98084757834758,41.765690883190885,34.421494143716366,19.96834441278886,44.4002849002849,971.8803418803419,SITE 3,EXT
2026-05-09,30.870395537525354,30.86797160243408,28.10001014198783,31.55397791300428,20.611899932386752,53.18661257606491,974.4384989858012,SITE 3,EXT
2026-05-10,58.67984615384615,57.46234965034965,53.47818181818182,35.72494172494173,19.860916860916863,41.96363636363636,973.5002377622378,SITE 3,EXT
2026-05-11,53.477723463687155,53.380481843575424,50.598477653631285,35.620732464307885,20.945841092489136,43.779329608938546,972.8026396648044,SITE 3,EXT
2026-05-12,41.539316596931656,39.06521617852162,36.51186889818689,35.75313807531381,19.591662792499612,41.189679218967925,973.5491352859135,SITE 3,EXT
2026-05-13,37.30959778085992,33.765388349514566,30.751643550624134,35.659577746956394,19.95222684543073,41.87101248266297,973.0096116504855,SITE 3,EXT
2026-05-14,38.55894841269841,36.12412698412699,32.02472222222222,35.11904761904762,20.044091710758376,41.70238095238095,972.2193253968254,SITE 3,EXT
2026-05-15,37.6394297635605,33.77965924895688,30.082656467315715,35.080358522639465,19.48462370576418,41.67315716272601,972.2566898470099,SITE 3,EXT
2026-05-16,35.14938803894297,31.11797635605007,28.135785813630044,31.07093184979138,20.133673311698345,53.34214186369958,973.8540333796941,SITE 3,EXT
2026-05-17,37.779965325936196,33.971116504854365,30.176213592233008,34.98844197873324,21.361534905224225,46.96671289875173,974.0142718446602,SITE 3,EXT
2026-05-18,42.75152294853964,38.3755702364395,30.804144645340752,30.227940040179263,20.232576108793076,56.2336578581363,975.1186091794159,SITE 3,EXT
2026-05-19,36.6721059972106,32.70504184100418,29.782852161785218,33.28916782891679,20.905780257244693,49.92468619246862,974.4141422594141,SITE 3,EXT
2026-05-20,38.276108786610884,35.212789400278936,32.09040446304044,34.273206260653964,21.12970711297071,47.87308228730823,974.0201673640166,SITE 3,EXT
2026-05-21,39.48435146443514,35.97818688981869,31.629044630404465,34.50953045095305,21.189369285603593,47.61506276150627,974.2849790794978,SITE 3,EXT
2026-05-22,36.6579009762901,33.00124128312413,30.230941422594142,35.10460251046025,20.697350069735005,44.69037656903766,974.2960669456068,SITE 3,EXT
2026-05-23,34.04549511854951,29.37692468619247,27.330822873082287,32.505811250581125,21.018905935223927,51.80753138075314,974.0250906555091,SITE 3,EXT
2026-05-24,35.67431659693166,31.459309623430965,28.674958158995814,33.689756702309005,21.051448938478227,49.10041841004184,974.4419246861925,SITE 3,EXT
2026-05-25,43.53973463687151,38.25791201117318,29.63336592178771,30.758069522036003,20.387181874612043,54.85335195530726,975.9674301675979,SITE 3,EXT
2026-05-26,35.54433751743375,31.606394700139468,28.157510460251046,31.823957849062452,20.975515264218195,53.43654114365411,976.1407949790795,SITE 3,EXT
2026-05-27,35.93586059743954,31.87620910384068,28.77217638691323,34.29350403034614,21.091354512407143,48.02275960170697,974.6526315789474,SITE 3,EXT
2026-05-28,34.79814245810056,30.14824720670391,27.516201117318435,34.837057728119184,20.711514587212914,45.13268156424581,974.2073743016759,SITE 3,EXT
2026-05-29,41.18400837988827,36.43640363128492,29.890530726256983,33.54205462445686,20.81315952824333,48.46368715083799,975.2871089385474,SITE 3,EXT
2026-05-30,38.864244755244755,35.4562027972028,31.207363636363635,36.064491064491065,20.96114996114996,43.472727272727276,973.8572867132866,SITE 3,EXT
2026-05-31,38.97930084745763,34.37055084745762,28.545889830508475,32.30696798493409,20.507689893283114,51.83050847457627,974.150268361582,SITE 3,EXT
2026-06-01,35.75940027894003,31.115460251046024,28.057273361227335,34.20889508755617,21.19324345265768,48.06136680613668,973.6504881450488,SITE 3,EXT
2026-06-02,36.33107541899441,32.41935754189944,29.004769553072627,34.27529484792055,21.5727808814401,48.858938547486034,974.6166759776537,SITE 3,EXT
2026-06-03,34.51164804469274,29.863645251396647,26.875656424581006,35.08612662942272,20.877560521415273,45.2304469273743,975.4692458100559,SITE 3,EXT
2026-06-04,33.103,28.565085106382977,25.68150354609929,28.765169424743895,20.01733648542159,59.99716312056738,976.0242411347517,SITE 3,EXT
2026-06-05,47.47909916201118,43.567667597765364,36.35808659217877,32.72501551831161,20.04965859714463,49.608938547486034,974.0302374301676,SITE 3,EXT
2026-06-06,38.97992028985507,35.246847826086956,31.25745652173913,31.02415458937198,20.76731078904992,55.15217391304348,973.9032463768116,SITE 3,EXT
2026-06-07,33.502213687150835,28.69233938547486,26.184203910614524,32.361111111111114,20.141216635630045,50.10195530726257,976.1723463687151,SITE 3,EXT
2026-06-08,38.8411592178771,35.264790502793296,31.091159217877095,33.061762880198636,20.62849162011173,49.32122905027933,977.0593854748604,SITE 3,EXT
2026-06-09,36.107060957910015,32.63936865021771,28.603374455732943,30.070149975810356,20.347524592807613,56.83599419448476,975.321611030479,SITE 3,EXT
2026-06-10,36.9429020979021,32.664034965034965,28.119349650349648,32.34965034965035,20.67987567987568,52.085314685314685,974.7660559440559,SITE 3,EXT
2026-06-11,46.09279445727483,43.866697459584294,36.77230946882217,29.72542981780857,21.380549140364383,61.595842956120094,974.9279676674365,SITE 3,EXT
2026-06-12,40.48252094972067,37.47336592178771,33.06634776536313,31.967721911855993,21.255431409062695,54.62150837988827,976.0058240223465,SITE 3,EXT
2026-06-13,39.84220897615708,37.13058906030856,33.05658485273492,32.17079632226897,21.19682094436653,53.50210378681627,976.7692566619916,SITE 3,EXT
2026-06-14,37.05181944444445,33.38525,30.761131944444443,30.8695987654321,20.256944444444443,54.298611111111114,976.8132222222223,SITE 3,EXT
2026-06-15,39.66679362880886,36.11538781163435,32.495256232686984,33.10326254232072,20.322406894429058,48.94459833795014,976.3448476454294,SITE 3,EXT
2026-06-16,41.53547994269341,38.13713467048711,33.68292979942694,33.79337790512576,20.658229863100924,47.54727793696275,975.3560601719198,SITE 3,EXT
2026-06-17,41.88347765363128,39.23100558659218,34.74650837988827,33.60180012414649,20.924891371818745,48.694134078212294,976.0495111731843,SITE 3,EXT
2026-06-18,40.37617891816921,37.659528432732316,33.14178224687933,34.98921251348436,20.886885498535985,45.16366158113731,975.277253814147,SITE 3,EXT
2026-06-19,35.752860110803326,31.791551246537395,29.131080332409972,34.53601108033241,20.636349646044938,45.81717451523546,973.3348337950139,SITE 3,EXT
2026-06-20,37.27484743411928,33.68593619972261,30.34075589459085,33.16843889659424,20.493912775466175,48.46185852981969,972.7383772538142,SITE 3,EXT
2026-06-21,37.25495844875346,33.38994459833795,30.342313019390584,31.730532471529703,19.742997845490923,50.307479224376735,975.3060803324099,SITE 3,EXT
2026-06-22,33.99004847645429,29.571218836565095,27.43801246537396,31.715912588488766,20.400123114804554,52.408587257617725,977.0327977839336,SITE 3,EXT
2026-06-23,40.52361997226075,36.44507628294036,31.32132454923717,32.930343658499,19.873632300816766,48.23439667128987,975.4066851595006,SITE 3,EXT
2026-06-24,36.80184903047092,33.339494459833794,30.636759002770084,33.77116035703293,20.325484764542935,47.13573407202216,975.4910664819945,SITE 3,EXT
2026-06-25,41.005976454293624,38.687680055401664,34.07268005540166,34.35364727608495,20.082333025546323,44.729916897506925,976.8073268698062,SITE 3,EXT
2026-06-26,40.84478502080444,38.58471567267684,33.96936199722607,33.5236554168593,20.570966250577904,48.319001386962555,976.5605409153953,SITE 3,EXT
2026-06-27,39.56961911357341,37.41064404432133,34.030650969529084,32.297630040012315,20.388581101877502,50.69806094182825,975.9332963988919,SITE 3,EXT
2026-06-28,40.130567867036014,38.31146814404432,34.76527008310249,33.62419205909511,20.626346568174824,47.9404432132964,975.2319252077561,SITE 3,EXT
2026-06-29,40.7651386962552,37.97700416088765,34.63151872399445,31.323008167668362,19.691015564801972,51.302357836338416,974.9240638002774,SITE 3,EXT
2026-06-30,38.78747222222222,35.9358125,33.00680555555556,32.63503086419753,20.478395061728396,50.12916666666667,975.2990555555555,SITE 3,EXT
2026-07-01,39.124965325936195,36.40071428571429,33.29004854368932,32.069656341501,20.393743257820926,51.31761442441054,975.7651317614425,SITE 3,EXT
2026-07-02,39.719536011080336,37.542015235457065,33.85977146814405,32.6346568174823,20.66558941212681,50.96814404432133,976.4074653739611,SITE 3,EXT
2026-07-03,36.74142857142857,33.60667128987517,31.490131761442438,30.955463091385425,20.203421174294963,53.99722607489598,976.1887378640777,SITE 3,EXT
2026-07-04,41.02286703601108,37.60497922437673,34.259605263157894,30.61095721760542,20.160049245921822,54.64819944598338,976.2422437673131,SITE 3,EXT
2026-07-05,42.48615117891817,40.16612343966713,35.84754507628294,33.729388195407616,20.6333795654184,48.0748959778086,975.7221636615812,SITE 3,EXT
2026-07-06,39.39046398891967,37.2357756232687,33.930796398891964,32.363804247460756,21.178824253616497,52.75069252077562,975.3368698060941,SITE 3,EXT
2026-07-07,42.051699507389166,41.00768472906404,36.46022167487685,30.287356321839084,20.856595511767924,57.724137931034484,976.3490147783251,SITE 3,EXT
2025-12-01,36.75290104947526,32.34269865067466,20.685412293853073,32.61286023654839,19.080459770114945,46.75262368815592,964.2857421289355,SITE 4,EXT
2025-12-02,38.72616343490305,35.037070637119115,22.581225761772853,32.08679593721145,19.356725146198833,48.23545706371191,964.1177700831025,SITE 4,EXT
2025-12-03,31.555632823365787,27.76112656467316,17.330806675938803,33.52341214649977,11.913150981301191,31.31432545201669,965.054311543811,SITE 4,EXT
2025-12-04,28.7867081604426,24.37423236514523,14.651486860304287,33.29875518672199,8.253419394498232,23.608575380359614,965.4704979253113,SITE 4,EXT
2025-12-05,37.378297872340426,32.94881458966565,20.816603343465047,33.294495103005744,6.184566024991557,21.278115501519757,965.8446200607902,SITE 4,EXT
2025-12-06,47.291189488243425,41.90060857538036,26.799128630705393,32.51959428307976,5.180574765637006,20.24619640387275,965.7390594744121,SITE 4,EXT
2025-12-07,41.77705394190872,37.30930843706778,23.618181189488244,32.919932380513295,4.873981865683111,19.510373443983404,965.7590871369293,SITE 4,EXT
2025-12-08,41.504309352517986,36.64358992805755,22.7341654676259,32.84412470023981,5.140687450039968,19.284892086330935,965.914762589928,SITE 4,EXT
2025-12-09,117.19178048780488,104.26253658536585,63.86912195121951,33.2520325203252,11.192411924119243,26.970731707317075,967.208243902439,SITE 4,EXT
2025-12-10,70.8321438450899,62.35564315352697,39.30295297372061,33.126632856923315,13.060550176732749,31.502074688796682,966.845214384509,SITE 4,EXT
2025-12-11,57.614958391123444,48.36830790568655,30.728418862690706,33.56526429341963,13.594544613962091,32.63245492371706,966.053495145631,SITE 4,EXT
2025-12-12,56.605608575380366,47.85764868603043,29.97587828492393,33.39557399723375,13.916551406177964,33.520055325034576,964.7948686030428,SITE 4,EXT
2025-12-13,48.19998616874135,41.80597510373444,26.88224757952974,33.49316121100354,17.113877362840018,40.83679114799447,964.7092392807746,SITE 4,EXT
2025-12-14,42.55521438450899,37.59831258644537,22.81744121715076,30.88366374673429,18.541570616259413,49.54771784232365,965.8418395573998,SITE 4,EXT
2025-12-15,42.01820193637621,36.55088520055325,23.041991701244815,29.943906562163825,18.032887659443677,51.0,967.7481604426004,SITE 4,EXT
2025-12-16,33.717897648686034,29.507918395573995,18.31686030428769,30.66082680190564,12.31980943599201,34.863070539419084,967.1756569847856,SITE 4,EXT
2025-12-17,38.75665975103734,33.4154633471646,19.92200553250346,32.05701552174581,11.623636084216997,31.62655601659751,965.8863762102351,SITE 4,EXT
2025-12-18,28.54130705394191,24.732544951590597,14.981998616874137,32.38742892269863,9.30382664822499,26.35961272475795,966.2180359612724,SITE 4,EXT
2025-12-19,39.15421161825726,32.79580221300139,19.584363762102353,31.858767481174123,8.645305056093438,25.914246196403873,966.4607883817428,SITE 4,EXT
2025-12-20,39.269986168741355,33.0034163208852,18.845,32.656370063009064,7.820039956969419,23.49515905947441,965.6373997233748,SITE 4,EXT
2025-12-21,46.55047468354431,40.156147151898736,23.516819620253163,31.496132208157523,7.498241912798876,23.895569620253166,964.6634810126582,SITE 4,EXT
2025-12-22,36.668112033195015,31.71338174273859,20.20862378976487,33.201167972952206,7.4896265560165975,22.369294605809127,964.5315629322267,SITE 4,EXT
2025-12-23,70.52843015214384,63.087060857538034,40.11864453665283,32.84770247425849,8.686030428769017,24.276625172890732,964.8171507607193,SITE 4,EXT
2025-12-24,56.44346047156727,49.633280166435505,31.99966019417476,31.672830944675606,12.206040992448761,31.434119278779473,965.0088765603329,SITE 4,EXT
2025-12-25,55.13643351800554,47.200512465373954,30.611357340720225,33.988919667590025,16.885964912280702,38.78947368421053,965.81,SITE 4,EXT
2025-12-26,60.42435754189944,51.550516759776535,33.33312150837989,34.449875853507145,13.386095592799505,30.635474860335197,966.2079888268157,SITE 4,EXT
2025-12-27,64.01407692307693,54.59116083916084,31.37306293706294,33.992229992229994,11.155400155400155,28.416783216783216,966.306979020979,SITE 4,EXT
2025-12-28,37.7416969273743,32.39102653631285,21.021703910614526,33.08038485412788,6.426908752327747,20.539106145251395,966.5287569832402,SITE 4,EXT
2025-12-29,60.23630769230769,52.92793706293706,33.2153006993007,33.14452214452215,7.1134421134421135,21.62937062937063,966.6798041958043,SITE 4,EXT
2025-12-30,57.21267782426778,48.561499302649935,31.521241283124127,34.179451417945145,16.978924531225786,38.93305439330544,967.7923988842399,SITE 4,EXT
2025-12-31,55.592719054242,48.52780250347705,31.558810848400555,34.37722144954412,15.730953484778242,37.39638386648122,967.049735744089,SITE 4,EXT
2026-01-01,59.118298611111115,51.63059027777778,33.61152777777777,34.083333333333336,10.804783950617283,27.61111111111111,965.6612222222221,SITE 4,EXT
2026-01-02,61.91037552155772,54.51845618915159,35.13092489568845,34.090557873589866,16.73002627105548,39.866481223922115,965.9392489568845,SITE 4,EXT
2026-01-03,59.126847222222224,52.80138194444445,34.33271527777778,33.52546296296297,17.529320987654323,41.94861111111111,966.2411111111111,SITE 4,EXT
2026-01-04,38.01047916666666,33.33190277777778,22.19751388888889,32.48996913580247,17.844135802469136,42.94444444444444,966.4610555555555,SITE 4,EXT
2026-01-05,49.01471527777778,43.23246527777778,28.34453472222222,33.63194444444444,18.13888888888889,42.6125,965.9505694444445,SITE 4,EXT
2026-01-06,68.6469513888889,60.06900694444444,34.83835416666667,32.67901234567901,17.61574074074074,42.540277777777774,965.758763888889,SITE 4,EXT
2026-01-07,47.96777855153203,40.95955431754874,26.610891364902507,34.47848963169298,13.637418755803159,32.94568245125348,966.1148328690807,SITE 4,EXT
2026-01-08,26.47967451523546,23.604916897506925,14.97514542936288,31.054170514004312,8.691905201600493,25.481994459833796,968.2067867036012,SITE 4,EXT
2026-01-09,45.29463687150838,40.14024441340782,25.2943156424581,32.42939168218498,6.624767225325885,22.441340782122904,967.1020810055866,SITE 4,EXT
2026-01-10,43.26088520055325,36.80497233748271,23.233374827109266,32.98294144767174,4.976179499001076,19.497925311203318,966.3893637621023,SITE 4,EXT
2026-01-11,57.68258741258742,46.64645454545454,26.621223776223776,33.15695415695416,3.3030303030303036,16.372027972027972,965.4607972027972,SITE 4,EXT
2026-01-12,78.77564066852368,63.25114902506964,35.467402506963786,33.06561436087899,2.3522129371711546,15.374651810584957,965.4584679665738,SITE 4,EXT
2026-01-13,98.0478808864266,81.4671191135734,47.875540166204985,32.69082794706063,3.5649430594028937,17.222991689750693,965.0044321329639,SITE 4,EXT
2026-01-14,106.81474860335196,88.45379888268157,49.49042597765363,33.19599627560522,5.110955927995034,18.800279329608937,965.1448184357541,SITE 4,EXT
2026-01-15,96.49748607242341,80.46027158774373,48.28077994428969,33.30857319715258,8.992571959145776,23.856545961002787,965.2577019498608,SITE 4,EXT
2026-01-16,68.75066155988858,54.77073119777159,33.4483286908078,33.84555865057258,7.168833178582482,21.579387186629525,965.5973955431756,SITE 4,EXT
2026-01-17,53.448562499999994,40.162062500000005,22.30997222222222,33.8912037037037,1.6905864197530864,13.743055555555555,964.7674722222222,SITE 4,EXT
2026-01-18,66.32671507607192,53.79383125864454,32.36908022130014,33.30182879975411,2.2398954971569083,15.529737206085754,964.2698478561549,SITE 4,EXT
2026-01-19,67.71717150760719,56.82733056708161,35.28491009681881,34.09174734900876,2.814661134163209,15.34716459197787,963.6777316735823,SITE 4,EXT
2026-01-20,56.9826108033241,48.661184210526315,29.456925207756235,32.83471837488458,4.736072637734688,18.34072022160665,964.7879085872576,SITE 4,EXT
2026-01-21,47.89924410540916,38.3022052704577,22.020700416088765,32.26306056403144,5.7728463553706275,20.575589459084604,965.0522052704578,SITE 4,EXT
2026-01-22,35.94171983356449,30.00359223300971,18.434833564493758,32.31391585760518,2.1251348435814457,15.830790568654646,965.8668932038835,SITE 4,EXT
2026-01-23,64.22365034965036,54.07858041958042,29.150573426573427,32.25330225330226,0.651903651903652,13.897902097902097,966.1839860139861,SITE 4,EXT
2026-01-24,42.60905555555556,36.477868055555554,24.181055555555556,33.63966049382716,-0.28009259259259256,12.4,967.085138888889,SITE 4,EXT
2026-01-25,30.44639583333333,25.982833333333332,17.36528472222222,32.683641975308646,-4.261574074074074,10.65,967.6165416666668,SITE 4,EXT
2026-01-26,25.95521648044693,22.04846368715084,14.527506983240222,33.018311607697086,-1.3795779019242707,11.822625698324023,967.0061033519553,SITE 4,EXT
2026-01-27,45.68971488178025,37.42643949930459,22.19165507649513,33.19966002163498,-4.3980837583062895,9.499304589707927,966.8766203059806,SITE 4,EXT
2026-01-28,62.06916434540389,49.87930362116991,29.657040389972146,33.248220365212006,-2.131692974311359,10.86350974930362,966.5977576601671,SITE 4,EXT
2026-01-29,66.05050069541029,54.30925591098749,32.73361613351878,33.92752279400402,-1.6226240148354196,11.48817802503477,966.8588317107093,SITE 4,EXT
2026-01-30,66.18440972222223,55.72170833333333,34.742986111111115,33.816358024691354,-2.8510802469135803,10.430555555555555,966.6458194444444,SITE 4,EXT
2026-01-31,64.56091098748261,55.04315020862309,35.73757301808067,33.796940194714885,3.4368721990418796,15.248956884561892,966.0031849791377,SITE 4,EXT
2026-02-01,60.26595138888889,49.94661111111111,32.60619444444444,34.2337962962963,8.219135802469136,22.655555555555555,965.2315277777777,SITE 4,EXT
2026-02-02,66.50302228412257,55.99450557103064,36.042611420612815,34.74543484989167,11.396626431445373,25.715877437325904,964.5163927576602,SITE 4,EXT
2026-02-03,49.470235457063716,41.02378808864266,26.91961218836565,28.03785780240074,16.52200677131425,51.64819944598338,967.0125484764544,SITE 4,EXT
2026-02-04,49.645319001386966,41.778696255201105,27.056421636615813,32.198335644937586,14.525350593311758,40.0748959778086,967.0285159500694,SITE 4,EXT
2026-02-05,49.59811543810848,42.95671766342142,28.348852573018082,34.111420182352035,4.020244166280328,19.11961057023644,965.590973574409,SITE 4,EXT
2026-02-06,56.80796657381616,50.183502785515316,33.00321727019499,34.3910554008047,3.9786443825441045,17.13091922005571,967.0643732590529,SITE 4,EXT
2026-02-07,48.42271784232365,41.35625172890733,27.50168049792531,34.53204241585985,6.816505301982481,21.564315352697097,967.7609128630705,SITE 4,EXT
2026-02-08,46.91307371349096,39.38472878998609,26.380431154381082,35.31447998763716,1.3660948848709629,13.554937413073713,966.5700973574409,SITE 4,EXT
2026-02-09,44.54912256267409,36.92219359331476,23.188544568245124,34.87310430207366,2.545651501083256,14.565459610027855,965.2980919220056,SITE 4,EXT
2026-02-10,40.32149721448468,33.83292479108635,21.706504178272983,33.73026926648097,2.7576601671309193,15.335654596100278,965.865905292479,SITE 4,EXT
2026-02-11,56.217061281337045,47.72964484679666,31.632214484679665,34.31600123800681,7.712008666047664,21.075208913649025,966.7107938718663,SITE 4,EXT
2026-02-12,54.353423611111104,45.692881944444444,30.508034722222224,35.708333333333336,11.449074074074074,27.03611111111111,966.76025,SITE 4,EXT
2026-02-13,52.51378133704735,44.40717966573816,29.55095403899721,34.98916744042092,13.371247291860106,30.37883008356546,965.8698050139276,SITE 4,EXT
2026-02-14,49.514220963172804,43.335828611898016,28.794050991501415,34.92603084671073,15.598835379288639,36.44900849858357,964.6481161473087,SITE 4,EXT
2026-02-15,35.76262169680111,30.861043115438108,20.60920723226704,31.051614897233815,18.123164889507034,48.95549374130737,966.0815716272601,SITE 4,EXT
2026-02-16,52.62426286509041,38.588212795549374,20.523880389429763,33.10693864935868,9.174007108638541,29.80250347705146,967.5952155771905,SITE 4,EXT
2026-02-17,55.6033988764045,36.73776217228465,17.355093632958802,33.48314606741573,-1.4617145235122764,12.110486891385769,967.0180337078651,SITE 4,EXT
2026-02-18,83.24265432098765,61.04827160493827,34.605370370370366,29.88340192043896,3.1687242798353914,18.08641975308642,965.8785185185186,SITE 4,EXT
2026-02-19,62.01952580195258,47.549309623430965,28.08749651324965,33.90438555710522,-2.215248721524872,11.640167364016737,964.9952022315204,SITE 4,EXT
2026-02-20,77.57427385892116,65.89959889349932,41.44494467496542,33.72982941447672,-1.3324112494236977,12.322268326417705,965.8302074688796,SITE 4,EXT
2026-02-21,67.76490972222223,56.02140277777778,34.65277777777778,34.1195987654321,1.0354938271604939,13.626388888888888,966.5464999999999,SITE 4,EXT
2026-02-22,53.5596675900277,43.89563711911357,26.837970914127425,35.26238842720837,-4.61295783317944,8.83240997229917,965.8877423822714,SITE 4,EXT
2026-02-23,58.26421052631579,47.69229224376731,30.04467451523546,35.243151738996616,-3.0894121268082486,9.947368421052632,963.9787534626039,SITE 4,EXT
2026-02-24,55.62417012448133,45.83969571230982,29.922213001383124,34.625019210081454,1.3331796526817274,12.965421853388658,963.0334716459197,SITE 4,EXT
2026-02-25,55.91711911357341,44.337167590027704,28.640277008310246,34.04739919975377,7.193751923668821,20.099722991689752,963.9445983379501,SITE 4,EXT
2026-02-26,60.13807531380753,46.77629707112971,29.256485355648536,33.86254455292112,9.518828451882845,24.456066945606693,964.8426778242678,SITE 4,EXT
2026-02-27,52.35004888268157,39.17477653631285,24.681082402234637,32.858472998137806,16.65735567970205,39.70949720670391,964.9836173184358,SITE 4,EXT
2026-02-28,47.26034217877095,36.71708100558659,23.51605446927374,32.745965238982,17.947703289882064,43.01675977653631,964.5324301675977,SITE 4,EXT
2026-03-01,47.13943356643357,37.18746153846154,23.940538461538463,34.540792540792545,14.278166278166278,34.366433566433564,963.7285594405595,SITE 4,EXT
2026-03-02,43.0794343575419,35.95118715083799,23.5076187150838,30.86126629422719,15.150527622594664,41.37849162011173,965.339315642458,SITE 4,EXT
2026-03-03,47.688421787709494,36.22078910614525,22.09586592178771,34.46927374301676,8.80741775294848,22.07262569832402,965.5562988826816,SITE 4,EXT
2026-03-04,55.927597222222225,44.082923611111106,28.038090277777776,35.71604938271605,10.523919753086421,23.22361111111111,964.6991666666667,SITE 4,EXT
2026-03-05,46.86848214285714,38.057291666666664,25.822619047619046,29.581679894179896,18.136574074074076,51.44345238095238,966.1675297619047,SITE 4,EXT
2026-03-26,52.45715277777778,41.96402777777777,28.219930555555557,32.70061728395061,19.799382716049383,47.02777777777778,963.9038888888889,SITE 4,EXT
2026-03-27,43.120610263522885,36.225533980582526,24.815457697642163,31.917090460779782,20.29973801818462,51.9251040221914,964.1336893203884,SITE 4,EXT
2026-03-28,34.06800694444444,29.561444444444447,20.122944444444446,31.246913580246915,19.635802469135804,51.979166666666664,965.778013888889,SITE 4,EXT
2026-03-29,31.74842618384401,25.923809192200554,16.754004178272982,31.251934385639125,19.55354379449087,53.901114206128135,964.7703760445683,SITE 4,EXT
2026-03-30,21.74958158995816,18.058326359832634,11.861659693165969,32.61351309468464,20.005423833875717,50.76987447698745,964.0388842398884,SITE 4,EXT
2026-03-31,23.518783031988875,20.452378303198888,14.138776077885954,31.456498222840366,19.537938494823056,50.64394993045897,964.6636300417247,SITE 4,EXT
2026-04-01,44.8257371349096,34.34375521557719,19.89266342141864,34.304589707927676,14.408128573636224,35.933240611961054,965.3243532684284,SITE 4,EXT
2026-04-02,56.76681440443213,42.766426592797785,25.222146814404432,34.830717143736535,9.469836872883965,24.789473684210527,965.7437673130194,SITE 4,EXT
2026-04-03,58.15286211699164,43.79880222841226,25.750194986072422,34.22934076137419,9.178272980501394,23.832869080779943,965.9346239554318,SITE 4,EXT
2026-04-04,43.08185595567867,33.615443213296395,21.918407202216066,33.88273314866113,16.535087719298247,38.87257617728532,966.9404847645429,SITE 4,EXT
2026-04-05,44.2059487534626,35.03448753462604,22.93334487534626,36.62742382271468,13.176361957525394,27.358725761772853,965.7687950138503,SITE 4,EXT
2026-04-06,41.79036754507628,33.80778085991678,22.470748959778085,35.42764678687009,13.287871783017415,29.51595006934813,965.5136754507628,SITE 4,EXT
2026-04-07,40.01622754491018,33.53451347305389,23.238547904191616,34.70059880239521,18.382401862940785,40.77694610778443,965.6882185628742,SITE 4,EXT
2026-04-08,32.167962447844225,27.88627260083449,19.849763560500694,35.67763869571937,17.52356668212023,38.230876216968014,964.9002225312935,SITE 4,EXT
2026-04-09,30.763715083798882,25.864120111731843,17.677562849162012,33.11297330850404,18.316263190564868,43.73882681564246,965.436969273743,SITE 4,EXT
2026-04-10,30.218216783216786,24.899083916083917,16.573363636363638,32.7000777000777,19.360528360528363,47.98041958041958,965.8595244755246,SITE 4,EXT
2026-04-11,27.53146853146853,22.311811188811188,14.825853146853147,32.583527583527584,20.216783216783217,50.05734265734266,966.2134825174826,SITE 4,EXT
2026-04-12,17.799916083916084,14.960405594405595,10.236818181818181,33.27428127428128,19.891996891996893,50.05034965034965,966.0431888111888,SITE 4,EXT
2026-04-13,24.769344490934447,20.40773361227336,13.742956764295677,36.415620641562064,19.074848907484892,39.81311018131102,963.0815760111576,SITE 4,EXT
2026-04-14,22.48266061452514,19.427395251396646,13.611641061452513,30.326660459342026,19.900682805710737,54.91340782122905,965.0423882681564,SITE 4,EXT
2026-04-15,31.117827298050138,26.046037604456824,17.436183844011143,35.59579077684927,17.300371402042714,40.2075208913649,964.0530501392757,SITE 4,EXT
2026-04-16,30.11404432132964,25.017153739612187,17.128767313019388,36.552016004924596,17.503847337642352,35.785318559556785,962.6477146814404,SITE 4,EXT
2026-04-17,37.15971606648199,30.736024930747924,21.071274238227147,36.590489381348114,18.24638350261619,37.95290858725762,961.6386149584487,SITE 4,EXT
2026-04-18,33.777957063711916,28.50286703601108,19.73072022160665,34.47983995075408,19.00123114804555,43.27423822714682,961.4501800554017,SITE 4,EXT
2026-04-19,34.95339285714286,29.41962797619048,20.653043154761903,35.89616402116402,19.442791005291006,42.48809523809524,961.5879166666666,SITE 4,EXT
2026-04-20,28.45490304709141,24.231759002770087,17.365685595567868,30.51092643890428,21.352723915050785,60.2382271468144,963.1373961218836,SITE 4,EXT
2026-04-21,37.422401639344265,31.07783606557377,21.209295081967213,30.982695810564664,21.14298724954463,57.70983606557377,963.8072295081968,SITE 4,EXT
2026-04-22,24.39429469273743,20.13957402234637,13.794036312849164,31.86685288640596,18.94630664183737,49.55027932960894,964.4781983240224,SITE 4,EXT
2026-04-23,26.072479166666668,22.156875,15.567722222222223,35.64814814814815,20.530864197530864,45.175,963.0070277777778,SITE 4,EXT
2026-04-24,30.604297635605008,26.1917107093185,18.57115438108484,32.70978210477515,19.812239221140473,48.280945757997216,963.1508205841445,SITE 4,EXT
2026-04-25,46.30098748261475,37.75294853963838,26.325173852573016,32.837273991655074,20.401792613197344,50.22531293463143,963.4520305980528,SITE 4,EXT
2026-04-26,47.48494436717664,38.61056328233658,26.432913769123783,32.51738525730181,20.496059341678258,51.09457579972184,965.1025312934631,SITE 4,EXT
2026-04-27,28.644193324061195,24.06634909596662,16.767232267037553,34.56111883789214,19.338587544428993,43.19888734353268,966.5082892906814,SITE 4,EXT
2026-04-28,32.29956764295677,26.94292887029289,18.87726638772664,33.38137300480397,19.437470943747098,46.691771269177124,965.2705299860529,SITE 4,EXT
2026-04-29,23.99293175487465,20.788370473537604,15.011065459610027,31.064685855772208,20.153977096874033,54.24651810584958,966.0304038997214,SITE 4,EXT
2026-04-30,29.366870653685673,25.47750347705146,18.368421418636995,33.211250193169526,21.1381548446917,51.82614742698192,967.1117246175243,SITE 4,EXT
2026-05-01,27.583169209431347,23.224563106796115,16.543529819694868,36.29758052088149,20.34597010325166,41.83911234396671,964.8142579750346,SITE 4,EXT
2026-05-02,30.58050209205021,26.715397489539747,19.46334030683403,32.6437315977065,21.776693011002635,53.80892608089261,964.5885216178522,SITE 4,EXT
2026-05-03,20.62690542420028,17.9597983310153,13.066001390820585,31.42559109874826,19.710245711636535,51.6356050069541,965.5345201668983,SITE 4,EXT
2026-05-04,24.95438095238095,22.210666666666665,16.401484126984126,30.5299823633157,21.21957671957672,59.04761904761905,966.8328730158729,SITE 4,EXT
2026-05-05,20.386016713091923,17.76541086350975,13.136128133704736,31.81677499226246,19.361652739090065,51.193593314763234,965.4698328690807,SITE 4,EXT
2026-05-06,24.77807799442897,21.698885793871867,15.868433147632311,32.39941194676571,19.532652429588364,50.116991643454035,965.0156685236769,SITE 4,EXT
2026-05-07,22.380305555555555,19.726493055555558,14.4784375,32.2445987654321,20.309413580246915,51.11388888888889,964.7974861111111,SITE 4,EXT
2026-05-08,23.75454861111111,20.27197222222222,14.474048611111112,31.892746913580247,20.449845679012345,53.640277777777776,965.0352222222222,SITE 4,EXT
2026-05-09,25.70981994459834,22.69551939058172,16.775526315789474,30.78793474915359,21.582794706063403,59.23407202216067,967.3892382271468,SITE 4,EXT
2026-05-10,26.34834487534626,22.623663434903047,16.20952908587258,34.70606340412434,20.02308402585411,45.66620498614959,966.5478254847645,SITE 4,EXT
2026-05-11,31.41222607489598,27.385998613037447,19.884320388349515,32.28925874556943,21.3915857605178,53.91955617198336,965.9609015256589,SITE 4,EXT
2026-05-12,30.118474930362115,25.94017409470752,18.71102367688022,33.37511606313835,19.98065614360879,49.491643454039,966.7578830083565,SITE 4,EXT
2026-05-13,32.8423891966759,28.112063711911357,20.209965373961218,33.36642043705756,20.325484764542935,48.7590027700831,966.2323268698061,SITE 4,EXT
2026-05-14,37.13917475728155,31.551595006934814,22.289722607489598,34.090768993681614,20.661118816458625,46.95700416088766,965.1994036061027,SITE 4,EXT
2026-05-15,38.38942520775623,32.59657894736842,22.91623268698061,32.953985841797476,19.999230532471532,48.674515235457065,965.3847645429364,SITE 4,EXT
2026-05-16,23.64412378303199,20.651696801112656,15.119464534075105,29.276773296244784,20.53237521248648,60.5076495132128,966.9925034770514,SITE 4,EXT
2026-05-17,30.79733009708738,27.137135922330096,19.963730929264912,34.14624749576206,21.466327631376174,50.2246879334258,967.0935922330096,SITE 4,EXT
2026-05-18,22.566118055555556,19.972215277777778,14.513131944444444,29.499228395061728,20.972993827160494,61.74027777777778,968.0866805555556,SITE 4,EXT
2026-05-19,31.244445983379503,27.06434210526316,19.468608033240997,31.38658048630348,21.094952293013236,56.596952908587255,967.3353462603878,SITE 4,EXT
2026-05-20,37.52333564493759,32.84214979195561,23.463009708737868,32.20681152719988,21.313761750654955,55.02635228848821,967.0348404993065,SITE 4,EXT
2026-05-21,38.10378808864266,33.06549861495845,23.345740997229917,31.58741151123423,21.526623576485072,57.109418282548475,967.3447229916898,SITE 4,EXT
2026-05-22,33.00043689320388,28.818009708737865,20.793058252427183,32.86022499614732,21.061796887039606,52.171983356449374,967.4095284327324,SITE 4,EXT
2026-05-23,25.633148404993065,22.679847434119278,16.515395284327322,30.05624903683156,21.288334103868085,60.84466019417476,967.0919140083219,SITE 4,EXT
2026-05-24,30.71486750348675,26.464393305439334,18.83481868898187,30.915078258174496,21.273826127382613,58.30962343096234,967.4856066945607,SITE 4,EXT
2026-05-25,23.662336578581364,19.988789986091795,14.245062586926288,29.983001081749343,21.18142481842065,60.70653685674548,968.9439638386648,SITE 4,EXT
2026-05-26,31.762301808066763,27.75004172461752,19.520744089012517,30.623551228558185,21.788749806830474,60.428372739916554,969.0879694019471,SITE 4,EXT
2026-05-27,33.12225626740947,28.860480501392757,20.77516016713092,32.270194986072426,21.475549365521513,55.317548746518106,967.6183008356545,SITE 4,EXT
2026-05-28,25.983110181311016,23.00599023709902,16.91412831241283,32.20517588718426,21.306369130636917,54.83682008368201,967.3079497907951,SITE 4,EXT
2026-05-29,28.32508356545961,23.646406685236766,16.605647632311978,31.83534509439802,21.39353141442278,55.46239554317549,968.396922005571,SITE 4,EXT
2026-05-30,37.3233286908078,31.121935933147633,21.572263231197773,33.74883936861653,21.289074589910246,50.467966573816156,966.9764206128133,SITE 4,EXT
2026-05-31,23.890610263522888,19.91373786407767,13.81858529819695,30.58021266759131,20.513946678995225,57.6130374479889,967.2488904299584,SITE 4,EXT
2026-06-01,25.792066574202497,21.863183079056864,15.58633841886269,33.07520419170905,21.495607951918632,53.181692094313455,966.6902357836339,SITE 4,EXT
2026-06-02,33.30403337969402,28.614568845618916,20.111884561891515,31.57471797249266,21.834337814866327,57.80389429763561,967.6890542420028,SITE 4,EXT
2026-06-03,29.194922969187672,25.367661064425768,18.003018207282913,32.73731714908185,21.303299097416748,53.214285714285715,968.5803921568628,SITE 4,EXT
2026-06-04,18.862950693374422,16.741848998459165,12.422326656394453,27.014209895565827,20.378359869885294,68.07395993836671,969.0011402157164,SITE 4,EXT
2026-06-05,24.770354659248955,21.378720445062587,15.50374130737135,32.14263637768506,20.28125482923814,53.3115438108484,966.98561891516,SITE 4,EXT
2026-06-06,25.329874301675975,22.137311452513966,15.945586592178772,29.286157666045938,21.28801986343886,63.23324022346369,966.8854748603352,SITE 4,EXT
2026-06-07,27.497430555555557,23.646180555555556,16.82210416666667,29.282407407407405,20.560956790123456,61.43333333333333,969.1266388888889,SITE 4,EXT
2026-06-08,30.4321059972106,26.1486750348675,18.8836750348675,30.871687587168758,20.891058422439176,57.09902370990237,970.1204323570432,SITE 4,EXT
2026-06-09,33.508791304347824,28.975695652173915,20.312121739130433,28.797101449275367,21.028019323671497,64.21913043478261,968.5653391304347,SITE 4,EXT
2026-06-10,35.756194134078214,30.624343575418994,21.15868715083799,30.241309745499688,20.784450651769088,58.90782122905028,967.7544273743017,SITE 4,EXT
2026-06-11,31.95845353675451,28.17388349514563,19.490319001386965,29.351209739559255,21.342271536446294,63.86130374479889,967.9671567267683,SITE 4,EXT
2026-06-12,36.2916620498615,32.155228531855954,22.07424515235457,29.988457987072948,21.558941212680825,62.2617728531856,968.8939335180056,SITE 4,EXT
2026-06-13,28.589402250351615,25.243129395218006,17.669690576652602,30.800125019534306,21.48226285357087,59.351617440225034,969.7235724331927,SITE 4,EXT
2026-06-14,21.891239612188365,18.94884349030471,13.607860110803324,28.022468451831333,20.627116035703295,65.6551246537396,969.7308864265927,SITE 4,EXT
2026-06-15,21.99534027777778,19.267333333333333,14.097805555555556,31.265432098765434,20.9483024691358,56.925,969.37775,SITE 4,EXT
2026-06-16,34.536490984743416,30.86855755894591,22.172857142857143,31.363846509477582,21.14270303590692,56.29819694868239,968.3685714285714,SITE 4,EXT
2026-06-17,41.22561634349031,35.65830332409972,25.067984764542935,31.839796860572488,21.49122807017544,56.58725761772853,969.139515235457,SITE 4,EXT
2026-06-18,38.16268105849582,32.752423398328695,22.998544568245126,32.75843392138657,21.152120086660478,52.36908077994429,968.3547353760445,SITE 4,EXT
2026-06-19,27.17287899860918,23.88550069541029,17.068595271210015,31.468088394374906,20.957348168752898,55.621696801112655,966.4965924895689,SITE 4,EXT
2026-06-20,33.61933936022253,28.991870653685673,20.276696801112656,30.717045278936794,21.046206150517694,57.860917941585534,965.8945479833102,SITE 4,EXT
2026-06-21,37.88881780250348,32.03000695410292,20.91029207232267,29.68474733426055,20.56328233657858,59.6105702364395,968.4308205841446,SITE 4,EXT
2026-06-22,18.567461645746167,16.464058577405858,11.990655509065549,29.066325739965905,20.846118084611806,62.99163179916318,970.13529986053,SITE 4,EXT
2026-06-23,30.6663179916318,26.622454672245468,18.493535564853556,30.935998760266546,20.48272121493879,56.49372384937239,968.5051603905159,SITE 4,EXT
2026-06-24,26.013671766342146,23.119999999999997,16.483303198887345,30.552464843146346,20.758769896461136,57.933240611961054,968.6419749652295,SITE 4,EXT
2026-06-25,35.656434540389974,30.652444289693594,21.35818941504178,32.0651501083256,20.498297740637575,52.58774373259053,969.9785097493035,SITE 4,EXT
2026-06-26,40.751877761413844,34.14733431516937,22.988122238586154,31.44084437898871,21.13647520864016,56.13254786450663,969.778969072165,SITE 4,EXT
2026-06-27,30.143814147018027,26.169472954230233,18.012184466019416,30.039297272306985,21.044845122515028,59.88488210818308,969.1168654646325,SITE 4,EXT
2026-06-28,36.54857440890125,30.99498609179416,20.777093184979137,31.332869726471955,21.13583681038479,56.67732962447844,968.3690264255911,SITE 4,EXT
2026-06-29,26.15222222222222,21.728095238095236,14.194761904761904,27.936507936507937,20.291005291005295,63.95238095238095,969.1271428571429,SITE 4,EXT
2025-12-01,33.50715892053973,30.06752623688156,19.466319340329836,32.31967349658504,19.890054972513745,48.99850074962519,964.7729235382309,SITE 4,INT
2025-12-02,35.24343706777317,32.220235131396954,20.99302904564315,32.29291532196096,20.24665744582757,49.7551867219917,964.611908713693,SITE 4,INT
2025-12-03,29.017662517289075,25.706964038727524,16.427468879668048,32.72398954971569,13.30567081604426,33.19778699861688,965.5685892116182,SITE 4,INT
2025-12-04,25.08373786407767,21.515936199722606,13.637642163661582,32.72692248420404,9.896748343350286,25.40499306518724,966.0090429958391,SITE 4,INT
2025-12-05,36.00592085235921,32.17505327245053,20.736674277016743,33.15575849822426,8.170979198376457,22.493150684931507,966.36299847793,SITE 4,INT
2025-12-06,42.983388658367915,38.55445366528354,25.321832641770403,32.67711695097588,7.197633317965268,21.297372060857537,966.2576071922545,SITE 4,INT
2025-12-07,38.26822268326418,34.5801244813278,22.64167358229599,32.78546181035808,7.156907945289688,21.08713692946058,966.2597786998616,SITE 4,INT
2025-12-08,35.82136929460581,32.32059474412171,20.734688796680498,32.9560473336407,7.143076686645151,20.634854771784234,966.451396957123,SITE 4,INT
2025-12-09,57.46373268698061,51.59848337950139,33.06807479224377,32.88627269929209,10.92720837180671,26.914127423822716,967.3328116343491,SITE 4,INT
2025-12-10,62.90506915629322,56.4084785615491,36.82293222683264,33.344859382203786,14.126325495620103,32.18118948824343,967.2631396957123,SITE 4,INT
2025-12-11,52.69056865464633,44.697087378640774,29.045353675450762,33.50285097857913,14.945292032670675,34.29680998613038,966.4911373092926,SITE 4,INT
2025-12-12,48.64625864453666,41.945304287690185,27.376279391424617,33.374827109266946,14.984631934839403,34.69156293222683,965.2501106500691,SITE 4,INT
2025-12-13,43.54246537396122,38.55334487534626,25.350096952908586,33.58571868267159,18.02092951677439,41.31163434903047,965.1678393351801,SITE 4,INT
2025-12-14,33.33198895027624,30.304958563535912,19.646104972375692,31.552332719459795,19.337016574585636,49.396408839779006,966.2873618784531,SITE 4,INT
2025-12-15,37.304016620498615,32.945,21.22495152354571,29.745306248076336,18.871960603262544,53.10526315789474,968.2126592797784,SITE 4,INT
2025-12-16,31.41563623789765,27.854363762102352,17.89789764868603,30.18134316889504,13.685262025510989,37.66390041493776,967.6667358229599,SITE 4,INT
2025-12-17,33.210214384508994,29.33760027662517,18.31566390041494,31.315506377747045,13.040571692023976,34.23789764868603,966.402295988935,SITE 4,INT
2025-12-18,26.036369294605805,23.079937759336097,14.638125864453665,31.916397725526355,10.978177347471954,28.56569847856155,966.7169294605809,SITE 4,INT
2025-12-19,45.66156984785616,39.56360995850623,24.119377593360998,31.67127708621485,10.136007376671277,27.463347164591976,966.9166666666666,SITE 4,INT
2025-12-20,33.87996542185339,29.11082295988935,17.575836791147996,32.220685415706164,9.514369140925158,25.52420470262794,966.0988934993085,SITE 4,INT
2025-12-21,42.01085578446909,36.76653724247227,22.570839936608557,31.781123437224867,9.350237717908083,25.513470681458003,965.1413629160063,SITE 4,INT
2025-12-22,33.669196675900274,29.725083102493073,19.625740997229915,33.28024007386889,9.437519236688212,23.808864265927976,964.9735872576179,SITE 4,INT
2025-12-23,63.75800138312587,58.08984785615491,38.12346473029046,33.33871215613954,10.325034578146612,25.023513139695712,965.2633748271094,SITE 4,INT
2025-12-24,51.66590720221606,46.18722299168976,30.5507756232687,33.32794706063404,13.35180055401662,30.385041551246537,965.4177008310248,SITE 4,INT
2025-12-25,53.99219917012448,46.80408022130013,30.62258644536653,33.65145228215768,18.01982480405717,40.83540802213001,966.2502074688797,SITE 4,INT
2025-12-26,60.06416782246879,51.26201109570042,33.633418862690704,34.4467560486978,14.762675296655878,32.027739251040224,966.6656865464632,SITE 4,INT
2025-12-27,50.66270514603616,43.88143949930459,27.988456189151602,33.80543965384021,12.655694637613971,30.013908205841446,966.7661474269819,SITE 4,INT
2025-12-28,36.07083217753121,31.339729542302358,21.166685159500695,33.3764832793959,8.203112960394513,21.717059639389735,966.9651178918169,SITE 4,INT
2025-12-29,54.396844660194176,48.060818307905684,31.449195561719833,33.76714439821236,8.713977500385267,22.127600554785023,967.074507628294,SITE 4,INT
2025-12-30,54.18733009708738,45.63009015256588,30.2600346740638,34.0899984589305,17.96347665279704,40.04715672676838,968.253009708738,SITE 4,INT
2025-12-31,50.66535367545077,44.13155339805825,29.524070735090152,34.23948220064725,16.969486823855757,38.67822468793342,967.5460055478503,SITE 4,INT
2026-01-01,55.84866806136681,48.396276150627614,32.446283124128314,34.21509375484271,12.266387726638772,27.91073919107392,966.1276290097629,SITE 4,INT
2026-01-02,56.823289106145246,50.5322905027933,33.3437779329609,34.088299193047796,17.75062073246431,40.61173184357542,966.4490083798883,SITE 4,INT
2026-01-03,54.46639664804469,49.08252094972067,32.800027932960894,33.89664804469274,18.45592799503414,41.899441340782126,966.7257541899442,SITE 4,INT
2026-01-04,34.94137569832402,30.92356145251397,21.045265363128493,33.10133457479826,18.598696461824954,43.037709497206706,966.9500977653631,SITE 4,INT
2026-01-05,44.58417597765363,39.51341480446927,26.528973463687148,33.65145872129113,18.993637492240847,44.01536312849162,966.4133379888267,SITE 4,INT
2026-01-06,46.74523044692737,40.02299581005587,26.851354748603352,32.84140285536934,18.60878336436996,43.979050279329606,966.2266899441341,SITE 4,INT
2026-01-07,45.03780334728033,38.20195955369596,25.592726638772664,34.09034557570122,15.087556175422286,34.62203626220363,966.5681729428173,SITE 4,INT
2026-01-08,23.534259002770085,20.939619113573407,13.98862188365651,31.408895044629116,10.274699907663896,27.40443213296399,968.7179916897508,SITE 4,INT
2026-01-09,42.412919556171985,37.880679611650486,24.945464632454925,32.68146093388812,8.545230389890584,23.79750346740638,967.5686130374479,SITE 4,INT
2026-01-10,39.81069847856155,33.907655601659755,22.42134854771784,33.01982480405717,7.239127093898878,21.369294605809127,966.8767219917013,SITE 4,INT
2026-01-11,53.03957814661134,43.27695020746888,26.175055325034577,33.3556170278162,5.587828492392807,18.048409405255878,965.9506915629322,SITE 4,INT
2026-01-12,65.51136237897649,53.455871369294606,32.24521438450899,33.38481635162133,4.270785308129707,16.428769017980635,965.9027385892117,SITE 4,INT
2026-01-13,85.78810249307479,72.74734764542936,44.96556094182825,33.3394890735611,5.715604801477378,18.217451523545705,965.4163711911357,SITE 4,INT
2026-01-14,91.86206085753804,77.95477869986169,45.57284923928077,33.644536652835406,6.953281081911788,19.688796680497926,965.5769156293222,SITE 4,INT
2026-01-15,85.02383817427386,72.44771092669433,45.08163208852005,33.64299984631935,10.341171046565238,24.811894882434302,965.722531120332,SITE 4,INT
2026-01-16,62.52066390041494,50.98756569847856,32.31713001383126,34.10327339787921,8.977255263562318,22.600276625172892,966.0469571230981,SITE 4,INT
2026-01-17,49.2292243767313,39.014355955678674,22.723843490304713,34.03277931671283,4.248999692212989,15.638504155124654,965.2120637119114,SITE 4,INT
2026-01-18,59.966549100968194,50.539308437067774,31.926507607192256,33.7190717688643,4.496695865990472,16.34716459197787,964.7510373443984,SITE 4,INT
2026-01-19,59.4596675900277,51.13328947368421,33.514993074792244,34.24746075715605,5.187750076946753,16.742382271468145,964.1338088642659,SITE 4,INT
2026-01-20,44.978770833333336,39.29439583333333,26.341763888888888,32.91203703703704,6.628086419753087,19.711111111111112,965.2421111111111,SITE 4,INT
2026-01-21,42.96564315352697,35.924453665283544,22.28311894882434,32.12156139542032,7.465806055017674,22.09820193637621,965.54244813278,SITE 4,INT
2026-01-22,33.8946879334258,29.570582524271845,19.428911234396672,31.916319926028667,4.473724764986901,18.106796116504853,966.3376282940361,SITE 4,INT
2026-01-23,35.55104715672677,30.465201109570042,20.897704576976423,31.994143935891508,3.274772692248421,16.410540915395284,966.6764909847434,SITE 4,INT
2026-01-24,43.26739944521498,37.99409847434119,26.354056865464635,33.044382801664355,2.7978116813068272,14.91123439667129,967.554882108183,SITE 4,INT
2026-01-25,32.084965277777776,27.968902777777778,19.89875,32.545524691358025,-0.20447530864197536,12.8875,968.0885,SITE 4,INT
2026-01-26,28.522073509015257,25.155742024965328,18.00748959778086,32.86022499614732,1.6574202496532593,14.090152565880722,967.4721914008321,SITE 4,INT
2026-01-27,44.223809192200555,37.92153899721448,24.749115598885798,33.06174558960075,-0.5129990714948933,11.795264623955433,967.3312952646239,SITE 4,INT
2026-01-28,55.30308926080893,46.295439330543935,30.781352859135286,33.405392840539285,1.037501937083527,12.834030683403068,967.043458856346,SITE 4,INT
2026-01-29,63.04865598885794,53.30698467966574,34.74457520891365,34.00959455277004,1.655834107087589,13.233983286908078,967.2816016713091,SITE 4,INT
2026-01-30,61.66817482517483,52.95903496503497,35.476608391608394,34.20745920745921,0.6954156954156955,12.151048951048951,967.0533146853147,SITE 4,INT
2026-01-31,62.71516713091922,54.16481894150417,37.22398328690808,34.343082636954506,5.666202414113278,16.928969359331475,966.3872562674095,SITE 4,INT
2026-02-01,59.896363004172464,49.98570931849791,34.35038942976356,34.34708700355432,10.18544274455262,24.482614742698193,965.6144506258693,SITE 4,INT
2026-02-02,65.17501385041551,55.52191135734072,37.638614958448755,35.03231763619576,12.696983687288396,26.93213296398892,964.8991135734072,SITE 4,INT
2026-02-03,49.54128472222222,41.06017361111111,28.424958333333336,29.3641975308642,17.099537037037038,49.06805555555555,967.4363055555556,SITE 4,INT
2026-02-04,51.41129166666666,43.212291666666665,29.4091875,31.746913580246915,15.772376543209877,41.645833333333336,967.4735694444444,SITE 4,INT
2026-02-05,54.94663194444444,48.147666666666666,32.36358333333333,34.13348765432099,6.582561728395062,20.51527777777778,966.0508472222222,SITE 4,INT
2026-02-06,58.091497214484676,51.578252089136484,36.03430362116992,34.603837821108016,5.999690498297741,17.993036211699163,967.457729805014,SITE 4,INT
2026-02-07,50.22598474341193,42.73099167822468,30.155957004160886,34.74726460163353,8.866543381106489,22.33148404993065,968.1581830790569,SITE 4,INT
2026-02-08,49.56790972222222,41.64156944444444,29.94490277777778,35.0462962962963,4.557098765432099,15.530555555555555,966.9621527777778,SITE 4,INT
2026-02-09,43.84936541143654,37.21279637377964,26.30592050209205,34.8093909809391,5.218503021850303,16.429567642956766,965.6489958158995,SITE 4,INT
2026-02-10,45.105341701534165,38.27911436541144,27.001875871687588,34.029133736246706,5.031768169843484,16.750348675034868,966.2059832635982,SITE 4,INT
2026-02-11,59.19563370473537,50.399533426183844,35.743300835654594,34.20999690498298,9.259517177344476,22.323119777158773,967.0588718662952,SITE 4,INT
2026-02-12,56.68231520223152,47.708354253835424,33.751115760111574,35.256469858980324,12.840539284053927,28.492329149232916,967.13059972106,SITE 4,INT
2026-02-13,55.89660863509749,47.39484679665738,33.37940807799443,35.02785515320334,14.517951098731043,31.370473537604457,966.2571030640668,SITE 4,INT
2026-02-14,54.36986072423398,47.276330083565455,33.56299442896936,34.72454348498917,16.619467657072114,36.8133704735376,965.058495821727,SITE 4,INT
2026-02-15,43.015572625698326,36.564120111731846,26.42525837988827,31.614680322780885,18.69413407821229,47.6927374301676,966.5010893854749,SITE 4,INT
2026-02-16,53.997395251396654,42.510865921787705,26.582248603351953,32.71880819366853,10.889199255121044,31.135474860335197,967.9957541899441,SITE 4,INT
2026-02-17,60.848942577030805,46.32539915966387,27.58498599439776,33.10379707438531,2.3544973544973544,14.950980392156863,967.2621708683473,SITE 4,INT
2026-02-18,70.2911736111111,52.85713888888889,31.62023611111111,33.730709876543216,1.337962962962963,13.031944444444445,965.8777638888889,SITE 4,INT
2026-02-19,62.503194444444446,50.704743055555554,33.78830555555556,34.566358024691354,1.2376543209876545,12.75,965.2945555555555,SITE 4,INT
2026-02-20,77.78887656033287,68.13708044382801,47.023148404993066,34.428263214670984,1.8608414239482203,13.49375866851595,966.1297919556172,SITE 4,INT
2026-02-21,70.73248614958449,60.55027008310249,41.39256232686981,34.59526008002462,3.842720837180671,15.350415512465373,966.8408310249307,SITE 4,INT
2026-02-22,59.10006232686981,50.01786011080332,34.57673130193906,35.26623576485073,-0.6471221914435211,10.450138504155124,966.1927562326871,SITE 4,INT
2026-02-23,60.297794729542304,51.363529819694875,36.678661581137305,35.13330251194329,0.6934812760055479,11.700416088765603,964.2707905686547,SITE 4,INT
2026-02-24,62.36098893499309,53.48444674965422,39.43043568464731,35.13754418318734,3.5507914553557707,13.95850622406639,963.3136237897648,SITE 4,INT
2026-02-25,64.69495145631068,55.139466019417476,40.50563106796117,34.87825550932347,8.77253814147018,21.094313453536756,964.2241054091539,SITE 4,INT
2026-02-26,64.69717361111111,54.495437499999994,39.442451388888884,34.70293209876544,10.842592592592593,25.070833333333333,965.1435694444444,SITE 4,INT
2026-02-27,57.46517385257302,47.150048678720445,35.3840264255911,33.56590944212641,17.348168752897543,39.43810848400556,965.2688873435326,SITE 4,INT
2026-02-28,54.53568150208623,45.24878303198887,34.94558414464534,32.872044506258696,18.750579508576728,44.108484005563284,964.861140472879,SITE 4,INT
2026-03-01,56.157649513212796,46.731648122392215,35.54811543810849,33.33178797712873,15.272755370112812,36.008344923504865,964.1098052851181,SITE 4,INT
2026-03-02,55.391469359331474,47.167688022284125,36.58885793871866,31.15134633240483,16.087124729186012,42.00139275766017,965.7699582172702,SITE 4,INT
2026-03-03,55.69395251396649,45.67707402234637,33.41522346368715,33.73060211049038,10.365456238361267,24.635474860335197,965.9418715083799,SITE 4,INT
2026-03-04,61.567499999999995,52.10709722222222,39.57266666666666,35.73765432098766,11.899691358024691,24.516666666666666,965.0674027777778,SITE 4,INT
2026-03-05,55.44598474341193,48.32025658807212,39.42398058252427,34.416705193404226,18.324857451071043,40.14424410540916,965.468959778086,SITE 4,INT
2026-03-06,53.17158333333334,46.454625,38.342479166666664,34.72608024691358,19.184413580246915,41.294444444444444,963.9772777777778,SITE 4,INT
2026-03-07,53.277651991614256,45.40035639412998,35.24904612159329,30.379687863964595,19.91264849755416,54.37945492662474,965.0139412997904,SITE 4,INT
2026-03-08,49.20091794158554,41.645973574408906,30.543706536856746,34.28604543347242,18.946839746561583,42.70236439499305,964.4686091794159,SITE 4,INT
2026-03-09,49.064951388888886,40.616125000000004,29.650548611111113,35.498456790123456,18.16358024691358,38.15833333333333,964.6033055555556,SITE 4,INT
2026-03-10,51.64290568654647,43.35684466019418,31.885846047156726,34.06534134689475,17.955771305285868,41.48127600554785,964.4922052704577,SITE 4,INT
2026-03-11,57.10498613037448,47.42568654646324,34.88263522884882,33.64771151178918,19.912159038372632,46.39528432732316,964.8866019417476,SITE 4,INT
2026-03-12,53.887968099861304,44.77275312066574,33.32608876560333,34.50993989828942,19.395900755124057,43.69348127600555,964.538210818308,SITE 4,INT
2026-03-13,47.33570833333333,39.975631944444444,29.568180555555557,35.00231481481482,18.17206790123457,38.59861111111111,964.448625,SITE 4,INT
2026-03-14,49.936368055555555,42.38729861111111,31.933402777777776,35.10108024691358,17.982253086419753,38.97083333333333,963.4434305555556,SITE 4,INT
2026-03-15,56.00701109570041,46.90949375866852,35.862406380027736,35.05162582832486,18.677762367082757,39.2746185852982,964.4507766990291,SITE 4,INT
2026-03-16,49.738026315789476,41.29764542936288,31.31930055401662,36.245767928593416,13.671899045860265,30.074792243767313,964.6484487534627,SITE 4,INT
2026-03-17,52.19403047091412,43.62306094182825,33.6403324099723,34.780701754385966,17.763927362265314,37.81440443213297,964.9591689750692,SITE 4,INT
2026-03-18,49.01418560606061,41.17257575757576,32.3325,32.75673400673401,18.83838383838384,45.08522727272727,964.9255492424243,SITE 4,INT
2026-03-19,51.57056865464632,43.64962552011096,33.32547850208044,35.04700261981816,18.830328247803976,39.95423023578363,964.0099167822469,SITE 4,INT
2026-03-20,44.665248226950354,37.60960283687943,29.34035460992908,34.17336485421592,19.39164696611505,42.93333333333333,963.4385815602836,SITE 4,INT
2026-03-21,45.10310249307479,38.004612188365655,29.554584487534626,35.56940597106802,18.9612188365651,39.26038781163435,962.5862603878116,SITE 4,INT
2026-03-22,50.90169902912621,42.64629680998613,33.763190013869625,34.778856526429344,20.059331175836032,43.391123439667126,962.8678502080444,SITE 4,INT
2026-03-23,42.45677130044843,36.46558295964125,28.1663976083707,30.269888722803525,19.859657864142168,54.89237668161435,965.3316143497758,SITE 4,INT
2026-03-24,42.943571428571424,36.691081830790566,27.84903606102635,33.478964401294505,19.839728771767607,46.53952843273232,965.0667961165049,SITE 4,INT
2026-03-25,46.267871012482665,38.9124826629681,29.49352288488211,33.01124980736631,19.509939898289414,46.07905686546463,964.4197642163662,SITE 4,INT
2026-03-26,51.58744459833795,42.64282548476454,31.651045706371193,34.06509695290859,19.842259156663587,44.727146814404435,963.6924653739611,SITE 4,INT
2026-03-27,51.393219749652296,42.6011752433936,32.108233657858136,32.15113583681039,20.74486169061969,51.91098748261474,964.6009040333797,SITE 4,INT
2026-03-28,43.84666201117318,36.85917597765363,27.937199720670392,31.20344506517691,20.208721291123528,53.25698324022346,966.2516759776536,SITE 4,INT
2026-03-29,42.658542538354254,35.21315202231521,25.629030683403066,31.325739965907335,20.035642336897567,53.00418410041841,965.2819525801953,SITE 4,INT
2026-03-30,37.316506276150626,30.778528591352863,23.313347280334725,31.37300480396715,20.492794049279407,54.30962343096234,964.5615760111576,SITE 4,INT
2026-03-31,37.35837517433752,31.324958158995816,23.57960948396095,31.727878506121186,20.206105687277233,51.17991631799163,965.1446443514644,SITE 4,INT
2026-04-01,48.91011772853186,39.34168282548477,26.713102493074793,32.981686672822406,15.486303477993228,38.162049861495845,965.8343905817176,SITE 4,INT
2026-04-02,61.02373092926491,49.626927877947296,33.30649098474341,33.80798274002157,11.083371860070889,26.560332871012484,966.2249791955617,SITE 4,INT
2026-04-03,63.47174063800277,51.77015256588072,35.62159500693481,33.927415626444756,10.51779935275081,24.92371705963939,966.3698613037449,SITE 4,INT
2026-04-04,53.318386426592795,44.187257617728534,33.74568559556786,33.704986149584485,17.31301939058172,39.67174515235457,967.3080055401662,SITE 4,INT
2026-04-05,57.01965373961219,47.75029778393351,36.709439058171746,35.508618036318865,14.76454293628809,30.433518005540165,966.1694459833794,SITE 4,INT
2026-04-06,53.509750692520775,44.962167590027704,35.74828947368421,35.18544167436134,14.462142197599263,30.68698060941828,965.9107756232686,SITE 4,INT
2026-04-07,54.32192825112108,47.22732436472347,38.87719730941704,34.55489121408404,19.126390964955988,41.89536621823618,966.0875336322871,SITE 4,INT
2026-04-08,49.321699029126215,42.01268377253814,35.25736477115118,34.88981353059023,18.312528895053166,39.88904299583911,965.3128432732317,SITE 4,INT
2026-04-09,47.2884535367545,40.12104715672677,33.67359223300971,33.12760055478502,18.947449529973802,44.21914008321775,965.8160471567268,SITE 4,INT
2026-04-10,47.507406119610565,40.53086926286509,34.230076495132124,32.917632514294546,19.95286663575954,47.88317107093185,966.2247844228094,SITE 4,INT
2026-04-11,46.128902777777775,38.973625,33.43459027777778,32.36574074074075,20.772376543209877,51.670833333333334,966.5957083333334,SITE 4,INT
2026-04-12,41.221488178025034,34.08651599443672,29.801919332406122,31.972647195178492,20.37706691392366,52.09457579972184,966.5132545201669,SITE 4,INT
2026-04-13,43.60813807531381,35.93445606694561,30.278563458856347,34.94111266077793,20.016271501627152,43.19107391910739,963.6131380753138,SITE 4,INT
2026-04-14,42.3158286908078,35.385557103064066,30.546107242339833,31.044568245125348,20.395388424636334,53.90389972144847,965.5062116991643,SITE 4,INT
2026-04-15,48.10281163434904,40.80389889196676,33.96976454293628,34.19205909510619,18.382579255155434,42.732686980609415,964.5192382271468,SITE 4,INT
2026-04-16,48.62049168975069,41.31298476454293,34.88551939058172,35.40166204986149,18.494921514312097,38.71883656509695,963.140512465374,SITE 4,INT
2026-04-17,52.92527045769764,46.40459084604716,38.78001386962552,35.571736785329016,19.32424102327015,40.41608876560333,962.1066990291263,SITE 4,INT
2026-04-18,49.397001385041555,42.782756232686985,36.40291551246537,34.45521698984303,19.6968297937827,43.898891966759,961.8597922437673,SITE 4,INT
2026-04-19,52.60946508172362,47.11578751857355,40.04998514115899,35.07264322271752,20.27984150569589,44.48291233283804,961.9861069836553,SITE 4,INT
2026-04-20,50.56876216968011,46.89988178025035,41.52837969401947,30.722454025652915,21.62339669293772,59.24339360222531,963.5643254520166,SITE 4,INT
2026-04-21,53.958117839607205,49.254337152209494,41.73144844517185,31.845790143662484,21.76577559556283,56.41080196399346,964.190720130933,SITE 4,INT
2026-04-22,44.18315020862309,38.17433240611961,33.38860917941585,32.138000309071245,19.46994282182043,49.12934631432545,964.8352990264256,SITE 4,INT
2026-04-23,46.30329639889197,40.85386426592798,35.87292243767313,34.66220375500154,21.21114188981225,47.74930747922438,963.4398199445984,SITE 4,INT
2026-04-24,48.42926490984743,43.50009015256588,37.949500693481276,33.23547541994144,20.40221914008322,48.034674063800274,963.572690707351,SITE 4,INT
2026-04-25,58.47813888888889,53.582763888888884,44.69660416666667,33.42438271604939,20.959876543209877,49.451388888888886,963.81025,SITE 4,INT
2026-04-26,63.111444444444444,58.04554861111111,46.990118055555556,33.3125,21.037037037037038,49.75694444444444,965.4422500000001,SITE 4,INT
2026-04-27,47.782756232686985,42.8618351800554,37.266662049861495,33.795013850415515,20.046168051708218,45.71329639889197,966.9246398891967,SITE 4,INT
2026-04-28,50.2958321775312,45.87518030513176,39.891241331484046,33.683156110340576,20.100940052396364,46.25658807212205,965.7037725381415,SITE 4,INT
2026-04-29,46.190034722222215,42.88513888888889,38.92784722222222,31.316358024691358,20.620370370370374,54.19166666666667,966.4459305555555,SITE 4,INT
2026-04-30,48.27796398891967,44.184785318559555,38.90835872576177,32.686980609418285,21.658971991381964,54.01800554016621,967.5031163434903,SITE 4,INT
2026-05-01,46.42487500000001,40.96557638888889,35.89404861111111,35.47145061728395,21.07638888888889,44.26111111111111,965.2365416666668,SITE 4,INT
2026-05-02,48.46776315789474,44.43171052631579,39.21974376731302,33.532625423207136,22.35303170206217,52.770083102493075,964.9722299168974,SITE 4,INT
2026-05-03,39.70915803108809,34.39610103626943,31.85683937823834,28.734887737478413,19.150834772596433,57.01813471502591,966.0922538860103,SITE 4,INT
2026-05-04,41.96435929648241,36.51066582914573,32.62213567839196,31.60385259631491,21.594081518704638,56.256281407035175,967.4909798994975,SITE 4,INT
2026-05-05,40.61698191933241,35.210410292072325,31.485326842837274,31.74161644259002,19.970638232112503,51.426981919332405,965.8842280945759,SITE 4,INT
2026-05-06,42.9174826629681,37.44507628294036,32.88158807212205,32.25920789027585,20.154106950223454,50.499306518724,965.4436477115117,SITE 4,INT
2026-05-07,41.02014583333334,35.27981944444445,31.103520833333334,32.89660493827161,20.891203703703706,50.3875,965.1848472222222,SITE 4,INT
2026-05-08,42.347058414464534,36.47970792767733,32.06520862308762,32.359758924432086,20.988255292845004,52.80806675938804,965.4188595271211,SITE 4,INT
2026-05-09,44.77096393897365,39.43665048543689,35.040748959778085,31.04407458776391,22.07273848050547,59.74202496532594,967.7719694868238,SITE 4,INT
2026-05-10,44.896601941747576,39.35904993065187,34.427031900138694,33.84419787332409,20.644167051934044,48.20804438280167,966.9877253814147,SITE 4,INT
2026-05-11,47.272825484764546,42.20877423822715,36.83972299168975,33.24253616497384,21.964450600184673,52.59833795013851,966.381052631579,SITE 4,INT
2026-05-12,46.7759388038943,41.81495827538247,36.274506258692625,33.72430845309844,20.594962138772985,48.29068150208623,967.1333101529902,SITE 4,INT
2026-05-13,48.96302631578948,43.596405817174514,37.304314404432134,33.32948599569099,20.892582333025548,49.770083102493075,966.6453047091413,SITE 4,INT
2026-05-14,52.71330790568654,47.860506241331485,40.70971567267684,34.180921559562336,21.276005547850207,48.230235783633844,965.578210818308,SITE 4,INT
2026-05-15,54.50783633841886,49.29493065187239,41.19652565880721,33.052088149175525,20.65033132994298,49.68238557558946,965.7795006934813,SITE 4,INT
2026-05-16,43.431243055555555,38.30838888888889,33.904576388888884,29.650462962962965,20.9891975308642,60.53055555555556,967.4056250000001,SITE 4,INT
2026-05-17,47.8378947368421,42.17951523545707,36.26618421052632,33.02477685441674,22.05909510618652,54.04847645429363,967.5278531855955,SITE 4,INT
2026-05-18,42.68549861495845,37.190124653739616,32.379321329639886,29.32671591258849,21.3134810710988,63.01246537396122,968.5729224376731,SITE 4,INT
2026-05-19,50.60648404993066,45.34945908460472,38.79287794729542,31.144244105409154,21.614270303590693,58.35644937586685,967.8251317614425,SITE 4,INT
2026-05-20,52.719479889043,47.669819694868245,40.409479889043,32.28925874556943,21.850824472183696,55.42718446601942,967.4780305131762,SITE 4,INT
2026-05-21,51.27708737864077,45.80487517337032,38.69723300970874,32.1274464478348,22.01340730466944,56.391123439667126,967.761040221914,SITE 4,INT
2026-05-22,48.80272222222222,43.25174305555556,37.171368055555554,32.668209876543216,21.647376543209877,53.82361111111111,967.8504027777778,SITE 4,INT
2026-05-23,42.613203883495146,37.21552704576977,32.91800970873786,30.688858067498845,21.684388965942365,59.567267683772535,967.510291262136,SITE 4,INT
2026-05-24,46.731034722222226,41.22366666666667,35.213479166666666,31.4320987654321,21.82638888888889,57.81388888888889,967.8857222222222,SITE 4,INT
2026-05-25,44.386208333333336,38.85261805555555,33.56925694444445,29.662037037037038,21.577932098765434,62.74583333333333,969.3865972222222,SITE 4,INT
2026-05-26,47.63965277777778,42.12138888888889,35.280791666666666,30.743055555555557,22.253086419753085,61.291666666666664,969.5502361111112,SITE 4,INT
2026-05-27,50.39686805555556,44.9713125,38.237340277777776,32.36496913580247,21.949074074074076,55.75277777777778,968.0596666666667,SITE 4,INT
2026-05-28,43.442711511789184,37.958079056865465,33.04167128987517,32.21605794421328,21.88087532747727,55.67822468793342,967.7603467406379,SITE 4,INT
2026-05-29,45.09518030513176,39.21414008321776,33.42860610263523,31.95638773308676,21.93173062105101,56.28848821081831,968.8301664355063,SITE 4,INT
2026-05-30,50.66676388888889,44.948430555555554,37.829993055555555,33.68132716049383,21.94675925925926,51.67916666666667,967.4055277777777,SITE 4,INT
2026-05-31,45.13206536856746,39.43938803894297,34.3894297635605,30.681502086230875,21.000618142481844,57.82197496522949,967.6874408901252,SITE 4,INT
2026-06-01,45.29825694444445,39.77659722222222,34.82120833333333,32.54706790123457,22.093364197530864,55.47638888888889,967.1362916666667,SITE 4,INT
2026-06-02,48.9536875,43.539180555555554,37.028083333333335,32.09104938271605,22.342592592592595,57.43333333333333,968.1030277777778,SITE 4,INT
2026-06-03,47.790875,42.5914375,36.76347222222223,32.51466049382716,21.869598765432098,54.888888888888886,969.0137500000001,SITE 4,INT
2026-06-04,42.39500765696784,37.304180704441045,34.31282542113323,27.89603539220691,20.72571039646078,65.84532924961715,969.4601531393567,SITE 4,INT
2026-06-05,46.24384615384615,41.55474825174825,37.49188111888112,31.261849261849264,20.85780885780886,55.83216783216783,967.4468251748251,SITE 4,INT
2026-06-06,47.966477591036416,43.89104341736695,39.24638655462185,30.135387488328668,21.802832244008716,61.745098039215684,967.3819887955182,SITE 4,INT
2026-06-07,51.47539106145251,47.81911312849162,42.97872905027933,30.493482309124772,21.10102420856611,58.37988826815643,969.5375977653632,SITE 4,INT
2026-06-08,50.365554785020805,46.60128294036061,41.75382108183079,30.906919402065036,21.415472337802438,57.955617198335645,970.5160194174758,SITE 4,INT
2026-06-09,55.87106585788561,52.69341421143847,46.402469670710566,29.300982091276722,21.521278644328902,63.77469670710572,969.0251646447141,SITE 4,INT
2026-06-10,64.88542936288088,61.683497229916895,54.503795013850414,30.433979686057253,21.279624499846108,59.39473684210526,968.1766759002771,SITE 4,INT
2026-06-11,52.88544382801664,49.50096393897365,43.00280859916782,29.942980428417325,21.92556634304207,63.24410540915395,968.4052149791956,SITE 4,INT
2026-06-12,59.705610263522885,56.545353675450755,48.792718446601945,30.34597010325166,22.05578671598089,62.41054091539529,969.2898335644937,SITE 4,INT
2026-06-13,48.73739803094234,44.4060970464135,38.50367088607595,30.51336146272855,22.04250664166276,61.59774964838256,970.1731504922644,SITE 4,INT
2026-06-14,51.715955678670355,48.288975069252075,44.657693905817176,29.222837796245,21.05570944906125,62.42382271468144,970.1777146814405,SITE 4,INT
2026-06-15,44.705735090152565,39.905533980582526,36.09780859916782,30.91077207582062,21.466327631376174,58.68515950069348,969.8129542302358,SITE 4,INT
2026-06-16,56.64926490984744,52.44805131761442,45.275631067961164,31.31299121590384,21.649714902142087,57.521497919556175,968.8333287101248,SITE 4,INT
2026-06-17,57.13108876560333,52.46385575589459,44.061754507628294,31.823085221143476,21.989520727384807,57.21636615811373,969.5669348127601,SITE 4,INT
2026-06-18,53.46550209205021,48.90701534170154,41.52327057182706,32.74678444134511,21.6961103362777,53.36959553695955,968.7662064156207,SITE 4,INT
2026-06-19,48.018680167597765,43.71227653631285,38.633191340782126,31.827281191806335,21.575108628181255,56.012569832402235,966.9099441340783,SITE 4,INT
2026-06-20,52.545273109243695,48.21170168067227,41.40805322128851,30.80765639589169,21.5499533146592,58.970588235294116,966.2999299719888,SITE 4,INT
2026-06-21,55.387499999999996,49.94164804469274,41.389343575419,30.06595282433271,21.075418994413408,59.5572625698324,968.8087988826816,SITE 4,INT
2026-06-22,42.27923882681564,37.25483938547486,33.8694343575419,29.601179391682187,21.253879577901923,61.976256983240226,970.5145111731844,SITE 4,INT
2026-06-23,50.288008356545966,45.73616295264624,39.44304317548747,30.550139275766018,21.015939337666357,58.598885793871865,968.9397075208913,SITE 4,INT
2026-06-24,47.550949720670395,43.647367318435755,38.83266061452514,30.932650527622595,21.324487895716945,57.925977653631286,969.0595111731843,SITE 4,INT
2026-06-25,53.59289215686274,49.184271708683475,41.964782913165266,32.05960161842515,21.14067849361967,53.719887955182074,970.3898179271708,SITE 4,INT
2026-06-26,54.35440476190476,50.00077030812325,41.519222689075626,31.460473078120135,21.644102085278554,57.19747899159664,970.1195658263305,SITE 4,INT
2026-06-27,48.189757281553405,43.703737864077674,37.628467406380025,30.25196486361535,21.548004314994607,60.624133148404994,969.5043550624133,SITE 4,INT
2026-06-28,53.59190707350901,49.40233009708738,41.28695561719834,31.35768223146864,21.712128216982588,57.87378640776699,968.782510402219,SITE 4,INT
2026-06-29,41.64806518723994,36.40404299583911,33.091858529819696,29.45446139620897,20.43612266913238,59.294036061026354,968.4081276005548,SITE 4,INT
2026-06-30,42.95141274238227,38.06970914127424,34.48047091412742,30.53785780240074,21.18267159125885,58.45013850415513,968.7814265927977,SITE 4,INT
2026-07-01,48.433932038834946,43.917864077669904,38.00372399445215,30.09477577438743,21.44244105409154,60.938973647711514,969.2840499306519,SITE 4,INT
2026-07-02,51.44878808864266,47.14263850415512,40.01012465373962,30.513234841489695,21.46198830409357,59.73545706371191,969.9349722991691,SITE 4,INT
2026-07-03,46.524327323162275,42.239500693481276,37.40745492371706,29.517645245800587,21.158113730929266,61.8876560332871,969.6734257975036,SITE 4,INT
2026-07-04,46.155817174515235,41.4393351800554,36.85591412742382,29.11819021237304,21.10264696829794,62.79362880886426,969.6940304709141,SITE 4,INT
2026-07-05,49.54230180806676,44.907023643949934,39.01445757997218,31.665893988564363,21.573172616288055,56.46036161335188,969.2215577190543,SITE 4,INT
2026-07-06,49.21756232686981,45.30036703601108,39.38396814404432,30.292397660818715,22.154509079716835,62.72576177285318,968.8846814404432,SITE 4,INT
2026-07-07,56.09246418338109,53.31267908309456,45.05840974212035,29.154727793696274,21.844953836357845,65.08309455587393,970.7515759312321,SITE 4,INT
2025-12-01,41.76873961218836,36.14198060941828,23.18168975069252,32.35534010464759,19.24746075715605,47.26454293628809,966.8031578947368,SITE 5,EXT
2025-12-02,40.50373961218837,35.7440027700831,22.903192520775622,32.27300707910126,19.338257925515546,47.45429362880886,966.7553739612189,SITE 5,EXT
2025-12-03,47.86591412742383,42.967963988919664,26.04382271468144,32.165281625115426,11.812865497076023,31.114958448753463,967.6508033240997,SITE 5,EXT
2025-12-04,63.810214384508996,56.68722683264177,30.533146611341632,31.44536652835408,8.167358229598893,24.280774550484093,968.1040940525588,SITE 5,EXT
2025-12-05,41.7125,36.94032575757576,24.134234848484848,32.053030303030305,6.563973063973065,21.445454545454545,968.4438636363635,SITE 5,EXT
2025-12-06,47.91641470180305,42.38377253814147,27.66760055478502,31.605023886577285,5.90768993681615,21.044382801664355,968.37,SITE 5,EXT
2025-12-07,44.492073459715634,38.56785545023697,25.202535545023697,28.87440758293839,6.030805687203792,23.876777251184834,968.984336492891,SITE 5,EXT
2025-12-08,46.17954230235783,41.01104022191401,26.009999999999998,31.882416396979504,5.801356141161967,20.169209431345354,968.5821775312066,SITE 5,EXT
2025-12-09,47.06565789473684,41.6026108033241,26.580921052631577,31.675130809479842,10.014619883040936,27.322714681440445,969.5077977839335,SITE 5,EXT
2025-12-10,72.86878808864266,64.77042243767313,40.91502077562327,32.29993844259773,13.563404124345954,33.08310249307479,969.4636703601109,SITE 5,EXT
2025-12-11,71.10247198879551,62.280399159663865,39.35660364145659,32.41830065359477,14.190787426081544,35.11624649859944,968.7040616246497,SITE 5,EXT
2025-12-12,56.38525801952581,47.98225941422594,31.133270571827058,32.52595691926236,14.48241128157446,34.88423988842399,967.4682426778243,SITE 5,EXT
2025-12-13,45.04461699164345,39.02289693593315,25.306441504178274,32.88610337356855,17.48142989786444,41.4791086350975,967.4018802228413,SITE 5,EXT
2025-12-14,38.017988826815646,33.42559357541899,21.825558659217876,30.906269397889513,18.667752948479205,49.23882681564246,968.5076396648044,SITE 5,EXT
2025-12-15,47.2879748603352,40.3961312849162,25.908428770949723,27.711824953445067,18.192892613283675,57.486033519553075,970.5309078212291,SITE 5,EXT
2025-12-16,34.7781843575419,30.4617248603352,19.477395251396647,28.12616387337058,11.931253879577902,38.05167597765363,969.9708798882682,SITE 5,EXT
2025-12-17,47.37470808383234,41.61275449101797,25.997267964071856,29.44860279441118,12.051729873586162,35.56287425149701,968.7947155688622,SITE 5,EXT
2025-12-18,34.83715782122905,30.31729748603352,19.07034217877095,30.237430167597765,9.672563625077592,28.88826815642458,968.9211033519554,SITE 5,EXT
2025-12-19,39.227715877437326,34.340557103064064,21.506608635097493,29.930362116991642,8.814608480346642,27.619777158774372,969.1264623955433,SITE 5,EXT
2025-12-20,41.259854570637124,35.51333795013851,21.838019390581717,30.680209295167746,8.19329024315174,25.3601108033241,968.3018698060941,SITE 5,EXT
2025-12-21,49.684660664819944,44.10086565096953,27.783981994459833,31.269621421975994,7.717759310557095,23.429362880886426,966.9890443213296,SITE 5,EXT
2025-12-22,48.73113573407202,41.59440443213296,27.245138504155126,32.06140350877193,8.350261618959681,23.86426592797784,967.0994459833796,SITE 5,EXT
2025-12-23,56.47747229916897,51.34104570637119,33.83498614958449,32.381502000615576,9.288242536164974,24.808864265927976,967.419916897507,SITE 5,EXT
2025-12-24,59.5882756232687,51.39904432132964,33.68132271468144,32.72930132348415,13.16558941212681,31.344875346260388,967.6031440443213,SITE 5,EXT
2025-12-25,54.914680998613036,46.62373786407767,30.709993065187238,32.80012328556018,17.36708275543227,40.9375866851595,968.4701941747572,SITE 5,EXT
2025-12-26,60.02224687933426,51.56543689320388,34.278210818307905,33.092926490984745,14.342733857296965,33.73092926490985,968.9340776699029,SITE 5,EXT
2025-12-27,55.82792649098474,48.65018030513176,32.17231622746186,32.635999383572205,11.71135768223147,30.40499306518724,968.9967545076283,SITE 5,EXT
2025-12-28,45.46381742738589,38.994495159059475,25.688464730290455,32.30905179037959,7.3543875826033505,21.937759336099585,969.1565560165974,SITE 5,EXT
2025-12-29,52.31617565698479,46.116625172890735,30.73383125864454,33.330259720301214,8.196557553404027,22.179806362378976,969.2582019363763,SITE 5,EXT
2025-12-30,65.97169432918396,56.52452973720609,36.59791147994468,33.11280159827878,17.305209774089445,40.643153526970956,970.4252420470262,SITE 5,EXT
2025-12-31,66.992918395574,59.438962655601664,39.00619640387275,33.255724604272324,16.542953742123867,39.786998616874136,969.7591147994467,SITE 5,EXT
2026-01-01,78.46470262793915,71.88374135546334,46.49692946058091,33.0490241278623,12.620255109881667,31.197786998616873,968.3842600276624,SITE 5,EXT
2026-01-02,51.8810235131397,44.712005532503454,29.264080221300137,33.002151529122486,17.20224373751345,41.77593360995851,968.6660165975104,SITE 5,EXT
2026-01-03,57.18241355463348,50.65103734439834,33.05865836791148,32.80236668203474,17.574150914399876,42.04840940525588,968.9097372060858,SITE 5,EXT
2026-01-04,39.29787446504993,34.730106990014264,23.31666904422254,32.59153590109368,18.071802187351402,42.94293865905849,969.119457917261,SITE 5,EXT
2026-01-05,52.77743319268635,45.689078762306615,29.977369901547117,33.1301765900922,18.567744960150026,44.0182841068917,968.6208579465542,SITE 5,EXT
2026-01-06,53.313540802213005,44.92174965421853,29.680131396957123,31.545258951897956,17.844628861226372,45.56431535269709,968.4576625172891,SITE 5,EXT
2026-01-07,56.87607192254495,48.41115491009682,32.216452282157675,32.74704164745659,13.926540648532349,34.94744121715076,968.8247994467496,SITE 5,EXT
2026-01-08,28.651222222222223,24.775194444444445,16.541194444444443,29.414351851851855,8.733024691358025,27.71388888888889,970.9144861111112,SITE 5,EXT
2026-01-09,48.84488904299584,43.199167822468794,28.97641470180305,31.495607951918636,7.201417783942056,23.34396671289875,969.728238557559,SITE 5,EXT
2026-01-10,53.00222607489598,46.21151872399445,30.13085298196949,31.817691477885653,5.458468176914779,20.273231622746184,969.0090013869625,SITE 5,EXT
2026-01-11,68.79445908460471,58.685700416088764,36.57366158113731,32.198335644937586,4.285714285714286,17.546463245492372,968.0731761442441,SITE 5,EXT
2026-01-12,79.195375,65.58190277777778,39.86436111111111,32.128858024691354,4.032407407407407,17.738888888888887,968.0751527777777,SITE 5,EXT
2026-01-13,79.16945983379502,66.38304016620499,41.63578947368421,32.23761157279163,4.732994767620807,18.173130193905816,967.6083379501384,SITE 5,EXT
2026-01-14,75.98534027777778,62.8715763888889,39.31865277777778,32.51466049382716,6.457561728395062,20.52777777777778,967.7717638888889,SITE 5,EXT
2026-01-15,83.25155339805826,70.98929264909847,44.83280166435507,32.61057173678533,10.030050855293574,25.85159500693481,967.9282940360611,SITE 5,EXT
2026-01-16,70.57422330097087,58.12271151178918,36.402024965325936,32.57820927723841,8.283248574510711,23.8502080443828,968.2833009708738,SITE 5,EXT
2026-01-17,54.478509015256584,42.08377947295423,24.965388349514562,31.952535059331176,3.160733549083064,16.536754507628295,967.451386962552,SITE 5,EXT
2026-01-18,57.33235090152566,47.00604715672677,27.84466712898752,32.319309600863,3.1692094313453536,16.299583911234397,966.9240221914008,SITE 5,EXT
2026-01-19,77.27475728155339,68.6073786407767,44.30348821081831,32.87255355216521,4.154723378024349,16.968099861303745,966.293758668516,SITE 5,EXT
2026-01-20,56.439283727399165,49.09620305980528,32.1741585535466,31.48972338123938,5.560964302271674,19.90125173852573,967.4365646731571,SITE 5,EXT
2026-01-21,43.887049861495846,36.157970914127425,22.146419667590028,30.35780240073869,6.144967682363805,22.43628808864266,967.7093074792243,SITE 5,EXT
2026-01-22,38.821701244813276,32.797088520055325,21.690677731673585,30.080682342093134,3.161979406792685,18.64038727524205,968.5360304287691,SITE 5,EXT
2026-01-23,46.710602493074795,39.45009695290859,26.37209833795014,30.25623268698061,2.0144659895352417,16.88781163434903,968.8750692520777,SITE 5,EXT
2026-01-24,50.15843532684284,43.647093184979134,29.667162726008343,30.999845464379543,0.4520166898470097,14.225312934631432,969.7106258692628,SITE 5,EXT
2026-01-25,38.05975190839695,33.563998091603054,23.400047709923665,29.310856658184903,-2.998303647158609,12.143129770992367,970.1993320610687,SITE 5,EXT
2026-01-26,35.21656509695291,30.502029085872575,21.071558171745153,30.689442905509388,-0.3385657125269314,13.898891966759003,969.5973268698061,SITE 5,EXT
2026-01-27,48.57841886269071,40.57340499306519,26.58757281553398,31.141932501155807,-2.469563877330868,11.560332871012482,969.5106518723995,SITE 5,EXT
2026-01-28,58.70815352697096,48.422558782849244,31.744847856154912,32.06469955432611,-1.5406485323497772,11.406639004149378,969.1952835408022,SITE 5,EXT
2026-01-29,56.665263157894735,46.90977146814405,30.88558864265928,32.80778701138812,-0.9687596183441058,11.621883656509695,969.4380332409972,SITE 5,EXT
2026-01-30,62.093150969529084,53.210824099722984,34.8471675900277,33.30717143736534,-1.8751923668821175,10.53601108033241,969.1771883656511,SITE 5,EXT
2026-01-31,64.50509722222222,55.948909722222226,37.945166666666665,32.92746913580247,4.657407407407407,17.15277777777778,968.5583472222222,SITE 5,EXT
2026-02-01,73.41999305555555,63.54022916666666,42.29236111111111,33.81481481481482,8.808641975308642,22.78611111111111,967.817763888889,SITE 5,EXT
2026-02-02,71.67368932038835,64.21225381414702,50.00864077669903,62.102789335799045,14.392818616119587,27.66990291262136,965.8464216366158,SITE 5,EXT
2026-02-03,56.696034722222215,47.67614583333333,32.16050694444444,28.065586419753085,16.594135802469136,51.7125,969.7697777777778,SITE 5,EXT
2026-02-04,49.37971567267684,41.314091539528434,27.84343273231623,30.742795500077058,14.95222684543073,42.49375866851595,969.7460194174757,SITE 5,EXT
2026-02-05,50.515,44.002198335644934,30.175409153952845,33.05594082293112,4.973801818462013,19.764216366158113,968.2372538141472,SITE 5,EXT
2026-02-06,60.7081191588785,51.93660046728972,35.05721962616823,30.77102803738318,7.030114226375909,23.385514018691588,970.0792056074766,SITE 5,EXT
2026-02-07,66.43292361111111,57.76473611111111,36.2764375,33.61805555555556,8.408950617283951,23.47222222222222,970.4250277777778,SITE 5,EXT
2026-02-08,45.49011095700416,38.72093619972261,26.75978502080444,34.00832177531207,3.02588996763754,15.209431345353675,969.1643134535367,SITE 5,EXT
2026-02-09,48.63988194444444,41.22110416666666,28.004715277777777,33.7962962962963,3.8040123456790127,15.780555555555555,967.8288472222223,SITE 5,EXT
2026-02-10,45.64461165048544,38.914722607489594,26.377850208044382,33.231622746185856,3.784866697488057,16.171983356449378,968.3542857142857,SITE 5,EXT
2026-02-11,55.99801532033426,47.03910167130919,32.138516713091924,33.52445063447849,9.249458372021046,23.33426183844011,969.2863231197771,SITE 5,EXT
2026-02-12,62.22770833333333,53.343083333333325,36.12876388888889,34.42438271604939,12.49537037037037,29.180555555555557,969.3792361111111,SITE 5,EXT
2026-02-13,51.4588125,42.75983333333333,29.30222222222222,34.59645061728395,14.161265432098766,30.979166666666668,968.5223055555556,SITE 5,EXT
2026-02-14,50.20936717663422,44.032955493741305,30.01875521557719,33.919796012980996,15.943439962911452,36.72183588317107,967.3149235048679,SITE 5,EXT
2026-02-15,36.19413769123783,32.20102920723227,22.598769123783033,30.596507494977594,18.364240457425435,50.037552155771905,968.8389986091794,SITE 5,EXT
2026-02-16,48.95641470180305,37.439091539528434,22.2299306518724,31.48790260440746,9.444444444444445,32.052704576976424,970.2812205270458,SITE 5,EXT
2026-02-17,62.67150208623087,47.25971488178025,26.524485396383866,31.83433781486633,0.16226240148354198,13.42837273991655,969.4701947148817,SITE 5,EXT
2026-02-18,78.66906944444445,60.25575694444444,34.11195138888889,32.361111111111114,0.15123456790123457,13.140277777777778,968.0792638888888,SITE 5,EXT
2026-02-19,70.34059157212317,56.860307941653154,35.340307941653165,32.24293174860436,-0.1620745542949757,12.972447325769854,967.4860291734198,SITE 5,EXT
2026-02-20,69.75865277777778,58.21574999999999,38.007284722222224,33.204475308641975,0.20138888888888892,12.948611111111111,968.3318055555555,SITE 5,EXT
2026-02-21,67.19371866295265,56.45725626740947,36.19449164345404,33.60105230578768,2.2423398328690807,14.805013927576601,969.0500557103063,SITE 5,EXT
2026-02-22,57.90577669902913,48.455228848821086,31.97622746185853,33.886577284635536,-2.065033132994298,10.300970873786408,968.3791262135921,SITE 5,EXT
2026-02-23,51.36823162274619,43.2572399445215,29.619327323162274,34.181692094313455,-1.0502388657728465,11.055478502080444,966.4223994452151,SITE 5,EXT
2026-02-24,55.9736875,46.34151388888889,31.663340277777777,34.0354938271605,3.234567901234568,14.770833333333334,965.4592638888889,SITE 5,EXT
2026-02-25,56.132503457814664,46.2566459197787,31.041203319502078,33.61456892577225,8.124327647149224,21.59889349930844,966.4456984785616,SITE 5,EXT
2026-02-26,61.36626731301939,50.81302631578947,33.1983864265928,33.56417359187443,9.877654662973223,24.867036011080334,967.3673822714682,SITE 5,EXT
2026-02-27,55.16898199445983,44.56288781163435,29.059819944598335,32.9739919975377,17.172206832871655,40.24376731301939,967.5570083102493,SITE 5,EXT
2026-02-28,48.88317427385893,39.67805670816044,26.428679114799447,32.58644536652835,17.98832027047795,42.87551867219917,967.1130705394191,SITE 5,EXT
2026-03-01,51.63923130193906,41.82238227146814,27.83003462603878,32.16297322253001,14.278239458294859,36.76869806094183,966.3636149584488,SITE 5,EXT
2026-03-02,46.759834024896264,39.4010857538036,26.912669432918396,30.230520977408947,15.134470570155218,42.08437067773168,968.0416182572613,SITE 5,EXT
2026-03-03,47.38370498614959,37.59772853185596,24.480997229916895,32.94475223145584,9.159741458910435,23.722991689750693,968.1354016620498,SITE 5,EXT
2026-03-04,52.13446058091286,42.09381051175657,28.017828492392805,34.582757030889816,11.473797448901184,25.81881051175657,967.3267496542185,SITE 5,EXT
2026-03-05,42.424813019390584,35.40012465373961,24.688808864265926,33.572637734687596,17.823176361957525,40.88781163434903,967.7587534626039,SITE 5,EXT
2026-03-06,43.01359612724758,36.19937067773167,25.364163208852005,34.394498232672504,18.68372521899493,41.06085753803596,966.2383679114799,SITE 5,EXT
2026-03-07,50.92063541666666,45.20045833333334,31.55059375,29.403935185185183,19.45601851851852,56.0625,967.3306458333334,SITE 5,EXT
2026-03-08,44.30390581717451,37.62538781163435,25.772229916897505,33.71421975992613,18.314866112650048,42.69390581717452,966.7047091412743,SITE 5,EXT
2026-03-09,47.734349930843706,40.42031811894882,27.67515214384509,34.852466574458276,18.18426310127555,39.80082987551867,966.8341078838175,SITE 5,EXT
2026-03-10,46.365326388888896,39.13322222222222,26.845173611111115,33.726851851851855,17.432870370370374,40.915277777777774,966.6955833333333,SITE 5,EXT
2026-03-11,48.45569444444444,40.10355555555556,27.31242361111111,33.07021604938272,19.52391975308642,47.0,967.1122222222223,SITE 5,EXT
2026-03-12,50.68180613668062,42.03922594142259,28.76429567642957,34.41112660777933,18.94700139470014,42.82426778242678,966.7503486750348,SITE 5,EXT
2026-03-13,35.938178025034766,31.58315020862309,22.367176634214186,34.52712100139082,17.76077885952712,38.819193324061196,966.6392767732963,SITE 5,EXT
2026-03-14,40.949152777777776,35.57677777777778,25.102243055555558,34.79398148148148,17.371913580246915,38.354166666666664,965.6096805555555,SITE 5,EXT
2026-03-15,48.21144244105409,40.18844660194175,27.981893203883494,34.472954230235786,18.322545846817693,39.916782246879336,966.6701941747573,SITE 5,EXT
2026-03-16,47.96662756598241,40.21304985337243,27.507228739002933,34.544639947865754,13.203812316715542,32.1950146627566,966.9434017595308,SITE 5,EXT
2026-03-17,40.124881944444446,34.45761805555556,24.355326388888887,34.013888888888886,17.412037037037038,38.78888888888889,967.2130277777778,SITE 5,EXT
2026-03-18,41.07144244105409,35.13015950069348,24.81256588072122,34.27415626444753,18.003544459855142,39.78085991678225,966.6835644937586,SITE 5,EXT
2026-03-19,41.72158553546593,35.99623087621697,25.43028511821975,35.012362849636844,18.387420800494514,39.066759388038946,966.1399443671767,SITE 5,EXT
2026-03-20,36.66045201668985,32.236495132127956,23.09480528511822,33.307062277855046,18.899706382321128,43.9346314325452,965.6184422809458,SITE 5,EXT
2026-03-21,39.13821974965229,33.899700973574404,24.353546592489568,34.74269819193324,19.14541801885335,41.85535465924896,964.8430319888735,SITE 5,EXT
2026-03-22,43.10225,36.81438888888889,26.348201388888885,34.548611111111114,19.94135802469136,44.03888888888889,965.1127777777778,SITE 5,EXT
2026-03-23,32.47452083333333,28.22275694444444,20.848076388888888,29.315586419753085,19.202932098765434,56.19305555555555,967.6865972222222,SITE 5,EXT
2026-03-24,39.0146185852982,33.80414008321775,24.327753120665744,33.04900601017106,19.504546155031594,47.25936199722607,967.3401109570041,SITE 5,EXT
2026-03-25,35.505861111111116,31.2184375,22.720104166666665,32.926697530864196,19.186728395061728,45.604166666666664,966.6559583333334,SITE 5,EXT
2026-03-26,46.45324152542372,38.89158192090396,27.43813559322034,34.00502197112367,19.497802887633398,44.259887005649716,965.8904237288136,SITE 5,EXT
2026-03-27,46.76997222222222,39.08488194444445,27.46840277777778,31.8070987654321,20.193672839506174,51.826388888888886,966.7984027777777,SITE 5,EXT
2026-03-28,37.647618055555554,32.80296527777777,23.51575,30.768518518518523,19.520833333333332,52.50555555555555,968.5011111111112,SITE 5,EXT
2026-03-29,36.433018080667594,30.368803894297635,20.829019471488177,30.992118683356516,19.68242929995364,53.749652294853966,967.5186787204451,SITE 5,EXT
2026-03-30,28.82917246175243,24.48172461752434,17.51740611961057,31.373048987791687,19.65538556637305,52.24061196105702,966.7625730180807,SITE 5,EXT
2026-03-31,31.249243055555556,27.269208333333335,19.686715277777775,31.24382716049383,19.813271604938272,51.50416666666667,967.3534027777777,SITE 5,EXT
2026-04-01,47.09522222222222,37.62425694444445,23.47263194444444,32.449074074074076,14.099537037037038,36.97361111111111,968.0274722222223,SITE 5,EXT
2026-04-02,57.52912378303199,45.14065368567455,28.16242002781641,33.14479987637151,8.716581672075414,23.648122392211405,968.3178303198888,SITE 5,EXT
2026-04-03,54.7172783933518,42.52313019390582,26.973698060941825,33.309479839950754,9.04355186211142,23.628808864265928,968.4604016620499,SITE 5,EXT
2026-04-04,43.590020775623266,35.132382271468146,24.039349030470913,33.0570944906125,17.261465066174207,40.90027700831025,969.4762603878116,SITE 5,EXT
2026-04-05,50.3952489626556,41.594757952973715,28.77853388658368,34.62578761333948,13.31335484862456,29.910096818810512,968.3068741355463,SITE 5,EXT
2026-04-06,50.82047091412742,42.59042243767313,29.75257617728532,34.72222222222222,13.528008618036319,30.170360110803323,968.0126177285318,SITE 5,EXT
2026-04-07,46.73369958275382,38.97657858136301,27.446091794158555,34.73342605470561,18.29006335960439,39.77746870653686,968.0411126564674,SITE 5,EXT
2026-04-08,36.798944444444444,31.610006944444446,23.071812500000004,34.557870370370374,17.781635802469136,39.645833333333336,967.4640277777778,SITE 5,EXT
2026-04-09,37.05117361111111,31.7003125,22.679395833333334,33.00694444444444,18.50771604938272,43.77777777777778,968.0039861111111,SITE 5,EXT
2026-04-10,35.26238525730181,29.74586926286509,21.07056328233658,32.60856127337352,19.481532993354968,47.73713490959666,968.4423922114047,SITE 5,EXT
2026-04-11,44.353898186889815,38.015564853556484,25.16839609483961,32.194328219432826,20.47729738106307,51.89679218967922,968.8187726638773,SITE 5,EXT
2026-04-12,36.1067130620985,29.895032119914347,22.31511777301927,28.71163454675232,19.315964787056867,58.9593147751606,969.0900642398287,SITE 5,EXT
2026-04-13,42.14194444444445,34.73872222222222,25.245284722222223,34.664351851851855,19.35185185185185,42.97083333333333,965.7608055555556,SITE 5,EXT
2026-04-14,34.72971791255289,29.050260930888573,21.551015514809592,30.568876351669022,19.790001567152483,53.712270803949224,967.665035260931,SITE 5,EXT
2026-04-15,47.86071727019499,40.42129526462396,28.887040389972146,34.06453110492108,17.493036211699163,41.571030640668525,966.6548189415042,SITE 5,EXT
2026-04-16,41.951710526315786,34.700927977839335,25.451198060941827,34.99923053247153,18.11788242536165,38.88504155124654,965.2433102493076,SITE 5,EXT
2026-04-17,51.402139889196675,42.79505540166205,31.39963296398892,35.14081255771006,18.931209602954755,40.68282548476454,964.2444182825484,SITE 5,EXT
2026-04-18,44.33764448336252,37.17084063047285,28.13397548161121,33.839268340143995,19.101965362911073,44.22416812609457,963.716357267951,SITE 5,EXT
2026-04-19,45.12748959778086,37.54714979195562,27.885256588072124,34.66250577901064,19.956079519186318,45.173370319001386,964.3233980582525,SITE 5,EXT
2026-04-20,44.08573407202216,36.536710526315794,27.064840720221603,29.918436441982152,20.778701138811943,59.5207756232687,965.7219252077562,SITE 5,EXT
2026-04-21,43.190831024930745,36.19592797783933,26.934729916897506,31.85133887349954,21.39504462911665,55.34626038781163,966.4665789473684,SITE 5,EXT
2026-04-22,31.60662049861496,26.3363296398892,19.813981994459834,31.760541705140046,19.046629732225302,49.39750692520776,967.0531578947368,SITE 5,EXT
2026-04-23,38.80677083333333,32.45463194444444,24.071833333333334,34.51311728395062,20.97222222222222,47.78472222222222,965.6024444444445,SITE 5,EXT
2026-04-24,40.75228531855956,34.20062326869806,26.058254847645433,32.99168975069252,19.889966143428747,47.53185595567867,965.7242936288088,SITE 5,EXT
2026-04-25,52.12033240997229,42.993019390581715,32.56032548476454,33.054786088027086,20.422437673130194,49.37257617728532,965.9601523545706,SITE 5,EXT
2026-04-26,51.78871705963939,42.93339805825243,31.594181692094313,32.899522268454305,20.63646170442287,50.06657420249653,967.6379056865466,SITE 5,EXT
2026-04-27,41.53807479224377,34.85645429362881,25.293781163434904,33.072483841181906,19.61526623576485,46.47645429362881,969.109972299169,SITE 5,EXT
2026-04-28,45.02452216066482,38.16396814404432,27.5740027700831,33.40951061865189,19.800707910126192,46.66620498614959,967.9242659279778,SITE 5,EXT
2026-04-29,33.194103554868626,28.23616692426584,21.669536321483772,31.22359608449253,20.212089987978707,53.701700154559504,968.6329520865534,SITE 5,EXT
2026-04-30,41.249796061884666,34.68509845288326,26.455302390998597,32.258165338334116,21.06735427410533,53.90295358649789,969.7684950773559,SITE 5,EXT
2026-05-01,42.375747922437675,35.434785318559555,26.6342243767313,34.753000923361036,20.961834410587873,46.322714681440445,967.4440443213296,SITE 5,EXT
2026-05-02,39.81573997233748,33.81547717842324,25.417863070539422,33.03058244966959,22.037805440295067,53.511756569847854,967.2056154910098,SITE 5,EXT
2026-05-03,30.6761875,26.227618055555553,20.18382638888889,31.895061728395063,19.661265432098766,50.0,968.0464722222222,SITE 5,EXT
2026-05-04,38.15894154818326,32.43429699842022,24.242756714060032,30.691592065999647,20.933824820080744,57.279620853080566,969.3892417061612,SITE 5,EXT
2026-05-05,32.78246879334258,27.734271844660196,21.223398058252428,32.71786492374728,19.32371096586783,47.62418300653595,967.9401633986928,SITE 5,EXT
2026-05-06,35.11621191135734,29.76165512465374,22.67432132963989,,,,,SITE 5,EXT
2026-05-07,37.6776213592233,32.59178224687933,24.08959084604716,,,,,SITE 5,EXT
2026-05-08,34.61115168539326,29.298469101123594,22.120035112359552,28.925181462869904,20.161920714684534,59.949748743718594,968.7066331658291,SITE 5,EXT
2026-05-09,38.35547904191617,32.34672155688623,24.439865269461077,30.67198935462409,21.289920159680637,58.3937125748503,969.9658383233534,SITE 5,EXT
2026-05-10,40.756544321329635,34.04314404432133,25.47285318559557,34.08356417359188,20.517082179132043,47.85872576177285,969.1440997229918,SITE 5,EXT
2026-05-11,40.61441828254848,34.449210526315795,25.66634349030471,32.91320406278855,21.49430594028932,52.33240997229917,968.5596121883657,SITE 5,EXT
2026-05-12,43.94821527777778,37.59065972222223,29.243291666666664,33.31867283950617,20.121913580246915,48.729166666666664,969.3369583333333,SITE 5,EXT
2026-05-13,46.51200831024931,40.13952908587258,32.65999307479224,33.489535241612806,20.599415204678362,48.91135734072022,968.7880470914127,SITE 5,EXT
2026-05-14,51.11961218836565,44.44472299168975,36.2443975069252,34.04201292705448,20.897199138196367,47.60249307479224,967.7506648199445,SITE 5,EXT
2026-05-15,51.42238557558946,45.419237170596396,38.054452149791956,32.92186777623671,20.11558021266759,48.65325936199723,967.9391123439667,SITE 5,EXT
2026-05-16,40.652031900138695,35.280298196948685,29.511033287101252,29.57928802588997,20.34905224225613,58.8002773925104,969.5375866851595,SITE 5,EXT
2026-05-17,45.69516620498615,39.61434903047092,32.515941828254846,33.5518621114189,21.722837796245,51.88504155124654,969.6698199445983,SITE 5,EXT
2026-05-18,47.23302357836339,41.46729542302358,33.67943828016644,29.124672522730776,20.66805362921868,61.5506241331484,970.7549791955616,SITE 5,EXT
2026-05-19,39.26652234636872,34.41572625698324,28.27923184357542,31.449410304158906,20.937306021104906,55.25837988826816,969.9986731843576,SITE 5,EXT
2026-05-20,46.09295706371191,39.90270775623269,31.403171745152356,32.37842413050169,21.353493382579256,54.051246537396125,969.6439196675901,SITE 5,EXT
2026-05-21,43.118159722222224,37.59319444444444,29.67235416666667,31.750771604938276,21.344135802469136,55.548611111111114,969.9463888888889,SITE 5,EXT
2026-05-22,41.1295567867036,35.84489612188366,28.732416897506926,32.70698676515851,21.044936903662666,52.03047091412743,970.012188365651,SITE 5,EXT
2026-05-23,37.856043115438105,32.95290681502086,27.03276773296245,30.105856900015457,21.09797558337197,59.57719054242003,969.732461752434,SITE 5,EXT
2026-05-24,38.724751037344404,33.632665975103734,26.591545643153527,29.578146611341634,21.227524204702625,61.7655601659751,970.2859128630705,SITE 5,EXT
2026-05-25,39.119660194174756,34.03549237170596,27.244639389736474,29.21020188010479,21.014023732470335,62.300970873786405,971.6450485436893,SITE 5,EXT
2026-05-26,45.95834487534626,40.863054016620495,30.986980609418282,30.69405971068021,21.325023084025855,58.56232686980609,971.6935318559556,SITE 5,EXT
2026-05-27,42.62921745152355,37.330803324099726,29.199265927977837,32.430747922437675,21.040320098491843,52.84349030470914,970.1553047091413,SITE 5,EXT
2026-05-28,38.18518232819074,33.12444600280505,25.861409537166903,32.41935483870968,21.131369798971484,52.86395511921459,969.8417952314165,SITE 5,EXT
2026-05-29,44.71948682385575,38.58445214979196,29.530527045769762,31.675142548928957,20.930035444598552,54.109570041608876,970.936907073509,SITE 5,EXT
2026-05-30,46.626855955678664,39.86247922437673,31.11782548476454,33.61957525392429,21.29501385041551,50.25623268698061,969.5381855955678,SITE 5,EXT
2026-05-31,36.7871104815864,31.489483002832863,25.041501416430595,30.582310355681464,20.5225055083412,57.126062322946176,969.7942351274787,SITE 5,EXT
2026-06-01,39.74904993065187,34.12384882108183,26.82750346740638,32.60980120203421,21.4809677916474,53.62829403606103,969.2939667128987,SITE 5,EXT
2026-06-02,45.70716480446928,39.45413407821229,30.565027932960895,32.035226567349476,21.945996275605214,56.39804469273743,970.2884916201118,SITE 5,EXT
2026-06-03,39.34904895104895,34.04386013986014,26.198944055944054,32.8018648018648,21.351204351204352,52.63076923076923,971.1466013986013,SITE 5,EXT
2026-06-04,36.16888429752066,31.979611570247936,24.77212396694215,27.421487603305785,20.528007346189167,67.13388429752067,971.66747107438,SITE 5,EXT
2026-06-05,38.49222765363129,33.93629888268156,25.929245810055868,31.429236499068903,20.301055245189325,54.22486033519553,969.6225139664804,SITE 5,EXT
2026-06-06,36.49621621621622,31.908100995732575,24.217083926031297,29.498972656867394,21.186186186186188,61.94167852062589,969.5095448079658,SITE 5,EXT
2026-06-07,31.76857938718663,28.055967966573817,21.578857938718663,29.76787372330548,20.352831940575673,58.56267409470752,971.7399025069637,SITE 5,EXT
2026-06-08,40.31825174825175,35.26808391608392,26.78160839160839,30.92851592851593,21.155400155400155,57.282517482517484,972.714013986014,SITE 5,EXT
2026-06-09,46.93814447592068,40.69830736543909,30.15048866855524,28.774787535410766,20.914384639597106,63.57365439093484,970.9740934844192,SITE 5,EXT
2026-06-10,43.56746153846154,38.30869230769231,28.352594405594406,30.28438228438229,20.871794871794872,58.6993006993007,970.3471188811188,SITE 5,EXT
2026-06-11,43.305266479663395,37.629656381486676,27.493183730715288,29.56210067009506,21.458625525946704,63.34782608695652,970.5806311360449,SITE 5,EXT
2026-06-12,42.586363636363636,37.6587972027972,27.797636363636364,30.16550116550117,21.47863247863248,61.34125874125874,971.5150489510489,SITE 5,EXT
2026-06-13,39.268595839524515,34.40907132243685,25.35721396731055,30.44824170381377,21.78058444774641,61.199108469539375,972.4713372956909,SITE 5,EXT
2026-06-14,31.625352112676055,27.93411971830986,21.751281690140846,28.683881064162755,20.55399061032864,62.792957746478876,972.4403802816902,SITE 5,EXT
2026-06-15,33.24195804195804,29.42041258741259,22.773013986013986,31.331779331779334,20.846153846153847,55.78041958041958,971.9760839160839,SITE 5,EXT
2026-06-16,41.30366246498599,36.89899159663866,28.19759103641457,31.62542794895736,21.062869592281356,54.95658263305322,970.9381792717087,SITE 5,EXT
2026-06-17,48.816664335664335,42.889503496503494,31.92418881118881,31.761460761460764,21.302253302253302,55.24475524475525,971.7322797202796,SITE 5,EXT
2026-06-18,63.09227722772277,53.830049504950495,39.905396039603964,30.561056105610565,21.903190319031903,60.524752475247524,971.6917821782177,SITE 5,EXT
2025-12-01,46.21049100968188,38.90090594744122,25.289737206085753,34.339941601352386,18.702935300445674,40.33609958506224,966.251286307054,SITE 5,INT
2025-12-02,45.907763157894735,39.67630886426593,25.882991689750693,34.47983995075408,18.88734995383195,40.29224376731302,966.2303185595568,SITE 5,INT
2025-12-03,56.09451590594744,50.00237897648686,30.75775242047026,34.17857691716613,11.303211925618566,26.042876901798063,967.1244121715075,SITE 5,INT
2025-12-04,70.12723066298342,61.14122237569061,34.052651933701654,33.96025168815224,7.687231430325353,19.86878453038674,967.6419475138122,SITE 5,INT
2025-12-05,49.99547112462005,43.69139817629179,28.573297872340426,33.86862546437015,5.911009793988518,17.98328267477204,967.9990881458967,SITE 5,INT
2025-12-06,51.54442817294282,44.54475592747559,29.255718270571826,33.64016736401673,5.008523167518984,17.00278940027894,967.892329149233,SITE 5,INT
2025-12-07,50.60816229116945,42.93522673031026,28.2081861575179,32.5444179262795,5.58472553699284,18.656324582338904,968.4894988066825,SITE 5,INT
2025-12-08,50.65178072625699,43.76262569832402,28.26093575418994,34.03941651148355,5.124922408441962,16.50977653631285,968.1,SITE 5,INT
2025-12-09,51.50101941747573,44.161775312066574,28.392988904299585,33.986746802280784,9.243334874402835,22.20110957004161,969.0255062413315,SITE 5,INT
2025-12-10,79.84681881051176,69.43338865836792,45.2240041493776,34.47057015521746,13.344859382203781,28.605809128630707,968.945172890733,SITE 5,INT
2025-12-11,77.82110724233983,66.72401114206127,43.21240250696379,34.55818632002476,13.666821417517795,29.54874651810585,968.1539832869081,SITE 5,INT
2025-12-12,63.04671983356449,52.65218446601941,34.72305131761443,34.624749576205886,14.240252735398368,30.31345353675451,966.9336199722608,SITE 5,INT
2025-12-13,50.22339112343967,42.31166435506241,27.51277392510402,34.94375096316844,16.9001386962552,35.052704576976424,966.8400693481275,SITE 5,INT
2025-12-14,42.33392510402219,35.9323786407767,23.77339112343967,33.81491755278163,18.196948682385575,40.0748959778086,967.8940083217752,SITE 5,INT
2025-12-15,48.815957004160886,40.958300970873786,26.707246879334257,31.171983356449378,17.64678687008784,44.99722607489598,969.8051317614425,SITE 5,INT
2025-12-16,38.51359223300971,32.7223786407767,20.891747572815536,30.846817691477884,11.297580520881493,30.69625520110957,969.2362968099861,SITE 5,INT
2025-12-17,54.224546805349185,46.30696136701337,29.019375928677565,31.92256892851247,11.513950800726434,29.12481426448737,968.1535958395245,SITE 5,INT
2025-12-18,42.545547850208045,36.35576282940361,22.77773231622746,32.827862536600406,9.256433965171828,23.66851595006935,968.3252704576977,SITE 5,INT
2025-12-19,45.80018723994452,39.038758668515946,24.719361997226073,32.338572969640936,8.082139004469102,22.409153952843273,968.5373786407766,SITE 5,INT
2025-12-20,43.758374827109265,36.134896265560165,22.106307053941908,32.95451052712464,7.551867219917012,20.87966804979253,967.728478561549,SITE 5,INT
2025-12-21,54.64091286307053,47.447704011065014,30.43970262793914,33.55540187490395,7.1807284462886125,19.62932226832642,966.477897648686,SITE 5,INT
2025-12-22,54.52845781466113,45.99522130013831,30.335297372060854,34.15936683571538,7.989088673735977,20.286307053941908,966.6248547717843,SITE 5,INT
2025-12-23,63.70982019363762,57.14284923928077,37.8048755186722,34.40832949131704,8.565391117258338,20.71230982019364,966.9069571230982,SITE 5,INT
2025-12-24,66.4956163434903,56.41695983379501,36.99435595567867,34.81071098799631,12.738534933825793,26.65235457063712,967.0713296398892,SITE 5,INT
2025-12-25,57.80796680497926,48.397399723374825,32.20464038727525,35.09143998770555,16.918702935300445,34.6597510373444,967.8852282157677,SITE 5,INT
2025-12-26,62.41511756569847,52.65629322268327,35.192759336099584,34.88473951129553,13.712156139542031,29.06362378976487,968.3450622406639,SITE 5,INT
2025-12-27,63.06381051175657,54.45953665283541,36.55094744121715,34.728753649915475,11.687413554633471,25.885200553250346,968.4448132780083,SITE 5,INT
2025-12-28,47.52372237569061,39.798680939226514,26.100573204419888,34.39533456108042,6.510128913443832,18.0,968.636546961326,SITE 5,INT
2025-12-29,56.76876901798064,49.44788381742739,33.10435684647303,34.82710926694329,7.654833256493007,19.077455048409405,968.7666943291839,SITE 5,INT
2025-12-30,68.33383656509695,58.08740304709142,38.463372576177285,35.36780547860881,16.54201292705448,33.37119113573407,969.9212465373961,SITE 5,INT
2025-12-31,68.6960580912863,59.80794605809128,40.00377593360996,35.154449054863996,15.850622406639005,33.149377593360995,969.1849100968187,SITE 5,INT
2026-01-01,80.86251728907331,72.86453665283541,48.192219917012444,34.840940525587826,11.705855232826188,25.521438450899034,967.8513416320885,SITE 5,INT
2026-01-02,53.4063296398892,45.43295706371191,30.18092105263158,34.98384118190213,16.504309018159432,34.7382271468144,968.1183656509695,SITE 5,INT
2026-01-03,62.80800138312586,54.65395573997233,35.765719225449516,34.81404641155679,16.94790225910558,35.593360995850624,968.3886030428769,SITE 5,INT
2026-01-04,43.396526390870186,37.752952924393725,25.60074179743224,34.82723093992709,17.693770803613887,36.74893009985735,968.6026105563482,SITE 5,INT
2026-01-05,53.40745786516854,45.0509058988764,29.92783005617978,35.181023720349565,18.0539950062422,37.234550561797754,968.0470084269663,SITE 5,INT
2026-01-06,54.29674273858921,45.4029806362379,30.238928077455046,34.447518057476564,17.36130321192562,36.76486860304288,967.8633471645919,SITE 5,INT
2026-01-07,58.05071428571429,48.893793342579755,32.6623786407767,34.933734011403914,13.307905686546464,28.905686546463244,968.2314424410541,SITE 5,INT
2026-01-08,29.796790209790213,25.34762937062937,16.41541258741259,32.35819735819736,7.972027972027972,22.04055944055944,970.324993006993,SITE 5,INT
2026-01-09,49.96325174825174,43.49556643356644,28.763496503496505,33.216006216006214,6.371406371406372,19.36223776223776,969.2018461538461,SITE 5,INT
2026-01-10,57.03750698324023,49.14317737430167,31.770439944134075,33.94708255741776,4.705152079453756,16.583798882681563,968.4636173184357,SITE 5,INT
2026-01-11,69.50282821229051,57.13529329608939,35.47983240223464,34.255121042830545,3.755431409062694,14.8268156424581,967.5647067039106,SITE 5,INT
2026-01-12,82.95019553072625,65.99927374301676,39.98114525139665,34.09373060211049,3.1579764121663567,14.416201117318435,967.5735195530726,SITE 5,INT
2026-01-13,82.83289106145251,67.33737430167598,42.142877094972064,34.07821229050279,3.903631284916201,15.259776536312849,967.1046648044692,SITE 5,INT
2026-01-14,81.23990237099024,65.74913528591352,41.01331241283125,34.57849062451573,6.274600960793429,17.761506276150627,967.2752859135286,SITE 5,INT
2026-01-15,88.45504189944134,73.60138966480447,46.70206005586593,34.53134698944755,9.334264432029796,22.08659217877095,967.4334497206704,SITE 5,INT
2026-01-16,76.47697902097902,61.84502097902098,38.77173426573427,34.484848484848484,7.383061383061383,19.83076923076923,967.7399440559441,SITE 5,INT
2026-01-17,58.871075418994415,43.70590083798883,25.126396648044693,33.95561762880199,2.0864369956548727,13.384078212290502,966.9507960893854,SITE 5,INT
2026-01-18,62.117136871508386,49.57378491620112,29.703358938547485,34.120887647423956,2.2447237740533827,13.451117318435754,966.4500418994413,SITE 5,INT
2026-01-19,85.0034846368715,74.1723812849162,47.72438547486034,34.75015518311608,3.637492240844196,14.375698324022347,965.8159357541899,SITE 5,INT
2026-01-20,61.11107541899441,53.01522346368715,35.09939245810056,33.816728739913096,4.880509000620733,16.377094972067038,966.9558519553073,SITE 5,INT
2026-01-21,53.32020138888889,42.037798611111114,24.257437499999998,32.826388888888886,5.6875,18.372222222222224,967.2080138888889,SITE 5,INT
2026-01-22,43.85314404432133,35.70943213296399,23.21056786703601,32.26146506617421,2.2099107417666977,14.880886426592797,968.0243351800553,SITE 5,INT
2026-01-23,49.30983356449376,40.26999306518724,26.633245492371707,32.26229002928032,0.5917706888580675,13.249653259361997,968.3596671289874,SITE 5,INT
2026-01-24,51.81162709497207,43.71291201117318,29.430977653631288,32.9151148355059,-0.9334264432029795,11.238826815642458,969.2513826815642,SITE 5,INT
2026-01-25,39.00611854684512,33.63541108986615,23.056663479923518,32.55470575738263,-4.679201189717442,8.730401529636712,969.7339196940727,SITE 5,INT
2026-01-26,34.879605809128634,29.176846473029048,19.549232365145226,32.725526356231754,-1.9963116643614571,10.770401106500692,969.1550345781466,SITE 5,INT
2026-01-27,53.08331717451524,42.87914127423823,27.586239612188365,33.09710680209295,-4.139735303170206,8.799168975069252,969.0557479224377,SITE 5,INT
2026-01-28,64.40957123098202,51.4415836791148,33.327427385892115,33.77900722299063,-3.0989703396342403,9.069156293222683,968.7691286307054,SITE 5,INT
2026-01-29,61.18119640387275,49.14351313969571,32.176403872752424,34.72260642385124,-2.0846780390348854,9.420470262793915,969.0142323651453,SITE 5,INT
2026-01-30,67.07371527777778,55.46335416666666,36.24308333333333,34.80401234567901,-3.766975308641975,8.181944444444444,968.7736805555556,SITE 5,INT
2026-01-31,65.76837988826816,55.33915502793296,37.367981843575414,34.639975170701426,3.518001241464929,14.54050279329609,968.139748603352,SITE 5,INT
2026-02-01,78.04820279720279,66.15907692307692,44.248489510489506,35.399378399378406,8.087801087801088,19.93986013986014,967.3653006993006,SITE 5,INT
2026-02-02,78.98008391608391,67.13548251748252,45.01272727272727,35.90675990675991,11.846930846930848,24.10909090909091,966.6801258741259,SITE 5,INT
2026-02-03,58.64141061452514,48.56314245810056,32.84844273743017,31.970825574177532,15.993947858473,39.04469273743017,969.2141899441341,SITE 5,INT
2026-02-04,51.27390056022409,42.043368347338934,28.184019607843137,32.562247121070655,14.305944600062249,35.39495798319328,969.1761764705883,SITE 5,INT
2026-02-05,53.78123603351955,46.267842178770955,31.440453910614526,34.528243327126006,4.366076970825574,16.467877094972067,967.8043296089386,SITE 5,INT
2026-02-06,71.29226525821596,61.18413145539906,40.949553990610326,33.26030255607721,5.897235263432447,18.63849765258216,969.6906103286385,SITE 5,INT
2026-02-07,73.88458798882681,63.11733938547486,39.66124301675978,35.233550589695845,7.648975791433893,19.843575418994412,970.0085474860335,SITE 5,INT
2026-02-08,47.86165734265734,39.95622377622378,27.27411188811189,35.64957264957265,2.0264180264180265,12.591608391608391,968.7647832167831,SITE 5,INT
2026-02-09,58.35124475524476,49.11451748251748,33.28734965034965,35.70473970473971,2.684537684537685,12.760839160839161,967.4272867132868,SITE 5,INT
2026-02-10,51.62811188811189,42.7103006993007,28.679377622377626,35.282828282828284,2.6332556332556334,13.046153846153846,967.969986013986,SITE 5,INT
2026-02-11,58.899546089385474,47.46498603351955,32.33675977653631,35.474084419615146,8.533519553072626,19.762569832402235,968.8711731843575,SITE 5,INT
2026-02-12,66.77111188811189,55.57864335664336,38.09218181818182,36.163170163170165,11.557109557109557,24.013986013986013,968.9138881118881,SITE 5,INT
2026-02-13,63.337997198879556,50.42964285714286,34.195938375350146,36.42234671646437,13.843759726112669,27.061624649859944,968.0895378151262,SITE 5,INT
2026-02-14,55.37099162011173,46.18279329608938,31.566843575418996,35.9683426443203,15.304158907510862,30.610335195530727,966.8596368715084,SITE 5,INT
2026-02-15,40.34521800281294,34.263424753867795,24.31461322081575,34.199093608376316,17.773870917330832,38.364275668073134,968.3438255977496,SITE 5,INT
2026-02-16,55.83811188811189,39.16732867132867,23.270832167832168,33.56798756798757,8.380730380730382,24.928671328671328,969.6689370629371,SITE 5,INT
2026-02-17,71.78069832402235,48.75453212290503,27.44476955307263,33.939323401613905,-1.0808504034761017,10.575418994413408,969.0100558659217,SITE 5,INT
2026-02-18,89.07794405594406,61.91252447552448,35.08184615384616,34.23232323232323,-0.9961149961149962,10.482517482517483,967.6343076923077,SITE 5,INT
2026-02-19,78.25349102773247,59.12495921696574,36.63298531810767,34.56498096791735,-1.073046945803879,10.35399673735726,967.0603915171289,SITE 5,INT
2026-02-20,72.34763966480446,57.0753561452514,37.525,34.76412166356301,-0.9675667287399131,10.868715083798882,967.9268854748603,SITE 5,INT
2026-02-21,74.23062937062937,59.603860139860146,38.44450349650349,35.14685314685315,1.1445221445221445,12.685314685314685,968.6300979020979,SITE 5,INT
2026-02-22,62.640132681564246,50.334643854748606,33.13475558659218,35.38330229671012,-3.85552451893234,8.069832402234637,967.9737011173185,SITE 5,INT
2026-02-23,54.821969273743015,44.03583798882681,30.008058659217877,35.745654872749846,-2.675356921166977,8.745810055865922,966.0320670391061,SITE 5,INT
2026-02-24,59.67282336578582,47.43050069541029,32.31772600834492,35.674547983310156,1.9556482769278318,11.998609179415855,965.0598748261475,SITE 5,INT
2026-02-25,61.888400277008316,48.62934210526316,32.5887811634349,35.40781779008926,7.168359495229302,18.57894736842105,965.9777977839335,SITE 5,INT
2026-02-26,68.24394736842105,52.68371883656509,34.209210526315786,35.16235764850723,9.013542628501078,21.508310249307478,966.9004155124653,SITE 5,INT
2026-02-27,62.52085872576177,47.02280470914127,30.49067867036011,34.92767005232379,16.532779316712837,34.21606648199446,967.0667036011081,SITE 5,INT
2026-02-28,54.41822022160665,41.150851800554015,27.071606648199445,34.5829485995691,17.39766081871345,36.65235457063712,966.5907340720222,SITE 5,INT
2026-03-01,57.28265927977839,43.761696675900275,28.88682132963989,34.456755924899966,13.639581409664512,29.68698060941828,965.8273961218837,SITE 5,INT
2026-03-02,51.943201936376205,42.22392116182573,28.814204702627944,33.05363454741048,14.619640387275242,33.88381742738589,967.4997095435685,SITE 5,INT
2026-03-03,54.10551939058171,39.78113573407202,25.603421052631578,34.33825792551554,8.643428747306864,20.81301939058172,967.6662465373962,SITE 5,INT
2026-03-04,58.25118421052632,44.24124653739612,29.247015235457066,35.84641428131733,10.6709756848261,22.306094182825486,966.918975069252,SITE 5,INT
2026-03-05,45.682690179806364,36.1615836791148,24.98692946058091,35.33579222375903,17.057783925003843,34.67081604426003,967.3104287690179,SITE 5,INT
2026-03-06,47.60226454293629,37.81154432132964,26.406980609418284,36.04570637119114,18.125577100646353,35.50554016620499,965.7768282548476,SITE 5,INT
2026-03-07,52.695427083333335,45.21277083333334,31.6869375,32.94328703703704,18.83912037037037,43.88333333333333,966.7327083333333,SITE 5,INT
2026-03-08,49.08625346260388,39.670484764542934,27.321613573407205,34.77146814404432,17.80624807633118,38.09279778393352,966.202188365651,SITE 5,INT
2026-03-09,59.01415629322268,48.78278699861688,32.49106500691563,36.61364684186261,17.81235592438912,34.33609958506224,966.4228630705394,SITE 5,INT
2026-03-10,48.80645429362881,39.41026315789473,27.137306094182822,35.99184364419822,16.878270236996,33.86149584487535,966.2354570637119,SITE 5,INT
2026-03-11,54.706099290780145,43.24372340425532,29.681808510638298,34.32230102442868,18.569739952718678,39.822695035460995,966.0954609929078,SITE 5,INT
2026-02-10,80.46482352941176,73.68368627450981,45.46439215686274,36.54684095860567,3.3551198257080608,12.898039215686275,970.046,SITE 8,EXT
2026-02-11,89.58656984785615,81.8345020746888,49.15505532503458,34.73566927923775,8.551559858613802,21.044260027662517,971.0565698478562,SITE 8,EXT
2026-02-12,79.45808011049724,70.98732044198896,38.502990331491716,36.87001227747084,11.082719459791283,23.36049723756906,970.9852900552486,SITE 8,EXT
2026-02-13,72.14618948824344,65.2303734439834,36.845318118948825,36.553711387736286,12.899185492546488,26.10235131396957,970.0879944674965,SITE 8,EXT
2026-02-14,52.95673342541437,47.823004143646415,29.567790055248622,36.44490484960099,15.093615715162676,30.56353591160221,968.8524033149172,SITE 8,EXT
2026-02-15,30.559827109266944,28.395677731673583,18.637911479944673,32.93606884893192,17.621023513139697,41.468879668049794,970.3391147994469,SITE 8,EXT
2026-02-16,45.6126726519337,38.491118784530386,19.706312154696132,33.90346838551259,8.092387968078576,25.71685082872928,971.8036049723758,SITE 8,EXT
2026-02-17,90.46780774550484,76.94255878284925,34.15192254495159,33.980328876594434,-0.5632395881358537,11.968188105117566,971.0690041493776,SITE 8,EXT
2026-02-18,125.6458990318119,105.10098201936376,42.64006915629322,34.17089288458583,-0.392654064853235,12.261410788381744,969.7541908713694,SITE 8,EXT
2026-02-19,63.714509668508285,53.923549723756906,30.9875,34.50352977286679,-0.34683855125844076,13.435082872928177,969.2253591160221,SITE 8,EXT
2026-02-20,82.61460580912863,74.22497233748271,42.82232365145229,34.330720762256036,0.4702627939142462,14.073305670816044,970.0870539419086,SITE 8,EXT
2026-02-21,72.7771408839779,64.60128453038675,38.456933701657455,34.71147943523634,1.919889502762431,14.294198895027625,970.7967679558011,SITE 8,EXT
2026-02-22,80.9332252559727,73.0356228668942,38.99523890784983,34.62552142586272,-1.6571861964353434,11.786689419795222,969.8396245733788,SITE 8,EXT
2026-02-23,58.298492392807745,53.111853388658375,33.38412863070539,35.63470109113263,-2.140771476871062,10.329183955739973,968.1776071922545,SITE 8,EXT
2026-02-24,63.76048342541436,56.837451657458566,34.56080110497238,35.110497237569064,2.3196746470227136,13.534530386740332,967.2276104972376,SITE 8,EXT
2026-02-25,94.2695988934993,86.2527939142462,46.13281466113416,34.93007530351929,7.631781158752114,19.723374827109268,968.1605117565699,SITE 8,EXT
2026-02-26,73.4798132780083,64.55181881051175,35.57998616874136,35.14138619947749,8.549254648839712,21.206085753803595,969.0173029045643,SITE 8,EXT
2026-02-27,44.027424033149174,36.581830110497236,21.80093232044199,34.583333333333336,16.287599754450582,34.78867403314917,969.1297099447514,SITE 8,EXT
2026-02-28,43.80182572614108,37.811051175656985,22.745774550484093,34.687259873981866,17.155371138773628,36.26832641770401,968.6245089903182,SITE 8,EXT
2026-03-01,47.08484094052558,41.089612724757956,25.352669432918393,35.75610880590134,13.491624404487476,28.12448132780083,967.8342738589213,SITE 8,EXT
2026-03-02,40.75196132596685,36.91437154696133,22.035877071823204,32.50613873542051,14.468232044198896,35.23066298342541,969.5321546961326,SITE 8,EXT
2026-03-03,45.99212309820194,39.53239972337482,22.7186030428769,34.87551867219917,8.667588750576304,20.817427385892117,969.7282849239282,SITE 8,EXT
2026-03-04,71.06361687413555,61.61783540802213,35.67697095435685,36.414630398032884,10.631627478100507,22.367911479944674,968.9354633471645,SITE 8,EXT
2026-03-05,41.709674965421854,36.192849239280775,23.023554633471644,35.262793914246195,16.924850161364684,35.25311203319502,969.3452558782849,SITE 8,EXT
2026-03-06,44.17356154910097,40.049578146611346,25.23311203319502,36.08191178730598,17.64791762717074,34.933609958506224,967.7792254495159,SITE 8,EXT
2026-03-07,90.1323132780083,79.17191908713693,30.763703319502074,31.614799446749654,19.315352697095435,48.99792531120332,968.875643153527,SITE 8,EXT
2026-03-08,82.75948824343016,73.86217150760719,35.53053941908714,34.90164438297219,18.822806208698324,41.385892116182575,968.3238589211619,SITE 8,EXT
2026-03-09,46.256408839779006,41.33924723756906,25.66775552486188,36.36433394720687,17.384898710865563,34.75414364640884,968.4844475138121,SITE 8,EXT
2026-03-10,69.29603042876901,63.11477178423237,32.93368603042877,35.70769940064546,17.538804364530506,36.673582295988936,968.297316735823,SITE 8,EXT
2026-03-11,57.505062240663904,51.36439834024896,31.515587828492393,34.36760411864146,18.687567235285076,41.63070539419087,968.7495159059474,SITE 8,EXT
2026-03-12,48.914930843706784,43.30752420470263,27.481078838174273,35.80298140464116,18.175042262179193,37.66113416320885,968.3539972337481,SITE 8,EXT
2026-03-13,32.142665745856355,29.458598066298343,19.21870856353591,36.35128913443831,16.79864947820749,33.091160220994475,968.2397099447514,SITE 8,EXT
2026-03-14,35.82719917012448,32.40494467496542,21.28482019363762,36.914860919010295,16.57676348547718,32.39004149377593,967.2201659751038,SITE 8,EXT
2026-03-15,58.61154910096819,51.91538727524204,30.41454356846473,36.227140003073615,17.30290456431535,33.87966804979253,968.2537897648685,SITE 8,EXT
2026-03-16,48.04799347471452,42.271199021207174,25.269551386623167,37.511328620627154,12.161500815660686,26.477977161500817,968.4489885807503,SITE 8,EXT
2026-03-17,42.58661004431315,37.79793943870015,24.432001477104876,35.046774987690796,16.611685540784507,34.62629246676514,968.8135155096012,SITE 8,EXT
2026-03-18,41.14534578146611,38.02073997233748,24.699771784232368,35.29814046411557,17.250653142769327,35.58644536652835,968.3285753803597,SITE 8,EXT
2026-03-19,38.00145718232044,34.103121546961326,22.45707872928177,36.02056476365869,17.57366482504604,34.8743093922652,967.7974723756906,SITE 8,EXT
2026-03-20,38.0747268907563,34.82723389355743,22.238053221288514,35.54699657640835,18.422813569872392,37.48879551820728,967.2060364145658,SITE 8,EXT
2026-03-21,34.01982710926694,31.22224757952974,20.845899031811893,36.58982634086369,18.13124327647149,35.219917012448136,966.3887690179806,SITE 8,EXT
2026-03-22,38.916694329183954,34.45081604426002,23.047268326417704,35.73382511141847,18.866605194406027,38.12448132780083,966.6626279391425,SITE 8,EXT
2026-03-23,53.58090504451038,51.513976261127596,32.233412462908014,31.415265413781736,19.55819320804484,50.54005934718101,969.143234421365,SITE 8,EXT
2026-03-24,44.033596127247584,41.12294605809129,26.760691562932227,34.28769017980636,19.539726448440142,43.941908713692946,968.9629045643154,SITE 8,EXT
2026-03-25,37.18002762430939,34.24497928176796,22.435828729281766,33.98403928790669,18.492173112338858,40.83563535911602,968.2472651933701,SITE 8,EXT
2026-03-26,43.55155601659751,39.28225449515906,24.954757952973722,34.86245581681266,18.74980789918549,39.780082987551864,967.5199170124482,SITE 8,EXT
2026-03-27,38.92234439834025,34.441728907330564,22.783533886583676,33.747502689411405,19.42216074996158,43.7551867219917,968.3860580912863,SITE 8,EXT
2026-03-28,30.617295988934995,27.771410788381743,18.222365145228217,32.57030889810973,19.004917780851393,45.839557399723375,970.0086168741356,SITE 8,EXT
2026-03-29,32.05991689750692,28.006904432132966,16.959508310249305,32.51923668821176,19.163588796552787,47.390581717451525,969.0891412742382,SITE 8,EXT
2026-03-30,23.079059474412173,20.46482019363762,12.608609958506223,32.76625172890733,19.74565852159213,47.67634854771784,968.3395850622406,SITE 8,EXT
2026-03-31,25.033377071823207,23.273308011049725,14.961229281767956,32.71178637200737,19.400705954573358,46.07596685082873,968.9687983425415,SITE 8,EXT
2026-04-01,32.232358229598894,26.966459197787,14.18728215767635,34.25541724296911,13.875057630244354,32.654218533886585,969.6389764868603,SITE 8,EXT
2026-04-02,43.75644736842105,36.757001385041555,19.653608033241,34.440597106802095,9.795321637426902,24.693905817174514,970.0822714681441,SITE 8,EXT
2026-04-03,56.1674826629681,48.37701109570041,27.360263522884882,34.21636615811373,10.217290799815071,24.95145631067961,970.2920527045769,SITE 8,EXT
2026-04-04,45.384059474412176,39.695172890733055,24.240117565698476,34.273858921161825,16.788074381435376,37.26694329183956,971.2558644536653,SITE 8,EXT
2026-04-05,44.838547717842324,38.9087897648686,23.96640387275242,36.04349162440449,13.742892269863225,28.854771784232366,970.0604979253112,SITE 8,EXT
2026-04-06,40.643658367911485,36.19920470262794,22.77681189488243,35.50560934378362,13.736745043798987,28.929460580912863,969.7888520055325,SITE 8,EXT
2026-04-07,43.201950207468876,38.64914246196404,24.972171507607193,35.93130474873214,17.505763024435225,35.45643153526971,969.7482019363762,SITE 8,EXT
2026-04-08,29.459585062240663,27.288637621023515,18.037517289073307,36.22944521284771,16.74197018595359,33.63900414937759,969.1079529737207,SITE 8,EXT
2026-04-09,28.901687413554637,26.61313969571231,16.932911479944675,34.240817581066544,17.465806055017673,37.85615491009682,969.6402351313969,SITE 8,EXT
2026-04-10,27.51928077455048,25.195165975103734,15.635297372060856,33.88581527585677,19.01874903949593,42.79529737206086,970.0481604426002,SITE 8,EXT
2026-04-11,20.06821329639889,18.609736842105264,11.572825484764543,33.50800246229609,19.843028624192062,45.80193905817175,970.4203878116343,SITE 8,EXT
2026-04-12,21.129923928077453,18.97631396957123,11.317572614107883,33.50468725987398,19.392193022898418,45.17289073305671,970.3000553250345,SITE 8,EXT
2026-04-13,32.49724066390041,28.43143153526971,17.56082295988935,36.08575380359613,19.21315506377747,39.355463347164594,967.4145366528354,SITE 8,EXT
2026-04-14,18.719343015214385,17.375117565698478,11.074778699861687,31.70739203934225,19.421392346703552,48.911479944674966,969.3162378976488,SITE 8,EXT
2026-04-15,38.841403872752416,34.18957814661134,21.41710235131397,35.0591670508683,17.574150914399876,39.19640387275242,968.3261410788382,SITE 8,EXT
2026-04-16,31.843118948824344,28.033201936376212,17.746154910096816,36.27554940832949,17.015521745812205,33.78284923928077,966.9470539419086,SITE 8,EXT
2026-04-17,39.38848547717842,34.95758644536653,22.27570539419087,36.68895036114954,18.0567081604426,35.30013831258645,965.8986307053941,SITE 8,EXT
2026-04-18,32.87069847856155,30.226632088520056,18.863921161825726,35.48332564930075,18.218841247886893,37.8118948824343,965.6734439834025,SITE 8,EXT
2026-04-19,30.959944674965424,28.136127247579527,18.43358921161826,35.75534040264331,18.922698632242202,39.654218533886585,965.9513416320884,SITE 8,EXT
2026-04-20,30.066920943134534,26.976754507628296,17.579098474341194,31.843119124672526,20.872245338264754,53.0873786407767,967.3327739251041,SITE 8,EXT
2026-04-21,35.143561549100966,31.4181673582296,20.186210235131394,32.995235899800214,20.94744121715076,50.284923928077454,968.1014799446749,SITE 8,EXT
2026-04-22,25.734156293222686,23.18988243430152,14.37548409405256,32.75626248655294,18.266482249884742,43.94052558782849,968.6721853388658,SITE 8,EXT
2026-04-23,24.863762102351313,23.05317427385892,14.830020746887966,35.70539419087137,20.065314276932536,41.93222683264177,967.2434716459198,SITE 8,EXT
2026-04-24,27.750643153526973,25.92174273858921,15.677309820193637,34.082526509912405,19.0102966036576,41.96957123098202,967.382337482711,SITE 8,EXT
2026-04-25,41.343305670816044,36.28478561549101,23.779557399723373,33.987244505916706,19.55048409405256,43.98893499308437,967.6253526970954,SITE 8,EXT
2026-04-26,39.97292531120332,35.00064315352697,22.548921161825728,33.776702013216536,19.74873213462425,44.70954356846473,969.2832503457815,SITE 8,EXT
2026-04-27,28.52734439834025,25.583644536652834,16.29484785615491,34.21776548332565,18.719840172122332,40.995850622406635,970.7664453665284,SITE 8,EXT
2026-04-28,33.97694329183956,30.13856154910097,19.333243430152145,34.078684493622255,18.835100660826804,42.160442600276625,969.5923651452282,SITE 8,EXT
2026-04-29,18.52133395522388,17.355774253731344,11.529580223880597,32.91873963515755,19.29519071310116,45.707089552238806,969.8416044776119,SITE 8,EXT
2026-04-30,24.083478260869565,22.33891304347826,14.869381270903009,36.27833519137867,20.904868078781124,41.668896321070235,969.8716722408027,SITE 8,EXT
2026-05-01,36.766203319502075,32.4132295988935,20.931355463347167,35.89442139234671,20.859074842477334,42.99861687413554,969.1246196403872,SITE 8,EXT
2026-05-02,27.03991009681881,25.365373443983405,17.179488243430153,34.11018902720148,21.386967880743814,48.09128630705394,968.8408713692945,SITE 8,EXT
2026-05-03,17.610013850415513,16.206018005540166,10.680304709141275,32.93628808864266,18.90966451215759,44.36149584487535,969.6648753462605,SITE 8,EXT
2026-05-04,24.048146551724138,22.447163793103446,15.172577586206895,32.63218390804598,20.658045977011493,50.10689655172414,971.1437413793103,SITE 8,EXT
2026-05-05,24.044363762102353,22.05817427385892,14.223513139695713,33.11971722760105,18.895804518211158,44.56984785615491,969.6878838174273,SITE 8,EXT
2026-05-06,23.168594182825483,21.282056786703603,14.075907202216067,33.69883040935673,18.807325330871038,43.3213296398892,969.2183933518006,SITE 8,EXT
2026-05-07,17.553423236514522,16.647496542185337,11.338333333333333,33.59689565083756,19.731827262947593,45.13554633471646,969.0013278008298,SITE 8,EXT
2026-05-08,20.232709551656917,18.849385964912283,12.668908382066276,34.121724063244535,19.800736408923544,44.42300194931774,968.8253411306043,SITE 8,EXT
2026-05-18,27.348629807692305,24.57753205128205,16.06638621794872,29.91720085470086,20.641025641025642,58.44230769230769,972.6891666666668,SITE 8,EXT
2026-05-19,29.742864077669903,27.400367545076286,17.717045769764216,32.153644629372785,20.65957774695639,51.8252427184466,971.6617198335645,SITE 8,EXT
2026-05-20,35.14826417704011,31.179474412171505,20.668250345781466,32.737820808360226,20.925157522667895,51.06915629322268,971.3625864453666,SITE 8,EXT
2026-05-21,36.74407330567082,33.54538035961273,22.14155601659751,32.26448440141386,21.03657599508222,52.71784232365145,971.6814937759335,SITE 8,EXT
2026-05-22,31.45784626038781,29.469695290858724,19.52027700831025,33.21329639889197,20.530932594644508,48.55263157894737,971.7364127423822,SITE 8,EXT
2026-05-23,29.382718446601938,26.816331484049932,17.855208044382803,30.96239790414548,20.626444752658347,54.79056865464632,971.4245908460472,SITE 8,EXT
2026-05-24,31.93634349030471,28.8976108033241,18.845581717451523,32.20452446906741,20.940289319790704,52.47229916897507,971.8070775623269,SITE 8,EXT
2026-05-25,22.65975761772853,20.52024238227147,13.330346260387811,30.727916281932902,20.711757463835024,55.875346260387815,973.2557479224376,SITE 8,EXT
2026-05-26,39.55169432918395,35.143063623789764,22.625822959889348,31.061164899339175,21.36545258951898,56.995850622406635,973.4475933609958,SITE 8,EXT
2026-05-27,26.60912171507607,24.434197786998617,16.355753803596127,32.92146918702935,21.108037498078993,51.37344398340249,971.9447441217152,SITE 8,EXT
2026-05-28,24.208282548476454,22.352119113573405,15.069771468144044,33.51954447522315,20.585564789165897,47.850415512465375,971.5867728531856,SITE 8,EXT
2026-05-29,74.97076071922545,68.43042185338865,35.91395573997234,32.95220531735055,21.1134163208852,50.518672199170126,972.6248962655602,SITE 8,EXT
2026-05-30,42.28704293628809,37.31343490304709,24.17601108033241,34.495998768851955,21.23345644813789,47.340720221606645,971.2426454293628,SITE 8,EXT
2026-05-31,28.919738330975957,27.128550212164072,17.46889674681754,31.451359421656456,20.26874115983027,52.60678925035361,971.4900848656295,SITE 8,EXT
2026-06-01,27.25605809128631,25.209412171507605,16.60082987551867,33.789764868603044,21.093437836176427,48.70539419087137,970.9611756569849,SITE 8,EXT
2026-06-02,34.200103878116344,31.698933518005543,20.578462603878116,33.62342259156664,21.275777162203756,49.2617728531856,971.8905955678671,SITE 8,EXT
2026-06-03,23.25800480769231,21.604014423076926,14.299799679487181,34.227207977207975,20.592058404558404,45.969551282051285,972.5010256410256,SITE 8,EXT
2026-06-04,32.898995215311004,29.685470494417864,19.782671451355665,29.626971469076736,19.972532340953396,56.81977671451356,973.2528389154705,SITE 8,EXT
2026-06-05,39.52183955739972,36.34173582295989,24.015802213001383,33.20424158598433,20.142923005993545,47.983402489626556,971.1905255878285,SITE 8,EXT
2026-06-06,25.717818181818185,23.786734265734264,16.099174825174824,31.483294483294483,20.60683760683761,53.14685314685315,971.1399300699302,SITE 8,EXT
2026-06-07,20.697637931034482,19.03536206896552,12.74044827586207,28.992337164750957,20.090038314176248,59.186206896551724,972.7564827586207,SITE 8,EXT
2026-06-09,33.3884429065744,30.181470588235292,19.9518339100346,29.940407535563242,19.494425221068823,54.141868512110726,971.8382006920415,SITE 8,EXT
2026-06-10,22.2627078891258,20.842665245202557,13.486130063965884,30.70480928689884,20.092395167022033,54.0682302771855,972.0241364605544,SITE 8,EXT
2026-06-11,5.432115384615385,5.075769230769231,3.0471153846153842,29.337606837606838,20.2991452991453,58.80769230769231,971.9446153846154,SITE 8,EXT
2026-06-12,121.16433908045978,115.26491379310346,70.03968390804599,33.96871008939974,21.883780332056194,49.78735632183908,973.0170114942529,SITE 8,EXT
2026-06-13,16.226666666666667,15.625555555555556,10.03111111111111,26.97530864197531,20.80246913580247,69.88888888888889,975.0522222222221,SITE 8,EXT
2026-06-14,25.45629860031104,22.781244167962676,14.947892690513221,29.74339035769829,19.899775358562298,56.3452566096423,974.0265007776051,SITE 8,EXT
2026-06-15,20.911,19.9,13.731,30.0,20.0,56.0,975.394,SITE 8,EXT
2026-06-16,36.99833698030635,33.89878555798687,22.898577680525165,34.090688062241675,21.063700461949914,47.39824945295405,972.7256673960612,SITE 8,EXT
2026-06-17,49.34532131661442,44.34724137931035,29.169184952978053,33.140020898641595,20.844653430860326,49.442006269592476,973.4133699059561,SITE 8,EXT
2026-06-18,43.912947530864194,38.786828703703705,25.288680555555555,34.17009602194788,20.852194787379972,46.748456790123456,972.59887345679,SITE 8,EXT
2026-06-19,21.688798151001542,20.182634822804314,13.159545454545455,33.43263139873309,20.356103406950865,47.208012326656394,970.7038828967642,SITE 8,EXT
2026-06-20,28.893823529411765,26.727774244833068,16.83074721780604,32.409468291821234,20.338279455926518,49.69634340222576,970.1181717011128,SITE 8,EXT
2026-06-21,18.779434250764528,16.76019877675841,10.660611620795107,29.811416921508666,19.59904858987428,54.88073394495413,972.540244648318,SITE 8,EXT
2026-06-29,19.38591811414392,17.88589330024814,12.014367245657569,31.528811690102014,19.918665563826856,50.69230769230769,972.2269727047146,SITE 8,EXT
2026-06-30,29.68530911901082,26.972534775888718,17.456190108191656,30.82775201786021,20.22582861068178,54.24884080370943,972.6725038639876,SITE 8,EXT
2026-07-01,24.735842349304484,22.957704791344668,14.401506955177743,30.38296410784819,20.34003091190108,55.89489953632148,973.1349922720246,SITE 8,EXT
2026-07-02,32.59098765432098,29.14564814814815,18.5227237654321,31.18569958847737,20.582133058984912,54.47067901234568,973.7841820987654,SITE 8,EXT
2026-07-03,27.844791666666666,25.72861111111111,15.384104938271605,30.227194787379972,20.180041152263378,55.714506172839506,973.4993672839506,SITE 8,EXT
2026-07-04,26.28671826625387,23.364465944272446,15.24250773993808,29.47884416924665,20.128998968008258,57.90247678018576,973.5195046439628,SITE 8,EXT
2026-07-05,30.614876543209874,28.385378086419752,18.25865740740741,32.098765432098766,20.492969821673526,51.55555555555556,973.034861111111,SITE 8,EXT
2026-07-06,26.883341049382715,24.509783950617283,15.76526234567901,31.083676268861456,21.117112482853223,56.101851851851855,972.6989043209877,SITE 8,EXT
2026-07-07,49.094046920821114,42.046290322580646,26.629706744868034,29.467253176930598,20.88628217660476,60.42815249266862,974.7258357771261,SITE 8,EXT
2026-02-10,85.5394140625,75.63224609375,49.466328125,36.966145833333336,5.138888888888889,14.00390625,970.326875,SITE 8,EXT
2026-02-11,90.55035961272476,79.79301521438451,50.61132780082987,35.51406177962195,9.333794375288152,20.60719225449516,971.3397925311203,SITE 8,EXT
2026-02-12,61.886926795580116,53.894178176795585,35.39091850828729,37.08026396562308,12.16620626151013,23.443370165745858,971.272955801105,SITE 8,EXT
2026-02-13,74.82541493775933,66.31709543568465,42.25379668049792,36.90102966036576,13.915783002919932,26.33195020746888,970.3962517289074,SITE 8,EXT
2026-02-14,54.436926795580106,47.70941298342541,31.90841160220994,36.95288520564764,15.870165745856353,29.810773480662984,969.1649447513813,SITE 8,EXT
2026-02-15,42.36248962655602,38.53074688796681,25.086721991701246,34.3092054710312,17.753957276778852,37.995850622406635,970.6542323651453,SITE 8,EXT
2026-02-16,62.83725138121547,49.990725138121554,25.352969613259667,34.452117863720076,8.982504604051567,23.744475138121548,972.0418508287294,SITE 8,EXT
2026-02-17,80.39293222683264,62.148457814661136,34.62991701244813,34.60734593514677,1.5506377747041646,12.648686030428768,971.3817842323651,SITE 8,EXT
2026-02-18,131.55199861687413,106.73007607192255,58.37557399723375,34.63424004917781,2.1269402182265256,13.282157676348548,970.0378561549101,SITE 8,EXT
2026-02-19,61.5503591160221,48.396788674033154,29.649205801104973,35.158839779005525,1.949815837937385,13.263812154696133,969.5016022099448,SITE 8,EXT
2026-02-20,81.93125,70.14003491620112,43.19002094972067,35.213376784605835,2.8623525760397266,13.875698324022347,970.3417597765363,SITE 8,EXT
2026-02-21,73.9101521438451,62.818367911479946,39.45912171507607,35.45489472875365,4.564315352697095,15.022130013831259,971.054979253112,SITE 8,EXT
2026-02-22,67.04844974446338,58.28744463373084,38.03175468483816,35.66818095778913,1.5057732349044104,12.366269165247019,970.1329642248724,SITE 8,EXT
2026-02-23,65.91862378976487,58.43730982019364,38.723305670816046,35.99277700937452,2.057783925003842,12.224066390041493,968.4588658367911,SITE 8,EXT
2026-02-24,63.75340248962655,54.894094052558785,35.373686030428765,36.056554479791,4.04871676655909,13.681881051175656,967.4713692946059,SITE 8,EXT
2026-02-25,76.51591160220994,66.94382596685084,42.23351519337017,35.88858195211787,8.852056476365869,19.808011049723756,968.3732320441989,SITE 8,EXT
2026-02-26,70.26428270042194,59.467278481012656,37.6618776371308,36.07751211126739,9.658540396937022,21.040787623066105,969.2330379746835,SITE 8,EXT
2026-02-27,48.130422848664686,37.66037833827893,23.531172106824926,35.03791625453347,16.69634025717112,34.44362017804154,969.4593026706231,SITE 8,EXT
2026-02-28,50.49171270718232,41.85029005524862,26.57382596685083,35.15346838551259,17.615868631062,35.994475138121544,968.9041988950277,SITE 8,EXT
2026-03-01,57.99136237897648,49.316908713692946,31.34504840940526,36.10880590133702,15.014599661902567,29.134163208852005,968.1393360995851,SITE 8,EXT
2026-03-02,39.03713692946058,33.63893499308437,21.686410788381743,33.82818503150453,15.278161979406793,33.625172890733054,969.843388658368,SITE 8,EXT
2026-03-03,48.144369688385275,39.03364730878187,23.754171388101984,34.894703756089896,10.744931636020745,23.422913719943423,970.0452899575672,SITE 8,EXT
2026-03-04,65.14304709141274,52.936350415512464,32.685886426592795,36.605878731917514,12.236842105263158,23.65235457063712,969.2442243767313,SITE 8,EXT
2026-03-05,48.737513812154695,41.67683011049724,28.036146408839777,35.995242480049114,17.31353591160221,34.01657458563536,969.6098895027625,SITE 8,EXT
2026-03-06,48.613201936376214,42.61909405255878,28.349163208852005,36.43998770554787,18.196557553404027,34.9253112033195,968.0442876901799,SITE 8,EXT
2026-03-07,42.50487551867219,37.241441908713696,24.756327800829872,34.14015675426464,19.26002766251729,42.03941908713693,969.0977178423236,SITE 8,EXT
2026-03-08,59.57031855955678,53.219189750692514,34.630650969529086,35.2746999076639,19.108956602031395,39.67313019390582,968.5302631578948,SITE 8,EXT
2026-03-09,48.8257507082153,42.26130311614731,27.795141643059488,36.75401322001889,18.35615360402896,35.01274787535411,968.789178470255,SITE 8,EXT
2026-03-10,61.00144658753709,54.31764094955489,35.46880563798219,35.85020576131687,18.469958847736628,37.11555555555555,968.7774222222222,SITE 8,EXT
2026-03-11,59.36336099585062,52.14724757952973,34.25313969571231,35.24051021976334,19.00184416781927,39.304287690179805,969.0560995850623,SITE 8,EXT
2026-03-12,68.28551175656985,60.35064315352697,37.40098893499309,36.23405563239588,18.91962501921008,37.37344398340249,968.6925172890732,SITE 8,EXT
2026-03-13,34.12403181189488,30.462116182572615,20.827980636237896,36.504533579222375,17.52727831566006,33.5850622406639,968.5926279391424,SITE 8,EXT
2026-03-14,38.0863347164592,33.60123098201936,22.994557399723373,36.82572614107884,17.55724604272322,33.283540802213004,967.5610235131397,SITE 8,EXT
2026-03-15,53.26548816568047,45.88956360946746,30.813616863905327,37.53944773175542,18.082675871137408,32.46597633136095,968.6452218934912,SITE 8,EXT
2026-03-16,74.32509769094138,59.981793960923625,35.762957371225575,37.400828892836,14.256956779159266,27.809946714031973,968.8493783303729,SITE 8,EXT
2026-03-17,43.98314623338257,37.91477843426883,25.5877400295421,36.466436894797305,16.83817495486624,32.001477104874446,969.0749630723782,SITE 8,EXT
2026-03-18,61.12755186721992,55.819190871369294,34.92715076071922,35.466420777624094,17.875364991547563,36.20746887966805,968.5911341632088,SITE 8,EXT
2026-03-19,47.16854281767956,42.43607044198895,29.013653314917125,36.21470227133211,18.144567219152854,35.32734806629834,968.1150828729282,SITE 8,EXT
2026-03-20,44.993338345864665,39.95912781954887,27.004526315789473,36.416040100250626,18.857978279030913,36.16390977443609,967.4313533834586,SITE 8,EXT
2026-03-21,37.65966804979253,33.758416320885196,23.492178423236517,37.03396342400492,18.72368218841248,35.00138312586446,966.679847856155,SITE 8,EXT
2026-03-22,41.550822959889345,35.972786998616876,24.941569847856158,36.37083141232519,19.276932534193946,37.345781466113415,966.949142461964,SITE 8,EXT
2026-03-23,73.76643175074183,68.75382789317507,39.7530118694362,33.35064292779427,19.549126277612924,44.79080118694362,969.4168545994065,SITE 8,EXT
2026-03-24,60.50190179806362,55.415892116182576,35.84920470262794,35.0153680651606,19.824035653911174,41.911479944674966,969.2027662517289,SITE 8,EXT
2026-03-25,46.49227524204703,42.194695712309816,27.785165975103734,34.76256339326879,19.00722299062548,40.055325034578146,968.5677869986168,SITE 8,EXT
2026-03-26,45.279323204419896,39.14392955801105,26.4980317679558,35.358348680171886,19.30171884591774,39.62845303867403,967.8323618784531,SITE 8,EXT
2026-03-27,42.43718533886584,36.264647302904564,24.90338174273859,34.8762870754572,19.75334255417243,41.5850622406639,968.6838035961273,SITE 8,EXT
2026-03-28,32.302081604426,28.65957814661134,19.789557399723375,33.67988320270479,19.343015214384508,43.47302904564315,970.2765283540803,SITE 8,EXT
2026-03-29,39.74190443213296,33.28448753462604,21.148150969529087,34.53216374269006,19.600646352723917,42.14404432132964,969.355997229917,SITE 8,EXT
2026-03-30,33.55025587828492,28.603070539419086,18.03932226832642,34.27462732441985,20.16597510373444,44.30567081604426,968.5465836791149,SITE 8,EXT
2026-03-31,26.5648135359116,23.968556629834254,16.356622928176794,33.96178637200737,19.75598526703499,43.77209944751381,969.2435773480663,SITE 8,EXT
2026-04-01,42.01943291839557,32.64857538035961,18.266839557399724,34.62962962962963,14.667281389273091,31.843706777316736,969.924979253112,SITE 8,EXT
2026-04-02,51.577029085872574,40.68963296398892,23.696481994459834,35.25007694675285,11.21268082486919,24.238227146814406,970.383185595568,SITE 8,EXT
2026-04-03,59.94418169209431,47.76312066574202,28.581685159500694,35.29203267067345,11.737555863769455,24.667128987517337,970.5510540915396,SITE 8,EXT
2026-04-04,70.17910096818811,62.22424619640387,39.22020055325035,35.063777470416476,17.144613493161213,35.61687413554633,971.4894467496542,SITE 8,EXT
2026-04-05,53.01337482710927,44.41082987551867,28.197842323651454,36.606731212540346,14.791762717073922,28.470262793914245,970.3275795297371,SITE 8,EXT
2026-04-06,44.00253803596127,38.00590594744122,25.217876901798064,36.373136622099274,14.704164745658522,28.448132780082986,970.0720746887966,SITE 8,EXT
2026-04-07,45.43878284923928,39.325013831258644,26.72408713692946,36.46227140003074,18.146611341632088,34.97786998616874,970.021438450899,SITE 8,EXT
2026-04-08,31.740221300138312,28.564889349930844,19.861977869986166,36.30090671584448,17.465037651759644,33.85477178423236,969.4072890733056,SITE 8,EXT
2026-04-09,32.62377593360996,28.127455048409406,18.765836791147997,35.0591670508683,17.991393883510067,36.88520055325034,969.920857538036,SITE 8,EXT
2026-04-10,29.239482758620692,25.59036731634183,16.826244377811093,34.827586206896555,19.232050641345996,40.52173913043478,970.2266416791605,SITE 8,EXT
2026-04-11,24.654404432132964,21.848026315789472,14.47724376731302,34.13204062788551,20.12850107725454,44.51523545706371,970.6897368421053,SITE 8,EXT
2026-04-12,23.644654218533887,19.940421853388656,12.771030428769018,34.91931765790687,19.59505148301829,41.160442600276625,970.5208022130014,SITE 8,EXT
2026-04-13,34.14574688796681,28.465297372060856,18.60491009681881,36.61057322883049,19.804825572460427,38.37759336099585,967.6858921161826,SITE 8,EXT
2026-04-14,19.719017980636238,17.715020746887966,12.116936376210235,33.27877670201322,19.532810819117874,44.87551867219917,969.6080221300138,SITE 8,EXT
2026-04-15,40.494972337482714,34.45984094052559,22.655961272475796,35.33041340095282,18.26187183033656,38.095435684647306,968.5856293222683,SITE 8,EXT
2026-04-16,33.86937067773167,28.426964038727522,18.912759336099583,36.51068080528662,17.94144767173813,34.41217150760719,967.284979253112,SITE 8,EXT
2026-04-17,43.093845089903176,36.59295297372061,24.4003112033195,37.13616105732289,18.858152758567698,35.179806362378976,966.2236929460581,SITE 8,EXT
2026-04-18,34.482821576763484,30.432579529737207,20.22159059474412,36.1418472414323,18.75979714153988,36.99861687413554,965.9759889349931,SITE 8,EXT
2026-04-19,34.10704011065007,29.6481673582296,20.19186721991701,36.21254034117105,19.481327800829874,38.77593360995851,966.2586998616874,SITE 8,EXT
2026-04-20,30.42685595567867,26.227700831024933,17.910872576177283,33.800400123114805,20.735610957217606,46.94182825484764,967.5848199445983,SITE 8,EXT
2026-04-21,36.01209543568464,31.72052558782849,21.309522821576763,34.75026894114031,21.138005225142155,45.69294605809129,968.2964730290456,SITE 8,EXT
2026-04-22,25.816452282157673,22.37845089903181,14.63811203319502,33.97879207007838,18.586138005225145,40.933609958506224,968.8974412171507,SITE 8,EXT
2026-04-23,26.35275933609958,23.427697095435683,16.03793222683264,35.92131550637775,20.53711387736284,41.59751037344398,967.521355463347,SITE 8,EXT
2026-04-24,31.01676592797784,28.029889196675903,17.903372576177286,34.65066174207448,19.399815327793167,41.18282548476454,967.6882963988919,SITE 8,EXT
2026-04-25,43.547388724035606,37.247781899109796,25.329718100890208,34.15924826904056,19.91839762611276,43.88427299703264,968.0604747774481,SITE 8,EXT
2026-04-26,42.26452973720609,35.94446749654218,24.06551175656985,34.55202090056862,20.00691562932227,43.10511756569848,969.5452282157676,SITE 8,EXT
2026-04-27,56.929177040110645,51.006998616874135,29.686396957123097,34.8632242200707,19.249270016904873,40.36652835408022,971.037468879668,SITE 8,EXT
2026-04-28,33.36776625172891,28.495580912863073,19.25045643153527,35.022283694482866,19.24465959735669,40.27109266943292,969.839529737206,SITE 8,EXT
2026-04-29,19.488580246913582,17.941769547325105,12.651378600823044,33.34819387288523,19.553040695016005,44.751028806584365,970.2198353909465,SITE 8,EXT
2026-04-30,24.269464882943144,22.025903010033446,15.49197324414716,36.50130063173541,21.341508732813082,41.88294314381271,970.1355183946489,SITE 8,EXT
2026-05-01,36.930221606648196,31.760145429362883,21.501357340720222,36.7643890427824,21.31117266851339,41.47645429362881,969.3868421052632,SITE 8,EXT
2026-05-02,28.05887275242047,25.924107883817427,18.440899031811895,35.105271246350085,21.615183648378668,46.004149377593365,969.1202351313971,SITE 8,EXT
2026-05-03,18.767468879668048,16.61316044260028,11.452213001383127,33.92500384201629,19.331489165514064,42.73167358229599,969.9569571230982,SITE 8,EXT
2026-05-04,24.570060344827585,22.876870689655174,16.220189655172412,33.952107279693486,20.947318007662837,47.067241379310346,971.4290172413793,SITE 8,EXT
2026-05-05,24.60759002770083,22.04159972299169,14.972783933518006,34.05509387503847,19.32594644506002,42.54293628808864,969.9483379501385,SITE 8,EXT
2026-05-06,24.026182572614108,21.692883817427386,14.974446749654218,34.310742277547256,19.238512371292455,41.86583679114799,969.5059612724759,SITE 8,EXT
2026-05-07,18.537973720608576,17.34491009681881,12.481044260027662,34.20931304748733,20.00461041954818,43.95573997233748,969.274785615491,SITE 8,EXT
2026-05-08,23.316426592797782,21.319016620498616,15.052638504155123,34.95998768851955,20.31163434903047,42.94736842105263,969.5139196675901,SITE 8,EXT
2026-05-09,22.72989928057554,20.48115107913669,14.442647482014388,34.07913669064748,21.32933653077538,47.906474820143885,971.7300863309353,SITE 8,EXT
2026-05-10,29.87819502074689,26.438132780082988,18.311390041493777,35.759182418933456,20.49254648839711,42.053941908713696,971.0377731673583,SITE 8,EXT
2026-05-11,28.23332641770401,25.98680497925311,18.410221300138314,34.93391731980944,20.926694329183956,44.59889349930844,970.5109820193637,SITE 8,EXT
2026-05-12,30.777309292649097,27.259535367545077,18.807441054091537,35.063954384342736,19.724148559100016,41.73647711511789,971.2637864077669,SITE 8,EXT
2026-05-13,26.65878284923928,24.02256569847856,16.82332641770401,35.023052097740894,20.04072537267558,42.26832641770401,970.7336376210236,SITE 8,EXT
2026-05-14,31.670650069156295,28.754059474412173,20.038755186721993,35.80759182418934,20.320424158598435,41.045643153526974,969.703305670816,SITE 8,EXT
2026-05-15,34.00243684992571,30.237838038632983,20.92346953937593,35.19399042430246,19.952947003467063,41.818722139673106,969.7810401188708,SITE 8,EXT
2026-05-16,22.602966804979253,20.04661825726141,13.896998616874136,33.22883049024128,20.358844321499923,47.34301521438451,971.445449515906,SITE 8,EXT
2026-05-17,31.21923928077455,28.187759336099585,19.956445366528353,35.37037037037037,21.69509758721377,45.911479944674966,971.5660580912863,SITE 8,EXT
2026-05-18,32.956142649199414,29.904483260553132,20.817481804949054,32.50929969270581,20.86851043182921,50.80349344978166,972.8366375545852,SITE 8,EXT
2026-05-19,36.91352288488211,33.760631067961164,22.01126907073509,32.998921251348435,21.15734319617815,50.60471567267684,971.9424826629681,SITE 8,EXT
2026-05-20,37.033931750741836,32.66426557863502,22.28007418397626,34.266402901417734,21.329541707879986,47.525222551928785,971.5585608308605,SITE 8,EXT
2026-05-21,51.672544951590595,48.05132088520056,32.83845089903181,33.917319809435995,21.463039803288765,48.85753803596127,971.9178423236514,SITE 8,EXT
2026-05-22,47.50744459833795,44.72437673130194,30.722347645429362,34.30517082179132,21.16189596799015,46.96260387811634,972.015055401662,SITE 8,EXT
2026-05-23,32.90687933425797,30.184507628294035,20.20751040221914,33.40807520419171,20.93697025735861,48.45214979195562,971.664188626907,SITE 8,EXT
2026-05-24,40.58645228215768,36.60477869986169,23.923499308437066,33.80820654679576,21.28246503765176,48.47579529737206,972.0015352697095,SITE 8,EXT
2026-05-25,31.64512482662968,29.01991678224688,19.877926490984745,33.06056403143782,21.025581753737093,49.76144244105409,973.4659778085992,SITE 8,EXT
2026-05-26,50.499654218533884,45.86928769017981,30.727026279391424,33.1081911787306,21.65898263408637,51.48271092669433,973.6366390041494,SITE 8,EXT
2026-05-27,32.603091286307055,29.488146611341634,20.37136237897649,34.34301521438451,21.892577224527432,48.994467496542185,972.1579806362379,SITE 8,EXT
2026-05-28,34.43822022160665,31.99704293628809,22.513317174515237,34.32594644506002,21.13650353955063,46.75207756232687,971.882243767313,SITE 8,EXT
2026-05-29,183.69694598337952,148.68358033240997,56.819702216066474,34.83841181902124,21.840566328100955,47.285318559556785,972.9349307479224,SITE 8,EXT
2026-05-30,52.66749654218534,47.35668741355464,31.86347164591978,35.692331335484866,21.937913016751192,45.553250345781464,971.512185338866,SITE 8,EXT
2026-05-31,36.83810466760962,34.45049504950495,22.598988684582746,33.34904919063335,20.66635234952067,47.995756718528995,971.7590099009901,SITE 8,EXT
2026-06-01,27.993358725761777,25.02696675900277,17.187506925207757,34.986919052016006,21.60433979686057,46.365650969529085,971.2257063711911,SITE 8,EXT
2026-06-02,43.960214384508994,40.739965421853384,27.63066390041494,34.293069002612576,21.78653757491932,48.61549100968188,972.2087828492392,SITE 8,EXT
2026-06-03,32.826083467094705,30.342624398073838,20.694558587479936,34.4908150526128,21.091492776886035,46.34510433386838,972.8639004815409,SITE 8,EXT
2026-06-04,42.99619808306709,39.49810702875399,27.033226837060703,31.118210862619808,20.454384096556623,53.626198083067095,973.5875239616614,SITE 8,EXT
2026-06-05,39.87389889196676,36.29074099722992,25.09329639889197,33.25176977531548,20.689442905509388,48.488919667590025,971.4928947368421,SITE 8,EXT
2026-06-06,47.47279610194902,44.354227886056975,30.73929535232384,32.59564204923487,20.7496251874063,50.296407185628745,971.4396251874063,SITE 8,EXT
2026-06-07,23.375685595567866,20.5120567867036,14.002520775623267,31.949061249615266,20.20160049245922,50.54293628808864,973.652271468144,SITE 8,EXT
2026-06-08,51.10720914127424,47.80815096952909,31.62450138504155,33.120960295475534,20.942597722376117,49.28116343490305,974.6216343490304,SITE 8,EXT
2026-06-09,52.693249299719895,48.00221988795518,31.48799019607843,32.81279178338002,21.029411764705884,50.509803921568626,972.8951400560225,SITE 8,EXT
2026-06-10,35.68574792243768,31.794736842105262,21.328573407202214,32.55155432440751,20.865650969529085,50.87119113573407,972.1891828254847,SITE 8,EXT
2026-06-11,42.9197341211226,37.021388478581976,24.598493353028065,33.15361890694239,21.516494337764648,51.00443131462334,972.5022451994092,SITE 8,EXT
2026-06-12,66.90133663366338,61.78027581329562,39.89767326732673,32.524752475247524,21.650165016501653,53.23196605374823,973.4025601131542,SITE 8,EXT
2026-06-13,57.096113243762,52.46923224568138,33.53747600767755,33.479419918959266,22.120921305182343,52.02303262955854,973.8669289827255,SITE 8,EXT
2026-06-14,43.027322175732216,40.1610669456067,26.60273361227336,30.957694095769412,20.341701534170152,53.785216178521615,974.3330822873081,SITE 8,EXT
2026-06-15,62.64373268698061,58.57212603878116,35.51134349030471,32.65081563558018,20.64404432132964,50.066481994459835,973.9419252077562,SITE 8,EXT
2026-06-16,33.79964681440443,30.85336565096953,21.579903047091413,33.36411203447215,21.082640812557713,49.10526315789474,972.969515235457,SITE 8,EXT
2026-06-17,52.88761410788382,47.97248962655602,32.598713692946056,33.46011987090825,21.24250806823421,49.42047026279391,973.7111756569849,SITE 8,EXT
2026-06-18,53.92456371191136,47.77021468144044,32.22152354570637,34.596799015081565,21.5389350569406,47.257617728531855,972.9687950138504,SITE 8,EXT
2026-06-19,28.802406639004147,26.570753803596126,18.414868603042876,33.56385431074228,20.928231135700017,48.14246196403873,971.0713692946058,SITE 8,EXT
2026-06-20,32.94035318559557,29.908504155124653,19.679058171745154,32.61772853185595,20.578639581409668,49.69113573407202,970.46567867036,SITE 8,EXT
2026-06-21,62.816798063623786,58.76788381742739,37.29401106500691,32.82772398954972,20.16059628092823,47.73305670816044,972.955643153527,SITE 8,EXT
2026-06-22,24.83936817472699,23.27198907956318,15.7797503900156,31.66406656266251,20.240076269717456,51.34633385335413,974.7271450858034,SITE 8,EXT
2026-06-23,44.49961367013373,41.21580980683507,27.461560178306094,32.385669473336634,20.070166749215783,49.30609212481426,972.9626745913819,SITE 8,EXT
2026-06-24,31.085661971830987,27.340126760563383,18.518704225352113,33.49843505477308,20.75508607198748,47.92253521126761,973.1542394366197,SITE 8,EXT
2026-06-25,37.38045706371191,33.693621883656505,22.6085595567867,34.1374269005848,20.555555555555557,45.649584487534625,974.5234210526316,SITE 8,EXT
2026-06-26,39.45048409405256,33.606887966804976,21.941991701244813,33.78284923928077,20.839096357768558,47.29045643153527,974.2595020746888,SITE 8,EXT
2026-06-27,61.304480609418285,57.15141966759003,35.192790858725765,32.453831948291786,20.8471837488458,51.011080332409975,973.579404432133,SITE 8,EXT
2026-06-28,31.194757617728534,27.626925207756234,17.852901662049863,32.970914127423825,20.80178516466605,49.49445983379501,972.8903324099722,SITE 8,EXT
2026-06-29,27.969529085872576,25.89418975069252,17.44274238227147,32.07217605417052,19.773007079101262,48.677285318559555,972.5419944598337,SITE 8,EXT
2026-06-30,30.00277700831025,26.91074099722992,18.335394736842105,32.018313327177594,20.35934133579563,50.67313019390582,972.9015789473683,SITE 8,EXT
2026-07-01,26.703245492371707,24.054875173370316,16.0075520110957,31.78301741408538,20.550932347048853,51.99029126213592,973.3954230235784,SITE 8,EXT
2026-07-02,33.78849030470914,29.88671052631579,20.039286703601107,32.17220683287166,20.830255463219455,51.898891966759,974.0631717451523,SITE 8,EXT
2026-07-03,25.08511772853186,22.760484764542937,15.554916897506924,31.992151431209606,20.514773776546633,51.32963988919668,973.7936149584488,SITE 8,EXT
2026-07-04,27.93731622746186,24.88889042995839,16.74881414701803,30.924641701340732,20.208814917552782,53.44382801664355,973.7655755894591,SITE 8,EXT
2026-07-05,29.49008298755187,26.870739972337482,18.386369294605807,33.00906715844476,20.78453972644844,49.38035961272476,973.3131396957124,SITE 8,EXT
2026-07-06,38.10234764542936,34.217915512465375,23.3968351800554,32.096799015081565,21.352723915050785,53.5803324099723,973.009944598338,SITE 8,EXT
2026-07-07,45.7780859375,38.946132812500004,25.629127604166666,31.140046296296294,20.87818287037037,54.994791666666664,975.0369010416666,SITE 8,EXT
2026-02-10,86.89190677966103,78.12898305084745,49.12843220338983,34.894067796610166,5.117702448210923,16.152542372881356,973.4095762711864,SITE 9,EXT
2026-02-11,94.48747928176795,85.42050414364641,53.513584254143645,33.18984039287907,10.143492940454268,25.323204419889503,974.4970165745856,SITE 9,EXT
2026-02-12,73.49538035961272,65.88026970954357,42.929322268326416,34.53665283540802,12.68019056400799,28.61410788381743,974.3907883817428,SITE 9,EXT
2026-02-13,59.277793914246196,52.64665975103735,34.741493775933606,34.91778085139081,14.319963116643615,30.276625172890732,973.506030428769,SITE 9,EXT
2026-02-14,48.13129322268327,42.53011756569848,27.891576763485478,35.13216536038113,15.739203934224681,33.22268326417704,972.1997925311202,SITE 9,EXT
2026-02-15,32.325265734265734,29.633216783216785,20.329342657342657,32.950271950271954,18.164724164724166,42.58461538461538,973.738993006993,SITE 9,EXT
2026-02-16,44.03526933701657,33.71495165745856,18.286339779005523,32.411755678330266,8.622621240024555,28.625690607734807,975.0849309392265,SITE 9,EXT
2026-02-17,85.40237206085754,69.11020746887966,38.34257261410789,32.70631627478101,0.9228523128938068,14.29045643153527,974.5363347164592,SITE 9,EXT
2026-02-18,94.86307320441989,76.96939226519336,43.95897790055248,32.46853898096992,3.161448741559239,17.93646408839779,973.3275138121547,SITE 9,EXT
2026-02-19,81.47538035961271,69.88663208852006,42.42682572614108,32.55340402643308,2.704011065006916,18.64038727524205,972.7761134163209,SITE 9,EXT
2026-02-20,89.0206846473029,78.95628630705394,49.96153526970955,32.15690794528969,3.766712770862149,20.095435684647303,973.6744813278009,SITE 9,EXT
2026-02-21,90.98189226519337,81.95745856353591,52.29399171270718,32.38720073664825,4.915592387968079,20.243093922651934,974.3668922651934,SITE 9,EXT
2026-02-22,78.94085180055401,71.43574099722993,44.96048476454294,32.553862726992925,0.9272083718067098,16.249307479224377,973.706592797784,SITE 9,EXT
2026-02-23,71.1873305670816,63.906618257261414,41.33092669432918,32.87152297525742,1.438450899031812,15.770401106500692,971.7516597510373,SITE 9,EXT
2026-02-24,80.07075380359612,72.957704011065,47.474100968188104,33.01598278776702,5.072229906254803,18.793914246196405,970.7648271092669,SITE 9,EXT
2026-02-25,67.20598066298342,59.332638121546964,37.505780386740334,33.331031307550646,9.647022713321055,24.62845303867403,971.6369751381216,SITE 9,EXT
2026-02-26,72.65327800829876,63.20843706777316,39.03663208852006,33.44167819271554,11.11418472414323,26.809128630705395,972.4763623789765,SITE 9,EXT
2026-02-27,50.554533426183845,40.93351671309192,25.648878830083564,34.55818632002476,16.909625502940266,35.84540389972145,972.458356545961,SITE 9,EXT
2026-02-28,42.907164804469275,35.39979748603352,22.296466480446927,34.591868404717566,17.67070142768467,37.22486033519553,971.8114944134079,SITE 9,EXT
2026-03-01,47.89166201117318,40.108156424581004,24.961997206703913,33.53196772191186,13.785692116697705,32.01117318435754,971.0795949720671,SITE 9,EXT
2026-03-02,36.42731843575419,31.364713687150836,20.306738826815643,32.22920546244569,14.772656734947239,36.097765363128495,972.8149022346369,SITE 9,EXT
2026-03-03,47.60185754189944,39.053128491620114,24.025279329608935,33.36281812538796,9.304779639975171,23.35754189944134,972.9741480446927,SITE 9,EXT
2026-03-04,56.768708100558655,47.45018156424581,29.831243016759775,35.08302296710118,12.117473618870267,26.20810055865922,972.2507262569833,SITE 9,EXT
2026-03-05,35.32589385474861,30.870747206703914,20.804804469273744,35.391061452513966,17.477498448168838,35.660614525139664,972.6042597765363,SITE 9,EXT
2026-03-06,39.57965083798882,34.40581005586592,23.071668994413407,36.02653631284916,18.270484171322163,36.16620111731844,970.9169692737431,SITE 9,EXT
2026-03-07,43.571286610878666,39.56515690376569,27.095784518828452,31.222687122268713,19.679218967921898,51.02510460251046,972.0497280334729,SITE 9,EXT
2026-03-08,59.964553072625705,54.2647625698324,36.58766759776536,33.85862818125388,19.11235257603973,44.14385474860335,971.3549720670392,SITE 9,EXT
2026-03-09,51.193999999999996,45.161048951048954,29.716013986013987,35.58974358974359,17.974358974358974,37.22937062937063,971.6076783216783,SITE 9,EXT
2026-03-10,59.57895833333333,53.97524425287356,35.292248563218386,35.175606641123885,17.558269476372924,37.235632183908045,971.3728304597701,SITE 9,EXT
2026-03-11,46.17071927374302,39.22011173184357,26.337807262569832,34.73308504034761,19.295468653010555,41.69553072625698,971.904217877095,SITE 9,EXT
2026-03-12,48.557027972027974,42.07695104895105,27.82737062937063,35.47552447552447,18.653457653457654,38.8013986013986,971.4827692307693,SITE 9,EXT
2026-03-13,33.28159217877095,30.11888966480447,20.684951117318434,35.88221601489758,17.27886405959032,34.409217877094974,971.3989385474861,SITE 9,EXT
2026-03-14,36.32823776223776,32.39609090909091,22.42323076923077,36.09168609168609,16.909867909867913,33.72867132867133,970.3902377622378,SITE 9,EXT
2026-03-15,46.29558659217877,39.46379189944134,26.823344972067037,35.69832402234637,17.79252017380509,35.69972067039106,971.5056424581006,SITE 9,EXT
2026-03-16,41.151924778761064,35.934660766961656,23.817042772861356,36.0750573582432,12.702392658144872,27.970501474926255,971.6931710914454,SITE 9,EXT
2026-03-17,39.06938288920056,34.523092566619916,23.809424964936884,35.73476702508961,17.10456599657161,34.103786816269285,972.142286115007,SITE 9,EXT
2026-03-18,44.48835195530726,40.73778631284917,27.800558659217877,36.07541899441341,17.57526381129733,34.5963687150838,971.4641480446927,SITE 9,EXT
2026-03-19,36.91053072625698,32.752332402234636,22.88793994413408,36.274829298572314,17.930633147113596,34.76675977653631,970.9326117318436,SITE 9,EXT
2026-03-20,33.38482541899441,30.178854748603353,21.05772346368715,35.255276225946616,18.343420235878337,37.727653631284916,970.3607122905029,SITE 9,EXT
2026-03-21,36.010392296718976,32.35942225392297,22.607261055634808,36.427326042161994,18.5282929148835,36.22681883024251,969.491754636234,SITE 9,EXT
2026-03-22,38.477636746143055,34.07725105189341,23.895610098176718,36.58329437431822,19.315100514259,37.34782608695652,969.7801823281908,SITE 9,EXT
2026-03-23,45.599264705882355,43.92460784313726,30.724978991596636,30.91114223467165,19.61951447245565,52.34593837535014,972.4737675070028,SITE 9,EXT
2026-03-24,44.34303770949721,40.60764664804469,28.376117318435753,33.79189944134078,20.005431409062695,46.023743016759774,972.0217318435755,SITE 9,EXT
2026-03-25,38.122692307692304,34.377762237762234,23.9000979020979,34.334110334110335,19.183372183372185,41.675524475524476,971.3587412587412,SITE 9,EXT
2026-03-26,42.01042597765363,36.89967877094972,25.19871508379888,35.301055245189325,19.33814400993172,40.108938547486034,970.5937150837989,SITE 9,EXT
2026-03-27,41.43039804469274,36.04877094972067,24.82509776536313,34.15037243947859,19.861887026691495,43.87988826815643,971.4860893854749,SITE 9,EXT
2026-03-28,32.70804895104895,29.478244755244756,20.351076923076924,32.92851592851593,19.185703185703186,45.1972027972028,973.0994125874125,SITE 9,EXT
2026-03-29,35.324022346368714,30.240328212290503,19.25008379888268,32.538019863438855,19.60816263190565,48.15502793296089,972.1942178770951,SITE 9,EXT
2026-03-30,27.596703910614526,24.362032122905028,16.006829608938546,31.985567970204844,19.777312228429548,49.864525139664806,971.4561312849162,SITE 9,EXT
2026-03-31,28.034832167832167,25.36851048951049,17.202104895104895,32.613053613053616,19.825951825951826,47.44895104895105,972.0561818181819,SITE 9,EXT
2026-04-01,37.721473463687154,29.846578212290506,17.023030726256984,32.91123525760398,14.254345127250156,35.35195530726257,972.7702234636871,SITE 9,EXT
2026-04-02,57.89199022346369,47.57729050279329,27.42078910614525,33.25263811297331,10.45856610800745,27.247206703910614,973.3632681564245,SITE 9,EXT
2026-04-03,58.93496508379888,48.76585195530726,28.855621508379887,33.18202979515829,10.997051520794539,27.935754189944134,973.6499720670391,SITE 9,EXT
2026-04-04,40.85595804195804,34.04941958041958,22.230797202797202,34.04662004662005,17.46697746697747,38.61118881118881,974.5650909090909,SITE 9,EXT
2026-04-05,51.60959497206704,43.92726955307263,28.133638268156428,34.79205462445686,14.8207635009311,32.69972067039106,973.310810055866,SITE 9,EXT
2026-04-06,60.335817039106146,53.25471368715084,34.79012569832402,34.487895716946,14.744723774053384,32.28072625698324,973.1077653631286,SITE 9,EXT
2026-04-07,43.4964874301676,37.517527932960895,25.33453212290503,35.82091868404717,17.99037864680323,36.30167597765363,972.9999301675977,SITE 9,EXT
2026-04-08,32.3729020979021,29.438986013986014,20.32765034965035,35.961149961149964,17.3006993006993,34.57482517482517,972.3082237762238,SITE 9,EXT
2026-04-09,26.95037709497207,24.06210893854749,16.22138966480447,35.040347610180014,17.887181874612043,36.92458100558659,972.8649162011174,SITE 9,EXT
2026-04-10,30.166858877086494,26.926942336874053,17.61646433990895,34.53380542910133,19.371944022930368,42.04248861911988,973.3838998482549,SITE 9,EXT
2026-04-11,26.290102790014686,23.252790014684287,15.324353891336271,33.963941915483765,20.304291075216184,45.87958883994126,973.5235535976506,SITE 9,EXT
2026-04-12,21.6523661971831,18.939154929577462,12.42274647887324,32.190140845070424,19.13302034428795,47.7943661971831,973.4588450704226,SITE 9,EXT
2026-04-13,32.72212290502794,28.03782122905028,18.352744413407823,35.38175046554935,19.337368094351337,40.72486033519553,970.5023044692738,SITE 9,EXT
2026-04-14,19.89153146853147,18.080580419580418,12.1713006993007,32.97202797202797,19.702408702408704,46.29370629370629,972.5005734265735,SITE 9,EXT
2026-04-15,49.448602528089886,43.74337780898876,28.729353932584267,34.576310861423224,17.839419475655433,40.17134831460674,971.402036516854,SITE 9,EXT
2026-04-16,38.38189510489511,34.159076923076924,22.385594405594407,36.095571095571096,17.627816627816628,34.94825174825175,970.1027412587412,SITE 9,EXT
2026-04-17,45.49934357541899,39.65979748603352,25.917046089385476,36.27870887647424,18.325574177529486,36.31843575418994,969.0925,SITE 9,EXT
2026-04-18,29.237493016759775,26.181682960893852,17.885314245810058,36.201117318435756,18.732929857231536,37.150837988826815,968.8420670391062,SITE 9,EXT
2026-04-19,34.015127840909095,30.26676846590909,20.757819602272725,36.51830808080808,19.332386363636363,38.31107954545455,969.0395454545454,SITE 9,EXT
2026-04-20,33.93798184357542,30.090824022346368,20.52084497206704,31.53088144009932,20.817815021725636,53.87290502793296,970.5654329608939,SITE 9,EXT
2026-04-21,37.60417597765363,33.60411312849162,22.82356843575419,33.26194909993792,21.319056486654254,50.51815642458101,971.1775837988827,SITE 9,EXT
2026-04-22,18.429427374301675,16.534888268156426,11.013421787709497,33.26893234016139,18.88112973308504,44.029329608938546,971.7659497206705,SITE 9,EXT
2026-04-23,27.323853146853146,24.46336363636364,16.579132867132866,35.91608391608391,20.33721833721834,41.86433566433566,970.2826013986015,SITE 9,EXT
2026-04-24,27.21161312849162,24.881620111731845,17.22209497206704,35.21880819366853,19.324177529484793,39.98882681564246,970.4743854748604,SITE 9,EXT
2026-04-25,41.84763636363637,36.06307692307692,24.837545454545456,35.28515928515929,19.941724941724942,41.78041958041958,970.6856643356643,SITE 9,EXT
2026-04-26,45.93012569832403,39.17845670391062,26.025733240223463,35.29329608938548,20.135009310986966,42.062849162011176,972.3158240223464,SITE 9,EXT
2026-04-27,31.582332402234638,28.07730446927374,18.71131284916201,34.252793296089386,19.006052141527004,41.37290502793296,973.8428212290502,SITE 9,EXT
2026-04-28,27.010006983240224,24.651222067039107,16.784182960893855,34.69118559900683,19.217101179391683,41.48324022346369,972.6854050279329,SITE 9,EXT
2026-04-29,20.059322533136967,18.715132547864506,13.281406480117822,32.930780559646536,19.73244968090329,46.88217967599411,973.4086597938144,SITE 9,EXT
2026-04-30,29.152540029112078,26.42055312954876,18.404519650655022,33.392366165291925,21.33349506711952,50.796215429403205,974.5033478893741,SITE 9,EXT
2026-05-01,35.47773570324575,31.120548686244202,21.420432766615146,35.05667181865018,21.561909668555728,46.865533230293664,972.4453632148377,SITE 9,EXT
2026-05-02,28.95385474860335,26.740027932960896,18.985481843575418,35.19630664183737,21.772967101179393,46.33379888268156,971.9531843575419,SITE 9,EXT
2026-05-03,19.262935843793585,17.61138772663877,12.279686192468619,33.94080272741361,19.235239423523943,42.71966527196653,972.7440864714087,SITE 9,EXT
2026-05-04,22.490038940809967,21.098808411214954,15.172032710280373,32.8097957770855,20.692281066112844,49.77570093457944,974.0910124610592,SITE 9,EXT
2026-05-05,35.478922114047286,32.846293463143255,19.884165507649513,33.58368103847937,18.84716427136455,43.180806675938804,972.772016689847,SITE 9,EXT
2026-05-06,25.693134535367545,23.144791955617197,15.795901525658806,34.14932963476653,19.00446910155648,42.148404993065185,972.344049930652,SITE 9,EXT
2026-05-07,21.07128294036061,19.841553398058252,14.110228848821082,34.87979657882571,19.88210818307906,42.398058252427184,972.0823300970874,SITE 9,EXT
2026-05-08,21.12560455192034,19.5575533428165,13.71533428165007,34.44681523628892,20.082977714556662,44.14509246088193,972.3414082503556,SITE 9,EXT
2026-05-09,29.96377947295423,26.918661581137307,18.55353675450763,32.692248420403764,20.870704268762523,50.50901525658807,974.6745214979195,SITE 9,EXT
2026-05-10,34.46595833333333,30.7725625,21.134881944444444,35.44675925925926,20.01388888888889,42.144444444444446,973.7996944444445,SITE 9,EXT
2026-05-11,38.72903606102635,34.648980582524274,23.63942441054092,35.44459855139467,21.004777315456927,43.70319001386962,973.3105547850208,SITE 9,EXT
2026-05-12,30.79438888888889,27.536993055555552,18.991652777777777,35.42746913580247,19.611882716049383,41.18194444444445,974.0515138888888,SITE 9,EXT
2026-05-13,34.4769972260749,30.41995145631068,20.6250346740638,35.66497149021421,19.97071967945754,41.17614424410541,973.5309292649099,SITE 9,EXT
2026-05-14,34.80039528432732,31.272011095700414,21.616789181692095,36.32994298042842,20.270457697642165,39.9500693481276,972.4838834951456,SITE 9,EXT
2026-05-15,35.54686805555556,31.703159722222225,21.68766666666667,35.32253086419753,19.57021604938272,40.71527777777778,972.7043333333334,SITE 9,EXT
2026-05-16,24.921196105702364,22.13578581363004,15.396578581363004,31.215422654921962,20.429609024880236,53.53824756606398,974.4457579972184,SITE 9,EXT
2026-05-17,33.852889972144844,30.807263231197773,21.80050139275766,34.93964716805942,21.551377282575054,47.08217270194986,974.3895264623956,SITE 9,EXT
2026-05-18,29.14293994413408,26.378798882681565,18.086131284916203,30.718497827436376,20.65176908752328,55.80307262569833,975.5887290502793,SITE 9,EXT
2026-05-19,28.97444367176634,25.895354659248955,18.129019471488178,32.895224849327775,21.006026889197962,50.71070931849791,974.7329346314325,SITE 9,EXT
2026-05-20,33.329451388888884,30.305625,21.056284722222223,33.713734567901234,21.25771604938272,49.2,974.4192638888888,SITE 9,EXT
2026-05-21,33.782434119278776,30.853092926490987,20.94337031900139,33.291724456773004,21.359993835721994,50.62690707350902,974.7235506241332,SITE 9,EXT
2026-05-22,29.48620665742025,26.957794729542304,18.72998613037448,34.431345353675454,20.876098012020343,46.1747572815534,974.7417198335645,SITE 9,EXT
2026-05-23,23.350228848821082,21.451740638002775,14.848058252427185,32.047310833718605,21.116504854368934,53.05686546463245,974.5440221914008,SITE 9,EXT
2026-05-24,26.689882108183077,24.61416782246879,17.198023578363383,32.81553398058252,21.158113730929266,51.41608876560333,974.8264771151179,SITE 9,EXT
2026-05-25,19.677006944444443,17.517819444444445,11.656006944444446,30.567129629629633,20.645833333333332,56.15,976.3579583333333,SITE 9,EXT
2026-05-26,28.817281553398058,25.520527045769764,16.658737864077672,31.325319771921713,21.326090306672832,56.09570041608877,976.4657281553399,SITE 9,EXT
2026-05-27,35.69726074895978,32.61900832177531,22.489341192787794,33.30790568654646,21.48404993065187,51.27877947295423,974.9266712898752,SITE 9,EXT
2026-05-28,27.92518030513176,25.389479889042995,17.54354368932039,34.279550007705346,20.915395284327325,46.6130374479889,974.5991262135922,SITE 9,EXT
2026-05-29,30.832933425797503,27.05984049930652,18.103016643550625,32.65526275235013,21.01556480197257,51.19001386962552,975.7439251040222,SITE 9,EXT
2026-05-30,45.228470097357445,39.61309457579972,25.758122392211405,34.89182506567764,21.349095966620308,46.73713490959666,974.2579276773296,SITE 9,EXT
2026-05-31,21.764135021097044,19.49182841068917,12.995274261603374,31.481481481481485,20.632130020315675,53.78621659634318,974.7248241912798,SITE 9,EXT
2026-06-01,26.955062413314838,24.8474133148405,17.09984743411928,33.99907535829866,21.386962552011095,48.71567267683773,974.0379750346741,SITE 9,EXT
2026-06-02,33.42732316227462,30.041990291262138,20.334257975034674,33.73863461242102,21.73139158576052,50.27739251040222,975.0244244105409,SITE 9,EXT
2026-06-03,24.15745492371706,22.29426490984743,15.348765603328708,34.48913546000925,21.039451379257205,46.42857142857143,975.8460471567267,SITE 9,EXT
2026-06-04,20.394830747531735,18.328660084626236,12.708991537376585,29.373922582667298,20.240557906284284,58.606488011283496,976.5011565585331,SITE 9,EXT
2026-06-05,38.95309986130375,36.26357836338419,24.948626907073507,32.36168901217445,20.29973801818462,50.728155339805824,974.3172954230236,SITE 9,EXT
2026-06-06,26.189762589928055,23.228122302158273,16.028258992805753,31.28377298161471,20.971223021582734,54.95971223021583,974.293928057554,SITE 9,EXT
2026-06-07,27.38012482662968,24.981754507628295,16.325568654646325,31.672830944675606,20.198027431037143,51.750346740638,976.4606380027739,SITE 9,EXT
2026-06-08,30.51357836338419,27.2674826629681,18.652780859916785,32.34088457389428,20.732008013561412,51.1997226074896,977.4192926490986,SITE 9,EXT
2026-06-09,35.012190201729105,30.914920749279542,20.92957492795389,30.23535062439962,20.69004162664105,57.29971181556196,975.7380691642651,SITE 9,EXT
2026-06-10,36.5658125,32.99203472222222,22.026034722222224,31.417438271604937,20.85030864197531,54.544444444444444,975.0464305555556,SITE 9,EXT
2026-06-11,46.6060980966325,43.07214494875549,28.676500732064422,30.96632503660322,21.565804457458924,58.43923865300147,975.3665300146413,SITE 9,EXT
2026-06-12,32.7077600554785,30.125561719833563,20.06413314840499,31.452458005856066,21.353829557713052,56.05686546463245,976.2142302357836,SITE 9,EXT
2026-06-13,28.982058414464532,26.665452016689844,17.56894297635605,31.91933240611961,21.44336269510122,54.76077885952712,977.0289429763561,SITE 9,EXT
2026-06-14,27.70433936022253,25.554853963838664,16.764443671766344,30.270437335805905,20.29670839128419,56.12100139082058,977.1237969401948,SITE 9,EXT
2026-06-15,23.3528294036061,21.3998959778086,14.465596393897364,32.71074125443057,20.420711974110034,49.65464632454924,976.6482801664356,SITE 9,EXT
2026-06-16,28.794576976421634,25.924320388349518,17.874126213592234,33.12143627677608,20.72661427030359,48.947295423023576,975.6988626907073,SITE 9,EXT
2026-06-17,37.98834027777778,34.32961111111111,23.385875000000002,32.808641975308646,21.047067901234566,50.87777777777778,976.4636388888888,SITE 9,EXT
2026-06-18,39.54538834951456,35.125783633841884,23.827101248266295,33.77099707196795,21.121128062875638,48.60748959778086,975.7124410540916,SITE 9,EXT
2026-06-19,25.42859223300971,23.36366158113731,15.596490984743411,33.680844506087226,20.745107104330405,47.70180305131761,973.829306518724,SITE 9,EXT
2026-06-20,28.631743055555553,26.201013888888887,17.41392361111111,32.655092592592595,20.637345679012345,49.89861111111111,973.2373194444444,SITE 9,EXT
2026-06-21,20.23864077669903,18.123141470180304,12.099355062413315,30.98243180767453,19.989983048235477,52.858529819694866,975.7975728155341,SITE 9,EXT
2026-06-22,15.925201109570041,14.563682385575591,9.638453536754508,31.28679303436585,20.56557250732008,53.98890429958391,977.4798474341193,SITE 9,EXT
2026-06-23,33.24892510402219,30.236553398058252,19.463120665742025,32.91647403297889,20.030821390044693,47.98335644937587,975.7749514563106,SITE 9,EXT
2026-06-24,23.558305555555556,21.743868055555556,14.364145833333332,32.448302469135804,20.420524691358025,50.31388888888889,975.9653333333334,SITE 9,EXT
2026-06-25,31.84914008321775,28.922975034674064,19.08388349514563,33.003544459855135,20.17028817999692,48.07628294036061,977.3577669902912,SITE 9,EXT
2026-06-26,37.798625,33.77909722222223,21.82326388888889,32.8695987654321,20.699074074074076,49.96388888888889,977.0965972222223,SITE 9,EXT
2026-06-27,28.10323855755895,25.119625520110958,16.240929264909845,31.910926182770844,20.513946678995225,51.83079056865465,976.4229264909848,SITE 9,EXT
2026-06-28,28.638023578363384,26.331532593619972,16.957357836338417,33.20080135614116,20.678070580983203,48.70180305131761,975.6357836338419,SITE 9,EXT
2026-06-29,18.59682638888889,17.027270833333333,11.559673611111112,31.179783950617285,19.774691358024693,51.59861111111111,975.3986527777778,SITE 9,EXT
2026-06-30,23.756685159500694,21.466990291262135,14.385270457697644,32.055016181229774,20.554785020804438,51.54507628294036,975.727198335645,SITE 9,EXT
2026-07-01,22.851796116504854,21.515159500693482,14.192815533980584,31.594236400061643,20.54553860379103,52.80721220527046,976.2142024965325,SITE 9,EXT
2026-07-02,30.337923611111112,27.96607638888889,18.6355625,31.94598765432099,20.739969135802472,52.57222222222222,976.8340416666667,SITE 9,EXT
2026-07-03,18.645346740638004,17.403515950069348,11.672080443828015,30.89690245030051,20.339805825242717,54.24826629680999,976.6322607489598,SITE 9,EXT
2026-07-04,22.74873502994012,21.142956586826347,14.49940868263473,30.031603459747174,20.25449101796407,56.543413173652695,976.6415568862276,SITE 9,EXT
2026-07-05,30.044576388888892,27.202805555555557,18.42310416666667,33.027006172839506,20.830246913580247,50.13055555555555,976.0575555555555,SITE 9,EXT
2026-07-06,30.039431345353677,27.23371705963939,17.969320388349512,32.53120665742025,21.21898597626753,52.116504854368934,975.7140083217754,SITE 9,EXT
2026-07-07,43.11900544959128,37.59452316076295,24.21551771117166,30.58128973660309,21.12170753860127,57.68119891008175,977.7808174386921,SITE 9,EXT
