datetime,PM10,PM25,PM1,temp_c,dewpoint_c,humidity,pressure_hpa,site,location
2025-12-01 00:00:00,50.34216666666667,41.2375,27.011833333333335,34.18518518518519,19.444444444444446,42.1,965.8866666666667,SITE 5,INT
2025-12-01 01:00:00,47.1155,38.802,25.182166666666667,33.870370370370374,19.5,43.43333333333333,965.365,SITE 5,INT
2025-12-01 02:00:00,42.243833333333335,35.3945,22.994500000000002,33.333333333333336,19.444444444444446,44.0,964.9586666666667,SITE 5,INT
2025-12-01 03:00:00,38.960166666666666,33.729,22.239500000000003,33.166666666666664,19.27777777777778,44.36666666666667,964.8116666666666,SITE 5,INT
2025-12-01 04:00:00,43.46233333333334,36.646499999999996,24.1085,32.77777777777778,19.35185185185185,45.7,965.1830000000001,SITE 5,INT
2025-12-01 05:00:00,52.36083333333333,44.265,29.118666666666666,32.75925925925926,19.61111111111111,46.43333333333333,965.7883333333334,SITE 5,INT
2025-12-01 06:00:00,66.8891935483871,55.63177419354839,37.52112903225807,32.25806451612903,19.265232974910397,46.516129032258064,966.4409677419354,SITE 5,INT
2025-12-01 07:00:00,53.739000000000004,43.390166666666666,28.255666666666666,31.740740740740744,19.240740740740744,47.7,967.079,SITE 5,INT
2025-12-01 08:00:00,40.273,33.95483333333333,21.702333333333332,31.722222222222225,18.64814814814815,46.43333333333333,967.6263333333334,SITE 5,INT
2025-12-01 09:00:00,34.87283333333333,30.647166666666667,19.893166666666666,32.22222222222222,18.203703703703702,43.93333333333333,967.879,SITE 5,INT
2025-12-01 10:00:00,34.85583333333333,30.71033333333333,20.061666666666667,32.87037037037037,18.685185185185187,43.46666666666667,967.8066666666667,SITE 5,INT
2025-12-01 11:00:00,33.260666666666665,29.341666666666665,19.23983333333333,33.88888888888889,19.185185185185183,42.4,967.2403333333333,SITE 5,INT
2025-12-01 12:00:00,29.839833333333335,27.137666666666668,17.788333333333334,34.7962962962963,19.074074074074076,40.0,966.3976666666666,SITE 5,INT
2025-12-01 13:00:00,30.58645161290323,27.746451612903225,18.166451612903224,35.66308243727599,18.512544802867385,36.74193548387097,965.6425806451614,SITE 5,INT
2025-12-01 14:00:00,30.294666666666668,27.50183333333333,18.049333333333333,36.48148148148149,17.944444444444446,33.733333333333334,964.9776666666666,SITE 5,INT
2025-12-01 15:00:00,36.94783333333333,31.884833333333333,20.696166666666667,36.64814814814815,17.537037037037035,32.6,964.5393333333334,SITE 5,INT
2025-12-01 16:00:00,39.207166666666666,33.49766666666667,21.96333333333333,36.537037037037045,17.240740740740744,32.333333333333336,964.4156666666667,SITE 5,INT
2025-12-01 17:00:00,45.366,37.57183333333333,24.3925,36.537037037037045,17.87037037037037,33.53333333333333,964.7099999999999,SITE 5,INT
2025-12-01 18:00:00,62.3635,50.06883333333334,32.631499999999996,36.57407407407408,17.888888888888893,33.46666666666667,965.4483333333334,SITE 5,INT
2025-12-01 19:00:00,50.61033333333333,41.00866666666666,26.766000000000002,35.57407407407407,18.092592592592595,35.93333333333333,966.7206666666666,SITE 5,INT
2025-12-01 20:00:00,80.87903225806451,70.49725806451613,44.267580645161296,35.53763440860215,18.369175627240146,36.74193548387097,967.4793548387097,SITE 5,INT
2025-12-01 21:00:00,63.8595,50.78833333333333,32.219500000000004,35.55555555555556,18.88888888888889,37.96666666666667,967.981,SITE 5,INT
2025-12-01 22:00:00,53.1725,42.92483333333333,27.520333333333333,35.0,18.88888888888889,38.93333333333333,968.0300000000001,SITE 5,INT
2025-12-01 23:00:00,46.225500000000004,38.004,24.360833333333336,34.44444444444444,18.703703703703702,39.63333333333333,967.596,SITE 5,INT
2025-12-02 00:00:00,44.15133333333333,36.4045,23.0995,34.27777777777778,18.796296296296298,40.266666666666666,967.026,SITE 5,INT
2025-12-02 01:00:00,38.452666666666666,33.38216666666666,21.737666666666666,33.88888888888889,18.88888888888889,41.43333333333333,966.3343333333333,SITE 5,INT
2025-12-02 02:00:00,36.6155,32.26883333333333,21.213,33.25925925925926,18.833333333333332,42.666666666666664,965.4866666666666,SITE 5,INT
2025-12-02 03:00:00,34.6325,31.145166666666668,20.481166666666663,32.75925925925926,18.87037037037037,43.96666666666667,965.0733333333334,SITE 5,INT
2025-12-02 04:00:00,38.72116666666667,33.44583333333333,21.421499999999998,32.75925925925926,18.833333333333332,43.8,965.3756666666667,SITE 5,INT
2025-12-02 05:00:00,69.97766666666666,63.38066666666667,42.13433333333333,32.666666666666664,19.222222222222225,45.333333333333336,965.9803333333333,SITE 5,INT
2025-12-02 06:00:00,77.35806451612903,67.2158064516129,45.5691935483871,32.795698924731184,19.60573476702509,45.935483870967744,966.6893548387096,SITE 5,INT
2025-12-02 07:00:00,67.56633333333333,56.439499999999995,36.73383333333334,32.24074074074074,19.0,46.03333333333333,966.909,SITE 5,INT
2025-12-02 08:00:00,43.9905,36.68983333333333,23.660833333333336,32.37037037037037,19.25925925925926,46.36666666666667,967.599,SITE 5,INT
2025-12-02 09:00:00,36.02866666666667,31.654166666666665,20.600666666666665,33.092592592592595,19.666666666666668,45.7,967.5120000000001,SITE 5,INT
2025-12-02 10:00:00,35.897000000000006,31.574833333333334,20.601333333333333,34.166666666666664,19.925925925925927,43.53333333333333,967.1746666666667,SITE 5,INT
2025-12-02 11:00:00,46.75533333333333,41.358333333333334,27.14816666666667,35.166666666666664,19.925925925925927,41.166666666666664,966.6293333333334,SITE 5,INT
2025-12-02 12:00:00,36.16766666666667,31.7025,21.01033333333333,36.277777777777786,19.462962962962965,37.46666666666667,965.7936666666667,SITE 5,INT
2025-12-02 13:00:00,32.1515,29.358,19.34466666666667,36.64814814814815,18.87037037037037,35.266666666666666,964.8516666666667,SITE 5,INT
2025-12-02 14:00:00,37.806000000000004,32.84133333333333,21.6515,36.537037037037045,18.074074074074076,33.93333333333333,964.2643333333333,SITE 5,INT
2025-12-02 15:00:00,43.405,36.05566666666667,23.431333333333335,36.0,18.222222222222225,35.266666666666666,963.9033333333333,SITE 5,INT
2025-12-02 16:00:00,51.8215,42.66433333333334,27.597333333333335,36.20370370370371,18.685185185185183,36.03333333333333,964.0396666666667,SITE 5,INT
2025-12-02 17:00:00,64.19274193548387,52.479032258064514,34.98887096774193,36.63082437275986,18.422939068100362,34.645161290322584,964.7883870967742,SITE 5,INT
2025-12-02 18:00:00,82.36616666666667,72.51383333333334,44.82866666666667,36.833333333333336,18.925925925925927,35.13333333333333,965.7909999999999,SITE 5,INT
2025-12-02 19:00:00,48.97416666666666,41.09,26.424500000000002,36.037037037037045,19.0,36.93333333333333,966.6763333333333,SITE 5,INT
2025-12-02 20:00:00,38.590333333333334,33.318666666666665,21.824166666666667,34.851851851851855,18.944444444444446,39.333333333333336,967.5326666666666,SITE 5,INT
2025-12-02 21:00:00,36.5465,31.74416666666667,20.947,34.42592592592593,18.87037037037037,40.6,968.197,SITE 5,INT
2025-12-02 22:00:00,31.9705,28.779166666666665,18.733833333333333,33.88888888888889,17.38888888888889,37.666666666666664,968.1223333333334,SITE 5,INT
2025-12-02 23:00:00,25.98966666666667,23.380333333333333,15.048666666666666,33.72222222222222,17.592592592592595,38.53333333333333,967.8103333333333,SITE 5,INT
2025-12-03 00:00:00,23.65209677419355,21.741774193548387,14.336774193548386,33.18996415770609,16.70250896057348,37.61290322580645,967.3809677419355,SITE 5,INT
2025-12-03 01:00:00,26.361666666666668,24.432166666666667,16.08233333333333,32.55555555555556,16.12962962962963,37.53333333333333,967.0913333333334,SITE 5,INT
2025-12-03 02:00:00,26.108,24.345166666666668,16.063666666666666,32.22222222222222,16.11111111111111,38.86666666666667,966.6843333333333,SITE 5,INT
2025-12-03 03:00:00,27.775666666666666,25.71066666666667,16.824166666666667,32.03703703703704,16.0,38.5,966.6743333333333,SITE 5,INT
2025-12-03 04:00:00,29.326,26.66866666666667,17.78083333333333,31.666666666666668,15.314814814814815,37.46666666666667,966.7143333333333,SITE 5,INT
2025-12-03 05:00:00,159.37316666666666,151.39183333333332,88.97866666666667,31.666666666666668,14.24074074074074,35.06666666666667,966.8046666666667,SITE 5,INT
2025-12-03 06:00:00,71.96416666666667,61.6385,39.615,31.518518518518523,12.944444444444446,32.36666666666667,967.188,SITE 5,INT
2025-12-03 07:00:00,64.74435483870968,51.99483870967742,33.67612903225807,30.788530465949826,12.329749103942653,32.25806451612903,968.2783870967743,SITE 5,INT
2025-12-03 08:00:00,45.32633333333333,36.583999999999996,22.718,30.555555555555557,11.24074074074074,30.5,969.118,SITE 5,INT
2025-12-03 09:00:00,24.249833333333335,21.4165,13.257,31.27777777777778,9.38888888888889,25.866666666666667,969.1836666666666,SITE 5,INT
2025-12-03 10:00:00,15.228,13.5795,8.743333333333334,32.5,8.12962962962963,22.066666666666666,968.7646666666666,SITE 5,INT
2025-12-03 11:00:00,12.681000000000001,11.189833333333333,7.3101666666666665,33.94444444444444,7.629629629629631,19.6,968.106,SITE 5,INT
2025-12-03 12:00:00,10.1815,8.641333333333334,5.2935,35.0,6.62962962962963,17.166666666666668,966.9283333333333,SITE 5,INT
2025-12-03 13:00:00,15.288499999999999,13.623,8.590499999999999,36.01851851851852,6.4259259259259265,16.0,965.8283333333333,SITE 5,INT
2025-12-03 14:00:00,14.379833333333332,12.673499999999999,8.189333333333334,36.777777777777786,7.407407407407407,16.366666666666667,964.8313333333333,SITE 5,INT
2025-12-03 15:00:00,14.977666666666666,13.183833333333332,8.511166666666666,36.96296296296296,8.203703703703704,17.3,964.5936666666668,SITE 5,INT
2025-12-03 16:00:00,22.868666666666666,20.437333333333335,13.954,37.75925925925926,10.24074074074074,18.9,964.6943333333334,SITE 5,INT
2025-12-03 17:00:00,31.682258064516127,27.583709677419357,18.13,38.01075268817205,11.075268817204302,19.806451612903224,965.3251612903226,SITE 5,INT
2025-12-03 18:00:00,58.83166666666667,46.85316666666667,30.429333333333332,37.22222222222222,10.796296296296298,20.066666666666666,966.063,SITE 5,INT
2025-12-03 19:00:00,106.635,94.78983333333332,59.42133333333334,36.62962962962963,10.24074074074074,20.166666666666668,967.164,SITE 5,INT
2025-12-03 20:00:00,150.82566666666668,136.4725,80.53533333333333,36.0,10.0,20.6,967.8716666666667,SITE 5,INT
2025-12-03 21:00:00,101.35883333333332,91.091,55.7,35.55555555555556,10.203703703703704,21.5,968.4326666666667,SITE 5,INT
2025-12-03 22:00:00,154.07416666666666,138.99366666666668,81.61366666666666,35.44444444444445,11.88888888888889,24.133333333333333,968.704,SITE 5,INT
2025-12-03 23:00:00,139.98116666666667,126.64366666666666,73.30283333333334,35.0,11.796296296296298,24.933333333333334,968.5736666666667,SITE 5,INT
2025-12-04 00:00:00,55.946129032258064,48.28,29.551612903225806,34.2831541218638,9.982078853046595,22.70967741935484,968.5022580645161,SITE 5,INT
2025-12-04 01:00:00,23.282,20.48166666666667,12.755833333333333,33.40740740740741,9.555555555555555,23.133333333333333,967.88,SITE 5,INT
2025-12-04 02:00:00,20.370166666666666,17.87183333333333,11.336666666666668,32.81481481481482,9.0,23.0,967.3770000000001,SITE 5,INT
2025-12-04 03:00:00,26.176166666666667,22.645833333333332,13.750333333333334,32.68518518518518,8.796296296296298,23.0,967.1066666666667,SITE 5,INT
2025-12-04 04:00:00,22.463666666666665,19.455333333333332,12.1275,32.0,8.907407407407408,23.8,966.8713333333333,SITE 5,INT
2025-12-04 05:00:00,99.90533333333333,87.70416666666667,51.143,31.722222222222225,9.518518518518517,25.233333333333334,967.418,SITE 5,INT
2025-12-04 06:00:00,318.76483333333334,282.2521666666667,145.03733333333332,31.64814814814815,9.685185185185185,25.733333333333334,968.006,SITE 5,INT
2025-12-04 07:00:00,212.689,183.43266666666665,91.29616666666666,30.333333333333332,6.314814814814815,22.066666666666666,968.775,SITE 5,INT
2025-12-04 08:00:00,28.29016129032258,23.176290322580645,13.388225806451613,30.053763440860212,5.161290322580645,20.419354838709676,969.4709677419354,SITE 5,INT
2025-12-04 09:00:00,21.186666666666667,17.56083333333333,9.943000000000001,30.53703703703704,4.518518518518519,19.133333333333333,969.743,SITE 5,INT
2025-12-04 10:00:00,16.486,13.243500000000001,7.322333333333333,31.833333333333332,5.037037037037037,18.3,969.3393333333333,SITE 5,INT
2025-12-04 11:00:00,14.029833333333332,11.099666666666668,6.0808333333333335,33.22222222222222,5.37037037037037,17.5,968.628,SITE 5,INT
2025-12-04 12:00:00,12.244499999999999,9.505333333333335,4.974166666666666,34.53703703703704,5.518518518518518,16.333333333333332,967.5893333333333,SITE 5,INT
2025-12-04 13:00:00,10.913666666666668,8.449,4.462000000000001,35.592592592592595,5.777777777777778,15.7,966.6533333333333,SITE 5,INT
2025-12-04 14:00:00,11.400333333333332,8.955833333333334,4.912166666666667,36.20370370370371,6.0,15.333333333333334,965.6866666666666,SITE 5,INT
2025-12-04 15:00:00,12.40532258064516,9.97241935483871,5.7179032258064515,36.95340501792115,6.505376344086022,15.064516129032258,965.4245161290322,SITE 5,INT
2025-12-04 16:00:00,14.503000000000002,11.556833333333334,6.509833333333334,37.55555555555556,8.685185185185185,17.3,965.5826666666667,SITE 5,INT
2025-12-04 17:00:00,33.981500000000004,28.5025,17.922833333333337,38.25925925925926,12.074074074074074,20.833333333333332,965.9343333333333,SITE 5,INT
2025-12-04 18:00:00,90.07033333333334,77.87883333333333,46.8555,36.96296296296296,9.166666666666666,18.4,966.5436666666667,SITE 5,INT
2025-12-04 19:00:00,164.9595,146.10683333333333,83.01666666666667,36.14814814814815,8.777777777777779,18.666666666666668,967.251,SITE 5,INT
2025-12-04 20:00:00,121.51849999999999,107.48916666666668,61.875,35.27777777777778,7.629629629629631,18.0,967.9150000000001,SITE 5,INT
2025-12-04 21:00:00,121.04899999999999,107.98966666666666,61.31366666666667,34.96296296296296,7.185185185185186,18.0,968.4673333333334,SITE 5,INT
2025-12-04 22:00:00,135.98112903225805,120.09629032258064,66.85032258064517,34.33691756272401,7.007168458781362,18.419354838709676,968.6448387096775,SITE 5,INT
2025-12-04 23:00:00,96.03299999999999,85.11733333333333,49.810833333333335,33.72222222222222,8.38888888888889,20.866666666666667,968.5473333333333,SITE 5,INT
2025-12-05 00:00:00,77.21666666666667,66.226,39.56183333333333,33.12962962962963,8.777777777777779,22.0,968.518,SITE 5,INT
2025-12-05 01:00:00,28.9825,24.129166666666666,14.791333333333334,32.351851851851855,7.5,21.366666666666667,967.9853333333334,SITE 5,INT
2025-12-05 02:00:00,22.341333333333335,19.5025,11.984333333333332,31.666666666666668,7.166666666666667,21.833333333333332,967.58,SITE 5,INT
2025-12-05 03:00:00,23.386000000000003,20.474666666666668,12.881,31.425925925925927,7.611111111111112,22.8,967.3546666666666,SITE 5,INT
2025-12-05 04:00:00,26.865666666666666,23.535000000000004,14.816,31.111111111111118,8.222222222222223,24.366666666666667,967.409,SITE 5,INT
2025-12-05 05:00:00,36.63125,30.9925,20.08125,31.111111111111114,8.88888888888889,25.5,967.6175000000001,SITE 5,INT
2025-12-05 07:00:00,73.43,62.1438,39.4102,28.57777777777778,7.355555555555557,26.4,968.7891999999999,SITE 5,INT
2025-12-05 08:00:00,67.6855,56.212,35.633500000000005,29.888888888888893,6.722222222222223,23.333333333333332,969.39,SITE 5,INT
2025-12-05 09:00:00,35.895645161290325,30.91741935483871,19.468548387096774,30.64516129032258,5.824372759856631,21.032258064516128,969.6874193548388,SITE 5,INT
2025-12-05 10:00:00,26.103666666666665,23.6135,15.9835,31.962962962962965,3.6481481481481484,16.666666666666668,969.5676666666666,SITE 5,INT
2025-12-05 11:00:00,19.273666666666667,17.289166666666667,11.993166666666667,33.351851851851855,3.2037037037037037,14.8,968.8863333333334,SITE 5,INT
2025-12-05 12:00:00,14.740666666666668,12.9025,8.825166666666666,34.72222222222222,2.240740740740741,12.8,967.9293333333334,SITE 5,INT
2025-12-05 13:00:00,16.99233333333333,15.348,10.556166666666666,35.7962962962963,2.351851851851852,12.066666666666666,967.1123333333333,SITE 5,INT
2025-12-05 14:00:00,18.107666666666667,16.587833333333332,11.709,36.75925925925926,2.685185185185185,11.733333333333333,966.4306666666666,SITE 5,INT
2025-12-05 15:00:00,19.05616666666667,17.371166666666667,12.116166666666667,37.2037037037037,2.851851851851852,11.5,966.0013333333334,SITE 5,INT
2025-12-05 16:00:00,41.50362068965517,35.45448275862069,25.71155172413793,37.73946360153257,5.74712643678161,13.89655172413793,965.9627586206896,SITE 5,INT
2025-12-05 17:00:00,46.72633333333333,38.483,25.512333333333334,37.2037037037037,5.462962962962963,13.966666666666667,966.42,SITE 5,INT
2025-12-05 18:00:00,112.84466666666667,102.374,67.47016666666667,36.66666666666667,9.351851851851851,18.966666666666665,966.914,SITE 5,INT
2025-12-05 19:00:00,168.00183333333334,154.89033333333333,98.89633333333333,36.46296296296296,10.185185185185185,20.366666666666667,967.7793333333334,SITE 5,INT
2025-12-05 20:00:00,87.16316666666667,79.75366666666667,54.0715,35.407407407407405,6.611111111111112,16.966666666666665,968.6496666666667,SITE 5,INT
2025-12-05 21:00:00,73.63816666666666,62.44116666666666,42.1735,34.75925925925926,6.185185185185186,16.733333333333334,969.2903333333333,SITE 5,INT
2025-12-05 22:00:00,60.85120689655172,49.041724137931034,33.15724137931034,34.252873563218394,5.306513409961686,16.06896551724138,969.2979310344828,SITE 5,INT
2025-12-05 23:00:00,45.330333333333336,37.61783333333334,25.189333333333334,33.75925925925926,4.851851851851851,16.066666666666666,969.1263333333334,SITE 5,INT
2025-12-06 00:00:00,38.61466666666667,33.075,22.14,33.05555555555556,4.685185185185186,16.933333333333334,968.603,SITE 5,INT
2025-12-06 01:00:00,28.532333333333334,26.393833333333337,18.167333333333332,32.57407407407407,4.425925925925926,17.0,968.1603333333334,SITE 5,INT
2025-12-06 02:00:00,27.211166666666667,25.248,17.34416666666667,32.09259259259259,4.000000000000001,17.0,967.7326666666667,SITE 5,INT
2025-12-06 03:00:00,28.459166666666665,26.25883333333333,18.096833333333333,31.64814814814815,4.740740740740741,18.266666666666666,967.5300000000001,SITE 5,INT
2025-12-06 04:00:00,51.00533333333333,41.73416666666667,27.334333333333333,31.185185185185187,6.777777777777778,21.666666666666668,967.9823333333334,SITE 5,INT
2025-12-06 05:00:00,52.519999999999996,42.85327586206896,28.24896551724138,30.49808429118774,8.084291187739463,24.689655172413794,968.1310344827587,SITE 5,INT
2025-12-06 06:00:00,56.708333333333336,45.537666666666674,29.777833333333334,30.0,7.333333333333333,24.166666666666668,968.5946666666666,SITE 5,INT
2025-12-06 07:00:00,101.6865,87.80516666666666,54.07966666666666,30.0,7.685185185185186,24.766666666666666,969.0509999999999,SITE 5,INT
2025-12-06 08:00:00,77.97716666666666,65.93866666666666,41.55816666666667,30.462962962962965,6.388888888888889,22.2,969.5183333333333,SITE 5,INT
2025-12-06 09:00:00,53.56966666666666,43.41016666666667,28.5555,31.129629629629633,4.555555555555556,18.533333333333335,969.617,SITE 5,INT
2025-12-06 10:00:00,27.566,24.654,16.324833333333334,31.962962962962965,3.277777777777778,16.133333333333333,969.297,SITE 5,INT
2025-12-06 11:00:00,30.674482758620687,27.02310344827586,17.982586206896553,33.29501915708813,3.716475095785441,15.310344827586206,968.8110344827586,SITE 5,INT
2025-12-06 12:00:00,17.915666666666667,15.649000000000001,10.344,34.55555555555556,2.5740740740740744,13.1,967.8196666666666,SITE 5,INT
2025-12-06 13:00:00,15.767666666666665,13.783666666666667,9.1555,35.666666666666664,2.4259259259259256,12.233333333333333,966.8106666666666,SITE 5,INT
2025-12-06 14:00:00,43.69433333333333,38.638333333333335,26.161333333333335,36.592592592592595,2.6666666666666665,11.8,966.0713333333333,SITE 5,INT
2025-12-06 15:00:00,27.6445,23.933333333333334,15.2335,37.22222222222222,3.740740740740741,12.433333333333334,965.5983333333334,SITE 5,INT
2025-12-06 16:00:00,19.199666666666666,16.914,11.343166666666667,37.27777777777778,3.4074074074074074,11.933333333333334,965.4716666666667,SITE 5,INT
2025-12-06 17:00:00,44.01775862068966,36.34655172413793,23.70965517241379,37.337164750957854,6.4750957854406135,15.0,965.7048275862069,SITE 5,INT
2025-12-06 18:00:00,74.57683333333333,63.330666666666666,41.314499999999995,36.72222222222222,6.851851851851852,15.7,966.313,SITE 5,INT
2025-12-06 19:00:00,102.2785,93.60300000000001,62.8605,35.98148148148149,6.0,15.533333333333333,967.151,SITE 5,INT
2025-12-06 20:00:00,116.98966666666666,106.128,69.29050000000001,35.333333333333336,5.888888888888889,16.0,968.1766666666666,SITE 5,INT
2025-12-06 21:00:00,91.14899999999999,82.0565,54.66133333333333,34.55555555555555,5.148148148148149,15.966666666666667,968.9743333333333,SITE 5,INT
2025-12-06 22:00:00,61.843666666666664,50.165499999999994,33.48166666666667,34.37037037037037,4.87037037037037,15.9,969.2433333333333,SITE 5,INT
2025-12-06 23:00:00,46.55016666666667,37.68,24.377166666666668,33.851851851851855,4.592592592592593,15.933333333333334,969.0183333333333,SITE 5,INT
2025-12-07 00:00:00,35.97551724137931,30.726206896551723,20.723793103448276,33.333333333333336,4.827586206896552,16.724137931034484,968.6231034482759,SITE 5,INT
2025-12-07 01:00:00,31.460500000000003,26.99383333333333,17.610333333333337,32.87037037037037,4.796296296296296,17.133333333333333,968.1923333333333,SITE 5,INT
2025-12-07 02:00:00,26.102833333333333,23.6665,15.885666666666667,31.740740740740744,4.481481481481482,17.7,967.8666666666667,SITE 5,INT
2025-12-07 03:00:00,24.928333333333335,22.261833333333335,14.750833333333333,31.092592592592595,4.203703703703704,18.0,967.5296666666667,SITE 5,INT
2025-12-07 04:00:00,24.75,22.050333333333334,14.327166666666667,31.111111111111118,3.925925925925926,17.8,967.496,SITE 5,INT
2025-12-07 05:00:00,77.44699999999999,66.6725,44.89183333333333,31.48148148148148,7.611111111111112,22.6,967.9206666666666,SITE 5,INT
2025-12-07 06:00:00,62.50672413793103,49.05051724137931,31.867758620689653,31.513409961685824,8.505747126436782,24.103448275862068,968.568275862069,SITE 5,INT
2025-12-07 07:00:00,66.846,53.683499999999995,35.07616666666667,30.685185185185187,8.62962962962963,25.333333333333332,969.0186666666667,SITE 5,INT
2025-12-07 08:00:00,65.03216666666667,52.8335,34.25783333333333,31.03703703703704,6.833333333333333,21.8,969.4743333333333,SITE 5,INT
2025-12-07 09:00:00,76.47722222222222,67.75,44.04222222222222,31.11111111111111,5.617283950617284,20.0,969.4766666666668,SITE 5,INT
2025-12-07 19:00:00,108.63217391304347,98.98543478260869,66.23717391304348,34.29951690821256,6.932367149758455,18.17391304347826,967.5595652173913,SITE 5,INT
2025-12-07 20:00:00,72.9605,60.5525,39.694833333333335,35.0,4.62962962962963,15.033333333333333,968.3163333333334,SITE 5,INT
2025-12-07 21:00:00,59.3375,48.712,31.7535,34.55555555555555,4.703703703703704,15.4,969.1793333333334,SITE 5,INT
2025-12-07 22:00:00,31.86758620689655,27.42948275862069,17.41396551724138,34.157088122605366,4.252873563218391,15.137931034482758,969.4320689655171,SITE 5,INT
2025-12-07 23:00:00,25.729833333333332,22.389,14.059666666666667,33.62962962962963,4.185185185185186,15.733333333333333,969.2013333333333,SITE 5,INT
2025-12-08 00:00:00,23.089666666666666,19.86733333333333,12.574166666666667,32.92592592592593,3.8888888888888897,15.966666666666667,969.0433333333333,SITE 5,INT
2025-12-08 01:00:00,23.2815,20.336666666666666,12.953333333333335,32.57407407407407,4.111111111111112,16.4,968.4313333333333,SITE 5,INT
2025-12-08 02:00:00,25.532500000000002,22.569833333333335,14.165,31.925925925925927,4.092592592592593,17.0,967.7153333333333,SITE 5,INT
2025-12-08 03:00:00,26.18433333333333,23.361833333333333,15.468,31.370370370370374,4.074074074074074,17.766666666666666,967.5210000000001,SITE 5,INT
2025-12-08 04:00:00,47.099000000000004,40.975,26.33216666666667,31.092592592592595,4.37037037037037,18.533333333333335,967.5326666666666,SITE 5,INT
2025-12-08 05:00:00,75.77783333333333,65.05666666666667,43.832499999999996,30.796296296296298,5.0,19.566666666666666,967.6956666666666,SITE 5,INT
2025-12-08 06:00:00,78.70586206896552,68.37758620689655,47.292931034482756,31.340996168582375,7.164750957854406,22.310344827586206,968.1213793103449,SITE 5,INT
2025-12-08 07:00:00,73.87016666666666,62.86483333333333,40.133,30.12962962962963,3.925925925925926,18.633333333333333,968.912,SITE 5,INT
2025-12-08 08:00:00,61.795833333333334,49.912666666666674,31.402,30.5,3.9074074074074074,18.3,969.6106666666667,SITE 5,INT
2025-12-08 09:00:00,24.327166666666663,20.266166666666667,11.774333333333335,30.64814814814815,2.2222222222222223,16.1,969.7106666666666,SITE 5,INT
2025-12-08 10:00:00,17.394833333333334,14.087666666666667,7.941333333333334,32.01851851851852,2.5,15.066666666666666,969.4526666666667,SITE 5,INT
2025-12-08 11:00:00,19.456833333333336,16.009666666666668,9.246333333333332,33.74074074074074,4.0,15.266666666666667,968.8080000000001,SITE 5,INT
2025-12-08 12:00:00,21.572241379310345,17.62896551724138,10.779827586206897,35.287356321839084,3.7931034482758625,13.862068965517242,967.6627586206897,SITE 5,INT
2025-12-08 13:00:00,17.0395,13.493333333333334,7.5281666666666665,36.592592592592595,3.4074074074074074,12.466666666666667,966.7386666666666,SITE 5,INT
2025-12-08 14:00:00,16.3555,13.126666666666667,7.632333333333333,37.53703703703704,3.6111111111111116,12.0,966.0373333333333,SITE 5,INT
2025-12-08 15:00:00,18.592,15.341833333333334,9.210666666666667,37.833333333333336,3.8148148148148153,12.1,965.6883333333334,SITE 5,INT
2025-12-08 16:00:00,20.588666666666665,17.26883333333333,10.561666666666667,38.351851851851855,5.648148148148149,13.3,965.859,SITE 5,INT
2025-12-08 17:00:00,38.04716666666666,30.611333333333334,19.072333333333333,38.277777777777786,7.4259259259259265,15.166666666666666,966.2669999999999,SITE 5,INT
2025-12-08 18:00:00,105.3001724137931,94.91999999999999,61.52086206896552,37.41379310344828,7.816091954022989,16.17241379310345,967.1606896551724,SITE 5,INT
2025-12-08 19:00:00,153.50333333333336,139.41150000000002,91.31333333333333,36.611111111111114,8.055555555555555,17.233333333333334,968.1266666666667,SITE 5,INT
2025-12-08 20:00:00,117.35983333333334,106.26383333333334,71.1645,35.94444444444445,7.75925925925926,17.5,969.0816666666667,SITE 5,INT
2025-12-08 21:00:00,92.011,81.82733333333334,53.714666666666666,35.407407407407405,7.611111111111112,18.0,969.7313333333333,SITE 5,INT
2025-12-08 22:00:00,73.03183333333332,60.2035,39.234500000000004,34.7037037037037,7.666666666666668,18.7,969.918,SITE 5,INT
2025-12-08 23:00:00,47.4051724137931,37.981896551724134,24.447758620689655,33.98467432950192,7.3180076628352495,19.0,969.5779310344827,SITE 5,INT
2025-12-09 00:00:00,36.260666666666665,30.627833333333335,19.392166666666665,33.74074074074074,7.388888888888889,19.533333333333335,969.1423333333333,SITE 5,INT
2025-12-09 01:00:00,34.26883333333333,29.0545,18.066166666666668,33.111111111111114,7.666666666666668,20.533333333333335,968.6693333333334,SITE 5,INT
2025-12-09 02:00:00,30.622166666666665,26.478166666666667,16.47383333333333,32.51851851851852,7.722222222222223,21.333333333333332,968.2626666666667,SITE 5,INT
2025-12-09 03:00:00,31.123166666666666,27.307166666666667,17.359666666666666,32.01851851851852,7.9259259259259265,22.466666666666665,968.3276666666667,SITE 5,INT
2025-12-09 04:00:00,36.691833333333335,31.258166666666668,19.979666666666667,31.64814814814815,9.851851851851851,26.166666666666668,968.149,SITE 5,INT
2025-12-09 05:00:00,44.28310344827587,36.318103448275856,23.82689655172414,31.60919540229885,9.942528735632186,26.275862068965516,968.3941379310345,SITE 5,INT
2025-12-09 06:00:00,51.06333333333334,40.62266666666667,25.790166666666668,30.388888888888893,8.722222222222223,25.9,969.1436666666667,SITE 5,INT
2025-12-09 07:00:00,66.343,53.83166666666667,34.98316666666667,30.555555555555557,10.018518518518517,28.133333333333333,970.1129999999999,SITE 5,INT
2025-12-09 08:00:00,57.813833333333335,45.7455,29.711333333333336,30.518518518518523,10.777777777777777,29.7,970.6836666666666,SITE 5,INT
2025-12-09 09:00:00,47.53616666666667,38.5205,24.797166666666666,31.40740740740741,10.018518518518517,26.633333333333333,970.8836666666666,SITE 5,INT
2025-12-09 10:00:00,41.906666666666666,34.744,22.499166666666667,32.592592592592595,9.222222222222223,23.666666666666668,970.6013333333334,SITE 5,INT
2025-12-09 11:00:00,28.06467741935484,24.49290322580645,15.951451612903226,34.37275985663083,8.655913978494626,20.612903225806452,969.8387096774194,SITE 5,INT
2025-12-09 12:00:00,31.168166666666664,26.668499999999998,17.003666666666668,35.74074074074074,7.296296296296297,17.166666666666668,968.86,SITE 5,INT
2025-12-09 13:00:00,28.841,24.6665,15.2125,36.166666666666664,6.851851851851852,16.333333333333332,967.8770000000001,SITE 5,INT
2025-12-09 14:00:00,30.268500000000003,25.87633333333333,16.637999999999998,36.87037037037037,7.666666666666667,16.7,967.2623333333333,SITE 5,INT
2025-12-09 15:00:00,30.678,26.174333333333333,16.6495,37.31481481481481,8.796296296296298,17.566666666666666,966.9963333333333,SITE 5,INT
2025-12-09 16:00:00,30.583000000000002,26.3855,16.948166666666665,37.22222222222222,8.907407407407408,17.966666666666665,967.2776666666666,SITE 5,INT
2025-12-09 17:00:00,52.24633333333333,42.16383333333333,26.906333333333336,37.092592592592595,9.648148148148149,18.7,967.818,SITE 5,INT
2025-12-09 18:00:00,80.53612903225806,70.38822580645162,46.288709677419355,36.63082437275986,11.362007168458781,21.774193548387096,968.4554838709677,SITE 5,INT
2025-12-09 19:00:00,95.47783333333334,87.36716666666666,56.87266666666667,35.81481481481482,10.87037037037037,22.0,969.034,SITE 5,INT
2025-12-09 20:00:00,97.75,89.674,58.39433333333333,35.25925925925926,10.703703703703702,22.566666666666666,969.8803333333333,SITE 5,INT
2025-12-09 21:00:00,79.27533333333334,69.9305,43.6485,34.74074074074074,10.314814814814815,22.9,970.4116666666666,SITE 5,INT
2025-12-09 22:00:00,82.68916666666668,71.4525,45.965500000000006,34.27777777777778,10.37037037037037,23.4,970.362,SITE 5,INT
2025-12-09 23:00:00,90.10633333333334,79.654,51.739000000000004,33.88888888888889,11.11111111111111,25.0,970.1389999999999,SITE 5,INT
2025-12-10 00:00:00,65.60966666666667,51.56733333333333,33.468833333333336,33.574074074074076,10.851851851851851,25.0,969.7216666666667,SITE 5,INT
2025-12-10 01:00:00,84.25016129032258,70.53306451612903,43.11048387096774,32.92114695340502,10.75268817204301,25.903225806451612,969.121935483871,SITE 5,INT
2025-12-10 02:00:00,65.411,54.77816666666667,33.57666666666667,32.48148148148148,11.037037037037036,26.933333333333334,968.6593333333333,SITE 5,INT
2025-12-10 03:00:00,37.1925,31.94066666666667,21.089166666666664,32.07407407407407,11.203703703703702,27.8,968.391,SITE 5,INT
2025-12-10 04:00:00,69.97616666666666,59.86816666666667,40.134499999999996,31.98148148148148,13.611111111111112,33.06666666666667,968.7853333333334,SITE 5,INT
2025-12-10 05:00:00,81.66350000000001,72.622,50.945166666666665,32.46296296296296,15.111111111111112,35.3,969.2043333333334,SITE 5,INT
2025-12-10 06:00:00,102.16116666666667,91.43583333333332,62.709666666666664,32.25925925925926,14.24074074074074,34.0,969.6763333333333,SITE 5,INT
2025-12-10 07:00:00,86.83666666666666,77.5635,51.3315,31.31481481481482,12.74074074074074,32.166666666666664,970.254,SITE 5,INT
2025-12-10 08:00:00,77.5655,65.649,42.665166666666664,31.111111111111118,13.537037037037038,34.5,970.932,SITE 5,INT
2025-12-10 09:00:00,46.64290322580646,38.083387096774196,24.77048387096774,31.541218637992834,16.594982078853047,41.0,971.1077419354839,SITE 5,INT
2025-12-10 10:00:00,49.51683333333333,40.74783333333333,26.931333333333335,32.68518518518518,17.61111111111111,40.93333333333333,970.6463333333334,SITE 5,INT
2025-12-10 11:00:00,43.733666666666664,36.131499999999996,23.618666666666666,34.092592592592595,16.48148148148148,35.2,969.8316666666667,SITE 5,INT
2025-12-10 12:00:00,47.18933333333334,38.42166666666667,25.262166666666666,35.11111111111111,14.925925925925926,30.166666666666668,968.7963333333333,SITE 5,INT
2025-12-10 13:00:00,47.32666666666667,38.044,24.535666666666668,36.07407407407408,13.277777777777779,25.6,967.7003333333333,SITE 5,INT
2025-12-10 14:00:00,43.165499999999994,34.7575,22.48,37.01851851851852,11.666666666666666,21.733333333333334,966.939,SITE 5,INT
2025-12-10 15:00:00,45.463166666666666,36.3185,23.365166666666667,37.48148148148148,11.37037037037037,20.8,966.5830000000001,SITE 5,INT
2025-12-10 16:00:00,89.55145161290322,78.56645161290322,48.60258064516129,38.65591397849463,13.799283154121863,22.870967741935484,966.5880645161291,SITE 5,INT
2025-12-10 17:00:00,83.64200000000001,73.45183333333333,46.333333333333336,39.27777777777778,15.74074074074074,25.266666666666666,967.0536666666667,SITE 5,INT
2025-12-10 18:00:00,97.76,87.55266666666667,56.69266666666667,38.37037037037037,14.425925925925926,24.3,967.8376666666667,SITE 5,INT
2025-12-10 19:00:00,118.1755,106.84716666666667,71.2025,36.851851851851855,12.055555555555555,22.5,968.5583333333333,SITE 5,INT
2025-12-10 20:00:00,113.87566666666666,103.84349999999999,69.57483333333333,35.81481481481482,12.074074074074074,23.8,969.2746666666667,SITE 5,INT
2025-12-10 21:00:00,162.97133333333335,146.4341666666667,94.43816666666666,35.22222222222222,12.444444444444446,25.0,969.735,SITE 5,INT
2025-12-10 22:00:00,140.66866666666664,126.34400000000001,80.55316666666666,34.77777777777778,12.01851851851852,25.266666666666666,969.766,SITE 5,INT
2025-12-10 23:00:00,116.61116666666666,105.60333333333332,68.62383333333334,34.14814814814815,12.666666666666666,27.3,969.5210000000001,SITE 5,INT
2025-12-11 00:00:00,67.02966666666667,54.064499999999995,35.43766666666667,33.75925925925926,13.314814814814815,29.2,969.2520000000001,SITE 5,INT
2025-12-11 01:00:00,56.602999999999994,45.2405,29.578500000000002,33.31481481481482,14.481481481481483,32.266666666666666,968.756,SITE 5,INT
2025-12-11 02:00:00,50.71483333333333,41.35316666666667,27.133333333333333,32.77777777777778,15.055555555555555,34.8,968.287,SITE 5,INT
2025-12-11 03:00:00,50.59466666666666,41.243500000000004,27.030666666666665,32.5,15.277777777777779,35.86666666666667,968.1006666666667,SITE 5,INT
2025-12-11 04:00:00,53.51883333333333,43.22816666666667,28.401166666666665,32.22222222222222,15.444444444444446,36.46666666666667,968.283,SITE 5,INT
2025-12-11 05:00:00,205.632,188.89033333333333,117.75033333333334,32.55555555555556,17.37037037037037,40.53333333333333,968.6833333333333,SITE 5,INT
2025-12-11 06:00:00,174.91866666666664,161.369,104.50133333333333,32.18518518518518,16.37037037037037,38.86666666666667,969.2113333333333,SITE 5,INT
2025-12-11 07:00:00,157.03733333333332,144.4395,93.25433333333334,31.11111111111111,14.314814814814815,36.13333333333333,969.8199999999999,SITE 5,INT
2025-12-11 08:00:00,81.57116666666667,71.042,46.29866666666667,31.03703703703704,14.074074074074074,35.9,970.2616666666667,SITE 5,INT
2025-12-11 09:00:00,58.909666666666666,47.04416666666667,30.8575,32.333333333333336,17.24074074074074,40.7,970.2643333333333,SITE 5,INT
2025-12-11 10:00:00,52.758,42.93316666666667,28.264833333333335,33.333333333333336,18.185185185185187,40.86666666666667,969.6569999999999,SITE 5,INT
2025-12-11 11:00:00,51.6105,42.114000000000004,27.810333333333332,34.74074074074074,17.851851851851855,37.0,968.7446666666667,SITE 5,INT
2025-12-11 12:00:00,47.692241379310346,38.74603448275862,25.430344827586207,35.383141762452105,15.74712643678161,31.03448275862069,967.7427586206896,SITE 5,INT
2025-12-11 13:00:00,42.691071428571426,34.85964285714286,22.50017857142857,36.25000000000001,13.511904761904763,25.892857142857142,966.7235714285714,SITE 5,INT
2025-12-11 14:00:00,40.37233333333334,33.3345,21.575499999999998,37.18518518518519,12.462962962962964,22.8,965.9676666666667,SITE 5,INT
2025-12-11 15:00:00,40.93233333333333,33.91166666666667,21.664666666666665,37.68518518518519,10.61111111111111,19.5,965.5993333333333,SITE 5,INT
2025-12-11 16:00:00,40.5705,33.17333333333333,21.41283333333333,38.01851851851852,12.111111111111112,21.166666666666668,965.4886666666666,SITE 5,INT
2025-12-11 17:00:00,49.37283333333333,39.55333333333333,25.5185,38.2962962962963,13.88888888888889,23.566666666666666,965.804,SITE 5,INT
2025-12-11 18:00:00,104.71116666666667,92.84683333333334,61.165166666666664,37.42592592592593,13.555555555555555,24.1,966.638,SITE 5,INT
2025-12-11 19:00:00,179.38533333333334,163.03766666666667,105.14899999999999,36.94444444444445,13.518518518518517,24.733333333333334,967.629,SITE 5,INT
2025-12-11 20:00:00,74.62599999999999,62.81183333333333,41.04666666666667,35.7962962962963,9.333333333333334,19.933333333333334,968.5083333333333,SITE 5,INT
2025-12-11 21:00:00,62.76166666666666,49.08166666666667,32.11966666666667,35.5,7.851851851851852,18.066666666666666,968.8240000000001,SITE 5,INT
2025-12-11 22:00:00,55.848,44.001666666666665,28.475166666666667,34.96296296296296,8.11111111111111,19.266666666666666,968.8846666666667,SITE 5,INT
2025-12-11 23:00:00,64.92822580645162,50.538709677419355,33.08532258064516,34.229390681003586,8.548387096774194,20.612903225806452,968.4458064516128,SITE 5,INT
2025-12-12 00:00:00,70.32216666666666,54.848166666666664,35.383500000000005,33.55555555555556,8.666666666666666,21.333333333333332,967.8796666666666,SITE 5,INT
2025-12-12 01:00:00,68.88033333333333,53.86333333333334,34.829166666666666,33.05555555555556,9.592592592592592,23.7,967.314,SITE 5,INT
2025-12-12 02:00:00,68.71816666666668,54.57033333333333,35.45616666666667,32.68518518518518,11.092592592592592,26.766666666666666,966.872,SITE 5,INT
2025-12-12 03:00:00,59.314,46.84883333333333,30.603333333333335,32.18518518518518,11.62962962962963,28.9,966.4843333333333,SITE 5,INT
2025-12-12 04:00:00,65.72583333333334,53.993833333333335,35.809999999999995,31.740740740740744,12.24074074074074,30.5,966.7796666666667,SITE 5,INT
2025-12-12 05:00:00,75.312,64.287,45.031333333333336,32.22222222222222,14.962962962962964,35.4,966.9843333333333,SITE 5,INT
2025-12-12 06:00:00,92.53666666666666,81.03133333333334,56.6545,32.351851851851855,16.425925925925927,38.733333333333334,967.4616666666666,SITE 5,INT
2025-12-12 07:00:00,59.22933333333334,46.997166666666665,30.673166666666667,31.40740740740741,15.481481481481483,38.46666666666667,968.2493333333333,SITE 5,INT
2025-12-12 08:00:00,55.88416666666667,44.594833333333334,29.020666666666667,31.16666666666667,17.61111111111111,44.63333333333333,968.909,SITE 5,INT
2025-12-12 09:00:00,49.98533333333333,40.609833333333334,26.4205,31.907407407407405,19.222222222222225,47.53333333333333,969.0759999999999,SITE 5,INT
2025-12-12 10:00:00,50.82283333333333,41.63366666666666,27.177,33.55555555555556,19.592592592592595,44.2,968.6976666666667,SITE 5,INT
2025-12-12 11:00:00,38.503,32.98683333333334,21.653333333333332,34.61111111111111,17.240740740740744,35.9,967.974,SITE 5,INT
2025-12-12 12:00:00,43.11066666666667,35.5355,23.243499999999997,35.74074074074074,16.574074074074073,32.166666666666664,966.8213333333333,SITE 5,INT
2025-12-12 13:00:00,52.8295,42.71783333333334,28.190333333333335,36.7962962962963,15.944444444444446,29.233333333333334,965.83,SITE 5,INT
2025-12-12 14:00:00,44.943333333333335,36.75416666666667,23.85216666666667,37.2037037037037,13.148148148148149,23.733333333333334,964.9473333333333,SITE 5,INT
2025-12-12 15:00:00,41.796,34.42100000000001,22.396166666666666,37.53703703703704,12.24074074074074,21.866666666666667,964.4253333333332,SITE 5,INT
2025-12-12 16:00:00,47.06066666666666,38.2595,25.154166666666665,38.14814814814815,12.814814814814815,22.1,964.245,SITE 5,INT
2025-12-12 17:00:00,57.00967741935484,45.585161290322574,29.493225806451616,37.67025089605735,12.795698924731184,22.741935483870968,964.7574193548387,SITE 5,INT
2025-12-12 18:00:00,95.15933333333334,86.75833333333334,56.86816666666667,37.72222222222222,16.01851851851852,27.8,965.5776666666666,SITE 5,INT
2025-12-12 19:00:00,94.7525,87.2435,57.55133333333333,37.2962962962963,15.925925925925926,28.333333333333332,966.3156666666667,SITE 5,INT
2025-12-12 20:00:00,90.94633333333333,84.0235,55.94466666666666,36.38888888888889,13.981481481481483,26.166666666666668,967.0996666666667,SITE 5,INT
2025-12-12 21:00:00,75.01583333333333,64.72483333333334,42.33233333333333,35.55555555555556,12.555555555555555,24.7,967.8343333333333,SITE 5,INT
2025-12-12 22:00:00,55.852333333333334,44.70783333333334,29.218,35.38888888888889,12.796296296296298,25.666666666666668,968.0376666666667,SITE 5,INT
2025-12-12 23:00:00,59.6125,46.891666666666666,30.570833333333333,35.0,13.25925925925926,27.2,967.9063333333332,SITE 5,INT
2025-12-13 00:00:00,53.912166666666664,43.056666666666665,28.074666666666666,34.44444444444444,14.592592592592592,30.533333333333335,967.5356666666667,SITE 5,INT
2025-12-13 01:00:00,51.95666666666667,41.97683333333334,27.529333333333334,34.18518518518519,15.62962962962963,33.13333333333333,967.0490000000001,SITE 5,INT
2025-12-13 02:00:00,43.036500000000004,35.78383333333333,23.267,33.88888888888889,16.74074074074074,36.233333333333334,966.663,SITE 5,INT
2025-12-13 03:00:00,40.73316666666666,34.42966666666667,22.68433333333333,33.38888888888889,17.166666666666668,38.4,966.8513333333334,SITE 5,INT
2025-12-13 04:00:00,39.03866666666667,33.581833333333336,22.4345,32.92592592592593,17.77777777777778,40.833333333333336,967.039,SITE 5,INT
2025-12-13 05:00:00,38.98016666666667,33.4925,22.147333333333332,32.72222222222222,17.75925925925926,41.766666666666666,967.13,SITE 5,INT
2025-12-13 06:00:00,48.166000000000004,39.485,25.94633333333333,32.22222222222222,17.85185185185185,42.766666666666666,967.467,SITE 5,INT
2025-12-13 07:00:00,51.16316666666667,41.769666666666666,27.447999999999997,31.75925925925926,18.314814814814817,45.166666666666664,968.4156666666667,SITE 5,INT
2025-12-13 08:00:00,121.3585,108.53483333333334,65.2465,31.833333333333332,19.074074074074076,47.03333333333333,969.1363333333334,SITE 5,INT
2025-12-13 09:00:00,49.600833333333334,41.12483333333333,25.8515,32.351851851851855,18.925925925925927,45.6,969.034,SITE 5,INT
2025-12-13 10:00:00,38.77283333333333,33.33266666666667,21.889166666666664,33.12962962962963,19.0,43.53333333333333,968.5386666666667,SITE 5,INT
2025-12-13 11:00:00,42.36983333333333,35.65566666666667,23.456000000000003,34.351851851851855,18.703703703703702,39.96666666666667,967.7726666666666,SITE 5,INT
2025-12-13 12:00:00,37.242,32.036,21.01833333333333,35.38888888888889,16.555555555555557,32.9,966.607,SITE 5,INT
2025-12-13 13:00:00,32.291666666666664,28.868,18.96916666666667,36.07407407407408,15.203703703703704,28.9,965.638,SITE 5,INT
2025-12-13 14:00:00,31.870322580645162,28.486612903225808,18.886935483870968,36.59498207885305,14.731182795698926,27.225806451612904,964.6945161290322,SITE 5,INT
2025-12-13 15:00:00,32.19433333333333,28.759666666666664,18.993666666666666,37.18518518518519,14.148148148148149,25.5,964.0203333333334,SITE 5,INT
2025-12-13 16:00:00,36.87733333333333,31.582333333333334,20.676833333333335,37.53703703703704,15.055555555555555,26.366666666666667,964.0023333333334,SITE 5,INT
2025-12-13 17:00:00,48.94383333333334,39.705333333333336,26.201,38.51851851851852,18.48148148148148,31.233333333333334,964.6726666666667,SITE 5,INT
2025-12-13 18:00:00,64.81366666666666,53.25966666666667,35.295833333333334,38.611111111111114,17.703703703703702,29.566666666666666,965.295,SITE 5,INT
2025-12-13 19:00:00,79.27316666666667,71.86516666666667,47.20366666666666,37.38888888888889,16.61111111111111,29.366666666666667,966.3416666666667,SITE 5,INT
2025-12-13 20:00:00,65.56683333333334,52.190000000000005,33.946999999999996,36.592592592592595,16.166666666666668,30.0,967.2746666666667,SITE 5,INT
2025-12-13 21:00:00,60.217666666666666,47.503,31.030666666666665,36.111111111111114,16.11111111111111,30.633333333333333,967.908,SITE 5,INT
2025-12-13 22:00:00,50.777166666666666,41.23533333333333,27.16483333333333,35.96296296296296,16.555555555555557,31.666666666666668,967.6163333333334,SITE 5,INT
2025-12-13 23:00:00,46.81666666666667,38.22566666666667,25.2315,35.42592592592593,16.814814814814817,33.2,967.5303333333334,SITE 5,INT
2025-12-14 00:00:00,42.25183333333334,35.29566666666666,23.341,35.0,17.555555555555554,35.7,967.3783333333333,SITE 5,INT
2025-12-14 01:00:00,38.479,33.1005,21.858,34.592592592592595,17.75925925925926,37.166666666666664,967.121,SITE 5,INT
2025-12-14 02:00:00,38.69833333333334,33.47766666666667,22.251166666666666,34.00000000000001,18.12962962962963,39.233333333333334,966.7343333333333,SITE 5,INT
2025-12-14 03:00:00,36.675333333333334,32.3455,21.48,33.64814814814815,18.425925925925927,40.7,966.6756666666666,SITE 5,INT
2025-12-14 04:00:00,38.40566666666667,33.27283333333333,21.942166666666665,33.31481481481482,18.740740740740744,42.5,967.1333333333333,SITE 5,INT
2025-12-14 05:00:00,51.911500000000004,44.001999999999995,29.8205,33.48148148148149,19.796296296296298,45.0,967.554,SITE 5,INT
2025-12-14 06:00:00,67.55316666666667,60.09466666666667,45.201,34.074074074074076,21.14814814814815,47.13333333333333,967.8960000000001,SITE 5,INT
2025-12-14 07:00:00,47.93666666666666,39.38466666666667,25.782333333333334,32.55555555555556,19.444444444444446,46.233333333333334,968.5596666666667,SITE 5,INT
2025-12-14 08:00:00,47.01199999999999,38.649833333333326,25.206,31.462962962962965,19.703703703703702,50.03333333333333,969.272,SITE 5,INT
2025-12-14 09:00:00,45.4805,37.62883333333333,24.4615,31.833333333333332,19.462962962962965,48.3,969.5793333333334,SITE 5,INT
2025-12-14 10:00:00,39.55,33.52483333333333,21.588,33.12962962962963,19.61111111111111,45.333333333333336,969.1659999999999,SITE 5,INT
2025-12-14 11:00:00,34.56266666666667,30.315166666666666,19.569666666666667,33.77777777777778,19.333333333333332,42.96666666666667,968.4936666666667,SITE 5,INT
2025-12-14 12:00:00,33.5345,29.730999999999998,19.36883333333333,34.74074074074074,18.962962962962965,39.9,967.629,SITE 5,INT
2025-12-14 13:00:00,35.06016666666667,30.729333333333333,20.0995,35.05555555555556,18.722222222222225,38.4,966.7216666666667,SITE 5,INT
2025-12-14 14:00:00,36.497499999999995,31.698333333333334,20.73033333333333,35.38888888888889,18.48148148148148,37.3,965.8313333333333,SITE 5,INT
2025-12-14 15:00:00,37.61387096774193,32.359032258064516,21.230483870967742,36.20071684587814,18.405017921146957,35.32258064516129,965.53,SITE 5,INT
2025-12-14 16:00:00,41.118500000000004,33.80283333333333,21.566166666666668,36.12962962962963,18.25925925925926,34.93333333333333,965.895,SITE 5,INT
2025-12-14 17:00:00,52.5055,42.267833333333336,27.619500000000002,36.38888888888889,18.555555555555557,35.2,966.575,SITE 5,INT
2025-12-14 18:00:00,54.593333333333334,44.315666666666665,29.080666666666666,33.90740740740741,18.444444444444446,40.4,967.5586666666666,SITE 5,INT
2025-12-14 19:00:00,45.452,37.568333333333335,24.764833333333332,32.72222222222222,16.574074074074073,38.333333333333336,968.579,SITE 5,INT
2025-12-14 20:00:00,38.55133333333333,32.492,21.047833333333333,32.333333333333336,15.074074074074074,35.4,969.2046666666666,SITE 5,INT
2025-12-14 21:00:00,37.310500000000005,32.038666666666664,20.857333333333333,32.77777777777778,15.51851851851852,35.56666666666667,969.922,SITE 5,INT
2025-12-14 22:00:00,39.222,33.19133333333333,21.574333333333335,32.68518518518518,15.333333333333334,35.233333333333334,970.009,SITE 5,INT
2025-12-14 23:00:00,36.19566666666666,31.209666666666667,20.205,32.27777777777778,15.277777777777779,35.666666666666664,970.5163333333334,SITE 5,INT
2025-12-15 00:00:00,36.06966666666666,31.254166666666666,20.237333333333332,31.666666666666668,17.35185185185185,42.8,970.9843333333333,SITE 5,INT
2025-12-15 01:00:00,31.580666666666666,28.613833333333332,18.759,31.27777777777778,17.98148148148148,45.3,970.3126666666667,SITE 5,INT
2025-12-15 02:00:00,35.8465,31.287,20.008,30.77777777777778,18.0,47.0,969.9366666666666,SITE 5,INT
2025-12-15 03:00:00,37.00216666666667,32.26316666666666,21.228666666666665,30.574074074074076,17.925925925925927,47.4,969.0313333333332,SITE 5,INT
2025-12-15 04:00:00,50.61966666666667,42.20766666666667,26.485666666666663,30.185185185185183,17.98148148148148,48.43333333333333,968.644,SITE 5,INT
2025-12-15 05:00:00,64.31883333333333,56.087999999999994,39.14566666666667,29.703703703703702,17.98148148148148,49.666666666666664,969.175,SITE 5,INT
2025-12-15 06:00:00,52.65333333333333,42.972833333333334,28.147,29.75925925925926,17.537037037037035,48.233333333333334,969.681,SITE 5,INT
2025-12-15 07:00:00,61.0335,49.0015,32.216,29.444444444444446,17.64814814814815,49.2,970.4683333333334,SITE 5,INT
2025-12-15 08:00:00,57.934999999999995,46.574,30.331666666666667,28.98148148148148,17.48148148148148,50.43333333333333,971.1669999999999,SITE 5,INT
2025-12-15 09:00:00,55.16816666666667,44.88816666666666,29.28166666666667,29.351851851851855,18.27777777777778,51.7,971.9866666666666,SITE 5,INT
2025-12-15 10:00:00,55.87916666666667,45.60916666666667,29.646333333333335,30.11111111111111,18.87037037037037,51.666666666666664,971.3979999999999,SITE 5,INT
2025-12-15 11:00:00,61.794333333333334,52.6215,33.489666666666665,30.796296296296298,18.833333333333332,49.36666666666667,970.697,SITE 5,INT
2025-12-15 12:00:00,49.61333333333334,41.10366666666667,27.1555,32.03703703703704,19.35185185185185,47.56666666666667,969.3206666666666,SITE 5,INT
2025-12-15 13:00:00,47.33083333333333,39.57266666666667,25.961000000000002,32.74074074074074,18.722222222222225,43.8,968.31,SITE 5,INT
2025-12-15 14:00:00,56.6645,48.877500000000005,32.894666666666666,33.18518518518519,17.833333333333332,40.3,967.6516666666666,SITE 5,INT
2025-12-15 15:00:00,49.032666666666664,40.65866666666667,26.941333333333333,33.333333333333336,17.77777777777778,40.06666666666667,967.6669999999999,SITE 5,INT
2025-12-15 16:00:00,56.95116666666667,47.54533333333333,29.940333333333335,33.333333333333336,17.87037037037037,40.2,968.0773333333333,SITE 5,INT
2025-12-15 17:00:00,57.8315,47.0965,30.004166666666666,32.7962962962963,18.185185185185183,42.166666666666664,968.5933333333334,SITE 5,INT
2025-12-15 18:00:00,53.30854838709678,43.48467741935484,28.203709677419358,31.91756272401434,18.422939068100362,44.83870967741935,969.3548387096774,SITE 5,INT
2025-12-15 19:00:00,55.029666666666664,44.90116666666667,29.605,32.351851851851855,19.166666666666668,45.9,969.9816666666667,SITE 5,INT
2025-12-15 20:00:00,46.74083333333333,39.09766666666667,25.588666666666665,31.666666666666668,16.685185185185187,40.93333333333333,970.4633333333334,SITE 5,INT
2025-12-15 21:00:00,35.8465,30.966166666666666,19.78983333333333,30.870370370370374,14.907407407407408,37.96666666666667,970.682,SITE 5,INT
2025-12-15 22:00:00,32.46883333333333,29.003666666666668,18.4615,30.75925925925926,14.648148148148149,37.93333333333333,971.0939999999999,SITE 5,INT
2025-12-15 23:00:00,30.713833333333334,27.226333333333333,17.401666666666664,30.48148148148148,14.055555555555555,37.06666666666667,970.6603333333334,SITE 5,INT
2025-12-16 00:00:00,27.607166666666668,24.48966666666667,15.4855,30.0,13.24074074074074,36.2,970.619,SITE 5,INT
2025-12-16 01:00:00,25.154999999999998,22.387999999999998,14.193666666666667,29.87037037037037,12.944444444444446,35.766666666666666,970.1436666666667,SITE 5,INT
2025-12-16 02:00:00,23.215333333333334,20.311,12.712833333333332,29.425925925925927,12.24074074074074,35.03333333333333,969.5,SITE 5,INT
2025-12-16 03:00:00,31.5575,26.90083333333333,16.800166666666666,29.462962962962965,12.74074074074074,35.86666666666667,969.1723333333333,SITE 5,INT
2025-12-16 04:00:00,35.25,30.306166666666666,19.048166666666667,29.444444444444446,12.981481481481483,36.4,969.0923333333334,SITE 5,INT
2025-12-16 05:00:00,81.64750000000001,70.36766666666666,44.561,29.592592592592595,14.685185185185185,40.53333333333333,969.515,SITE 5,INT
2025-12-16 06:00:00,66.085,55.46633333333333,36.62466666666667,29.40740740740741,13.870370370370372,38.666666666666664,970.171,SITE 5,INT
2025-12-16 07:00:00,62.962833333333336,51.63816666666666,32.94266666666667,28.87037037037037,13.148148148148149,38.0,970.609,SITE 5,INT
2025-12-16 08:00:00,52.068333333333335,41.391333333333336,26.250999999999998,28.018518518518523,12.38888888888889,38.0,971.1126666666667,SITE 5,INT
2025-12-16 09:00:00,39.10566666666667,32.50866666666666,20.437833333333334,28.203703703703706,11.88888888888889,36.56666666666667,970.985,SITE 5,INT
2025-12-16 10:00:00,34.10016666666667,29.440833333333334,18.453666666666667,29.092592592592595,11.814814814814815,34.5,970.707,SITE 5,INT
2025-12-16 11:00:00,29.226833333333335,26.016000000000002,16.365333333333332,30.351851851851855,11.925925925925927,32.3,970.1513333333334,SITE 5,INT
2025-12-16 12:00:00,26.4325,23.620166666666666,14.890333333333333,31.814814814814817,11.12962962962963,28.1,969.0669999999999,SITE 5,INT
2025-12-16 13:00:00,23.540166666666668,21.083833333333335,13.527666666666667,32.44444444444444,10.185185185185185,25.333333333333332,968.044,SITE 5,INT
2025-12-16 14:00:00,19.965500000000002,17.693833333333334,11.419,32.90740740740741,9.407407407407408,23.466666666666665,967.4063333333332,SITE 5,INT
2025-12-16 15:00:00,20.303709677419352,17.98693548387097,11.613387096774193,33.333333333333336,9.516129032258064,23.096774193548388,967.0416129032259,SITE 5,INT
2025-12-16 16:00:00,29.069666666666667,25.8835,16.6935,33.333333333333336,9.407407407407408,22.966666666666665,967.065,SITE 5,INT
2025-12-16 17:00:00,47.94383333333334,39.93366666666667,26.11866666666667,33.20370370370371,10.24074074074074,24.533333333333335,967.4259999999999,SITE 5,INT
2025-12-16 18:00:00,53.05533333333334,42.84216666666667,27.870833333333334,32.90740740740741,10.185185185185185,24.833333333333332,967.895,SITE 5,INT
2025-12-16 19:00:00,43.699333333333335,35.96783333333334,23.144,32.31481481481482,9.037037037037038,23.866666666666667,968.6463333333334,SITE 5,INT
2025-12-16 20:00:00,40.029833333333336,33.298500000000004,21.358666666666668,31.703703703703702,8.62962962962963,23.9,969.3573333333334,SITE 5,INT
2025-12-16 21:00:00,36.08266666666667,31.068166666666666,19.788,31.666666666666668,9.24074074074074,25.0,969.5223333333332,SITE 5,INT
2025-12-16 22:00:00,40.9185,34.14366666666667,21.46783333333333,31.444444444444446,9.74074074074074,26.166666666666668,969.338,SITE 5,INT
2025-12-16 23:00:00,35.910833333333336,31.081333333333337,19.942833333333333,31.425925925925927,10.61111111111111,27.866666666666667,969.1569999999999,SITE 5,INT
2025-12-17 00:00:00,34.320166666666665,30.2465,19.447833333333335,30.944444444444446,11.666666666666666,30.566666666666666,968.7669999999999,SITE 5,INT
2025-12-17 01:00:00,32.77883333333333,29.048833333333334,18.612833333333334,30.555555555555557,11.666666666666668,31.466666666666665,968.2683333333333,SITE 5,INT
2025-12-17 02:00:00,31.637333333333334,28.13,17.9685,30.555555555555557,11.666666666666668,31.633333333333333,967.5246666666667,SITE 5,INT
2025-12-17 03:00:00,36.257666666666665,31.068166666666666,19.83966666666667,30.314814814814817,12.01851851851852,32.733333333333334,967.2376666666667,SITE 5,INT
2025-12-17 04:00:00,39.9725,33.5865,21.4025,30.0,12.296296296296298,34.03333333333333,967.3796666666666,SITE 5,INT
2025-12-17 05:00:00,50.45483333333333,42.153,27.781166666666664,29.962962962962965,12.851851851851853,34.86666666666667,968.0093333333333,SITE 5,INT
2025-12-17 06:00:00,48.025333333333336,38.76416666666667,24.320333333333334,29.074074074074076,12.000000000000002,35.0,968.4963333333333,SITE 5,INT
2025-12-17 07:00:00,62.34166666666667,51.22266666666667,33.58283333333333,28.166666666666668,11.462962962962964,35.53333333333333,969.4303333333334,SITE 5,INT
2025-12-17 08:00:00,60.06016666666667,49.849833333333336,31.1965,28.333333333333336,11.666666666666668,35.36666666666667,970.186,SITE 5,INT
2025-12-17 09:00:00,42.642833333333336,35.25033333333333,22.1155,29.185185185185183,11.74074074074074,34.4,970.2456666666666,SITE 5,INT
2025-12-17 10:00:00,28.548000000000002,25.1385,15.6025,30.055555555555554,11.296296296296298,31.6,969.897,SITE 5,INT
2025-12-17 11:00:00,24.645166666666668,21.449833333333334,13.080333333333334,31.03703703703704,10.944444444444445,28.833333333333332,969.1163333333334,SITE 5,INT
2025-12-17 12:00:00,25.161,21.3475,12.3995,32.666666666666664,10.296296296296298,25.266666666666666,967.965,SITE 5,INT
2025-12-17 13:00:00,24.590500000000002,19.526,10.427166666666666,33.94444444444444,9.185185185185185,21.9,966.6766666666666,SITE 5,INT
2025-12-17 14:00:00,27.464193548387097,22.15,11.897258064516128,34.92831541218638,9.67741935483871,21.322580645161292,965.9670967741936,SITE 5,INT
2025-12-17 15:00:00,30.624166666666667,24.405,13.613333333333332,35.27777777777778,9.907407407407407,21.333333333333332,965.6583333333333,SITE 5,INT
2025-12-17 16:00:00,52.137,39.756,23.282,33.111111111111114,12.0,27.8,966.0200000000001,SITE 5,INT
2025-12-17 17:00:00,55.559999999999995,43.34583333333333,26.262833333333333,34.88888888888889,11.11111111111111,23.666666666666668,966.2900000000001,SITE 5,INT
2025-12-17 18:00:00,99.3758064516129,87.61967741935484,54.79096774193548,35.66308243727599,13.45878136200717,26.35483870967742,967.0770967741935,SITE 5,INT
2025-12-17 19:00:00,207.1461666666667,189.43449999999999,121.8185,35.38888888888889,13.01851851851852,26.133333333333333,967.8520000000001,SITE 5,INT
2025-12-17 20:00:00,96.86200000000001,86.49133333333334,55.519666666666666,34.42592592592593,11.611111111111112,25.066666666666666,968.4013333333334,SITE 5,INT
2025-12-17 21:00:00,74.43316666666666,63.243,38.727666666666664,34.37037037037037,12.796296296296298,27.266666666666666,968.578,SITE 5,INT
2025-12-17 22:00:00,50.47983333333333,39.394,24.02716666666667,33.50000000000001,10.648148148148149,24.866666666666667,968.6,SITE 5,INT
2025-12-17 23:00:00,44.63783333333333,35.193333333333335,21.354166666666668,33.24074074074074,10.462962962962962,25.0,968.3770000000001,SITE 5,INT
2025-12-18 00:00:00,45.44466666666666,35.66566666666667,21.26833333333333,32.24074074074074,10.25925925925926,26.1,968.4766666666667,SITE 5,INT
2025-12-18 01:00:00,38.73766666666667,31.034666666666666,18.08833333333333,31.666666666666668,10.296296296296298,27.0,968.3746666666667,SITE 5,INT
2025-12-18 02:00:00,34.62616666666667,28.92983333333333,16.8415,31.129629629629633,9.907407407407408,27.0,968.0943333333333,SITE 5,INT
2025-12-18 03:00:00,25.128666666666668,22.0215,13.556333333333333,30.61111111111111,9.111111111111112,26.333333333333332,967.7136666666667,SITE 5,INT
2025-12-18 04:00:00,33.1005,28.349833333333333,16.848666666666666,30.555555555555557,9.037037037037038,26.266666666666666,967.6013333333334,SITE 5,INT
2025-12-18 05:00:00,52.37983333333333,44.60166666666667,30.145,30.388888888888893,10.24074074074074,28.833333333333332,967.6616666666666,SITE 5,INT
2025-12-18 06:00:00,170.72783333333334,158.947,100.5165,30.740740740740744,11.148148148148149,30.066666666666666,968.348,SITE 5,INT
2025-12-18 07:00:00,67.426,53.35133333333333,33.9455,29.944444444444446,9.38888888888889,27.933333333333334,969.3506666666667,SITE 5,INT
2025-12-18 08:00:00,51.50966666666667,41.882666666666665,26.194666666666667,29.314814814814817,7.814814814814815,25.833333333333332,969.962,SITE 5,INT
2025-12-18 09:00:00,19.784666666666666,17.642999999999997,10.991000000000001,29.555555555555557,5.907407407407407,22.433333333333334,970.153,SITE 5,INT
2025-12-18 10:00:00,18.7695,16.6015,10.338333333333333,30.64814814814815,6.555555555555556,22.066666666666666,969.7973333333333,SITE 5,INT
2025-12-18 11:00:00,18.199833333333334,15.796833333333334,9.866666666666667,32.27777777777778,8.037037037037038,22.4,968.9603333333333,SITE 5,INT
2025-12-18 12:00:00,17.899166666666666,15.310833333333333,9.303166666666666,33.62962962962963,8.592592592592592,21.366666666666667,968.087,SITE 5,INT
2025-12-18 13:00:00,18.671333333333333,16.027,9.686333333333334,34.81481481481481,8.38888888888889,19.9,967.1346666666667,SITE 5,INT
2025-12-18 14:00:00,21.168,17.6245,10.466166666666668,35.68518518518519,8.351851851851853,18.733333333333334,966.4110000000001,SITE 5,INT
2025-12-18 15:00:00,23.507,19.619500000000002,11.654166666666667,36.14814814814815,8.592592592592592,18.533333333333335,966.1033333333332,SITE 5,INT
2025-12-18 16:00:00,27.897903225806452,23.261451612903226,13.81258064516129,36.7562724014337,10.14336917562724,19.870967741935484,966.3848387096774,SITE 5,INT
2025-12-18 17:00:00,39.1525,32.015166666666666,19.999833333333335,36.48148148148149,10.25925925925926,20.3,966.9796666666666,SITE 5,INT
2025-12-18 18:00:00,76.48666666666666,66.00766666666667,43.32083333333333,36.50000000000001,12.555555555555555,23.733333333333334,967.6596666666667,SITE 5,INT
2025-12-18 19:00:00,77.94149999999999,66.87816666666667,42.774166666666666,35.592592592592595,10.555555555555555,21.933333333333334,968.4453333333333,SITE 5,INT
2025-12-18 20:00:00,44.60316666666667,36.142,22.984666666666666,34.12962962962963,9.777777777777777,22.533333333333335,969.2033333333333,SITE 5,INT
2025-12-18 21:00:00,34.32116666666666,29.674666666666667,18.900166666666667,33.46296296296296,9.351851851851851,23.0,969.5963333333333,SITE 5,INT
2025-12-18 22:00:00,35.88483333333333,30.639,19.509833333333333,32.94444444444444,9.055555555555555,23.0,969.732,SITE 5,INT
2025-12-18 23:00:00,28.213166666666666,24.949333333333335,15.951666666666666,32.51851851851852,8.796296296296298,23.0,969.6403333333333,SITE 5,INT
2025-12-19 00:00:00,28.128666666666668,25.345166666666668,16.481833333333334,32.22222222222222,8.88888888888889,23.833333333333332,969.351,SITE 5,INT
2025-12-19 01:00:00,51.5595,41.68816666666667,25.4455,31.574074074074076,8.24074074074074,23.266666666666666,968.901,SITE 5,INT
2025-12-19 02:00:00,20.76016666666667,18.482666666666667,11.493500000000001,31.092592592592595,8.25925925925926,23.966666666666665,968.4323333333334,SITE 5,INT
2025-12-19 03:00:00,17.280166666666666,15.523833333333334,10.308166666666667,30.740740740740744,7.962962962962964,24.2,968.355,SITE 5,INT
2025-12-19 04:00:00,36.51683333333333,32.92883333333334,21.204166666666666,30.462962962962965,8.574074074074074,25.6,968.4953333333334,SITE 5,INT
2025-12-19 05:00:00,40.89366666666667,34.89566666666667,22.9305,30.0,9.0,27.133333333333333,968.6866666666666,SITE 5,INT
2025-12-19 06:00:00,131.13233333333332,123.46566666666666,88.25116666666666,29.87037037037037,9.351851851851851,28.0,968.957,SITE 5,INT
2025-12-19 07:00:00,39.1485,33.39333333333333,21.609166666666667,28.64814814814815,7.722222222222223,26.766666666666666,969.4793333333333,SITE 5,INT
2025-12-19 08:00:00,27.49416666666667,24.023333333333333,14.832833333333333,28.31481481481482,7.518518518518519,27.033333333333335,970.2456666666666,SITE 5,INT
2025-12-19 09:00:00,16.869666666666667,14.425999999999998,8.5815,28.666666666666668,7.148148148148149,25.566666666666666,970.547,SITE 5,INT
2025-12-19 10:00:00,25.072499999999998,21.360500000000002,12.627333333333333,29.925925925925927,7.666666666666668,24.833333333333332,970.3266666666666,SITE 5,INT
2025-12-19 11:00:00,43.98350000000001,37.243,24.361,31.53703703703704,7.296296296296296,22.033333333333335,969.5023333333334,SITE 5,INT
2025-12-19 12:00:00,19.808,16.208833333333335,9.215499999999999,33.2962962962963,7.9259259259259265,20.766666666666666,968.6536666666667,SITE 5,INT
2025-12-19 13:00:00,19.145500000000002,14.946833333333334,7.965166666666667,34.25925925925926,7.481481481481482,18.9,967.8773333333334,SITE 5,INT
2025-12-19 14:00:00,23.516333333333332,18.665833333333335,9.9125,35.148148148148145,7.4259259259259265,17.866666666666667,967.129,SITE 5,INT
2025-12-19 15:00:00,22.139666666666663,16.9715,8.741833333333334,35.55555555555556,7.166666666666667,17.333333333333332,966.6126666666667,SITE 5,INT
2025-12-19 16:00:00,26.09466666666667,20.569000000000003,11.283,35.68518518518519,7.185185185185186,17.333333333333332,966.4643333333333,SITE 5,INT
2025-12-19 17:00:00,53.863064516129036,41.623064516129034,24.719838709677422,35.53763440860215,8.637992831541219,19.258064516129032,966.7458064516129,SITE 5,INT
2025-12-19 18:00:00,122.463,109.64816666666667,68.28483333333334,35.2962962962963,9.314814814814815,20.366666666666667,967.222,SITE 5,INT
2025-12-19 19:00:00,111.97616666666666,99.98649999999999,64.37733333333333,34.7962962962963,9.518518518518517,21.2,967.9860000000001,SITE 5,INT
2025-12-19 20:00:00,73.377,60.850833333333334,39.57716666666667,34.01851851851852,8.462962962962964,20.633333333333333,968.5126666666667,SITE 5,INT
2025-12-19 21:00:00,56.29633333333334,43.45816666666666,27.56383333333333,33.351851851851855,7.796296296296297,20.4,968.9596666666667,SITE 5,INT
2025-12-19 22:00:00,48.37416666666666,37.577666666666666,23.1125,33.24074074074074,7.685185185185186,20.466666666666665,968.8403333333333,SITE 5,INT
2025-12-19 23:00:00,43.04216666666667,33.5615,20.3845,32.77777777777778,7.722222222222223,21.166666666666668,968.6740000000001,SITE 5,INT
2025-12-20 00:00:00,42.9815,34.276666666666664,21.476499999999998,32.42592592592593,7.981481481481482,22.0,968.4556666666667,SITE 5,INT
2025-12-20 01:00:00,29.818548387096776,24.809354838709677,14.61241935483871,31.827956989247316,7.777777777777779,22.548387096774192,967.8845161290322,SITE 5,INT
2025-12-20 02:00:00,26.901333333333334,22.2535,12.983,31.48148148148148,7.740740740740742,23.0,967.286,SITE 5,INT
2025-12-20 03:00:00,26.320666666666668,22.101999999999997,13.1385,31.074074074074076,7.240740740740741,22.933333333333334,967.1556666666667,SITE 5,INT
2025-12-20 04:00:00,27.343999999999998,23.2115,13.675666666666666,30.555555555555557,7.444444444444445,23.533333333333335,967.4886666666666,SITE 5,INT
2025-12-20 05:00:00,34.76933333333333,29.260833333333334,17.999166666666667,30.222222222222225,7.574074074074074,24.066666666666666,967.7126666666667,SITE 5,INT
2025-12-20 06:00:00,56.05383333333334,44.41133333333334,28.259666666666664,30.0,7.814814814814815,25.033333333333335,968.4293333333334,SITE 5,INT
2025-12-20 07:00:00,66.23716666666667,52.217,33.688,29.85185185185185,8.222222222222223,26.0,969.0406666666667,SITE 5,INT
2025-12-20 08:00:00,47.246,39.11383333333333,24.8385,29.666666666666668,7.851851851851852,25.4,969.7819999999999,SITE 5,INT
2025-12-20 09:00:00,26.051290322580645,21.843225806451613,13.310645161290322,29.569892473118284,6.093189964157706,22.741935483870968,969.9319354838709,SITE 5,INT
2025-12-20 10:00:00,19.826,16.4955,9.698333333333332,30.592592592592595,6.185185185185186,21.566666666666666,969.6206666666666,SITE 5,INT
2025-12-20 11:00:00,21.783666666666665,18.1035,10.4435,31.87037037037037,6.407407407407407,20.133333333333333,968.8616666666666,SITE 5,INT
2025-12-20 12:00:00,16.8405,13.3625,7.298333333333333,33.44444444444444,6.444444444444445,18.566666666666666,968.0433333333333,SITE 5,INT
2025-12-20 13:00:00,17.354499999999998,13.3625,7.063833333333333,34.74074074074074,6.240740740740741,17.0,967.1833333333333,SITE 5,INT
2025-12-20 14:00:00,21.432166666666667,17.248833333333334,9.5395,35.57407407407407,6.314814814814815,16.2,966.275,SITE 5,INT
2025-12-20 15:00:00,27.44,22.130666666666666,13.105500000000001,36.22222222222222,7.148148148148149,16.7,965.67,SITE 5,INT
2025-12-20 16:00:00,29.18048387096774,23.808225806451613,14.427741935483871,36.4336917562724,6.845878136200717,16.032258064516128,965.7174193548387,SITE 5,INT
2025-12-20 17:00:00,44.20666666666667,35.001333333333335,22.012,36.96296296296296,11.037037037037038,20.933333333333334,966.0896666666666,SITE 5,INT
2025-12-20 18:00:00,147.82716666666667,131.4185,79.72333333333333,36.57407407407408,10.666666666666666,20.733333333333334,966.4363333333333,SITE 5,INT
2025-12-20 19:00:00,77.94,67.55866666666667,43.080000000000005,35.75925925925926,10.333333333333334,21.266666666666666,967.0256666666667,SITE 5,INT
2025-12-20 20:00:00,73.3025,60.65133333333333,38.305166666666665,34.68518518518518,7.648148148148149,19.033333333333335,967.6663333333333,SITE 5,INT
2025-12-20 21:00:00,57.324,44.868833333333335,28.341666666666665,34.12962962962963,6.907407407407407,18.2,968.1266666666667,SITE 5,INT
2025-12-20 22:00:00,71.72166666666666,57.271499999999996,33.374833333333335,33.88888888888889,6.888888888888889,18.766666666666666,967.9846666666667,SITE 5,INT
2025-12-20 23:00:00,41.83883333333333,33.72116666666667,20.9545,33.38888888888889,6.5,18.766666666666666,967.6039999999999,SITE 5,INT
2025-12-21 00:00:00,62.09032258064516,47.72870967741935,28.140645161290323,32.88530465949821,6.684587813620072,19.0,967.3522580645161,SITE 5,INT
2025-12-21 01:00:00,43.8205,34.9305,20.507333333333335,32.46296296296296,5.851851851851852,19.0,967.008,SITE 5,INT
2025-12-21 02:00:00,26.35533333333333,22.278833333333335,13.284333333333333,31.703703703703702,5.37037037037037,19.0,966.4770000000001,SITE 5,INT
2025-12-21 03:00:00,29.42233333333333,25.6,15.731166666666667,31.370370370370374,5.555555555555555,19.666666666666668,966.1653333333333,SITE 5,INT
2025-12-21 04:00:00,41.082166666666666,33.71383333333333,21.279666666666667,31.203703703703706,6.648148148148149,21.466666666666665,966.0833333333334,SITE 5,INT
2025-12-21 05:00:00,62.42583333333334,50.94233333333333,33.56216666666667,31.16666666666667,8.333333333333334,24.066666666666666,966.322,SITE 5,INT
2025-12-21 06:00:00,172.5905,161.48133333333334,111.82199999999999,32.03703703703704,11.111111111111112,28.266666666666666,966.725,SITE 5,INT
2025-12-21 07:00:00,87.32433333333333,77.58633333333334,47.644666666666666,30.62962962962963,7.12962962962963,22.9,967.2863333333333,SITE 5,INT
2025-12-21 08:00:00,48.37866666666666,39.539,25.216833333333334,30.27777777777778,6.833333333333333,22.866666666666667,968.0646666666667,SITE 5,INT
2025-12-21 09:00:00,25.45193548387097,22.447580645161292,14.039193548387097,30.7168458781362,6.129032258064516,21.096774193548388,968.1345161290322,SITE 5,INT
2025-12-21 10:00:00,25.4515,21.946,13.659833333333333,31.685185185185183,6.37037037037037,20.466666666666665,967.821,SITE 5,INT
2025-12-21 11:00:00,19.7715,17.400166666666667,10.677333333333333,33.2962962962963,7.277777777777778,19.833333333333332,967.1986666666667,SITE 5,INT
2025-12-21 12:00:00,18.593666666666664,16.106333333333332,10.081833333333332,34.27777777777778,6.574074074074074,17.9,966.304,SITE 5,INT
2025-12-21 13:00:00,16.359333333333332,13.928166666666666,8.638833333333334,35.12962962962963,6.388888888888889,16.933333333333334,965.4699999999999,SITE 5,INT
2025-12-21 14:00:00,18.036333333333335,15.663833333333335,9.963166666666666,35.88888888888889,6.62962962962963,16.4,964.8103333333333,SITE 5,INT
2025-12-21 15:00:00,18.593666666666664,16.087333333333333,10.033666666666667,36.38888888888889,6.87037037037037,16.233333333333334,964.39,SITE 5,INT
2025-12-21 16:00:00,32.143166666666666,26.823333333333334,16.683833333333332,37.05555555555556,7.722222222222223,16.633333333333333,964.491,SITE 5,INT
2025-12-21 17:00:00,47.87919354838709,39.57967741935484,25.048709677419353,36.66666666666667,7.813620071684588,17.032258064516128,964.8470967741935,SITE 5,INT
2025-12-21 18:00:00,95.0325,85.69533333333334,54.607166666666664,36.55555555555556,9.296296296296298,19.0,965.385,SITE 5,INT
2025-12-21 19:00:00,89.30300000000001,81.29083333333332,53.466,35.90740740740741,8.203703703703704,18.2,966.016,SITE 5,INT
2025-12-21 20:00:00,101.74233333333333,92.13216666666668,58.01733333333333,35.24074074074074,7.629629629629631,18.2,966.8,SITE 5,INT
2025-12-21 21:00:00,92.61083333333333,82.96266666666666,53.3085,34.648148148148145,7.444444444444445,19.0,967.2986666666667,SITE 5,INT
2025-12-21 22:00:00,72.64116666666668,61.7405,41.888333333333335,34.31481481481481,7.462962962962964,19.0,967.5533333333333,SITE 5,INT
2025-12-21 23:00:00,65.23183333333333,52.22633333333333,34.053333333333335,33.833333333333336,7.037037037037037,19.0,967.4359999999999,SITE 5,INT
2025-12-22 00:00:00,52.919999999999995,42.74133333333334,27.901999999999997,33.31481481481482,6.666666666666667,19.0,967.1596666666667,SITE 5,INT
2025-12-22 01:00:00,51.568709677419356,41.798870967741934,27.095483870967744,32.75985663082437,6.738351254480286,19.387096774193548,966.6483870967742,SITE 5,INT
2025-12-22 02:00:00,50.899,41.06033333333333,26.686833333333333,32.166666666666664,7.666666666666667,21.9,966.2746666666667,SITE 5,INT
2025-12-22 03:00:00,52.775999999999996,42.6525,27.866333333333333,31.574074074074076,8.24074074074074,23.466666666666665,966.0926666666667,SITE 5,INT
2025-12-22 04:00:00,52.7055,42.751999999999995,27.810333333333336,31.092592592592595,8.481481481481483,24.366666666666667,966.0196666666667,SITE 5,INT
2025-12-22 05:00:00,101.75266666666667,89.9955,58.08833333333334,31.018518518518523,9.722222222222223,26.9,966.4456666666666,SITE 5,INT
2025-12-22 06:00:00,104.18316666666666,93.6225,68.466,31.388888888888893,11.203703703703704,29.633333333333333,966.9873333333333,SITE 5,INT
2025-12-22 07:00:00,59.40683333333333,47.06216666666667,30.607000000000003,29.574074074074076,7.351851851851852,24.9,967.463,SITE 5,INT
2025-12-22 08:00:00,59.091,46.657000000000004,30.335333333333335,29.98148148148148,7.666666666666668,24.866666666666667,968.1610000000001,SITE 5,INT
2025-12-22 09:00:00,59.87564516129032,48.02532258064517,31.05548387096774,31.182795698924732,7.401433691756273,22.451612903225808,967.9690322580645,SITE 5,INT
2025-12-22 10:00:00,38.26616666666666,32.98016666666667,21.654833333333332,32.351851851851855,7.5,21.433333333333334,968.0173333333333,SITE 5,INT
2025-12-22 11:00:00,24.436,22.0765,14.6265,33.88888888888889,6.962962962962964,18.733333333333334,967.5573333333334,SITE 5,INT
2025-12-22 12:00:00,33.1215,28.31683333333333,17.458333333333332,35.12962962962963,6.222222222222223,16.6,966.6483333333333,SITE 5,INT
2025-12-22 13:00:00,24.590500000000002,22.433333333333334,15.094833333333332,36.111111111111114,6.296296296296297,15.833333333333334,965.5163333333334,SITE 5,INT
2025-12-22 14:00:00,23.281833333333335,20.99683333333333,14.1505,37.12962962962963,6.444444444444445,15.033333333333333,964.6593333333333,SITE 5,INT
2025-12-22 15:00:00,20.686833333333333,18.656833333333335,12.499500000000001,37.51851851851852,6.185185185185186,14.333333333333334,964.369,SITE 5,INT
2025-12-22 16:00:00,20.197833333333335,18.018833333333337,12.392166666666666,37.42592592592593,6.074074074074074,14.366666666666667,964.5423333333333,SITE 5,INT
2025-12-22 17:00:00,40.10516129032258,34.15935483870968,22.785,37.61648745519713,8.100358422939069,16.548387096774192,965.1603225806452,SITE 5,INT
2025-12-22 18:00:00,94.91866666666667,84.2565,55.02016666666667,38.51851851851852,13.018518518518517,22.3,965.767,SITE 5,INT
2025-12-22 19:00:00,107.94250000000001,95.46700000000001,61.30383333333334,38.5,13.777777777777779,23.066666666666666,966.4253333333332,SITE 5,INT
2025-12-22 20:00:00,66.972,53.57533333333333,35.253166666666665,36.351851851851855,8.166666666666668,17.833333333333332,967.357,SITE 5,INT
2025-12-22 21:00:00,65.23583333333333,52.111,34.306000000000004,35.48148148148149,7.685185185185186,18.0,967.9686666666668,SITE 5,INT
2025-12-22 22:00:00,55.7175,45.284,29.822166666666664,35.148148148148145,7.37037037037037,18.0,967.9503333333333,SITE 5,INT
2025-12-22 23:00:00,48.43333333333333,39.652,26.102666666666668,34.62962962962963,6.851851851851852,18.0,967.84,SITE 5,INT
2025-12-23 00:00:00,35.15466666666667,30.955500000000004,20.397666666666666,33.88888888888889,6.666666666666667,18.0,967.5033333333333,SITE 5,INT
2025-12-23 01:00:00,29.348333333333336,26.916166666666665,17.941333333333333,33.592592592592595,7.018518518518519,19.233333333333334,966.8053333333334,SITE 5,INT
2025-12-23 02:00:00,24.56403225806452,22.50758064516129,15.201129032258065,32.88530465949821,6.917562724014338,20.0,966.1225806451613,SITE 5,INT
2025-12-23 03:00:00,35.171166666666664,29.928333333333335,19.751166666666666,32.388888888888886,7.314814814814815,20.933333333333334,965.9253333333332,SITE 5,INT
2025-12-23 04:00:00,59.001666666666665,47.162,30.368333333333332,32.2037037037037,8.203703703703704,22.6,966.1740000000001,SITE 5,INT
2025-12-23 05:00:00,110.41533333333334,99.01216666666667,62.75966666666667,32.166666666666664,9.981481481481483,25.5,966.5550000000001,SITE 5,INT
2025-12-23 06:00:00,169.225,157.28949999999998,97.3715,31.814814814814817,11.148148148148149,28.233333333333334,967.2009999999999,SITE 5,INT
2025-12-23 07:00:00,68.196,54.33416666666667,35.489333333333335,31.111111111111118,10.777777777777777,28.533333333333335,967.872,SITE 5,INT
2025-12-23 08:00:00,62.397166666666664,50.807,32.55233333333333,30.90740740740741,9.314814814814815,26.233333333333334,968.3653333333333,SITE 5,INT
2025-12-23 09:00:00,43.7705,36.4875,23.868499999999997,31.48148148148148,8.796296296296298,24.5,968.5083333333333,SITE 5,INT
2025-12-23 10:00:00,32.33583333333333,29.216166666666666,19.441333333333333,32.62962962962963,9.111111111111112,23.466666666666665,968.2006666666667,SITE 5,INT
2025-12-23 11:00:00,31.0215,28.14816666666667,18.875166666666665,34.18518518518519,9.518518518518517,22.1,967.568,SITE 5,INT
2025-12-23 12:00:00,26.441333333333333,24.52316666666667,16.675333333333334,35.611111111111114,9.166666666666666,19.966666666666665,966.6663333333333,SITE 5,INT
2025-12-23 13:00:00,22.05354838709677,20.311451612903223,13.988548387096774,36.29032258064516,7.795698924731183,17.29032258064516,965.853870967742,SITE 5,INT
2025-12-23 14:00:00,22.311333333333334,20.5645,14.285666666666666,37.07407407407407,7.055555555555556,15.833333333333334,965.1406666666667,SITE 5,INT
2025-12-23 15:00:00,33.158166666666666,29.380499999999998,20.250166666666665,37.81481481481482,7.962962962962964,16.233333333333334,964.8056666666666,SITE 5,INT
2025-12-23 16:00:00,31.706166666666665,28.687666666666665,19.8705,37.94444444444445,6.75925925925926,14.733333333333333,965.124,SITE 5,INT
2025-12-23 17:00:00,39.44083333333333,33.472833333333334,22.486333333333334,37.42592592592593,7.833333333333334,16.266666666666666,965.66,SITE 5,INT
2025-12-23 18:00:00,80.08516666666667,71.1365,48.21583333333333,37.22222222222222,9.296296296296298,18.2,966.2246666666667,SITE 5,INT
2025-12-23 19:00:00,150.791,140.19799999999998,96.051,36.57407407407408,9.333333333333334,19.0,967.0920000000001,SITE 5,INT
2025-12-23 20:00:00,143.73533333333336,133.35516666666666,89.26966666666667,35.87037037037037,8.88888888888889,19.266666666666666,967.8253333333333,SITE 5,INT
2025-12-23 21:00:00,113.85129032258064,106.06016129032258,71.31322580645161,35.448028673835125,9.03225806451613,20.0,968.2309677419355,SITE 5,INT
2025-12-23 22:00:00,81.12316666666668,73.41016666666665,49.325500000000005,34.77777777777778,8.851851851851851,20.133333333333333,968.3533333333332,SITE 5,INT
2025-12-23 23:00:00,84.75916666666667,78.31566666666666,51.99816666666666,34.44444444444444,8.88888888888889,21.0,968.0063333333333,SITE 5,INT
2025-12-24 00:00:00,97.22783333333334,89.88266666666667,59.973499999999994,33.92592592592593,9.203703703703704,21.666666666666668,967.872,SITE 5,INT
2025-12-24 01:00:00,78.52533333333334,68.10133333333333,44.16116666666667,33.42592592592593,8.685185185185185,22.066666666666666,967.4903333333333,SITE 5,INT
2025-12-24 02:00:00,52.522666666666666,42.797000000000004,28.22233333333333,32.98148148148148,8.12962962962963,21.433333333333334,966.9446666666666,SITE 5,INT
2025-12-24 03:00:00,44.400666666666666,37.11266666666667,24.646833333333333,32.62962962962963,8.222222222222223,21.9,966.5443333333333,SITE 5,INT
2025-12-24 04:00:00,66.20966666666666,53.78966666666667,36.440000000000005,32.22222222222222,9.185185185185185,24.266666666666666,966.7446666666667,SITE 5,INT
2025-12-24 05:00:00,68.2965,56.32449999999999,38.376333333333335,32.18518518518518,10.981481481481483,27.333333333333332,967.422,SITE 5,INT
2025-12-24 06:00:00,94.62766666666667,86.52666666666667,57.774499999999996,32.0,12.5,30.633333333333333,968.153,SITE 5,INT
2025-12-24 07:00:00,66.43661290322581,54.02290322580645,36.005645161290325,31.236559139784948,10.60931899641577,28.193548387096776,968.5261290322582,SITE 5,INT
2025-12-24 08:00:00,99.98849999999999,90.47216666666667,59.43333333333333,31.462962962962965,10.407407407407408,27.433333333333334,969.1833333333333,SITE 5,INT
2025-12-24 09:00:00,57.858666666666664,47.0765,31.131500000000003,32.092592592592595,9.851851851851851,25.366666666666667,969.206,SITE 5,INT
2025-12-24 10:00:00,71.34883333333333,62.204166666666666,41.34016666666666,33.24074074074074,11.537037037037038,26.7,968.6516666666666,SITE 5,INT
2025-12-24 11:00:00,76.66433333333333,66.81266666666666,42.473333333333336,34.87037037037037,12.74074074074074,26.466666666666665,967.8663333333334,SITE 5,INT
2025-12-24 12:00:00,57.28433333333333,47.95183333333333,32.1015,35.75925925925926,13.62962962962963,26.666666666666668,966.6836666666667,SITE 5,INT
2025-12-24 13:00:00,64.11966666666666,52.94950000000001,33.62233333333333,36.55555555555556,14.092592592592592,26.466666666666665,965.6883333333334,SITE 5,INT
2025-12-24 14:00:00,50.08383333333334,40.92616666666667,26.414833333333334,37.2037037037037,13.277777777777779,23.9,964.8676666666667,SITE 5,INT
2025-12-24 15:00:00,46.15466666666667,38.138000000000005,24.74366666666667,37.68518518518519,12.685185185185187,22.5,964.4599999999999,SITE 5,INT
2025-12-24 16:00:00,47.452999999999996,39.025999999999996,25.878,38.46296296296296,14.648148148148149,24.466666666666665,964.5786666666667,SITE 5,INT
2025-12-24 17:00:00,50.73629032258064,41.211451612903225,27.775806451612905,38.54838709677419,15.125448028673835,25.096774193548388,965.2012903225806,SITE 5,INT
2025-12-24 18:00:00,133.431,115.7775,69.1785,38.48148148148149,17.203703703703702,28.8,965.7683333333333,SITE 5,INT
2025-12-24 19:00:00,63.229,52.231833333333334,34.958666666666666,37.42592592592593,16.055555555555557,28.333333333333332,966.427,SITE 5,INT
2025-12-24 20:00:00,57.274166666666666,46.5385,30.558,36.14814814814815,16.592592592592595,31.366666666666667,967.3703333333334,SITE 5,INT
2025-12-24 21:00:00,52.07116666666666,42.57366666666667,28.398833333333336,36.111111111111114,17.074074074074073,32.4,968.054,SITE 5,INT
2025-12-24 22:00:00,52.0115,42.41433333333334,28.17983333333333,35.55555555555556,16.666666666666668,32.96666666666667,968.0316666666666,SITE 5,INT
2025-12-24 23:00:00,48.466166666666666,39.732,26.416166666666665,35.24074074074074,16.61111111111111,33.233333333333334,967.9903333333333,SITE 5,INT
2025-12-25 00:00:00,51.092999999999996,41.62733333333333,27.372,34.648148148148145,16.5,34.2,967.9493333333334,SITE 5,INT
2025-12-25 01:00:00,46.94903225806452,38.755483870967744,25.71016129032258,33.97849462365592,16.200716845878137,35.0,967.47,SITE 5,INT
2025-12-25 02:00:00,48.0905,39.785,26.500666666666667,33.48148148148149,16.203703703703702,35.733333333333334,967.1493333333333,SITE 5,INT
2025-12-25 03:00:00,46.562,38.560833333333335,25.5795,33.12962962962963,16.333333333333332,36.766666666666666,967.1876666666667,SITE 5,INT
2025-12-25 04:00:00,49.784,41.13483333333333,27.610333333333333,32.7962962962963,16.48148148148148,38.03333333333333,967.3593333333333,SITE 5,INT
2025-12-25 05:00:00,67.77833333333334,57.313,38.074666666666666,32.81481481481482,17.11111111111111,39.53333333333333,967.8716666666667,SITE 5,INT
2025-12-25 06:00:00,63.073499999999996,52.796166666666664,36.166000000000004,32.7037037037037,17.814814814814817,41.333333333333336,968.3050000000001,SITE 5,INT
2025-12-25 07:00:00,59.21133333333333,47.518166666666666,31.448833333333333,32.22222222222222,17.203703703703702,40.766666666666666,969.033,SITE 5,INT
2025-12-25 08:00:00,54.78283333333333,44.526833333333336,29.587666666666667,32.22222222222222,18.25925925925926,43.833333333333336,969.7473333333332,SITE 5,INT
2025-12-25 09:00:00,48.99,40.30258064516129,26.640806451612903,32.52688172043011,19.46236559139785,46.354838709677416,969.806129032258,SITE 5,INT
2025-12-25 10:00:00,46.14966666666667,38.231833333333334,25.541,33.81481481481482,19.314814814814817,42.9,969.4586666666667,SITE 5,INT
2025-12-25 11:00:00,50.4275,41.55716666666667,27.742166666666666,34.98148148148148,19.0,39.2,968.7383333333333,SITE 5,INT
2025-12-25 12:00:00,52.13066666666667,42.859833333333334,28.584333333333333,36.46296296296296,18.166666666666668,34.333333333333336,967.734,SITE 5,INT
2025-12-25 13:00:00,51.91833333333333,42.67466666666667,28.606166666666663,36.64814814814815,17.0,31.5,966.702,SITE 5,INT
2025-12-25 14:00:00,47.756499999999996,39.55766666666667,26.572499999999998,37.03703703703704,16.35185185185185,29.633333333333333,965.8376666666667,SITE 5,INT
2025-12-25 15:00:00,57.61783333333334,47.0755,32.3,38.01851851851852,17.296296296296298,29.733333333333334,965.5613333333333,SITE 5,INT
2025-12-25 16:00:00,52.540166666666664,43.2175,28.893166666666666,38.48148148148149,16.537037037037038,27.6,966.0266666666666,SITE 5,INT
2025-12-25 17:00:00,49.564193548387095,40.96322580645161,27.595161290322583,37.84946236559139,15.896057347670252,27.419354838709676,966.63,SITE 5,INT
2025-12-25 18:00:00,75.07233333333333,65.9825,44.5255,37.77777777777778,17.444444444444446,30.466666666666665,967.2563333333333,SITE 5,INT
2025-12-25 19:00:00,83.57816666666668,76.86783333333332,51.17266666666667,37.22222222222222,16.685185185185187,29.866666666666667,967.9423333333333,SITE 5,INT
2025-12-25 20:00:00,87.32466666666666,78.41733333333333,49.98233333333334,36.66666666666667,16.09259259259259,29.933333333333334,968.6830000000001,SITE 5,INT
2025-12-25 21:00:00,73.14349999999999,61.7815,40.099500000000006,36.12962962962963,15.555555555555555,29.5,969.1039999999999,SITE 5,INT
2025-12-25 22:00:00,65.72466666666666,53.18566666666666,35.390166666666666,35.611111111111114,14.666666666666666,29.0,969.0353333333334,SITE 5,INT
2025-12-25 23:00:00,59.05916666666667,47.68416666666667,31.771666666666665,35.0,14.444444444444445,29.033333333333335,968.6486666666666,SITE 5,INT
2025-12-26 00:00:00,56.73833333333334,46.0335,30.663,34.61111111111111,14.518518518518517,29.966666666666665,968.243,SITE 5,INT
2025-12-26 01:00:00,55.23016129032258,44.88951612903226,29.793709677419354,34.03225806451613,14.462365591397848,30.967741935483872,967.7816129032258,SITE 5,INT
2025-12-26 02:00:00,60.469166666666666,48.54833333333333,32.04683333333333,33.777777777777786,14.333333333333334,31.0,967.4536666666667,SITE 5,INT
2025-12-26 03:00:00,62.21083333333333,49.885,33.07566666666666,33.31481481481482,13.870370370370372,31.0,967.3816666666667,SITE 5,INT
2025-12-26 04:00:00,70.57783333333333,58.97666666666667,39.59283333333334,32.77777777777778,13.685185185185185,31.566666666666666,967.6343333333333,SITE 5,INT
2025-12-26 05:00:00,68.83616666666667,56.034666666666666,37.38133333333334,32.77777777777778,14.481481481481483,33.3,968.0023333333334,SITE 5,INT
2025-12-26 06:00:00,67.86566666666667,54.86783333333334,36.412666666666674,32.666666666666664,15.148148148148149,35.06666666666667,968.4993333333333,SITE 5,INT
2025-12-26 07:00:00,69.49183333333333,56.11233333333334,36.4285,32.07407407407407,16.314814814814817,39.1,969.2396666666666,SITE 5,INT
2025-12-26 08:00:00,65.36083333333333,53.775,35.593833333333336,31.722222222222225,17.37037037037037,42.53333333333333,970.0366666666666,SITE 5,INT
2025-12-26 09:00:00,54.7358064516129,44.46532258064516,29.28241935483871,32.67025089605735,18.422939068100362,43.064516129032256,970.2367741935484,SITE 5,INT
2025-12-26 10:00:00,52.2045,42.568,28.07016666666667,33.870370370370374,18.425925925925927,40.5,969.958,SITE 5,INT
2025-12-26 11:00:00,58.373333333333335,47.558,31.607166666666664,34.94444444444444,16.72222222222222,34.03333333333333,969.3953333333334,SITE 5,INT
2025-12-26 12:00:00,59.67966666666666,48.10516666666667,31.97683333333333,35.777777777777786,16.925925925925927,32.833333333333336,968.5836666666667,SITE 5,INT
2025-12-26 13:00:00,51.43,42.4385,28.3335,36.50000000000001,15.203703703703704,28.3,967.7919999999999,SITE 5,INT
2025-12-26 14:00:00,45.81583333333333,38.30533333333334,25.79416666666667,36.96296296296296,13.148148148148149,24.1,967.0849999999999,SITE 5,INT
2025-12-26 15:00:00,37.37766666666666,32.752500000000005,22.287666666666667,37.666666666666664,10.537037037037038,19.6,966.7403333333333,SITE 5,INT
2025-12-26 16:00:00,31.685833333333335,29.158333333333335,20.133166666666668,37.77777777777778,9.0,17.366666666666667,966.6613333333333,SITE 5,INT
2025-12-26 17:00:00,45.05112903225807,37.79790322580646,25.419999999999998,38.064516129032256,10.57347670250896,19.096774193548388,966.9370967741935,SITE 5,INT
2025-12-26 18:00:00,85.29883333333333,75.93366666666667,50.9425,37.18518518518519,10.777777777777777,20.2,967.4106666666667,SITE 5,INT
2025-12-26 19:00:00,88.85816666666666,80.68966666666667,54.49466666666667,36.777777777777786,10.87037037037037,20.866666666666667,968.2373333333333,SITE 5,INT
2025-12-26 20:00:00,86.15883333333333,78.95100000000001,53.50966666666667,36.111111111111114,10.166666666666666,20.966666666666665,968.9553333333333,SITE 5,INT
2025-12-26 21:00:00,81.38583333333334,73.98949999999999,49.751666666666665,35.57407407407407,9.648148148148149,20.7,969.4556666666666,SITE 5,INT
2025-12-26 22:00:00,79.77566666666667,71.5035,48.32449999999999,35.12962962962963,11.351851851851853,23.533333333333335,969.5096666666667,SITE 5,INT
2025-12-26 23:00:00,64.42516666666667,51.439,34.4125,34.46296296296296,13.055555555555555,27.666666666666668,969.0536666666667,SITE 5,INT
2025-12-27 00:00:00,59.85370967741935,48.14661290322581,31.86741935483871,34.121863799283155,15.394265232974911,32.67741935483871,968.6283870967742,SITE 5,INT
2025-12-27 01:00:00,48.0905,39.8035,26.26066666666667,33.592592592592595,17.462962962962965,38.53333333333333,967.9863333333334,SITE 5,INT
2025-12-27 02:00:00,45.984,38.33083333333333,25.39333333333333,33.333333333333336,17.77777777777778,39.56666666666667,967.367,SITE 5,INT
2025-12-27 03:00:00,53.643166666666666,43.82416666666666,28.681833333333334,33.12962962962963,17.833333333333332,40.5,967.3303333333333,SITE 5,INT
2025-12-27 04:00:00,70.92433333333334,60.92100000000001,38.10483333333333,32.75925925925926,16.35185185185185,37.666666666666664,967.904,SITE 5,INT
2025-12-27 05:00:00,47.28183333333333,39.179833333333335,25.935333333333332,32.27777777777778,13.24074074074074,31.733333333333334,968.3173333333333,SITE 5,INT
2025-12-27 06:00:00,53.238166666666665,43.381166666666665,28.6955,32.12962962962963,12.24074074074074,29.933333333333334,968.807,SITE 5,INT
2025-12-27 07:00:00,72.687,60.56183333333333,39.34666666666667,31.574074074074076,10.722222222222223,27.8,969.5443333333334,SITE 5,INT
2025-12-27 08:00:00,70.64354838709677,59.24548387096774,38.634354838709676,31.48745519713262,10.197132616487455,27.0,970.5254838709677,SITE 5,INT
2025-12-27 09:00:00,70.01366666666667,58.2265,38.297333333333334,31.944444444444446,11.481481481481483,28.833333333333332,970.4419999999999,SITE 5,INT
2025-12-27 10:00:00,71.38566666666667,60.412000000000006,40.184333333333335,33.03703703703704,15.25925925925926,34.6,969.953,SITE 5,INT
2025-12-27 11:00:00,59.267833333333336,49.71216666666667,33.729,34.666666666666664,14.203703703703704,29.466666666666665,969.5120000000001,SITE 5,INT
2025-12-27 12:00:00,41.55316666666667,35.58533333333333,24.156333333333336,35.592592592592595,9.870370370370372,20.933333333333334,968.605,SITE 5,INT
2025-12-27 13:00:00,33.270833333333336,29.566,20.087333333333333,36.50000000000001,7.703703703703704,17.0,967.5813333333333,SITE 5,INT
2025-12-27 14:00:00,23.045833333333334,21.326999999999998,14.838,37.25925925925926,7.555555555555556,16.066666666666666,966.7543333333334,SITE 5,INT
2025-12-27 15:00:00,25.07266666666667,23.094,15.987333333333334,37.648148148148145,9.592592592592592,18.366666666666667,966.3976666666666,SITE 5,INT
2025-12-27 16:00:00,28.326451612903227,26.002903225806453,17.812419354838706,37.92114695340502,9.35483870967742,17.580645161290324,966.611935483871,SITE 5,INT
2025-12-27 17:00:00,39.722,33.6685,22.4935,37.833333333333336,10.75925925925926,19.533333333333335,967.0023333333334,SITE 5,INT
2025-12-27 18:00:00,91.26233333333333,81.29683333333334,54.551500000000004,37.333333333333336,10.537037037037036,19.8,967.5840000000001,SITE 5,INT
2025-12-27 19:00:00,151.91400000000002,139.6375,96.75333333333333,36.98148148148149,10.5,20.1,968.1673333333333,SITE 5,INT
2025-12-27 20:00:00,170.52733333333333,157.8465,111.57333333333332,36.48148148148149,9.444444444444445,19.166666666666668,969.0196666666667,SITE 5,INT
2025-12-27 21:00:00,81.4785,71.21316666666667,47.079,35.833333333333336,8.296296296296298,18.4,969.509,SITE 5,INT
2025-12-27 22:00:00,59.68083333333333,49.458333333333336,32.744,35.351851851851855,7.574074074074074,18.0,969.6733333333334,SITE 5,INT
2025-12-27 23:00:00,45.67633333333333,37.58716666666667,24.727333333333334,34.72222222222222,7.148148148148149,18.0,969.438,SITE 5,INT
2025-12-28 00:00:00,43.69306451612903,36.303870967741936,23.97741935483871,34.354838709677416,7.365591397849463,18.774193548387096,969.2487096774194,SITE 5,INT
2025-12-28 01:00:00,52.54966666666667,42.54483333333334,27.615833333333335,33.51851851851852,8.851851851851851,22.033333333333335,969.1063333333333,SITE 5,INT
2025-12-28 02:00:00,54.10966666666666,43.81183333333333,28.397666666666666,32.77777777777778,8.88888888888889,22.966666666666665,968.612,SITE 5,INT
2025-12-28 03:00:00,49.92666666666666,40.83166666666667,26.810833333333335,32.2962962962963,8.370370370370372,22.8,968.3546666666666,SITE 5,INT
2025-12-28 04:00:00,59.44383333333334,47.6875,31.068499999999997,31.962962962962965,8.351851851851853,23.2,968.4456666666666,SITE 5,INT
2025-12-28 05:00:00,53.81616666666666,42.690666666666665,27.713166666666666,31.666666666666668,8.444444444444445,23.433333333333334,968.722,SITE 5,INT
2025-12-28 06:00:00,52.292833333333334,40.97416666666666,26.419,31.48148148148148,7.074074074074074,21.766666666666666,969.0833333333334,SITE 5,INT
2025-12-28 07:00:00,62.663225806451614,48.711290322580645,31.63951612903226,31.111111111111114,6.827956989247313,21.806451612903224,969.9083870967742,SITE 5,INT
2025-12-28 08:00:00,62.702,49.797333333333334,31.936,31.444444444444446,6.611111111111112,21.066666666666666,970.6823333333334,SITE 5,INT
2025-12-28 09:00:00,61.4135,49.34216666666667,32.0425,32.388888888888886,6.574074074074074,19.966666666666665,970.601,SITE 5,INT
2025-12-28 10:00:00,25.111333333333334,22.822833333333335,15.194666666666668,32.94444444444444,5.518518518518519,17.766666666666666,970.1276666666668,SITE 5,INT
2025-12-28 11:00:00,25.112333333333332,22.863166666666665,15.120333333333333,34.24074074074074,5.759259259259259,16.9,969.302,SITE 5,INT
2025-12-28 12:00:00,18.5385,16.688166666666667,11.289666666666667,35.48148148148149,5.277777777777778,15.233333333333333,968.3003333333332,SITE 5,INT
2025-12-28 13:00:00,16.416999999999998,14.895999999999999,10.278,36.51851851851852,4.666666666666667,13.766666666666667,967.368,SITE 5,INT
2025-12-28 14:00:00,16.976666666666667,15.457166666666666,10.630500000000001,37.22222222222222,5.055555555555556,13.6,966.619,SITE 5,INT
2025-12-28 15:00:00,16.563709677419357,15.265806451612903,10.599838709677421,37.526881720430104,4.659498207885305,13.0,966.3467741935484,SITE 5,INT
2025-12-28 16:00:00,21.06116666666667,19.526333333333334,13.237333333333334,37.592592592592595,4.833333333333333,13.033333333333333,966.7216666666667,SITE 5,INT
2025-12-28 17:00:00,37.642500000000005,32.12983333333333,21.39466666666667,37.77777777777778,6.981481481481482,15.033333333333333,967.191,SITE 5,INT
2025-12-28 18:00:00,66.73883333333333,56.915333333333336,37.87733333333333,37.01851851851852,6.240740740740741,14.733333333333333,967.612,SITE 5,INT
2025-12-28 19:00:00,85.50433333333334,74.56116666666667,48.84466666666666,36.38888888888889,7.037037037037037,16.2,968.2199999999999,SITE 5,INT
2025-12-28 20:00:00,112.80566666666667,100.854,64.12366666666667,35.64814814814815,6.388888888888889,16.233333333333334,968.8436666666668,SITE 5,INT
2025-12-28 21:00:00,65.23100000000001,52.019666666666666,34.15533333333334,35.0,5.833333333333333,16.333333333333332,969.2686666666667,SITE 5,INT
2025-12-28 22:00:00,49.946333333333335,40.843333333333334,27.055,34.96296296296296,5.518518518518518,16.0,969.3716666666666,SITE 5,INT
2025-12-28 23:00:00,31.498548387096776,28.63935483870968,19.611451612903227,34.17562724014337,5.179211469534049,16.419354838709676,969.2145161290323,SITE 5,INT
2025-12-29 00:00:00,26.685333333333332,24.921499999999998,17.472166666666666,33.611111111111114,5.462962962962963,17.066666666666666,968.9966666666667,SITE 5,INT
2025-12-29 01:00:00,40.561166666666665,34.347833333333334,22.923833333333334,33.092592592592595,5.981481481481482,18.066666666666666,968.6753333333334,SITE 5,INT
2025-12-29 02:00:00,51.572,41.479,27.490666666666666,32.48148148148148,6.666666666666667,19.966666666666665,968.246,SITE 5,INT
2025-12-29 03:00:00,52.79766666666667,42.79316666666667,28.260666666666665,31.944444444444446,7.166666666666667,21.266666666666666,968.4133333333334,SITE 5,INT
2025-12-29 04:00:00,53.472166666666666,43.43716666666667,28.48966666666667,31.444444444444446,8.185185185185185,23.866666666666667,968.4753333333334,SITE 5,INT
2025-12-29 05:00:00,87.91383333333333,78.8195,53.359833333333334,31.555555555555557,9.185185185185185,25.0,968.8533333333332,SITE 5,INT
2025-12-29 06:00:00,81.80193548387098,70.56112903225807,46.6908064516129,31.111111111111114,7.974910394265233,23.612903225806452,969.4925806451613,SITE 5,INT
2025-12-29 07:00:00,57.631499999999996,44.953833333333336,28.938,30.574074074074076,7.203703703703704,23.1,970.275,SITE 5,INT
2025-12-29 08:00:00,57.77033333333333,47.9765,31.338166666666666,31.444444444444446,8.203703703703704,23.6,971.088,SITE 5,INT
2025-12-29 09:00:00,57.28816666666667,46.41766666666667,30.461166666666667,32.0,7.0,20.933333333333334,971.2176666666667,SITE 5,INT
2025-12-29 10:00:00,33.8495,29.786833333333334,19.465,32.7037037037037,6.333333333333333,19.066666666666666,970.7373333333333,SITE 5,INT
2025-12-29 11:00:00,29.608999999999998,26.688333333333333,17.560833333333335,34.51851851851852,6.87037037037037,18.0,969.7973333333333,SITE 5,INT
2025-12-29 12:00:00,21.938166666666667,19.7585,13.1895,35.74074074074074,6.666666666666667,16.733333333333334,968.7433333333333,SITE 5,INT
2025-12-29 13:00:00,20.497,18.423000000000002,12.115499999999999,36.75925925925926,5.314814814814814,14.233333333333333,967.6486666666666,SITE 5,INT
2025-12-29 14:00:00,20.530322580645162,18.490967741935485,12.444516129032259,37.93906810035842,5.28673835125448,13.03225806451613,966.8045161290322,SITE 5,INT
2025-12-29 15:00:00,24.093,22.505333333333333,15.524,38.51851851851852,5.12962962962963,12.8,966.2136666666667,SITE 5,INT
2025-12-29 16:00:00,29.104166666666668,26.667666666666666,18.586833333333335,38.833333333333336,5.62962962962963,13.033333333333333,966.2003333333334,SITE 5,INT
2025-12-29 17:00:00,48.1445,39.93,26.629,38.851851851851855,7.481481481481482,15.0,966.4886666666666,SITE 5,INT
2025-12-29 18:00:00,76.73,69.03583333333333,48.163333333333334,39.57407407407407,12.870370370370372,20.5,967.1773333333333,SITE 5,INT
2025-12-29 19:00:00,123.628,111.98116666666667,73.91816666666666,39.092592592592595,11.092592592592592,18.766666666666666,967.9386666666667,SITE 5,INT
2025-12-29 20:00:00,140.24633333333335,128.28366666666668,85.71033333333334,37.0,8.166666666666668,17.133333333333333,968.938,SITE 5,INT
2025-12-29 21:00:00,103.92,96.78616666666667,66.03133333333334,35.88888888888889,7.796296296296297,17.833333333333332,969.6733333333334,SITE 5,INT
2025-12-29 22:00:00,68.59274193548387,58.403225806451616,39.95822580645161,35.62724014336918,9.372759856630823,20.096774193548388,970.1880645161291,SITE 5,INT
2025-12-29 23:00:00,54.053,44.33083333333333,29.790333333333333,35.53703703703704,12.685185185185187,25.166666666666668,970.112,SITE 5,INT
2025-12-30 00:00:00,52.339000000000006,43.133,28.775166666666667,34.92592592592593,13.351851851851853,27.466666666666665,969.8656666666667,SITE 5,INT
2025-12-30 01:00:00,51.382333333333335,42.5035,28.141000000000002,34.092592592592595,14.277777777777779,30.5,969.106,SITE 5,INT
2025-12-30 02:00:00,48.759,40.68066666666667,26.946166666666667,33.75925925925926,15.88888888888889,34.4,968.4733333333334,SITE 5,INT
2025-12-30 03:00:00,49.79483333333334,41.5375,27.571,33.333333333333336,16.5,36.766666666666666,968.5936666666668,SITE 5,INT
2025-12-30 04:00:00,58.2595,47.98016666666667,32.1415,33.0,16.75925925925926,38.233333333333334,968.9843333333333,SITE 5,INT
2025-12-30 05:00:00,65.49866666666667,55.24616666666667,36.8205,32.87037037037037,17.72222222222222,40.733333333333334,969.4846666666667,SITE 5,INT
2025-12-30 06:00:00,94.92806451612903,83.08741935483872,54.86467741935484,33.01075268817205,17.831541218637994,40.70967741935484,970.1454838709677,SITE 5,INT
2025-12-30 07:00:00,154.0775,141.9965,91.13300000000001,32.407407407407405,17.14814814814815,40.6,971.2236666666666,SITE 5,INT
2025-12-30 08:00:00,105.63283333333334,98.23216666666667,62.69733333333333,32.24074074074074,17.796296296296298,42.96666666666667,971.8943333333333,SITE 5,INT
2025-12-30 09:00:00,59.62916666666667,48.666333333333334,31.827,33.074074074074076,18.592592592592595,42.36666666666667,971.8169999999999,SITE 5,INT
2025-12-30 10:00:00,55.520833333333336,45.551833333333335,29.855,33.833333333333336,18.5,40.766666666666666,971.6766666666666,SITE 5,INT
2025-12-30 11:00:00,70.92566666666667,60.2175,39.151666666666664,35.092592592592595,17.814814814814817,36.266666666666666,971.19,SITE 5,INT
2025-12-30 12:00:00,57.36583333333333,46.72866666666667,31.172666666666668,36.277777777777786,16.944444444444443,32.166666666666664,970.307,SITE 5,INT
2025-12-30 13:00:00,60.97032258064516,49.40822580645161,33.1091935483871,37.168458781362006,16.379928315412187,29.258064516129032,969.2612903225806,SITE 5,INT
2025-12-30 14:00:00,58.031724137931036,47.38103448275862,31.86396551724138,37.758620689655174,15.900383141762454,27.586206896551722,968.4755172413793,SITE 5,INT
2025-12-30 15:00:00,54.47633333333333,44.8465,30.19066666666667,38.01851851851852,15.74074074074074,26.933333333333334,968.2493333333333,SITE 5,INT
2025-12-30 16:00:00,54.815666666666665,45.01033333333333,30.367833333333333,38.851851851851855,15.833333333333334,25.9,968.2866666666666,SITE 5,INT
2025-12-30 17:00:00,56.349666666666664,45.617333333333335,30.395500000000002,38.70370370370371,15.148148148148149,25.066666666666666,968.6186666666667,SITE 5,INT
2025-12-30 18:00:00,80.34233333333333,72.58616666666667,48.55833333333333,38.333333333333336,16.314814814814817,27.466666666666665,969.0276666666667,SITE 5,INT
2025-12-30 19:00:00,83.91822580645162,75.02548387096775,50.707741935483874,37.84946236559139,16.720430107526884,28.967741935483872,969.8009677419356,SITE 5,INT
2025-12-30 20:00:00,61.1975,49.35766666666667,33.16166666666667,36.87037037037037,16.314814814814817,30.0,970.7836666666666,SITE 5,INT
2025-12-30 21:00:00,69.04050000000001,56.37416666666666,37.56583333333333,36.44444444444445,16.64814814814815,31.0,971.1316666666667,SITE 5,INT
2025-12-30 22:00:00,69.86683333333333,58.16766666666667,39.26649999999999,35.7962962962963,16.333333333333332,31.266666666666666,970.9553333333333,SITE 5,INT
2025-12-30 23:00:00,65.38583333333334,53.296166666666664,35.84066666666667,35.12962962962963,16.48148148148148,33.36666666666667,970.7276666666668,SITE 5,INT
2025-12-31 00:00:00,62.50066666666667,50.81733333333333,34.28816666666667,34.7962962962963,17.0,34.96666666666667,970.3943333333333,SITE 5,INT
2025-12-31 01:00:00,59.95883333333334,48.80716666666667,32.74666666666666,34.166666666666664,17.22222222222222,36.733333333333334,969.6366666666667,SITE 5,INT
2025-12-31 02:00:00,56.75233333333333,46.54633333333334,31.1415,33.68518518518519,17.574074074074073,38.6,969.2756666666667,SITE 5,INT
2025-12-31 03:00:00,52.23516129032258,43.32806451612903,28.80548387096774,33.04659498207886,18.046594982078854,41.25806451612903,968.9022580645162,SITE 5,INT
2025-12-31 04:00:00,48.88433333333333,40.98433333333333,27.1165,32.75925925925926,18.351851851851855,43.03333333333333,969.0360000000001,SITE 5,INT
2025-12-31 05:00:00,50.79366666666667,42.16733333333333,27.6255,32.42592592592593,18.666666666666668,44.333333333333336,969.4843333333333,SITE 5,INT
2025-12-31 06:00:00,57.284166666666664,47.919666666666664,31.477666666666668,32.22222222222222,18.814814814814817,45.233333333333334,969.728,SITE 5,INT
2025-12-31 07:00:00,65.67183333333334,54.636833333333335,35.86183333333334,32.09259259259259,19.222222222222225,46.86666666666667,970.4856666666667,SITE 5,INT
2025-12-31 08:00:00,63.926500000000004,51.56583333333333,33.79833333333333,31.962962962962965,19.370370370370374,47.86666666666667,971.4976666666666,SITE 5,INT
2025-12-31 09:00:00,54.21083333333333,44.47816666666667,29.4715,32.88888888888889,19.370370370370374,45.2,971.515,SITE 5,INT
2025-12-31 10:00:00,50.025,41.60616666666667,27.51966666666667,33.74074074074074,19.444444444444446,43.2,971.106,SITE 5,INT
2025-12-31 11:00:00,53.49532258064516,44.199516129032254,29.461774193548386,35.32258064516129,18.655913978494624,37.61290322580645,970.4300000000001,SITE 5,INT
2025-12-31 12:00:00,52.23466666666666,43.0695,28.586666666666666,36.07407407407408,16.61111111111111,31.8,969.4413333333334,SITE 5,INT
2025-12-31 13:00:00,38.54683333333333,33.627500000000005,22.620333333333335,37.18518518518519,14.24074074074074,25.666666666666668,968.3926666666666,SITE 5,INT
2025-12-31 14:00:00,36.04483333333334,32.231,21.682333333333336,37.96296296296296,12.703703703703704,22.1,967.5613333333333,SITE 5,INT
2025-12-31 15:00:00,36.58016666666666,32.593333333333334,21.983,38.07407407407407,12.370370370370372,21.466666666666665,967.3413333333333,SITE 5,INT
2025-12-31 16:00:00,37.13366666666666,32.659,22.173000000000002,38.40740740740741,12.092592592592593,20.733333333333334,967.3786666666667,SITE 5,INT
2025-12-31 17:00:00,41.37166666666667,35.400666666666666,23.84733333333333,38.38888888888889,12.648148148148149,21.566666666666666,967.378,SITE 5,INT
2025-12-31 18:00:00,80.28883333333333,71.55233333333332,47.3975,38.22222222222222,14.055555555555555,23.733333333333334,967.8009999999999,SITE 5,INT
2025-12-31 19:00:00,112.68299999999999,103.516,69.99183333333333,37.351851851851855,13.0,23.366666666666667,968.3486666666666,SITE 5,INT
2025-12-31 20:00:00,141.30112903225807,129.53854838709677,86.10112903225806,36.451612903225815,13.154121863799283,24.774193548387096,968.9954838709677,SITE 5,INT
2025-12-31 21:00:00,160.86316666666664,146.32433333333333,97.76016666666666,35.75925925925926,13.333333333333334,26.133333333333333,969.0386666666667,SITE 5,INT
2025-12-31 22:00:00,131.16299999999998,120.60166666666667,82.0695,35.55555555555556,12.62962962962963,25.0,968.8333333333334,SITE 5,INT
2025-12-31 23:00:00,103.391,95.96533333333333,65.75133333333333,35.18518518518519,11.759259259259261,24.2,968.41,SITE 5,INT
2026-01-01 00:00:00,111.25683333333333,102.21133333333334,65.48933333333333,34.62962962962963,11.981481481481483,25.533333333333335,967.9366666666666,SITE 5,INT
2026-01-01 01:00:00,86.99733333333333,80.8835,54.043,34.03703703703704,12.62962962962963,27.466666666666665,967.423,SITE 5,INT
2026-01-01 02:00:00,124.83650000000002,114.33449999999999,75.92383333333333,33.333333333333336,12.722222222222223,28.4,967.3853333333334,SITE 5,INT
2026-01-01 03:00:00,128.84333333333333,118.49116666666667,77.75683333333333,33.0,13.407407407407408,30.566666666666666,967.2353333333334,SITE 5,INT
2026-01-01 04:00:00,91.50387096774193,84.03709677419356,55.64661290322581,32.27598566308244,12.867383512544803,30.548387096774192,967.6435483870968,SITE 5,INT
2026-01-01 05:00:00,74.15416666666667,65.00333333333333,42.906666666666666,32.148148148148145,12.703703703703704,30.633333333333333,967.9240000000001,SITE 5,INT
2026-01-01 06:00:00,75.16116666666667,65.732,43.36416666666666,31.666666666666668,12.62962962962963,31.466666666666665,968.5156666666667,SITE 5,INT
2026-01-01 07:00:00,166.1865,152.63866666666667,96.905,31.666666666666668,13.574074074074074,33.5,969.3283333333333,SITE 5,INT
2026-01-01 08:00:00,203.55683333333334,189.1616666666667,119.90983333333334,31.64814814814815,13.148148148148149,32.666666666666664,969.9916666666667,SITE 5,INT
2026-01-01 09:00:00,113.09283333333333,103.87883333333335,67.08633333333333,32.111111111111114,11.62962962962963,28.766666666666666,970.1506666666667,SITE 5,INT
2026-01-01 10:00:00,67.28833333333334,55.42033333333333,36.330000000000005,33.351851851851855,10.851851851851851,25.333333333333332,969.737,SITE 5,INT
2026-01-01 11:00:00,47.568,39.22116666666667,25.163333333333334,34.55555555555556,7.462962962962963,18.8,969.1,SITE 5,INT
2026-01-01 12:00:00,34.900000000000006,31.08725806451613,20.793064516129032,35.483870967741936,7.132616487455198,17.258064516129032,968.0358064516129,SITE 5,INT
2026-01-01 13:00:00,29.21916666666667,27.260499999999997,18.885833333333334,36.592592592592595,7.018518518518519,16.1,966.9746666666667,SITE 5,INT
2026-01-01 14:00:00,31.005499999999998,28.892666666666667,19.995333333333335,37.55555555555556,6.907407407407407,15.166666666666666,966.0696666666666,SITE 5,INT
2026-01-01 15:00:00,31.289166666666667,29.106333333333335,20.179,38.277777777777786,6.740740740740741,14.366666666666667,965.456,SITE 5,INT
2026-01-01 16:00:00,40.29833333333333,34.82933333333334,23.6995,38.31481481481482,7.981481481481482,15.666666666666666,965.0013333333334,SITE 5,INT
2026-01-01 17:00:00,59.7885,50.44533333333333,35.3205,38.01851851851852,10.037037037037036,18.4,965.1823333333334,SITE 5,INT
2026-01-01 18:00:00,76.75233333333334,68.78516666666665,47.92766666666667,37.72222222222222,12.425925925925926,22.033333333333335,966.1276666666668,SITE 5,INT
2026-01-01 19:00:00,101.6824193548387,95.37935483870969,65.80387096774193,37.168458781362006,12.240143369175629,22.419354838709676,967.1867741935484,SITE 5,INT
2026-01-01 20:00:00,96.135,87.76816666666667,60.18833333333334,36.333333333333336,13.351851851851853,25.233333333333334,968.3166666666667,SITE 5,INT
2026-01-01 21:00:00,53.6795,44.219500000000004,29.73166666666667,35.92592592592593,16.574074074074073,31.8,969.1366666666667,SITE 5,INT
2026-01-01 22:00:00,49.03316666666667,40.859500000000004,27.276333333333334,35.351851851851855,17.296296296296298,34.5,969.2823333333333,SITE 5,INT
2026-01-01 23:00:00,46.955000000000005,39.371833333333335,26.365000000000002,35.0,17.722222222222225,36.1,969.314,SITE 5,INT
2026-01-02 00:00:00,44.98633333333333,38.0785,25.4465,34.648148148148145,18.31481481481482,38.3,969.2189999999999,SITE 5,INT
2026-01-02 01:00:00,46.292833333333334,38.82216666666667,25.726,34.18518518518519,18.685185185185183,40.13333333333333,968.579,SITE 5,INT
2026-01-02 02:00:00,45.652833333333334,38.458,25.494666666666667,33.38888888888889,18.666666666666668,41.833333333333336,967.8116666666666,SITE 5,INT
2026-01-02 03:00:00,43.42322580645162,37.06354838709677,24.680806451612902,33.261648745519715,18.81720430107527,43.0,967.7838709677419,SITE 5,INT
2026-01-02 04:00:00,43.207166666666666,36.99966666666667,24.456,32.77777777777778,18.40740740740741,43.03333333333333,967.5963333333333,SITE 5,INT
2026-01-02 05:00:00,48.785833333333336,40.7065,26.66433333333333,32.5,18.703703703703702,44.03333333333333,967.9050000000001,SITE 5,INT
2026-01-02 06:00:00,50.13983333333333,41.720166666666664,27.666666666666668,32.22222222222222,19.0,46.13333333333333,968.3976666666666,SITE 5,INT
2026-01-02 07:00:00,67.19166666666666,55.68833333333334,36.751333333333335,32.351851851851855,19.870370370370374,48.06666666666667,969.3340000000001,SITE 5,INT
2026-01-02 08:00:00,63.135999999999996,53.334833333333336,35.58616666666667,32.55555555555556,20.11111111111111,48.4,970.178,SITE 5,INT
2026-01-02 09:00:00,53.452,44.04316666666667,29.035,32.611111111111114,20.11111111111111,48.233333333333334,970.2043333333334,SITE 5,INT
2026-01-02 10:00:00,56.59583333333333,47.556000000000004,31.533833333333334,33.68518518518519,20.240740740740744,45.766666666666666,969.7090000000001,SITE 5,INT
2026-01-02 11:00:00,50.66112903225806,42.10225806451613,28.058709677419355,35.483870967741936,18.476702508960575,37.29032258064516,969.3183870967741,SITE 5,INT
2026-01-02 12:00:00,47.23103448275862,39.642413793103444,26.6198275862069,35.80459770114943,15.670498084291188,30.24137931034483,968.421724137931,SITE 5,INT
2026-01-02 13:00:00,38.686,33.943333333333335,22.944333333333336,36.87037037037037,14.555555555555555,26.533333333333335,967.3953333333334,SITE 5,INT
2026-01-02 14:00:00,37.1775,33.070166666666665,22.459166666666665,37.592592592592595,14.314814814814815,25.1,966.5183333333333,SITE 5,INT
2026-01-02 15:00:00,33.7955,30.994333333333334,21.15083333333333,37.77777777777778,13.592592592592592,23.866666666666667,966.178,SITE 5,INT
2026-01-02 16:00:00,36.20116666666667,32.243500000000004,21.878833333333333,37.96296296296296,14.222222222222223,24.433333333333334,966.1393333333333,SITE 5,INT
2026-01-02 17:00:00,41.410999999999994,35.254000000000005,23.4415,37.75925925925926,14.314814814814815,24.866666666666667,966.2216666666667,SITE 5,INT
2026-01-02 18:00:00,63.67209677419355,52.27532258064517,35.09661290322581,37.70609318996416,13.978494623655916,24.387096774193548,966.4993548387097,SITE 5,INT
2026-01-02 19:00:00,74.36833333333334,63.458999999999996,42.05916666666667,36.75925925925926,13.814814814814815,25.366666666666667,967.2330000000001,SITE 5,INT
2026-01-02 20:00:00,84.23766666666667,76.36683333333333,50.81883333333334,36.111111111111114,13.074074074074074,25.266666666666666,968.237,SITE 5,INT
2026-01-02 21:00:00,75.76016666666666,65.41799999999999,42.782666666666664,35.55555555555556,12.944444444444446,25.766666666666666,968.624,SITE 5,INT
2026-01-02 22:00:00,74.55733333333335,64.298,41.54683333333333,35.22222222222222,13.01851851851852,26.466666666666665,968.6776666666667,SITE 5,INT
2026-01-02 23:00:00,61.00566666666667,48.82183333333333,32.415,34.7962962962963,13.111111111111112,27.033333333333335,968.6943333333334,SITE 5,INT
2026-01-03 00:00:00,54.3225,44.23733333333333,29.296666666666667,34.42592592592593,13.925925925925926,29.266666666666666,968.796,SITE 5,INT
2026-01-03 01:00:00,45.87466666666667,38.609500000000004,25.89966666666667,34.03703703703704,14.925925925925926,31.866666666666667,968.5356666666667,SITE 5,INT
2026-01-03 02:00:00,47.02064516129032,39.51629032258065,26.473548387096773,33.65591397849463,15.89605734767025,34.54838709677419,967.9812903225807,SITE 5,INT
2026-01-03 03:00:00,47.76983333333333,40.10933333333333,26.778333333333332,33.27777777777778,16.5,36.833333333333336,967.7036666666667,SITE 5,INT
2026-01-03 04:00:00,46.88433333333333,39.54066666666667,26.40266666666667,32.77777777777778,16.85185185185185,38.63333333333333,967.92,SITE 5,INT
2026-01-03 05:00:00,45.95516666666666,38.8075,25.845666666666666,32.333333333333336,17.12962962962963,40.6,968.2263333333334,SITE 5,INT
2026-01-03 06:00:00,50.144,41.80733333333333,27.534,32.07407407407407,17.833333333333332,42.93333333333333,968.8923333333333,SITE 5,INT
2026-01-03 07:00:00,52.738166666666665,43.330333333333336,28.218666666666664,31.518518518518523,18.240740740740744,45.6,969.7903333333333,SITE 5,INT
2026-01-03 08:00:00,45.96366666666667,38.656166666666664,25.657,31.111111111111118,19.12962962962963,49.36666666666667,970.4096666666667,SITE 5,INT
2026-01-03 09:00:00,39.93532258064516,34.41919354838709,22.721612903225807,31.684587813620073,20.053763440860212,50.903225806451616,970.5029032258064,SITE 5,INT
2026-01-03 10:00:00,39.25783333333333,34.0565,22.661,32.77777777777778,20.333333333333332,48.2,970.1990000000001,SITE 5,INT
2026-01-03 11:00:00,42.29683333333333,36.28216666666666,24.24816666666667,34.38888888888889,20.25925925925926,43.9,969.5669999999999,SITE 5,INT
2026-01-03 12:00:00,41.19266666666667,35.4925,23.758,35.48148148148149,19.27777777777778,38.9,968.8539999999999,SITE 5,INT
2026-01-03 13:00:00,44.60566666666667,37.79833333333333,25.365000000000002,36.370370370370374,18.40740740740741,35.03333333333333,967.7396666666666,SITE 5,INT
2026-01-03 14:00:00,41.002833333333335,35.392500000000005,23.959666666666667,36.87037037037037,16.314814814814817,29.6,966.8259999999999,SITE 5,INT
2026-01-03 15:00:00,40.29683333333333,34.963499999999996,23.68166666666667,37.38888888888889,15.203703703703704,26.933333333333334,966.3836666666666,SITE 5,INT
2026-01-03 16:00:00,41.484833333333334,35.64433333333333,23.944666666666667,37.666666666666664,14.351851851851851,25.066666666666666,966.255,SITE 5,INT
2026-01-03 17:00:00,45.943709677419356,38.31516129032258,25.45177419354839,37.473118279569896,15.0,26.387096774193548,966.5522580645161,SITE 5,INT
2026-01-03 18:00:00,123.27550000000001,107.7935,64.961,37.62962962962963,16.64814814814815,29.166666666666668,966.872,SITE 5,INT
2026-01-03 19:00:00,161.951,146.80116666666666,93.55966666666667,37.7962962962963,16.962962962962965,29.566666666666666,967.6743333333333,SITE 5,INT
2026-01-03 20:00:00,153.182,140.46983333333336,90.08116666666666,36.777777777777786,15.944444444444446,29.366666666666667,968.4449999999999,SITE 5,INT
2026-01-03 21:00:00,106.07183333333334,98.62133333333333,65.07283333333334,36.14814814814815,15.74074074074074,29.933333333333334,969.034,SITE 5,INT
2026-01-03 22:00:00,73.39349999999999,63.53333333333333,41.993833333333335,36.111111111111114,15.555555555555559,29.833333333333332,968.956,SITE 5,INT
2026-01-03 23:00:00,78.6795,69.22083333333333,45.89933333333333,35.81481481481482,16.25925925925926,31.633333333333333,969.2146666666666,SITE 5,INT
2026-01-04 00:00:00,52.30283333333333,43.35916666666667,29.213166666666666,34.907407407407405,16.37037037037037,33.4,969.4543333333334,SITE 5,INT
2026-01-04 01:00:00,40.87516129032257,35.27064516129032,23.62274193548387,34.10394265232975,16.57706093189964,35.41935483870968,969.01,SITE 5,INT
2026-01-04 02:00:00,23.674166666666668,22.43566666666667,15.629666666666667,33.333333333333336,17.333333333333332,38.63333333333333,968.4126666666667,SITE 5,INT
2026-01-04 03:00:00,13.1565,12.571499999999999,8.879833333333332,33.22222222222222,15.611111111111112,34.766666666666666,967.5466666666667,SITE 5,INT
2026-01-04 04:00:00,23.004666666666665,21.557166666666667,14.893333333333334,32.96296296296296,15.203703703703704,34.1,967.803,SITE 5,INT
2026-01-04 05:00:00,34.82333333333334,31.746166666666667,22.27283333333333,32.92592592592593,15.907407407407408,36.56666666666667,968.374,SITE 5,INT
2026-01-04 06:00:00,67.94516666666667,63.9205,45.324,34.44444444444444,19.166666666666668,40.86666666666667,968.9060000000001,SITE 5,INT
2026-01-04 07:00:00,43.0595,38.035,25.432000000000002,32.88888888888889,17.203703703703702,39.46666666666667,969.5676666666666,SITE 5,INT
2026-01-04 08:00:00,41.032333333333334,35.336999999999996,23.549833333333332,32.22222222222222,18.333333333333332,44.03333333333333,970.1396666666666,SITE 5,INT
2026-01-04 09:00:00,41.30612903225806,35.45467741935484,23.653548387096773,32.491039426523294,19.659498207885306,46.87096774193548,970.4716129032257,SITE 5,INT
2026-01-04 10:00:00,38.96383333333333,34.05616666666666,22.756666666666668,33.51851851851852,20.0,45.53333333333333,970.1806666666666,SITE 5,INT
2026-01-04 11:00:00,40.38633333333333,35.12383333333333,23.658333333333335,34.48148148148148,20.055555555555557,43.166666666666664,969.772,SITE 5,INT
2026-01-04 12:00:00,35.496833333333335,32.027166666666666,21.674166666666668,35.42592592592593,19.62962962962963,39.8,968.8756666666667,SITE 5,INT
2026-01-04 13:00:00,38.3305,33.81166666666667,22.995833333333334,36.31481481481482,18.90740740740741,36.333333333333336,968.007,SITE 5,INT
2026-01-04 14:00:00,39.19433333333333,34.323166666666665,23.231833333333334,36.66666666666667,17.944444444444446,33.63333333333333,967.1546666666667,SITE 5,INT
2026-01-04 15:00:00,40.18516666666667,34.91333333333333,23.6225,37.01851851851852,18.37037037037037,33.7,966.7246666666666,SITE 5,INT
2026-01-04 16:00:00,39.38066666666667,34.053333333333335,23.029,36.96296296296296,16.85185185185185,30.7,966.7573333333333,SITE 5,INT
2026-01-04 17:00:00,47.130833333333335,40.147333333333336,26.934,36.98148148148149,16.962962962962965,30.766666666666666,966.8889999999999,SITE 5,INT
2026-01-04 18:00:00,63.0075806451613,52.377096774193554,33.347580645161294,36.27240143369176,15.860215053763442,30.129032258064516,967.413870967742,SITE 5,INT
2026-01-04 19:00:00,81.76583333333333,71.46499999999999,50.2535,36.50000000000001,17.222222222222225,32.2,968.368,SITE 5,INT
2026-01-04 20:00:00,54.691,44.748000000000005,29.986833333333333,36.277777777777786,18.0,34.5,968.989,SITE 5,INT
2026-01-04 21:00:00,49.785333333333334,41.25183333333334,27.829166666666666,35.64814814814815,17.87037037037037,35.13333333333333,969.3163333333333,SITE 5,INT
2026-01-04 22:00:00,48.032000000000004,40.200500000000005,27.198,35.46296296296296,17.925925925925927,35.63333333333333,969.4956666666666,SITE 5,INT
2026-01-04 23:00:00,43.734375,37.0175,24.480625,35.0,17.77777777777778,36.0,969.33125,SITE 5,INT
2026-01-05 00:00:00,47.49714285714286,39.80214285714286,26.68547619047619,33.042328042328045,18.01587301587302,41.285714285714285,969.1390476190476,SITE 5,INT
2026-01-05 01:00:00,72.64758064516128,63.31193548387097,41.19161290322581,33.88888888888889,18.333333333333336,40.0,968.7390322580645,SITE 5,INT
2026-01-05 02:00:00,73.77178571428571,64.35928571428572,41.45732142857143,33.392857142857146,18.333333333333336,41.0,967.9435714285715,SITE 5,INT
2026-01-05 03:00:00,49.53066666666667,41.19383333333334,27.0195,33.333333333333336,18.333333333333336,41.333333333333336,967.5753333333333,SITE 5,INT
2026-01-05 04:00:00,46.656129032258065,39.303870967741936,26.000967741935483,33.11827956989247,18.799283154121866,42.96774193548387,968.0141935483871,SITE 5,INT
2026-01-05 05:00:00,53.92766666666667,45.410666666666664,30.337333333333333,33.092592592592595,19.055555555555557,43.86666666666667,968.4236666666667,SITE 5,INT
2026-01-05 06:00:00,53.198499999999996,43.84983333333333,29.235,33.01851851851852,19.444444444444446,45.1,968.8703333333334,SITE 5,INT
2026-01-05 07:00:00,54.473333333333336,44.5655,29.436833333333333,32.05555555555556,19.14814814814815,46.56666666666667,969.5646666666667,SITE 5,INT
2026-01-05 08:00:00,46.58566666666666,38.99533333333333,25.783,31.48148148148148,19.574074074074076,49.56666666666667,970.0313333333332,SITE 5,INT
2026-01-05 09:00:00,48.152,40.10883333333334,26.509166666666665,32.166666666666664,19.666666666666668,48.0,970.0296666666667,SITE 5,INT
2026-01-05 10:00:00,46.94766666666667,39.249166666666675,26.2245,33.64814814814815,19.740740740740744,44.43333333333333,969.903,SITE 5,INT
2026-01-05 11:00:00,44.72233333333334,37.876,25.451833333333333,35.07407407407407,19.14814814814815,39.53333333333333,969.3886666666666,SITE 5,INT
2026-01-05 12:00:00,44.66225806451613,37.736451612903224,25.50725806451613,36.09318996415771,17.939068100358423,34.58064516129032,968.353870967742,SITE 5,INT
2026-01-05 13:00:00,47.664,39.891666666666666,26.8145,36.87037037037037,17.27777777777778,31.666666666666668,967.1286666666667,SITE 5,INT
2026-01-05 14:00:00,47.26533333333334,39.515499999999996,26.561833333333333,37.31481481481481,16.814814814814817,29.966666666666665,966.2296666666666,SITE 5,INT
2026-01-05 15:00:00,44.49283333333334,37.54716666666666,25.231333333333335,38.0,16.40740740740741,28.133333333333333,965.6723333333333,SITE 5,INT
2026-01-05 16:00:00,44.603965517241384,37.618793103448276,25.307413793103446,37.95019157088123,16.379310344827587,28.137931034482758,965.3155172413793,SITE 5,INT
2026-01-05 17:00:00,45.973333333333336,38.393166666666666,25.721166666666665,38.166666666666664,16.203703703703706,27.4,965.8596666666667,SITE 5,INT
2026-01-05 18:00:00,63.574,51.2515,33.509499999999996,38.333333333333336,17.074074074074076,28.8,966.3646666666666,SITE 5,INT
2026-01-05 19:00:00,60.539833333333334,51.44433333333333,34.33083333333333,38.01851851851852,16.851851851851855,28.933333333333334,967.0836666666667,SITE 5,INT
2026-01-05 20:00:00,82.98883333333333,75.89783333333334,50.198,37.22222222222222,16.592592592592595,29.766666666666666,968.2326666666667,SITE 5,INT
2026-01-05 21:00:00,60.61683333333334,49.850500000000004,33.338166666666666,36.68518518518519,17.0,31.133333333333333,968.3853333333334,SITE 5,INT
2026-01-05 22:00:00,53.66580645161291,44.038548387096775,29.42790322580645,36.146953405017925,18.387096774193548,35.45161290322581,968.4883870967742,SITE 5,INT
2026-01-05 23:00:00,46.77916666666667,39.335166666666666,26.548833333333334,35.611111111111114,18.685185185185183,37.03333333333333,968.5740000000001,SITE 5,INT
2026-01-06 00:00:00,40.974833333333336,35.373000000000005,23.780166666666666,34.98148148148148,18.055555555555557,37.06666666666667,968.2896666666667,SITE 5,INT
2026-01-06 01:00:00,42.44083333333333,36.36533333333333,24.426,34.44444444444444,18.11111111111111,38.4,968.0616666666666,SITE 5,INT
2026-01-06 02:00:00,43.96583333333333,37.279833333333336,24.913,33.851851851851855,18.185185185185187,39.8,968.0283333333333,SITE 5,INT
2026-01-06 03:00:00,41.042833333333334,35.55983333333334,23.861666666666668,33.22222222222222,17.85185185185185,40.63333333333333,967.5586666666666,SITE 5,INT
2026-01-06 04:00:00,43.23116666666667,37.01483333333333,24.80933333333333,32.37037037037037,17.87037037037037,42.1,967.6830000000001,SITE 5,INT
2026-01-06 05:00:00,55.691833333333335,46.60183333333334,31.061666666666667,32.75925925925926,18.64814814814815,43.266666666666666,968.2693333333334,SITE 5,INT
2026-01-06 06:00:00,56.913225806451614,48.27564516129033,32.461129032258064,32.75985663082437,18.010752688172044,41.806451612903224,968.521935483871,SITE 5,INT
2026-01-06 07:00:00,60.149166666666666,48.623666666666665,32.05583333333333,31.722222222222225,16.38888888888889,39.93333333333333,969.096,SITE 5,INT
2026-01-06 08:00:00,56.416333333333334,46.01016666666667,30.444666666666667,31.574074074074076,16.666666666666668,41.1,969.9419999999999,SITE 5,INT
2026-01-06 09:00:00,51.969500000000004,43.00783333333333,28.3865,31.296296296296298,17.11111111111111,42.666666666666664,970.2663333333333,SITE 5,INT
2026-01-06 10:00:00,48.57583333333333,40.62016666666667,27.039833333333334,31.833333333333332,17.462962962962965,42.666666666666664,969.9603333333333,SITE 5,INT
2026-01-06 11:00:00,49.44216666666667,41.278,27.464499999999997,33.53703703703704,17.407407407407405,38.53333333333333,969.003,SITE 5,INT
2026-01-06 12:00:00,51.98533333333333,42.9505,28.371166666666667,34.166666666666664,17.296296296296298,36.9,968.2800000000001,SITE 5,INT
2026-01-06 13:00:00,48.842333333333336,40.783,27.32766666666667,35.351851851851855,17.592592592592595,35.1,967.1213333333333,SITE 5,INT
2026-01-06 14:00:00,49.144677419354835,41.061290322580646,27.516612903225806,36.487455197132626,17.38351254480287,32.645161290322584,966.1370967741935,SITE 5,INT
2026-01-06 15:00:00,50.7935,42.27183333333333,28.215666666666667,36.64814814814815,16.48148148148148,30.466666666666665,965.6686666666667,SITE 5,INT
2026-01-06 16:00:00,55.21633333333333,45.521499999999996,30.48616666666667,37.12962962962963,16.22222222222222,29.233333333333334,965.4946666666667,SITE 5,INT
2026-01-06 17:00:00,60.2485,48.81933333333333,32.867666666666665,37.94444444444445,17.685185185185183,30.633333333333333,965.7816666666666,SITE 5,INT
2026-01-06 18:00:00,69.21033333333334,57.0525,37.91733333333333,37.53703703703704,17.703703703703702,31.3,966.2603333333334,SITE 5,INT
2026-01-06 19:00:00,89.82383333333334,82.47116666666668,54.57483333333334,36.90740740740741,16.48148148148148,29.833333333333332,966.9003333333333,SITE 5,INT
2026-01-06 20:00:00,61.396,49.836,32.97683333333334,36.111111111111114,17.166666666666668,32.8,967.7270000000001,SITE 5,INT
2026-01-06 21:00:00,57.6325,46.955333333333336,31.158666666666665,35.37037037037037,16.87037037037037,33.6,968.1443333333333,SITE 5,INT
2026-01-06 22:00:00,59.479677419354836,48.26370967741936,31.988709677419354,34.60573476702509,17.1505376344086,35.61290322580645,968.2445161290323,SITE 5,INT
2026-01-06 23:00:00,58.447,47.62883333333333,31.587,34.111111111111114,16.85185185185185,36.266666666666666,968.303,SITE 5,INT
2026-01-07 00:00:00,58.22966666666667,47.507333333333335,31.454166666666666,33.98148148148149,16.75925925925926,36.13333333333333,967.9676666666667,SITE 5,INT
2026-01-07 01:00:00,57.57533333333333,47.10316666666667,31.202333333333332,33.40740740740741,16.425925925925927,36.46666666666667,967.3136666666667,SITE 5,INT
2026-01-07 02:00:00,59.913000000000004,48.6455,32.22966666666667,33.592592592592595,16.01851851851852,35.3,967.0023333333334,SITE 5,INT
2026-01-07 03:00:00,61.86066666666667,50.113166666666665,33.153666666666666,33.42592592592593,16.944444444444446,37.733333333333334,967.276,SITE 5,INT
2026-01-07 04:00:00,62.618833333333335,51.04716666666666,33.61083333333333,33.2962962962963,17.90740740740741,40.233333333333334,967.703,SITE 5,INT
2026-01-07 05:00:00,78.83416666666668,68.6585,46.4925,32.7962962962963,18.27777777777778,42.46666666666667,968.25,SITE 5,INT
2026-01-07 06:00:00,66.7717741935484,54.678064516129034,36.097096774193545,32.437275985663085,17.95698924731183,42.16129032258065,968.6132258064515,SITE 5,INT
2026-01-07 07:00:00,70.67933333333333,59.873000000000005,39.2895,31.962962962962965,18.018518518518523,43.7,969.3833333333333,SITE 5,INT
2026-01-07 08:00:00,60.42516666666667,50.030166666666666,32.8645,32.2037037037037,18.518518518518523,44.666666666666664,970.0553333333334,SITE 5,INT
2026-01-07 09:00:00,63.58566666666666,52.25966666666667,34.712999999999994,32.53703703703704,17.166666666666668,40.333333333333336,970.029,SITE 5,INT
2026-01-07 10:00:00,69.56033333333333,59.624,40.16816666666667,33.27777777777778,14.555555555555555,32.6,969.6920000000001,SITE 5,INT
2026-01-07 11:00:00,53.45133333333333,43.897333333333336,29.0825,34.407407407407405,13.5,28.433333333333334,969.1753333333332,SITE 5,INT
2026-01-07 12:00:00,46.834666666666664,38.67833333333333,25.536166666666666,35.592592592592595,12.314814814814815,24.633333333333333,968.5753333333333,SITE 5,INT
2026-01-07 13:00:00,47.270833333333336,39.218333333333334,26.096666666666668,36.611111111111114,10.75925925925926,20.833333333333332,967.4233333333334,SITE 5,INT
2026-01-07 14:00:00,43.29854838709678,36.70741935483871,24.747096774193547,37.29390681003584,9.605734767025089,18.612903225806452,966.6274193548387,SITE 5,INT
2026-01-07 15:00:00,40.013000000000005,34.274166666666666,22.955166666666667,37.94444444444445,9.592592592592592,17.833333333333332,966.3919999999999,SITE 5,INT
2026-01-07 16:00:00,40.96816666666667,34.78316666666667,23.441333333333333,38.351851851851855,9.88888888888889,17.866666666666667,966.5073333333333,SITE 5,INT
2026-01-07 17:00:00,53.45883333333333,43.57233333333333,29.418166666666664,38.42592592592593,10.574074074074074,18.666666666666668,966.6706666666666,SITE 5,INT
2026-01-07 18:00:00,81.06483333333334,72.41516666666666,48.91233333333333,37.98148148148149,10.333333333333334,18.7,967.1266666666667,SITE 5,INT
2026-01-07 19:00:00,79.85166666666667,70.79549999999999,48.81466666666667,36.94444444444445,8.925925925925926,18.066666666666666,968.0550000000001,SITE 5,INT
2026-01-07 20:00:00,77.15566666666668,67.923,46.18,36.111111111111114,8.88888888888889,19.0,969.0153333333333,SITE 5,INT
2026-01-07 21:00:00,53.474500000000006,43.42583333333334,28.98483333333333,35.53703703703704,8.833333333333334,19.366666666666667,969.475,SITE 5,INT
2026-01-07 22:00:00,36.90568965517242,31.802413793103447,20.94637931034483,35.421455938697314,8.735632183908047,19.517241379310345,969.7120689655173,SITE 5,INT
2026-01-07 23:00:00,28.91166666666667,26.062,17.26516666666667,34.88888888888889,8.703703703703704,20.0,969.6036666666666,SITE 5,INT
2026-01-08 00:00:00,20.905666666666665,18.63383333333333,12.332833333333333,34.27777777777778,8.611111111111112,20.5,969.3466666666667,SITE 5,INT
2026-01-08 01:00:00,16.329166666666666,14.555,9.5315,33.870370370370374,8.500000000000002,21.0,969.3973333333332,SITE 5,INT
2026-01-08 02:00:00,15.704833333333333,14.267999999999999,9.460166666666668,33.50000000000001,8.500000000000002,21.733333333333334,969.7543333333334,SITE 5,INT
2026-01-08 03:00:00,17.638275862068966,16.145,10.41948275862069,32.93103448275862,8.371647509578544,21.896551724137932,969.5144827586206,SITE 5,INT
2026-01-08 04:00:00,28.8885,26.640333333333334,17.575666666666667,32.77777777777778,8.925925925925926,22.866666666666667,969.8036666666667,SITE 5,INT
2026-01-08 05:00:00,20.06566666666667,18.35533333333333,12.378666666666668,31.833333333333332,8.555555555555555,23.633333333333333,970.349,SITE 5,INT
2026-01-08 06:00:00,22.755166666666664,20.897166666666667,13.818166666666666,30.61111111111111,7.574074074074074,23.666666666666668,970.5463333333333,SITE 5,INT
2026-01-08 07:00:00,20.432000000000002,18.273000000000003,11.335833333333333,30.0,7.314814814814815,24.066666666666666,970.992,SITE 5,INT
2026-01-08 08:00:00,16.279,14.388499999999999,9.126666666666667,29.90740740740741,7.333333333333333,24.233333333333334,972.3413333333333,SITE 5,INT
2026-01-08 09:00:00,13.968448275862068,12.529655172413793,7.984137931034483,29.92337164750958,7.7011494252873565,24.93103448275862,972.4813793103448,SITE 5,INT
2026-01-08 10:00:00,14.019666666666666,12.255666666666666,7.825333333333333,30.462962962962965,7.685185185185186,24.1,972.5830000000001,SITE 5,INT
2026-01-08 11:00:00,13.103666666666667,11.124666666666666,7.002833333333333,31.5,7.703703703703705,22.433333333333334,971.9546666666666,SITE 5,INT
2026-01-08 12:00:00,15.869333333333334,13.648,8.873333333333333,32.148148148148145,7.407407407407407,21.433333333333334,970.7596666666667,SITE 5,INT
2026-01-08 13:00:00,17.743214285714284,15.531607142857142,9.801964285714286,32.87698412698413,7.380952380952381,20.464285714285715,969.9153571428571,SITE 5,INT
2026-01-08 14:00:00,29.093,25.02283333333333,16.284333333333333,33.42592592592593,7.629629629629631,20.066666666666666,969.1333333333333,SITE 5,INT
2026-01-08 15:00:00,31.58716666666667,28.383333333333333,19.300666666666665,33.40740740740741,7.814814814814815,20.2,968.7663333333333,SITE 5,INT
2026-01-08 16:00:00,46.3825,40.55433333333334,23.853,33.870370370370374,7.851851851851852,20.0,968.5616666666666,SITE 5,INT
2026-01-08 17:00:00,43.06783333333333,35.45316666666667,23.1675,33.68518518518519,8.611111111111112,21.166666666666668,968.8133333333334,SITE 5,INT
2026-01-08 18:00:00,51.68783333333333,41.855000000000004,27.069166666666668,33.333333333333336,8.611111111111112,21.666666666666668,969.2976666666667,SITE 5,INT
2026-01-08 19:00:00,55.43258620689655,44.736551724137925,29.618275862068963,33.04597701149425,7.873563218390805,21.0,969.8524137931034,SITE 5,INT
2026-01-08 20:00:00,55.651666666666664,44.95366666666666,29.149833333333333,32.77777777777778,7.75925925925926,21.166666666666668,970.6550000000001,SITE 5,INT
2026-01-08 21:00:00,49.229166666666664,39.566833333333335,25.524166666666666,32.51851851851852,7.833333333333334,21.6,971.0856666666666,SITE 5,INT
2026-01-08 22:00:00,48.71716666666667,39.5055,25.805833333333332,32.22222222222222,7.851851851851852,22.1,970.9906666666667,SITE 5,INT
2026-01-08 23:00:00,49.689499999999995,40.324,26.248833333333334,31.685185185185183,7.888888888888889,23.0,970.9063333333332,SITE 5,INT
2026-01-09 00:00:00,45.49483333333333,37.305,23.921833333333332,31.425925925925927,8.092592592592593,23.3,970.5126666666667,SITE 5,INT
2026-01-09 01:00:00,27.783103448275863,24.931379310344827,16.118275862068966,31.111111111111114,7.777777777777779,23.310344827586206,970.053448275862,SITE 5,INT
2026-01-09 02:00:00,23.344333333333335,21.2865,13.911,30.685185185185187,7.351851851851852,23.0,969.6936666666667,SITE 5,INT
2026-01-09 03:00:00,24.2905,22.134,14.621,30.333333333333332,7.203703703703704,23.633333333333333,969.4979999999999,SITE 5,INT
2026-01-09 04:00:00,36.51016666666667,31.598666666666666,20.937833333333334,30.12962962962963,8.444444444444445,25.866666666666667,969.4043333333334,SITE 5,INT
2026-01-09 05:00:00,56.99816666666666,47.453833333333336,31.48933333333333,30.01851851851852,8.75925925925926,26.733333333333334,969.5846666666667,SITE 5,INT
2026-01-09 06:00:00,62.49068965517242,50.20310344827587,32.54086206896552,29.82758620689655,8.333333333333334,26.275862068965516,970.0831034482759,SITE 5,INT
2026-01-09 07:00:00,81.78716666666666,72.55799999999999,45.722166666666666,29.333333333333332,8.055555555555555,26.266666666666666,970.855,SITE 5,INT
2026-01-09 08:00:00,77.29083333333332,66.6795,42.396166666666666,29.444444444444446,8.203703703703704,26.733333333333334,971.5616666666666,SITE 5,INT
2026-01-09 09:00:00,45.108333333333334,36.79316666666667,23.465,29.944444444444446,6.851851851851852,23.366666666666667,971.56,SITE 5,INT
2026-01-09 10:00:00,30.529,25.962,16.130333333333333,31.185185185185187,6.0,20.466666666666665,971.1056666666666,SITE 5,INT
2026-01-09 11:00:00,28.99896551724138,24.917758620689657,15.579310344827586,32.911877394636015,5.919540229885058,18.482758620689655,970.2031034482759,SITE 5,INT
2026-01-09 12:00:00,21.9785,18.939833333333336,12.181333333333333,34.44444444444444,4.481481481481482,15.266666666666667,969.0796666666666,SITE 5,INT
2026-01-09 13:00:00,28.083333333333332,24.4695,16.0305,35.666666666666664,4.055555555555555,13.9,967.9093333333333,SITE 5,INT
2026-01-09 14:00:00,25.31,22.55706896551724,15.302758620689655,36.66666666666667,3.67816091954023,12.655172413793103,966.9255172413793,SITE 5,INT
2026-01-09 15:00:00,22.862833333333334,20.648666666666667,13.969333333333333,36.94444444444445,3.055555555555556,12.0,966.4926666666667,SITE 5,INT
2026-01-09 16:00:00,30.02733333333333,27.019166666666667,18.482000000000003,37.7037037037037,5.111111111111112,13.2,966.4473333333333,SITE 5,INT
2026-01-09 17:00:00,41.44883333333333,34.73116666666667,23.378333333333334,37.51851851851852,5.444444444444445,13.7,966.9366666666666,SITE 5,INT
2026-01-09 18:00:00,78.59516666666667,68.78016666666667,46.4,36.833333333333336,6.37037037037037,15.133333333333333,967.379,SITE 5,INT
2026-01-09 19:00:00,112.26033333333334,101.57016666666667,67.59983333333334,36.092592592592595,6.759259259259259,16.333333333333332,968.144,SITE 5,INT
2026-01-09 20:00:00,93.97310344827585,86.92224137931034,59.37689655172414,35.421455938697314,6.168582375478928,16.20689655172414,968.9662068965517,SITE 5,INT
2026-01-09 21:00:00,83.30816666666666,77.73166666666665,54.30133333333333,35.0,6.037037037037037,16.3,969.428,SITE 5,INT
2026-01-09 22:00:00,67.09366666666666,55.33,37.58833333333334,34.46296296296296,5.574074074074074,16.3,969.535,SITE 5,INT
2026-01-09 23:00:00,53.175333333333334,43.10616666666667,28.716833333333334,34.074074074074076,5.185185185185185,16.266666666666666,969.493,SITE 5,INT
2026-01-10 00:00:00,49.22366666666667,40.2375,26.449,33.68518518518519,5.537037037037037,17.133333333333333,969.2583333333333,SITE 5,INT
2026-01-10 01:00:00,44.31775862068965,36.86706896551724,24.176896551724138,33.333333333333336,6.168582375478927,18.275862068965516,968.8486206896551,SITE 5,INT
2026-01-10 02:00:00,33.308,29.528333333333332,19.779999999999998,32.96296296296296,5.62962962962963,18.1,968.371,SITE 5,INT
2026-01-10 03:00:00,28.43616666666667,25.863833333333332,17.2045,32.55555555555556,5.222222222222222,18.0,968.1313333333333,SITE 5,INT
2026-01-10 04:00:00,62.3545,52.958999999999996,31.796833333333332,31.796296296296298,6.277777777777778,20.2,968.13,SITE 5,INT
2026-01-10 05:00:00,59.77883333333333,48.48116666666667,30.354,31.129629629629633,6.685185185185186,21.033333333333335,968.4066666666666,SITE 5,INT
2026-01-10 06:00:00,86.357,75.84883333333333,43.98633333333333,31.111111111111118,7.0,22.366666666666667,968.857,SITE 5,INT
2026-01-10 07:00:00,135.59810344827588,122.92379310344828,78.63120689655172,30.67049808429119,7.7586206896551735,23.75862068965517,969.6406896551724,SITE 5,INT
2026-01-10 08:00:00,99.10600000000001,85.20733333333334,52.004,30.5,8.685185185185185,25.766666666666666,970.3766666666667,SITE 5,INT
2026-01-10 09:00:00,38.20766666666667,31.602833333333333,19.611,30.61111111111111,7.870370370370371,24.2,970.658,SITE 5,INT
2026-01-10 10:00:00,25.024833333333333,21.948833333333333,13.8305,31.53703703703704,6.12962962962963,20.466666666666665,970.4143333333334,SITE 5,INT
2026-01-10 11:00:00,23.344833333333334,20.471999999999998,13.127999999999998,33.05555555555556,5.074074074074074,17.3,969.7180000000001,SITE 5,INT
2026-01-10 12:00:00,20.321666666666665,17.446833333333334,11.013666666666666,34.51851851851852,2.388888888888889,13.133333333333333,968.775,SITE 5,INT
2026-01-10 13:00:00,30.67896551724138,27.302413793103447,18.07189655172414,35.651340996168585,1.7624521072796937,11.758620689655173,967.818275862069,SITE 5,INT
2026-01-10 14:00:00,24.437,21.903166666666667,14.82,36.50000000000001,0.6666666666666666,10.3,966.8353333333333,SITE 5,INT
2026-01-10 15:00:00,36.29066666666667,31.6365,21.688333333333333,37.2037037037037,-0.03703703703703704,9.2,966.3406666666667,SITE 5,INT
2026-01-10 16:00:00,45.18716666666667,37.404833333333336,25.43,37.7037037037037,2.148148148148148,10.633333333333333,966.393,SITE 5,INT
2026-01-10 17:00:00,54.092666666666666,43.7885,29.53983333333333,37.351851851851855,3.925925925925926,12.5,966.6746666666667,SITE 5,INT
2026-01-10 18:00:00,92.2875,80.04683333333332,54.367,37.148148148148145,5.333333333333333,13.933333333333334,967.077,SITE 5,INT
2026-01-10 19:00:00,109.50016666666667,99.51083333333332,66.75516666666667,36.7962962962963,6.537037037037037,15.433333333333334,967.6163333333334,SITE 5,INT
2026-01-10 20:00:00,78.75633333333333,68.132,44.150333333333336,35.62962962962963,3.4074074074074074,13.166666666666666,968.55,SITE 5,INT
2026-01-10 21:00:00,73.19879310344827,62.56775862068965,41.992413793103445,34.94252873563219,3.0651340996168583,13.379310344827585,968.8813793103449,SITE 5,INT
2026-01-10 22:00:00,74.52266666666667,62.62316666666666,41.53,34.407407407407405,2.9259259259259256,14.0,968.8076666666667,SITE 5,INT
2026-01-10 23:00:00,46.424,36.9025,23.372666666666664,33.88888888888889,2.759259259259259,14.0,968.5913333333334,SITE 5,INT
2026-01-11 00:00:00,40.42033333333334,32.40533333333333,19.4085,33.333333333333336,2.648148148148148,14.166666666666666,968.2800000000001,SITE 5,INT
2026-01-11 01:00:00,34.857499999999995,28.195666666666668,15.709333333333332,32.833333333333336,2.148148148148148,14.133333333333333,967.7520000000001,SITE 5,INT
2026-01-11 02:00:00,38.49366666666666,29.889333333333337,16.313666666666666,32.51851851851852,1.388888888888889,13.7,967.1376666666667,SITE 5,INT
2026-01-11 03:00:00,35.46896551724138,28.34551724137931,15.696034482758622,31.724137931034484,1.1111111111111112,13.89655172413793,966.9799999999999,SITE 5,INT
2026-01-11 04:00:00,43.44166666666667,33.85316666666667,19.550833333333333,31.5,1.6481481481481484,14.966666666666667,967.006,SITE 5,INT
2026-01-11 05:00:00,54.541000000000004,42.89816666666666,26.710500000000003,31.16666666666667,3.0,16.6,967.336,SITE 5,INT
2026-01-11 06:00:00,73.31616666666667,60.76766666666666,39.64933333333333,31.925925925925927,5.444444444444445,19.366666666666667,968.0276666666667,SITE 5,INT
2026-01-11 07:00:00,102.89116666666668,89.55566666666667,54.00083333333334,31.111111111111118,3.7962962962962967,17.666666666666668,968.7323333333334,SITE 5,INT
2026-01-11 08:00:00,76.57333333333332,63.91466666666667,38.8225,30.685185185185187,3.425925925925926,17.466666666666665,969.5616666666666,SITE 5,INT
2026-01-11 09:00:00,49.175,36.73966666666667,21.43166666666667,30.75925925925926,3.2222222222222223,17.2,969.8213333333333,SITE 5,INT
2026-01-11 10:00:00,48.42172413793104,35.67206896551724,20.388620689655173,31.99233716475096,3.3716475095785445,16.103448275862068,969.4965517241379,SITE 5,INT
2026-01-11 11:00:00,51.317,37.73166666666667,21.925666666666665,33.75925925925926,3.740740740740741,14.9,968.6996666666668,SITE 5,INT
2026-01-11 12:00:00,52.257333333333335,38.38633333333333,22.28966666666667,35.148148148148145,3.0740740740740744,13.433333333333334,967.868,SITE 5,INT
2026-01-11 13:00:00,50.96033333333333,37.209500000000006,21.189000000000004,36.46296296296296,3.6666666666666665,12.833333333333334,966.876,SITE 5,INT
2026-01-11 14:00:00,49.845166666666664,37.01466666666667,21.212333333333333,37.27777777777778,1.925925925925926,10.766666666666667,966.0580000000001,SITE 5,INT
2026-01-11 15:00:00,53.782000000000004,41.026500000000006,24.657333333333334,37.75925925925926,2.055555555555556,10.6,965.5580000000001,SITE 5,INT
2026-01-11 16:00:00,66.145,51.61413793103448,32.19706896551724,38.71647509578544,6.4559386973180075,14.0,965.3982758620689,SITE 5,INT
2026-01-11 17:00:00,109.02583333333334,94.94933333333333,65.15216666666667,38.74074074074075,7.296296296296297,14.633333333333333,965.6983333333334,SITE 5,INT
2026-01-11 18:00:00,129.79783333333333,115.39783333333334,76.4035,37.5,6.833333333333333,15.266666666666667,966.3326666666667,SITE 5,INT
2026-01-11 19:00:00,172.9298333333333,154.71766666666664,102.11683333333333,36.55555555555556,7.388888888888889,16.633333333333333,967.0669999999999,SITE 5,INT
2026-01-11 20:00:00,112.20133333333334,98.57950000000001,63.633,35.666666666666664,5.388888888888889,15.333333333333334,967.7513333333334,SITE 5,INT
2026-01-11 21:00:00,81.31133333333334,69.432,43.312333333333335,35.53703703703704,4.333333333333333,14.133333333333333,968.0466666666667,SITE 5,INT
2026-01-11 22:00:00,78.12465517241378,65.66879310344828,40.4896551724138,35.019157088122604,3.42911877394636,14.0,968.106551724138,SITE 5,INT
2026-01-11 23:00:00,61.108,45.707499999999996,28.150666666666666,34.44444444444444,3.314814814814815,14.0,967.952,SITE 5,INT
2026-01-12 00:00:00,75.38566666666667,60.28966666666667,35.998333333333335,34.01851851851852,3.5740740740740744,14.7,967.7426666666667,SITE 5,INT
2026-01-12 01:00:00,60.20883333333333,45.094833333333334,27.392666666666667,33.50000000000001,3.092592592592593,14.6,967.1569999999999,SITE 5,INT
2026-01-12 02:00:00,55.67466666666667,41.48266666666667,24.649333333333335,32.42592592592593,1.8518518518518519,14.0,966.7996666666666,SITE 5,INT
2026-01-12 03:00:00,53.13033333333333,39.48533333333333,23.107666666666667,31.703703703703702,1.1481481481481481,14.0,966.8453333333333,SITE 5,INT
2026-01-12 04:00:00,53.967241379310344,40.4251724137931,23.86603448275862,31.45593869731801,1.896551724137931,15.10344827586207,967.1537931034483,SITE 5,INT
2026-01-12 05:00:00,66.41683333333334,50.84083333333333,31.945833333333333,31.666666666666668,5.574074074074074,19.466666666666665,967.568,SITE 5,INT
2026-01-12 06:00:00,69.83916666666667,54.437333333333335,33.96383333333333,31.240740740740744,5.444444444444445,19.666666666666668,967.8933333333333,SITE 5,INT
2026-01-12 07:00:00,82.99483333333333,68.07616666666667,42.1525,30.37037037037037,3.833333333333334,18.233333333333334,968.7090000000001,SITE 5,INT
2026-01-12 08:00:00,110.17866666666667,94.44583333333334,57.84016666666666,30.092592592592595,3.4444444444444446,18.133333333333333,969.5196666666667,SITE 5,INT
2026-01-12 09:00:00,69.52103448275862,52.12034482758621,31.557758620689654,30.88122605363985,3.8505747126436782,17.82758620689655,969.9889655172414,SITE 5,INT
2026-01-12 10:00:00,59.6055,42.55233333333333,24.06,32.2962962962963,2.111111111111111,14.666666666666666,969.8186666666667,SITE 5,INT
2026-01-12 11:00:00,71.99683333333334,54.77016666666667,30.746,33.88888888888889,1.6296296296296298,12.833333333333334,969.099,SITE 5,INT
2026-01-12 12:00:00,53.30616666666666,36.37866666666666,18.21333333333333,35.12962962962963,1.0,11.4,968.1626666666667,SITE 5,INT
2026-01-12 13:00:00,52.426,35.8165,17.745,35.94444444444445,0.05555555555555556,10.066666666666666,967.0263333333334,SITE 5,INT
2026-01-12 14:00:00,55.980333333333334,39.186666666666675,21.015333333333334,36.777777777777786,0.42592592592592593,9.8,966.1020000000001,SITE 5,INT
2026-01-12 15:00:00,61.65741379310345,45.57275862068966,26.70413793103448,37.547892720306514,1.7049808429118773,10.517241379310345,965.4175862068965,SITE 5,INT
2026-01-12 16:00:00,94.51066666666667,77.61933333333333,46.348499999999994,38.2037037037037,5.277777777777778,13.466666666666667,965.2800000000001,SITE 5,INT
2026-01-12 17:00:00,64.55133333333333,46.662166666666664,27.526,38.40740740740741,5.87037037037037,13.5,965.6253333333333,SITE 5,INT
2026-01-12 18:00:00,92.08500000000001,74.06466666666667,44.97833333333333,37.05555555555556,4.62962962962963,13.333333333333334,966.2576666666666,SITE 5,INT
2026-01-12 19:00:00,108.81716666666667,91.36733333333333,57.41383333333333,36.44444444444445,3.7592592592592595,13.033333333333333,966.9490000000001,SITE 5,INT
2026-01-12 20:00:00,113.64183333333334,93.53583333333333,57.55566666666667,35.777777777777786,2.759259259259259,12.166666666666666,967.862,SITE 5,INT
2026-01-12 21:00:00,125.69793103448276,108.05103448275862,69.33362068965518,35.0,2.4904214559386975,12.89655172413793,968.3875862068966,SITE 5,INT
2026-01-12 22:00:00,200.32916666666668,173.12433333333334,111.256,34.55555555555556,5.722222222222223,16.6,968.4313333333333,SITE 5,INT
2026-01-12 23:00:00,138.1835,117.98833333333333,73.8955,33.81481481481482,4.555555555555556,15.933333333333334,967.9896666666666,SITE 5,INT
2026-01-13 00:00:00,75.26816666666667,58.46566666666667,35.400499999999994,33.333333333333336,2.7777777777777777,14.233333333333333,967.5226666666666,SITE 5,INT
2026-01-13 01:00:00,77.37466666666666,61.1395,36.68566666666666,33.05555555555556,2.537037037037037,14.466666666666667,967.0763333333333,SITE 5,INT
2026-01-13 02:00:00,70.10827586206896,51.73534482758621,31.943620689655173,32.52873563218391,1.4367816091954024,13.96551724137931,966.6306896551724,SITE 5,INT
2026-01-13 03:00:00,67.18333333333334,50.2405,31.611666666666668,31.944444444444446,0.888888888888889,13.9,966.4523333333333,SITE 5,INT
2026-01-13 04:00:00,72.51183333333333,58.066833333333335,35.8275,31.64814814814815,0.6851851851851852,13.266666666666667,966.5699999999999,SITE 5,INT
2026-01-13 05:00:00,84.6665,71.409,44.968666666666664,31.388888888888893,4.351851851851851,18.133333333333333,967.1076666666667,SITE 5,INT
2026-01-13 06:00:00,98.77816666666666,84.37066666666666,52.675,31.240740740740744,7.277777777777778,22.466666666666665,967.5733333333334,SITE 5,INT
2026-01-13 07:00:00,109.16183333333333,93.43683333333334,58.86566666666667,30.333333333333332,5.833333333333333,21.333333333333332,968.1370000000001,SITE 5,INT
2026-01-13 08:00:00,105.36266666666667,90.28116666666666,56.88783333333333,30.53703703703704,5.611111111111112,20.766666666666666,968.8306666666667,SITE 5,INT
2026-01-13 09:00:00,99.91034482758621,87.80086206896551,56.81758620689655,31.072796934865902,3.2375478927203063,17.03448275862069,968.9255172413793,SITE 5,INT
2026-01-13 10:00:00,78.87116666666667,64.3325,40.556000000000004,32.2962962962963,5.62962962962963,18.866666666666667,968.6759999999999,SITE 5,INT
2026-01-13 11:00:00,67.98100000000001,50.711,31.56433333333333,33.77777777777778,7.685185185185186,19.9,968.1883333333334,SITE 5,INT
2026-01-13 12:00:00,59.294,43.99533333333333,26.5795,35.07407407407407,5.648148148148149,16.0,967.3826666666666,SITE 5,INT
2026-01-13 13:00:00,55.6055,41.07983333333333,24.19633333333333,36.40740740740741,4.759259259259259,13.966666666666667,966.3973333333332,SITE 5,INT
2026-01-13 14:00:00,56.33583333333333,41.81816666666667,25.081833333333336,37.11111111111111,4.962962962962963,13.566666666666666,965.3966666666668,SITE 5,INT
2026-01-13 15:00:00,58.2575,43.03916666666667,26.0595,37.68518518518519,3.8333333333333335,12.133333333333333,964.9543333333334,SITE 5,INT
2026-01-13 16:00:00,84.393,69.1105,42.266333333333336,38.12962962962963,5.555555555555556,13.366666666666667,964.9053333333334,SITE 5,INT
2026-01-13 17:00:00,68.6151724137931,51.61931034482759,32.46603448275862,37.701149425287355,3.3716475095785445,11.620689655172415,965.3351724137931,SITE 5,INT
2026-01-13 18:00:00,86.52383333333334,71.99833333333332,46.097833333333334,36.96296296296296,4.5,13.2,966.0096666666667,SITE 5,INT
2026-01-13 19:00:00,128.11216666666667,109.43683333333334,70.63133333333333,36.092592592592595,3.7037037037037037,13.0,966.7383333333333,SITE 5,INT
2026-01-13 20:00:00,113.52066666666666,96.3125,62.19383333333334,35.55555555555556,2.8703703703703707,12.633333333333333,967.3863333333334,SITE 5,INT
2026-01-13 21:00:00,105.1175,90.756,58.399,35.05555555555556,2.1296296296296298,12.266666666666667,968.0793333333334,SITE 5,INT
2026-01-13 22:00:00,93.64833333333333,79.71216666666668,49.382333333333335,34.74074074074074,2.277777777777778,13.0,968.2373333333333,SITE 5,INT
2026-01-13 23:00:00,70.65310344827586,54.43706896551724,33.820344827586204,34.17624521072797,1.9348659003831419,12.96551724137931,968.015172413793,SITE 5,INT
2026-01-14 00:00:00,59.32166666666667,44.369166666666665,27.288833333333333,33.68518518518519,1.5,12.766666666666667,967.9069999999999,SITE 5,INT
2026-01-14 01:00:00,69.46816666666668,53.344833333333334,33.7255,32.92592592592593,2.7037037037037037,14.666666666666666,967.4936666666667,SITE 5,INT
2026-01-14 02:00:00,73.5435,58.04233333333333,35.86266666666667,32.53703703703704,3.4074074074074074,15.866666666666667,967.077,SITE 5,INT
2026-01-14 03:00:00,82.32283333333334,69.81983333333334,41.978500000000004,31.77777777777778,4.648148148148149,17.9,966.8346666666667,SITE 5,INT
2026-01-14 04:00:00,86.85810344827587,72.45189655172413,43.929655172413796,31.4176245210728,4.195402298850575,17.75862068965517,967.015172413793,SITE 5,INT
2026-01-14 05:00:00,102.01016666666666,88.666,58.49533333333333,31.444444444444446,4.87037037037037,18.6,967.3696666666667,SITE 5,INT
2026-01-14 06:00:00,92.71900000000001,80.11783333333332,49.50216666666667,31.796296296296298,9.222222222222223,24.766666666666666,967.99,SITE 5,INT
2026-01-14 07:00:00,89.306,75.40083333333334,46.049,30.555555555555557,7.055555555555556,22.933333333333334,968.6333333333333,SITE 5,INT
2026-01-14 08:00:00,85.421,71.2375,43.7685,30.555555555555557,8.944444444444446,26.166666666666668,969.3683333333333,SITE 5,INT
2026-01-14 09:00:00,73.0815,57.564,35.88766666666667,31.425925925925927,12.166666666666668,30.833333333333332,969.614,SITE 5,INT
2026-01-14 10:00:00,67.42810344827586,50.8101724137931,31.86362068965517,32.79693486590038,11.206896551724139,26.79310344827586,969.3255172413793,SITE 5,INT
2026-01-14 11:00:00,62.29483333333334,46.6135,28.910166666666665,34.092592592592595,7.981481481481482,20.0,968.7456666666666,SITE 5,INT
2026-01-14 12:00:00,60.065666666666665,44.80383333333334,27.6335,35.64814814814815,6.87037037037037,16.9,967.6663333333333,SITE 5,INT
2026-01-14 13:00:00,58.647333333333336,43.54966666666667,26.479499999999998,36.48148148148149,5.222222222222222,14.266666666666667,966.448,SITE 5,INT
2026-01-14 14:00:00,60.772000000000006,44.77466666666667,27.351333333333333,37.5,5.074074074074074,13.566666666666666,965.5113333333334,SITE 5,INT
2026-01-14 15:00:00,63.10783333333334,46.63033333333333,28.716333333333335,38.2962962962963,5.537037037037037,13.366666666666667,964.9833333333333,SITE 5,INT
2026-01-14 16:00:00,63.13433333333333,46.56466666666667,28.853333333333335,39.111111111111114,7.0925925925925934,14.333333333333334,964.967,SITE 5,INT
2026-01-14 17:00:00,69.92399999999999,51.8085,32.45466666666667,39.88888888888889,11.75925925925926,18.8,965.2413333333334,SITE 5,INT
2026-01-14 18:00:00,115.02,97.78603448275862,62.54827586206897,38.486590038314176,8.333333333333334,15.96551724137931,965.6879310344827,SITE 5,INT
2026-01-14 19:00:00,133.8715,114.509,74.6225,36.94444444444445,6.574074074074074,15.3,966.313,SITE 5,INT
2026-01-14 20:00:00,119.185,101.36416666666668,64.07766666666666,36.38888888888889,5.314814814814815,14.533333333333333,967.147,SITE 5,INT
2026-01-14 21:00:00,102.1695,87.02216666666666,54.091499999999996,35.833333333333336,4.314814814814815,13.933333333333334,967.7393333333333,SITE 5,INT
2026-01-14 22:00:00,85.10650000000001,71.29016666666666,43.943999999999996,35.38888888888889,3.5,13.1,967.8586666666666,SITE 5,INT
2026-01-14 23:00:00,75.83200000000001,60.2315,36.79533333333334,34.87037037037037,3.2592592592592595,13.4,967.6763333333333,SITE 5,INT
2026-01-15 00:00:00,74.03816666666667,57.5525,35.370999999999995,34.2037037037037,3.592592592592593,14.633333333333333,967.5546666666667,SITE 5,INT
2026-01-15 01:00:00,70.34603448275861,53.211551724137934,33.51586206896552,33.67816091954023,3.5249042145593874,15.0,967.1041379310345,SITE 5,INT
2026-01-15 02:00:00,67.49666666666667,50.515166666666666,32.089,33.31481481481482,2.611111111111111,14.133333333333333,966.511,SITE 5,INT
2026-01-15 03:00:00,66.1075,50.351,31.525,33.092592592592595,2.5925925925925926,14.4,966.3766666666667,SITE 5,INT
2026-01-15 04:00:00,102.06316666666666,88.43816666666666,55.40866666666667,32.2962962962963,6.666666666666667,20.1,966.9203333333334,SITE 5,INT
2026-01-15 05:00:00,93.816,80.9175,51.029,32.07407407407407,8.37037037037037,23.0,967.009,SITE 5,INT
2026-01-15 06:00:00,116.66724137931034,101.48224137931035,64.36068965517242,32.01149425287356,10.095785440613026,25.93103448275862,967.5555172413793,SITE 5,INT
2026-01-15 07:00:00,142.60116666666667,123.79783333333333,77.52116666666667,31.25925925925926,9.203703703703704,25.433333333333334,968.225,SITE 5,INT
2026-01-15 08:00:00,116.81166666666667,101.91316666666667,64.4055,31.129629629629633,10.592592592592592,28.266666666666666,969.0986666666666,SITE 5,INT
2026-01-15 09:00:00,75.04666666666667,60.876999999999995,38.365,31.61111111111111,14.759259259259261,36.46666666666667,969.4813333333333,SITE 5,INT
2026-01-15 10:00:00,67.96300000000001,52.13133333333334,33.251666666666665,32.46296296296296,16.38888888888889,38.3,969.057,SITE 5,INT
2026-01-15 11:00:00,70.46666666666667,55.458666666666666,35.76916666666667,34.2037037037037,15.611111111111112,33.13333333333333,968.5343333333333,SITE 5,INT
2026-01-15 12:00:00,63.92534482758621,49.758620689655174,31.556896551724137,35.21072796934866,12.011494252873565,24.75862068965517,967.7075862068966,SITE 5,INT
2026-01-15 13:00:00,55.2555,42.325500000000005,26.551166666666667,36.351851851851855,10.981481481481483,21.633333333333333,966.7433333333333,SITE 5,INT
2026-01-15 14:00:00,55.26016666666667,42.18716666666667,26.341,37.166666666666664,10.092592592592592,19.366666666666667,965.6996666666668,SITE 5,INT
2026-01-15 15:00:00,56.796166666666664,43.515,27.521666666666665,37.648148148148145,8.944444444444446,17.4,965.4726666666667,SITE 5,INT
2026-01-15 16:00:00,58.58683333333333,44.73533333333333,28.329333333333334,37.98148148148149,10.277777777777777,18.766666666666666,965.5936666666668,SITE 5,INT
2026-01-15 17:00:00,60.14633333333333,45.375166666666665,28.493499999999997,37.77777777777778,10.703703703703702,19.666666666666668,965.991,SITE 5,INT
2026-01-15 18:00:00,127.54948275862068,108.89431034482759,64.11362068965518,37.298850574712645,10.881226053639846,20.24137931034483,966.5393103448275,SITE 5,INT
2026-01-15 19:00:00,124.37916666666666,110.8485,72.06883333333333,36.48148148148149,9.518518518518517,19.366666666666667,967.2466666666667,SITE 5,INT
2026-01-15 20:00:00,130.09966666666665,113.73666666666666,73.63216666666668,36.01851851851852,8.944444444444446,19.133333333333333,968.138,SITE 5,INT
2026-01-15 21:00:00,163.72833333333335,149.28083333333333,100.26916666666666,35.55555555555556,9.444444444444445,20.0,968.596,SITE 5,INT
2026-01-15 22:00:00,90.43733333333333,79.00466666666667,50.66616666666666,35.31481481481482,9.203703703703704,20.0,968.6513333333334,SITE 5,INT
2026-01-15 23:00:00,74.155,60.75683333333333,38.91883333333333,34.61111111111111,8.981481481481483,20.866666666666667,968.5683333333333,SITE 5,INT
2026-01-16 00:00:00,66.56241379310345,50.77551724137931,32.62862068965517,34.13793103448276,8.486590038314176,20.655172413793103,968.3048275862069,SITE 5,INT
2026-01-16 01:00:00,74.50966666666666,61.026500000000006,38.53283333333333,33.88888888888889,9.092592592592592,21.8,967.9353333333333,SITE 5,INT
2026-01-16 02:00:00,71.77016666666667,56.864000000000004,36.274833333333326,33.40740740740741,10.25925925925926,24.266666666666666,967.2270000000001,SITE 5,INT
2026-01-16 03:00:00,72.444,57.67783333333333,36.81783333333333,32.833333333333336,10.5,25.466666666666665,966.9263333333333,SITE 5,INT
2026-01-16 04:00:00,73.85433333333334,60.22233333333334,38.76316666666666,32.648148148148145,11.444444444444445,27.433333333333334,966.9979999999999,SITE 5,INT
2026-01-16 05:00:00,110.41216666666668,99.83649999999999,67.7545,32.74074074074074,13.185185185185187,30.833333333333332,967.4979999999999,SITE 5,INT
2026-01-16 06:00:00,127.52896551724139,114.1993103448276,73.58103448275861,32.03065134099617,11.85823754789272,29.17241379310345,968.0113793103449,SITE 5,INT
2026-01-16 07:00:00,167.0148333333333,145.86499999999998,91.65633333333334,31.25925925925926,11.851851851851853,30.333333333333332,968.9036666666667,SITE 5,INT
2026-01-16 08:00:00,105.95883333333333,93.39583333333333,59.78483333333334,31.092592592592595,10.203703703703704,27.7,969.853,SITE 5,INT
2026-01-16 09:00:00,83.84233333333333,73.27783333333333,46.85316666666667,31.462962962962965,8.370370370370372,23.866666666666667,970.125,SITE 5,INT
2026-01-16 10:00:00,76.74833333333332,63.197,40.66316666666667,33.166666666666664,10.444444444444445,24.833333333333332,969.7063333333333,SITE 5,INT
2026-01-16 11:00:00,66.09883333333333,50.51133333333333,32.10033333333333,34.25925925925926,11.62962962962963,25.433333333333334,969.0073333333333,SITE 5,INT
2026-01-16 12:00:00,58.508793103448276,43.81,26.798793103448276,35.287356321839084,10.095785440613026,21.344827586206897,968.1096551724138,SITE 5,INT
2026-01-16 13:00:00,55.02066666666666,40.501333333333335,23.834333333333333,36.333333333333336,7.740740740740741,17.333333333333332,967.039,SITE 5,INT
2026-01-16 14:00:00,50.745666666666665,36.65533333333334,20.834166666666665,37.092592592592595,3.8703703703703707,12.466666666666667,966.1376666666667,SITE 5,INT
2026-01-16 15:00:00,50.385,36.61299999999999,20.8,37.51851851851852,3.055555555555556,11.366666666666667,965.7816666666666,SITE 5,INT
2026-01-16 16:00:00,51.22233333333334,37.26166666666666,21.0955,37.77777777777778,2.2222222222222223,10.633333333333333,965.9060000000001,SITE 5,INT
2026-01-16 17:00:00,52.58568965517241,38.48034482758621,22.225689655172413,37.758620689655174,4.367816091954023,12.448275862068966,966.1144827586206,SITE 5,INT
2026-01-16 18:00:00,72.68566666666668,56.97383333333333,34.924166666666665,37.166666666666664,5.37037037037037,13.9,966.3996666666667,SITE 5,INT
2026-01-16 19:00:00,105.347,89.3035,59.375,36.18518518518519,3.592592592592593,13.066666666666666,967.0110000000001,SITE 5,INT
2026-01-16 20:00:00,68.1975,51.06283333333333,31.504666666666665,35.55555555555556,2.944444444444444,13.0,967.8323333333334,SITE 5,INT
2026-01-16 21:00:00,60.87916666666667,44.46116666666667,26.713,35.25925925925926,2.4814814814814814,12.533333333333333,968.3136666666667,SITE 5,INT
2026-01-16 22:00:00,55.838793103448275,40.64189655172414,23.243620689655174,34.59770114942528,2.0689655172413794,12.96551724137931,968.3575862068965,SITE 5,INT
2026-01-16 23:00:00,56.574333333333335,40.956,23.249333333333333,34.22222222222222,2.055555555555556,13.0,968.2663333333334,SITE 5,INT
2026-01-17 00:00:00,59.99083333333333,43.65783333333333,25.485333333333333,33.62962962962963,1.962962962962963,13.0,968.044,SITE 5,INT
2026-01-17 01:00:00,55.281166666666664,40.133833333333335,22.809,33.03703703703704,1.7407407407407407,13.6,967.6483333333333,SITE 5,INT
2026-01-17 02:00:00,57.4905,42.12866666666666,24.30933333333333,32.42592592592593,1.7962962962962965,14.0,967.1659999999999,SITE 5,INT
2026-01-17 03:00:00,57.90793103448276,42.283620689655166,24.302931034482757,31.704980842911876,1.628352490421456,14.413793103448276,966.8272413793103,SITE 5,INT
2026-01-17 04:00:00,57.016333333333336,41.455333333333336,23.740333333333336,31.370370370370374,1.6666666666666667,15.0,966.7696666666667,SITE 5,INT
2026-01-17 05:00:00,64.73716666666667,47.49033333333333,28.270500000000002,30.77777777777778,1.777777777777778,15.5,966.922,SITE 5,INT
2026-01-17 06:00:00,70.65483333333333,53.56066666666666,31.762833333333333,29.944444444444446,1.888888888888889,16.3,967.103,SITE 5,INT
2026-01-17 07:00:00,75.0295,57.955000000000005,34.05583333333333,29.592592592592595,2.111111111111111,17.033333333333335,967.8580000000001,SITE 5,INT
2026-01-17 08:00:00,77.42949999999999,60.050666666666665,35.088,30.370370370370374,3.7592592592592595,18.333333333333332,968.7546666666666,SITE 5,INT
2026-01-17 09:00:00,65.74620689655173,47.854827586206895,28.235172413793105,31.149425287356323,4.157088122605364,17.96551724137931,969.0624137931035,SITE 5,INT
2026-01-17 10:00:00,56.870666666666665,41.332,23.6925,32.46296296296296,2.9074074074074074,15.3,968.6566666666666,SITE 5,INT
2026-01-17 11:00:00,50.52133333333334,36.146499999999996,19.841666666666665,34.111111111111114,2.055555555555556,12.966666666666667,968.078,SITE 5,INT
2026-01-17 12:00:00,46.23350000000001,32.152,15.702333333333334,35.592592592592595,1.5370370370370372,11.466666666666667,967.0743333333334,SITE 5,INT
2026-01-17 13:00:00,44.957166666666666,31.019333333333336,14.2945,36.44444444444445,1.0,10.466666666666667,966.1153333333333,SITE 5,INT
2026-01-17 14:00:00,45.61051724137931,31.972241379310347,15.43551724137931,37.04980842911878,0.6704980842911878,10.0,965.1827586206896,SITE 5,INT
2026-01-17 15:00:00,45.504,32.48116666666667,16.488333333333333,37.51851851851852,0.6851851851851852,9.666666666666666,964.707,SITE 5,INT
2026-01-17 16:00:00,42.449333333333335,30.387999999999998,14.8375,37.74074074074074,1.4074074074074074,10.1,964.603,SITE 5,INT
2026-01-17 17:00:00,53.3875,39.06783333333333,22.363333333333333,37.81481481481482,4.592592592592593,12.8,964.8856666666667,SITE 5,INT
2026-01-17 18:00:00,81.69216666666667,66.24050000000001,40.17966666666667,37.592592592592595,5.574074074074074,13.766666666666667,965.4353333333333,SITE 5,INT
2026-01-17 19:00:00,74.74366666666667,58.94383333333334,36.8525,36.50000000000001,4.148148148148149,13.333333333333334,966.1756666666666,SITE 5,INT
2026-01-17 20:00:00,64.34362068965517,48.51017241379311,30.44,35.51724137931034,1.475095785440613,11.448275862068966,967.0868965517242,SITE 5,INT
2026-01-17 21:00:00,57.3935,43.03,26.14466666666667,34.48148148148148,0.4444444444444445,11.166666666666666,967.6243333333333,SITE 5,INT
2026-01-17 22:00:00,60.29783333333333,45.42550000000001,27.942,34.22222222222222,0.5555555555555556,11.6,967.5956666666666,SITE 5,INT
2026-01-17 23:00:00,47.5545,35.52166666666667,20.69,33.870370370370374,0.5185185185185186,12.0,967.455,SITE 5,INT
2026-01-18 00:00:00,46.2315,34.358333333333334,19.989166666666666,33.333333333333336,0.5740740740740741,12.033333333333333,967.331,SITE 5,INT
2026-01-18 01:00:00,53.627500000000005,40.24766666666667,23.36433333333333,32.77777777777778,0.537037037037037,12.233333333333333,966.9449999999999,SITE 5,INT
2026-01-18 02:00:00,47.337758620689655,35.32689655172414,19.901896551724136,32.39463601532567,0.1724137931034483,12.586206896551724,966.5337931034483,SITE 5,INT
2026-01-18 03:00:00,42.8795,31.87933333333333,17.41283333333333,31.925925925925927,0.11111111111111112,13.0,966.1576666666666,SITE 5,INT
2026-01-18 04:00:00,45.559666666666665,33.96816666666667,19.068833333333334,31.64814814814815,1.4074074074074074,14.3,966.2199999999999,SITE 5,INT
2026-01-18 05:00:00,55.309333333333335,41.858666666666664,25.039833333333334,31.333333333333336,3.12962962962963,16.733333333333334,966.4263333333333,SITE 5,INT
2026-01-18 06:00:00,62.323499999999996,47.36333333333334,28.651,31.296296296296298,3.185185185185185,16.6,967.009,SITE 5,INT
2026-01-18 07:00:00,70.62586206896552,52.875,32.577586206896555,30.747126436781613,4.3869731800766285,18.896551724137932,967.7724137931035,SITE 5,INT
2026-01-18 08:00:00,74.49583333333334,59.04783333333333,35.95816666666666,30.444444444444446,5.259259259259259,20.133333333333333,968.7053333333333,SITE 5,INT
2026-01-18 09:00:00,65.41933333333333,49.4425,30.774,31.27777777777778,3.7592592592592595,17.366666666666667,968.9060000000001,SITE 5,INT
2026-01-18 10:00:00,60.686,45.87533333333333,28.562666666666665,32.12962962962963,2.851851851851852,15.5,968.6579999999999,SITE 5,INT
2026-01-18 11:00:00,53.960166666666666,40.985,24.78966666666667,33.55555555555556,2.7037037037037037,14.2,967.8236666666667,SITE 5,INT
2026-01-18 12:00:00,42.0785,32.12883333333333,18.300333333333334,34.98148148148148,1.1851851851851853,11.6,966.6226666666666,SITE 5,INT
2026-01-18 13:00:00,36.49316666666667,28.29866666666667,15.587666666666667,36.20370370370371,0.42592592592592593,10.2,965.4616666666666,SITE 5,INT
2026-01-18 14:00:00,32.962413793103444,26.177241379310345,14.254827586206897,37.03065134099617,0.24904214559386972,9.620689655172415,964.6937931034482,SITE 5,INT
2026-01-18 15:00:00,37.747499999999995,30.49116666666667,17.801333333333332,37.648148148148145,1.1111111111111112,9.866666666666667,964.1436666666667,SITE 5,INT
2026-01-18 16:00:00,41.51116666666667,32.768166666666666,19.815833333333334,38.31481481481482,3.6666666666666665,11.633333333333333,963.9566666666667,SITE 5,INT
2026-01-18 17:00:00,33.68366666666667,27.064166666666665,15.827666666666666,38.05555555555556,2.4814814814814814,10.766666666666667,964.1236666666666,SITE 5,INT
2026-01-18 18:00:00,66.77666666666667,52.82533333333333,33.364666666666665,36.94444444444445,2.6666666666666665,11.566666666666666,964.6383333333334,SITE 5,INT
2026-01-18 19:00:00,110.77816666666666,95.57266666666666,62.48566666666667,36.40740740740741,5.037037037037037,14.133333333333333,965.505,SITE 5,INT
2026-01-18 20:00:00,78.1415,66.07266666666666,44.919666666666664,35.75925925925926,3.0,12.666666666666666,966.3166666666667,SITE 5,INT
2026-01-18 21:00:00,61.40603448275862,46.80758620689655,30.069310344827585,35.05747126436781,2.1455938697318007,12.241379310344827,966.9437931034482,SITE 5,INT
2026-01-18 22:00:00,54.44233333333333,41.96183333333333,26.4955,35.0,1.574074074074074,11.966666666666667,967.1053333333333,SITE 5,INT
2026-01-18 23:00:00,215.12966666666668,195.1375,107.13449999999999,34.592592592592595,2.185185185185185,12.966666666666667,966.8063333333333,SITE 5,INT
2026-01-19 00:00:00,144.2531666666667,127.014,79.82416666666667,33.88888888888889,4.907407407407407,16.166666666666668,966.7676666666666,SITE 5,INT
2026-01-19 01:00:00,166.7576666666667,148.6125,94.68783333333334,33.48148148148149,5.462962962962963,17.366666666666667,966.2343333333333,SITE 5,INT
2026-01-19 02:00:00,88.62862068965518,76.08155172413792,47.867413793103445,32.98850574712644,3.4865900383141764,15.482758620689655,965.5272413793103,SITE 5,INT
2026-01-19 03:00:00,63.77383333333333,49.76083333333334,31.894,32.48148148148148,2.722222222222222,15.0,965.0233333333333,SITE 5,INT
2026-01-19 04:00:00,63.22833333333333,50.73283333333333,33.727666666666664,32.09259259259259,2.4814814814814814,15.066666666666666,965.0833333333334,SITE 5,INT
2026-01-19 05:00:00,74.35966666666667,62.07983333333333,40.78633333333333,31.666666666666668,1.7407407407407407,14.4,965.5756666666667,SITE 5,INT
2026-01-19 06:00:00,68.5915,55.401666666666664,36.05433333333334,31.388888888888893,1.8703703703703705,15.033333333333333,965.9096666666667,SITE 5,INT
2026-01-19 07:00:00,109.1645,98.78283333333334,63.318,31.111111111111118,3.277777777777778,17.133333333333333,966.7,SITE 5,INT
2026-01-19 08:00:00,181.30293103448275,161.19120689655173,100.66741379310345,31.283524904214563,6.0727969348659006,20.586206896551722,967.6248275862068,SITE 5,INT
2026-01-19 09:00:00,68.33266666666667,56.01649999999999,36.65466666666667,31.666666666666668,4.222222222222222,17.666666666666668,967.8580000000001,SITE 5,INT
2026-01-19 10:00:00,53.646,43.29083333333333,28.610333333333333,32.611111111111114,3.4629629629629632,15.833333333333334,967.5913333333334,SITE 5,INT
2026-01-19 11:00:00,39.732,33.603833333333334,22.2715,34.166666666666664,1.8703703703703705,12.933333333333334,966.765,SITE 5,INT
2026-01-19 12:00:00,36.5855,31.651333333333334,21.143166666666666,35.38888888888889,1.574074074074074,11.8,965.8943333333334,SITE 5,INT
2026-01-19 13:00:00,28.213965517241377,25.50344827586207,16.95637931034483,36.4176245210728,0.78544061302682,10.344827586206897,965.0613793103448,SITE 5,INT
2026-01-19 14:00:00,28.109166666666667,25.34,17.075833333333332,37.2962962962963,0.7777777777777779,9.9,964.1733333333334,SITE 5,INT
2026-01-19 15:00:00,32.669666666666664,28.822666666666667,19.446,38.03703703703704,0.8518518518518519,9.5,963.635,SITE 5,INT
2026-01-19 16:00:00,40.274,34.20916666666667,23.345000000000002,38.75925925925926,4.814814814814815,12.433333333333334,963.638,SITE 5,INT
2026-01-19 17:00:00,38.060500000000005,32.561,21.772,40.351851851851855,11.611111111111112,18.133333333333333,964.0293333333334,SITE 5,INT
2026-01-19 18:00:00,68.57206896551725,57.22810344827586,38.06086206896552,38.81226053639847,6.436781609195403,13.689655172413794,964.5634482758621,SITE 5,INT
2026-01-19 19:00:00,271.2665,247.02216666666666,146.26983333333334,37.57407407407407,6.037037037037037,14.2,965.2166666666667,SITE 5,INT
2026-01-19 20:00:00,122.77399999999999,111.3895,74.17666666666668,36.50000000000001,3.592592592592593,12.733333333333333,966.087,SITE 5,INT
2026-01-19 21:00:00,91.521,83.4475,56.46566666666667,35.98148148148149,3.2037037037037037,13.0,966.702,SITE 5,INT
2026-01-19 22:00:00,74.39716666666666,63.76533333333334,42.78183333333333,35.407407407407405,2.9259259259259256,13.0,966.8403333333333,SITE 5,INT
2026-01-19 23:00:00,86.75933333333334,77.40566666666668,51.95016666666667,34.666666666666664,3.185185185185185,13.7,967.065,SITE 5,INT
2026-01-20 00:00:00,70.854,58.30716666666667,38.4965,34.14814814814815,4.092592592592593,15.0,967.1596666666667,SITE 5,INT
2026-01-20 01:00:00,74.43948275862068,64.32431034482758,42.79706896551724,33.14176245210728,4.846743295019157,16.96551724137931,967.0334482758622,SITE 5,INT
2026-01-20 02:00:00,57.102666666666664,45.97116666666667,30.507333333333335,32.62962962962963,4.111111111111112,16.3,966.2296666666666,SITE 5,INT
2026-01-20 03:00:00,40.0935,33.79933333333334,22.174833333333332,31.925925925925927,3.037037037037037,16.0,965.8639999999999,SITE 5,INT
2026-01-20 04:00:00,37.21383333333333,32.168166666666664,20.9925,31.666666666666668,3.314814814814815,16.466666666666665,965.9426666666666,SITE 5,INT
2026-01-20 05:00:00,69.22399999999999,59.82383333333333,41.55283333333333,31.64814814814815,5.814814814814815,19.8,966.115,SITE 5,INT
2026-01-20 06:00:00,111.48083333333334,102.75983333333333,72.20883333333333,31.703703703703706,6.37037037037037,20.5,966.713,SITE 5,INT
2026-01-20 07:00:00,92.16655172413793,83.23431034482759,54.45275862068966,30.49808429118774,4.061302681992338,18.551724137931036,967.5327586206897,SITE 5,INT
2026-01-20 08:00:00,69.31416666666668,56.57483333333333,36.71383333333333,30.01851851851852,3.5185185185185186,18.366666666666667,968.578,SITE 5,INT
2026-01-20 09:00:00,86.61283333333333,74.87216666666667,44.72383333333333,30.90740740740741,4.333333333333333,18.366666666666667,969.0759999999999,SITE 5,INT
2026-01-20 10:00:00,43.28,35.94733333333333,23.556333333333335,32.03703703703704,4.944444444444445,17.966666666666665,968.8206666666666,SITE 5,INT
2026-01-20 11:00:00,37.3625,32.326,21.359166666666667,33.90740740740741,5.37037037037037,16.833333333333332,968.3036666666667,SITE 5,INT
2026-01-20 12:00:00,35.69689655172414,31.46086206896552,21.022068965517242,34.32950191570881,4.195402298850575,15.137931034482758,967.5648275862069,SITE 5,INT
2026-01-20 13:00:00,28.330833333333334,25.464333333333332,16.968333333333334,35.22222222222222,3.833333333333334,14.0,966.598,SITE 5,INT
2026-01-20 14:00:00,26.114166666666666,23.515,15.625333333333334,35.92592592592593,4.462962962962963,14.066666666666666,965.5456666666666,SITE 5,INT
2026-01-20 15:00:00,30.108166666666666,26.52733333333333,17.717499999999998,37.42592592592593,6.037037037037037,14.433333333333334,965.0143333333333,SITE 5,INT
2026-01-20 16:00:00,27.262833333333333,24.571833333333334,16.337333333333333,37.38888888888889,6.055555555555556,14.466666666666667,964.9396666666667,SITE 5,INT
2026-01-20 17:00:00,31.8195,27.904,18.543333333333333,36.81481481481482,5.185185185185186,13.933333333333334,965.1066666666667,SITE 5,INT
2026-01-20 18:00:00,105.7455,95.69800000000001,65.1855,36.66666666666667,7.481481481481482,16.633333333333333,965.853,SITE 5,INT
2026-01-20 19:00:00,99.24,89.796,58.73616666666667,35.7037037037037,6.4259259259259265,16.466666666666665,966.7066666666667,SITE 5,INT
2026-01-20 20:00:00,84.44827586206897,73.50672413793104,47.10775862068966,34.92337164750958,5.49808429118774,16.103448275862068,967.4320689655171,SITE 5,INT
2026-01-20 21:00:00,86.81133333333334,77.41066666666667,51.752833333333335,34.44444444444444,5.074074074074074,15.866666666666667,968.0446666666667,SITE 5,INT
2026-01-20 22:00:00,62.92516666666666,49.85566666666667,33.17583333333333,34.44444444444444,4.444444444444445,15.0,968.3403333333333,SITE 5,INT
2026-01-20 23:00:00,60.428999999999995,47.89533333333333,31.51033333333333,34.00000000000001,4.592592592592593,15.866666666666667,968.484,SITE 5,INT
2026-01-21 00:00:00,57.47116666666667,46.010666666666665,30.027499999999996,33.24074074074074,4.888888888888888,16.833333333333332,968.3436666666668,SITE 5,INT
2026-01-21 01:00:00,31.90396551724138,26.275689655172414,16.56793103448276,32.43295019157088,4.501915708812261,17.17241379310345,967.8396551724137,SITE 5,INT
2026-01-21 02:00:00,31.316666666666666,23.195833333333333,12.701333333333334,31.666666666666668,4.944444444444445,18.666666666666668,967.3226666666667,SITE 5,INT
2026-01-21 03:00:00,31.312166666666666,22.52,11.719166666666666,31.000000000000004,4.888888888888888,19.066666666666666,966.9256666666666,SITE 5,INT
2026-01-21 04:00:00,29.613166666666665,19.913166666666665,9.590833333333334,29.925925925925927,4.722222222222222,20.166666666666668,967.0346666666667,SITE 5,INT
2026-01-21 05:00:00,31.742166666666666,21.2805,10.2335,29.296296296296298,4.703703703703704,21.0,967.3449999999999,SITE 5,INT
2026-01-21 06:00:00,38.16310344827586,27.033620689655173,14.397241379310344,28.88888888888889,4.578544061302682,21.06896551724138,967.7479310344827,SITE 5,INT
2026-01-21 07:00:00,45.35066666666667,32.48533333333333,18.579,28.444444444444446,4.888888888888888,22.333333333333332,968.448,SITE 5,INT
2026-01-21 08:00:00,45.233,32.03216666666667,17.355166666666666,28.333333333333336,4.87037037037037,22.1,969.1636666666667,SITE 5,INT
2026-01-21 09:00:00,40.267,27.590500000000002,13.437166666666666,28.888888888888893,4.203703703703704,20.566666666666666,969.3593333333333,SITE 5,INT
2026-01-21 10:00:00,36.85612903225806,24.427258064516128,11.42725806451613,30.053763440860216,4.157706093189964,19.225806451612904,969.2816129032258,SITE 5,INT
2026-01-21 11:00:00,35.903666666666666,24.170666666666666,11.333333333333334,31.703703703703702,4.648148148148149,18.066666666666666,968.4186666666667,SITE 5,INT
2026-01-21 12:00:00,31.346724137931034,20.441724137931033,9.259482758620688,33.371647509578544,5.229885057471264,17.0,967.3872413793104,SITE 5,INT
2026-01-21 13:00:00,31.73725806451613,22.563709677419357,11.742258064516129,34.60573476702509,5.376344086021505,16.06451612903226,966.1954838709678,SITE 5,INT
2026-01-21 14:00:00,31.97533333333333,24.305333333333333,13.140833333333335,35.407407407407405,4.962962962962963,14.933333333333334,965.1996666666668,SITE 5,INT
2026-01-21 15:00:00,33.420833333333334,25.7165,14.269333333333332,36.111111111111114,4.944444444444445,14.3,964.672,SITE 5,INT
2026-01-21 16:00:00,33.17216666666666,26.029999999999998,15.164,36.333333333333336,6.759259259259259,16.166666666666668,964.5803333333333,SITE 5,INT
2026-01-21 17:00:00,198.5256666666667,182.5425,94.9755,38.12962962962963,12.425925925925926,21.433333333333334,964.9383333333334,SITE 5,INT
2026-01-21 18:00:00,67.83716666666666,52.01716666666666,32.29966666666667,37.777777777777786,10.277777777777779,19.033333333333335,965.5323333333333,SITE 5,INT
2026-01-21 19:00:00,90.7375,77.61266666666667,50.50066666666667,35.87037037037037,7.240740740740741,17.166666666666668,966.0656666666667,SITE 5,INT
2026-01-21 20:00:00,115.99387096774193,100.68725806451613,65.5824193548387,34.82078853046595,6.630824372759857,17.419354838709676,966.9587096774194,SITE 5,INT
2026-01-21 21:00:00,81.11083333333333,65.89699999999999,43.15316666666667,34.12962962962963,6.12962962962963,17.333333333333332,967.787,SITE 5,INT
2026-01-21 22:00:00,60.42549999999999,46.227999999999994,30.234333333333332,34.092592592592595,5.685185185185186,16.966666666666665,968.0926666666667,SITE 5,INT
2026-01-21 23:00:00,45.49666666666667,35.46566666666667,22.869833333333336,33.148148148148145,4.777777777777778,16.933333333333334,968.3703333333334,SITE 5,INT
2026-01-22 00:00:00,36.75916666666667,29.777,18.999833333333335,32.03703703703704,4.185185185185185,17.0,968.5506666666666,SITE 5,INT
2026-01-22 01:00:00,35.86083333333333,29.334,18.779666666666667,31.25925925925926,3.6851851851851856,17.033333333333335,968.5206666666667,SITE 5,INT
2026-01-22 02:00:00,31.147333333333332,25.3995,15.879,30.555555555555557,2.7777777777777777,17.0,967.9486666666667,SITE 5,INT
2026-01-22 03:00:00,35.08283333333334,28.755,18.210333333333335,29.88888888888889,2.685185185185185,17.733333333333334,967.7503333333333,SITE 5,INT
2026-01-22 04:00:00,32.32516666666667,26.703166666666668,16.6915,29.370370370370374,2.2222222222222223,17.2,967.9053333333334,SITE 5,INT
2026-01-22 05:00:00,45.28596774193549,36.019677419354835,23.058387096774194,28.924731182795696,2.078853046594982,17.580645161290324,968.2112903225806,SITE 5,INT
2026-01-22 06:00:00,61.4195,49.37516666666667,33.168166666666664,28.833333333333332,3.0740740740740744,19.2,968.556,SITE 5,INT
2026-01-22 07:00:00,54.428666666666665,41.98733333333333,26.768666666666668,27.851851851851855,1.5,18.0,969.2746666666667,SITE 5,INT
2026-01-22 08:00:00,39.30766666666667,30.983666666666668,19.341833333333334,27.240740740740744,0.4444444444444445,17.3,969.8330000000001,SITE 5,INT
2026-01-22 09:00:00,26.908666666666665,21.413166666666665,12.915833333333333,28.092592592592595,0.22222222222222224,16.166666666666668,970.0813333333333,SITE 5,INT
2026-01-22 10:00:00,21.922666666666665,17.126666666666665,9.882166666666667,29.833333333333332,0.2592592592592593,14.633333333333333,969.832,SITE 5,INT
2026-01-22 11:00:00,18.335333333333335,14.1065,8.282,31.555555555555557,-0.01851851851851852,12.933333333333334,969.1003333333333,SITE 5,INT
2026-01-22 12:00:00,17.729499999999998,13.5215,7.817166666666666,32.94444444444444,0.7592592592592593,12.733333333333333,967.9076666666666,SITE 5,INT
2026-01-22 13:00:00,22.297,17.568666666666665,10.768,34.61111111111111,1.5370370370370372,12.066666666666666,966.7476666666666,SITE 5,INT
2026-01-22 14:00:00,35.05733333333333,28.385666666666665,18.5765,35.57407407407407,1.6481481481481481,11.633333333333333,966.0153333333333,SITE 5,INT
2026-01-22 15:00:00,35.91564516129032,29.15806451612903,19.101290322580645,36.146953405017925,1.6308243727598566,11.193548387096774,965.7464516129032,SITE 5,INT
2026-01-22 16:00:00,35.274,28.95,18.424666666666667,36.62962962962964,2.8703703703703707,12.0,965.7063333333333,SITE 5,INT
2026-01-22 17:00:00,41.207,32.5425,20.461666666666666,36.611111111111114,3.092592592592593,12.266666666666667,966.0063333333333,SITE 5,INT
2026-01-22 18:00:00,118.20933333333332,105.95366666666665,72.92233333333334,36.07407407407408,5.37037037037037,14.933333333333334,966.7033333333333,SITE 5,INT
2026-01-22 19:00:00,84.15033333333334,74.29883333333333,50.525,35.592592592592595,4.203703703703704,14.033333333333333,967.6036666666666,SITE 5,INT
2026-01-22 20:00:00,72.0,57.42216666666666,38.51033333333333,34.55555555555556,2.962962962962963,14.0,968.408,SITE 5,INT
2026-01-22 21:00:00,61.3425,47.474000000000004,31.691666666666666,33.92592592592593,2.2962962962962963,13.5,968.8566666666667,SITE 5,INT
2026-01-22 22:00:00,47.858666666666664,37.2015,24.332833333333333,33.574074074074076,1.9074074074074077,13.033333333333333,968.841,SITE 5,INT
2026-01-22 23:00:00,42.86716666666667,33.777,22.086833333333335,32.57407407407407,1.6666666666666667,14.0,968.547,SITE 5,INT
2026-01-23 00:00:00,39.151666666666664,31.666333333333334,20.649,31.833333333333332,1.3518518518518519,14.0,968.3293333333334,SITE 5,INT
2026-01-23 01:00:00,36.54387096774194,30.174677419354836,19.68935483870968,31.648745519713266,1.5949820788530469,14.258064516129032,968.2106451612902,SITE 5,INT
2026-01-23 02:00:00,38.50983333333333,31.391166666666667,20.509999999999998,31.27777777777778,1.6851851851851853,15.066666666666666,967.9256666666666,SITE 5,INT
2026-01-23 03:00:00,40.333999999999996,32.52583333333333,21.363,30.37037037037037,1.4814814814814814,15.966666666666667,967.7036666666667,SITE 5,INT
2026-01-23 04:00:00,40.11416666666666,32.580666666666666,21.510833333333334,29.592592592592595,0.7962962962962963,15.4,967.9979999999999,SITE 5,INT
2026-01-23 05:00:00,62.21133333333333,52.318999999999996,36.339666666666666,29.444444444444446,1.462962962962963,16.5,968.1413333333333,SITE 5,INT
2026-01-23 06:00:00,65.35566666666666,53.32333333333334,36.6875,29.333333333333332,1.4074074074074074,16.4,968.3766666666667,SITE 5,INT
2026-01-23 07:00:00,66.07516666666668,51.1595,33.67666666666666,28.388888888888893,0.5740740740740741,16.4,968.9503333333333,SITE 5,INT
2026-01-23 08:00:00,58.415333333333336,45.356,29.697999999999997,28.333333333333336,0.5185185185185186,16.233333333333334,969.7636666666666,SITE 5,INT
2026-01-23 09:00:00,46.73283333333334,36.73683333333334,23.762333333333334,28.740740740740744,-0.11111111111111112,15.333333333333334,970.2626666666667,SITE 5,INT
2026-01-23 10:00:00,42.25467741935484,33.5291935483871,20.99967741935484,30.14336917562724,-0.5017921146953406,13.451612903225806,970.1222580645161,SITE 5,INT
2026-01-23 11:00:00,28.476,23.309833333333334,14.436333333333332,31.944444444444446,-1.0370370370370372,11.733333333333333,969.4726666666667,SITE 5,INT
2026-01-23 12:00:00,25.788166666666665,21.624666666666666,13.993833333333333,33.370370370370374,-1.1111111111111112,10.833333333333334,968.4703333333333,SITE 5,INT
2026-01-23 13:00:00,25.664166666666667,21.846833333333333,14.456333333333333,34.48148148148148,-0.4444444444444445,10.766666666666667,967.5036666666667,SITE 5,INT
2026-01-23 14:00:00,25.331500000000002,20.914833333333334,13.628833333333334,35.5,-0.24074074074074076,10.066666666666666,966.4986666666666,SITE 5,INT
2026-01-23 15:00:00,30.537666666666667,25.505999999999997,16.604333333333333,36.111111111111114,-0.4814814814814815,9.733333333333333,966.0550000000001,SITE 5,INT
2026-01-23 16:00:00,30.692833333333333,25.988999999999997,17.318833333333334,36.037037037037045,0.22222222222222224,10.066666666666666,966.0826666666667,SITE 5,INT
2026-01-23 17:00:00,50.30983333333334,39.75516666666667,26.160166666666665,35.57407407407407,0.46296296296296297,10.666666666666666,966.5263333333334,SITE 5,INT
2026-01-23 18:00:00,65.0305,50.6815,33.734833333333334,35.2037037037037,1.3703703703703705,11.466666666666667,967.3463333333333,SITE 5,INT
2026-01-23 19:00:00,77.03533333333333,65.36983333333333,44.350833333333334,34.592592592592595,2.2592592592592595,12.966666666666667,968.0433333333333,SITE 5,INT
2026-01-23 20:00:00,113.19866666666667,99.38433333333334,64.5425,33.98148148148149,1.7592592592592593,13.0,969.1746666666667,SITE 5,INT
2026-01-23 21:00:00,72.8848275862069,59.95620689655173,40.87189655172414,33.333333333333336,1.1111111111111112,13.0,969.8331034482759,SITE 5,INT
2026-01-23 22:00:00,59.26366666666667,46.493,31.117666666666665,32.87037037037037,0.4814814814814815,12.633333333333333,969.9513333333333,SITE 5,INT
2026-01-23 23:00:00,44.97083333333333,36.103500000000004,23.98933333333333,32.31481481481482,-0.38888888888888895,12.0,969.885,SITE 5,INT
2026-01-24 00:00:00,41.421,34.00966666666667,22.778833333333335,31.518518518518523,-0.7037037037037037,12.0,969.537,SITE 5,INT
2026-01-24 01:00:00,39.517,32.92766666666667,22.165166666666668,30.833333333333336,-1.2592592592592593,12.033333333333333,969.0593333333333,SITE 5,INT
2026-01-24 02:00:00,41.813448275862065,34.3601724137931,23.154827586206896,30.344827586206897,-2.030651340996169,12.0,968.5196551724138,SITE 5,INT
2026-01-24 03:00:00,39.842166666666664,33.29,22.478166666666667,29.85185185185185,-3.1111111111111116,11.333333333333334,968.4776666666668,SITE 5,INT
2026-01-24 04:00:00,30.331333333333337,27.051499999999997,18.396,29.444444444444446,-5.240740740740741,10.0,968.5139999999999,SITE 5,INT
2026-01-24 05:00:00,34.46633333333333,29.866833333333332,20.243166666666664,28.944444444444446,-5.074074074074074,10.0,968.8093333333333,SITE 5,INT
2026-01-24 06:00:00,53.88166666666667,42.79833333333333,28.283166666666666,28.740740740740744,-4.703703703703704,10.7,969.3946666666667,SITE 5,INT
2026-01-24 07:00:00,66.21206896551725,52.85724137931034,34.94620689655173,28.333333333333336,-3.8314176245210727,11.620689655172415,970.381724137931,SITE 5,INT
2026-01-24 08:00:00,67.339,56.08533333333333,37.13966666666667,28.77777777777778,-3.777777777777778,11.6,971.4073333333333,SITE 5,INT
2026-01-24 09:00:00,39.53189655172414,32.53706896551724,21.2901724137931,29.42528735632184,-5.229885057471264,9.793103448275861,971.7310344827587,SITE 5,INT
2026-01-24 10:00:00,32.903,28.965,19.594833333333334,30.75925925925926,-4.592592592592593,9.466666666666667,971.302,SITE 5,INT
2026-01-24 11:00:00,36.232,31.20716666666667,20.959833333333332,32.592592592592595,-3.1296296296296293,9.633333333333333,970.4226666666667,SITE 5,INT
2026-01-24 12:00:00,35.43689655172414,30.831724137931033,20.90310344827586,34.2911877394636,-1.800766283524904,9.586206896551724,969.5106896551724,SITE 5,INT
2026-01-24 13:00:00,42.4925,37.12533333333333,26.096333333333334,35.74074074074074,-0.9444444444444445,9.4,968.4136666666667,SITE 5,INT
2026-01-24 14:00:00,40.80766666666667,33.67066666666667,22.874833333333335,36.51851851851852,-0.888888888888889,9.066666666666666,967.3860000000001,SITE 5,INT
2026-01-24 15:00:00,39.7845,32.99216666666667,22.35033333333333,37.148148148148145,-0.01851851851851852,9.4,966.9643333333333,SITE 5,INT
2026-01-24 16:00:00,41.439166666666665,33.729166666666664,22.6705,37.2962962962963,1.2407407407407407,10.333333333333334,966.776,SITE 5,INT
2026-01-24 17:00:00,47.246833333333335,37.33633333333333,24.848666666666666,37.31481481481482,2.740740740740741,11.5,967.1156666666667,SITE 5,INT
2026-01-24 18:00:00,70.19827586206897,55.85241379310345,37.16068965517242,36.87739463601533,4.080459770114943,12.862068965517242,967.7386206896551,SITE 5,INT
2026-01-24 19:00:00,92.79316666666666,83.02733333333335,56.54183333333334,35.90740740740741,4.351851851851852,13.9,968.615,SITE 5,INT
2026-01-24 20:00:00,98.29716666666667,87.66583333333332,58.672333333333334,35.48148148148149,4.203703703703704,14.0,969.6243333333333,SITE 5,INT
2026-01-24 21:00:00,92.99116666666667,83.60216666666666,56.7825,34.98148148148148,3.351851851851852,14.0,970.662,SITE 5,INT
2026-01-24 22:00:00,69.91266666666667,57.415,38.89433333333333,34.648148148148145,3.388888888888889,13.9,970.9303333333334,SITE 5,INT
2026-01-24 23:00:00,48.50290322580645,39.63741935483871,26.879677419354838,33.97849462365592,0.39426523297491045,11.580645161290322,970.7445161290321,SITE 5,INT
2026-01-25 00:00:00,34.55,30.557833333333335,20.868,33.111111111111114,-1.7592592592592593,10.233333333333333,970.2199999999999,SITE 5,INT
2026-01-25 01:00:00,40.16283333333333,33.97233333333333,23.218833333333336,32.42592592592593,-1.962962962962963,10.933333333333334,969.8326666666667,SITE 5,INT
2026-01-25 02:00:00,32.003,28.63133333333333,19.858333333333334,31.518518518518523,-2.8333333333333335,10.333333333333334,969.7246666666667,SITE 5,INT
2026-01-25 03:00:00,25.185,23.298833333333334,16.297166666666666,31.111111111111118,-3.037037037037037,10.533333333333333,969.44,SITE 5,INT
2026-01-25 04:00:00,22.831333333333337,20.791333333333334,14.441166666666668,30.833333333333336,-3.555555555555556,10.2,969.6196666666667,SITE 5,INT
2026-01-25 05:00:00,23.540333333333333,21.295,14.875499999999999,29.962962962962965,-3.9444444444444446,10.266666666666667,969.8443333333333,SITE 5,INT
2026-01-25 06:00:00,44.5195,39.81066666666666,28.704333333333334,29.814814814814817,-2.3703703703703707,12.133333333333333,970.5003333333333,SITE 5,INT
2026-01-25 07:00:00,39.913000000000004,33.45733333333333,22.274166666666666,28.90740740740741,-4.62962962962963,10.866666666666667,971.215,SITE 5,INT
2026-01-25 08:00:00,36.336451612903225,31.051129032258064,20.528870967741934,28.88888888888889,-4.89247311827957,10.483870967741936,972.0861290322581,SITE 5,INT
2026-01-25 09:00:00,31.778333333333336,27.138333333333335,17.374166666666667,29.35185185185185,-6.203703703703705,9.0,972.35,SITE 5,INT
2026-01-25 15:00:00,20.809,18.511000000000003,12.73,33.777777777777786,-6.333333333333334,7.0,967.424,SITE 5,INT
2026-01-25 16:00:00,24.639166666666668,21.83833333333333,14.4815,35.64814814814815,-6.5,6.1,967.39,SITE 5,INT
2026-01-25 17:00:00,30.872333333333334,26.678166666666666,18.00583333333333,36.092592592592595,-6.944444444444445,5.933333333333334,967.735,SITE 5,INT
2026-01-25 18:00:00,58.81233333333333,47.106,31.555166666666665,36.0,-3.8703703703703707,7.4,968.1056666666666,SITE 5,INT
2026-01-25 19:00:00,75.65583333333333,65.41666666666667,45.280833333333334,35.48148148148149,-3.8148148148148153,7.566666666666666,968.7109999999999,SITE 5,INT
2026-01-25 20:00:00,65.374,54.5695,38.03,34.592592592592595,-5.222222222222222,7.266666666666667,969.6706666666666,SITE 5,INT
2026-01-25 21:00:00,45.34935483870967,37.6283870967742,25.926774193548386,33.78136200716846,-7.240143369175628,6.354838709677419,970.205806451613,SITE 5,INT
2026-01-25 22:00:00,39.70283333333334,33.58833333333333,22.229,33.148148148148145,-7.685185185185186,6.066666666666666,970.4639999999999,SITE 5,INT
2026-01-25 23:00:00,28.012666666666668,25.884,18.233999999999998,32.62962962962963,-8.611111111111112,6.0,970.4793333333333,SITE 5,INT
2026-01-26 00:00:00,22.659333333333333,20.836,14.366166666666667,32.2037037037037,-7.185185185185186,7.1,970.319,SITE 5,INT
2026-01-26 01:00:00,22.982666666666667,21.311833333333333,15.103666666666667,31.40740740740741,-6.0925925925925934,8.2,969.973,SITE 5,INT
2026-01-26 02:00:00,25.130666666666666,23.60983333333333,16.6935,30.61111111111111,-5.203703703703704,9.166666666666666,969.3383333333334,SITE 5,INT
2026-01-26 03:00:00,24.12066666666667,22.3865,15.719,30.055555555555554,-3.981481481481482,10.433333333333334,968.9063333333332,SITE 5,INT
2026-01-26 04:00:00,24.327333333333335,22.470166666666668,15.8635,29.444444444444446,-2.2962962962962963,12.433333333333334,968.8186666666667,SITE 5,INT
2026-01-26 05:00:00,33.39048387096774,29.86758064516129,20.986129032258063,29.121863799283155,-1.039426523297491,13.741935483870968,968.9370967741935,SITE 5,INT
2026-01-26 06:00:00,32.719500000000004,28.7395,19.4375,28.703703703703702,-0.46296296296296297,15.0,969.1983333333334,SITE 5,INT
2026-01-26 07:00:00,40.26383333333333,33.26416666666667,21.8555,28.333333333333336,0.16666666666666666,15.833333333333334,969.8096666666667,SITE 5,INT
2026-01-26 08:00:00,34.28633333333333,29.24683333333333,19.171833333333332,28.425925925925927,1.0370370370370372,17.0,970.6253333333333,SITE 5,INT
2026-01-26 09:00:00,26.5875,23.029999999999998,15.141166666666667,29.240740740740744,0.8148148148148149,15.866666666666667,970.7596666666667,SITE 5,INT
2026-01-26 10:00:00,21.538833333333333,18.651833333333336,12.242500000000001,30.740740740740744,0.5925925925925927,14.2,970.664,SITE 5,INT
2026-01-26 11:00:00,18.14016666666667,15.665166666666666,10.465,32.37037037037037,-0.2777777777777778,12.133333333333333,970.1659999999999,SITE 5,INT
2026-01-26 12:00:00,19.898333333333333,17.323,11.924000000000001,34.05555555555556,-0.6296296296296297,10.633333333333333,969.322,SITE 5,INT
2026-01-26 13:00:00,21.044032258064515,18.337580645161292,12.56532258064516,35.26881720430107,-1.1827956989247312,9.580645161290322,968.1583870967742,SITE 5,INT
2026-01-26 14:00:00,17.929166666666667,15.486833333333333,10.587333333333333,36.05555555555556,-2.185185185185185,8.433333333333334,967.2993333333333,SITE 5,INT
2026-01-26 15:00:00,27.043,23.6835,16.557166666666667,36.70370370370371,-3.092592592592593,7.366666666666666,967.0083333333333,SITE 5,INT
2026-01-26 16:00:00,42.332,34.81766666666667,23.61733333333333,37.22222222222222,-2.1296296296296293,7.933333333333334,967.0033333333333,SITE 5,INT
2026-01-26 17:00:00,51.534,41.07183333333333,27.1155,36.851851851851855,-3.0,7.566666666666666,967.3,SITE 5,INT
2026-01-26 18:00:00,66.78383333333333,54.52066666666666,36.67933333333333,36.42592592592593,-0.18518518518518515,9.766666666666667,967.827,SITE 5,INT
2026-01-26 19:00:00,72.34933333333333,59.049166666666665,40.0855,36.092592592592595,0.05555555555555556,10.1,968.679,SITE 5,INT
2026-01-26 20:00:00,50.1285,38.56616666666667,24.96066666666667,34.833333333333336,-2.388888888888889,9.0,969.3836666666667,SITE 5,INT
2026-01-26 21:00:00,53.70983870967742,41.34612903225806,26.72951612903226,34.42652329749104,-2.7419354838709675,9.0,969.9648387096775,SITE 5,INT
2026-01-26 22:00:00,47.31466666666667,36.30049999999999,22.981333333333335,33.870370370370374,-3.1666666666666665,9.0,970.1266666666667,SITE 5,INT
2026-01-26 23:00:00,40.77966666666667,30.5945,18.278666666666666,32.92592592592593,-3.3703703703703707,9.0,970.1463333333334,SITE 5,INT
2026-01-27 00:00:00,41.763333333333335,31.210833333333333,18.868166666666664,32.22222222222222,-3.8518518518518525,9.0,969.9259999999999,SITE 5,INT
2026-01-27 01:00:00,42.341166666666666,31.473833333333335,18.838166666666666,31.685185185185183,-4.425925925925926,9.0,969.4906666666667,SITE 5,INT
2026-01-27 02:00:00,41.94533333333334,31.3495,18.828500000000002,31.092592592592595,-4.555555555555556,9.0,968.928,SITE 5,INT
2026-01-27 03:00:00,43.22566666666667,32.335166666666666,19.8725,30.296296296296298,-4.796296296296296,9.933333333333334,968.697,SITE 5,INT
2026-01-27 04:00:00,45.091166666666666,33.79666666666667,20.7185,29.685185185185183,-4.907407407407407,10.1,968.8816666666667,SITE 5,INT
2026-01-27 05:00:00,50.18633333333333,37.95166666666667,23.715833333333332,29.203703703703706,-4.944444444444445,10.266666666666667,969.2796666666667,SITE 5,INT
2026-01-27 06:00:00,124.39209677419356,112.57790322580645,75.82564516129032,29.53405017921147,-1.6666666666666667,13.064516129032258,969.5448387096774,SITE 5,INT
2026-01-27 07:00:00,70.67699999999999,54.798,35.0225,28.685185185185187,-4.962962962962963,10.566666666666666,970.1853333333333,SITE 5,INT
2026-01-27 08:00:00,54.26533333333334,41.129333333333335,25.9895,28.444444444444446,-5.203703703703704,10.4,970.9633333333334,SITE 5,INT
2026-01-27 09:00:00,47.466,36.068999999999996,22.65,29.240740740740744,-5.444444444444445,9.6,971.0323333333333,SITE 5,INT
2026-01-27 10:00:00,36.410666666666664,28.152833333333334,16.894166666666667,30.703703703703706,-5.851851851851852,8.633333333333333,970.7800000000001,SITE 5,INT
2026-01-27 11:00:00,30.200333333333333,23.073666666666668,13.352166666666667,32.77777777777778,-5.518518518518519,7.866666666666666,970.304,SITE 5,INT
2026-01-27 12:00:00,31.139166666666664,24.1065,14.270333333333333,34.351851851851855,-5.981481481481482,6.9,969.253,SITE 5,INT
2026-01-27 13:00:00,26.023833333333336,19.90266666666667,11.3065,35.592592592592595,-5.685185185185186,6.433333333333334,968.1606666666667,SITE 5,INT
2026-01-27 14:00:00,23.341,17.81833333333333,10.389166666666666,36.70370370370371,-6.0,5.966666666666667,967.1156666666667,SITE 5,INT
2026-01-27 15:00:00,23.538333333333334,17.970000000000002,10.756499999999999,37.42592592592593,-5.444444444444445,6.1,966.556,SITE 5,INT
2026-01-27 16:00:00,25.186290322580643,19.791451612903224,12.355806451612903,37.58064516129032,-5.28673835125448,6.161290322580645,966.4483870967742,SITE 5,INT
2026-01-27 17:00:00,34.14433333333333,27.024833333333333,17.329166666666666,37.22222222222222,-2.814814814814815,7.566666666666666,966.947,SITE 5,INT
2026-01-27 18:00:00,66.41033333333333,54.15116666666667,36.216833333333334,36.7962962962963,-1.2592592592592593,8.733333333333333,967.712,SITE 5,INT
2026-01-27 19:00:00,100.5395,88.02883333333334,59.08533333333333,36.092592592592595,-0.03703703703703704,10.0,968.59,SITE 5,INT
2026-01-27 20:00:00,101.73383333333332,90.59400000000001,61.64033333333334,35.37037037037037,-1.9074074074074074,8.933333333333334,969.4306666666666,SITE 5,INT
2026-01-27 21:00:00,93.66350000000001,81.65783333333334,55.8935,35.0,-2.7037037037037037,8.9,969.7579999999999,SITE 5,INT
2026-01-27 22:00:00,57.609833333333334,44.75516666666667,29.759833333333333,34.57407407407407,-2.7777777777777777,9.0,969.6936666666667,SITE 5,INT
2026-01-27 23:00:00,61.25816666666666,47.8265,31.3905,34.01851851851852,-3.3703703703703707,9.0,969.7306666666667,SITE 5,INT
2026-01-28 00:00:00,55.273870967741935,43.47806451612903,28.728548387096776,33.333333333333336,-3.7275985663082443,9.0,969.5203225806451,SITE 5,INT
2026-01-28 01:00:00,43.4955,35.2425,23.51833333333333,32.592592592592595,-4.537037037037037,8.5,968.9963333333333,SITE 5,INT
2026-01-28 02:00:00,40.13,33.202666666666666,22.412,31.90740740740741,-6.407407407407407,8.0,968.2213333333333,SITE 5,INT
2026-01-28 03:00:00,39.733333333333334,32.91316666666667,22.1145,31.111111111111118,-6.444444444444445,8.0,967.9326666666667,SITE 5,INT
2026-01-28 04:00:00,42.86033333333333,34.51266666666667,22.802666666666667,30.703703703703706,-6.314814814814815,8.1,968.0523333333333,SITE 5,INT
2026-01-28 05:00:00,50.541500000000006,40.1425,26.609666666666666,30.074074074074073,-6.129629629629631,9.0,968.491,SITE 5,INT
2026-01-28 06:00:00,62.460166666666666,48.61333333333334,32.21933333333333,29.796296296296298,-4.944444444444445,9.733333333333333,968.8933333333333,SITE 5,INT
2026-01-28 07:00:00,70.41799999999999,55.943,36.845166666666664,29.425925925925927,-5.055555555555555,9.966666666666667,969.4923333333334,SITE 5,INT
2026-01-28 08:00:00,71.27866666666667,57.711666666666666,37.60366666666666,29.62962962962963,-3.925925925925926,10.8,970.3506666666667,SITE 5,INT
2026-01-28 09:00:00,53.50693548387097,42.03629032258065,27.80838709677419,30.197132616487455,-3.530465949820789,10.96774193548387,970.7306451612902,SITE 5,INT
2026-01-28 10:00:00,55.77166666666667,43.04183333333334,28.28533333333333,31.722222222222225,-2.351851851851852,10.766666666666667,970.546,SITE 5,INT
2026-01-28 11:00:00,51.3735,38.544666666666664,24.274,33.46296296296296,-2.7222222222222223,9.333333333333334,969.7836666666666,SITE 5,INT
2026-01-28 12:00:00,51.515499999999996,38.309,23.91916666666667,34.75925925925926,-2.0185185185185186,9.066666666666666,968.797,SITE 5,INT
2026-01-28 13:00:00,46.07633333333333,32.971333333333334,18.9575,36.12962962962963,-3.537037037037037,7.633333333333334,967.6893333333334,SITE 5,INT
2026-01-28 14:00:00,42.0445,30.054666666666666,16.812666666666665,36.907407407407405,-3.8333333333333335,7.066666666666666,966.882,SITE 5,INT
2026-01-28 15:00:00,44.524166666666666,32.3165,19.0405,37.53703703703704,-3.5185185185185186,7.033333333333333,966.4613333333333,SITE 5,INT
2026-01-28 16:00:00,53.56366666666666,39.85966666666666,25.063333333333333,37.96296296296296,-2.4074074074074074,7.466666666666667,966.5300000000001,SITE 5,INT
2026-01-28 17:00:00,53.89032258064516,39.983870967741936,25.0608064516129,37.88530465949821,-0.5197132616487455,8.612903225806452,967.0335483870969,SITE 5,INT
2026-01-28 18:00:00,77.12983333333334,61.193666666666665,39.21816666666667,37.37037037037037,0.8518518518518519,9.833333333333334,967.7013333333333,SITE 5,INT
2026-01-28 19:00:00,211.2595,192.4555,132.18816666666666,36.66666666666667,0.611111111111111,10.133333333333333,968.5063333333333,SITE 5,INT
2026-01-28 20:00:00,97.37033333333333,81.84533333333334,53.6065,36.05555555555556,-0.9814814814814815,9.2,969.5163333333334,SITE 5,INT
2026-01-28 21:00:00,75.79066666666667,58.86416666666666,37.313,35.55555555555556,-0.8703703703703703,9.633333333333333,970.1116666666666,SITE 5,INT
2026-01-28 22:00:00,87.1455,69.96616666666667,42.410833333333336,35.18518518518519,-0.7592592592592593,10.0,970.1766666666666,SITE 5,INT
2026-01-28 23:00:00,69.6945,52.35666666666667,33.658833333333334,34.72222222222222,-1.3518518518518519,9.766666666666667,970.0103333333334,SITE 5,INT
2026-01-29 00:00:00,65.24166666666666,48.94266666666667,31.679166666666667,34.2037037037037,-1.462962962962963,10.0,969.868,SITE 5,INT
2026-01-29 01:00:00,60.775333333333336,45.59616666666667,29.220666666666666,33.66666666666667,-1.777777777777778,10.0,969.3633333333333,SITE 5,INT
2026-01-29 02:00:00,58.53596774193549,43.85709677419354,27.665,32.939068100358426,-2.1684587813620073,10.0,968.6212903225806,SITE 5,INT
2026-01-29 03:00:00,51.91283333333333,39.02283333333333,24.262,32.648148148148145,-2.037037037037037,10.3,968.2346666666667,SITE 5,INT
2026-01-29 04:00:00,48.88866666666667,36.693333333333335,23.014833333333335,32.22222222222222,-1.925925925925926,11.066666666666666,968.3199999999999,SITE 5,INT
2026-01-29 05:00:00,96.46133333333334,84.4265,60.66133333333333,32.01851851851852,-0.5,12.366666666666667,968.6903333333333,SITE 5,INT
2026-01-29 06:00:00,100.34866666666667,87.7575,60.214666666666666,32.166666666666664,0.6481481481481481,13.1,969.2166666666667,SITE 5,INT
2026-01-29 07:00:00,84.93849999999999,73.33,47.82116666666666,31.240740740740744,-1.7592592592592593,11.566666666666666,969.8376666666667,SITE 5,INT
2026-01-29 08:00:00,85.59433333333332,72.773,47.4345,30.703703703703706,-1.6481481481481484,12.133333333333333,970.5786666666667,SITE 5,INT
2026-01-29 09:00:00,50.4815,38.619,24.798833333333334,31.296296296296298,-2.7222222222222223,10.6,970.939,SITE 5,INT
2026-01-29 10:00:00,57.34951612903226,44.75306451612904,29.017096774193547,32.473118279569896,-2.1505376344086025,10.483870967741936,970.6729032258065,SITE 5,INT
2026-01-29 11:00:00,49.63166666666667,38.403,24.792666666666666,34.092592592592595,-2.074074074074074,9.466666666666667,970.1626666666667,SITE 5,INT
2026-01-29 12:00:00,60.853500000000004,50.715,32.842999999999996,35.68518518518519,-1.6851851851851853,8.933333333333334,969.143,SITE 5,INT
2026-01-29 13:00:00,37.50533333333333,28.93883333333333,17.551666666666666,36.98148148148149,-4.388888888888888,6.7,968.009,SITE 5,INT
2026-01-29 14:00:00,34.669999999999995,27.304166666666667,16.833166666666667,37.68518518518519,-5.481481481481482,6.033333333333333,967.196,SITE 5,INT
2026-01-29 15:00:00,39.079166666666666,30.470000000000002,19.379166666666666,39.05555555555556,1.2592592592592593,9.333333333333334,966.8236666666667,SITE 5,INT
2026-01-29 16:00:00,37.16983333333334,29.213,18.294,38.94444444444445,-3.2222222222222223,6.6,966.815,SITE 5,INT
2026-01-29 17:00:00,41.470166666666664,31.823833333333333,20.000166666666665,38.12962962962963,-4.481481481481482,6.333333333333333,967.1863333333333,SITE 5,INT
2026-01-29 18:00:00,66.10583333333334,51.2295,33.727,38.31481481481482,2.555555555555556,10.7,967.8236666666667,SITE 5,INT
2026-01-29 19:00:00,89.05403225806452,77.56,52.51209677419355,37.34767025089606,-0.2508960573476703,9.161290322580646,968.5803225806452,SITE 5,INT
2026-01-29 20:00:00,76.68383333333333,63.90983333333334,42.902,36.38888888888889,-2.111111111111111,8.366666666666667,969.4926666666667,SITE 5,INT
2026-01-29 21:00:00,65.86999999999999,50.236999999999995,33.1975,35.55555555555556,-4.444444444444445,7.0,970.1933333333333,SITE 5,INT
2026-01-29 22:00:00,59.95283333333334,45.56216666666667,29.607666666666667,35.03703703703704,-3.9629629629629632,7.8,970.3633333333333,SITE 5,INT
2026-01-29 23:00:00,49.061,37.68216666666667,24.382166666666667,34.592592592592595,-4.296296296296296,8.0,970.1823333333334,SITE 5,INT
2026-01-30 00:00:00,47.36216666666667,36.51566666666667,23.24116666666667,33.96296296296297,-4.2592592592592595,8.0,969.8523333333334,SITE 5,INT
2026-01-30 01:00:00,45.842666666666666,35.44533333333333,22.616833333333332,33.27777777777778,-5.055555555555555,8.0,969.1933333333333,SITE 5,INT
2026-01-30 02:00:00,39.3405,31.134999999999998,19.574166666666667,32.648148148148145,-5.5,8.0,968.5196666666667,SITE 5,INT
2026-01-30 03:00:00,39.105000000000004,30.959032258064518,19.411290322580644,32.168458781362006,-5.555555555555555,8.0,968.0777419354839,SITE 5,INT
2026-01-30 04:00:00,43.43683333333333,34.04516666666667,21.919666666666668,31.666666666666668,-5.777777777777778,8.133333333333333,968.2443333333334,SITE 5,INT
2026-01-30 05:00:00,94.82416666666667,85.91166666666666,66.0175,31.85185185185185,-4.481481481481482,9.166666666666666,968.7093333333333,SITE 5,INT
2026-01-30 06:00:00,59.27016666666667,46.04266666666667,30.60666666666667,31.85185185185185,-5.148148148148149,8.466666666666667,969.2743333333333,SITE 5,INT
2026-01-30 07:00:00,114.74183333333333,101.02766666666666,67.53349999999999,31.31481481481482,-2.4444444444444446,10.966666666666667,969.9159999999999,SITE 5,INT
2026-01-30 08:00:00,115.86916666666666,98.74216666666666,63.974833333333336,31.333333333333336,-0.2592592592592593,12.9,970.7163333333334,SITE 5,INT
2026-01-30 09:00:00,71.01266666666668,57.65383333333333,38.7055,32.03703703703704,-2.074074074074074,10.9,970.862,SITE 5,INT
2026-01-30 10:00:00,64.2465,49.489000000000004,32.7105,33.03703703703704,-2.2592592592592595,10.0,970.6733333333334,SITE 5,INT
2026-01-30 11:00:00,53.28306451612904,41.32709677419355,27.08258064516129,34.31899641577061,-2.043010752688172,9.35483870967742,970.0122580645161,SITE 5,INT
2026-01-30 12:00:00,48.94116666666666,37.92616666666667,24.702833333333334,35.68518518518519,-1.7962962962962965,8.8,969.0756666666667,SITE 5,INT
2026-01-30 13:00:00,36.63366666666666,29.2515,18.439833333333333,37.18518518518519,-4.425925925925926,6.5,967.807,SITE 5,INT
2026-01-30 14:00:00,33.005833333333335,27.047,17.336166666666667,38.07407407407407,-5.685185185185186,5.6,966.9866666666666,SITE 5,INT
2026-01-30 15:00:00,36.772241379310344,30.284827586206895,20.08948275862069,38.77394636015326,-5.862068965517241,5.379310344827586,966.4689655172414,SITE 5,INT
2026-01-30 16:00:00,33.592333333333336,28.073,18.328166666666668,38.851851851851855,-6.62962962962963,5.0,966.5693333333332,SITE 5,INT
2026-01-30 17:00:00,37.84866666666667,31.014,20.500166666666665,38.81481481481482,-4.055555555555555,6.166666666666667,966.9486666666667,SITE 5,INT
2026-01-30 18:00:00,68.65583333333333,56.4515,37.665166666666664,38.31481481481482,-2.0,7.566666666666666,967.2416666666667,SITE 5,INT
2026-01-30 19:00:00,171.15966666666665,145.62266666666667,87.70816666666666,37.42592592592593,-1.7592592592592593,8.2,967.832,SITE 5,INT
2026-01-30 20:00:00,131.53633333333332,109.42466666666668,64.91183333333333,36.62962962962964,-3.314814814814815,7.333333333333333,968.8226666666667,SITE 5,INT
2026-01-30 21:00:00,88.23017241379311,76.68689655172415,51.51172413793103,35.86206896551724,-3.9846743295019156,7.448275862068965,969.621724137931,SITE 5,INT
2026-01-30 22:00:00,77.49333333333334,66.044,45.1425,35.55555555555556,-3.2037037037037037,8.0,969.7046666666666,SITE 5,INT
2026-01-30 23:00:00,58.65233333333333,46.156166666666664,30.94066666666667,34.92592592592593,-2.907407407407407,8.333333333333334,969.3716666666667,SITE 5,INT
2026-01-31 00:00:00,45.019,36.249833333333335,24.093833333333333,34.22222222222222,-2.6296296296296293,9.0,968.9803333333333,SITE 5,INT
2026-01-31 01:00:00,43.5525,35.0275,23.135166666666667,33.53703703703704,-2.055555555555556,10.0,968.5753333333333,SITE 5,INT
2026-01-31 02:00:00,47.13741379310345,38.032586206896546,25.430172413793105,33.065134099616856,-1.6858237547892723,10.206896551724139,968.2010344827586,SITE 5,INT
2026-01-31 03:00:00,46.83533333333333,37.999,25.580333333333332,32.48148148148148,-1.6666666666666667,11.0,967.913,SITE 5,INT
2026-01-31 04:00:00,43.734,36.09,24.439833333333336,32.07407407407407,-1.5,11.233333333333333,967.8546666666666,SITE 5,INT
2026-01-31 05:00:00,66.2855,52.11133333333333,34.91,31.62962962962963,1.7962962962962963,14.9,968.4696666666666,SITE 5,INT
2026-01-31 06:00:00,69.898,54.896166666666666,36.88933333333333,31.055555555555557,2.4814814814814814,16.1,968.8076666666667,SITE 5,INT
2026-01-31 07:00:00,79.20327586206896,67.57448275862069,45.312586206896555,30.17241379310345,2.126436781609195,16.448275862068964,969.468275862069,SITE 5,INT
2026-01-31 08:00:00,95.719,87.15283333333333,59.518166666666666,30.203703703703702,1.462962962962963,15.733333333333333,970.3240000000001,SITE 5,INT
2026-01-31 09:00:00,93.21766666666667,84.17683333333333,57.36416666666666,31.25925925925926,3.2222222222222223,16.766666666666666,970.7189999999999,SITE 5,INT
2026-01-31 10:00:00,76.9275,66.2785,44.98733333333334,33.05555555555556,9.24074074074074,23.133333333333333,970.4616666666666,SITE 5,INT
2026-01-31 11:00:00,64.82183333333333,51.925666666666665,34.707166666666666,34.166666666666664,9.87037037037037,22.6,969.5139999999999,SITE 5,INT
2026-01-31 12:00:00,56.99534482758621,45.45620689655173,29.726034482758617,35.498084291187745,8.773946360153257,19.310344827586206,968.4086206896551,SITE 5,INT
2026-01-31 13:00:00,50.343833333333336,40.26616666666666,26.437333333333335,36.51851851851852,8.851851851851851,18.4,967.2486666666666,SITE 5,INT
2026-01-31 14:00:00,52.428,41.813833333333335,27.703666666666667,37.38888888888889,10.314814814814815,19.4,966.3009999999999,SITE 5,INT
2026-01-31 15:00:00,44.45433333333334,36.068333333333335,24.130499999999998,38.46296296296296,8.925925925925926,16.766666666666666,965.7923333333333,SITE 5,INT
2026-01-31 16:00:00,41.83766666666667,34.05683333333334,22.733999999999998,39.092592592592595,7.87037037037037,15.066666666666666,965.6626666666667,SITE 5,INT
2026-01-31 17:00:00,44.70433333333333,36.29483333333334,24.295166666666667,39.2962962962963,8.148148148148149,15.2,965.9646666666666,SITE 5,INT
2026-01-31 18:00:00,76.38586206896552,65.1448275862069,43.9401724137931,38.2183908045977,4.636015325670498,12.448275862068966,966.4224137931035,SITE 5,INT
2026-01-31 19:00:00,95.55083333333333,84.87366666666667,58.669333333333334,37.01851851851852,3.3333333333333335,12.0,967.0606666666666,SITE 5,INT
2026-01-31 20:00:00,106.49266666666666,94.75966666666666,64.76266666666666,36.55555555555556,2.388888888888889,11.766666666666667,967.8333333333334,SITE 5,INT
2026-01-31 21:00:00,99.562,90.16499999999999,61.84,36.111111111111114,2.1296296296296298,11.8,968.39,SITE 5,INT
2026-01-31 22:00:00,73.16550000000001,61.099000000000004,41.969166666666666,35.407407407407405,0.11111111111111112,10.466666666666667,968.5329999999999,SITE 5,INT
2026-01-31 23:00:00,64.058,50.455000000000005,34.086666666666666,34.81481481481481,-1.7222222222222223,9.233333333333333,968.446,SITE 5,INT
2026-02-01 00:00:00,58.38603448275862,45.791724137931034,30.68396551724138,34.44444444444444,-0.900383141762452,10.241379310344827,968.2448275862068,SITE 5,INT
2026-02-01 01:00:00,75.11066666666667,61.417833333333334,41.66466666666667,33.74074074074074,1.462962962962963,12.666666666666666,967.81,SITE 5,INT
2026-02-01 02:00:00,75.25083333333333,63.78666666666666,43.60733333333334,33.166666666666664,2.055555555555556,14.0,967.367,SITE 5,INT
2026-02-01 03:00:00,70.57066666666667,56.36966666666667,38.40683333333333,32.648148148148145,1.6481481481481484,13.8,966.9786666666666,SITE 5,INT
2026-02-01 04:00:00,75.52216666666666,63.44216666666667,42.207,32.22222222222222,3.0,15.533333333333333,967.2526666666668,SITE 5,INT
2026-02-01 05:00:00,105.37672413793103,97.04879310344828,69.06344827586207,31.800766283524908,6.302681992337164,20.517241379310345,967.8020689655173,SITE 5,INT
2026-02-01 06:00:00,114.68650000000001,105.3835,75.12766666666667,33.03703703703704,12.25925925925926,28.266666666666666,968.3746666666667,SITE 5,INT
2026-02-01 07:00:00,108.88983333333334,96.81,62.53866666666667,32.05555555555556,9.518518518518517,25.066666666666666,968.985,SITE 5,INT
2026-02-01 08:00:00,132.81516666666667,117.85516666666668,72.84916666666666,31.666666666666668,12.74074074074074,31.866666666666667,969.7243333333333,SITE 5,INT
2026-02-01 09:00:00,68.6395,54.089666666666666,35.522166666666664,32.148148148148145,17.203703703703702,41.06666666666667,970.1003333333333,SITE 5,INT
2026-02-01 10:00:00,68.4165,53.72983333333333,35.471000000000004,33.333333333333336,17.333333333333332,38.833333333333336,969.8496666666667,SITE 5,INT
2026-02-01 11:00:00,67.40655172413793,54.772241379310344,36.43224137931035,35.67049808429119,16.03448275862069,31.379310344827587,968.9620689655173,SITE 5,INT
2026-02-01 12:00:00,58.649499999999996,46.34866666666667,30.742166666666666,36.46296296296296,10.666666666666666,20.966666666666665,967.932,SITE 5,INT
2026-02-01 13:00:00,51.4775,40.896,27.134999999999998,37.53703703703704,8.777777777777779,17.4,966.8870000000001,SITE 5,INT
2026-02-01 14:00:00,53.923,43.128,28.737333333333332,38.51851851851852,6.907407407407407,14.4,965.8876666666667,SITE 5,INT
2026-02-01 15:00:00,51.13275862068965,41.21758620689655,27.221206896551724,39.06130268199234,6.954022988505748,13.96551724137931,965.3131034482759,SITE 5,INT
2026-02-01 16:00:00,56.675666666666665,45.626333333333335,29.824333333333335,39.07407407407407,7.759259259259259,14.766666666666667,964.9973333333332,SITE 5,INT
2026-02-01 17:00:00,73.94633333333333,62.002500000000005,40.24216666666667,39.07407407407407,8.537037037037038,15.6,965.075,SITE 5,INT
2026-02-01 18:00:00,68.7075,55.18266666666667,36.50183333333334,38.88888888888889,10.592592592592592,18.433333333333334,965.4613333333333,SITE 5,INT
2026-02-01 19:00:00,90.26816666666667,80.06016666666666,54.49933333333333,38.70370370370371,11.444444444444446,19.5,965.9113333333333,SITE 5,INT
2026-02-01 20:00:00,95.42599999999999,84.57083333333334,56.99033333333333,37.53703703703704,9.055555555555555,17.733333333333334,966.58,SITE 5,INT
2026-02-01 21:00:00,105.25017241379311,95.3398275862069,63.646206896551725,36.89655172413793,7.068965517241379,16.0,967.0624137931035,SITE 5,INT
2026-02-01 22:00:00,81.5895,71.54483333333333,48.41166666666666,36.370370370370374,4.555555555555556,13.633333333333333,967.1636666666667,SITE 5,INT
2026-02-01 23:00:00,64.95,51.51566666666667,34.631499999999996,35.55555555555556,2.962962962962963,12.666666666666666,967.0636666666667,SITE 5,INT
2026-02-02 00:00:00,59.54083333333333,46.800666666666665,31.203666666666667,35.01851851851852,3.388888888888889,13.666666666666666,966.9086666666666,SITE 5,INT
2026-02-02 01:00:00,64.6325,50.352333333333334,33.6115,34.53703703703704,5.814814814814815,16.766666666666666,966.4363333333333,SITE 5,INT
2026-02-02 02:00:00,62.15362068965517,48.39275862068965,32.12293103448276,34.04214559386973,6.609195402298851,18.103448275862068,966.0237931034483,SITE 5,INT
2026-02-02 03:00:00,64.69133333333333,50.594166666666666,33.47866666666667,33.333333333333336,6.962962962962963,19.466666666666665,965.8823333333333,SITE 5,INT
2026-02-02 04:00:00,63.829166666666666,50.143166666666666,33.6215,33.03703703703704,7.648148148148149,20.766666666666666,965.9756666666667,SITE 5,INT
2026-02-02 05:00:00,166.91983333333334,157.56583333333336,110.48716666666665,33.24074074074074,9.314814814814815,22.9,966.633,SITE 5,INT
2026-02-02 06:00:00,98.461,89.21633333333332,60.35816666666666,32.77777777777778,9.24074074074074,23.466666666666665,967.7403333333333,SITE 5,INT
2026-02-02 07:00:00,117.85862068965517,104.36655172413793,68.18672413793104,32.18390804597701,9.636015325670499,24.75862068965517,968.1893103448276,SITE 5,INT
2026-02-02 08:00:00,88.20599999999999,77.45883333333333,50.519666666666666,32.2962962962963,12.62962962962963,30.5,968.737,SITE 5,INT
2026-02-02 09:00:00,70.75566666666667,57.54533333333334,37.715,32.88888888888889,17.01851851851852,39.1,968.917,SITE 5,INT
2026-02-02 10:00:00,60.65316666666667,47.354,31.228,34.12962962962963,18.333333333333336,39.56666666666667,968.9313333333333,SITE 5,INT
2026-02-02 11:00:00,59.107166666666664,46.594500000000004,30.858666666666668,35.666666666666664,17.796296296296298,35.06666666666667,968.2253333333333,SITE 5,INT
2026-02-02 12:00:00,50.89672413793104,40.593275862068964,26.99137931034483,36.91570881226054,15.900383141762454,28.96551724137931,967.1796551724137,SITE 5,INT
2026-02-02 13:00:00,49.4645,39.63516666666667,26.444833333333335,38.0,13.870370370370372,23.833333333333332,966.2966666666667,SITE 5,INT
2026-02-02 14:00:00,45.4275,36.369166666666665,24.156833333333335,38.64814814814815,12.351851851851853,20.766666666666666,965.3240000000001,SITE 5,INT
2026-02-02 15:00:00,44.133833333333335,35.5195,23.571833333333334,39.03703703703704,11.74074074074074,19.533333333333335,964.7973333333333,SITE 5,INT
2026-02-02 16:00:00,44.69433333333333,36.009,24.038166666666665,39.44444444444444,12.0,19.566666666666666,964.5206666666667,SITE 5,INT
2026-02-02 17:00:00,51.0095,40.316,26.828166666666668,39.72222222222222,13.555555555555555,21.2,964.5486666666667,SITE 5,INT
2026-02-02 18:00:00,64.9744827586207,51.37172413793103,34.476724137931036,38.96551724137931,13.237547892720308,21.655172413793103,964.9524137931035,SITE 5,INT
2026-02-02 19:00:00,82.02816666666666,70.06700000000001,47.51283333333333,38.68518518518519,13.518518518518517,22.333333333333332,965.7353333333334,SITE 5,INT
2026-02-02 20:00:00,103.61766666666666,92.046,62.26566666666667,38.07407407407407,13.481481481481483,23.2,966.5063333333333,SITE 5,INT
2026-02-02 21:00:00,130.8355,116.91916666666665,79.00483333333334,37.31481481481481,13.425925925925926,24.0,967.1026666666666,SITE 5,INT
2026-02-02 22:00:00,133.00233333333333,119.84583333333333,80.72166666666666,37.166666666666664,13.314814814814815,24.0,967.3163333333334,SITE 5,INT
2026-02-02 23:00:00,119.3048275862069,106.7001724137931,71.16344827586207,36.60919540229885,13.524904214559387,25.379310344827587,967.4562068965517,SITE 5,INT
2026-02-03 00:00:00,85.25083333333333,75.77016666666667,51.372,36.111111111111114,13.222222222222223,25.333333333333332,967.4433333333333,SITE 5,INT
2026-02-03 01:00:00,72.60916666666667,60.21066666666666,40.26466666666667,36.01851851851852,12.851851851851853,24.766666666666666,966.849,SITE 5,INT
2026-02-03 02:00:00,62.367,48.89216666666667,32.54366666666667,35.31481481481482,13.74074074074074,27.466666666666665,966.4156666666667,SITE 5,INT
2026-02-03 03:00:00,50.497499999999995,40.36966666666667,26.62933333333333,33.2962962962963,16.51851851851852,36.96666666666667,967.55,SITE 5,INT
2026-02-03 04:00:00,37.74433333333333,31.908333333333335,21.2075,32.31481481481482,15.777777777777779,37.06666666666667,968.0096666666667,SITE 5,INT
2026-02-03 05:00:00,40.865172413793104,34.779137931034484,23.315172413793103,32.26053639846743,16.149425287356323,38.10344827586207,968.9744827586206,SITE 5,INT
2026-02-03 06:00:00,53.363166666666665,45.591166666666666,32.55733333333333,31.37037037037037,17.11111111111111,42.93333333333333,970.0973333333333,SITE 5,INT
2026-02-03 07:00:00,40.91983333333334,34.33016666666666,22.953333333333333,29.333333333333332,15.925925925925926,44.6,971.4653333333333,SITE 5,INT
2026-02-03 08:00:00,46.38216666666666,37.73866666666667,25.397333333333332,30.53703703703704,16.09259259259259,41.8,971.5643333333334,SITE 5,INT
2026-02-03 09:00:00,59.686551724137935,50.74189655172414,36.11586206896551,30.555555555555557,15.957854406130268,41.724137931034484,970.9072413793103,SITE 5,INT
2026-02-03 10:00:00,52.881499999999996,42.30233333333333,28.334666666666667,30.314814814814817,16.833333333333332,44.6,970.884,SITE 5,INT
2026-02-03 11:00:00,51.82166666666667,41.16833333333333,27.044500000000003,29.222222222222225,16.5,46.4,970.266,SITE 5,INT
2026-02-03 12:00:00,51.291666666666664,40.96816666666667,27.0715,29.64814814814815,16.685185185185183,46.266666666666666,969.4423333333333,SITE 5,INT
2026-02-03 13:00:00,56.12533333333333,45.617666666666665,30.486666666666668,30.35185185185185,14.703703703703704,39.233333333333334,968.7173333333334,SITE 5,INT
2026-02-03 14:00:00,50.88216666666666,40.760999999999996,27.401666666666664,31.703703703703702,13.166666666666666,32.6,967.9893333333333,SITE 5,INT
2026-02-03 15:00:00,81.27896551724139,73.34810344827586,50.7651724137931,32.52873563218391,14.578544061302681,34.03448275862069,967.836551724138,SITE 5,INT
2026-02-03 16:00:00,85.43733333333333,76.338,54.012166666666666,33.42592592592593,16.814814814814817,37.36666666666667,967.5843333333333,SITE 5,INT
2026-02-03 17:00:00,71.44616666666667,58.52933333333333,39.362833333333334,33.01851851851852,15.5,35.03333333333333,967.6550000000001,SITE 5,INT
2026-02-03 18:00:00,66.72516666666667,52.63016666666667,35.4965,32.51851851851852,17.055555555555554,39.96666666666667,968.2883333333334,SITE 5,INT
2026-02-03 19:00:00,67.42516666666667,54.49066666666667,36.84466666666666,32.092592592592595,17.685185185185183,42.43333333333333,968.8080000000001,SITE 5,INT
2026-02-03 20:00:00,61.532586206896546,49.32810344827587,33.174827586206895,31.590038314176248,17.89272030651341,44.51724137931034,970.3155172413793,SITE 5,INT
2026-02-03 21:00:00,52.04833333333333,42.19949999999999,27.943666666666665,31.5,17.77777777777778,44.333333333333336,971.0843333333333,SITE 5,INT
2026-02-03 22:00:00,53.415333333333336,43.25033333333333,28.732833333333335,31.129629629629633,17.703703703703702,44.833333333333336,971.3243333333334,SITE 5,INT
2026-02-03 23:00:00,55.690000000000005,44.716499999999996,29.733999999999998,31.111111111111118,17.62962962962963,44.766666666666666,971.7080000000001,SITE 5,INT
2026-02-04 00:00:00,54.24883333333333,43.77583333333334,28.97683333333333,30.90740740740741,17.90740740740741,46.1,972.0536666666667,SITE 5,INT
2026-02-04 01:00:00,54.513275862068966,44.18241379310345,29.16396551724138,30.42145593869732,18.160919540229887,48.37931034482759,971.9603448275861,SITE 5,INT
2026-02-04 02:00:00,45.57966666666667,37.75783333333334,25.018666666666668,29.90740740740741,18.240740740740744,49.96666666666667,971.7746666666667,SITE 5,INT
2026-02-04 03:00:00,43.42100000000001,36.19716666666667,24.011166666666668,30.0,17.62962962962963,47.766666666666666,971.2183333333334,SITE 5,INT
2026-02-04 04:00:00,38.1155,32.92816666666667,21.973166666666664,30.0,17.24074074074074,46.56666666666667,970.726,SITE 5,INT
2026-02-04 05:00:00,71.14633333333333,62.299166666666665,44.425333333333334,30.0,17.48148148148148,47.4,969.8606666666667,SITE 5,INT
2026-02-04 06:00:00,48.357,39.997166666666665,26.979166666666668,29.703703703703702,17.11111111111111,47.06666666666667,968.8796666666666,SITE 5,INT
2026-02-04 07:00:00,60.64431034482759,48.368620689655174,32.51689655172414,28.60153256704981,16.877394636015325,49.51724137931034,969.4010344827586,SITE 5,INT
2026-02-04 08:00:00,56.604,45.027166666666666,29.650666666666666,28.740740740740744,16.944444444444446,49.233333333333334,969.7606666666667,SITE 5,INT
2026-02-04 09:00:00,58.723,46.246833333333335,30.0475,29.185185185185183,16.77777777777778,47.5,970.2080000000001,SITE 5,INT
2026-02-04 10:00:00,64.71916666666667,54.55016666666667,36.278666666666666,29.962962962962965,17.074074074074073,46.166666666666664,970.1446666666667,SITE 5,INT
2026-02-04 11:00:00,60.130172413793105,48.15568965517241,32.23706896551724,31.762452107279692,16.49425287356322,40.206896551724135,969.2744827586207,SITE 5,INT
2026-02-04 12:00:00,52.45916666666667,42.40916666666667,28.508666666666667,33.2962962962963,15.0,33.43333333333333,968.2610000000001,SITE 5,INT
2026-02-04 13:00:00,41.36299999999999,34.66316666666667,23.41416666666667,34.98148148148148,12.685185185185187,26.066666666666666,967.078,SITE 5,INT
2026-02-04 14:00:00,30.04637931034483,27.139482758620687,18.470862068965516,35.88122605363985,10.555555555555555,21.379310344827587,966.3472413793104,SITE 5,INT
2026-02-04 15:00:00,29.2505,26.677666666666667,18.077166666666663,36.05555555555556,10.407407407407408,21.233333333333334,966.2403333333333,SITE 5,INT
2026-02-04 16:00:00,36.22616666666667,31.610166666666668,21.418333333333333,36.70370370370371,11.796296296296298,22.333333333333332,966.4076666666666,SITE 5,INT
2026-02-04 17:00:00,48.51137931034482,39.26206896551724,26.29603448275862,36.76245210727969,11.590038314176246,22.03448275862069,966.9089655172414,SITE 5,INT
2026-02-04 18:00:00,60.823,48.174,32.372,35.88888888888889,11.648148148148149,23.033333333333335,967.4766666666667,SITE 5,INT
2026-02-04 19:00:00,64.14883333333333,50.35616666666667,33.9585,35.44444444444445,11.481481481481483,23.033333333333335,968.1829999999999,SITE 5,INT
2026-02-04 20:00:00,55.86933333333333,44.422333333333334,29.6555,35.0,10.685185185185185,22.933333333333334,969.025,SITE 5,INT
2026-02-04 21:00:00,52.968666666666664,42.396499999999996,27.99683333333333,34.48148148148148,10.351851851851851,23.0,969.7226666666667,SITE 5,INT
2026-02-04 22:00:00,53.88783333333333,42.891,28.511833333333335,34.31481481481481,10.203703703703702,23.0,969.8526666666668,SITE 5,INT
2026-02-04 23:00:00,48.645344827586214,39.3598275862069,26.320862068965518,33.544061302681996,8.88888888888889,21.82758620689655,969.4041379310345,SITE 5,INT
2026-02-05 00:00:00,46.23883333333333,37.5925,25.113333333333333,33.05555555555556,8.333333333333334,21.6,968.7933333333333,SITE 5,INT
2026-02-05 01:00:00,45.916000000000004,37.56066666666666,25.1635,32.75925925925926,8.185185185185185,22.0,968.118,SITE 5,INT
2026-02-05 02:00:00,44.86266666666667,36.7215,24.594,32.24074074074074,7.7777777777777795,22.0,967.7066666666667,SITE 5,INT
2026-02-05 03:00:00,47.62883333333333,38.95233333333333,26.046666666666667,31.77777777777778,8.11111111111111,22.866666666666667,967.4236666666667,SITE 5,INT
2026-02-05 04:00:00,49.68568965517241,40.27862068965517,26.827758620689654,31.206896551724142,8.505747126436782,24.379310344827587,967.5110344827586,SITE 5,INT
2026-02-05 05:00:00,89.20283333333333,79.52083333333333,55.869,31.111111111111118,9.925925925925926,27.033333333333335,967.828,SITE 5,INT
2026-02-05 06:00:00,69.88883333333334,56.79066666666667,37.997499999999995,30.462962962962965,9.62962962962963,27.433333333333334,968.1890000000001,SITE 5,INT
2026-02-05 07:00:00,73.743,61.334666666666664,40.253,29.88888888888889,9.12962962962963,27.633333333333333,968.6843333333333,SITE 5,INT
2026-02-05 08:00:00,77.63766666666668,66.60666666666667,44.0455,30.40740740740741,8.092592592592593,24.833333333333332,969.4590000000001,SITE 5,INT
2026-02-05 09:00:00,56.1955,44.824,29.728,31.16666666666667,6.481481481481482,21.3,969.8673333333334,SITE 5,INT
2026-02-05 10:00:00,33.898448275862066,30.143448275862067,20.218793103448277,32.241379310344826,3.42911877394636,16.103448275862068,969.6837931034484,SITE 5,INT
2026-02-05 11:00:00,23.1825,21.363666666666667,14.778333333333334,34.12962962962963,2.537037037037037,13.6,969.2583333333333,SITE 5,INT
2026-02-05 12:00:00,12.214833333333333,11.050999999999998,7.7330000000000005,35.833333333333336,0.5925925925925927,10.633333333333333,968.2046666666666,SITE 5,INT
2026-02-05 13:00:00,9.164166666666667,8.149,5.739,37.111111111111114,-1.4074074074074074,8.433333333333334,966.88,SITE 5,INT
2026-02-05 14:00:00,10.6125,9.56,6.706833333333334,37.88888888888889,-2.3703703703703707,7.466666666666667,965.775,SITE 5,INT
2026-02-05 15:00:00,17.19396551724138,15.797758620689654,11.248103448275861,38.73563218390805,-2.3946360153256703,6.9655172413793105,965.2431034482759,SITE 5,INT
2026-02-05 16:00:00,24.62,21.69066666666667,15.550999999999998,39.44444444444444,1.0555555555555556,9.1,965.2863333333333,SITE 5,INT
2026-02-05 17:00:00,22.6785,20.6665,14.862666666666666,39.01851851851852,0.6666666666666666,8.766666666666667,965.6476666666666,SITE 5,INT
2026-02-05 18:00:00,75.35416666666667,65.2925,42.57333333333334,38.64814814814815,5.388888888888889,12.866666666666667,966.412,SITE 5,INT
2026-02-05 19:00:00,81.48183333333333,69.43783333333333,47.59066666666667,38.0,3.2962962962962963,11.566666666666666,967.09,SITE 5,INT
2026-02-05 20:00:00,111.99600000000001,101.41783333333333,69.94966666666666,36.851851851851855,3.055555555555556,12.066666666666666,967.9573333333334,SITE 5,INT
2026-02-05 21:00:00,118.4594827586207,108.97827586206895,74.73431034482759,36.072796934865906,3.5823754789272035,13.03448275862069,968.7606896551724,SITE 5,INT
2026-02-05 22:00:00,75.68083333333334,65.411,45.3195,35.592592592592595,2.0,11.933333333333334,968.858,SITE 5,INT
2026-02-05 23:00:00,73.34966666666666,61.62383333333333,42.169666666666664,35.03703703703704,1.0370370370370372,11.433333333333334,968.6659999999999,SITE 5,INT
2026-02-06 00:00:00,62.02816666666667,48.400999999999996,31.90216666666667,34.53703703703704,0.6481481481481483,11.366666666666667,968.2686666666667,SITE 5,INT
2026-02-06 01:00:00,48.275333333333336,38.4915,25.288833333333333,34.00000000000001,0.05555555555555556,11.4,967.8546666666666,SITE 5,INT
2026-02-06 02:00:00,53.89844827586207,43.012241379310346,28.20603448275862,33.65900383141763,1.7624521072796937,13.137931034482758,967.9017241379311,SITE 5,INT
2026-02-06 03:00:00,69.64283333333333,55.76933333333333,37.8895,33.03703703703704,4.888888888888888,17.133333333333333,968.1753333333332,SITE 5,INT
2026-02-06 04:00:00,59.208999999999996,47.34133333333333,31.97733333333333,32.37037037037037,4.240740740740741,16.833333333333332,968.2486666666666,SITE 5,INT
2026-02-06 05:00:00,160.9375,150.60183333333333,99.2145,32.2037037037037,4.092592592592593,16.833333333333332,968.5360000000001,SITE 5,INT
2026-02-06 06:00:00,117.28216666666667,107.73866666666666,72.65616666666666,31.814814814814817,4.648148148148149,18.066666666666666,969.3,SITE 5,INT
2026-02-06 07:00:00,135.96,124.85224137931036,84.04120689655173,31.24521072796935,6.647509578544062,21.344827586206897,970.2255172413793,SITE 5,INT
2026-02-06 08:00:00,73.70683333333334,62.55616666666666,42.242666666666665,31.53703703703704,9.074074074074074,24.8,970.9126666666667,SITE 5,INT
2026-02-06 09:00:00,56.55016666666667,45.40233333333333,30.526666666666664,32.44444444444444,10.944444444444445,26.866666666666667,971.6963333333333,SITE 5,INT
2026-02-06 10:00:00,45.564166666666665,37.417500000000004,24.957666666666668,33.38888888888889,8.648148148148149,21.666666666666668,971.8103333333333,SITE 5,INT
2026-02-06 11:00:00,32.22083333333333,27.891666666666666,18.884999999999998,34.96296296296296,6.12962962962963,17.033333333333335,971.2146666666666,SITE 5,INT
2026-02-06 12:00:00,24.84875,22.511875,15.428749999999999,35.625,3.8194444444444446,13.75,970.67125,SITE 5,INT
2026-02-06 21:00:00,51.575,41.545,27.810000000000002,32.77777777777778,10.0,25.0,970.76,SITE 5,INT
2026-02-06 22:00:00,51.915166666666664,41.90133333333333,28.180166666666665,34.833333333333336,10.648148148148149,22.8,970.7253333333333,SITE 5,INT
2026-02-06 23:00:00,44.63034482758621,36.87413793103448,25.05103448275862,35.0,10.593869731800767,22.79310344827586,970.4862068965517,SITE 5,INT
2026-02-07 00:00:00,41.51116666666667,34.659666666666666,23.451,34.88888888888889,10.981481481481483,23.2,970.098,SITE 5,INT
2026-02-07 01:00:00,63.40083333333334,50.94833333333334,32.5435,34.25925925925926,11.148148148148149,24.633333333333333,969.7756666666667,SITE 5,INT
2026-02-07 02:00:00,60.40266666666666,49.31633333333333,33.12733333333333,33.53703703703704,10.962962962962962,25.1,969.3050000000001,SITE 5,INT
2026-02-07 03:00:00,64.95683333333334,53.74066666666667,35.6625,32.666666666666664,9.24074074074074,23.6,969.4756666666667,SITE 5,INT
2026-02-07 04:00:00,50.66293103448275,40.01275862068966,26.130862068965516,32.547892720306514,9.770114942528735,24.517241379310345,969.3968965517241,SITE 5,INT
2026-02-07 05:00:00,56.2445,43.65566666666667,28.41783333333333,32.25925925925926,9.981481481481483,25.433333333333334,969.7096666666667,SITE 5,INT
2026-02-07 06:00:00,67.45733333333334,52.76533333333334,34.30083333333334,31.87037037037037,10.185185185185185,26.366666666666667,970.3933333333333,SITE 5,INT
2026-02-07 07:00:00,139.5991666666667,124.73433333333332,76.39433333333334,31.370370370370374,11.944444444444446,30.566666666666666,971.1813333333333,SITE 5,INT
2026-02-07 08:00:00,243.66733333333332,211.54516666666666,114.77833333333334,32.18518518518518,13.351851851851853,31.833333333333332,971.8539999999999,SITE 5,INT
2026-02-07 09:00:00,89.54448275862069,73.77034482758621,43.52448275862069,32.758620689655174,15.517241379310345,35.58620689655172,972.2562068965517,SITE 5,INT
2026-02-07 10:00:00,53.16916666666667,42.73883333333333,28.096833333333333,33.833333333333336,14.111111111111112,30.733333333333334,971.946,SITE 5,INT
2026-02-07 11:00:00,42.58566666666666,35.600833333333334,24.018166666666666,34.94444444444444,11.75925925925926,24.566666666666666,971.3853333333334,SITE 5,INT
2026-02-07 12:00:00,34.246833333333335,30.296833333333332,20.742166666666666,36.14814814814815,9.462962962962964,19.666666666666668,970.41,SITE 5,INT
2026-02-07 13:00:00,28.03103448275862,25.622241379310342,18.112241379310344,37.20306513409962,7.586206896551725,16.310344827586206,969.4789655172414,SITE 5,INT
2026-02-07 14:00:00,29.037166666666668,26.538333333333334,18.730833333333333,38.14814814814815,6.814814814814815,14.6,968.641,SITE 5,INT
2026-02-07 15:00:00,22.659,21.227833333333333,15.498833333333332,38.81481481481482,3.240740740740741,11.0,968.1096666666667,SITE 5,INT
2026-02-07 16:00:00,21.826166666666666,20.12683333333333,14.766333333333334,39.37037037037037,1.7222222222222223,9.533333333333333,968.038,SITE 5,INT
2026-02-07 17:00:00,230.5,206.04183333333333,107.825,39.111111111111114,2.111111111111111,9.766666666666667,968.1783333333333,SITE 5,INT
2026-02-07 18:00:00,70.24586206896552,58.053275862068965,38.87103448275862,38.371647509578544,3.2758620689655173,11.10344827586207,968.4210344827586,SITE 5,INT
2026-02-07 19:00:00,101.74499999999999,91.27966666666666,63.1505,37.51851851851852,3.388888888888889,11.766666666666667,968.961,SITE 5,INT
2026-02-07 20:00:00,99.80749999999999,91.76733333333333,64.86266666666667,36.777777777777786,2.1296296296296298,11.266666666666667,969.87,SITE 5,INT
2026-02-07 21:00:00,58.426833333333335,46.681666666666665,31.911166666666666,36.277777777777786,1.9814814814814816,11.5,970.8666666666667,SITE 5,INT
2026-02-07 22:00:00,51.3415,41.40433333333333,28.334333333333333,35.57407407407407,1.814814814814815,11.933333333333334,971.3043333333334,SITE 5,INT
2026-02-07 23:00:00,50.25933333333333,40.454,27.551833333333335,35.166666666666664,1.277777777777778,11.933333333333334,971.133,SITE 5,INT
2026-02-08 00:00:00,66.95017241379311,57.41396551724138,37.07155172413793,34.6551724137931,2.413793103448276,13.068965517241379,970.7820689655173,SITE 5,INT
2026-02-08 01:00:00,54.55116666666666,43.729000000000006,29.412666666666667,34.00000000000001,1.462962962962963,12.433333333333334,969.8523333333334,SITE 5,INT
2026-02-08 02:00:00,48.408833333333334,39.8275,27.29733333333333,33.574074074074076,1.2962962962962965,12.933333333333334,969.0913333333333,SITE 5,INT
2026-02-08 03:00:00,57.76116666666667,46.501999999999995,31.57016666666667,33.074074074074076,1.4074074074074074,13.0,968.9716666666667,SITE 5,INT
2026-02-08 04:00:00,60.92783333333333,48.87533333333333,33.43866666666666,32.68518518518518,1.8333333333333333,14.1,968.8213333333333,SITE 5,INT
2026-02-08 05:00:00,77.59051724137932,67.63568965517241,48.867586206896554,32.31800766283525,3.8888888888888893,16.586206896551722,969.441724137931,SITE 5,INT
2026-02-08 06:00:00,66.44966666666667,53.79766666666667,36.258,32.62962962962963,10.018518518518517,24.933333333333334,969.9516666666666,SITE 5,INT
2026-02-08 07:00:00,64.527,50.026833333333336,33.25516666666667,32.092592592592595,7.814814814814815,22.1,970.5576666666667,SITE 5,INT
2026-02-08 08:00:00,61.797000000000004,51.53516666666667,34.866499999999995,32.0,5.703703703703704,19.166666666666668,970.9826666666667,SITE 5,INT
2026-02-08 09:00:00,37.68933333333334,32.380833333333335,22.066166666666668,32.333333333333336,3.0740740740740744,15.6,971.2726666666666,SITE 5,INT
2026-02-08 10:00:00,33.34258620689655,28.756551724137932,19.32793103448276,33.65900383141763,3.3716475095785445,14.827586206896552,971.0737931034482,SITE 5,INT
2026-02-08 11:00:00,22.93616666666667,20.95583333333333,14.7645,35.37037037037037,1.814814814814815,12.033333333333333,970.0930000000001,SITE 5,INT
2026-02-08 12:00:00,19.058,17.3095,12.285833333333333,36.75925925925926,0.8333333333333334,10.2,969.029,SITE 5,INT
2026-02-08 13:00:00,15.793333333333333,14.234666666666667,10.333166666666667,37.98148148148149,-0.05555555555555556,8.933333333333334,967.927,SITE 5,INT
2026-02-08 14:00:00,16.0415,14.409833333333333,10.274666666666667,38.88888888888889,-1.3703703703703705,7.666666666666667,966.8213333333333,SITE 5,INT
2026-02-08 15:00:00,16.393620689655172,14.97344827586207,10.902931034482759,39.44444444444444,-1.781609195402299,7.068965517241379,966.1879310344827,SITE 5,INT
2026-02-08 16:00:00,18.369000000000003,16.870166666666666,12.248999999999999,40.18518518518519,-0.6481481481481483,7.633333333333334,965.899,SITE 5,INT
2026-02-08 17:00:00,35.5345,32.1585,21.393500000000003,39.51851851851851,-1.1666666666666667,7.633333333333334,966.0533333333333,SITE 5,INT
2026-02-08 18:00:00,50.737833333333334,40.891333333333336,27.937666666666665,39.0,2.055555555555556,9.933333333333334,966.535,SITE 5,INT
2026-02-08 19:00:00,77.652,65.969,44.95133333333333,38.38888888888889,2.7222222222222223,10.733333333333333,967.205,SITE 5,INT
2026-02-08 20:00:00,75.5746551724138,64.70344827586207,44.741206896551724,37.452107279693486,0.938697318007663,10.0,968.0331034482758,SITE 5,INT
2026-02-08 21:00:00,61.78216666666666,49.21666666666667,32.962,36.87037037037037,1.0555555555555556,10.333333333333334,968.6416666666667,SITE 5,INT
2026-02-08 22:00:00,58.10933333333333,46.211666666666666,30.824166666666667,36.62962962962964,1.1296296296296298,10.666666666666666,968.7846666666667,SITE 5,INT
2026-02-08 23:00:00,51.7205,41.68816666666667,28.345000000000002,36.05555555555556,0.7777777777777779,10.566666666666666,968.4023333333333,SITE 5,INT
2026-02-09 00:00:00,52.74933333333333,42.81666666666667,29.27716666666667,35.25925925925926,0.7037037037037037,11.0,968.1406666666667,SITE 5,INT
2026-02-09 01:00:00,59.14066666666667,47.38,32.43383333333333,34.61111111111111,1.074074074074074,11.666666666666666,967.9883333333333,SITE 5,INT
2026-02-09 02:00:00,57.5501724137931,45.80068965517241,30.9501724137931,34.099616858237546,1.839080459770115,12.931034482758621,967.78,SITE 5,INT
2026-02-09 03:00:00,43.368833333333335,35.434333333333335,23.8635,33.38888888888889,2.0185185185185186,13.566666666666666,967.4493333333334,SITE 5,INT
2026-02-09 04:00:00,89.06766666666667,80.56766666666667,54.017500000000005,33.03703703703704,3.0740740740740744,14.933333333333334,967.5409999999999,SITE 5,INT
2026-02-09 05:00:00,116.44366666666666,108.17216666666667,78.85549999999999,32.94444444444444,4.87037037037037,16.933333333333334,967.6293333333334,SITE 5,INT
2026-02-09 06:00:00,59.652068965517245,45.82741379310345,30.00741379310345,32.452107279693486,3.6590038314176248,16.137931034482758,967.9782758620689,SITE 5,INT
2026-02-09 07:00:00,70.152,54.64633333333334,35.773,31.27777777777778,3.777777777777778,17.4,968.7913333333333,SITE 5,INT
2026-02-09 08:00:00,68.22083333333333,52.843333333333334,34.801833333333335,31.85185185185185,5.277777777777778,18.733333333333334,969.519,SITE 5,INT
2026-02-09 09:00:00,53.73733333333333,41.7145,27.025,32.2962962962963,4.333333333333333,17.1,969.9503333333333,SITE 5,INT
2026-02-09 10:00:00,33.79383333333333,27.1175,16.833333333333332,33.50000000000001,3.7962962962962963,15.433333333333334,969.588,SITE 5,INT
2026-02-09 11:00:00,24.8105,20.145333333333333,12.394166666666667,35.01851851851852,3.0,13.2,968.784,SITE 5,INT
2026-02-09 12:00:00,23.247758620689652,18.83086206896552,11.373103448275861,36.60919540229885,3.103448275862069,12.172413793103448,967.798275862069,SITE 5,INT
2026-02-09 13:00:00,17.0375,13.572333333333335,7.858833333333334,37.74074074074074,1.6851851851851853,10.233333333333333,966.6453333333334,SITE 5,INT
2026-02-09 14:00:00,17.258166666666668,13.9125,8.624666666666666,38.7962962962963,1.1481481481481481,9.3,965.4986666666666,SITE 5,INT
2026-02-09 15:00:00,18.143833333333337,14.844833333333334,9.432166666666665,39.57407407407407,1.4074074074074074,9.166666666666666,964.8106666666666,SITE 5,INT
2026-02-09 16:00:00,18.299166666666668,14.888833333333332,9.478333333333333,39.98148148148148,2.314814814814815,9.633333333333333,964.5276666666666,SITE 5,INT
2026-02-09 17:00:00,44.49366666666666,38.43783333333333,25.366,39.98148148148148,2.0,9.333333333333334,965.0013333333334,SITE 5,INT
2026-02-09 18:00:00,80.27499999999999,69.98758620689655,47.33275862068966,39.21455938697318,2.89272030651341,10.586206896551724,965.5696551724138,SITE 5,INT
2026-02-09 19:00:00,172.07083333333333,158.75883333333334,113.194,38.31481481481482,3.462962962962963,11.466666666666667,966.2009999999999,SITE 5,INT
2026-02-09 20:00:00,102.70216666666667,91.24849999999999,63.588499999999996,37.68518518518519,3.4444444444444446,11.9,967.0653333333333,SITE 5,INT
2026-02-09 21:00:00,70.3685,56.101,38.12966666666667,37.092592592592595,2.611111111111111,11.233333333333333,967.734,SITE 5,INT
2026-02-09 22:00:00,57.694833333333335,45.22266666666667,30.838666666666665,36.48148148148149,1.7407407407407407,11.133333333333333,968.0953333333333,SITE 5,INT
2026-02-09 23:00:00,49.43155172413793,39.626724137931035,26.780862068965515,35.689655172413794,1.1685823754789273,11.03448275862069,968.173448275862,SITE 5,INT
2026-02-10 00:00:00,39.81433333333334,32.56816666666666,21.722166666666666,35.12962962962963,1.6481481481481484,12.0,967.749,SITE 5,INT
2026-02-10 01:00:00,38.45366666666666,31.874833333333335,21.15683333333333,34.42592592592593,1.888888888888889,12.566666666666666,967.2833333333333,SITE 5,INT
2026-02-10 02:00:00,35.51366666666667,30.017,19.913166666666665,33.833333333333336,2.2037037037037037,13.366666666666667,966.8776666666668,SITE 5,INT
2026-02-10 03:00:00,33.0435,27.463833333333334,18.1835,33.24074074074074,2.1296296296296298,14.0,966.6116666666666,SITE 5,INT
2026-02-10 04:00:00,30.27758620689655,24.63293103448276,16.31655172413793,32.62452107279693,1.6666666666666667,14.0,966.6989655172414,SITE 5,INT
2026-02-10 05:00:00,48.083666666666666,38.36666666666667,25.836166666666667,32.25925925925926,2.1666666666666665,14.466666666666667,967.471,SITE 5,INT
2026-02-10 06:00:00,161.22433333333336,149.08716666666666,106.73816666666667,33.05555555555556,8.833333333333334,22.866666666666667,968.5923333333334,SITE 5,INT
2026-02-10 07:00:00,80.16699999999999,66.57116666666667,45.911833333333334,32.90740740740741,6.388888888888888,19.1,969.4606666666666,SITE 5,INT
2026-02-10 08:00:00,83.30483333333333,71.762,48.97683333333334,32.24074074074074,5.018518518518518,18.033333333333335,970.2743333333333,SITE 5,INT
2026-02-10 09:00:00,55.467,42.5205,28.058333333333334,32.166666666666664,2.944444444444444,15.5,970.246,SITE 5,INT
2026-02-10 10:00:00,34.705862068965516,27.672758620689656,18.41586206896552,33.25670498084291,2.298850574712644,13.931034482758621,969.7658620689655,SITE 5,INT
2026-02-10 11:00:00,26.334333333333333,21.549500000000002,13.9975,35.166666666666664,1.574074074074074,11.8,969.2293333333333,SITE 5,INT
2026-02-10 12:00:00,25.3705,21.093,13.665666666666668,36.20370370370371,1.574074074074074,11.166666666666666,968.298,SITE 5,INT
2026-02-10 13:00:00,21.382,17.360833333333336,10.922333333333334,37.51851851851852,1.2592592592592593,10.0,967.2206666666666,SITE 5,INT
2026-02-10 14:00:00,20.272499999999997,16.294166666666666,10.5245,38.111111111111114,0.7777777777777779,9.266666666666667,966.491,SITE 5,INT
2026-02-10 15:00:00,23.9405,20.300166666666666,13.702666666666666,38.333333333333336,1.1296296296296298,9.433333333333334,966.226,SITE 5,INT
2026-02-10 16:00:00,35.49,29.494655172413793,19.77948275862069,38.793103448275865,1.3409961685823757,9.482758620689655,966.2255172413793,SITE 5,INT
2026-02-10 17:00:00,47.533,38.9235,26.2285,38.37037037037037,1.574074074074074,9.9,966.2543333333334,SITE 5,INT
2026-02-10 18:00:00,56.31655172413793,43.51758620689655,28.679310344827588,37.490421455938694,1.9923371647509578,10.758620689655173,966.8596551724138,SITE 5,INT
2026-02-10 19:00:00,67.07866666666666,52.1125,34.582,37.24074074074074,4.5,13.0,967.5813333333333,SITE 5,INT
2026-02-10 20:00:00,70.77616666666667,55.464333333333336,36.3355,36.611111111111114,2.7407407407407405,11.966666666666667,968.4953333333334,SITE 5,INT
2026-02-10 21:00:00,83.24933333333334,71.65316666666666,46.342999999999996,36.12962962962963,2.351851851851852,12.0,969.0533333333333,SITE 5,INT
2026-02-10 22:00:00,67.04966666666667,52.56366666666667,34.162166666666664,36.111111111111114,2.5,12.0,969.2283333333332,SITE 5,INT
2026-02-10 23:00:00,52.60103448275862,40.5951724137931,27.047758620689656,35.61302681992338,2.586206896551724,12.344827586206897,969.0441379310345,SITE 5,INT
2026-02-11 00:00:00,63.102833333333336,47.632,30.616833333333332,35.03703703703704,3.888888888888889,14.0,968.7943333333333,SITE 5,INT
2026-02-11 01:00:00,49.495333333333335,37.775166666666664,25.1445,34.2962962962963,3.666666666666667,14.466666666666667,968.2596666666667,SITE 5,INT
2026-02-11 02:00:00,37.78816666666667,29.577166666666667,19.677000000000003,33.88888888888889,2.2037037037037037,13.4,967.6813333333333,SITE 5,INT
2026-02-11 03:00:00,32.18783333333333,25.851333333333333,17.43883333333333,33.351851851851855,2.185185185185185,13.866666666666667,967.6886666666667,SITE 5,INT
2026-02-11 04:00:00,60.225,47.34862068965517,32.007241379310344,33.1992337164751,5.919540229885057,18.275862068965516,968.211724137931,SITE 5,INT
2026-02-11 05:00:00,67.4535,52.734500000000004,35.528,32.5,7.222222222222223,20.8,968.6116666666666,SITE 5,INT
2026-02-11 06:00:00,85.73700000000001,72.5485,49.86383333333333,32.42592592592593,7.37037037037037,21.033333333333335,969.164,SITE 5,INT
2026-02-11 07:00:00,90.34966666666666,77.9825,53.767,31.62962962962963,7.277777777777778,21.966666666666665,969.8186666666667,SITE 5,INT
2026-02-11 08:00:00,70.81383333333333,55.98883333333333,38.412666666666674,31.666666666666668,10.555555555555555,27.5,970.3553333333333,SITE 5,INT
2026-02-11 09:00:00,64.92233333333334,50.42666666666666,34.437666666666665,32.03703703703704,14.537037037037038,34.733333333333334,970.9803333333333,SITE 5,INT
2026-02-11 10:00:00,60.56551724137931,47.217241379310344,32.319310344827585,33.35249042145594,13.869731800766283,31.06896551724138,970.6193103448276,SITE 5,INT
2026-02-11 11:00:00,54.241166666666665,42.4685,29.14783333333333,35.05555555555556,11.518518518518517,24.2,969.9186666666667,SITE 5,INT
2026-02-11 12:00:00,46.599500000000006,37.19716666666667,25.476499999999998,37.01851851851852,8.777777777777777,17.933333333333334,968.8933333333333,SITE 5,INT
2026-02-11 13:00:00,40.782666666666664,33.51583333333333,22.808666666666667,37.333333333333336,7.296296296296296,15.866666666666667,967.849,SITE 5,INT
2026-02-11 14:00:00,38.211666666666666,32.23866666666667,22.0745,38.2037037037037,7.0,14.8,967.0566666666667,SITE 5,INT
2026-02-11 15:00:00,42.90233333333333,35.57449999999999,24.353166666666667,38.351851851851855,7.25925925925926,14.9,966.9023333333333,SITE 5,INT
2026-02-11 16:00:00,41.047413793103445,34.28,23.24827586206897,38.639846743295024,7.931034482758622,15.10344827586207,967.1455172413794,SITE 5,INT
2026-02-11 17:00:00,48.63166666666667,39.11966666666667,26.685166666666664,39.38888888888889,10.203703703703704,17.4,967.5300000000001,SITE 5,INT
2026-02-11 18:00:00,67.94316666666667,56.895833333333336,39.22516666666666,39.2037037037037,11.851851851851853,19.466666666666665,968.0546666666667,SITE 5,INT
2026-02-11 19:00:00,92.67383333333333,81.02033333333334,55.277166666666666,38.03703703703704,10.407407407407408,18.833333333333332,968.9413333333334,SITE 5,INT
2026-02-11 20:00:00,66.868,53.41566666666667,36.64866666666667,37.22222222222222,10.851851851851851,20.266666666666666,969.6616666666666,SITE 5,INT
2026-02-11 21:00:00,64.37206896551724,49.85206896551724,34.20655172413793,36.85823754789272,10.99616858237548,21.0,970.0010344827585,SITE 5,INT
2026-02-11 22:00:00,62.3615,48.515166666666666,33.36816666666667,36.611111111111114,10.833333333333334,21.166666666666668,970.2863333333333,SITE 5,INT
2026-02-11 23:00:00,64.00016666666666,49.611666666666665,34.09733333333333,36.07407407407408,11.333333333333334,22.466666666666665,970.499,SITE 5,INT
2026-02-12 00:00:00,69.2385,55.009,38.167833333333334,35.42592592592593,11.425925925925926,23.4,970.2270000000001,SITE 5,INT
2026-02-12 01:00:00,60.917,47.397000000000006,32.36416666666666,34.7962962962963,11.407407407407408,24.1,969.5830000000001,SITE 5,INT
2026-02-12 02:00:00,56.36413793103448,44.171379310344825,30.17034482758621,34.252873563218394,11.609195402298852,25.379310344827587,969.3072413793103,SITE 5,INT
2026-02-12 03:00:00,58.150333333333336,45.66383333333333,31.194833333333335,33.833333333333336,11.962962962962964,26.6,969.1673333333333,SITE 5,INT
2026-02-12 04:00:00,59.01083333333334,46.698166666666665,31.84916666666667,33.20370370370371,12.851851851851853,29.2,969.0933333333334,SITE 5,INT
2026-02-12 05:00:00,95.5185,85.22216666666667,62.19883333333333,32.92592592592593,15.018518518518517,34.2,969.3786666666667,SITE 5,INT
2026-02-12 06:00:00,62.338166666666666,48.6285,33.23966666666667,32.77777777777778,15.555555555555559,35.7,969.8486666666666,SITE 5,INT
2026-02-12 07:00:00,69.33616666666667,54.449,37.47833333333333,32.03703703703704,15.703703703703704,37.56666666666667,970.3126666666667,SITE 5,INT
2026-02-12 08:00:00,63.35603448275862,49.36810344827586,33.70913793103448,31.800766283524908,16.532567049808428,40.41379310344828,970.9282758620689,SITE 5,INT
2026-02-12 09:00:00,65.40633333333334,51.717166666666664,35.76366666666667,32.88888888888889,16.61111111111111,37.96666666666667,971.0566666666667,SITE 5,INT
2026-02-12 10:00:00,56.3405,44.30616666666666,30.335833333333333,34.48148148148149,16.425925925925927,34.266666666666666,970.7586666666667,SITE 5,INT
2026-02-12 11:00:00,49.976,39.76583333333333,27.453,36.0,14.462962962962964,27.8,970.1643333333334,SITE 5,INT
2026-02-12 12:00:00,46.38016666666667,36.83266666666667,25.435166666666664,37.407407407407405,12.444444444444446,22.433333333333334,969.1313333333333,SITE 5,INT
2026-02-12 13:00:00,37.55120689655172,31.637758620689656,21.57586206896552,38.5632183908046,9.865900383141764,17.586206896551722,968.038275862069,SITE 5,INT
2026-02-12 14:00:00,39.97616666666667,34.11066666666667,22.989666666666665,39.592592592592595,7.388888888888889,14.066666666666666,966.8326666666667,SITE 5,INT
2026-02-12 15:00:00,69.051,61.8455,39.87683333333334,40.05555555555556,7.388888888888889,13.633333333333333,966.3883333333334,SITE 5,INT
2026-02-12 16:00:00,56.38766666666667,46.51649999999999,30.634166666666665,40.27777777777778,8.537037037037038,14.6,966.367,SITE 5,INT
2026-02-12 17:00:00,42.84316666666667,34.45816666666666,22.863,39.833333333333336,8.425925925925927,14.866666666666667,966.5243333333333,SITE 5,INT
2026-02-12 18:00:00,68.75103448275863,57.163448275862066,37.30275862068965,39.44444444444444,9.061302681992338,15.931034482758621,966.9368965517241,SITE 5,INT
2026-02-12 19:00:00,106.97399999999999,96.70416666666667,65.76716666666667,38.94444444444445,9.851851851851851,17.2,967.7653333333333,SITE 5,INT
2026-02-12 20:00:00,110.305,99.44166666666666,69.05116666666666,38.22222222222222,9.333333333333334,17.166666666666668,968.5633333333334,SITE 5,INT
2026-02-12 21:00:00,95.37899999999999,83.9695,57.88066666666667,37.5,9.296296296296298,17.9,969.025,SITE 5,INT
2026-02-12 22:00:00,82.70448275862068,71.49879310344828,50.14396551724138,37.03065134099617,8.31417624521073,17.103448275862068,969.2848275862068,SITE 5,INT
2026-02-12 23:00:00,79.41366666666666,66.51050000000001,46.18183333333333,36.62962962962964,7.814814814814815,17.133333333333333,969.2476666666666,SITE 5,INT
2026-02-13 00:00:00,72.06689655172414,57.0551724137931,40.00465517241379,36.015325670498086,7.471264367816093,17.275862068965516,968.81,SITE 5,INT
2026-02-13 01:00:00,66.08683333333333,50.2985,33.96183333333333,35.55555555555556,7.648148148148149,18.033333333333335,968.2116666666666,SITE 5,INT
2026-02-13 02:00:00,63.76233333333333,49.49516666666667,33.65933333333333,35.05555555555556,9.74074074074074,21.466666666666665,967.888,SITE 5,INT
2026-02-13 03:00:00,58.989000000000004,46.2665,31.624000000000002,34.61111111111111,11.296296296296298,24.333333333333332,967.9463333333333,SITE 5,INT
2026-02-13 04:00:00,54.80166666666666,43.79933333333334,29.7755,34.12962962962963,13.722222222222223,29.333333333333332,968.1353333333334,SITE 5,INT
2026-02-13 05:00:00,72.40741379310344,62.07465517241379,45.44689655172414,34.32950191570881,15.862068965517242,33.58620689655172,968.6241379310344,SITE 5,INT
2026-02-13 06:00:00,137.96666666666667,128.02516666666668,93.57283333333334,35.407407407407405,18.38888888888889,37.1,969.37,SITE 5,INT
2026-02-13 07:00:00,61.50383333333333,47.79966666666667,32.80316666666667,33.46296296296296,15.648148148148149,34.833333333333336,970.1206666666666,SITE 5,INT
2026-02-13 08:00:00,65.75750000000001,49.964666666666666,33.02366666666667,32.42592592592593,16.77777777777778,39.3,970.8456666666666,SITE 5,INT
2026-02-13 09:00:00,85.16766666666668,59.77633333333333,34.001666666666665,32.62962962962963,18.35185185185185,43.06666666666667,971.1063333333333,SITE 5,INT
2026-02-13 10:00:00,59.855000000000004,44.39241379310345,28.99844827586207,33.81226053639847,18.65900383141763,41.13793103448276,970.7620689655172,SITE 5,INT
2026-02-13 11:00:00,55.96683333333333,42.661833333333334,28.46033333333333,35.611111111111114,18.35185185185185,36.5,969.8603333333334,SITE 5,INT
2026-02-13 12:00:00,50.44183333333333,40.20766666666667,27.935,37.277777777777786,17.166666666666668,30.8,969.0456666666666,SITE 5,INT
2026-02-13 13:00:00,42.969500000000004,34.27166666666667,23.816166666666668,38.333333333333336,15.092592592592593,25.333333333333332,967.9203333333334,SITE 5,INT
2026-02-13 14:00:00,40.834666666666664,33.172333333333334,23.082333333333334,38.851851851851855,14.5,23.7,966.7026666666667,SITE 5,INT
2026-02-13 15:00:00,39.74879310344827,32.1546551724138,21.87965517241379,39.54022988505747,11.704980842911878,18.96551724137931,965.925172413793,SITE 5,INT
2026-02-13 16:00:00,32.506,27.556833333333334,19.044666666666668,39.851851851851855,10.907407407407408,17.666666666666668,965.5606666666666,SITE 5,INT
2026-02-13 17:00:00,39.1595,32.48983333333333,22.648666666666667,39.87037037037037,11.833333333333334,18.866666666666667,965.3516666666667,SITE 5,INT
2026-02-13 18:00:00,95.64666666666668,68.46283333333334,41.268166666666666,39.5,12.481481481481483,20.1,965.4173333333333,SITE 5,INT
2026-02-13 19:00:00,77.88166666666666,65.04516666666667,42.70816666666666,38.870370370370374,13.833333333333334,22.8,966.0223333333334,SITE 5,INT
2026-02-13 20:00:00,71.83103448275861,57.82465517241379,38.10241379310345,38.333333333333336,13.793103448275861,23.24137931034483,967.0420689655173,SITE 5,INT
2026-02-13 21:00:00,70.30883333333333,55.88066666666667,39.30133333333333,37.48148148148148,12.703703703703704,22.6,967.6773333333333,SITE 5,INT
2026-02-13 22:00:00,53.26933333333333,41.62283333333333,28.38,36.833333333333336,12.907407407407408,23.933333333333334,967.8576666666667,SITE 5,INT
2026-02-13 23:00:00,50.73637931034483,39.70034482758621,27.08155172413793,36.34099616858238,13.333333333333334,25.413793103448278,967.9651724137932,SITE 5,INT
2026-02-14 00:00:00,47.41316666666667,37.66833333333333,25.831,35.92592592592593,13.851851851851851,26.866666666666667,967.9553333333333,SITE 5,INT
2026-02-14 01:00:00,45.906666666666666,36.635,25.375,35.55555555555556,14.425925925925926,28.066666666666666,967.4609999999999,SITE 5,INT
2026-02-14 02:00:00,44.967,36.20483333333333,25.05483333333333,34.851851851851855,15.296296296296298,31.2,966.9776666666668,SITE 5,INT
2026-02-14 03:00:00,42.19783333333333,34.419,23.700666666666667,34.37037037037037,16.314814814814817,34.46666666666667,966.889,SITE 5,INT
2026-02-14 04:00:00,39.630517241379316,33.05965517241379,22.982758620689655,33.85057471264368,17.22222222222222,37.6551724137931,967.0500000000001,SITE 5,INT
2026-02-14 05:00:00,39.0045,32.6085,22.612666666666666,33.25925925925926,17.277777777777775,38.733333333333334,967.1956666666666,SITE 5,INT
2026-02-14 06:00:00,41.174,33.8185,23.42233333333333,32.48148148148148,17.666666666666668,41.43333333333333,967.6183333333333,SITE 5,INT
2026-02-14 07:00:00,44.4315,34.657833333333336,23.23933333333333,31.85185185185185,18.11111111111111,44.3,968.2860000000001,SITE 5,INT
2026-02-14 08:00:00,42.18689655172414,34.18155172413793,23.55844827586207,31.666666666666668,19.042145593869733,47.44827586206897,969.2668965517242,SITE 5,INT
2026-02-14 09:00:00,47.85783333333333,38.70116666666667,26.689833333333336,32.55555555555556,19.314814814814817,46.0,969.6003333333333,SITE 5,INT
2026-02-14 10:00:00,82.49133333333333,72.53866666666666,48.77583333333333,34.0,19.01851851851852,41.43333333333333,969.448,SITE 5,INT
2026-02-14 11:00:00,44.288,35.653999999999996,24.636000000000003,35.11111111111111,18.685185185185183,38.333333333333336,968.7833333333333,SITE 5,INT
2026-02-14 12:00:00,40.624,33.633833333333335,23.532,36.5,17.796296296296298,33.43333333333333,967.5003333333333,SITE 5,INT
2026-02-14 13:00:00,34.781166666666664,30.064166666666665,21.07133333333333,37.46296296296296,15.481481481481483,27.3,966.2923333333333,SITE 5,INT
2026-02-14 14:00:00,35.75,30.67862068965517,21.50948275862069,38.29501915708813,13.563218390804598,23.103448275862068,965.1224137931034,SITE 5,INT
2026-02-14 15:00:00,38.99533333333333,32.531666666666666,22.8655,39.27777777777778,12.074074074074074,19.8,964.1113333333334,SITE 5,INT
2026-02-14 16:00:00,37.34866666666667,31.787666666666667,22.867,39.81481481481481,12.092592592592593,19.166666666666668,963.7643333333333,SITE 5,INT
2026-02-14 17:00:00,38.56133333333333,31.484333333333332,21.87,39.68518518518518,12.518518518518517,20.0,963.8516666666667,SITE 5,INT
2026-02-14 18:00:00,65.2445,54.031333333333336,37.01583333333333,39.2962962962963,12.166666666666668,19.833333333333332,964.4936666666667,SITE 5,INT
2026-02-14 19:00:00,106.7746551724138,94.11344827586207,63.798620689655166,38.50574712643679,12.681992337164752,21.413793103448278,965.4027586206896,SITE 5,INT
2026-02-14 20:00:00,149.87783333333334,132.77833333333334,87.16533333333334,37.75925925925926,12.759259259259261,22.033333333333335,966.2716666666668,SITE 5,INT
2026-02-14 21:00:00,101.645,86.90133333333333,58.41816666666667,37.407407407407405,13.185185185185187,23.5,966.9926666666667,SITE 5,INT
2026-02-14 22:00:00,63.8545,48.666333333333334,33.184333333333335,37.18518518518519,13.38888888888889,24.166666666666668,967.141,SITE 5,INT
2026-02-14 23:00:00,53.99283333333334,41.812333333333335,28.613999999999997,36.51851851851852,13.407407407407408,25.2,967.1356666666667,SITE 5,INT
2026-02-15 00:00:00,45.208275862068966,36.15551724137931,25.09103448275862,36.0536398467433,14.233716475095786,27.24137931034483,966.7044827586207,SITE 5,INT
2026-02-15 01:00:00,44.60916666666667,35.946000000000005,25.06433333333333,35.25925925925926,15.462962962962964,31.0,966.5120000000001,SITE 5,INT
2026-02-15 02:00:00,41.181333333333335,33.96066666666667,23.815166666666666,34.51851851851851,16.166666666666668,33.9,966.6996666666668,SITE 5,INT
2026-02-15 03:00:00,40.527,33.809999999999995,23.794333333333334,34.44444444444444,16.40740740740741,34.333333333333336,966.8443333333333,SITE 5,INT
2026-02-15 04:00:00,36.130833333333335,31.44633333333333,22.29283333333333,33.92592592592593,16.62962962962963,35.8,966.878,SITE 5,INT
2026-02-15 05:00:00,47.77396551724138,40.14586206896552,29.23448275862069,33.88888888888889,17.088122605363985,37.0,967.0696551724138,SITE 5,INT
2026-02-15 06:00:00,58.511833333333335,49.93233333333333,36.552,34.074074074074076,18.27777777777778,39.3,967.6013333333334,SITE 5,INT
2026-02-15 07:00:00,40.461,33.2335,23.153833333333335,33.51851851851852,17.740740740740744,39.36666666666667,968.241,SITE 5,INT
2026-02-15 08:00:00,68.01616666666666,58.96633333333333,40.65683333333333,32.92592592592593,17.796296296296298,40.833333333333336,968.8416666666667,SITE 5,INT
2026-02-15 09:00:00,35.83741379310345,30.677241379310345,21.34896551724138,33.29501915708813,18.697318007662837,42.10344827586207,969.2468965517241,SITE 5,INT
2026-02-15 10:00:00,33.34775862068965,28.932931034482756,20.261206896551727,33.793103448275865,18.79310344827586,41.793103448275865,969.4162068965517,SITE 5,INT
2026-02-15 11:00:00,35.9435,30.753666666666668,21.54416666666667,34.666666666666664,19.01851851851852,39.9,968.9863333333334,SITE 5,INT
2026-02-15 12:00:00,43.147666666666666,35.127833333333335,24.41466666666667,35.87037037037037,18.740740740740744,36.63333333333333,967.9833333333333,SITE 5,INT
2026-02-15 13:00:00,34.78416666666667,30.15083333333333,21.15,36.833333333333336,17.925925925925927,33.03333333333333,967.1273333333334,SITE 5,INT
2026-02-15 14:00:00,32.9135,29.092,20.67683333333333,37.907407407407405,17.740740740740744,30.833333333333332,966.0946666666666,SITE 5,INT
2026-02-15 15:00:00,39.97277777777778,31.96481481481481,21.83185185185185,37.839506172839506,16.83127572016461,29.11111111111111,965.6214814814814,SITE 5,INT
2026-02-15 16:00:00,34.624655172413796,28.25603448275862,18.819137931034483,33.984674329501914,18.467432950191572,40.310344827586206,967.3286206896552,SITE 5,INT
2026-02-15 17:00:00,57.36966666666667,47.007333333333335,33.60216666666667,34.57407407407407,19.77777777777778,42.0,967.5703333333333,SITE 5,INT
2026-02-15 18:00:00,33.7735,28.427,20.8905,33.48148148148149,18.462962962962965,41.36666666666667,968.154,SITE 5,INT
2026-02-15 19:00:00,63.32899999999999,56.50783333333334,43.077999999999996,33.333333333333336,18.01851851851852,40.7,968.8846666666667,SITE 5,INT
2026-02-15 20:00:00,20.996666666666666,19.095333333333333,13.928500000000001,30.666666666666668,17.98148148148148,47.1,970.8776666666668,SITE 5,INT
2026-02-15 21:00:00,24.86603448275862,22.78344827586207,16.36741379310345,31.762452107279692,18.35249042145594,45.3448275862069,971.944827586207,SITE 5,INT
2026-02-15 22:00:00,26.527333333333335,24.02466666666667,17.177333333333333,32.388888888888886,18.925925925925927,44.8,972.9946666666667,SITE 5,INT
2026-02-15 23:00:00,27.714333333333336,25.073833333333333,18.064666666666668,32.05555555555556,18.90740740740741,46.13333333333333,972.4113333333333,SITE 5,INT
2026-02-16 00:00:00,30.819000000000003,27.836166666666667,19.535,31.666666666666668,18.925925925925927,47.1,970.7163333333333,SITE 5,INT
2026-02-16 01:00:00,28.604166666666668,25.748,18.3495,31.129629629629633,18.75925925925926,48.43333333333333,968.8996666666667,SITE 5,INT
2026-02-16 02:00:00,31.246,27.5825,19.437666666666665,31.111111111111118,18.370370370370374,47.233333333333334,968.1643333333334,SITE 5,INT
2026-02-16 03:00:00,37.79724137931034,32.07362068965517,22.110344827586207,30.938697318007666,19.080459770114945,49.793103448275865,968.4006896551724,SITE 5,INT
2026-02-16 04:00:00,60.930166666666665,51.5325,34.506499999999996,31.074074074074076,18.888888888888893,48.8,968.6560000000001,SITE 5,INT
2026-02-16 05:00:00,53.41466666666667,44.064,30.625,30.685185185185187,17.61111111111111,45.8,969.0949999999999,SITE 5,INT
2026-02-16 06:00:00,68.08966666666667,56.95883333333334,39.88033333333333,30.518518518518523,16.185185185185187,42.3,970.0636666666667,SITE 5,INT
2026-02-16 07:00:00,57.82133333333333,42.32966666666667,27.198833333333333,29.574074074074076,12.62962962962963,35.7,970.8823333333333,SITE 5,INT
2026-02-16 08:00:00,62.523275862068964,40.78051724137931,22.485344827586207,29.52107279693487,8.026819923371649,26.06896551724138,971.6234482758621,SITE 5,INT
2026-02-16 09:00:00,67.96533333333333,41.373666666666665,20.299333333333333,30.185185185185183,4.851851851851852,20.0,972.1673333333333,SITE 5,INT
2026-02-16 10:00:00,62.73066666666667,38.598166666666664,19.153166666666667,31.222222222222225,5.555555555555555,19.8,972.08,SITE 5,INT
2026-02-16 11:00:00,53.103833333333334,31.665333333333333,14.552166666666666,32.96296296296296,5.092592592592593,17.4,971.311,SITE 5,INT
2026-02-16 12:00:00,46.07866666666666,27.817166666666665,12.922500000000001,34.53703703703704,3.1296296296296293,13.7,970.2243333333333,SITE 5,INT
2026-02-16 13:00:00,44.224333333333334,26.636333333333333,12.798166666666667,35.94444444444445,2.5185185185185186,12.1,969.0956666666666,SITE 5,INT
2026-02-16 14:00:00,48.371206896551726,31.847241379310347,18.285344827586208,37.06896551724138,2.2796934865900385,11.068965517241379,968.25,SITE 5,INT
2026-02-16 15:00:00,42.734500000000004,26.070666666666668,12.488833333333334,37.648148148148145,1.8148148148148147,10.433333333333334,967.6569999999999,SITE 5,INT
2026-02-16 16:00:00,54.662166666666664,35.22183333333333,19.317,37.37037037037037,1.8148148148148147,10.566666666666666,967.5883333333334,SITE 5,INT
2026-02-16 17:00:00,59.700500000000005,38.57233333333333,21.237666666666666,37.18518518518519,2.6296296296296293,11.366666666666667,967.7566666666667,SITE 5,INT
2026-02-16 18:00:00,82.99189655172415,60.79810344827586,36.44465517241379,37.490421455938694,5.6513409961685825,13.931034482758621,968.3234482758621,SITE 5,INT
2026-02-16 19:00:00,73.64066666666666,50.224000000000004,30.24116666666667,36.5,3.9444444444444446,13.0,969.0596666666667,SITE 5,INT
2026-02-16 20:00:00,74.251,50.6735,30.71466666666667,35.94444444444445,3.7962962962962967,13.3,970.1223333333332,SITE 5,INT
2026-02-16 21:00:00,71.98066666666666,49.29533333333334,29.93166666666667,35.611111111111114,4.537037037037037,14.233333333333333,970.6673333333333,SITE 5,INT
2026-02-16 22:00:00,66.1635,43.99433333333333,25.351666666666667,35.27777777777778,4.055555555555555,14.133333333333333,970.678,SITE 5,INT
2026-02-16 23:00:00,60.710344827586205,38.59741379310345,20.757758620689657,34.52107279693487,0.78544061302682,11.620689655172415,970.5313793103448,SITE 5,INT
2026-02-17 00:00:00,61.2485,38.455333333333336,20.187333333333335,33.98148148148149,-1.2222222222222223,10.1,970.0830000000001,SITE 5,INT
2026-02-17 01:00:00,61.13416666666667,38.061,19.927666666666664,33.51851851851852,-1.5370370370370372,10.0,969.5826666666667,SITE 5,INT
2026-02-17 02:00:00,60.175333333333334,37.36016666666667,19.279666666666667,33.01851851851852,-1.5,10.533333333333333,969.1026666666668,SITE 5,INT
2026-02-17 03:00:00,61.346000000000004,38.81433333333334,20.706500000000002,32.77777777777778,0.14814814814814817,12.2,968.928,SITE 5,INT
2026-02-17 04:00:00,62.958103448275864,40.64775862068966,22.404137931034484,32.37547892720307,0.8045977011494254,13.241379310344827,969.2058620689655,SITE 5,INT
2026-02-17 05:00:00,68.26816666666667,45.82816666666667,26.941166666666668,31.666666666666668,-0.2592592592592593,12.766666666666667,969.554,SITE 5,INT
2026-02-17 06:00:00,70.68233333333333,48.524499999999996,28.505,31.16666666666667,-0.3703703703703704,13.033333333333333,969.7886666666667,SITE 5,INT
2026-02-17 07:00:00,72.82,49.950833333333335,28.7905,30.074074074074073,-3.388888888888889,11.0,970.2476666666666,SITE 5,INT
2026-02-17 08:00:00,67.75150000000001,44.163333333333334,24.22233333333333,29.98148148148148,-3.277777777777778,11.233333333333333,970.9256666666666,SITE 5,INT
2026-02-17 09:00:00,61.35183333333334,38.88283333333333,20.380499999999998,30.185185185185183,-4.425925925925926,10.166666666666666,971.302,SITE 5,INT
2026-02-17 10:00:00,58.27724137931035,35.624310344827585,17.17655172413793,31.475095785440615,-3.505747126436782,9.862068965517242,971.1558620689656,SITE 5,INT
2026-02-17 11:00:00,57.4455,34.606833333333334,15.800333333333333,33.03703703703704,-3.0740740740740744,9.433333333333334,970.371,SITE 5,INT
2026-02-17 12:00:00,56.9795,34.041666666666664,15.566166666666668,34.166666666666664,-3.5185185185185186,8.533333333333333,969.2126666666667,SITE 5,INT
2026-02-17 13:00:00,56.5905,33.76683333333333,15.219,35.166666666666664,-3.777777777777778,7.9,968.0736666666667,SITE 5,INT
2026-02-17 14:00:00,56.90566666666667,34.37483333333333,16.1,36.12962962962963,-4.12962962962963,7.1,967.099,SITE 5,INT
2026-02-17 15:00:00,57.28758620689655,34.82310344827586,16.73051724137931,36.685823754789276,-3.754789272030652,7.0344827586206895,966.6813793103449,SITE 5,INT
2026-02-17 16:00:00,59.711,37.719166666666666,19.840333333333334,37.2037037037037,-2.4074074074074074,7.833333333333333,966.4486666666667,SITE 5,INT
2026-02-17 17:00:00,60.888333333333335,39.19083333333333,21.271666666666665,37.407407407407405,-0.7037037037037037,8.7,966.6460000000001,SITE 5,INT
2026-02-17 18:00:00,73.90816666666666,49.94216666666667,29.345333333333333,37.18518518518519,0.4444444444444445,9.833333333333334,967.4283333333333,SITE 5,INT
2026-02-17 19:00:00,117.271,91.85316666666668,57.895999999999994,36.98148148148149,5.833333333333333,14.533333333333333,968.1356666666667,SITE 5,INT
2026-02-17 20:00:00,129.2308620689655,104.41999999999999,66.8055172413793,35.88122605363985,2.2796934865900385,12.03448275862069,968.6679310344828,SITE 5,INT
2026-02-17 21:00:00,123.23533333333333,98.37599999999999,61.82866666666666,35.2962962962963,2.8703703703703707,12.966666666666667,969.2426666666667,SITE 5,INT
2026-02-17 22:00:00,71.57750000000001,48.373000000000005,29.2665,34.7962962962963,0.4444444444444445,11.0,969.2909999999999,SITE 5,INT
2026-02-17 23:00:00,96.38033333333333,72.99183333333333,44.92766666666667,34.407407407407405,2.0925925925925926,12.766666666666667,969.0563333333333,SITE 5,INT
2026-02-18 00:00:00,116.51383333333334,91.01516666666666,55.18633333333333,33.88888888888889,3.0,13.966666666666667,968.7366666666666,SITE 5,INT
2026-02-18 01:00:00,95.94500000000001,72.40844827586206,43.83155172413793,33.333333333333336,1.3984674329501916,12.96551724137931,968.3368965517242,SITE 5,INT
2026-02-18 02:00:00,72.63799999999999,49.6805,29.964499999999997,32.77777777777778,-0.37037037037037035,11.633333333333333,968.0263333333334,SITE 5,INT
2026-02-18 03:00:00,66.2705,44.152166666666666,25.715,31.75925925925926,-2.740740740740741,10.133333333333333,967.6546666666667,SITE 5,INT
2026-02-18 04:00:00,69.34200000000001,46.472833333333334,27.627,31.092592592592595,-2.7777777777777777,10.733333333333333,967.5763333333333,SITE 5,INT
2026-02-18 05:00:00,91.532,65.73983333333334,38.472166666666666,31.03703703703704,-2.240740740740741,11.233333333333333,967.9176666666666,SITE 5,INT
2026-02-18 06:00:00,78.26416666666667,53.96566666666667,32.1175,30.555555555555557,-2.074074074074074,11.666666666666666,968.2686666666667,SITE 5,INT
2026-02-18 07:00:00,91.98620689655172,65.58206896551724,37.66068965517242,30.517241379310345,-1.1302681992337165,12.689655172413794,968.6955172413793,SITE 5,INT
2026-02-18 08:00:00,102.33483333333334,72.83166666666666,40.51983333333333,30.555555555555557,-0.962962962962963,12.966666666666667,969.4283333333333,SITE 5,INT
2026-02-18 09:00:00,85.23816666666667,55.00933333333333,30.3845,31.000000000000004,0.24074074074074076,13.733333333333333,969.772,SITE 5,INT
2026-02-18 10:00:00,79.05316666666666,49.93666666666666,26.93883333333333,32.333333333333336,-0.14814814814814817,12.233333333333333,969.6543333333334,SITE 5,INT
2026-02-18 11:00:00,75.88449999999999,46.82183333333333,23.824666666666666,33.70370370370371,-1.574074074074074,10.066666666666666,968.922,SITE 5,INT
2026-02-18 12:00:00,74.67655172413792,45.201034482758615,22.12965517241379,35.09578544061303,-2.586206896551724,8.620689655172415,967.8655172413793,SITE 5,INT
2026-02-18 13:00:00,72.80483333333333,44.527833333333334,22.183,35.62962962962963,-4.648148148148149,7.166666666666667,966.8273333333333,SITE 5,INT
2026-02-18 14:00:00,70.28933333333333,43.020999999999994,21.363333333333333,36.62962962962963,-4.907407407407407,6.666666666666667,965.9763333333334,SITE 5,INT
2026-02-18 15:00:00,68.48416666666667,41.932,20.918166666666664,37.75925925925926,-3.7962962962962967,6.666666666666667,965.4696666666666,SITE 5,INT
2026-02-18 16:00:00,73.61449999999999,44.847,23.038999999999998,38.68518518518519,-0.6296296296296297,8.2,965.226,SITE 5,INT
2026-02-18 17:00:00,70.37620689655172,44.292068965517245,23.644137931034482,38.50574712643679,0.38314176245210735,8.931034482758621,965.5796551724138,SITE 5,INT
2026-02-18 18:00:00,102.45933333333333,76.31983333333332,46.2105,38.12962962962963,2.6296296296296293,10.8,966.1136666666666,SITE 5,INT
2026-02-18 19:00:00,136.88016666666667,104.59116666666667,61.881166666666665,36.90740740740741,0.7407407407407408,10.066666666666666,966.497,SITE 5,INT
2026-02-18 20:00:00,101.69816666666667,72.78366666666668,42.587833333333336,36.12962962962963,-0.40740740740740744,9.666666666666666,966.996,SITE 5,INT
2026-02-18 21:00:00,108.50833333333334,79.6985,46.823166666666665,35.57407407407407,0.5555555555555556,10.966666666666667,967.775,SITE 5,INT
2026-02-18 22:00:00,104.74566666666666,76.56166666666667,43.177,35.22222222222222,-0.3333333333333333,10.166666666666666,967.946,SITE 5,INT
2026-02-18 23:00:00,128.8801724137931,99.0751724137931,56.02758620689655,34.78927203065134,-1.475095785440613,9.655172413793103,967.9710344827586,SITE 5,INT
2026-02-19 00:00:00,104.14716666666666,78.79316666666666,46.08983333333333,34.2037037037037,-1.5,10.133333333333333,967.7573333333333,SITE 5,INT
2026-02-19 01:00:00,99.27883333333332,74.17366666666666,43.864000000000004,33.55555555555556,1.0,12.533333333333333,967.366,SITE 5,INT
2026-02-19 02:00:00,100.8965,75.9585,45.051500000000004,32.7962962962963,1.7407407407407407,13.7,966.9283333333333,SITE 5,INT
2026-02-19 03:00:00,83.12183333333334,58.88966666666667,34.46233333333334,32.2962962962963,0.6296296296296297,13.0,966.7246666666667,SITE 5,INT
2026-02-19 04:00:00,77.45258620689656,53.20741379310345,32.22724137931034,32.22222222222222,1.3601532567049808,13.96551724137931,966.7006896551724,SITE 5,INT
2026-02-19 05:00:00,76.54033333333334,53.0725,32.32066666666667,31.685185185185183,0.7222222222222222,13.7,966.8813333333333,SITE 5,INT
2026-02-19 06:00:00,81.20616666666666,60.291333333333334,36.4385,31.25925925925926,-2.1666666666666665,11.233333333333333,967.3853333333334,SITE 5,INT
2026-02-19 07:00:00,94.35633333333334,72.91316666666667,44.557,30.722222222222225,-2.0,11.666666666666666,967.9726666666667,SITE 5,INT
2026-02-19 08:00:00,99.93616666666667,78.54050000000001,48.3,30.37037037037037,-2.240740740740741,11.833333333333334,968.7206666666666,SITE 5,INT
2026-02-19 09:00:00,65.31155172413793,45.78120689655172,28.275172413793104,31.206896551724142,-1.3026819923371649,12.0,969.0737931034482,SITE 5,INT
2026-02-19 10:00:00,45.6525,31.435333333333336,18.552666666666667,32.90740740740741,-3.2222222222222223,9.4,969.0006666666667,SITE 5,INT
2026-02-19 11:00:00,44.474999999999994,29.5275,17.098750000000003,33.88888888888889,-3.6111111111111116,8.75,968.84,SITE 5,INT
2026-02-19 14:00:00,42.30615384615385,29.081923076923076,16.68,36.282051282051285,-6.452991452991454,6.0,965.3723076923077,SITE 5,INT
2026-02-19 15:00:00,46.436166666666665,31.926333333333332,19.16283333333333,39.0,-1.0370370370370372,8.133333333333333,964.8233333333334,SITE 5,INT
2026-02-19 16:00:00,44.18833333333334,30.397833333333335,18.188666666666666,39.648148148148145,-3.851851851851852,6.066666666666666,964.6613333333333,SITE 5,INT
2026-02-19 17:00:00,48.17620689655172,34.05862068965517,21.326206896551724,39.04214559386974,-2.7203065134099615,6.724137931034483,964.9086206896551,SITE 5,INT
2026-02-19 18:00:00,61.80716666666667,45.26116666666667,29.354666666666667,38.64814814814815,0.6296296296296297,9.1,965.4599999999999,SITE 5,INT
2026-02-19 19:00:00,127.93016666666668,108.355,68.97266666666665,37.92592592592593,1.0925925925925926,9.833333333333334,966.1626666666667,SITE 5,INT
2026-02-19 20:00:00,81.10766666666667,64.13233333333334,42.39333333333333,36.87037037037037,-1.425925925925926,8.533333333333333,967.0576666666667,SITE 5,INT
2026-02-19 21:00:00,84.97966666666666,68.90866666666668,45.92466666666667,36.037037037037045,-1.7222222222222223,8.9,967.7886666666667,SITE 5,INT
2026-02-19 22:00:00,81.74396551724138,66.43189655172414,43.68293103448276,35.440613026819925,-1.6475095785440614,9.03448275862069,968.1141379310345,SITE 5,INT
2026-02-19 23:00:00,79.53716666666666,65.70183333333334,44.065000000000005,34.7962962962963,-1.1296296296296298,9.7,968.2326666666667,SITE 5,INT
2026-02-20 00:00:00,76.43299999999999,60.07566666666666,39.7795,34.111111111111114,-0.4444444444444445,10.933333333333334,967.976,SITE 5,INT
2026-02-20 01:00:00,70.7215,52.292500000000004,33.859833333333334,33.50000000000001,-0.7037037037037037,11.0,967.5013333333334,SITE 5,INT
2026-02-20 02:00:00,61.483333333333334,45.258500000000005,29.557333333333336,32.833333333333336,-2.388888888888889,10.033333333333333,967.2013333333333,SITE 5,INT
2026-02-20 03:00:00,66.96379310344828,48.979827586206895,31.986034482758622,32.337164750957854,-1.9348659003831419,10.862068965517242,967.171724137931,SITE 5,INT
2026-02-20 04:00:00,79.91966666666667,64.97566666666667,43.29516666666667,32.388888888888886,1.777777777777778,14.233333333333333,967.5813333333333,SITE 5,INT
2026-02-20 05:00:00,77.42616666666666,63.755,43.49,31.425925925925927,0.7962962962962963,13.933333333333334,967.694,SITE 5,INT
2026-02-20 06:00:00,73.83383333333333,57.75683333333333,38.39483333333333,30.722222222222225,-2.685185185185185,11.0,968.1013333333334,SITE 5,INT
2026-02-20 07:00:00,83.30933333333334,70.98216666666667,47.967666666666666,30.555555555555557,-2.555555555555556,11.366666666666667,968.9553333333333,SITE 5,INT
2026-02-20 08:00:00,84.12266666666666,72.68466666666667,49.17783333333333,30.81481481481482,-2.0185185185185186,11.566666666666666,969.6746666666667,SITE 5,INT
2026-02-20 09:00:00,69.08637931034482,52.89706896551724,35.27293103448276,31.37931034482759,2.7586206896551726,16.75862068965517,970.2303448275862,SITE 5,INT
2026-02-20 10:00:00,62.832,45.598333333333336,29.279333333333334,32.611111111111114,10.296296296296298,25.566666666666666,970.2243333333333,SITE 5,INT
2026-02-20 11:00:00,59.3565,43.216833333333334,27.295833333333334,34.12962962962963,6.481481481481482,17.9,969.6363333333334,SITE 5,INT
2026-02-20 12:00:00,58.52133333333334,42.65716666666666,26.666166666666665,35.351851851851855,4.203703703703704,14.333333333333334,968.7066666666667,SITE 5,INT
2026-02-20 13:00:00,53.292,39.533,24.663,37.111111111111114,-4.555555555555556,6.633333333333334,967.6763333333333,SITE 5,INT
2026-02-20 14:00:00,86.1996551724138,70.30741379310345,41.25086206896552,38.02681992337165,-7.643678160919541,4.827586206896552,966.8572413793104,SITE 5,INT
2026-02-20 15:00:00,49.68816666666667,36.51366666666667,23.37066666666667,38.81481481481482,-7.148148148148149,4.933333333333334,966.2046666666666,SITE 5,INT
2026-02-20 16:00:00,41.8265,29.907,18.291166666666665,39.35185185185185,-7.129629629629631,4.633333333333334,965.8973333333332,SITE 5,INT
2026-02-20 17:00:00,45.80533333333334,33.465333333333334,21.043499999999998,39.407407407407405,-3.9629629629629632,6.1,965.8836666666666,SITE 5,INT
2026-02-20 18:00:00,64.75833333333334,48.42966666666666,31.596999999999998,38.57407407407408,-2.444444444444444,7.233333333333333,966.1466666666668,SITE 5,INT
2026-02-20 19:00:00,90.28931034482758,75.40982758620689,52.07344827586206,37.605363984674334,-0.7471264367816093,8.517241379310345,966.7506896551724,SITE 5,INT
2026-02-20 20:00:00,96.16166666666666,77.80883333333333,52.406666666666666,36.777777777777786,-1.2407407407407407,8.866666666666667,967.6800000000001,SITE 5,INT
2026-02-20 21:00:00,82.62116666666665,67.48516666666667,46.223,36.14814814814815,-0.4629629629629629,9.633333333333333,968.618,SITE 5,INT
2026-02-20 22:00:00,81.77516666666666,67.95033333333333,45.99433333333333,35.51851851851852,-1.0370370370370372,9.633333333333333,968.9813333333333,SITE 5,INT
2026-02-20 23:00:00,120.68816666666666,102.51116666666667,68.01333333333334,34.851851851851855,-0.5555555555555556,10.266666666666667,968.8713333333333,SITE 5,INT
2026-02-21 00:00:00,83.62275862068965,66.03,43.17310344827586,34.44444444444444,-2.1455938697318007,9.310344827586206,968.7341379310345,SITE 5,INT
2026-02-21 01:00:00,62.0495,45.8205,29.797,33.94444444444445,-3.4629629629629632,8.833333333333334,968.3083333333333,SITE 5,INT
2026-02-21 02:00:00,55.864000000000004,41.40116666666667,27.07283333333333,33.40740740740741,-4.648148148148149,8.0,967.7389999999999,SITE 5,INT
2026-02-21 03:00:00,63.396166666666666,48.8275,32.193,32.7962962962963,-3.0,9.666666666666666,967.8476666666667,SITE 5,INT
2026-02-21 04:00:00,79.13366666666666,65.0055,42.772000000000006,32.148148148148145,0.38888888888888895,12.9,968.0076666666666,SITE 5,INT
2026-02-21 05:00:00,73.593,56.88433333333333,37.5905,31.64814814814815,-0.29629629629629634,12.6,968.3259999999999,SITE 5,INT
2026-02-21 06:00:00,83.96827586206896,68.87051724137932,45.44051724137931,31.37931034482759,1.800766283524904,14.931034482758621,969.0824137931035,SITE 5,INT
2026-02-21 07:00:00,139.233,123.6785,78.09466666666667,31.111111111111118,2.4814814814814814,16.033333333333335,969.7843333333333,SITE 5,INT
2026-02-21 08:00:00,209.01450000000003,189.92950000000002,111.83183333333334,31.111111111111118,4.685185185185186,18.766666666666666,970.5243333333333,SITE 5,INT
2026-02-21 09:00:00,71.84200000000001,55.61383333333333,36.574333333333335,32.148148148148145,10.796296296296298,27.2,971.0580000000001,SITE 5,INT
2026-02-21 10:00:00,62.602,45.85316666666667,29.829833333333333,33.31481481481482,12.592592592592592,28.566666666666666,971.0596666666667,SITE 5,INT
2026-02-21 11:00:00,57.80166666666666,42.184,26.819666666666667,34.7962962962963,9.907407407407408,21.966666666666665,970.409,SITE 5,INT
2026-02-21 12:00:00,57.810517241379316,42.26137931034482,26.62051724137931,36.264367816091955,8.448275862068966,18.20689655172414,969.4786206896553,SITE 5,INT
2026-02-21 13:00:00,50.219500000000004,36.44116666666666,22.916999999999998,37.37037037037037,7.537037037037037,16.166666666666668,968.5386666666667,SITE 5,INT
2026-02-21 14:00:00,46.2895,34.10433333333334,21.370333333333335,38.44444444444445,1.574074074074074,9.833333333333334,967.6136666666666,SITE 5,INT
2026-02-21 15:00:00,32.43966666666667,23.476166666666664,14.190333333333333,38.94444444444445,-4.685185185185186,5.733333333333333,966.91,SITE 5,INT
2026-02-21 16:00:00,34.82633333333333,25.741,16.145500000000002,39.48148148148148,-5.166666666666667,5.433333333333334,966.6896666666667,SITE 5,INT
2026-02-21 17:00:00,39.58620689655172,29.342413793103447,18.888793103448275,39.272030651341,-4.597701149425288,5.655172413793103,966.6713793103448,SITE 5,INT
2026-02-21 18:00:00,67.6565,53.492,36.129,38.40740740740741,-1.9814814814814814,7.533333333333333,967.0013333333334,SITE 5,INT
2026-02-21 19:00:00,118.838,102.813,69.944,37.74074074074074,2.555555555555556,11.066666666666666,967.6026666666668,SITE 5,INT
2026-02-21 20:00:00,111.07883333333332,96.09266666666667,66.07616666666667,37.74074074074074,2.6111111111111116,11.166666666666666,968.2773333333333,SITE 5,INT
2026-02-21 21:00:00,61.184333333333335,45.32633333333333,30.438166666666667,36.38888888888889,-2.555555555555556,7.966666666666667,968.891,SITE 5,INT
2026-02-21 22:00:00,69.61086206896552,53.98931034482759,34.31758620689655,36.072796934865906,-3.2183908045977017,7.896551724137931,969.2700000000001,SITE 5,INT
2026-02-21 23:00:00,48.655833333333334,36.0635,23.648666666666667,35.2037037037037,-2.3333333333333335,8.766666666666667,969.3003333333332,SITE 5,INT
2026-02-22 00:00:00,63.751333333333335,48.66866666666667,31.690166666666666,34.592592592592595,-1.4444444444444444,9.866666666666667,968.9083333333333,SITE 5,INT
2026-02-22 01:00:00,89.09133333333332,75.67800000000001,48.10316666666667,33.870370370370374,-0.40740740740740744,11.0,968.5193333333333,SITE 5,INT
2026-02-22 02:00:00,109.01516666666666,94.46183333333333,58.957,33.25925925925926,-0.9074074074074073,10.9,967.9436666666667,SITE 5,INT
2026-02-22 03:00:00,78.93283333333333,64.99833333333333,42.31133333333333,32.77777777777778,-2.2592592592592595,10.0,967.6453333333334,SITE 5,INT
2026-02-22 04:00:00,94.13827586206898,80.99327586206896,55.82775862068966,32.73946360153257,-0.45977011494252873,11.655172413793103,967.5986206896551,SITE 5,INT
2026-02-22 05:00:00,67.034,53.04600000000001,36.24966666666667,31.925925925925927,-3.388888888888889,9.666666666666666,967.8746666666667,SITE 5,INT
2026-02-22 06:00:00,108.36966666666667,93.38116666666666,59.69133333333333,31.222222222222225,-4.296296296296296,9.333333333333334,968.5033333333333,SITE 5,INT
2026-02-22 07:00:00,84.47366666666667,70.971,46.984,30.296296296296298,-4.111111111111112,10.366666666666667,969.4013333333334,SITE 5,INT
2026-02-22 08:00:00,65.7,50.772166666666664,34.17550000000001,30.61111111111111,-3.351851851851852,10.666666666666666,970.138,SITE 5,INT
2026-02-22 09:00:00,63.71483333333333,49.49083333333333,33.55083333333333,31.75925925925926,-2.148148148148148,10.933333333333334,970.4483333333334,SITE 5,INT
2026-02-22 10:00:00,50.71258620689655,38.84362068965517,25.46206896551724,33.1992337164751,-2.4329501915708813,9.655172413793103,970.3889655172413,SITE 5,INT
2026-02-22 11:00:00,43.834666666666664,33.24,21.361,34.96296296296296,-3.9629629629629632,7.733333333333333,969.5846666666667,SITE 5,INT
2026-02-22 12:00:00,29.535166666666665,21.801,13.374666666666666,36.7037037037037,-6.074074074074074,5.9,968.6216666666667,SITE 5,INT
2026-02-22 13:00:00,25.27283333333333,18.418333333333333,11.1805,38.092592592592595,-7.814814814814815,4.833333333333333,967.572,SITE 5,INT
2026-02-22 14:00:00,28.895333333333333,22.188,14.487666666666666,39.31481481481481,-6.87037037037037,4.833333333333333,966.5283333333333,SITE 5,INT
2026-02-22 15:00:00,27.677413793103447,21.252758620689658,13.776724137931033,40.28735632183908,-7.375478927203066,4.344827586206897,965.8910344827586,SITE 5,INT
2026-02-22 16:00:00,30.979499999999998,23.74116666666667,15.369333333333334,40.0,-8.018518518518519,4.0,965.7199999999999,SITE 5,INT
2026-02-22 17:00:00,32.96783333333333,25.380166666666664,16.622666666666667,39.68518518518518,-7.166666666666667,4.566666666666666,965.7826666666666,SITE 5,INT
2026-02-22 18:00:00,63.57516666666666,48.371833333333335,32.81083333333333,38.7962962962963,-2.9814814814814814,6.766666666666667,966.1646666666667,SITE 5,INT
2026-02-22 19:00:00,87.6585,72.94483333333332,50.35633333333333,38.44444444444445,-0.2777777777777778,8.6,966.715,SITE 5,INT
2026-02-22 20:00:00,84.65733333333334,68.91583333333332,45.787166666666664,37.38888888888889,-3.555555555555556,7.033333333333333,967.3259999999999,SITE 5,INT
2026-02-22 21:00:00,62.49655172413794,46.84655172413793,31.396724137931034,37.03065134099617,-4.0038314176245215,7.0344827586206895,967.9841379310345,SITE 5,INT
2026-02-22 22:00:00,58.289,44.00383333333333,29.462833333333332,36.44444444444445,-4.685185185185186,7.0,968.1113333333334,SITE 5,INT
2026-02-22 23:00:00,52.07233333333333,39.17549999999999,26.042333333333332,35.851851851851855,-4.5,7.0,967.9963333333333,SITE 5,INT
2026-02-23 00:00:00,50.881166666666665,38.54883333333333,25.670333333333335,35.07407407407407,-4.000000000000001,7.866666666666666,967.5853333333333,SITE 5,INT
2026-02-23 01:00:00,50.20016666666667,37.99616666666667,25.616666666666667,34.51851851851851,-3.1296296296296293,8.533333333333333,966.9206666666666,SITE 5,INT
2026-02-23 02:00:00,52.452241379310344,39.464827586206894,26.54189655172414,33.85057471264368,-2.164750957854406,9.517241379310345,966.4186206896552,SITE 5,INT
2026-02-23 03:00:00,48.943333333333335,37.064499999999995,24.53966666666667,33.333333333333336,-2.240740740740741,9.7,966.0073333333333,SITE 5,INT
2026-02-23 04:00:00,57.7105,44.396499999999996,29.704666666666665,32.851851851851855,-2.5,10.033333333333333,965.8146666666667,SITE 5,INT
2026-02-23 05:00:00,68.64683333333333,55.021166666666666,37.23350000000001,32.53703703703704,-3.092592592592593,9.6,966.0393333333334,SITE 5,INT
2026-02-23 06:00:00,78.24566666666666,67.02533333333334,46.51583333333333,31.90740740740741,-2.5740740740740744,10.4,966.5840000000001,SITE 5,INT
2026-02-23 07:00:00,77.08366666666667,64.259,44.164,30.851851851851855,2.425925925925926,16.466666666666665,967.8003333333334,SITE 5,INT
2026-02-23 08:00:00,72.80189655172414,57.48137931034483,39.71862068965517,31.168582375478927,3.601532567049808,17.344827586206897,968.3010344827586,SITE 5,INT
2026-02-23 09:00:00,53.11066666666667,41.2215,28.0825,32.12962962962963,-0.8518518518518519,11.9,968.3173333333333,SITE 5,INT
2026-02-23 10:00:00,45.183,35.03733333333333,23.770166666666668,33.72222222222222,-1.4444444444444444,10.2,968.1273333333334,SITE 5,INT
2026-02-23 11:00:00,34.12666666666667,27.98933333333333,19.2515,35.46296296296296,-2.2592592592592595,8.733333333333333,967.3656666666667,SITE 5,INT
2026-02-23 12:00:00,45.469833333333334,35.77916666666667,24.057166666666667,37.38888888888889,-3.351851851851852,7.066666666666666,966.41,SITE 5,INT
2026-02-23 13:00:00,33.89,26.34603448275862,17.123620689655173,38.71647509578544,-5.49808429118774,5.517241379310345,965.1931034482758,SITE 5,INT
2026-02-23 14:00:00,26.298166666666667,21.158833333333334,14.329833333333333,39.666666666666664,-5.388888888888889,5.233333333333333,964.2826666666666,SITE 5,INT
2026-02-23 15:00:00,26.275,20.9985,14.266333333333334,40.166666666666664,-6.444444444444445,4.766666666666667,963.6370000000001,SITE 5,INT
2026-02-23 16:00:00,26.1675,21.1875,14.485333333333333,40.0,-6.574074074074074,4.933333333333334,963.643,SITE 5,INT
2026-02-23 17:00:00,29.086333333333336,24.007333333333335,16.747,40.0,-4.62962962962963,5.6,963.751,SITE 5,INT
2026-02-23 18:00:00,46.1696551724138,35.4196551724138,24.118793103448276,39.13793103448276,-2.5670498084291187,6.896551724137931,964.2272413793104,SITE 5,INT
2026-02-23 19:00:00,104.45949999999999,91.90483333333333,65.2135,38.46296296296296,0.7777777777777779,9.266666666666667,964.8603333333334,SITE 5,INT
2026-02-23 20:00:00,92.91533333333334,79.999,55.405166666666666,37.44444444444444,-1.5925925925925926,8.266666666666667,965.3563333333333,SITE 5,INT
2026-02-23 21:00:00,82.20049999999999,67.90266666666666,45.45333333333333,37.092592592592595,-3.5185185185185186,7.166666666666667,965.8786666666667,SITE 5,INT
2026-02-23 22:00:00,59.4585,45.2125,30.4305,36.55555555555556,-3.537037037037037,7.066666666666666,966.122,SITE 5,INT
2026-02-23 23:00:00,53.48533333333333,40.857166666666664,27.335833333333333,35.851851851851855,-3.5185185185185186,7.966666666666667,966.1270000000001,SITE 5,INT
2026-02-24 00:00:00,41.51931034482759,32.65793103448276,22.036551724137933,35.30651340996169,-4.233716475095786,7.482758620689655,965.828275862069,SITE 5,INT
2026-02-24 01:00:00,54.34166666666667,41.938,28.13883333333333,34.62962962962963,-1.425925925925926,9.733333333333333,965.3856666666667,SITE 5,INT
2026-02-24 02:00:00,71.88799999999999,55.79966666666667,37.741499999999995,33.74074074074074,0.46296296296296297,11.866666666666667,964.9376666666667,SITE 5,INT
2026-02-24 03:00:00,64.10783333333333,49.150333333333336,33.88966666666667,33.148148148148145,-0.6111111111111112,11.2,964.5823333333334,SITE 5,INT
2026-02-24 04:00:00,68.61533333333334,53.852333333333334,37.5175,32.75925925925926,1.5185185185185186,13.8,964.4110000000001,SITE 5,INT
2026-02-24 05:00:00,65.58568965517242,50.35431034482759,34.65931034482759,32.1455938697318,-0.49808429118773945,12.137931034482758,964.7972413793103,SITE 5,INT
2026-02-24 06:00:00,76.39633333333333,63.428000000000004,42.97166666666667,31.62962962962963,-1.0370370370370372,11.966666666666667,965.6576666666666,SITE 5,INT
2026-02-24 07:00:00,86.70466666666667,76.30166666666668,52.39783333333333,30.796296296296298,4.185185185185185,18.466666666666665,966.7636666666666,SITE 5,INT
2026-02-24 08:00:00,77.18316666666666,64.66566666666667,44.5715,31.055555555555557,1.3888888888888888,14.966666666666667,967.088,SITE 5,INT
2026-02-24 09:00:00,60.4705,46.85966666666666,32.0805,32.148148148148145,-1.4444444444444444,11.133333333333333,967.1096666666667,SITE 5,INT
2026-02-24 10:00:00,57.705333333333336,44.81716666666667,30.68166666666667,33.72222222222222,-0.3333333333333333,11.166666666666666,967.0576666666667,SITE 5,INT
2026-02-24 11:00:00,44.90983333333334,35.003166666666665,23.835166666666666,35.37037037037037,0.7777777777777779,10.966666666666667,966.1546666666667,SITE 5,INT
2026-02-24 12:00:00,46.2575,35.51933333333333,24.065333333333335,36.74074074074075,4.407407407407407,13.433333333333334,965.2080000000001,SITE 5,INT
2026-02-24 13:00:00,34.833999999999996,27.025,18.139,38.01851851851852,4.388888888888888,12.433333333333334,963.9753333333333,SITE 5,INT
2026-02-24 14:00:00,32.95666666666667,26.301333333333332,17.69633333333333,38.94444444444445,3.0,10.633333333333333,963.2166666666667,SITE 5,INT
2026-02-24 15:00:00,31.784499999999998,25.488333333333333,17.371666666666666,39.92592592592593,2.277777777777778,9.566666666666666,962.6436666666667,SITE 5,INT
2026-02-24 16:00:00,38.48283333333333,30.5645,21.119666666666667,39.7037037037037,2.5740740740740744,9.9,962.6583333333333,SITE 5,INT
2026-02-24 17:00:00,42.63316666666666,33.056333333333335,22.4455,40.01851851851852,3.3333333333333335,10.266666666666667,962.9006666666667,SITE 5,INT
2026-02-24 18:00:00,55.340333333333334,42.184,28.559166666666666,39.27777777777778,4.148148148148149,11.4,963.4580000000001,SITE 5,INT
2026-02-24 19:00:00,87.21766666666667,75.15249999999999,51.99766666666667,38.90740740740741,6.518518518518519,13.633333333333333,964.3823333333333,SITE 5,INT
2026-02-24 20:00:00,73.22733333333333,56.76483333333333,38.32816666666667,37.81481481481482,4.407407407407407,12.433333333333334,965.206,SITE 5,INT
2026-02-24 21:00:00,78.59564516129032,63.70322580645161,42.63193548387097,37.204301075268816,4.641577060931899,13.129032258064516,965.8964516129032,SITE 5,INT
2026-02-24 22:00:00,71.75533333333333,54.27616666666667,36.437000000000005,36.833333333333336,4.148148148148149,13.0,966.1206666666666,SITE 5,INT
2026-02-24 23:00:00,68.59633333333333,52.531166666666664,35.703833333333336,36.166666666666664,3.9629629629629632,13.066666666666666,965.9863333333334,SITE 5,INT
2026-02-25 00:00:00,74.6405,59.223499999999994,39.684333333333335,35.64814814814815,4.444444444444445,14.3,965.7543333333334,SITE 5,INT
2026-02-25 01:00:00,65.29766666666667,49.605333333333334,33.491166666666665,34.851851851851855,2.7222222222222223,13.133333333333333,965.2080000000001,SITE 5,INT
2026-02-25 02:00:00,55.9605,43.27966666666667,29.47733333333333,34.092592592592595,0.29629629629629634,11.466666666666667,964.8003333333332,SITE 5,INT
2026-02-25 03:00:00,54.272166666666664,41.50383333333333,27.845000000000002,33.7962962962963,0.20370370370370372,11.6,964.8656666666667,SITE 5,INT
2026-02-25 04:00:00,59.12016666666667,44.6105,29.84466666666667,33.03703703703704,-0.5185185185185186,11.4,965.0293333333334,SITE 5,INT
2026-02-25 05:00:00,68.39316666666667,51.63316666666666,34.94883333333334,32.75925925925926,3.537037037037037,15.7,965.7616666666667,SITE 5,INT
2026-02-25 06:00:00,65.19783333333334,49.9585,34.102333333333334,32.72222222222222,5.611111111111112,18.3,966.351,SITE 5,INT
2026-02-25 07:00:00,66.02451612903226,50.67354838709677,34.675483870967746,32.132616487455195,6.594982078853047,20.387096774193548,966.9509677419354,SITE 5,INT
2026-02-25 08:00:00,69.59366666666666,52.8795,35.904833333333336,31.77777777777778,11.925925925925926,29.9,967.6486666666666,SITE 5,INT
2026-02-25 09:00:00,54.89866666666667,41.7605,28.110833333333336,32.53703703703704,16.462962962962965,38.4,968.0813333333333,SITE 5,INT
2026-02-25 10:00:00,49.77466666666667,37.84983333333333,25.384833333333333,33.833333333333336,16.833333333333332,36.46666666666667,968.1963333333333,SITE 5,INT
2026-02-25 11:00:00,43.403999999999996,32.47233333333333,21.137666666666668,34.96296296296296,13.62962962962963,28.033333333333335,967.4763333333334,SITE 5,INT
2026-02-25 12:00:00,41.00533333333333,30.541333333333334,19.64333333333333,36.22222222222222,13.0,24.766666666666666,966.3576666666667,SITE 5,INT
2026-02-25 13:00:00,38.55416666666667,29.147,18.648000000000003,36.74074074074075,10.62962962962963,20.633333333333333,965.4746666666667,SITE 5,INT
2026-02-25 14:00:00,38.637166666666666,29.44783333333333,19.044833333333333,37.88888888888889,9.148148148148149,17.566666666666666,964.6536666666667,SITE 5,INT
2026-02-25 15:00:00,38.170833333333334,28.966833333333334,18.726499999999998,39.03703703703704,9.370370370370372,16.7,963.9330000000001,SITE 5,INT
2026-02-25 16:00:00,38.56066666666666,29.023833333333336,18.856333333333335,38.870370370370374,6.962962962962964,14.133333333333333,963.802,SITE 5,INT
2026-02-25 17:00:00,49.021166666666666,36.52633333333333,23.438499999999998,38.68518518518519,5.37037037037037,12.8,964.1606666666667,SITE 5,INT
2026-02-25 18:00:00,68.65806451612903,54.394354838709674,36.45854838709677,38.422939068100355,7.329749103942652,15.161290322580646,964.8712903225806,SITE 5,INT
2026-02-25 19:00:00,125.4835,111.76566666666668,76.87483333333333,38.14814814814815,8.37037037037037,16.3,965.875,SITE 5,INT
2026-02-25 20:00:00,92.60416666666667,79.42466666666665,53.64233333333333,36.94444444444445,6.62962962962963,15.566666666666666,966.7330000000001,SITE 5,INT
2026-02-25 21:00:00,108.64166666666667,92.64133333333334,62.326,36.092592592592595,6.703703703703704,16.333333333333332,967.337,SITE 5,INT
2026-02-25 22:00:00,61.35366666666666,46.01533333333334,30.769000000000002,35.592592592592595,4.148148148148149,14.0,967.2553333333333,SITE 5,INT
2026-02-25 23:00:00,57.69016666666666,43.49916666666666,28.896666666666665,35.0,2.648148148148148,12.9,966.8943333333334,SITE 5,INT
2026-02-26 00:00:00,54.95,41.35583333333333,27.408833333333334,34.57407407407407,1.425925925925926,12.0,966.448,SITE 5,INT
2026-02-26 01:00:00,51.0765,38.10483333333333,24.778666666666666,33.94444444444445,-0.03703703703703704,11.133333333333333,965.8846666666667,SITE 5,INT
2026-02-26 02:00:00,46.917833333333334,34.37266666666667,22.1785,33.50000000000001,-0.46296296296296297,11.066666666666666,965.3406666666667,SITE 5,INT
2026-02-26 03:00:00,45.61666666666667,33.8315,21.838833333333334,33.2962962962963,0.46296296296296297,12.066666666666666,965.42,SITE 5,INT
2026-02-26 04:00:00,54.756166666666665,41.210166666666666,27.21966666666667,32.81481481481482,2.685185185185185,14.7,965.7443333333334,SITE 5,INT
2026-02-26 05:00:00,90.91783333333333,74.78766666666667,46.991,32.77777777777778,6.018518518518519,18.933333333333334,966.4393333333334,SITE 5,INT
2026-02-26 06:00:00,79.00854838709677,61.958064516129035,39.21370967741935,32.54480286738352,10.43010752688172,25.967741935483872,967.0635483870968,SITE 5,INT
2026-02-26 07:00:00,60.37466666666667,45.04516666666667,30.004166666666666,31.944444444444446,11.962962962962964,29.633333333333333,967.8003333333332,SITE 5,INT
2026-02-26 08:00:00,59.830000000000005,45.255,30.285500000000003,31.592592592592595,15.148148148148149,37.2,968.6863333333333,SITE 5,INT
2026-02-26 09:00:00,55.180166666666665,42.12466666666667,28.168499999999998,32.111111111111114,15.981481481481483,38.0,969.3883333333334,SITE 5,INT
2026-02-26 10:00:00,49.31933333333333,37.691,25.2585,33.2962962962963,17.77777777777778,39.96666666666667,969.3606666666667,SITE 5,INT
2026-02-26 11:00:00,50.75833333333333,37.3695,24.412333333333333,34.48148148148149,16.14814814814815,33.93333333333333,968.506,SITE 5,INT
2026-02-26 12:00:00,51.332499999999996,37.012166666666666,23.771166666666666,35.68518518518519,14.277777777777779,28.0,967.3973333333332,SITE 5,INT
2026-02-26 13:00:00,48.477,34.51316666666666,21.88883333333333,36.72222222222222,13.648148148148149,25.233333333333334,966.5753333333333,SITE 5,INT
2026-02-26 14:00:00,47.60666666666667,32.61566666666667,19.4235,37.72222222222222,9.61111111111111,18.1,965.8206666666666,SITE 5,INT
2026-02-26 15:00:00,48.131166666666665,32.821666666666665,19.779166666666665,38.38888888888889,9.296296296296298,17.2,964.9803333333333,SITE 5,INT
2026-02-26 16:00:00,50.34083333333333,34.311166666666665,20.607333333333333,38.64814814814815,7.703703703703705,15.0,964.868,SITE 5,INT
2026-02-26 17:00:00,53.598,36.9075,22.442833333333333,38.537037037037045,8.277777777777779,15.733333333333333,964.8156666666667,SITE 5,INT
2026-02-26 18:00:00,58.93354838709678,41.54032258064516,26.12532258064516,38.31541218637993,9.265232974910395,17.193548387096776,965.7806451612903,SITE 5,INT
2026-02-26 19:00:00,80.92916666666666,62.224333333333334,40.474833333333336,37.907407407407405,8.75925925925926,16.766666666666666,966.856,SITE 5,INT
2026-02-26 20:00:00,99.38183333333333,80.0255,51.9005,37.0,8.74074074074074,17.833333333333332,967.6603333333334,SITE 5,INT
2026-02-26 21:00:00,123.64183333333334,103.4825,69.71016666666667,36.51851851851852,9.944444444444445,20.066666666666666,968.1316666666667,SITE 5,INT
2026-02-26 22:00:00,135.1925,115.26033333333334,77.11866666666667,36.0,9.444444444444445,19.866666666666667,968.471,SITE 5,INT
2026-02-26 23:00:00,141.53516666666667,120.65116666666667,80.12316666666668,35.55555555555556,9.75925925925926,20.6,968.2026666666666,SITE 5,INT
2026-02-27 00:00:00,179.91150000000002,155.108,97.8695,35.12962962962963,9.592592592592592,21.0,967.5643333333334,SITE 5,INT
2026-02-27 01:00:00,91.18383333333333,73.13583333333334,46.18233333333333,34.68518518518518,10.981481481481483,23.833333333333332,967.0833333333334,SITE 5,INT
2026-02-27 02:00:00,58.86583333333333,42.88166666666667,27.8355,34.44444444444444,15.333333333333336,31.933333333333334,966.9646666666666,SITE 5,INT
2026-02-27 03:00:00,57.20166666666667,41.9875,27.458000000000002,34.00000000000001,16.185185185185187,34.666666666666664,967.1616666666666,SITE 5,INT
2026-02-27 04:00:00,56.13483333333333,41.842999999999996,27.679333333333332,34.092592592592595,17.703703703703702,38.166666666666664,967.144,SITE 5,INT
2026-02-27 05:00:00,50.779,37.755,24.803166666666666,33.42592592592593,17.64814814814815,39.4,967.3246666666666,SITE 5,INT
2026-02-27 06:00:00,54.975322580645155,41.11032258064516,27.34983870967742,32.831541218637994,17.831541218637994,41.32258064516129,967.836129032258,SITE 5,INT
2026-02-27 07:00:00,59.03216666666666,44.126666666666665,29.5575,32.333333333333336,18.074074074074076,43.13333333333333,968.4276666666667,SITE 5,INT
2026-02-27 08:00:00,55.491,41.871833333333335,28.115333333333336,32.22222222222222,18.703703703703706,45.0,969.0456666666666,SITE 5,INT
2026-02-27 09:00:00,50.13333333333333,37.37916666666667,24.757333333333335,32.666666666666664,18.77777777777778,44.3,969.064,SITE 5,INT
2026-02-27 10:00:00,47.05216666666667,34.7635,22.677500000000002,33.53703703703704,18.88888888888889,42.36666666666667,968.759,SITE 5,INT
2026-02-27 11:00:00,54.42166666666667,39.729166666666664,24.543333333333333,34.5,18.222222222222225,38.63333333333333,968.232,SITE 5,INT
2026-02-27 12:00:00,50.158500000000004,36.434999999999995,23.559833333333334,35.44444444444445,17.48148148148148,34.833333333333336,967.289,SITE 5,INT
2026-02-27 13:00:00,50.26366666666667,35.756499999999996,22.659166666666668,36.277777777777786,16.62962962962963,31.366666666666667,966.213,SITE 5,INT
2026-02-27 14:00:00,50.57416666666666,35.859500000000004,22.63883333333333,36.66666666666667,16.296296296296298,30.033333333333335,965.457,SITE 5,INT
2026-02-27 15:00:00,50.728833333333334,36.18733333333333,22.828166666666668,36.74074074074075,16.35185185185185,30.166666666666668,964.7246666666667,SITE 5,INT
2026-02-27 16:00:00,54.47483870967742,38.60983870967742,24.521935483870966,36.648745519713266,15.573476702508962,28.93548387096774,964.4938709677419,SITE 5,INT
2026-02-27 17:00:00,59.64,42.7415,27.790833333333335,36.66666666666667,15.666666666666668,29.066666666666666,964.7156666666667,SITE 5,INT
2026-02-27 18:00:00,64.9585,47.214333333333336,31.220000000000002,36.851851851851855,16.74074074074074,30.5,965.1706666666666,SITE 5,INT
2026-02-27 19:00:00,70.97683333333333,53.84466666666666,36.091833333333334,36.92592592592593,17.5,32.0,966.2596666666667,SITE 5,INT
2026-02-27 20:00:00,59.625,43.51283333333333,28.647166666666667,35.833333333333336,16.90740740740741,32.56666666666667,967.4576666666667,SITE 5,INT
2026-02-27 21:00:00,59.82283333333333,43.55566666666667,28.534166666666668,35.55555555555556,16.37037037037037,32.1,967.8713333333333,SITE 5,INT
2026-02-27 22:00:00,58.3475,42.4715,27.850666666666665,35.55555555555556,16.64814814814815,32.43333333333333,967.8176666666666,SITE 5,INT
2026-02-27 23:00:00,56.26733333333333,41.1445,26.908666666666665,35.24074074074074,16.666666666666668,33.36666666666667,967.5836666666667,SITE 5,INT
2026-02-28 00:00:00,54.905,40.087833333333336,26.067999999999998,35.0,16.796296296296298,34.13333333333333,967.4096666666667,SITE 5,INT
2026-02-28 01:00:00,51.6345,37.672000000000004,24.237333333333332,34.592592592592595,17.037037037037035,35.4,967.1846666666667,SITE 5,INT
2026-02-28 02:00:00,48.43766666666667,35.29666666666667,22.627666666666666,34.44444444444444,17.22222222222222,36.0,966.8453333333333,SITE 5,INT
2026-02-28 03:00:00,49.26887096774194,35.6341935483871,22.82903225806452,33.9247311827957,17.204301075268816,37.25806451612903,966.5248387096774,SITE 5,INT
2026-02-28 04:00:00,49.75983333333333,36.32183333333333,23.565333333333335,33.68518518518519,17.90740740740741,39.266666666666666,966.508,SITE 5,INT
2026-02-28 05:00:00,47.2445,35.222833333333334,23.156166666666667,33.333333333333336,18.425925925925927,41.86666666666667,967.1843333333333,SITE 5,INT
2026-02-28 06:00:00,41.371,31.39466666666667,20.694000000000003,32.74074074074074,17.90740740740741,41.766666666666666,967.7729999999999,SITE 5,INT
2026-02-28 07:00:00,43.081,32.932,21.892833333333332,31.462962962962965,17.90740740740741,44.93333333333333,968.4150000000001,SITE 5,INT
2026-02-28 08:00:00,82.85466666666666,70.13433333333334,44.29266666666667,30.574074074074076,17.888888888888893,47.06666666666667,968.737,SITE 5,INT
2026-02-28 09:00:00,39.01866666666667,30.985333333333337,20.969833333333334,31.592592592592595,17.703703703703702,43.93333333333333,969.0366666666666,SITE 5,INT
2026-02-28 10:00:00,45.96333333333334,35.845,23.860500000000002,32.2037037037037,18.12962962962963,43.53333333333333,969.035,SITE 5,INT
2026-02-28 11:00:00,50.05166666666666,38.2735,25.485,33.72222222222222,18.796296296296298,41.4,968.2986666666667,SITE 5,INT
2026-02-28 12:00:00,49.348499999999994,37.15133333333333,24.834,34.907407407407405,18.092592592592595,37.2,967.2023333333333,SITE 5,INT
2026-02-28 13:00:00,50.56733333333333,38.00716666666666,25.406333333333336,35.88888888888889,17.685185185185183,34.233333333333334,965.938,SITE 5,INT
2026-02-28 14:00:00,45.855000000000004,34.2,22.518666666666665,36.907407407407405,17.462962962962965,32.0,964.686,SITE 5,INT
2026-02-28 15:00:00,51.1235,37.47383333333333,24.372166666666665,37.62962962962963,16.833333333333332,29.466666666666665,963.8196666666666,SITE 5,INT
2026-02-28 16:00:00,51.508709677419354,37.39032258064516,24.288387096774194,37.40143369175627,16.29032258064516,28.967741935483872,963.6396774193549,SITE 5,INT
2026-02-28 17:00:00,56.707,41.32716666666667,27.169833333333333,36.81481481481482,16.462962962962965,30.233333333333334,964.1243333333333,SITE 5,INT
2026-02-28 18:00:00,62.37166666666667,45.8665,30.160833333333336,35.88888888888889,17.037037037037035,32.86666666666667,964.8223333333333,SITE 5,INT
2026-02-28 19:00:00,77.38066666666667,61.94916666666667,42.08083333333333,36.092592592592595,17.77777777777778,34.233333333333334,965.1676666666666,SITE 5,INT
2026-02-28 20:00:00,74.70016666666668,59.231833333333334,40.0555,36.111111111111114,17.85185185185185,34.266666666666666,965.759,SITE 5,INT
2026-02-28 21:00:00,61.6585,45.74816666666666,30.296666666666667,35.0,16.944444444444443,34.36666666666667,966.5473333333333,SITE 5,INT
2026-02-28 22:00:00,61.155833333333334,45.068666666666665,29.4865,35.0,16.11111111111111,33.0,966.8633333333333,SITE 5,INT
2026-02-28 23:00:00,60.33833333333334,44.715333333333334,29.604666666666667,35.0,16.11111111111111,32.5,966.7563333333333,SITE 5,INT
2026-03-01 00:00:00,57.07866666666667,42.25566666666667,27.641666666666666,34.42592592592593,16.166666666666668,33.56666666666667,966.3873333333333,SITE 5,INT
2026-03-01 01:00:00,55.672333333333334,41.47183333333333,27.379833333333334,33.53703703703704,16.925925925925927,37.5,965.8236666666667,SITE 5,INT
2026-03-01 02:00:00,55.640166666666666,41.82733333333333,27.639333333333333,32.24074074074074,17.722222222222225,42.333333333333336,965.3136666666667,SITE 5,INT
2026-03-01 03:00:00,53.990161290322575,40.47516129032258,26.628064516129033,31.630824372759857,17.204301075268816,42.67741935483871,965.1061290322581,SITE 5,INT
2026-03-01 04:00:00,51.18183333333333,38.484833333333334,25.377166666666664,31.185185185185187,16.574074074074073,41.8,965.1039999999999,SITE 5,INT
2026-03-01 05:00:00,57.973499999999994,40.93966666666667,25.861833333333333,31.111111111111118,16.37037037037037,41.3,965.7293333333333,SITE 5,INT
2026-03-01 06:00:00,63.527,50.57733333333333,32.6815,31.018518518518523,15.148148148148149,38.93333333333333,966.4416666666667,SITE 5,INT
2026-03-01 07:00:00,75.49533333333333,62.13916666666667,43.383,30.90740740740741,13.62962962962963,35.13333333333333,966.871,SITE 5,INT
2026-03-01 08:00:00,101.491,86.569,54.78183333333333,30.75925925925926,12.166666666666666,32.166666666666664,967.3926666666666,SITE 5,INT
2026-03-01 09:00:00,58.81283333333333,44.3175,28.836833333333335,31.40740740740741,11.0,28.366666666666667,967.7276666666666,SITE 5,INT
2026-03-01 10:00:00,54.01,41.9425,26.9885,32.092592592592595,10.462962962962964,26.533333333333335,967.9986666666666,SITE 5,INT
2026-03-01 11:00:00,52.61033333333333,40.26,27.045333333333335,33.53703703703704,9.88888888888889,23.4,967.5643333333334,SITE 5,INT
2026-03-01 12:00:00,47.8315,35.718833333333336,23.553166666666666,35.166666666666664,9.907407407407408,21.366666666666667,966.578,SITE 5,INT
2026-03-01 13:00:00,52.626290322580644,39.90967741935484,26.447741935483872,36.82795698924731,11.146953405017921,21.096774193548388,965.1990322580644,SITE 5,INT
2026-03-01 14:00:00,52.55333333333333,39.50633333333334,26.308833333333332,38.31481481481482,13.481481481481483,22.833333333333332,963.8636666666666,SITE 5,INT
2026-03-01 15:00:00,50.42833333333333,37.44566666666666,24.728,38.333333333333336,12.055555555555555,20.8,962.996,SITE 5,INT
2026-03-01 16:00:00,50.79566666666666,37.534666666666666,24.755333333333333,38.333333333333336,11.481481481481483,19.933333333333334,962.7873333333333,SITE 5,INT
2026-03-01 17:00:00,57.42166666666667,43.1605,28.742833333333333,38.37037037037037,12.074074074074074,20.666666666666668,963.0423333333333,SITE 5,INT
2026-03-01 18:00:00,58.49983333333333,43.17966666666666,28.590333333333334,38.14814814814815,12.185185185185187,21.1,963.8523333333334,SITE 5,INT
2026-03-01 19:00:00,60.9075,45.9945,31.06116666666667,37.648148148148145,12.351851851851853,22.0,965.047,SITE 5,INT
2026-03-01 20:00:00,59.19666666666667,44.791333333333334,30.136333333333333,36.68518518518519,12.425925925925927,23.4,965.883,SITE 5,INT
2026-03-01 21:00:00,52.047333333333334,39.753166666666665,26.759833333333333,35.62962962962963,13.296296296296298,26.166666666666668,967.1556666666668,SITE 5,INT
2026-03-01 22:00:00,49.4805,37.500499999999995,25.08516666666667,35.148148148148145,16.314814814814817,32.8,967.8539999999999,SITE 5,INT
2026-03-01 23:00:00,45.777,34.76383333333333,23.026666666666664,34.51851851851851,17.333333333333332,36.46666666666667,968.184,SITE 5,INT
2026-03-02 00:00:00,40.25306451612904,31.63193548387097,21.31935483870968,34.10394265232975,16.70250896057348,35.516129032258064,967.3006451612903,SITE 5,INT
2026-03-02 01:00:00,36.32333333333334,29.689833333333336,20.129,33.88888888888889,16.09259259259259,34.233333333333334,966.963,SITE 5,INT
2026-03-02 02:00:00,36.022166666666664,29.285666666666664,19.596999999999998,33.24074074074074,16.333333333333332,36.3,967.1659999999999,SITE 5,INT
2026-03-02 03:00:00,44.330000000000005,34.23083333333333,22.814166666666665,32.53703703703704,17.574074074074073,41.2,967.1933333333333,SITE 5,INT
2026-03-02 04:00:00,44.36683333333334,34.342333333333336,22.931833333333334,32.148148148148145,18.055555555555557,43.3,967.0036666666667,SITE 5,INT
2026-03-02 05:00:00,23.892166666666665,20.397833333333335,14.083166666666667,31.703703703703702,17.722222222222225,43.63333333333333,967.2523333333334,SITE 5,INT
2026-03-02 06:00:00,19.464,16.936333333333334,12.273833333333332,31.666666666666668,17.64814814814815,43.333333333333336,967.7893333333334,SITE 5,INT
2026-03-02 07:00:00,22.663333333333334,19.8095,14.4705,31.796296296296298,18.425925925925927,45.53333333333333,968.2876666666667,SITE 5,INT
2026-03-02 08:00:00,29.861666666666668,24.421166666666668,16.930500000000002,31.518518518518523,18.037037037037035,44.93333333333333,968.605,SITE 5,INT
2026-03-02 09:00:00,39.427,31.84733333333333,22.350666666666665,30.740740740740744,17.259259259259256,44.666666666666664,968.6759999999999,SITE 5,INT
2026-03-02 10:00:00,52.93854838709677,42.273870967741935,28.361612903225808,31.433691756272403,16.827956989247316,41.806451612903224,968.565806451613,SITE 5,INT
2026-03-02 11:00:00,60.86716666666666,49.397166666666664,34.0835,32.148148148148145,16.37037037037037,39.1,968.181,SITE 5,INT
2026-03-02 12:00:00,77.663,67.00833333333334,46.96633333333333,32.55555555555556,12.74074074074074,30.133333333333333,967.5436666666667,SITE 5,INT
2026-03-02 13:00:00,42.767833333333336,33.658833333333334,22.886666666666667,33.25925925925926,10.296296296296298,24.533333333333335,966.9663333333334,SITE 5,INT
2026-03-02 14:00:00,51.79516666666667,40.54316666666667,27.435166666666664,33.55555555555556,10.222222222222223,24.066666666666666,966.4150000000001,SITE 5,INT
2026-03-02 15:00:00,39.5635,31.220000000000002,21.002666666666666,34.05555555555556,11.222222222222223,24.833333333333332,965.908,SITE 5,INT
2026-03-02 16:00:00,42.35583333333333,32.6565,21.995,34.44444444444444,11.537037037037038,25.0,965.8883333333334,SITE 5,INT
2026-03-02 17:00:00,53.834833333333336,40.842333333333336,27.621,34.333333333333336,11.185185185185185,24.566666666666666,966.0933333333334,SITE 5,INT
2026-03-02 18:00:00,68.30316666666666,54.00966666666667,36.790499999999994,34.2037037037037,11.481481481481483,25.233333333333334,966.5966666666667,SITE 5,INT
2026-03-02 19:00:00,125.53916666666666,112.89233333333333,76.84583333333333,35.351851851851855,15.148148148148149,30.166666666666668,967.1366666666667,SITE 5,INT
2026-03-02 20:00:00,74.06903225806451,58.91629032258064,39.891774193548386,34.40860215053764,12.473118279569894,26.580645161290324,967.7903225806451,SITE 5,INT
2026-03-02 21:00:00,79.81266666666667,67.59216666666667,46.32383333333333,33.55555555555556,12.277777777777779,27.433333333333334,968.516,SITE 5,INT
2026-03-02 22:00:00,73.73,59.16616666666666,40.44783333333333,33.2962962962963,12.703703703703704,28.766666666666666,969.0073333333333,SITE 5,INT
2026-03-02 23:00:00,66.41233333333334,50.399499999999996,33.88483333333333,33.31481481481482,12.462962962962964,28.266666666666666,969.109,SITE 5,INT
2026-03-03 00:00:00,67.10766666666667,51.306000000000004,34.448499999999996,32.92592592592593,12.296296296296298,28.733333333333334,968.9333333333333,SITE 5,INT
2026-03-03 01:00:00,55.0135,41.399,27.188666666666666,32.407407407407405,10.25925925925926,25.8,968.8506666666667,SITE 5,INT
2026-03-03 02:00:00,55.39383333333333,40.24816666666666,25.3085,32.09259259259259,8.11111111111111,22.5,968.4050000000001,SITE 5,INT
2026-03-03 03:00:00,48.908833333333334,35.0055,21.533833333333334,31.64814814814815,6.648148148148149,21.0,968.2596666666667,SITE 5,INT
2026-03-03 04:00:00,55.285,39.91316666666667,25.203,31.814814814814817,7.351851851851852,21.766666666666666,967.8266666666666,SITE 5,INT
2026-03-03 05:00:00,52.190333333333335,37.0205,22.763333333333332,31.092592592592595,7.203703703703704,22.533333333333335,967.9246666666667,SITE 5,INT
2026-03-03 06:00:00,54.2155,38.632333333333335,24.0015,31.000000000000004,7.092592592592593,22.266666666666666,968.2463333333333,SITE 5,INT
2026-03-03 07:00:00,61.464677419354835,43.53274193548388,27.403709677419354,30.64516129032258,6.756272401433693,22.322580645161292,968.5387096774194,SITE 5,INT
2026-03-03 08:00:00,64.14983333333333,46.727,29.4405,30.555555555555557,7.111111111111112,22.966666666666665,969.231,SITE 5,INT
2026-03-03 09:00:00,63.5095,47.271499999999996,30.605833333333333,31.11111111111111,7.407407407407407,22.966666666666665,969.4699999999999,SITE 5,INT
2026-03-03 10:00:00,48.61233333333333,34.3555,21.1505,32.24074074074074,7.351851851851852,21.3,969.3463333333333,SITE 5,INT
2026-03-03 11:00:00,44.33433333333333,31.479333333333333,19.213,33.851851851851855,6.611111111111112,18.366666666666667,968.8966666666668,SITE 5,INT
2026-03-03 12:00:00,44.79233333333333,32.42783333333333,20.2135,35.25925925925926,7.166666666666667,17.6,967.8663333333334,SITE 5,INT
2026-03-03 13:00:00,35.931666666666665,25.671499999999998,15.5465,36.64814814814815,7.222222222222223,16.3,966.7819999999999,SITE 5,INT
2026-03-03 14:00:00,35.027,25.645166666666668,15.930166666666667,37.48148148148148,7.629629629629631,16.066666666666666,965.7793333333334,SITE 5,INT
2026-03-03 15:00:00,36.86966666666667,27.422833333333337,17.440333333333335,37.77777777777778,7.962962962962964,16.133333333333333,965.068,SITE 5,INT
2026-03-03 16:00:00,44.3755,32.4375,20.991,37.77777777777778,8.11111111111111,16.433333333333334,964.883,SITE 5,INT
2026-03-03 17:00:00,46.94616666666666,34.254,22.121,37.7037037037037,9.944444444444446,18.6,965.1626666666667,SITE 5,INT
2026-03-03 18:00:00,53.38225806451613,39.321935483870966,26.053709677419352,37.831541218637994,11.469534050179211,20.64516129032258,965.815806451613,SITE 5,INT
2026-03-03 19:00:00,69.82816666666668,53.27316666666666,35.915166666666664,38.12962962962963,13.0,22.3,966.4436666666667,SITE 5,INT
2026-03-03 20:00:00,55.5615,40.86333333333333,26.954666666666665,36.7962962962963,10.37037037037037,20.0,967.5506666666666,SITE 5,INT
2026-03-03 21:00:00,69.01433333333333,54.192499999999995,36.43766666666667,36.111111111111114,9.87037037037037,20.066666666666666,968.257,SITE 5,INT
2026-03-03 22:00:00,67.40766666666667,50.24216666666667,33.561166666666665,35.7962962962963,10.0,20.966666666666665,968.266,SITE 5,INT
2026-03-03 23:00:00,68.98966666666666,51.99483333333333,34.98133333333333,35.42592592592593,10.462962962962962,21.833333333333332,968.2189999999999,SITE 5,INT
2026-03-04 00:00:00,74.42433333333334,57.88616666666667,38.9875,34.94444444444444,10.703703703703702,22.7,967.8293333333334,SITE 5,INT
2026-03-04 01:00:00,61.73533333333333,46.181000000000004,30.78066666666667,34.25925925925926,10.314814814814815,23.033333333333335,966.9736666666666,SITE 5,INT
2026-03-04 02:00:00,49.73916666666666,36.93066666666667,24.14466666666667,33.851851851851855,9.962962962962964,23.0,966.1933333333333,SITE 5,INT
2026-03-04 03:00:00,51.545833333333334,38.162166666666664,25.21216666666667,33.31481481481482,9.925925925925926,23.833333333333332,965.7693333333334,SITE 5,INT
2026-03-04 04:00:00,49.884354838709676,37.027580645161294,24.18903225806452,32.77777777777778,9.982078853046595,24.548387096774192,965.8838709677419,SITE 5,INT
2026-03-04 05:00:00,58.63633333333333,43.777,29.207666666666668,32.77777777777778,10.555555555555555,25.266666666666666,966.3023333333333,SITE 5,INT
2026-03-04 06:00:00,116.9115,100.15116666666668,65.58016666666667,32.24074074074074,10.833333333333334,26.666666666666668,966.8463333333333,SITE 5,INT
2026-03-04 07:00:00,70.895,54.91466666666667,37.039833333333334,32.01851851851852,12.25925925925926,30.033333333333335,967.6856666666666,SITE 5,INT
2026-03-04 08:00:00,61.345666666666666,45.5675,30.151999999999997,31.666666666666668,12.88888888888889,32.0,968.3613333333334,SITE 5,INT
2026-03-04 09:00:00,54.655,40.638000000000005,26.69183333333333,32.388888888888886,13.75925925925926,32.43333333333333,968.7303333333333,SITE 5,INT
2026-03-04 10:00:00,49.59883333333333,36.65716666666666,24.000666666666667,33.94444444444444,13.555555555555555,29.433333333333334,968.8306666666667,SITE 5,INT
2026-03-04 11:00:00,45.26266666666666,33.51733333333333,21.96216666666667,35.42592592592593,12.51851851851852,25.2,968.2726666666666,SITE 5,INT
2026-03-04 12:00:00,42.45683333333333,31.599833333333333,20.649166666666666,36.75925925925926,11.407407407407408,21.8,967.3286666666667,SITE 5,INT
2026-03-04 13:00:00,41.10616666666667,30.36433333333333,19.565,38.2037037037037,9.666666666666666,17.8,966.5643333333334,SITE 5,INT
2026-03-04 14:00:00,37.468709677419355,27.609516129032258,17.344193548387096,38.88888888888889,7.921146953405018,15.129032258064516,965.7496774193548,SITE 5,INT
2026-03-04 15:00:00,45.98516666666667,34.027,22.130999999999997,39.48148148148148,8.38888888888889,15.133333333333333,965.145,SITE 5,INT
2026-03-04 16:00:00,41.669999999999995,30.875833333333333,19.922666666666668,39.7962962962963,8.185185185185185,15.0,964.928,SITE 5,INT
2026-03-04 17:00:00,44.28183333333333,32.31366666666666,20.98483333333333,39.666666666666664,8.500000000000002,15.166666666666666,965.0776666666667,SITE 5,INT
2026-03-04 18:00:00,58.95733333333333,42.663,27.903333333333332,39.166666666666664,9.574074074074074,16.733333333333334,965.5586666666666,SITE 5,INT
2026-03-04 19:00:00,74.398,58.973333333333336,39.875,38.88888888888889,10.925925925925926,18.6,966.4156666666667,SITE 5,INT
2026-03-04 20:00:00,69.03983333333333,52.662666666666674,35.2035,38.57407407407408,11.5,19.9,967.4263333333333,SITE 5,INT
2026-03-04 21:00:00,69.18583333333332,51.7085,34.656,37.61111111111111,10.518518518518517,19.433333333333334,967.8539999999999,SITE 5,INT
2026-03-04 22:00:00,70.55383333333333,53.61816666666667,36.0315,37.148148148148145,10.851851851851851,20.533333333333335,968.2289999999999,SITE 5,INT
2026-03-04 23:00:00,59.2625,44.758500000000005,30.279166666666665,36.51851851851852,11.518518518518517,22.133333333333333,968.173,SITE 5,INT
2026-03-05 00:00:00,57.45033333333333,43.934,29.822666666666667,35.851851851851855,13.24074074074074,25.733333333333334,968.483,SITE 5,INT
2026-03-05 01:00:00,56.586129032258064,43.56145161290323,29.799677419354836,35.28673835125448,14.695340501792113,29.322580645161292,968.3938709677419,SITE 5,INT
2026-03-05 02:00:00,56.669333333333334,44.189166666666665,30.407333333333334,34.81481481481481,16.037037037037038,32.93333333333333,967.9683333333334,SITE 5,INT
2026-03-05 03:00:00,57.225166666666674,44.730333333333334,30.9015,34.31481481481481,16.74074074074074,35.333333333333336,967.5473333333333,SITE 5,INT
2026-03-05 04:00:00,51.51166666666666,41.042,28.544500000000003,33.25925925925926,17.685185185185183,39.833333333333336,967.74,SITE 5,INT
2026-03-05 05:00:00,50.02916666666667,39.437000000000005,27.301333333333332,32.666666666666664,18.296296296296298,42.733333333333334,967.6703333333334,SITE 5,INT
2026-03-05 06:00:00,52.13366666666666,41.20733333333333,28.700833333333332,31.925925925925927,18.166666666666668,44.3,968.0020000000001,SITE 5,INT
2026-03-05 07:00:00,50.796166666666664,40.296,28.092,31.48148148148148,18.574074074074076,46.46666666666667,968.5243333333333,SITE 5,INT
2026-03-05 08:00:00,46.57966666666667,36.86466666666667,25.672,31.666666666666668,18.87037037037037,46.93333333333333,969.133,SITE 5,INT
2026-03-05 09:00:00,39.50783333333333,32.477666666666664,22.666999999999998,32.46296296296296,19.01851851851852,45.233333333333334,969.4066666666666,SITE 5,INT
2026-03-05 10:00:00,39.768,32.43483333333333,22.577,33.7962962962963,19.0,41.93333333333333,969.5093333333333,SITE 5,INT
2026-03-05 11:00:00,37.269999999999996,30.632833333333334,21.375666666666667,35.31481481481482,18.75925925925926,37.93333333333333,968.8453333333333,SITE 5,INT
2026-03-05 12:00:00,35.32096774193548,29.491129032258065,20.719677419354838,36.487455197132626,17.95698924731183,33.774193548387096,967.5216129032258,SITE 5,INT
2026-03-05 13:00:00,37.41983333333334,30.360833333333336,21.079666666666665,37.53703703703704,16.88888888888889,29.766666666666666,966.4213333333333,SITE 5,INT
2026-03-05 14:00:00,38.607166666666664,30.323833333333333,20.599833333333333,37.851851851851855,15.407407407407408,26.633333333333333,965.605,SITE 5,INT
2026-03-05 15:00:00,38.26983333333333,30.1205,20.610333333333337,37.98148148148149,15.425925925925926,26.366666666666667,964.8393333333333,SITE 5,INT
2026-03-05 16:00:00,37.02466666666667,29.355833333333337,19.966166666666666,37.77777777777778,15.092592592592592,26.1,964.5173333333333,SITE 5,INT
2026-03-05 17:00:00,38.19133333333333,29.916999999999998,20.174833333333332,37.77777777777778,14.462962962962964,25.033333333333335,964.6550000000001,SITE 5,INT
2026-03-05 18:00:00,41.64933333333333,33.012,22.765666666666668,37.25925925925926,16.685185185185183,29.966666666666665,965.4466666666667,SITE 5,INT
2026-03-05 19:00:00,40.73516666666667,32.80766666666667,22.925666666666665,36.96296296296296,17.90740740740741,32.733333333333334,966.2533333333333,SITE 5,INT
2026-03-05 20:00:00,42.2015,33.447833333333335,23.092499999999998,36.75925925925926,17.51851851851852,32.333333333333336,966.6949999999999,SITE 5,INT
2026-03-05 21:00:00,48.022000000000006,37.346333333333334,25.7475,36.277777777777786,17.407407407407405,33.13333333333333,967.1733333333334,SITE 5,INT
2026-03-05 22:00:00,52.14370967741935,40.66935483870968,28.127903225806453,36.415770609319,17.8494623655914,33.806451612903224,967.4954838709677,SITE 5,INT
2026-03-05 23:00:00,51.0385,40.04383333333333,27.892166666666665,36.05555555555556,17.722222222222225,34.0,967.554,SITE 5,INT
2026-03-06 00:00:00,50.1605,39.257666666666665,27.464333333333332,35.55555555555556,17.703703703703702,35.0,967.193,SITE 5,INT
2026-03-06 01:00:00,48.45483333333333,38.2545,26.6385,35.148148148148145,17.64814814814815,35.8,966.3696666666667,SITE 5,INT
2026-03-06 02:00:00,47.30383333333334,37.48466666666666,26.156,34.98148148148148,17.833333333333332,36.766666666666666,965.9833333333333,SITE 5,INT
2026-03-06 03:00:00,49.31133333333333,39.314166666666665,27.6,34.5,17.833333333333332,37.0,965.7786666666667,SITE 5,INT
2026-03-06 04:00:00,47.58133333333333,38.589666666666666,27.2375,34.42592592592593,18.296296296296298,38.96666666666667,965.6963333333333,SITE 5,INT
2026-03-06 05:00:00,46.826,37.6155,26.226999999999997,34.14814814814815,18.90740740740741,41.13333333333333,965.7173333333334,SITE 5,INT
2026-03-06 06:00:00,45.541500000000006,36.272000000000006,25.404166666666665,33.851851851851855,18.555555555555557,41.0,966.025,SITE 5,INT
2026-03-06 07:00:00,51.114333333333335,40.00383333333333,27.7585,33.2962962962963,18.703703703703702,42.266666666666666,966.6933333333333,SITE 5,INT
2026-03-06 08:00:00,51.06564516129033,40.00112903225807,27.672096774193548,32.8494623655914,19.13978494623656,44.67741935483871,967.2748387096774,SITE 5,INT
2026-03-06 09:00:00,47.462833333333336,37.64966666666667,26.27466666666667,33.50000000000001,19.740740740740744,44.6,967.803,SITE 5,INT
2026-03-06 10:00:00,45.5115,35.98583333333333,25.125999999999998,34.48148148148148,19.685185185185183,42.166666666666664,967.8476666666667,SITE 5,INT
2026-03-06 11:00:00,46.34433333333333,37.1015,26.137166666666666,36.05555555555556,19.5,38.2,967.1646666666667,SITE 5,INT
2026-03-06 12:00:00,40.018,32.56966666666667,22.849,37.24074074074074,18.61111111111111,33.833333333333336,966.2276666666666,SITE 5,INT
2026-03-06 13:00:00,36.00833333333333,29.581833333333336,20.547166666666666,38.111111111111114,17.14814814814815,29.366666666666667,965.2326666666667,SITE 5,INT
2026-03-06 14:00:00,36.26566666666667,29.4895,20.396333333333335,39.03703703703704,16.59259259259259,27.133333333333333,964.0403333333333,SITE 5,INT
2026-03-06 15:00:00,36.87383333333333,29.96783333333333,20.791999999999998,39.111111111111114,16.12962962962963,25.866666666666667,962.938,SITE 5,INT
2026-03-06 16:00:00,39.57216666666667,31.1135,21.287333333333333,38.777777777777786,15.666666666666668,25.666666666666668,962.8946666666667,SITE 5,INT
2026-03-06 17:00:00,44.904,34.6825,23.928166666666666,38.092592592592595,16.88888888888889,28.833333333333332,963.2156666666667,SITE 5,INT
2026-03-06 18:00:00,52.493,40.98916666666666,29.12816666666667,37.81481481481482,17.5,30.433333333333334,963.9596666666667,SITE 5,INT
2026-03-06 19:00:00,62.60790322580645,48.89451612903226,34.622903225806446,38.60215053763441,18.72759856630824,31.516129032258064,964.7674193548387,SITE 5,INT
2026-03-06 20:00:00,76.92366666666666,63.79933333333334,45.98766666666667,38.07407407407407,17.944444444444446,30.9,965.8023333333333,SITE 5,INT
2026-03-06 21:00:00,47.64366666666667,36.47816666666667,24.812666666666665,36.48148148148149,18.425925925925927,34.8,966.7593333333333,SITE 5,INT
2026-03-06 22:00:00,45.85583333333333,35.826,24.534333333333333,35.55555555555556,19.037037037037035,38.266666666666666,966.5563333333333,SITE 5,INT
2026-03-06 23:00:00,45.99466666666667,36.1125,24.869833333333336,35.42592592592593,18.740740740740744,37.766666666666666,966.6866666666666,SITE 5,INT
2026-03-07 00:00:00,40.943666666666665,32.932,22.932166666666667,34.88888888888889,18.03703703703704,37.53333333333333,966.3723333333332,SITE 5,INT
2026-03-07 01:00:00,37.6825,31.12633333333333,21.56433333333333,34.44444444444444,17.35185185185185,36.53333333333333,965.9036666666667,SITE 5,INT
2026-03-07 02:00:00,35.02133333333333,29.64383333333333,20.725,33.98148148148149,16.962962962962965,36.43333333333333,966.1673333333333,SITE 5,INT
2026-03-07 03:00:00,32.98916666666666,27.8835,19.570833333333333,33.611111111111114,17.833333333333332,39.53333333333333,967.2426666666667,SITE 5,INT
2026-03-07 04:00:00,20.46216666666667,18.272166666666667,13.086,32.5,18.185185185185187,43.03333333333333,968.0326666666666,SITE 5,INT
2026-03-07 05:00:00,25.79741935483871,21.353709677419356,14.701612903225806,31.953405017921146,18.763440860215056,46.16129032258065,968.613870967742,SITE 5,INT
2026-03-07 06:00:00,23.412499999999998,21.172500000000003,15.140714285714285,32.142857142857146,19.32539682539683,46.642857142857146,969.1800000000001,SITE 5,INT
2026-03-07 14:00:00,43.98392857142857,35.42928571428571,24.637857142857143,30.674603174603174,18.84920634920635,49.785714285714285,965.967857142857,SITE 5,INT
2026-03-07 15:00:00,47.96451612903226,38.07467741935484,26.216451612903228,32.77777777777778,19.086021505376348,44.70967741935484,965.453870967742,SITE 5,INT
2026-03-07 16:00:00,37.61066666666667,31.005166666666664,21.427166666666665,33.333333333333336,18.722222222222225,42.1,965.1569999999999,SITE 5,INT
2026-03-07 17:00:00,56.89866666666667,45.2035,31.320333333333334,33.333333333333336,19.12962962962963,43.53333333333333,965.1413333333333,SITE 5,INT
2026-03-07 18:00:00,63.746,51.3055,35.882,33.333333333333336,19.98148148148148,45.8,965.2566666666667,SITE 5,INT
2026-03-07 19:00:00,83.07400000000001,75.77616666666667,53.332,33.01851851851852,20.074074074074076,46.7,965.9076666666666,SITE 5,INT
2026-03-07 20:00:00,88.66483333333333,81.29966666666668,56.51283333333333,32.388888888888886,20.037037037037035,48.06666666666667,966.8873333333333,SITE 5,INT
2026-03-07 21:00:00,82.704,74.28266666666667,52.511833333333335,32.22222222222222,19.77777777777778,48.3,967.7596666666667,SITE 5,INT
2026-03-07 22:00:00,84.25516666666667,76.59016666666666,54.459666666666664,32.166666666666664,19.51851851851852,48.0,968.0736666666667,SITE 5,INT
2026-03-07 23:00:00,71.40233333333332,60.26016666666667,42.8215,31.666666666666668,18.88888888888889,47.666666666666664,968.2156666666667,SITE 5,INT
2026-03-08 00:00:00,47.12016666666667,37.43933333333334,25.6925,31.666666666666668,18.462962962962965,46.2,967.4776666666666,SITE 5,INT
2026-03-08 01:00:00,39.520161290322584,32.3458064516129,22.169516129032257,31.45161290322581,18.297491039426525,46.25806451612903,966.6603225806452,SITE 5,INT
2026-03-08 02:00:00,40.141333333333336,33.251666666666665,22.923166666666667,31.111111111111118,18.351851851851855,47.2,966.1033333333332,SITE 5,INT
2026-03-08 03:00:00,45.02016666666667,36.82450000000001,25.721,31.092592592592595,18.31481481481482,46.96666666666667,965.7163333333333,SITE 5,INT
2026-03-08 04:00:00,50.223,40.37516666666667,27.739,31.111111111111118,18.814814814814817,48.43333333333333,965.691,SITE 5,INT
2026-03-08 05:00:00,47.986666666666665,38.24916666666666,25.995833333333334,30.703703703703706,18.5,48.233333333333334,966.1363333333334,SITE 5,INT
2026-03-08 06:00:00,76.89516666666667,65.833,46.47966666666667,30.53703703703704,18.88888888888889,50.2,966.7336666666666,SITE 5,INT
2026-03-08 07:00:00,66.703,52.224666666666664,35.90866666666667,30.555555555555557,19.222222222222225,51.46666666666667,967.3066666666667,SITE 5,INT
2026-03-08 08:00:00,56.719500000000004,44.598,30.37066666666667,30.833333333333336,19.25925925925926,50.36666666666667,967.902,SITE 5,INT
2026-03-08 09:00:00,44.456,35.73416666666667,24.451999999999998,32.01851851851852,18.388888888888893,44.86666666666667,968.3293333333334,SITE 5,INT
2026-03-08 10:00:00,40.79983333333333,33.687333333333335,22.983666666666668,33.351851851851855,18.574074074074076,42.166666666666664,968.3326666666667,SITE 5,INT
2026-03-08 11:00:00,34.790333333333336,29.726166666666664,20.605833333333333,34.68518518518519,18.370370370370374,38.36666666666667,967.617,SITE 5,INT
2026-03-08 12:00:00,35.210166666666666,30.201833333333333,20.891000000000002,36.05555555555556,18.01851851851852,34.833333333333336,966.776,SITE 5,INT
2026-03-08 13:00:00,37.28741935483871,30.904838709677417,21.282096774193548,37.078853046594986,17.060931899641577,30.93548387096774,965.7512903225806,SITE 5,INT
2026-03-08 14:00:00,42.4885,35.060500000000005,24.341333333333335,38.5,16.314814814814817,27.3,964.6676666666666,SITE 5,INT
2026-03-08 15:00:00,34.91566666666667,28.867,19.882833333333334,39.01851851851852,15.870370370370372,25.666666666666668,964.0556666666668,SITE 5,INT
2026-03-08 16:00:00,35.004666666666665,29.256166666666665,20.219333333333335,39.092592592592595,15.777777777777779,25.766666666666666,963.8953333333334,SITE 5,INT
2026-03-08 17:00:00,37.0585,30.5015,20.825499999999998,39.592592592592595,17.37037037037037,27.366666666666667,964.0133333333334,SITE 5,INT
2026-03-08 18:00:00,50.26083333333334,39.69866666666667,26.994500000000002,39.25925925925926,16.796296296296298,26.9,964.503,SITE 5,INT
2026-03-08 19:00:00,67.94733333333333,53.5095,37.065333333333335,38.72222222222222,17.555555555555557,29.2,965.325,SITE 5,INT
2026-03-08 20:00:00,68.8955,53.857,37.231833333333334,37.88888888888889,17.296296296296298,29.966666666666665,965.8276666666667,SITE 5,INT
2026-03-08 21:00:00,70.01883333333333,55.39783333333333,38.61216666666667,37.31481481481481,17.51851851851852,31.366666666666667,966.456,SITE 5,INT
2026-03-08 22:00:00,58.13483333333333,45.068,30.525666666666666,36.70370370370371,17.259259259259256,31.9,966.796,SITE 5,INT
2026-03-08 23:00:00,51.184666666666665,40.01616666666666,27.17866666666667,36.20370370370371,17.074074074074073,32.266666666666666,966.779,SITE 5,INT
2026-03-09 00:00:00,48.6958064516129,38.12419354838709,25.843709677419355,35.7168458781362,17.096774193548388,33.45161290322581,966.3745161290323,SITE 5,INT
2026-03-09 01:00:00,44.824333333333335,35.426833333333335,23.939166666666665,35.092592592592595,17.203703703703702,34.766666666666666,966.0406666666667,SITE 5,INT
2026-03-09 02:00:00,48.46033333333333,38.2595,26.071666666666665,34.77777777777778,18.388888888888893,38.2,965.4536666666667,SITE 5,INT
2026-03-09 03:00:00,46.09316666666667,36.8195,25.253833333333333,34.2962962962963,18.40740740740741,39.4,965.005,SITE 5,INT
2026-03-09 04:00:00,47.80083333333334,38.1605,26.213,34.12962962962963,18.944444444444446,40.9,965.5043333333334,SITE 5,INT
2026-03-09 05:00:00,50.7215,40.447,27.552500000000002,33.851851851851855,19.092592592592595,42.0,966.5133333333334,SITE 5,INT
2026-03-09 06:00:00,61.245666666666665,49.515,33.94566666666667,33.48148148148149,19.25925925925926,43.4,967.3443333333333,SITE 5,INT
2026-03-09 07:00:00,62.44433333333333,48.580000000000005,33.0975,32.7962962962963,19.222222222222225,45.233333333333334,967.7513333333334,SITE 5,INT
2026-03-09 08:00:00,63.74883333333333,52.0675,36.14833333333333,32.68518518518518,19.685185185185183,46.56666666666667,968.1123333333333,SITE 5,INT
2026-03-09 09:00:00,78.3925,68.95483333333333,48.701,33.333333333333336,20.222222222222225,46.4,968.5580000000001,SITE 5,INT
2026-03-09 10:00:00,62.391333333333336,50.05083333333334,35.5955,34.57407407407407,20.240740740740744,43.46666666666667,968.505,SITE 5,INT
2026-03-09 11:00:00,47.293064516129036,37.718548387096774,25.97935483870968,36.12903225806452,19.749103942652333,38.483870967741936,967.9232258064516,SITE 5,INT
2026-03-09 12:00:00,42.27583333333334,33.99583333333333,23.430666666666664,37.333333333333336,18.240740740740744,32.833333333333336,966.9986666666666,SITE 5,INT
2026-03-09 13:00:00,37.32133333333333,30.90266666666667,21.250333333333334,38.5,16.72222222222222,27.9,966.0703333333333,SITE 5,INT
2026-03-09 14:00:00,35.138000000000005,28.77583333333333,19.6625,40.2037037037037,15.277777777777779,23.2,965.1353333333334,SITE 5,INT
2026-03-09 15:00:00,32.88816666666666,26.895500000000002,18.4305,41.12962962962963,14.425925925925926,21.0,964.6896666666667,SITE 5,INT
2026-03-09 16:00:00,34.897666666666666,28.582333333333334,19.354499999999998,40.31481481481482,12.907407407407408,19.733333333333334,964.5426666666666,SITE 5,INT
2026-03-09 17:00:00,46.11116666666667,36.25633333333334,24.073666666666668,41.07407407407407,16.35185185185185,23.8,964.6800000000001,SITE 5,INT
2026-03-09 18:00:00,134.3735,119.60650000000001,83.0045,41.25925925925926,16.296296296296298,23.433333333333334,964.8933333333333,SITE 5,INT
2026-03-09 19:00:00,195.00016666666667,177.68133333333336,96.63316666666667,39.592592592592595,16.40740740740741,25.8,965.7063333333333,SITE 5,INT
2026-03-09 20:00:00,57.832499999999996,44.790499999999994,30.625666666666667,38.07407407407407,17.25925925925926,29.7,966.5033333333333,SITE 5,INT
2026-03-09 21:00:00,48.14048387096774,37.80741935483871,25.79516129032258,37.27598566308244,18.154121863799286,32.67741935483871,967.102258064516,SITE 5,INT
2026-03-09 22:00:00,44.28616666666667,34.96516666666666,23.925166666666666,37.01851851851852,18.351851851851855,33.56666666666667,967.3676666666667,SITE 5,INT
2026-03-09 23:00:00,47.06016666666667,37.49316666666667,25.920333333333335,36.111111111111114,19.537037037037035,38.1,967.3023333333333,SITE 5,INT
2026-03-10 00:00:00,47.71566666666667,38.236999999999995,26.49566666666667,35.92592592592593,20.14814814814815,39.8,966.9243333333333,SITE 5,INT
2026-03-10 01:00:00,45.35933333333333,36.896,25.646666666666665,35.2037037037037,19.814814814814817,40.86666666666667,966.6643333333334,SITE 5,INT
2026-03-10 02:00:00,39.83316666666667,33.184999999999995,22.997833333333332,34.592592592592595,19.037037037037035,40.766666666666666,966.2180000000001,SITE 5,INT
2026-03-10 03:00:00,36.5775,31.368666666666666,21.781833333333335,33.96296296296297,19.055555555555557,41.666666666666664,966.06,SITE 5,INT
2026-03-10 04:00:00,43.5765,35.67916666666667,24.411833333333334,34.38888888888889,20.51851851851852,44.7,966.2006666666667,SITE 5,INT
2026-03-10 05:00:00,43.66983333333334,35.607,24.475,33.68518518518519,19.796296296296298,44.733333333333334,966.4580000000001,SITE 5,INT
2026-03-10 06:00:00,45.725500000000004,36.5545,24.863166666666665,33.05555555555556,19.425925925925927,45.333333333333336,967.079,SITE 5,INT
2026-03-10 07:00:00,52.806451612903224,41.49290322580645,28.11274193548387,32.75985663082437,19.78494623655914,46.70967741935484,967.748064516129,SITE 5,INT
2026-03-10 08:00:00,51.11416666666666,40.19416666666667,27.2305,32.75925925925926,19.98148148148148,47.53333333333333,968.3223333333333,SITE 5,INT
2026-03-10 09:00:00,46.40366666666667,36.90833333333333,25.347666666666665,33.01851851851852,19.90740740740741,46.4,968.2933333333333,SITE 5,INT
2026-03-10 10:00:00,46.5595,36.90366666666667,25.409666666666666,34.24074074074074,19.462962962962965,42.266666666666666,967.8606666666667,SITE 5,INT
2026-03-10 11:00:00,43.718666666666664,34.56066666666666,23.565166666666666,35.62962962962963,16.703703703703706,32.8,967.126,SITE 5,INT
2026-03-10 12:00:00,46.18866666666667,36.54766666666667,24.682333333333336,36.907407407407405,14.055555555555555,25.733333333333334,966.4069999999999,SITE 5,INT
2026-03-10 13:00:00,39.730333333333334,32.31666666666667,21.706,37.81481481481482,13.351851851851853,23.366666666666667,965.6526666666667,SITE 5,INT
2026-03-10 14:00:00,33.16166666666667,27.672666666666665,19.0675,39.48148148148148,14.62962962962963,23.2,964.7009999999999,SITE 5,INT
2026-03-10 15:00:00,31.896333333333335,26.53033333333333,18.436500000000002,39.44444444444444,12.981481481481483,20.833333333333332,964.2183333333334,SITE 5,INT
2026-03-10 16:00:00,31.82725806451613,26.51983870967742,18.388387096774192,39.354838709677416,12.455197132616489,20.129032258064516,964.1351612903226,SITE 5,INT
2026-03-10 17:00:00,41.6485,33.198,22.68166666666667,39.18518518518519,13.703703703703704,22.066666666666666,964.232,SITE 5,INT
2026-03-10 18:00:00,64.62183333333333,51.81016666666667,36.24066666666667,38.44444444444445,13.5,22.633333333333333,964.5443333333333,SITE 5,INT
2026-03-10 19:00:00,92.26816666666667,81.41799999999999,58.1605,38.44444444444445,15.833333333333334,26.5,965.152,SITE 5,INT
2026-03-10 20:00:00,73.31083333333332,58.996833333333335,40.73433333333333,37.31481481481482,15.370370370370372,27.433333333333334,965.9143333333334,SITE 5,INT
2026-03-10 21:00:00,66.85,50.718833333333336,34.48116666666667,36.51851851851852,14.962962962962964,28.0,966.4443333333334,SITE 5,INT
2026-03-10 22:00:00,56.71666666666667,43.48633333333333,29.6345,35.98148148148149,14.685185185185185,28.1,966.544,SITE 5,INT
2026-03-10 23:00:00,50.507333333333335,39.40416666666667,27.00316666666667,35.68518518518519,15.962962962962964,31.133333333333333,966.7706666666667,SITE 5,INT
2026-03-11 00:00:00,53.83166666666667,42.44783333333333,29.146666666666665,35.148148148148145,17.25925925925926,34.8,966.5783333333333,SITE 5,INT
2026-03-11 01:00:00,52.83370967741936,41.85709677419354,28.79048387096774,34.6415770609319,17.885304659498207,37.193548387096776,966.1419354838711,SITE 5,INT
2026-03-11 02:00:00,52.33233333333333,41.64483333333333,28.444333333333336,33.870370370370374,18.592592592592595,40.733333333333334,965.98,SITE 5,INT
2026-03-11 03:00:00,56.644999999999996,44.706,30.704833333333333,33.7962962962963,19.40740740740741,43.13333333333333,965.8729999999999,SITE 5,INT
2026-03-11 04:00:00,59.57225,46.79175,32.18775,34.05555555555556,20.305555555555557,45.1,965.8059999999999,SITE 5,INT
