datetime,PM10,PM25,PM1,temp_c,dewpoint_c,humidity,pressure_hpa,site,location
2025-12-01 00:00:00,62.03433333333333,49.92183333333333,31.619166666666665,30.61111111111111,19.833333333333332,53.0,970.8403333333333,SITE 3,EXT
2025-12-01 01:00:00,46.914833333333334,38.39783333333333,24.841833333333334,29.61111111111111,19.685185185185183,55.733333333333334,970.327,SITE 3,EXT
2025-12-01 02:00:00,43.31683333333333,35.88483333333333,23.227666666666668,29.351851851851855,19.90740740740741,56.93333333333333,969.9623333333333,SITE 3,EXT
2025-12-01 03:00:00,40.453833333333336,34.208999999999996,22.171333333333333,29.351851851851855,19.62962962962963,56.333333333333336,969.8256666666667,SITE 3,EXT
2025-12-01 04:00:00,44.896,37.133833333333335,23.897333333333332,28.88888888888889,19.5,57.4,970.1363333333334,SITE 3,EXT
2025-12-01 05:00:00,57.12566666666667,46.39033333333334,30.2505,28.88888888888889,19.444444444444446,57.36666666666667,970.7353333333334,SITE 3,EXT
2025-12-01 06:00:00,65.94951612903226,52.898709677419355,34.08177419354839,28.63799283154122,19.211469534050178,57.516129032258064,971.4145161290322,SITE 3,EXT
2025-12-01 07:00:00,62.0625,49.573166666666665,31.90983333333333,28.64814814814815,19.074074074074076,57.0,972.0886666666667,SITE 3,EXT
2025-12-01 08:00:00,43.626,36.12833333333333,23.275666666666666,29.925925925925927,18.685185185185187,51.36666666666667,972.635,SITE 3,EXT
2025-12-01 09:00:00,39.667833333333334,33.635666666666665,21.8365,31.092592592592595,18.333333333333332,46.96666666666667,972.8539999999999,SITE 3,EXT
2025-12-01 10:00:00,33.06033333333333,29.40583333333333,19.437166666666666,32.46296296296296,18.666666666666668,44.333333333333336,972.7926666666666,SITE 3,EXT
2025-12-01 11:00:00,33.77033333333333,28.8995,18.796499999999998,34.074074074074076,19.240740740740744,41.86666666666667,972.1883333333334,SITE 3,EXT
2025-12-01 12:00:00,30.658666666666665,27.180333333333333,17.927666666666667,36.14814814814815,18.85185185185185,36.5,971.3713333333333,SITE 3,EXT
2025-12-01 13:00:00,29.447666666666667,26.698,17.954,38.51851851851852,18.51851851851852,31.3,970.587,SITE 3,EXT
2025-12-01 14:00:00,33.38290322580645,29.548870967741934,19.671774193548387,40.68100358422939,18.10035842293907,27.129032258064516,969.9264516129033,SITE 3,EXT
2025-12-01 15:00:00,37.86416666666666,31.573,20.688,42.14814814814815,17.685185185185183,24.366666666666667,969.4056666666668,SITE 3,EXT
2025-12-01 16:00:00,81.78483333333334,73.16350000000001,52.56716666666667,40.5,17.314814814814817,26.166666666666668,969.2593333333333,SITE 3,EXT
2025-12-01 17:00:00,197.75033333333334,186.27766666666668,114.33266666666667,36.62962962962963,18.722222222222225,35.43333333333333,969.5636666666667,SITE 3,EXT
2025-12-01 18:00:00,210.81599999999997,192.24833333333333,118.85650000000001,35.46296296296296,19.296296296296298,39.0,970.2483333333333,SITE 3,EXT
2025-12-01 19:00:00,158.44099999999997,141.39433333333332,81.86616666666667,34.14814814814815,18.740740740740744,40.733333333333334,971.573,SITE 3,EXT
2025-12-01 20:00:00,121.66183333333333,110.06966666666668,70.08966666666667,33.88888888888889,18.685185185185187,40.93333333333333,972.325,SITE 3,EXT
2025-12-01 21:00:00,99.1108064516129,86.89193548387097,53.54064516129032,33.08243727598567,19.265232974910397,44.645161290322584,972.7767741935484,SITE 3,EXT
2025-12-01 22:00:00,61.093666666666664,49.084666666666664,30.591166666666666,31.555555555555557,19.11111111111111,47.9,972.8753333333334,SITE 3,EXT
2025-12-01 23:00:00,44.353500000000004,36.591833333333334,23.711000000000002,31.018518518518523,18.833333333333332,48.46666666666667,972.4273333333333,SITE 3,EXT
2025-12-02 00:00:00,45.243833333333335,37.4095,24.277166666666666,30.666666666666668,19.0,49.96666666666667,971.828,SITE 3,EXT
2025-12-02 01:00:00,41.39883333333333,34.922333333333334,22.713833333333334,30.240740740740744,19.185185185185183,52.03333333333333,971.1926666666666,SITE 3,EXT
2025-12-02 02:00:00,41.0455,34.62266666666667,22.576833333333333,29.444444444444446,19.25925925925926,54.6,970.3793333333334,SITE 3,EXT
2025-12-02 03:00:00,41.00266666666666,34.584833333333336,22.340333333333334,29.61111111111111,19.055555555555557,53.3,969.994,SITE 3,EXT
2025-12-02 04:00:00,54.2115,44.3975,27.9405,29.25925925925926,19.592592592592595,56.333333333333336,970.2723333333334,SITE 3,EXT
2025-12-02 05:00:00,63.74903225806452,50.61661290322581,32.204193548387096,28.870967741935484,19.42652329749104,57.03225806451613,970.8725806451613,SITE 3,EXT
2025-12-02 06:00:00,78.59133333333332,67.86316666666667,44.55883333333334,28.833333333333332,19.64814814814815,58.2,971.611,SITE 3,EXT
2025-12-02 07:00:00,102.31133333333334,92.91183333333333,59.858666666666664,29.462962962962965,19.592592592592595,55.766666666666666,971.7926666666666,SITE 3,EXT
2025-12-02 08:00:00,88.7175,77.50616666666666,43.98800000000001,30.25925925925926,19.27777777777778,52.266666666666666,972.4786666666666,SITE 3,EXT
2025-12-02 09:00:00,36.36383333333333,31.979,21.00883333333333,31.53703703703704,19.814814814814817,50.233333333333334,972.4063333333332,SITE 3,EXT
2025-12-02 10:00:00,36.0555,31.840666666666667,21.00583333333333,33.333333333333336,19.85185185185185,45.56666666666667,972.0486666666667,SITE 3,EXT
2025-12-02 11:00:00,54.888000000000005,48.125,31.426499999999997,35.407407407407405,19.925925925925927,40.666666666666664,971.5526666666666,SITE 3,EXT
2025-12-02 12:00:00,37.648548387096774,32.45161290322581,21.58274193548387,37.67025089605735,19.24731182795699,34.32258064516129,970.6899999999999,SITE 3,EXT
2025-12-02 13:00:00,37.41366666666667,32.541333333333334,22.199666666666666,39.94444444444444,18.574074074074076,29.066666666666666,969.6803333333334,SITE 3,EXT
2025-12-02 14:00:00,38.0485,32.279666666666664,21.517833333333332,39.25925925925926,18.370370370370374,29.833333333333332,969.0360000000001,SITE 3,EXT
2025-12-02 15:00:00,38.742333333333335,32.93566666666667,21.923000000000002,37.92592592592593,17.888888888888893,30.933333333333334,968.6936666666667,SITE 3,EXT
2025-12-02 16:00:00,46.6395,38.69916666666667,25.288833333333333,39.092592592592595,18.14814814814815,29.833333333333332,968.7616666666667,SITE 3,EXT
2025-12-02 17:00:00,65.97200000000001,52.54983333333334,33.810500000000005,37.98148148148149,18.296296296296298,31.933333333333334,969.533,SITE 3,EXT
2025-12-02 18:00:00,165.286,147.06533333333334,90.80233333333334,36.14814814814815,18.888888888888893,36.6,970.4953333333334,SITE 3,EXT
2025-12-02 19:00:00,108.86177419354838,95.84290322580645,59.355,33.781362007168454,19.229390681003586,42.70967741935484,971.4483870967742,SITE 3,EXT
2025-12-02 20:00:00,41.622166666666665,34.882,23.038166666666665,31.88888888888889,19.0,46.7,972.3323333333334,SITE 3,EXT
2025-12-02 21:00:00,42.18970588235294,35.27,23.011764705882353,31.01307189542484,19.01960784313726,49.23529411764706,972.9982352941178,SITE 3,EXT
2025-12-02 22:00:00,39.7155,33.82516666666667,22.0045,30.851851851851855,18.77777777777778,48.9,972.9796666666666,SITE 3,EXT
2025-12-02 23:00:00,36.781166666666664,31.927500000000002,20.896333333333335,30.27777777777778,18.592592592592595,49.733333333333334,972.6443333333334,SITE 3,EXT
2025-12-03 00:00:00,36.5375,31.326833333333333,19.86,30.14814814814815,17.555555555555554,47.233333333333334,972.2096666666667,SITE 3,EXT
2025-12-03 01:00:00,28.531499999999998,26.294,17.497,29.62962962962963,16.98148148148148,47.06666666666667,972.0036666666667,SITE 3,EXT
2025-12-03 02:00:00,32.025166666666664,29.07,18.968,29.40740740740741,17.185185185185183,48.13333333333333,971.6443333333333,SITE 3,EXT
2025-12-03 03:00:00,32.849833333333336,29.442999999999998,19.43616666666667,28.87037037037037,16.85185185185185,48.7,971.5596666666667,SITE 3,EXT
2025-12-03 04:00:00,37.648387096774194,32.340806451612906,21.274838709677418,28.691756272401435,15.96774193548387,46.193548387096776,971.6832258064517,SITE 3,EXT
2025-12-03 05:00:00,68.21116666666667,45.722166666666666,25.909333333333333,28.055555555555557,15.01851851851852,45.36666666666667,971.823,SITE 3,EXT
2025-12-03 06:00:00,78.29916666666666,63.0375,40.54333333333333,27.833333333333332,14.777777777777777,45.06666666666667,972.249,SITE 3,EXT
2025-12-03 07:00:00,89.3495,80.091,50.918,27.962962962962965,14.777777777777777,45.1,973.3286666666667,SITE 3,EXT
2025-12-03 08:00:00,47.76766666666666,38.31483333333333,24.37933333333333,28.888888888888893,13.037037037037038,37.96666666666667,974.1553333333334,SITE 3,EXT
2025-12-03 09:00:00,99.2285,89.12683333333332,50.08983333333333,30.5,10.277777777777779,29.066666666666666,974.1973333333334,SITE 3,EXT
2025-12-03 10:00:00,41.155499999999996,36.72166666666667,21.93,32.092592592592595,8.166666666666668,22.633333333333333,973.7916666666666,SITE 3,EXT
2025-12-03 11:00:00,11.429354838709678,9.919032258064517,6.479032258064516,34.30107526881721,7.007168458781362,18.548387096774192,973.0880645161291,SITE 3,EXT
2025-12-03 12:00:00,10.402666666666667,8.825,5.901833333333333,37.64814814814815,6.407407407407407,14.7,971.8960000000001,SITE 3,EXT
2025-12-03 13:00:00,10.093833333333333,8.644833333333334,5.689333333333334,40.833333333333336,6.333333333333333,12.2,970.749,SITE 3,EXT
2025-12-03 14:00:00,11.560166666666667,10.118,6.781499999999999,42.55555555555556,7.5,12.033333333333333,969.7166666666667,SITE 3,EXT
2025-12-03 15:00:00,18.31116666666667,15.943833333333334,10.446166666666667,41.75925925925926,7.722222222222223,12.733333333333333,969.4086666666666,SITE 3,EXT
2025-12-03 16:00:00,20.618,17.838833333333334,11.743,41.25925925925926,7.611111111111112,13.066666666666666,969.4833333333333,SITE 3,EXT
2025-12-03 17:00:00,62.65133333333333,55.291666666666664,33.962666666666664,38.333333333333336,8.407407407407408,16.133333333333333,970.0726666666667,SITE 3,EXT
2025-12-03 18:00:00,153.23951612903227,142.6685483870968,92.7374193548387,35.94982078853047,10.555555555555555,21.516129032258064,970.7945161290323,SITE 3,EXT
2025-12-03 19:00:00,179.94583333333333,160.72783333333334,98.33033333333333,35.24074074074074,12.0,24.666666666666668,971.8846666666667,SITE 3,EXT
2025-12-03 20:00:00,167.766,151.1055,94.19266666666667,33.88888888888889,12.685185185185187,27.8,972.6476666666666,SITE 3,EXT
2025-12-03 21:00:00,113.12333333333332,102.44216666666667,64.6565,32.98148148148148,13.055555555555555,30.033333333333335,973.2116666666666,SITE 3,EXT
2025-12-03 22:00:00,138.05483333333333,121.891,73.72766666666666,32.7037037037037,14.166666666666666,32.733333333333334,973.4446666666666,SITE 3,EXT
2025-12-03 23:00:00,140.78466666666665,125.02183333333332,73.86116666666666,32.07407407407407,14.870370370370372,35.46666666666667,973.3003333333332,SITE 3,EXT
2025-12-04 00:00:00,110.74733333333333,98.45116666666667,56.819833333333335,31.518518518518523,11.870370370370372,30.233333333333334,973.245,SITE 3,EXT
2025-12-04 01:00:00,26.919032258064515,23.748064516129034,15.34274193548387,29.928315412186382,10.46594982078853,29.967741935483872,972.6800000000001,SITE 3,EXT
2025-12-04 02:00:00,23.600666666666665,20.637999999999998,13.225166666666667,28.87037037037037,9.981481481481483,30.933333333333334,972.2023333333333,SITE 3,EXT
2025-12-04 03:00:00,21.971666666666668,19.313333333333333,12.477833333333333,28.055555555555557,9.722222222222223,31.933333333333334,971.9826666666667,SITE 3,EXT
2025-12-04 04:00:00,35.35516666666667,29.2775,18.86,27.25925925925926,8.648148148148149,31.133333333333333,971.81,SITE 3,EXT
2025-12-04 05:00:00,58.074666666666666,45.01649999999999,28.717,27.018518518518523,8.88888888888889,32.06666666666667,972.3463333333333,SITE 3,EXT
2025-12-04 06:00:00,101.6865,82.88366666666666,50.82216666666667,26.62962962962963,9.166666666666666,33.5,972.9096666666667,SITE 3,EXT
2025-12-04 07:00:00,87.33999999999999,75.71216666666666,48.531,27.444444444444446,8.24074074074074,30.133333333333333,973.6986666666667,SITE 3,EXT
2025-12-04 08:00:00,49.18983333333333,36.793,20.6,28.351851851851855,7.12962962962963,26.233333333333334,974.3323333333334,SITE 3,EXT
2025-12-04 09:00:00,75.44887096774194,66.7891935483871,38.0358064516129,29.6415770609319,5.698924731182795,21.967741935483872,974.5880645161291,SITE 3,EXT
2025-12-04 10:00:00,61.84583333333333,53.922000000000004,31.805,31.25925925925926,5.592592592592593,19.833333333333332,974.144,SITE 3,EXT
2025-12-04 11:00:00,47.260666666666665,40.69433333333333,23.472666666666665,33.53703703703704,5.62962962962963,17.466666666666665,973.4226666666667,SITE 3,EXT
2025-12-04 12:00:00,16.898166666666665,13.173499999999999,8.0075,37.14814814814815,5.759259259259259,14.333333333333334,972.37,SITE 3,EXT
2025-12-04 13:00:00,14.369333333333334,11.387833333333333,6.548166666666666,40.351851851851855,5.5,11.766666666666667,971.4113333333333,SITE 3,EXT
2025-12-04 14:00:00,12.159833333333333,9.567666666666666,5.591833333333333,42.44444444444445,5.611111111111112,10.566666666666666,970.3963333333334,SITE 3,EXT
2025-12-04 15:00:00,35.8935,31.8015,22.139833333333335,43.92592592592593,6.185185185185186,10.033333333333333,970.09,SITE 3,EXT
2025-12-04 16:00:00,22.18,17.113387096774193,10.096935483870968,43.85304659498208,6.827956989247313,10.580645161290322,970.1525806451613,SITE 3,EXT
2025-12-04 17:00:00,129.88383333333334,117.30066666666667,59.95633333333333,40.44444444444445,8.444444444444445,14.5,970.4746666666667,SITE 3,EXT
2025-12-04 18:00:00,277.30983333333336,251.99083333333334,150.078,36.98148148148149,9.962962962962964,19.433333333333334,971.0726666666667,SITE 3,EXT
2025-12-04 19:00:00,368.2703333333333,337.834,193.58916666666667,34.94444444444444,10.333333333333334,22.333333333333332,971.8073333333334,SITE 3,EXT
2025-12-04 20:00:00,311.6671666666667,288.51866666666666,157.884,33.44444444444444,9.666666666666666,23.2,972.508,SITE 3,EXT
2025-12-04 21:00:00,147.37166666666664,127.21116666666667,77.53966666666666,31.962962962962965,11.037037037037036,27.6,973.0273333333333,SITE 3,EXT
2025-12-04 22:00:00,118.80766666666666,104.1875,63.2975,30.64814814814815,13.333333333333334,35.03333333333333,973.3073333333334,SITE 3,EXT
2025-12-04 23:00:00,131.60983870967743,115.41741935483871,69.94064516129032,29.677419354838708,13.207885304659499,36.645161290322584,973.1903225806452,SITE 3,EXT
2025-12-05 00:00:00,104.30783333333333,91.06116666666667,55.20683333333333,28.53703703703704,12.592592592592592,37.7,973.2180000000001,SITE 3,EXT
2025-12-05 01:00:00,45.626666666666665,36.50266666666666,23.179,27.77777777777778,10.0,32.93333333333333,972.7379999999999,SITE 3,EXT
2025-12-05 02:00:00,52.102333333333334,41.18033333333334,25.861,27.40740740740741,10.87037037037037,36.0,972.3766666666667,SITE 3,EXT
2025-12-05 03:00:00,45.910333333333334,36.65716666666666,22.959166666666665,26.90740740740741,10.5,35.8,972.1526666666667,SITE 3,EXT
2025-12-05 04:00:00,60.709833333333336,49.76616666666666,30.3775,26.185185185185183,10.629629629629628,38.0,972.2199999999999,SITE 3,EXT
2025-12-05 05:00:00,59.277499999999996,46.690000000000005,29.888749999999998,26.11111111111111,10.555555555555555,37.75,972.455,SITE 3,EXT
2025-12-05 07:00:00,249.05939999999998,224.037,127.3026,24.57777777777778,12.622222222222224,47.72,973.5732,SITE 3,EXT
2025-12-05 08:00:00,61.263000000000005,50.564166666666665,32.2975,27.27777777777778,9.518518518518517,32.833333333333336,974.1039999999999,SITE 3,EXT
2025-12-05 09:00:00,50.21633333333333,42.620333333333335,28.331166666666665,29.25925925925926,7.5,25.633333333333333,974.3876666666667,SITE 3,EXT
2025-12-05 10:00:00,53.47,46.3795,30.93,31.27777777777778,4.611111111111112,18.466666666666665,974.279,SITE 3,EXT
2025-12-05 11:00:00,20.948333333333334,18.732833333333335,13.345,33.53703703703704,3.833333333333334,15.366666666666667,973.5936666666668,SITE 3,EXT
2025-12-05 12:00:00,18.20177419354839,15.72983870967742,10.936451612903227,36.971326164874554,2.6881720430107525,11.709677419354838,972.6580645161291,SITE 3,EXT
2025-12-05 13:00:00,25.607333333333333,21.962,15.769333333333332,40.81481481481482,2.8333333333333335,9.4,971.8430000000001,SITE 3,EXT
2025-12-05 14:00:00,29.779166666666665,26.14383333333333,19.0025,43.2962962962963,2.3333333333333335,7.933333333333334,971.109,SITE 3,EXT
2025-12-05 15:00:00,82.8915,78.41516666666666,57.32666666666667,44.25925925925926,2.5,7.566666666666666,970.6586666666666,SITE 3,EXT
2025-12-05 16:00:00,350.86733333333336,342.7176666666667,237.39166666666668,43.81481481481482,3.2962962962962963,8.333333333333334,970.5816666666667,SITE 3,EXT
2025-12-05 17:00:00,478.43,465.83733333333333,268.5726666666667,40.88888888888889,5.185185185185186,11.3,971.0213333333334,SITE 3,EXT
2025-12-05 18:00:00,561.9546666666666,524.4723333333334,245.27916666666667,36.74074074074074,7.4259259259259265,16.466666666666665,971.5163333333333,SITE 3,EXT
2025-12-05 19:00:00,262.6208064516129,237.9841935483871,138.28806451612905,34.53405017921147,8.046594982078853,19.580645161290324,972.3503225806452,SITE 3,EXT
2025-12-05 20:00:00,237.89833333333334,209.24316666666667,127.97883333333334,32.72222222222222,10.314814814814815,25.5,973.2126666666667,SITE 3,EXT
2025-12-05 21:00:00,241.64266666666666,215.572,133.3135,31.14814814814815,12.203703703703704,31.6,973.8923333333333,SITE 3,EXT
2025-12-05 22:00:00,250.32766666666666,223.8015,137.06766666666667,29.833333333333332,12.074074074074074,33.8,973.9936666666667,SITE 3,EXT
2025-12-05 23:00:00,236.0635,212.35666666666665,131.80066666666667,29.074074074074076,12.407407407407408,36.06666666666667,973.8546666666666,SITE 3,EXT
2025-12-06 00:00:00,181.29533333333333,164.39350000000002,103.65266666666666,28.074074074074076,12.962962962962964,39.766666666666666,973.3803333333333,SITE 3,EXT
2025-12-06 01:00:00,121.87516666666667,110.97600000000001,70.71716666666666,27.25925925925926,13.185185185185187,42.266666666666666,972.9573333333334,SITE 3,EXT
2025-12-06 02:00:00,86.75683333333333,78.2255,49.763000000000005,26.35185185185185,12.851851851851853,43.333333333333336,972.5803333333333,SITE 3,EXT
2025-12-06 03:00:00,71.17354838709677,58.5691935483871,37.858870967741936,26.03942652329749,10.14336917562724,36.903225806451616,972.3990322580645,SITE 3,EXT
2025-12-06 04:00:00,76.23716666666665,65.512,42.742333333333335,24.462962962962965,9.962962962962964,40.3,972.8206666666666,SITE 3,EXT
2025-12-06 05:00:00,137.9665,114.32816666666668,68.22066666666666,23.85185185185185,10.537037037037036,43.233333333333334,972.9396666666667,SITE 3,EXT
2025-12-06 06:00:00,214.96783333333332,195.092,121.77666666666667,24.25925925925926,11.166666666666666,44.2,973.4110000000001,SITE 3,EXT
2025-12-06 07:00:00,411.6861666666666,363.45849999999996,187.7195,24.888888888888893,12.092592592592593,44.96666666666667,973.8896666666666,SITE 3,EXT
2025-12-06 08:00:00,646.0575000000001,542.3671666666667,201.24083333333334,26.296296296296298,11.555555555555555,40.166666666666664,974.3343333333333,SITE 3,EXT
2025-12-06 09:00:00,74.03766666666667,63.51083333333334,39.5135,28.87037037037037,5.518518518518519,22.8,974.4483333333334,SITE 3,EXT
2025-12-06 10:00:00,157.68129032258065,146.00064516129035,83.47467741935485,31.34408602150538,3.817204301075269,17.29032258064516,974.1406451612903,SITE 3,EXT
2025-12-06 11:00:00,286.343,278.19066666666663,194.53216666666668,33.851851851851855,4.740740740740741,15.9,973.5759999999999,SITE 3,EXT
2025-12-06 12:00:00,154.66133333333335,149.0345,113.26716666666667,37.277777777777786,2.7962962962962963,11.466666666666667,972.563,SITE 3,EXT
2025-12-06 13:00:00,24.093666666666664,19.433333333333334,12.417333333333334,40.351851851851855,1.962962962962963,9.1,971.5536666666667,SITE 3,EXT
2025-12-06 14:00:00,22.063499999999998,17.642333333333333,11.289833333333332,42.75925925925926,1.8333333333333333,7.833333333333333,970.841,SITE 3,EXT
2025-12-06 15:00:00,19.06,16.387,11.342333333333332,43.88888888888889,2.0,7.4,970.25,SITE 3,EXT
2025-12-06 16:00:00,23.9235,20.83083333333333,14.562999999999999,43.611111111111114,2.851851851851852,8.1,970.0903333333333,SITE 3,EXT
2025-12-06 17:00:00,484.0528333333333,434.011,174.09833333333333,40.611111111111114,5.037037037037037,11.266666666666667,970.3199999999999,SITE 3,EXT
2025-12-06 18:00:00,285.47822580645163,265.0390322580645,176.93548387096774,36.200716845878134,7.186379928315413,16.806451612903224,970.8835483870968,SITE 3,EXT
2025-12-06 19:00:00,342.58116666666666,306.0331666666667,181.78766666666667,33.81481481481482,8.796296296296298,21.6,971.728,SITE 3,EXT
2025-12-06 20:00:00,474.71883333333335,416.58133333333336,220.893,32.03703703703704,11.592592592592592,28.733333333333334,972.7853333333334,SITE 3,EXT
2025-12-06 21:00:00,322.08866666666665,281.87916666666666,155.016,30.444444444444446,12.685185185185187,33.733333333333334,973.6673333333333,SITE 3,EXT
2025-12-06 22:00:00,272.443,241.53583333333333,144.54016666666666,29.35185185185185,12.62962962962963,35.833333333333336,973.9606666666666,SITE 3,EXT
2025-12-06 23:00:00,297.66299999999995,265.89416666666665,158.85350000000003,28.5,12.685185185185187,37.833333333333336,973.793,SITE 3,EXT
2025-12-07 00:00:00,203.3961666666667,181.89166666666668,109.84233333333333,27.53703703703704,12.925925925925927,41.03333333333333,973.4670000000001,SITE 3,EXT
2025-12-07 01:00:00,126.18451612903226,113.7558064516129,70.84919354838709,26.899641577060933,13.189964157706093,43.03225806451613,973.0367741935484,SITE 3,EXT
2025-12-07 02:00:00,60.5925,51.79816666666667,33.515166666666666,26.203703703703702,8.962962962962964,34.0,972.7446666666667,SITE 3,EXT
2025-12-07 03:00:00,42.8265,35.20366666666666,23.206,26.09259259259259,8.12962962962963,32.1,972.4036666666667,SITE 3,EXT
2025-12-07 04:00:00,48.458333333333336,39.714166666666664,25.837,25.88888888888889,7.240740740740741,30.766666666666666,972.4213333333333,SITE 3,EXT
2025-12-07 05:00:00,129.65983333333332,111.19716666666666,68.404,24.37037037037037,10.944444444444445,43.166666666666664,972.8979999999999,SITE 3,EXT
2025-12-07 06:00:00,231.14216666666664,213.29816666666665,128.7275,23.425925925925927,11.0,45.93333333333333,973.5303333333334,SITE 3,EXT
2025-12-07 07:00:00,230.41133333333335,211.20683333333332,131.53383333333332,24.537037037037035,11.722222222222223,45.2,973.928,SITE 3,EXT
2025-12-07 08:00:00,280.8248387096774,257.3016129032258,153.55709677419355,26.559139784946236,9.42652329749104,34.483870967741936,974.3132258064516,SITE 3,EXT
2025-12-07 09:00:00,134.5085,121.37116666666667,69.886,29.12962962962963,8.203703703703704,26.9,974.1966666666667,SITE 3,EXT
2025-12-07 10:00:00,57.341499999999996,49.01433333333333,31.772333333333332,31.25925925925926,6.796296296296297,21.6,973.672,SITE 3,EXT
2025-12-07 11:00:00,24.305999999999997,21.043999999999997,13.829,33.53703703703704,3.1296296296296293,14.733333333333333,973.2056666666666,SITE 3,EXT
2025-12-07 12:00:00,34.10133333333333,29.147166666666667,19.273666666666667,36.666666666666664,3.7592592592592595,12.7,972.3706666666666,SITE 3,EXT
2025-12-07 13:00:00,23.66,19.85183333333333,12.940500000000002,40.24074074074074,2.444444444444444,9.433333333333334,971.5329999999999,SITE 3,EXT
2025-12-07 14:00:00,16.619833333333332,14.143666666666666,9.707333333333333,42.22222222222222,2.425925925925926,8.466666666666667,970.715,SITE 3,EXT
2025-12-07 15:00:00,33.73129032258065,29.881290322580643,19.176290322580645,43.172043010752695,1.953405017921147,7.838709677419355,970.2554838709679,SITE 3,EXT
2025-12-07 16:00:00,71.37433333333334,60.173,39.324,43.14814814814815,2.8703703703703707,8.333333333333334,970.2686666666667,SITE 3,EXT
2025-12-07 17:00:00,356.258,289.50716666666665,119.35133333333333,40.72222222222222,5.962962962962963,12.066666666666666,970.6666666666666,SITE 3,EXT
2025-12-07 18:00:00,682.4071666666666,600.8398333333333,260.518,36.851851851851855,8.222222222222223,17.5,971.309,SITE 3,EXT
2025-12-07 19:00:00,504.914,449.8941666666667,245.83066666666667,34.72222222222222,10.703703703703702,23.166666666666668,972.0163333333334,SITE 3,EXT
2025-12-07 20:00:00,414.761,369.74233333333336,207.56216666666666,32.611111111111114,11.166666666666666,27.0,972.8956666666667,SITE 3,EXT
2025-12-07 21:00:00,410.33700000000005,357.4228333333333,185.10883333333334,30.574074074074076,11.777777777777779,31.733333333333334,973.803,SITE 3,EXT
2025-12-07 22:00:00,352.28200000000004,300.77549999999997,155.98316666666668,29.240740740740744,11.851851851851853,34.4,974.184,SITE 3,EXT
2025-12-07 23:00:00,208.98516129032257,185.63838709677418,111.96532258064516,28.405017921146957,11.146953405017921,34.32258064516129,973.9764516129032,SITE 3,EXT
2025-12-08 00:00:00,200.2275,174.74466666666666,101.83283333333334,27.685185185185183,10.037037037037038,33.3,973.8,SITE 3,EXT
2025-12-08 01:00:00,143.58149999999998,130.36350000000002,80.57766666666666,26.537037037037035,12.185185185185187,41.0,973.2316666666667,SITE 3,EXT
2025-12-08 02:00:00,156.74466666666666,140.234,84.25966666666666,25.87037037037037,11.814814814814815,41.666666666666664,972.5496666666667,SITE 3,EXT
2025-12-08 03:00:00,150.784,135.43566666666666,81.4215,25.25925925925926,11.462962962962964,42.36666666666667,972.4216666666667,SITE 3,EXT
2025-12-08 04:00:00,150.31366666666665,137.049,84.3585,24.5,11.537037037037038,44.53333333333333,972.4586666666667,SITE 3,EXT
2025-12-08 05:00:00,136.65966666666665,115.09916666666666,69.248,23.88888888888889,9.425925925925926,40.266666666666666,972.6426666666666,SITE 3,EXT
2025-12-08 06:00:00,527.2704838709677,483.8283870967742,237.2651612903226,24.103942652329753,10.412186379928315,42.32258064516129,973.1035483870968,SITE 3,EXT
2025-12-08 07:00:00,449.74916666666667,399.3276666666667,185.38383333333334,24.888888888888893,9.481481481481483,38.1,973.8503333333333,SITE 3,EXT
2025-12-08 08:00:00,342.7476666666667,310.4706666666667,149.41183333333336,26.851851851851855,6.462962962962964,27.3,974.4563333333333,SITE 3,EXT
2025-12-08 09:00:00,85.37166666666667,74.75399999999999,44.33566666666666,28.98148148148148,4.87037037037037,21.7,974.5623333333333,SITE 3,EXT
2025-12-08 10:00:00,21.063166666666667,17.090333333333334,10.514999999999999,31.03703703703704,3.148148148148148,16.8,974.3243333333334,SITE 3,EXT
2025-12-08 11:00:00,20.676499999999997,17.106833333333334,10.909166666666666,33.53703703703704,4.2592592592592595,15.733333333333333,973.668,SITE 3,EXT
2025-12-08 12:00:00,54.4995,49.18333333333333,30.221,36.88888888888889,3.7037037037037037,12.6,972.4136666666667,SITE 3,EXT
2025-12-08 13:00:00,27.69451612903226,22.912419354838708,15.52258064516129,41.36200716845878,3.064516129032258,9.32258064516129,971.5290322580646,SITE 3,EXT
2025-12-08 14:00:00,22.298833333333334,17.692333333333334,11.4275,44.12962962962963,2.814814814814815,7.8,970.758,SITE 3,EXT
2025-12-08 15:00:00,19.887,16.07133333333333,10.176333333333332,45.333333333333336,2.7777777777777777,7.233333333333333,970.375,SITE 3,EXT
2025-12-08 16:00:00,32.0935,25.162666666666667,16.189833333333333,44.833333333333336,3.2222222222222223,7.633333333333334,970.4753333333333,SITE 3,EXT
2025-12-08 17:00:00,70.713,59.275,39.98716666666667,41.88888888888889,5.592592592592593,10.9,970.8613333333334,SITE 3,EXT
2025-12-08 18:00:00,154.70366666666666,137.71766666666664,88.347,37.64814814814815,8.74074074074074,17.133333333333333,971.7023333333333,SITE 3,EXT
2025-12-08 19:00:00,238.01316666666665,212.71466666666666,130.30016666666668,35.05555555555556,11.074074074074074,23.5,972.7413333333333,SITE 3,EXT
2025-12-08 20:00:00,298.627,268.697,163.04083333333335,33.01851851851852,11.703703703703704,27.166666666666668,973.6886666666667,SITE 3,EXT
2025-12-08 21:00:00,426.45258064516133,376.27274193548385,207.43048387096775,31.218637992831543,12.491039426523297,31.870967741935484,974.2854838709677,SITE 3,EXT
2025-12-08 22:00:00,227.57433333333333,202.53949999999998,122.475,30.444444444444446,10.851851851851851,30.133333333333333,974.5376666666667,SITE 3,EXT
2025-12-08 23:00:00,194.93466666666666,175.09499999999997,106.64133333333332,29.14814814814815,12.351851851851853,35.766666666666666,974.3046666666667,SITE 3,EXT
2025-12-09 00:00:00,115.15183333333333,101.72166666666666,64.34,28.296296296296298,11.962962962962964,36.833333333333336,973.862,SITE 3,EXT
2025-12-09 01:00:00,79.2855,69.22166666666666,44.60433333333334,27.333333333333336,11.962962962962964,38.6,973.431,SITE 3,EXT
2025-12-09 02:00:00,100.54716666666667,91.63983333333334,58.9475,26.833333333333332,12.574074074074074,41.666666666666664,973.0696666666666,SITE 3,EXT
2025-12-09 03:00:00,80.54983333333332,72.16116666666667,46.20783333333333,25.833333333333332,13.185185185185187,45.833333333333336,973.202,SITE 3,EXT
2025-12-09 04:00:00,85.79758064516129,77.3933870967742,50.68741935483871,25.161290322580644,12.383512544802867,45.25806451612903,973.0170967741935,SITE 3,EXT
2025-12-09 05:00:00,133.0335,112.10216666666666,69.29416666666665,25.185185185185183,12.12962962962963,44.63333333333333,973.2886666666667,SITE 3,EXT
2025-12-09 06:00:00,134.5385,120.44699999999999,77.44633333333333,25.240740740740744,10.574074074074074,40.03333333333333,974.0156666666667,SITE 3,EXT
2025-12-09 07:00:00,267.71666666666664,240.15883333333335,125.05816666666666,25.98148148148148,11.685185185185187,41.0,974.9453333333333,SITE 3,EXT
2025-12-09 08:00:00,87.35333333333332,76.5745,49.2785,27.074074074074076,11.462962962962964,38.233333333333334,975.4986666666666,SITE 3,EXT
2025-12-09 09:00:00,63.34133333333333,50.87533333333333,33.11183333333334,28.870370370370374,10.944444444444445,33.266666666666666,975.6286666666667,SITE 3,EXT
2025-12-09 10:00:00,48.4885,38.901500000000006,25.741,30.77777777777778,10.537037037037036,28.9,975.3623333333333,SITE 3,EXT
2025-12-09 11:00:00,33.33383333333333,28.173333333333336,18.585833333333333,34.31481481481482,8.796296296296298,20.933333333333334,974.6023333333334,SITE 3,EXT
2025-12-09 12:00:00,47.23016129032258,40.73887096774193,27.66016129032258,38.62007168458781,7.060931899641577,14.35483870967742,973.6261290322581,SITE 3,EXT
2025-12-09 13:00:00,28.539833333333334,23.745166666666666,15.596166666666667,38.7962962962963,6.722222222222223,13.966666666666667,972.5956666666666,SITE 3,EXT
2025-12-09 14:00:00,28.50883333333333,24.346333333333334,16.079333333333334,39.092592592592595,7.722222222222223,14.766666666666667,971.99,SITE 3,EXT
2025-12-09 15:00:00,29.194166666666664,24.921333333333333,16.618,39.37037037037037,8.38888888888889,15.166666666666666,971.7213333333333,SITE 3,EXT
2025-12-09 16:00:00,33.479,28.272166666666667,18.950166666666668,41.05555555555556,8.500000000000002,14.1,971.9766666666667,SITE 3,EXT
2025-12-09 17:00:00,145.75116666666665,132.19283333333334,76.77566666666667,37.777777777777786,9.351851851851851,17.766666666666666,972.472,SITE 3,EXT
2025-12-09 18:00:00,122.64666666666668,104.135,63.7465,35.51851851851852,11.11111111111111,22.933333333333334,973.1033333333332,SITE 3,EXT
2025-12-09 19:00:00,318.4991935483871,284.6056451612903,153.32451612903225,33.60215053763441,11.774193548387096,26.387096774193548,973.6500000000001,SITE 3,EXT
2025-12-09 20:00:00,243.15783333333331,217.12983333333335,129.1735,32.37037037037037,11.907407407407408,28.733333333333334,974.4663333333334,SITE 3,EXT
2025-12-09 21:00:00,263.5478333333333,232.84866666666667,135.88666666666666,31.222222222222225,12.62962962962963,32.233333333333334,975.0886666666667,SITE 3,EXT
2025-12-09 22:00:00,266.88733333333334,235.9015,134.996,30.11111111111111,13.24074074074074,36.0,975.068,SITE 3,EXT
2025-12-09 23:00:00,345.8011666666667,302.27433333333335,158.83583333333334,29.296296296296298,13.981481481481483,39.46666666666667,974.8656666666667,SITE 3,EXT
2025-12-10 00:00:00,339.7923333333334,293.54516666666666,146.54933333333332,28.314814814814817,14.666666666666666,43.53333333333333,974.4676666666667,SITE 3,EXT
2025-12-10 01:00:00,231.80166666666668,202.69083333333336,109.77083333333333,27.75925925925926,14.648148148148149,45.03333333333333,973.8603333333334,SITE 3,EXT
2025-12-10 02:00:00,189.055,168.14870967741933,96.18290322580646,27.365591397849464,14.623655913978494,45.935483870967744,973.4590322580646,SITE 3,EXT
2025-12-10 03:00:00,174.04083333333335,154.59716666666665,89.07683333333333,26.814814814814817,14.38888888888889,46.8,973.2213333333333,SITE 3,EXT
2025-12-10 04:00:00,135.31566666666666,121.12016666666666,71.09633333333333,26.14814814814815,14.074074074074074,47.733333333333334,973.6286666666667,SITE 3,EXT
2025-12-10 05:00:00,148.261,128.86783333333332,71.63766666666668,25.796296296296298,14.0,48.666666666666664,974.0393333333334,SITE 3,EXT
2025-12-10 06:00:00,242.66233333333332,215.71766666666664,136.79166666666666,26.11111111111111,14.351851851851851,48.733333333333334,974.4543333333334,SITE 3,EXT
2025-12-10 07:00:00,339.17783333333335,306.6981666666667,175.57999999999998,26.796296296296298,15.185185185185185,49.266666666666666,975.0576666666667,SITE 3,EXT
2025-12-10 08:00:00,348.553,322.7006666666667,189.48166666666665,27.555555555555557,14.981481481481483,46.63333333333333,975.7063333333333,SITE 3,EXT
2025-12-10 09:00:00,57.59666666666667,46.84066666666667,31.039166666666667,29.40740740740741,16.87037037037037,47.06666666666667,975.8916666666667,SITE 3,EXT
2025-12-10 10:00:00,51.843709677419355,42.807258064516134,28.20725806451613,30.84229390681004,17.634408602150536,45.58064516129032,975.4445161290322,SITE 3,EXT
2025-12-10 11:00:00,47.037666666666674,38.36066666666667,25.817999999999998,33.111111111111114,16.48148148148148,37.2,974.6146666666666,SITE 3,EXT
2025-12-10 12:00:00,178.02983333333336,160.53066666666666,79.70116666666667,36.74074074074074,14.88888888888889,27.5,973.543,SITE 3,EXT
2025-12-10 13:00:00,49.81916666666667,40.3935,27.376166666666666,40.37037037037037,13.055555555555555,19.966666666666665,972.492,SITE 3,EXT
2025-12-10 14:00:00,46.31666666666667,36.613166666666665,24.425,42.44444444444445,11.537037037037038,15.933333333333334,971.7676666666666,SITE 3,EXT
2025-12-10 15:00:00,112.37650000000001,100.68816666666666,63.26733333333333,43.70370370370371,10.870370370370372,14.366666666666667,971.3213333333333,SITE 3,EXT
2025-12-10 16:00:00,58.766666666666666,47.78033333333334,32.30083333333333,43.2037037037037,10.407407407407408,14.233333333333333,971.355,SITE 3,EXT
2025-12-10 17:00:00,93.86048387096774,79.92338709677419,50.805,40.6989247311828,11.344086021505378,17.35483870967742,971.7103225806452,SITE 3,EXT
2025-12-10 18:00:00,497.5726666666667,445.2805,232.182,37.24074074074075,13.037037037037038,23.633333333333333,972.478,SITE 3,EXT
2025-12-10 19:00:00,437.7771666666667,393.41749999999996,206.60583333333335,35.092592592592595,14.25925925925926,28.8,973.2323333333334,SITE 3,EXT
2025-12-10 20:00:00,479.7101666666667,428.92516666666666,224.53133333333332,33.0,15.259259259259261,34.63333333333333,973.9376666666667,SITE 3,EXT
2025-12-10 21:00:00,333.2286666666667,298.3118333333333,170.32466666666667,31.53703703703704,15.462962962962964,38.166666666666664,974.4056666666668,SITE 3,EXT
2025-12-10 22:00:00,244.59466666666668,219.4615,130.61283333333333,30.25925925925926,15.51851851851852,41.3,974.5113333333334,SITE 3,EXT
2025-12-10 23:00:00,248.137,223.67316666666665,132.28483333333332,29.48148148148148,14.574074074074074,40.4,974.2803333333334,SITE 3,EXT
2025-12-11 00:00:00,231.90193548387097,208.8858064516129,124.49403225806452,29.086021505376348,15.519713261648747,44.0,974.0470967741935,SITE 3,EXT
2025-12-11 01:00:00,187.02916666666667,170.67416666666668,106.52199999999999,28.240740740740744,15.62962962962963,46.6,973.5753333333333,SITE 3,EXT
2025-12-11 02:00:00,157.72966666666667,144.158,90.14966666666666,27.685185185185183,15.462962962962964,47.733333333333334,973.1133333333333,SITE 3,EXT
2025-12-11 03:00:00,133.97,122.37366666666667,77.25966666666666,26.685185185185183,15.425925925925927,49.96666666666667,972.9396666666667,SITE 3,EXT
2025-12-11 04:00:00,142.2585,130.4125,82.17916666666666,26.62962962962963,15.62962962962963,51.13333333333333,973.132,SITE 3,EXT
2025-12-11 05:00:00,190.00266666666667,165.95416666666668,101.485,26.0,15.500000000000002,52.93333333333333,973.596,SITE 3,EXT
2025-12-11 06:00:00,389.82783333333333,325.1141666666666,150.55316666666667,25.722222222222225,15.592592592592593,53.666666666666664,974.079,SITE 3,EXT
2025-12-11 07:00:00,203.3595,187.40783333333331,119.00133333333333,26.38888888888889,15.370370370370372,50.96666666666667,974.671,SITE 3,EXT
2025-12-11 08:00:00,124.53435483870967,113.67064516129032,73.52290322580646,28.5663082437276,14.121863799283155,41.516129032258064,975.0609677419354,SITE 3,EXT
2025-12-11 09:00:00,133.02033333333333,115.78500000000001,59.2085,30.555555555555557,16.851851851851855,44.1,975.1,SITE 3,EXT
2025-12-11 10:00:00,185.57783333333333,166.726,84.90650000000001,31.85185185185185,18.14814814814815,44.46666666666667,974.454,SITE 3,EXT
2025-12-11 11:00:00,57.92833333333333,47.32533333333333,31.784666666666666,34.03703703703704,17.555555555555557,37.86666666666667,973.5453333333334,SITE 3,EXT
2025-12-11 12:00:00,48.66433333333334,39.01033333333333,26.09416666666667,37.351851851851855,15.462962962962964,27.633333333333333,972.5166666666667,SITE 3,EXT
2025-12-11 13:00:00,48.5545,39.684333333333335,26.676,41.111111111111114,13.537037037037038,19.7,971.5826666666667,SITE 3,EXT
2025-12-11 14:00:00,57.53333333333333,47.7205,30.516000000000002,43.611111111111114,11.833333333333334,15.366666666666667,970.7203333333333,SITE 3,EXT
2025-12-11 15:00:00,40.6215,32.81066666666666,21.728,44.407407407407405,9.518518518518517,12.433333333333334,970.365,SITE 3,EXT
2025-12-11 16:00:00,42.53935483870968,34.211451612903225,22.896290322580644,44.193548387096776,11.182795698924732,14.225806451612904,970.1896774193549,SITE 3,EXT
2025-12-11 17:00:00,58.87383333333333,46.572,31.043666666666663,41.092592592592595,11.555555555555555,17.3,970.4699999999999,SITE 3,EXT
2025-12-11 18:00:00,146.53366666666668,130.20283333333333,85.08133333333333,37.12962962962963,13.370370370370372,24.333333333333332,971.2906666666667,SITE 3,EXT
2025-12-11 19:00:00,203.56733333333335,187.44333333333333,123.04483333333333,35.55555555555556,13.851851851851851,27.3,972.2823333333333,SITE 3,EXT
2025-12-11 20:00:00,181.2648333333333,160.5476666666667,102.71383333333333,34.38888888888889,12.814814814814815,27.266666666666666,973.206,SITE 3,EXT
2025-12-11 21:00:00,129.355,113.18416666666667,72.43133333333334,33.24074074074074,10.703703703703702,25.166666666666668,973.5263333333334,SITE 3,EXT
2025-12-11 22:00:00,168.26233333333332,146.72383333333335,90.461,31.518518518518523,12.185185185185185,31.066666666666666,973.6213333333333,SITE 3,EXT
2025-12-11 23:00:00,166.95983870967743,149.43709677419355,91.43725806451613,29.910394265232977,14.89247311827957,40.354838709677416,973.2158064516128,SITE 3,EXT
2025-12-12 00:00:00,119.14616666666666,107.09366666666666,67.37316666666666,28.833333333333332,14.592592592592592,42.3,972.686,SITE 3,EXT
2025-12-12 01:00:00,123.60133333333333,107.99583333333334,66.67316666666666,28.14814814814815,12.759259259259261,38.86666666666667,972.0963333333333,SITE 3,EXT
2025-12-12 02:00:00,76.60616666666667,65.651,42.727833333333336,27.16666666666667,12.592592592592593,40.9,971.6856666666666,SITE 3,EXT
2025-12-12 03:00:00,72.97166666666666,60.2645,39.02933333333333,26.25925925925926,12.685185185185187,43.43333333333333,971.318,SITE 3,EXT
2025-12-12 04:00:00,76.20683333333334,64.65433333333333,41.729,26.0,13.01851851851852,44.9,971.6343333333333,SITE 3,EXT
2025-12-12 05:00:00,123.36033333333333,94.961,56.54766666666667,25.240740740740744,13.62962962962963,48.833333333333336,971.7926666666666,SITE 3,EXT
2025-12-12 06:00:00,957.5436666666667,664.6856666666666,179.514,25.38888888888889,14.185185185185185,49.86666666666667,972.266,SITE 3,EXT
2025-12-12 07:00:00,103.90806451612903,90.45629032258064,57.56483870967742,26.684587813620073,15.537634408602152,51.064516129032256,973.036129032258,SITE 3,EXT
2025-12-12 08:00:00,66.673,53.994166666666665,35.2795,27.833333333333332,18.27777777777778,56.7,973.704,SITE 3,EXT
2025-12-12 09:00:00,56.602666666666664,45.38616666666667,29.946166666666667,29.5,19.27777777777778,54.53333333333333,973.853,SITE 3,EXT
2025-12-12 10:00:00,49.607,40.255,26.868666666666666,31.388888888888893,19.166666666666668,48.666666666666664,973.45,SITE 3,EXT
2025-12-12 11:00:00,193.46816666666666,182.694,119.52166666666668,34.46296296296296,17.703703703703702,37.46666666666667,972.7313333333333,SITE 3,EXT
2025-12-12 12:00:00,82.24933333333334,73.7935,52.86833333333333,38.01851851851852,15.333333333333334,26.5,971.6659999999999,SITE 3,EXT
2025-12-12 13:00:00,43.8625,35.55333333333333,23.862833333333334,41.22222222222222,14.185185185185185,20.4,970.645,SITE 3,EXT
2025-12-12 14:00:00,45.145806451612906,36.49209677419355,24.74306451612903,43.15412186379928,11.756272401433693,15.612903225806452,969.7251612903226,SITE 3,EXT
2025-12-12 15:00:00,44.581,36.03733333333333,24.448666666666668,44.46296296296296,11.759259259259261,14.5,969.181,SITE 3,EXT
2025-12-12 16:00:00,45.76083333333334,36.906166666666664,25.083333333333332,43.87037037037037,11.796296296296298,15.033333333333333,968.935,SITE 3,EXT
2025-12-12 17:00:00,195.6635,181.94266666666667,117.92049999999999,40.092592592592595,12.814814814814815,19.866666666666667,969.4053333333334,SITE 3,EXT
2025-12-12 18:00:00,462.60966666666667,447.34066666666666,292.7966666666667,37.666666666666664,13.611111111111112,23.9,970.1996666666668,SITE 3,EXT
2025-12-12 19:00:00,158.012,142.37550000000002,91.752,35.592592592592595,14.25925925925926,28.033333333333335,970.9096666666667,SITE 3,EXT
2025-12-12 20:00:00,119.89716666666666,108.1785,69.29216666666666,34.22222222222222,14.037037037037038,29.733333333333334,971.7136666666667,SITE 3,EXT
2025-12-12 21:00:00,83.12466666666666,73.87016666666666,47.85166666666667,33.24074074074074,13.203703703703704,29.866666666666667,972.497,SITE 3,EXT
2025-12-12 22:00:00,76.7783870967742,65.42177419354839,43.19048387096774,32.54480286738352,13.81720430107527,32.32258064516129,972.7412903225807,SITE 3,EXT
2025-12-12 23:00:00,74.80816666666666,62.4615,40.190000000000005,31.555555555555557,13.981481481481483,34.43333333333333,972.562,SITE 3,EXT
2025-12-13 00:00:00,90.68683333333334,78.29716666666667,48.640499999999996,31.018518518518523,14.981481481481483,37.7,972.2246666666667,SITE 3,EXT
2025-12-13 01:00:00,84.55783333333333,73.12383333333334,45.97366666666667,30.314814814814817,15.259259259259261,40.3,971.7166666666667,SITE 3,EXT
2025-12-13 02:00:00,55.4585,44.7215,29.512833333333333,29.925925925925927,16.962962962962965,45.93333333333333,971.3456666666666,SITE 3,EXT
2025-12-13 03:00:00,49.9775,40.63333333333333,27.099666666666668,28.98148148148148,17.5,50.53333333333333,971.5443333333334,SITE 3,EXT
2025-12-13 04:00:00,44.82183333333333,37.037,24.679666666666666,27.944444444444446,18.166666666666668,55.7,971.769,SITE 3,EXT
2025-12-13 05:00:00,57.013548387096776,43.51983870967742,27.648870967741935,27.77777777777778,18.31541218637993,56.87096774193548,971.8603225806451,SITE 3,EXT
2025-12-13 06:00:00,96.50066666666666,83.57549999999999,51.150333333333336,27.666666666666668,18.296296296296298,57.36666666666667,972.2356666666667,SITE 3,EXT
2025-12-13 07:00:00,105.96583333333334,92.82333333333332,55.21133333333333,28.03703703703704,18.722222222222225,57.8,973.2106666666666,SITE 3,EXT
2025-12-13 08:00:00,152.22683333333333,121.11016666666666,47.12533333333333,29.703703703703702,19.351851851851855,54.233333333333334,973.8676666666667,SITE 3,EXT
2025-12-13 09:00:00,46.725166666666674,38.49633333333334,25.7575,30.574074074074076,19.01851851851852,50.666666666666664,973.772,SITE 3,EXT
2025-12-13 10:00:00,42.4385,35.30433333333334,23.805166666666665,32.25925925925926,19.074074074074076,45.93333333333333,973.3093333333333,SITE 3,EXT
2025-12-13 11:00:00,42.118,35.41333333333333,23.9695,34.111111111111114,18.61111111111111,40.3,972.525,SITE 3,EXT
2025-12-13 12:00:00,36.2625,31.278000000000002,21.223833333333335,37.2962962962963,16.203703703703706,28.966666666666665,971.3889999999999,SITE 3,EXT
2025-12-13 13:00:00,34.597419354838706,30.151774193548388,20.783870967741933,40.82437275985664,15.286738351254481,22.451612903225808,970.4216129032258,SITE 3,EXT
2025-12-13 14:00:00,32.92133333333333,29.035166666666665,20.203666666666667,42.94444444444445,14.62962962962963,19.133333333333333,969.3493333333333,SITE 3,EXT
2025-12-13 15:00:00,34.44166666666667,30.042666666666666,20.8705,43.777777777777786,14.185185185185185,17.766666666666666,968.7413333333334,SITE 3,EXT
2025-12-13 16:00:00,347.9066666666667,333.7758333333333,207.96783333333332,41.70370370370371,15.055555555555555,21.166666666666668,968.6996666666666,SITE 3,EXT
2025-12-13 17:00:00,697.7126666666667,664.6461666666667,327.1351666666667,39.74074074074074,15.777777777777779,24.566666666666666,969.3303333333333,SITE 3,EXT
2025-12-13 18:00:00,412.47833333333335,386.02116666666666,166.11516666666665,37.94444444444445,16.12962962962963,27.666666666666668,969.9086666666666,SITE 3,EXT
2025-12-13 19:00:00,104.74216666666666,91.90733333333334,58.162166666666664,36.14814814814815,16.5,31.133333333333333,970.9293333333334,SITE 3,EXT
2025-12-13 20:00:00,76.15645161290323,64.88241935483872,42.65564516129032,34.96415770609319,16.021505376344088,32.29032258064516,971.9074193548388,SITE 3,EXT
2025-12-13 21:00:00,61.557,48.2685,31.579166666666666,33.90740740740741,16.25925925925926,35.03333333333333,972.603,SITE 3,EXT
2025-12-13 22:00:00,57.2835,45.43283333333333,29.6905,32.77777777777778,16.62962962962963,38.3,972.348,SITE 3,EXT
2025-12-13 23:00:00,51.3285,41.38699999999999,27.448666666666668,31.40740740740741,17.092592592592595,42.7,972.2583333333333,SITE 3,EXT
2025-12-14 00:00:00,47.564166666666665,38.67933333333333,25.602333333333334,30.555555555555557,18.0,47.3,972.117,SITE 3,EXT
2025-12-14 01:00:00,46.246833333333335,37.96366666666667,25.209333333333333,30.240740740740744,18.203703703703706,49.06666666666667,971.8376666666667,SITE 3,EXT
2025-12-14 02:00:00,45.11516666666667,37.26416666666667,24.74116666666667,29.40740740740741,18.48148148148148,52.36666666666667,971.4676666666667,SITE 3,EXT
2025-12-14 03:00:00,45.24532258064516,37.32209677419355,24.69516129032258,28.799283154121866,18.870967741935484,55.32258064516129,971.3706451612903,SITE 3,EXT
2025-12-14 04:00:00,47.2065,38.84316666666667,25.63,28.074074074074076,19.037037037037035,58.5,971.925,SITE 3,EXT
2025-12-14 05:00:00,54.38183333333333,43.10183333333334,28.001666666666665,27.77777777777778,19.074074074074076,59.93333333333333,972.356,SITE 3,EXT
2025-12-14 06:00:00,63.448499999999996,51.0275,33.062,27.796296296296298,19.444444444444446,60.6,972.713,SITE 3,EXT
2025-12-14 07:00:00,72.85216666666666,60.63966666666667,39.13533333333333,27.833333333333332,19.425925925925927,60.766666666666666,973.3746666666667,SITE 3,EXT
2025-12-14 08:00:00,55.43733333333333,44.75966666666667,29.583833333333335,28.388888888888893,19.87037037037037,60.5,974.1173333333334,SITE 3,EXT
2025-12-14 09:00:00,47.98016666666667,39.19466666666666,25.801499999999997,29.87037037037037,19.555555555555557,54.46666666666667,974.3536666666666,SITE 3,EXT
2025-12-14 10:00:00,57.08866666666667,47.41383333333333,27.918333333333333,31.425925925925927,19.314814814814817,49.06666666666667,973.919,SITE 3,EXT
2025-12-14 11:00:00,63.08548387096774,56.235645161290314,37.64,32.70609318996416,19.31899641577061,45.483870967741936,973.3135483870968,SITE 3,EXT
2025-12-14 12:00:00,35.52466666666667,31.132833333333334,20.964166666666664,34.44444444444444,18.90740740740741,40.3,972.4183333333333,SITE 3,EXT
2025-12-14 13:00:00,36.969166666666666,31.663666666666664,21.322,35.55555555555556,18.796296296296298,37.56666666666667,971.5563333333333,SITE 3,EXT
2025-12-14 14:00:00,37.8935,32.1925,21.66783333333333,37.72222222222222,18.518518518518523,32.7,970.67,SITE 3,EXT
2025-12-14 15:00:00,39.9545,33.477833333333336,22.575833333333332,38.62962962962963,18.351851851851855,30.8,970.3253333333333,SITE 3,EXT
2025-12-14 16:00:00,579.9338235294117,461.30676470588236,176.18941176470588,38.03921568627452,18.562091503267975,32.11764705882353,970.6094117647059,SITE 3,EXT
2025-12-15 08:00:00,116.57673913043477,99.90391304347825,52.38804347826087,25.652173913043477,19.009661835748794,67.65217391304348,976.518695652174,SITE 3,EXT
2025-12-15 09:00:00,134.12441176470588,107.365,54.29911764705882,27.61437908496732,19.11764705882353,60.294117647058826,977.114705882353,SITE 3,EXT
2025-12-16 07:00:00,80.13142857142857,65.49035714285715,40.96803571428571,24.226190476190478,13.988095238095239,53.285714285714285,976.0071428571429,SITE 3,EXT
2025-12-16 08:00:00,181.90316666666666,162.984,79.22466666666666,26.01851851851852,13.555555555555555,46.4,976.4776666666668,SITE 3,EXT
2025-12-16 09:00:00,219.46166666666667,190.35283333333334,93.384,27.314814814814817,12.962962962962964,41.4,976.297,SITE 3,EXT
2025-12-16 10:00:00,48.42466666666667,41.040333333333336,25.264,29.35185185185185,12.722222222222223,36.1,975.9576666666667,SITE 3,EXT
2025-12-16 11:00:00,29.287333333333333,25.562,17.01033333333333,31.27777777777778,12.462962962962964,31.8,975.414,SITE 3,EXT
2025-12-16 12:00:00,28.106333333333335,24.757166666666667,16.303,33.648148148148145,11.425925925925926,25.866666666666667,974.318,SITE 3,EXT
2025-12-16 13:00:00,25.577380952380953,22.36952380952381,14.73595238095238,35.87301587301587,10.44973544973545,21.333333333333332,973.3380952380952,SITE 3,EXT
2025-12-16 17:00:00,187.08966666666666,172.55966666666666,122.64933333333333,31.185185185185187,11.11111111111111,29.066666666666666,972.7180000000001,SITE 3,EXT
2025-12-16 18:00:00,359.6553448275862,328.0598275862069,186.09586206896552,31.551724137931036,11.49425287356322,29.344827586206897,973.008275862069,SITE 3,EXT
2025-12-16 19:00:00,529.7993548387096,474.21451612903223,208.19,30.681003584229394,11.21863799283154,30.193548387096776,973.6422580645161,SITE 3,EXT
2025-12-16 20:00:00,135.83133333333333,125.13583333333332,80.91149999999999,29.962962962962965,10.61111111111111,30.366666666666667,974.5083333333333,SITE 3,EXT
2025-12-16 21:00:00,221.0194736842105,188.0,76.9407894736842,29.678362573099417,10.760233918128653,31.05263157894737,974.7073684210526,SITE 3,EXT
2025-12-17 08:00:00,43.498125,34.429375,21.661250000000003,25.381944444444446,12.395833333333334,44.75,975.4675,SITE 3,EXT
2025-12-17 09:00:00,81.534,70.26033333333334,38.27916666666667,28.0,12.074074074074074,37.733333333333334,975.3670000000001,SITE 3,EXT
2025-12-17 10:00:00,527.9770967741936,441.41306451612905,155.69177419354838,29.838709677419356,11.792114695340503,33.096774193548384,975.0145161290322,SITE 3,EXT
2025-12-17 11:00:00,456.66683333333333,428.1765,248.04683333333332,32.092592592592595,11.907407407407408,29.333333333333332,974.173,SITE 3,EXT
2025-12-17 12:00:00,165.04583333333332,156.92166666666665,113.67016666666667,36.01851851851852,11.11111111111111,22.133333333333333,973.0336666666667,SITE 3,EXT
2025-12-17 13:00:00,64.04350000000001,57.26966666666667,39.8195,39.166666666666664,9.5,16.566666666666666,971.7306666666666,SITE 3,EXT
2025-12-17 14:00:00,29.577833333333334,23.978833333333334,14.388166666666667,40.98148148148149,9.703703703703702,15.333333333333334,970.9860000000001,SITE 3,EXT
2025-12-17 15:00:00,31.871333333333332,24.93433333333333,14.689833333333333,42.18518518518519,9.38888888888889,14.0,970.4913333333334,SITE 3,EXT
2025-12-17 16:00:00,39.6785,31.004,18.982166666666668,41.37037037037037,9.722222222222223,15.1,970.6110000000001,SITE 3,EXT
2025-12-17 17:00:00,209.57966666666667,193.7466666666667,127.51583333333333,38.22222222222222,10.74074074074074,19.233333333333334,971.1139999999999,SITE 3,EXT
2025-12-17 18:00:00,357.10322580645163,341.1466129032258,227.7841935483871,35.60931899641577,12.150537634408602,24.258064516129032,971.7903225806451,SITE 3,EXT
2025-12-17 19:00:00,829.6328333333333,752.7603333333334,281.2928333333333,34.12962962962963,12.944444444444446,27.7,972.5453333333334,SITE 3,EXT
2025-12-17 20:00:00,193.04673076923078,173.13788461538462,105.44423076923077,32.863247863247864,12.62820512820513,29.384615384615383,973.103076923077,SITE 3,EXT
2025-12-18 05:00:00,57.132999999999996,45.277,29.02,22.77777777777778,9.444444444444445,43.2,972.868,SITE 3,EXT
2025-12-18 06:00:00,79.07766666666666,66.08633333333333,41.0095,24.574074074074076,9.74074074074074,39.4,973.3656666666667,SITE 3,EXT
2025-12-18 07:00:00,89.08933333333333,78.07300000000001,48.36383333333333,25.185185185185183,9.592592592592592,37.9,974.3263333333333,SITE 3,EXT
2025-12-18 08:00:00,73.35249999999999,60.5075,38.065666666666665,26.740740740740744,9.055555555555555,33.2,974.8913333333334,SITE 3,EXT
2025-12-18 09:00:00,331.90183333333334,286.80316666666664,121.047,28.796296296296298,6.814814814814815,25.066666666666666,975.096,SITE 3,EXT
2025-12-18 10:00:00,53.193,46.94466666666666,29.981499999999997,30.48148148148148,7.222222222222223,23.266666666666666,974.7316666666667,SITE 3,EXT
2025-12-18 11:00:00,19.030645161290323,16.493548387096773,11.029032258064515,32.38351254480287,8.172043010752688,22.322580645161292,973.8722580645161,SITE 3,EXT
2025-12-18 12:00:00,19.476875,16.7565625,10.868125000000001,35.104166666666664,8.541666666666668,19.6875,973.149375,SITE 3,EXT
2025-12-19 07:00:00,301.165,267.5,168.39499999999998,22.77777777777778,8.88888888888889,42.0,974.78,SITE 3,EXT
2025-12-19 08:00:00,139.26516666666666,125.55116666666666,72.74033333333334,25.925925925925927,9.111111111111112,34.96666666666667,975.187,SITE 3,EXT
2025-12-19 09:00:00,72.90048387096775,65.84016129032257,40.938709677419354,27.759856630824377,8.13620071684588,29.129032258064516,975.4674193548386,SITE 3,EXT
2025-12-19 10:00:00,22.281000000000002,18.782833333333333,12.312833333333334,29.592592592592595,7.648148148148149,25.5,975.1886666666667,SITE 3,EXT
2025-12-19 11:00:00,26.843166666666665,22.423166666666667,13.546,31.796296296296298,7.4259259259259265,22.0,974.297,SITE 3,EXT
2025-12-19 12:00:00,19.408833333333334,15.471333333333332,9.238833333333334,35.24074074074074,7.518518518518519,18.066666666666666,973.4853333333334,SITE 3,EXT
2025-12-19 13:00:00,19.093166666666665,14.931333333333333,8.9145,38.94444444444444,7.740740740740741,14.9,972.6650000000001,SITE 3,EXT
2025-12-19 14:00:00,19.849,15.221666666666666,8.844666666666665,40.11111111111111,7.166666666666667,13.3,971.9069999999999,SITE 3,EXT
2025-12-19 15:00:00,24.604,18.746666666666666,10.775666666666666,41.18518518518519,7.185185185185186,12.6,971.4146666666667,SITE 3,EXT
2025-12-19 16:00:00,110.99166666666666,99.21433333333333,69.68116666666667,40.42592592592593,7.629629629629631,13.566666666666666,971.2180000000001,SITE 3,EXT
2025-12-19 17:00:00,296.2988709677419,284.3814516129033,192.88693548387096,37.56272401433692,8.67383512544803,17.161290322580644,971.4545161290323,SITE 3,EXT
2025-12-19 18:00:00,249.28633333333335,231.72233333333332,153.6055,35.01851851851852,9.851851851851851,21.466666666666665,971.9126666666667,SITE 3,EXT
2025-12-19 19:00:00,235.15566666666666,211.64416666666665,123.41783333333333,33.92592592592593,10.296296296296298,23.533333333333335,972.6396666666666,SITE 3,EXT
2025-12-19 20:00:00,138.8963043478261,121.03565217391305,75.23478260869565,32.512077294685994,10.289855072463768,25.73913043478261,973.1095652173914,SITE 3,EXT
2025-12-20 08:00:00,265.86583333333334,238.728125,121.294375,25.787037037037038,10.0,37.458333333333336,974.7041666666668,SITE 3,EXT
2025-12-20 09:00:00,63.26741935483871,55.45209677419354,35.28209677419355,28.225806451612904,7.759856630824373,27.580645161290324,974.7858064516129,SITE 3,EXT
2025-12-20 10:00:00,33.094166666666666,26.9295,16.04266666666667,30.03703703703704,7.092592592592593,23.733333333333334,974.4813333333333,SITE 3,EXT
2025-12-20 11:00:00,26.934,22.199666666666666,13.553666666666667,32.0,7.074074074074074,21.066666666666666,973.7189999999999,SITE 3,EXT
2025-12-20 12:00:00,18.152833333333334,14.625833333333333,8.791500000000001,35.5,6.407407407407407,16.5,972.8009999999999,SITE 3,EXT
2025-12-20 13:00:00,18.947166666666664,14.679833333333333,8.687999999999999,39.25925925925926,6.444444444444445,13.4,971.946,SITE 3,EXT
2025-12-20 14:00:00,20.833833333333335,16.58833333333333,10.167,41.68518518518519,6.5,11.6,971.0606666666666,SITE 3,EXT
2025-12-20 15:00:00,22.846166666666665,18.30366666666667,11.446166666666667,42.666666666666664,6.277777777777778,11.033333333333333,970.3776666666668,SITE 3,EXT
2025-12-20 16:00:00,28.221166666666665,22.995,14.4615,42.03703703703704,6.351851851851852,11.266666666666667,970.4256666666666,SITE 3,EXT
2025-12-20 17:00:00,59.29774193548387,48.475322580645155,29.89548387096774,38.47670250896058,7.078853046594983,14.64516129032258,970.7293548387097,SITE 3,EXT
2025-12-20 18:00:00,340.69,315.6453125,170.665,36.00694444444445,8.4375,18.375,971.016875,SITE 3,EXT
2025-12-21 07:00:00,270.57875,234.0,138.32999999999998,23.194444444444446,10.277777777777779,44.25,972.465,SITE 3,EXT
2025-12-21 08:00:00,157.30066666666667,143.32666666666668,89.40466666666666,26.62962962962963,9.481481481481483,34.266666666666666,972.9173333333333,SITE 3,EXT
2025-12-21 09:00:00,112.3395,102.37675,65.6125,28.97222222222222,7.861111111111112,26.6,973.001,SITE 3,EXT
2025-12-22 17:00:00,43.945,36.6575,24.025,37.22222222222223,7.777777777777779,16.5,970.0450000000001,SITE 3,EXT
2025-12-22 18:00:00,56.60793103448275,51.92362068965517,36.23931034482759,35.440613026819925,8.180076628352491,18.586206896551722,970.4175862068965,SITE 3,EXT
2025-12-22 19:00:00,110.22,103.3465,67.89216666666667,34.61111111111111,9.24074074074074,21.066666666666666,971.0286666666667,SITE 3,EXT
2025-12-22 20:00:00,189.40333333333334,178.89516666666668,105.13316666666667,33.574074074074076,9.62962962962963,22.9,971.966,SITE 3,EXT
2025-12-22 21:00:00,233.82683333333335,209.74800000000002,105.47566666666667,32.44444444444444,11.74074074074074,28.3,972.668,SITE 3,EXT
2025-12-22 22:00:00,219.92225806451614,195.22096774193548,96.15903225806451,31.559139784946236,12.240143369175629,30.774193548387096,972.6470967741936,SITE 3,EXT
2025-12-22 23:00:00,134.00266666666667,120.38933333333333,67.51433333333334,30.222222222222225,12.351851851851853,33.63333333333333,972.5326666666666,SITE 3,EXT
2025-12-23 00:00:00,51.01,43.85,27.470666666666666,30.01851851851852,9.833333333333334,28.733333333333334,972.1886666666667,SITE 3,EXT
2025-12-23 01:00:00,78.402,70.393,42.63966666666667,29.092592592592595,12.38888888888889,36.03333333333333,971.528,SITE 3,EXT
2025-12-23 02:00:00,56.93083333333333,51.309666666666665,32.786500000000004,28.425925925925927,12.574074074074074,37.96666666666667,970.8403333333333,SITE 3,EXT
2025-12-23 03:00:00,49.28816666666667,44.73800000000001,28.872833333333332,27.75925925925926,12.574074074074074,39.36666666666667,970.7103333333333,SITE 3,EXT
2025-12-23 04:00:00,40.39,35.56516666666666,23.834999999999997,26.75925925925926,12.796296296296298,42.266666666666666,970.982,SITE 3,EXT
2025-12-23 05:00:00,43.663000000000004,36.88183333333333,24.4115,25.75925925925926,11.648148148148149,41.6,971.372,SITE 3,EXT
2025-12-23 06:00:00,39.943225806451615,34.523870967741935,23.504677419354838,25.627240143369175,11.397849462365592,41.193548387096776,971.9790322580644,SITE 3,EXT
2025-12-23 07:00:00,69.81333333333333,63.435500000000005,41.03066666666667,26.092592592592595,11.462962962962964,40.2,972.664,SITE 3,EXT
2025-12-23 08:00:00,73.39483333333332,67.4815,44.911500000000004,27.53703703703704,10.88888888888889,35.666666666666664,973.1903333333333,SITE 3,EXT
2025-12-23 09:00:00,28.203166666666668,23.228333333333335,15.716666666666667,28.98148148148148,9.425925925925926,29.6,973.3333333333334,SITE 3,EXT
2025-12-23 10:00:00,20.584166666666665,18.044,11.947000000000001,30.962962962962965,9.074074074074074,25.666666666666668,972.9846666666667,SITE 3,EXT
2025-12-23 11:00:00,18.4635,15.895666666666667,11.179833333333333,33.03703703703704,9.092592592592592,22.8,972.3449999999999,SITE 3,EXT
2025-12-23 12:00:00,21.621,18.537333333333333,12.788499999999999,35.092592592592595,9.092592592592592,20.333333333333332,971.431,SITE 3,EXT
2025-12-23 13:00:00,13.861333333333333,12.385,9.122166666666667,36.592592592592595,7.9259259259259265,17.333333333333332,970.5993333333333,SITE 3,EXT
2025-12-23 14:00:00,12.461935483870967,11.234516129032258,8.399999999999999,37.45519713261648,6.971326164874552,15.35483870967742,969.8432258064516,SITE 3,EXT
2025-12-23 15:00:00,15.661666666666667,13.829,10.0855,37.666666666666664,7.074074074074074,15.2,969.4293333333334,SITE 3,EXT
2025-12-23 16:00:00,25.229499999999998,20.456,13.4315,37.648148148148145,7.018518518518519,15.1,969.775,SITE 3,EXT
2025-12-23 17:00:00,46.48016666666667,40.448166666666665,25.562833333333334,36.92592592592593,8.222222222222223,17.266666666666666,970.3006666666666,SITE 3,EXT
2025-12-23 18:00:00,141.443,134.05083333333334,78.28866666666666,35.851851851851855,9.018518518518517,19.366666666666667,970.846,SITE 3,EXT
2025-12-23 19:00:00,139.65583333333333,131.263,82.86433333333333,34.98148148148148,10.166666666666666,22.1,971.744,SITE 3,EXT
2025-12-23 20:00:00,197.26600000000002,180.02933333333334,93.09733333333334,33.166666666666664,12.277777777777779,28.233333333333334,972.5120000000001,SITE 3,EXT
2025-12-23 21:00:00,126.15516129032258,115.89403225806453,69.65354838709678,32.168458781362006,12.258064516129034,30.032258064516128,972.9629032258064,SITE 3,EXT
2025-12-23 22:00:00,120.2045,110.0055,65.59733333333334,31.222222222222225,12.62962962962963,32.2,973.0319999999999,SITE 3,EXT
2025-12-23 23:00:00,96.3325,88.26783333333333,55.355000000000004,30.0,12.925925925925927,35.3,972.7316666666667,SITE 3,EXT
2025-12-24 00:00:00,125.66416666666667,116.22583333333334,73.91550000000001,29.722222222222225,13.185185185185187,36.5,972.5546666666667,SITE 3,EXT
2025-12-24 01:00:00,97.05816666666666,89.10266666666666,57.137166666666666,28.88888888888889,12.574074074074074,36.766666666666666,972.2626666666667,SITE 3,EXT
2025-12-24 02:00:00,62.96483333333333,57.80533333333334,37.71266666666667,28.592592592592595,11.796296296296298,35.43333333333333,971.7206666666666,SITE 3,EXT
2025-12-24 03:00:00,59.04216666666667,53.983333333333334,35.03366666666667,28.166666666666668,12.185185185185187,37.266666666666666,971.3383333333334,SITE 3,EXT
2025-12-24 04:00:00,65.737,60.43683333333333,39.12166666666667,27.462962962962965,12.24074074074074,39.1,971.5233333333333,SITE 3,EXT
2025-12-24 05:00:00,74.74870967741936,68.0824193548387,43.22709677419355,26.093189964157705,12.258064516129032,42.45161290322581,972.3074193548387,SITE 3,EXT
2025-12-24 06:00:00,80.77716666666667,72.98283333333333,46.671166666666664,25.296296296296298,12.314814814814815,44.666666666666664,973.0436666666667,SITE 3,EXT
2025-12-24 07:00:00,108.34883333333333,100.68416666666667,63.686,25.64814814814815,12.277777777777779,43.63333333333333,973.349,SITE 3,EXT
2025-12-24 08:00:00,131.35033333333334,123.0565,74.643,26.925925925925927,12.185185185185187,40.266666666666666,973.9953333333334,SITE 3,EXT
2025-12-24 09:00:00,33.405,27.758,19.284499999999998,29.666666666666668,10.777777777777777,31.166666666666668,974.0346666666667,SITE 3,EXT
2025-12-24 10:00:00,28.514666666666667,22.895666666666667,15.595666666666666,31.90740740740741,12.333333333333334,30.366666666666667,973.4196666666667,SITE 3,EXT
2025-12-24 11:00:00,24.061,19.35666666666667,13.4845,33.90740740740741,12.38888888888889,27.233333333333334,972.626,SITE 3,EXT
2025-12-24 12:00:00,21.529677419354837,17.50225806451613,12.225000000000001,35.7168458781362,13.49462365591398,26.29032258064516,971.4300000000001,SITE 3,EXT
2025-12-24 13:00:00,20.804333333333332,17.023,11.9545,37.18518518518519,14.0,25.133333333333333,970.346,SITE 3,EXT
2025-12-24 14:00:00,20.521666666666665,16.986666666666668,11.986666666666668,38.092592592592595,13.055555555555555,22.466666666666665,969.4853333333334,SITE 3,EXT
2025-12-24 15:00:00,21.307833333333335,17.43,12.232,38.64814814814815,12.925925925925927,21.6,969.1036666666666,SITE 3,EXT
2025-12-24 16:00:00,24.80366666666667,20.075166666666668,13.794666666666666,38.5,13.555555555555555,22.733333333333334,969.1843333333333,SITE 3,EXT
2025-12-24 17:00:00,27.512333333333334,21.84783333333333,15.147666666666668,37.96296296296296,13.314814814814815,23.1,969.7819999999999,SITE 3,EXT
2025-12-24 18:00:00,38.6695,33.14666666666667,23.2815,36.57407407407408,14.518518518518517,27.0,970.3520000000001,SITE 3,EXT
2025-12-24 19:00:00,39.34066666666667,34.232166666666664,23.387166666666666,35.46296296296296,15.407407407407408,30.433333333333334,970.9916666666667,SITE 3,EXT
2025-12-24 20:00:00,34.663870967741936,27.798709677419353,18.845967741935485,34.21146953405018,16.541218637992834,35.12903225806452,971.913870967742,SITE 3,EXT
2025-12-24 21:00:00,32.11266666666667,25.149166666666666,17.0215,33.27777777777778,17.12962962962963,38.266666666666666,972.6659999999999,SITE 3,EXT
2025-12-24 22:00:00,30.859666666666666,24.133666666666667,16.221999999999998,32.53703703703704,17.203703703703702,40.333333333333336,972.7116666666666,SITE 3,EXT
2025-12-24 23:00:00,33.062,26.053333333333335,17.5375,31.740740740740744,17.22222222222222,41.86666666666667,972.6516666666666,SITE 3,EXT
2025-12-25 00:00:00,38.751999999999995,33.9525,23.07633333333333,31.425925925925927,17.203703703703702,43.06666666666667,972.5946666666666,SITE 3,EXT
2025-12-25 01:00:00,36.02633333333333,29.701999999999998,20.0255,30.75925925925926,17.203703703703702,44.666666666666664,972.1366666666667,SITE 3,EXT
2025-12-25 02:00:00,33.66416666666667,26.615833333333335,18.209166666666665,29.75925925925926,17.22222222222222,47.06666666666667,971.8466666666667,SITE 3,EXT
2025-12-25 03:00:00,35.7355,29.141166666666667,19.868166666666664,29.351851851851855,17.14814814814815,48.2,971.8330000000001,SITE 3,EXT
2025-12-25 04:00:00,42.42580645161291,37.645,25.065806451612904,29.014336917562723,17.204301075268816,48.935483870967744,972.0670967741936,SITE 3,EXT
2025-12-25 05:00:00,38.9065,33.655833333333334,22.520166666666668,28.462962962962965,16.796296296296298,49.96666666666667,972.6329999999999,SITE 3,EXT
2025-12-25 06:00:00,80.0595,74.222,48.326,28.222222222222225,17.0,50.9,973.0740000000001,SITE 3,EXT
2025-12-25 07:00:00,74.27,68.70716666666667,44.48616666666667,28.555555555555557,17.037037037037035,50.266666666666666,973.7986666666667,SITE 3,EXT
2025-12-25 08:00:00,40.29416666666667,34.36,22.856166666666663,29.25925925925926,18.222222222222225,51.8,974.5086666666666,SITE 3,EXT
2025-12-25 09:00:00,30.205499999999997,23.823,16.142,30.333333333333332,19.462962962962965,52.6,974.5166666666667,SITE 3,EXT
2025-12-25 10:00:00,73.4105,60.80216666666667,26.927666666666667,32.22222222222222,19.40740740740741,47.06666666666667,974.2053333333333,SITE 3,EXT
2025-12-25 11:00:00,28.821666666666665,23.08566666666667,15.645666666666667,34.12962962962963,18.5,40.1,973.5036666666667,SITE 3,EXT
2025-12-25 12:00:00,28.368870967741934,22.602580645161293,15.571129032258064,35.98566308243728,17.652329749103945,34.12903225806452,972.5451612903227,SITE 3,EXT
2025-12-25 13:00:00,26.762,21.4715,14.806166666666666,36.98148148148149,16.90740740740741,30.633333333333333,971.5003333333333,SITE 3,EXT
2025-12-25 14:00:00,26.332,21.097666666666665,14.547666666666666,37.53703703703704,16.37037037037037,28.733333333333334,970.5903333333333,SITE 3,EXT
2025-12-25 15:00:00,26.9395,21.521,14.8485,37.27777777777778,16.0,28.5,970.2833333333333,SITE 3,EXT
2025-12-25 16:00:00,33.888666666666666,27.92366666666667,18.99833333333333,37.166666666666664,15.796296296296298,28.4,970.743,SITE 3,EXT
2025-12-25 17:00:00,40.05783333333333,34.406,24.205499999999997,37.166666666666664,15.685185185185187,28.133333333333333,971.3016666666666,SITE 3,EXT
2025-12-25 18:00:00,54.37566666666667,49.61466666666667,33.9295,36.40740740740741,16.5,30.9,971.921,SITE 3,EXT
2025-12-25 19:00:00,72.01616666666668,67.82916666666667,47.48516666666667,35.64814814814815,16.59259259259259,32.666666666666664,972.6213333333333,SITE 3,EXT
2025-12-25 20:00:00,53.02596774193549,47.97016129032258,32.94016129032258,34.892473118279575,16.559139784946236,33.806451612903224,973.3845161290322,SITE 3,EXT
2025-12-25 21:00:00,48.62416666666666,44.201,29.693500000000004,34.25925925925926,16.62962962962963,35.266666666666666,973.8446666666666,SITE 3,EXT
2025-12-25 22:00:00,69.85183333333333,64.39133333333334,42.24483333333333,33.351851851851855,16.5,36.833333333333336,973.8176666666666,SITE 3,EXT
2025-12-25 23:00:00,34.4105,27.448333333333334,18.76516666666667,32.72222222222222,15.666666666666668,36.0,973.4213333333333,SITE 3,EXT
2025-12-26 00:00:00,33.47983333333333,26.398333333333333,17.903333333333332,32.0,15.62962962962963,37.46666666666667,972.9683333333334,SITE 3,EXT
2025-12-26 01:00:00,50.604166666666664,44.82083333333333,28.661166666666666,31.12962962962963,16.814814814814817,42.833333333333336,972.5346666666667,SITE 3,EXT
2025-12-26 02:00:00,45.94766666666667,42.07783333333334,27.705,30.462962962962965,16.77777777777778,44.03333333333333,972.215,SITE 3,EXT
2025-12-26 03:00:00,55.43783333333333,50.67633333333333,32.21216666666667,30.055555555555554,17.092592592592595,46.0,972.1516666666666,SITE 3,EXT
2025-12-26 04:00:00,54.20870967741936,49.524677419354845,31.350483870967743,29.444444444444446,17.22222222222222,47.70967741935484,972.4132258064517,SITE 3,EXT
2025-12-26 05:00:00,47.39683333333333,42.93183333333333,28.450666666666667,28.666666666666668,16.962962962962965,49.4,972.8446666666666,SITE 3,EXT
2025-12-26 06:00:00,59.6975,54.977,36.41566666666667,28.555555555555557,16.444444444444446,48.3,973.3456666666666,SITE 3,EXT
2025-12-26 07:00:00,59.17616666666667,54.449333333333335,35.94416666666667,28.703703703703702,16.59259259259259,48.56666666666667,974.078,SITE 3,EXT
2025-12-26 08:00:00,43.51566666666667,38.449,25.784166666666668,29.537037037037035,17.314814814814817,48.13333333333333,974.8583333333333,SITE 3,EXT
2025-12-26 09:00:00,97.11483333333334,76.57833333333333,31.107666666666667,31.074074074074076,18.444444444444446,47.5,975.0776666666667,SITE 3,EXT
2025-12-26 10:00:00,31.169500000000003,24.778333333333332,16.744833333333336,32.92592592592593,18.27777777777778,42.166666666666664,974.759,SITE 3,EXT
2025-12-26 11:00:00,28.733064516129033,22.693548387096776,15.441612903225806,34.40860215053764,16.379928315412187,34.25806451612903,974.2087096774194,SITE 3,EXT
2025-12-26 12:00:00,29.9935,23.689,16.203,35.37037037037037,16.574074074074073,32.93333333333333,973.4126666666667,SITE 3,EXT
2025-12-26 13:00:00,27.31116666666667,21.870333333333335,15.1345,36.74074074074075,14.75925925925926,27.2,972.58,SITE 3,EXT
2025-12-26 14:00:00,24.347666666666665,19.764499999999998,13.823666666666666,37.666666666666664,12.333333333333334,21.933333333333334,971.8803333333333,SITE 3,EXT
2025-12-26 15:00:00,26.029666666666667,22.4255,15.129,38.092592592592595,9.0,17.033333333333335,971.509,SITE 3,EXT
2025-12-26 16:00:00,24.790833333333335,20.791166666666665,14.864166666666668,38.2037037037037,8.555555555555555,16.366666666666667,971.3786666666667,SITE 3,EXT
2025-12-26 17:00:00,57.254333333333335,51.69566666666667,32.431333333333335,37.55555555555556,8.851851851851851,17.533333333333335,971.6800000000001,SITE 3,EXT
2025-12-26 18:00:00,86.52233333333334,79.61,53.73683333333334,36.64814814814815,11.277777777777779,21.666666666666668,972.112,SITE 3,EXT
2025-12-26 19:00:00,114.00161290322582,104.71274193548386,66.62516129032258,35.50179211469534,11.827956989247312,24.0,972.934193548387,SITE 3,EXT
2025-12-26 20:00:00,170.631,157.53316666666666,93.28183333333332,34.46296296296296,13.055555555555555,27.566666666666666,973.723,SITE 3,EXT
2025-12-26 21:00:00,136.2905,125.37483333333333,76.5505,33.31481481481482,14.574074074074074,32.43333333333333,974.2270000000001,SITE 3,EXT
2025-12-26 22:00:00,81.56316666666666,74.75433333333334,48.12733333333333,32.2962962962963,13.148148148148149,31.5,974.2303333333333,SITE 3,EXT
2025-12-26 23:00:00,67.71133333333334,61.90933333333333,40.318333333333335,31.666666666666668,14.037037037037038,34.43333333333333,973.7783333333333,SITE 3,EXT
2025-12-27 00:00:00,44.33,38.675,26.044666666666668,31.27777777777778,16.0,40.166666666666664,973.33,SITE 3,EXT
2025-12-27 01:00:00,50.721333333333334,44.85316666666667,29.514166666666664,30.5,17.074074074074076,44.63333333333333,972.6946666666666,SITE 3,EXT
2025-12-27 02:00:00,58.220166666666664,53.59066666666667,35.60516666666667,30.12962962962963,16.574074074074073,44.666666666666664,972.0523333333333,SITE 3,EXT
2025-12-27 03:00:00,33.41677419354839,27.594677419354838,18.84758064516129,29.89247311827957,17.706093189964157,48.483870967741936,972.028064516129,SITE 3,EXT
2025-12-27 04:00:00,32.3555,25.597166666666666,17.368333333333332,29.444444444444446,16.48148148148148,45.96666666666667,972.626,SITE 3,EXT
2025-12-27 05:00:00,39.3,33.1135,22.084,29.166666666666668,15.592592592592592,44.13333333333333,973.1213333333333,SITE 3,EXT
2025-12-27 06:00:00,57.472166666666666,51.092333333333336,32.77466666666667,29.074074074074076,14.333333333333334,41.03333333333333,973.6143333333333,SITE 3,EXT
2025-12-27 07:00:00,69.86716666666666,64.34433333333332,42.466499999999996,28.85185185185185,14.148148148148149,40.86666666666667,974.3870000000001,SITE 3,EXT
2025-12-27 08:00:00,60.277833333333334,50.501,26.293999999999997,29.12962962962963,11.833333333333334,34.5,975.321,SITE 3,EXT
2025-12-27 09:00:00,83.87933333333334,76.02633333333333,41.63733333333334,30.166666666666668,12.777777777777779,34.43333333333333,975.3086666666666,SITE 3,EXT
2025-12-27 10:00:00,31.831666666666667,25.666166666666665,17.386666666666667,32.24074074074074,14.703703703703704,34.733333333333334,974.7363333333334,SITE 3,EXT
2025-12-27 11:00:00,24.368387096774192,19.676774193548386,13.622741935483871,34.13978494623657,13.49462365591398,28.903225806451612,974.3261290322581,SITE 3,EXT
2025-12-27 12:00:00,17.523000000000003,15.257,10.99,35.55555555555556,9.24074074074074,20.033333333333335,973.4036666666667,SITE 3,EXT
2025-12-27 13:00:00,13.522333333333334,12.453333333333335,9.389666666666667,36.333333333333336,6.777777777777778,16.1,972.3976666666666,SITE 3,EXT
2025-12-27 14:00:00,13.665,12.532,9.5245,37.37037037037037,6.25925925925926,14.7,971.5183333333333,SITE 3,EXT
2025-12-27 15:00:00,14.454166666666667,13.093833333333333,9.826333333333334,37.77777777777778,6.0925925925925934,14.033333333333333,971.0930000000001,SITE 3,EXT
2025-12-27 16:00:00,19.5665,16.622666666666667,11.789166666666667,37.57407407407407,6.185185185185186,14.3,971.3373333333333,SITE 3,EXT
2025-12-27 17:00:00,46.45483333333333,41.989000000000004,29.92866666666667,37.092592592592595,7.333333333333333,16.033333333333335,971.6456666666667,SITE 3,EXT
2025-12-27 18:00:00,133.66983333333334,124.18166666666666,72.96266666666666,36.07407407407408,9.222222222222223,19.466666666666665,972.203,SITE 3,EXT
2025-12-27 19:00:00,120.50870967741936,109.18451612903225,66.2258064516129,35.12544802867384,10.017921146953405,21.612903225806452,972.8145161290323,SITE 3,EXT
2025-12-27 20:00:00,102.51266666666668,92.84966666666668,59.6235,34.05555555555556,10.814814814814815,24.3,973.7096666666667,SITE 3,EXT
2025-12-27 21:00:00,128.77733333333333,115.383,68.77166666666668,33.01851851851852,12.74074074074074,29.2,974.1803333333334,SITE 3,EXT
2025-12-27 22:00:00,125.36116666666666,112.51383333333334,66.85549999999999,31.925925925925927,13.25925925925926,32.1,974.3863333333334,SITE 3,EXT
2025-12-27 23:00:00,88.48833333333333,79.6515,49.659,30.814814814814817,12.870370370370372,33.733333333333334,974.1593333333333,SITE 3,EXT
2025-12-28 00:00:00,62.318,56.6715,37.69583333333333,30.425925925925927,10.833333333333334,29.966666666666665,973.9736666666666,SITE 3,EXT
2025-12-28 01:00:00,32.746833333333335,26.021,17.681833333333334,29.48148148148148,9.87037037037037,29.433333333333334,973.8626666666667,SITE 3,EXT
2025-12-28 02:00:00,41.44983333333333,36.36816666666667,24.560333333333332,28.48148148148148,11.407407407407408,34.833333333333336,973.4093333333333,SITE 3,EXT
2025-12-28 03:00:00,49.321451612903225,44.49677419354839,29.17048387096774,27.22222222222222,11.899641577060933,38.70967741935484,973.1803225806451,SITE 3,EXT
2025-12-28 04:00:00,46.00083333333334,41.475,27.428,27.222222222222225,11.611111111111112,38.166666666666664,973.258,SITE 3,EXT
2025-12-28 05:00:00,61.67216666666666,55.8755,36.16166666666666,26.444444444444446,12.777777777777779,43.233333333333334,973.5223333333334,SITE 3,EXT
2025-12-28 06:00:00,92.24916666666667,84.836,54.07450000000001,26.0,12.759259259259261,43.8,973.9726666666667,SITE 3,EXT
2025-12-28 07:00:00,122.97183333333334,113.60366666666667,68.25733333333334,25.85185185185185,12.462962962962964,43.86666666666667,974.7363333333334,SITE 3,EXT
2025-12-28 08:00:00,488.62583333333333,404.7626666666667,121.12383333333334,27.666666666666668,11.925925925925927,37.8,975.4976666666666,SITE 3,EXT
2025-12-28 09:00:00,69.59616666666668,63.539,37.747166666666665,29.796296296296298,8.277777777777779,26.266666666666666,975.4726666666667,SITE 3,EXT
2025-12-28 10:00:00,19.081500000000002,16.311833333333333,11.284333333333333,31.722222222222225,5.981481481481482,19.8,975.0116666666667,SITE 3,EXT
2025-12-28 11:00:00,15.569354838709677,13.771935483870967,9.974193548387097,33.297491039426525,5.770609318996415,17.806451612903224,974.1774193548387,SITE 3,EXT
2025-12-28 12:00:00,25.272,22.242666666666665,16.848,35.166666666666664,5.055555555555555,15.3,973.0723333333333,SITE 3,EXT
2025-12-28 13:00:00,14.952499999999999,13.076666666666666,10.030166666666666,36.31481481481482,4.185185185185186,13.233333333333333,972.1513333333334,SITE 3,EXT
2025-12-28 14:00:00,13.726166666666668,12.073833333333333,9.184833333333334,36.51851851851852,4.240740740740741,13.1,971.3729999999999,SITE 3,EXT
2025-12-28 15:00:00,12.698666666666666,11.260833333333332,8.542833333333334,37.18518518518519,4.851851851851851,13.266666666666667,971.0746666666668,SITE 3,EXT
2025-12-28 16:00:00,14.948833333333335,12.931666666666667,9.474166666666667,36.777777777777786,4.740740740740741,13.6,971.3983333333333,SITE 3,EXT
2025-12-28 17:00:00,26.834833333333332,21.704,14.821,36.2962962962963,5.703703703703704,14.966666666666667,971.848,SITE 3,EXT
2025-12-28 18:00:00,106.44066666666666,98.67833333333333,64.42233333333334,35.351851851851855,7.037037037037037,17.466666666666665,972.247,SITE 3,EXT
2025-12-28 19:00:00,83.3683870967742,76.10032258064517,50.12983870967742,34.31899641577061,7.724014336917564,19.258064516129032,972.9003225806451,SITE 3,EXT
2025-12-28 20:00:00,109.55283333333334,98.6465,61.813333333333325,33.31481481481482,9.370370370370372,23.0,973.5903333333333,SITE 3,EXT
2025-12-28 21:00:00,147.57150000000001,134.05583333333334,79.41066666666667,31.962962962962965,11.203703703703704,28.2,973.9596666666667,SITE 3,EXT
2025-12-28 22:00:00,142.8115,129.804,77.89016666666666,31.203703703703706,11.037037037037036,29.0,974.1013333333334,SITE 3,EXT
2025-12-28 23:00:00,144.72933333333333,129.786,74.87383333333334,30.240740740740744,12.5,33.766666666666666,973.955,SITE 3,EXT
2025-12-29 00:00:00,114.75666666666666,104.16033333333333,63.158833333333334,29.222222222222225,12.51851851851852,35.8,973.8266666666666,SITE 3,EXT
2025-12-29 01:00:00,78.15816666666666,71.00533333333333,45.24016666666667,28.425925925925927,12.12962962962963,36.7,973.5120000000001,SITE 3,EXT
2025-12-29 02:00:00,61.666000000000004,56.330333333333336,36.964000000000006,26.75925925925926,12.12962962962963,40.5,973.125,SITE 3,EXT
2025-12-29 03:00:00,47.78064516129032,43.244354838709675,28.91564516129032,26.00358422939068,11.451612903225806,40.54838709677419,973.2990322580646,SITE 3,EXT
2025-12-29 04:00:00,39.551500000000004,34.4305,23.448500000000003,25.53703703703704,11.314814814814815,41.333333333333336,973.3456666666666,SITE 3,EXT
2025-12-29 05:00:00,51.50183333333334,47.144666666666666,31.584333333333333,25.25925925925926,11.703703703703704,43.13333333333333,973.734,SITE 3,EXT
2025-12-29 06:00:00,80.89450000000001,72.5615,46.45683333333333,24.722222222222225,11.759259259259261,44.63333333333333,974.3979999999999,SITE 3,EXT
2025-12-29 07:00:00,97.08516666666667,89.49733333333333,58.2,24.87037037037037,11.981481481481483,44.93333333333333,975.1696666666667,SITE 3,EXT
2025-12-29 08:00:00,533.2261666666667,311.51616666666666,92.555,26.48148148148148,12.296296296296298,41.6,975.9333333333333,SITE 3,EXT
2025-12-29 09:00:00,78.26416666666667,66.87366666666667,32.94316666666666,28.90740740740741,8.74074074074074,28.433333333333334,976.0736666666667,SITE 3,EXT
2025-12-29 10:00:00,21.859166666666667,18.187833333333334,12.462666666666667,31.14814814814815,6.666666666666667,21.7,975.5956666666666,SITE 3,EXT
2025-12-29 11:00:00,17.46451612903226,15.139677419354838,11.050161290322581,33.31541218637993,6.236559139784947,18.387096774193548,974.5964516129033,SITE 3,EXT
2025-12-29 12:00:00,14.485833333333334,12.460833333333333,9.357,35.7037037037037,5.87037037037037,15.766666666666667,973.5476666666667,SITE 3,EXT
2025-12-29 13:00:00,13.078333333333335,11.852666666666666,9.124833333333333,37.25925925925926,5.111111111111112,13.6,972.5223333333332,SITE 3,EXT
2025-12-29 14:00:00,11.849166666666667,11.0755,8.657666666666668,38.14814814814815,4.888888888888888,12.666666666666666,971.581,SITE 3,EXT
2025-12-29 15:00:00,15.553833333333333,14.131333333333334,10.7125,38.46296296296296,4.722222222222222,12.2,970.9933333333333,SITE 3,EXT
2025-12-29 16:00:00,19.612666666666666,16.76983333333333,12.230166666666666,38.40740740740741,5.166666666666667,12.9,970.9216666666667,SITE 3,EXT
2025-12-29 17:00:00,25.950166666666668,20.8605,14.7955,38.24074074074074,6.185185185185186,13.9,971.159,SITE 3,EXT
2025-12-29 18:00:00,59.95633333333333,54.20816666666667,37.28816666666667,37.07407407407407,8.074074074074074,17.0,971.794,SITE 3,EXT
2025-12-29 19:00:00,277.54129032258066,257.50274193548387,125.79806451612903,35.26881720430108,10.053763440860216,21.451612903225808,972.5570967741936,SITE 3,EXT
2025-12-29 20:00:00,150.59033333333335,139.98149999999998,86.87916666666666,33.88888888888889,10.444444444444445,23.833333333333332,973.5886666666667,SITE 3,EXT
2025-12-29 21:00:00,118.15183333333333,108.8695,69.71516666666666,33.2962962962963,10.907407407407408,25.466666666666665,974.3456666666666,SITE 3,EXT
2025-12-29 22:00:00,61.77766666666666,55.975833333333334,37.86216666666667,31.925925925925927,10.88888888888889,27.6,974.8163333333334,SITE 3,EXT
2025-12-29 23:00:00,36.080333333333336,30.2065,21.261333333333333,31.53703703703704,13.203703703703704,32.9,974.7653333333333,SITE 3,EXT
2025-12-30 00:00:00,36.4385,30.564833333333333,21.247666666666667,31.111111111111118,14.833333333333334,37.56666666666667,974.5383333333334,SITE 3,EXT
2025-12-30 01:00:00,33.038666666666664,27.002166666666668,18.794,30.592592592592595,15.481481481481483,40.3,973.7803333333334,SITE 3,EXT
2025-12-30 02:00:00,49.366,44.5535,28.877166666666668,29.85185185185185,15.592592592592593,42.43333333333333,973.143,SITE 3,EXT
2025-12-30 03:00:00,44.87866666666666,40.495333333333335,26.6605,28.685185185185187,15.0,43.5,973.3096666666667,SITE 3,EXT
2025-12-30 04:00:00,36.267,30.164166666666667,20.763166666666667,28.388888888888893,15.12962962962963,44.43333333333333,973.6759999999999,SITE 3,EXT
2025-12-30 05:00:00,45.162666666666674,41.044666666666664,27.659499999999998,27.740740740740744,15.055555555555555,45.86666666666667,974.194,SITE 3,EXT
2025-12-30 06:00:00,53.47266666666667,48.939,33.2945,27.203703703703706,15.166666666666666,48.1,974.841,SITE 3,EXT
2025-12-30 07:00:00,85.10583333333334,79.4665,51.419666666666664,27.388888888888893,16.055555555555557,50.43333333333333,975.8726666666666,SITE 3,EXT
2025-12-30 08:00:00,111.65599999999999,104.43266666666666,60.962666666666664,28.722222222222225,17.61111111111111,51.4,976.5196666666667,SITE 3,EXT
2025-12-30 09:00:00,195.506,175.6906666666667,75.68366666666667,30.61111111111111,18.53703703703704,48.833333333333336,976.4666666666667,SITE 3,EXT
2025-12-30 10:00:00,74.02983333333333,61.308166666666665,29.262333333333334,32.7037037037037,18.64814814814815,43.5,976.3146666666667,SITE 3,EXT
2025-12-30 11:00:00,32.13283333333333,25.3995,17.324666666666666,34.31481481481481,17.98148148148148,38.333333333333336,975.8453333333333,SITE 3,EXT
2025-12-30 12:00:00,34.644354838709674,27.76435483870968,18.404193548387095,36.075268817204304,17.473118279569892,33.61290322580645,974.9822580645161,SITE 3,EXT
2025-12-30 13:00:00,32.57333333333334,25.843,17.978833333333334,37.2962962962963,16.444444444444446,29.366666666666667,973.9590000000001,SITE 3,EXT
2025-12-30 14:00:00,30.893833333333337,24.653166666666667,17.28666666666667,37.851851851851855,16.037037037037038,27.733333333333334,973.1903333333333,SITE 3,EXT
2025-12-30 15:00:00,30.654310344827586,24.485689655172415,17.349137931034484,38.582375478927204,15.574712643678161,25.862068965517242,972.9255172413793,SITE 3,EXT
2025-12-30 16:00:00,30.362833333333334,24.1585,17.0435,38.14814814814815,13.944444444444446,23.7,972.971,SITE 3,EXT
2025-12-30 17:00:00,33.3245,27.052666666666667,19.747166666666665,37.648148148148145,14.537037037037038,25.333333333333332,973.2676666666666,SITE 3,EXT
2025-12-30 18:00:00,52.94133333333333,48.573166666666665,33.969500000000004,37.53703703703704,15.481481481481483,27.1,973.6736666666667,SITE 3,EXT
2025-12-30 19:00:00,68.69733333333333,63.281166666666664,42.166666666666664,36.592592592592595,16.11111111111111,29.8,974.4133333333334,SITE 3,EXT
2025-12-30 20:00:00,38.119166666666665,32.873666666666665,22.954166666666666,35.2037037037037,16.444444444444446,32.766666666666666,975.4013333333334,SITE 3,EXT
2025-12-30 21:00:00,45.28216666666666,41.37266666666667,28.313166666666667,34.51851851851852,16.666666666666668,34.63333333333333,975.7706666666667,SITE 3,EXT
2025-12-30 22:00:00,69.144,63.12316666666666,40.97833333333333,33.53703703703704,17.14814814814815,37.8,975.609,SITE 3,EXT
2025-12-30 23:00:00,39.274833333333326,32.76266666666667,22.336666666666666,32.27777777777778,16.925925925925927,40.166666666666664,975.3629999999999,SITE 3,EXT
2025-12-31 00:00:00,35.51564516129033,29.536774193548386,20.42306451612903,31.379928315412187,17.365591397849464,43.25806451612903,975.0541935483872,SITE 3,EXT
2025-12-31 01:00:00,35.70766666666667,29.941,20.91916666666667,30.90740740740741,17.77777777777778,45.63333333333333,974.3316666666667,SITE 3,EXT
2025-12-31 02:00:00,37.3115,32.44733333333333,22.25433333333333,30.53703703703704,17.85185185185185,47.233333333333334,973.995,SITE 3,EXT
2025-12-31 03:00:00,36.64116666666666,30.972166666666666,20.910166666666665,29.77777777777778,17.740740740740744,48.733333333333334,973.6306666666666,SITE 3,EXT
2025-12-31 04:00:00,34.44316666666667,27.6905,18.805999999999997,29.25925925925926,17.75925925925926,50.36666666666667,973.7616666666667,SITE 3,EXT
2025-12-31 05:00:00,42.946000000000005,39.213,26.478666666666665,28.314814814814817,17.38888888888889,52.06666666666667,974.2316666666667,SITE 3,EXT
2025-12-31 06:00:00,79.34549999999999,71.7325,45.705666666666666,28.185185185185187,17.62962962962963,53.166666666666664,974.4576666666667,SITE 3,EXT
2025-12-31 07:00:00,88.126,82.59750000000001,52.408,28.40740740740741,18.685185185185183,56.166666666666664,975.206,SITE 3,EXT
2025-12-31 08:00:00,146.84483333333336,124.416,54.38816666666666,28.888888888888893,19.240740740740744,56.6,976.196,SITE 3,EXT
2025-12-31 09:00:00,248.36499999999998,206.81216666666666,71.35983333333334,30.925925925925927,19.48148148148148,51.13333333333333,976.2276666666668,SITE 3,EXT
2025-12-31 10:00:00,30.738666666666667,24.521666666666665,16.67383333333333,33.03703703703704,19.203703703703706,44.333333333333336,975.8389999999999,SITE 3,EXT
2025-12-31 11:00:00,30.627833333333335,24.267999999999997,16.542166666666667,34.666666666666664,18.092592592592595,37.7,975.161,SITE 3,EXT
2025-12-31 12:00:00,37.797000000000004,31.983333333333334,20.9975,36.333333333333336,16.62962962962963,31.333333333333332,974.2233333333334,SITE 3,EXT
2025-12-31 13:00:00,29.9025,25.014833333333332,18.251166666666666,37.648148148148145,13.666666666666666,24.033333333333335,973.205,SITE 3,EXT
2025-12-31 14:00:00,28.589,24.023333333333333,17.506666666666668,38.2962962962963,12.666666666666666,21.6,972.3473333333334,SITE 3,EXT
2025-12-31 15:00:00,25.828500000000002,21.794833333333333,15.4415,39.092592592592595,12.574074074074074,20.7,972.0763333333333,SITE 3,EXT
2025-12-31 16:00:00,22.748,18.535166666666665,13.087833333333332,38.777777777777786,11.703703703703704,19.866666666666667,972.057,SITE 3,EXT
2025-12-31 17:00:00,27.368,21.8195,15.129166666666666,38.31481481481482,11.62962962962963,20.2,972.056,SITE 3,EXT
2025-12-31 18:00:00,119.23583333333335,113.0075,75.0545,37.57407407407407,13.333333333333334,23.566666666666666,972.4653333333333,SITE 3,EXT
2025-12-31 19:00:00,155.58983333333333,147.11233333333334,93.90233333333335,36.40740740740741,14.055555555555555,26.333333333333332,973.0356666666667,SITE 3,EXT
2025-12-31 20:00:00,174.4305,160.41733333333332,94.91816666666666,35.24074074074074,15.425925925925926,30.9,973.7023333333333,SITE 3,EXT
2025-12-31 21:00:00,160.75116666666665,147.082,86.97066666666666,33.833333333333336,15.870370370370372,34.233333333333334,973.8283333333333,SITE 3,EXT
2025-12-31 22:00:00,187.6635,171.09816666666666,97.55816666666666,33.22222222222222,16.27777777777778,36.43333333333333,973.6036666666666,SITE 3,EXT
2025-12-31 23:00:00,176.17783333333333,161.78983333333332,95.92283333333333,32.351851851851855,15.962962962962964,37.3,973.161,SITE 3,EXT
2026-01-01 00:00:00,123.14403225806453,112.90693548387098,70.64838709677419,31.326164874551974,15.125448028673835,37.74193548387097,972.6551612903227,SITE 3,EXT
2026-01-01 01:00:00,87.51133333333334,80.1905,51.1975,29.703703703703702,14.5,39.96666666666667,972.2706666666667,SITE 3,EXT
2026-01-01 02:00:00,86.43033333333332,79.61583333333333,51.6365,29.12962962962963,14.481481481481483,41.06666666666667,972.189,SITE 3,EXT
2026-01-01 03:00:00,86.01483333333334,79.729,51.600500000000004,28.240740740740744,14.203703703703704,42.6,972.0139999999999,SITE 3,EXT
2026-01-01 04:00:00,65.59366666666666,60.67916666666667,40.3995,27.90740740740741,13.555555555555555,41.46666666666667,972.4789999999999,SITE 3,EXT
2026-01-01 05:00:00,99.69916666666667,86.33016666666667,52.87066666666667,27.555555555555557,13.777777777777779,43.0,972.7563333333333,SITE 3,EXT
2026-01-01 06:00:00,98.86783333333332,91.16799999999999,58.20933333333333,26.851851851851855,14.018518518518517,45.46666666666667,973.371,SITE 3,EXT
2026-01-01 07:00:00,137.53699999999998,127.04733333333334,76.6775,27.092592592592595,13.62962962962963,43.86666666666667,974.1843333333333,SITE 3,EXT
2026-01-01 08:00:00,92.08016666666667,84.95483333333333,53.415499999999994,28.018518518518523,12.462962962962964,38.56666666666667,974.8443333333333,SITE 3,EXT
2026-01-01 09:00:00,48.01383333333333,44.31233333333333,30.038,29.722222222222225,10.925925925925926,31.4,975.006,SITE 3,EXT
2026-01-01 10:00:00,33.842666666666666,27.995,19.372166666666665,32.01851851851852,11.111111111111112,27.9,974.566,SITE 3,EXT
2026-01-01 11:00:00,23.726,19.243,13.489666666666666,33.90740740740741,6.648148148148149,18.333333333333332,973.9786666666666,SITE 3,EXT
2026-01-01 12:00:00,20.97716666666667,17.470833333333335,12.501000000000001,35.11111111111111,6.574074074074074,17.033333333333335,972.8636666666666,SITE 3,EXT
2026-01-01 13:00:00,18.579166666666666,16.141166666666667,11.583666666666666,36.75925925925926,6.5,15.466666666666667,971.7923333333333,SITE 3,EXT
2026-01-01 14:00:00,20.932333333333336,17.595000000000002,12.774166666666668,37.81481481481482,6.722222222222223,14.766666666666667,970.837,SITE 3,EXT
2026-01-01 15:00:00,22.109333333333332,18.319666666666667,13.368166666666667,38.46296296296296,6.574074074074074,14.066666666666666,970.1316666666667,SITE 3,EXT
2026-01-01 16:00:00,25.532500000000002,20.825499999999998,14.902333333333333,38.44444444444445,7.962962962962964,15.533333333333333,969.755,SITE 3,EXT
2026-01-01 17:00:00,36.20666666666667,30.862333333333332,22.883,37.851851851851855,10.351851851851851,19.033333333333335,969.8,SITE 3,EXT
2026-01-01 18:00:00,56.257333333333335,50.78866666666667,35.437,37.0,12.01851851851852,22.3,970.724,SITE 3,EXT
2026-01-01 19:00:00,69.172,64.10783333333333,43.9005,35.833333333333336,13.01851851851852,25.333333333333332,971.787,SITE 3,EXT
2026-01-01 20:00:00,53.649166666666666,49.4195,34.510666666666665,35.01851851851852,13.037037037037038,26.8,972.862,SITE 3,EXT
2026-01-01 21:00:00,33.539500000000004,26.645,18.108166666666666,34.092592592592595,16.61111111111111,35.56666666666667,973.7533333333333,SITE 3,EXT
2026-01-01 22:00:00,34.91383333333333,28.840500000000002,18.7215,33.42592592592593,17.796296296296298,39.733333333333334,973.8546666666666,SITE 3,EXT
2026-01-01 23:00:00,33.25633333333334,26.690333333333335,17.516166666666667,32.46296296296296,18.296296296296298,43.333333333333336,973.9140000000001,SITE 3,EXT
2026-01-02 00:00:00,29.748333333333335,23.506666666666668,15.816,31.666666666666668,18.685185185185183,46.63333333333333,973.841,SITE 3,EXT
2026-01-02 01:00:00,27.43316666666667,22.117,14.987666666666666,30.851851851851855,19.222222222222225,50.266666666666666,973.2016666666666,SITE 3,EXT
2026-01-02 02:00:00,28.639166666666664,22.894333333333336,15.407333333333334,30.40740740740741,19.296296296296298,51.8,972.466,SITE 3,EXT
2026-01-02 03:00:00,32.1695,25.490833333333335,17.283833333333334,29.62962962962963,18.5,51.46666666666667,972.366,SITE 3,EXT
2026-01-02 04:00:00,32.30887096774194,25.52741935483871,17.218225806451613,29.42652329749104,18.691756272401435,52.70967741935484,972.2751612903226,SITE 3,EXT
2026-01-02 05:00:00,49.74633333333333,46.219,31.19633333333333,28.75925925925926,17.85185185185185,52.2,972.5773333333333,SITE 3,EXT
2026-01-02 06:00:00,67.02116666666667,61.64416666666667,39.38466666666667,28.592592592592595,17.833333333333332,52.56666666666667,973.098,SITE 3,EXT
2026-01-02 07:00:00,73.39033333333333,68.0315,42.71666666666667,28.370370370370374,18.388888888888893,54.833333333333336,974.0526666666667,SITE 3,EXT
2026-01-02 08:00:00,50.759,45.27833333333333,28.744666666666667,29.48148148148148,19.462962962962965,55.166666666666664,974.9006666666667,SITE 3,EXT
2026-01-02 09:00:00,31.822333333333333,25.298333333333336,16.975666666666665,30.685185185185187,20.092592592592595,53.666666666666664,974.9266666666666,SITE 3,EXT
2026-01-02 10:00:00,29.433333333333334,23.447166666666664,15.939333333333334,32.44444444444444,19.85185185185185,47.833333333333336,974.39,SITE 3,EXT
2026-01-02 11:00:00,28.223833333333335,22.621166666666667,15.460166666666668,34.277777777777786,17.64814814814815,37.6,974.0640000000001,SITE 3,EXT
2026-01-02 12:00:00,26.732833333333335,21.579333333333334,14.918833333333334,36.46296296296296,15.333333333333334,28.733333333333334,973.1626666666667,SITE 3,EXT
2026-01-02 13:00:00,23.569833333333335,19.2815,13.620000000000001,37.851851851851855,14.555555555555555,25.1,972.152,SITE 3,EXT
2026-01-02 14:00:00,23.78166666666667,19.431500000000003,13.857166666666666,38.333333333333336,14.370370370370372,24.133333333333333,971.2139999999999,SITE 3,EXT
2026-01-02 15:00:00,25.262,20.970166666666668,14.7725,38.14814814814815,13.74074074074074,23.366666666666667,970.8979999999999,SITE 3,EXT
2026-01-02 16:00:00,22.988166666666665,18.828333333333333,13.421,37.96296296296296,13.685185185185185,23.733333333333334,970.8306666666666,SITE 3,EXT
2026-01-02 17:00:00,25.165666666666667,20.243833333333335,14.052166666666666,37.7962962962963,12.981481481481483,22.766666666666666,970.8916666666667,SITE 3,EXT
2026-01-02 18:00:00,36.907333333333334,30.639333333333333,20.909166666666668,37.24074074074074,12.777777777777779,23.166666666666668,971.1479999999999,SITE 3,EXT
2026-01-02 19:00:00,72.24366666666667,64.872,42.457499999999996,36.037037037037045,14.166666666666666,27.133333333333333,971.8893333333333,SITE 3,EXT
2026-01-02 20:00:00,79.23568965517242,72.36344827586207,46.00224137931035,34.96168582375479,14.578544061302681,29.724137931034484,972.9162068965517,SITE 3,EXT
2026-01-02 21:00:00,142.94416666666666,129.80083333333334,72.85416666666667,33.96296296296296,16.11111111111111,34.46666666666667,973.3373333333333,SITE 3,EXT
2026-01-02 22:00:00,102.82916666666667,91.41550000000001,55.69683333333333,33.20370370370371,14.833333333333334,33.3,973.3686666666667,SITE 3,EXT
2026-01-02 23:00:00,78.4275,70.405,43.01016666666667,32.48148148148148,14.518518518518517,34.0,973.413,SITE 3,EXT
2026-01-03 00:00:00,75.0005,66.79766666666667,40.09733333333334,31.87037037037037,15.703703703703704,38.1,973.5210000000001,SITE 3,EXT
2026-01-03 01:00:00,35.742666666666665,29.205166666666667,19.361333333333334,31.074074074074076,15.537037037037038,39.2,973.236,SITE 3,EXT
2026-01-03 02:00:00,29.973666666666666,23.769833333333334,16.217666666666666,30.444444444444446,16.11111111111111,42.233333333333334,972.7403333333333,SITE 3,EXT
2026-01-03 03:00:00,28.739166666666666,22.9915,15.6565,29.740740740740744,16.90740740740741,46.43333333333333,972.4490000000001,SITE 3,EXT
2026-01-03 04:00:00,27.304,22.006833333333336,14.963833333333334,29.0,17.48148148148148,50.1,972.6986666666667,SITE 3,EXT
2026-01-03 05:00:00,28.779354838709676,23.088225806451614,15.51290322580645,28.476702508960575,17.759856630824373,52.61290322580645,973.0048387096774,SITE 3,EXT
2026-01-03 06:00:00,34.93566666666666,27.249833333333335,17.869666666666667,28.25925925925926,18.11111111111111,54.666666666666664,973.7003333333333,SITE 3,EXT
2026-01-03 07:00:00,36.07899999999999,28.868166666666664,19.227166666666665,28.388888888888893,18.388888888888893,55.43333333333333,974.5786666666667,SITE 3,EXT
2026-01-03 08:00:00,30.81066666666667,24.422,16.408666666666665,29.185185185185183,19.48148148148148,56.3,975.1836666666666,SITE 3,EXT
2026-01-03 09:00:00,29.171833333333332,23.712666666666667,16.465666666666667,30.444444444444446,20.203703703703702,54.8,975.231,SITE 3,EXT
2026-01-03 10:00:00,43.3765,38.042500000000004,24.973166666666664,32.27777777777778,20.333333333333332,49.6,974.9356666666666,SITE 3,EXT
2026-01-03 11:00:00,101.632,93.3625,48.0105,34.51851851851852,20.01851851851852,42.833333333333336,974.2900000000001,SITE 3,EXT
2026-01-03 12:00:00,50.98983333333333,46.59066666666667,33.28366666666667,35.7037037037037,18.87037037037037,37.4,973.5573333333334,SITE 3,EXT
2026-01-03 13:00:00,28.96325,23.71025,16.047,37.083333333333336,17.444444444444446,31.7,972.3489999999999,SITE 3,EXT
2026-01-03 14:00:00,34.276666666666664,29.313,19.650166666666667,38.277777777777786,16.24074074074074,27.4,971.597,SITE 3,EXT
2026-01-03 15:00:00,31.0405,25.737333333333332,18.019,38.38888888888889,14.833333333333334,24.833333333333332,971.072,SITE 3,EXT
2026-01-03 16:00:00,26.53083333333333,21.505999999999997,15.283999999999999,38.166666666666664,14.055555555555555,23.933333333333334,970.981,SITE 3,EXT
2026-01-03 17:00:00,34.497,28.8475,19.791999999999998,37.833333333333336,14.814814814814815,25.566666666666666,971.245,SITE 3,EXT
2026-01-03 18:00:00,55.747,51.64116666666666,35.64116666666666,37.12962962962963,15.462962962962964,27.833333333333332,971.5426666666666,SITE 3,EXT
2026-01-03 19:00:00,71.50433333333334,65.512,42.99783333333333,36.50000000000001,16.24074074074074,30.233333333333334,972.3426666666667,SITE 3,EXT
2026-01-03 20:00:00,62.8215,58.491,40.01016666666667,35.2962962962963,16.88888888888889,33.733333333333334,973.059,SITE 3,EXT
2026-01-03 21:00:00,62.00116666666667,56.389,37.07283333333333,34.7962962962963,16.90740740740741,34.86666666666667,973.7326666666667,SITE 3,EXT
2026-01-03 22:00:00,63.17,56.33383333333334,37.5295,34.24074074074074,17.35185185185185,36.9,973.7139999999999,SITE 3,EXT
2026-01-03 23:00:00,53.00483333333333,47.71033333333333,31.880666666666666,33.62962962962963,17.222222222222225,37.8,973.8683333333333,SITE 3,EXT
2026-01-04 00:00:00,29.142166666666665,23.377833333333335,16.0565,33.05555555555556,16.425925925925927,37.2,974.1303333333333,SITE 3,EXT
2026-01-04 01:00:00,25.766774193548386,20.59709677419355,14.163387096774194,32.41935483870968,16.73835125448029,39.38709677419355,973.6635483870967,SITE 3,EXT
2026-01-04 02:00:00,15.539833333333332,14.159833333333333,10.258999999999999,29.85185185185185,17.555555555555554,47.93333333333333,973.1293333333334,SITE 3,EXT
2026-01-04 03:00:00,8.172,7.971,6.280666666666666,29.48148148148148,15.88888888888889,44.13333333333333,972.2883333333334,SITE 3,EXT
2026-01-04 04:00:00,10.329666666666666,9.859499999999999,7.567833333333334,29.98148148148148,15.351851851851853,41.43333333333333,972.586,SITE 3,EXT
2026-01-04 05:00:00,14.6945,13.545,9.942833333333335,29.814814814814817,15.370370370370372,41.93333333333333,973.169,SITE 3,EXT
2026-01-04 06:00:00,29.047166666666666,22.403166666666667,14.378666666666668,29.444444444444446,15.703703703703704,43.4,973.6800000000001,SITE 3,EXT
2026-01-04 07:00:00,35.51533333333334,27.618,17.98166666666667,29.444444444444446,17.27777777777778,48.36666666666667,974.3623333333333,SITE 3,EXT
2026-01-04 08:00:00,28.588666666666665,22.77283333333333,15.529,29.666666666666668,18.685185185185187,52.1,974.9636666666667,SITE 3,EXT
2026-01-04 09:00:00,25.382333333333335,20.538333333333334,14.178333333333335,30.666666666666668,19.574074074074076,52.03333333333333,975.2383333333333,SITE 3,EXT
2026-01-04 10:00:00,28.199,23.4985,16.062,32.666666666666664,20.222222222222225,48.2,974.8983333333333,SITE 3,EXT
2026-01-04 11:00:00,25.104833333333332,20.328666666666667,14.005833333333333,34.31481481481482,20.12962962962963,43.766666666666666,974.5210000000001,SITE 3,EXT
2026-01-04 12:00:00,29.971166666666665,24.842333333333332,15.871,36.25925925925926,19.574074074074076,38.03333333333333,973.6113333333334,SITE 3,EXT
2026-01-04 13:00:00,23.861333333333334,19.53216666666667,13.797,37.48148148148149,19.12962962962963,34.43333333333333,972.784,SITE 3,EXT
2026-01-04 14:00:00,24.599,20.139333333333333,14.261333333333333,38.42592592592593,18.388888888888893,31.2,971.8763333333334,SITE 3,EXT
2026-01-04 15:00:00,23.8765,19.51966666666667,13.866333333333333,38.72222222222222,18.314814814814817,30.533333333333335,971.4273333333333,SITE 3,EXT
2026-01-04 16:00:00,27.416999999999998,22.275,15.679,38.0,16.851851851851855,28.866666666666667,971.4686666666665,SITE 3,EXT
2026-01-04 17:00:00,33.85633333333333,28.1065,20.3375,37.7037037037037,17.185185185185183,30.033333333333335,971.5849999999999,SITE 3,EXT
2026-01-04 18:00:00,35.57983333333333,29.5075,20.345666666666666,36.2962962962963,16.24074074074074,30.633333333333333,972.0846666666667,SITE 3,EXT
2026-01-04 19:00:00,41.885666666666665,36.545833333333334,25.358166666666666,35.31481481481482,16.75925925925926,33.333333333333336,972.995,SITE 3,EXT
2026-01-04 20:00:00,33.48233333333334,26.542666666666666,18.354,34.57407407407407,17.685185185185183,37.166666666666664,973.6466666666668,SITE 3,EXT
2026-01-04 21:00:00,29.651,23.599,16.353666666666665,33.833333333333336,18.018518518518523,39.3,973.9736666666666,SITE 3,EXT
2026-01-04 22:00:00,27.083000000000002,21.85216666666667,15.137833333333333,33.111111111111114,17.98148148148148,41.0,974.1116666666666,SITE 3,EXT
2026-01-04 23:00:00,29.2615,23.404333333333334,15.928666666666667,32.48148148148148,18.055555555555557,42.43333333333333,973.9053333333334,SITE 3,EXT
2026-01-05 00:00:00,26.365166666666667,21.37183333333333,14.638,31.90740740740741,18.296296296296298,44.766666666666666,973.8453333333333,SITE 3,EXT
2026-01-05 01:00:00,25.75883333333333,21.01966666666667,14.408333333333333,31.31481481481482,18.425925925925927,46.7,973.4296666666667,SITE 3,EXT
2026-01-05 02:00:00,25.844193548387096,21.061129032258062,14.47241935483871,30.752688172043012,18.745519713261647,48.96774193548387,972.6483870967742,SITE 3,EXT
2026-01-05 03:00:00,24.893833333333337,20.340666666666667,13.9855,30.37037037037037,18.703703703703702,50.2,972.2653333333333,SITE 3,EXT
2026-01-05 04:00:00,25.508,20.788666666666664,14.201166666666667,29.740740740740744,18.75925925925926,52.2,972.7273333333334,SITE 3,EXT
2026-01-05 05:00:00,30.049666666666667,24.223000000000003,16.649,29.444444444444446,18.88888888888889,53.5,973.2043333333334,SITE 3,EXT
2026-01-05 06:00:00,40.81133333333333,35.915,24.084666666666667,29.314814814814817,18.98148148148148,54.36666666666667,973.6476666666666,SITE 3,EXT
2026-01-05 07:00:00,41.676500000000004,33.24333333333333,21.253833333333333,29.25925925925926,19.25925925925926,55.7,974.3483333333334,SITE 3,EXT
2026-01-05 08:00:00,29.394000000000002,23.326999999999998,15.912,29.64814814814815,19.666666666666668,55.53333333333333,974.8206666666666,SITE 3,EXT
2026-01-05 09:00:00,28.229499999999998,22.444666666666667,15.31,31.240740740740744,19.77777777777778,51.0,974.8136666666667,SITE 3,EXT
2026-01-05 10:00:00,41.39483333333333,35.602999999999994,23.038333333333334,33.148148148148145,19.833333333333332,45.86666666666667,974.7126666666667,SITE 3,EXT
2026-01-05 11:00:00,24.926166666666667,20.2535,14.126,34.98148148148148,19.0,39.46666666666667,974.1676666666666,SITE 3,EXT
2026-01-05 12:00:00,26.83833333333333,21.813333333333333,15.263499999999999,36.74074074074074,18.185185185185187,33.8,973.1763333333333,SITE 3,EXT
2026-01-05 13:00:00,26.006333333333334,21.221833333333333,15.012333333333334,38.22222222222222,17.27777777777778,29.633333333333333,972.0120000000001,SITE 3,EXT
2026-01-05 14:00:00,27.856290322580644,22.38983870967742,15.769838709677419,37.867383512544805,16.97132616487455,29.419354838709676,971.0706451612903,SITE 3,EXT
2026-01-05 15:00:00,25.95,21.107833333333335,14.985833333333334,39.03703703703704,16.444444444444446,26.733333333333334,970.4306666666666,SITE 3,EXT
2026-01-05 16:00:00,25.169833333333333,20.561833333333333,14.647666666666668,38.92592592592593,15.648148148148149,25.4,970.0166666666667,SITE 3,EXT
2026-01-05 17:00:00,29.007333333333335,23.065833333333334,16.218,38.537037037037045,15.462962962962964,25.633333333333333,970.4923333333334,SITE 3,EXT
2026-01-05 18:00:00,41.46,35.70766666666667,24.9375,37.68518518518519,16.703703703703706,29.1,971.0043333333334,SITE 3,EXT
2026-01-05 19:00:00,79.03150000000001,74.438,49.541333333333334,36.46296296296296,17.0,31.766666666666666,971.6866666666666,SITE 3,EXT
2026-01-05 20:00:00,44.03966666666667,40.339166666666664,27.995166666666666,35.98148148148149,17.055555555555557,32.8,972.8583333333333,SITE 3,EXT
2026-01-05 21:00:00,40.82633333333333,36.091499999999996,24.8795,35.2962962962963,17.685185185185183,35.56666666666667,973.062,SITE 3,EXT
2026-01-05 22:00:00,31.812903225806455,25.311935483870965,17.636935483870968,34.01433691756273,18.870967741935484,41.193548387096776,973.1848387096774,SITE 3,EXT
2026-01-05 23:00:00,27.270333333333333,21.884833333333333,15.143833333333333,32.87037037037037,18.370370370370374,42.43333333333333,973.2823333333333,SITE 3,EXT
2026-01-06 00:00:00,25.06433333333333,20.37816666666667,14.167499999999999,32.25925925925926,17.814814814814817,42.43333333333333,973.0083333333333,SITE 3,EXT
2026-01-06 01:00:00,25.122,20.523500000000002,14.278500000000001,31.87037037037037,18.055555555555557,44.1,972.7303333333333,SITE 3,EXT
2026-01-06 02:00:00,25.563499999999998,20.851333333333333,14.459166666666667,31.055555555555557,18.203703703703706,46.56666666666667,972.7456666666666,SITE 3,EXT
2026-01-06 03:00:00,24.800166666666666,20.269000000000002,14.056833333333334,30.166666666666668,18.314814814814817,49.5,972.2633333333334,SITE 3,EXT
2026-01-06 04:00:00,26.5305,21.5365,14.848333333333333,29.11111111111111,18.14814814814815,51.96666666666667,972.4420000000001,SITE 3,EXT
2026-01-06 05:00:00,31.236333333333334,24.9085,17.201166666666666,29.074074074074076,18.11111111111111,52.1,973.0086666666666,SITE 3,EXT
2026-01-06 06:00:00,33.711290322580645,26.8141935483871,18.594516129032257,28.512544802867385,16.720430107526884,48.903225806451616,973.3345161290322,SITE 3,EXT
2026-01-06 07:00:00,40.5575,36.15383333333333,24.665333333333333,28.555555555555557,16.333333333333332,47.93333333333333,973.879,SITE 3,EXT
2026-01-06 08:00:00,47.22116666666667,41.352833333333336,27.781,29.203703703703706,16.944444444444443,47.833333333333336,974.724,SITE 3,EXT
2026-01-06 09:00:00,198.84716666666665,187.31983333333335,95.66483333333333,30.092592592592595,17.22222222222222,46.3,975.039,SITE 3,EXT
2026-01-06 10:00:00,55.81133333333333,50.443666666666665,33.68116666666666,31.240740740740744,17.425925925925927,44.2,974.7663333333334,SITE 3,EXT
2026-01-06 11:00:00,28.508333333333333,22.817,15.729999999999999,33.75925925925926,17.407407407407405,37.96666666666667,973.7360000000001,SITE 3,EXT
2026-01-06 12:00:00,28.264666666666667,22.607166666666668,15.635,34.092592592592595,17.055555555555554,36.46666666666667,973.0256666666667,SITE 3,EXT
2026-01-06 13:00:00,28.067833333333333,22.523666666666667,15.654166666666667,35.851851851851855,17.35185185185185,33.666666666666664,971.925,SITE 3,EXT
2026-01-06 14:00:00,28.940967741935484,23.148870967741935,16.16548387096774,36.881720430107535,17.293906810035843,31.612903225806452,970.9041935483871,SITE 3,EXT
2026-01-06 15:00:00,28.762,23.002166666666668,16.1055,37.0,16.64814814814815,30.1,970.3546666666666,SITE 3,EXT
2026-01-06 16:00:00,28.812833333333334,23.1955,16.251166666666666,37.68518518518519,16.555555555555557,28.933333333333334,970.1856666666666,SITE 3,EXT
2026-01-06 17:00:00,61.709666666666664,56.313833333333335,37.19466666666666,37.2962962962963,16.555555555555557,29.5,970.4133333333334,SITE 3,EXT
2026-01-06 18:00:00,51.13516666666667,46.27283333333333,30.47283333333333,36.38888888888889,16.75925925925926,31.533333333333335,970.9383333333334,SITE 3,EXT
2026-01-06 19:00:00,57.818333333333335,53.083333333333336,35.90116666666667,35.5,16.185185185185183,32.0,971.5490000000001,SITE 3,EXT
2026-01-06 20:00:00,44.20016666666667,39.75066666666667,27.383,34.51851851851852,16.74074074074074,35.03333333333333,972.3833333333333,SITE 3,EXT
2026-01-06 21:00:00,37.2155,31.838666666666665,21.873333333333335,33.48148148148149,17.425925925925927,38.8,972.8716666666667,SITE 3,EXT
2026-01-06 22:00:00,39.454166666666666,34.766,23.237666666666666,32.7962962962963,17.24074074074074,39.86666666666667,972.9639999999999,SITE 3,EXT
2026-01-06 23:00:00,42.5775,38.797000000000004,25.450833333333332,32.388888888888886,17.425925925925927,41.233333333333334,973.016,SITE 3,EXT
2026-01-07 00:00:00,43.55166666666666,39.931333333333335,26.362166666666667,31.77777777777778,17.51851851851852,42.8,972.7246666666666,SITE 3,EXT
2026-01-07 01:00:00,36.777166666666666,31.547166666666666,21.574333333333335,31.64814814814815,17.462962962962965,43.03333333333333,972.0949999999999,SITE 3,EXT
2026-01-07 02:00:00,36.57322580645161,30.94193548387097,21.072903225806453,31.075268817204304,17.365591397849464,44.03225806451613,971.7635483870968,SITE 3,EXT
2026-01-07 03:00:00,36.589333333333336,31.1795,21.211333333333336,30.240740740740744,17.555555555555554,46.96666666666667,971.9993333333333,SITE 3,EXT
2026-01-07 04:00:00,36.10333333333333,30.425166666666666,20.671166666666668,29.703703703703702,18.092592592592595,50.233333333333334,972.4503333333333,SITE 3,EXT
2026-01-07 05:00:00,36.76933333333333,31.4995,21.591,29.40740740740741,18.296296296296298,51.56666666666667,973.0020000000001,SITE 3,EXT
2026-01-07 06:00:00,63.43266666666667,55.61516666666667,35.518,29.425925925925927,18.31481481481482,51.3,973.4136666666667,SITE 3,EXT
2026-01-07 07:00:00,69.421,64.70483333333333,41.997166666666665,29.351851851851855,18.333333333333336,51.5,974.1486666666666,SITE 3,EXT
2026-01-07 08:00:00,117.62066666666666,106.1605,48.90133333333333,30.222222222222225,18.48148148148148,49.733333333333334,974.8023333333333,SITE 3,EXT
2026-01-07 09:00:00,120.82616666666668,110.00833333333334,54.15566666666666,31.722222222222225,16.88888888888889,41.6,974.802,SITE 3,EXT
2026-01-07 10:00:00,30.262166666666666,24.3865,16.6775,32.666666666666664,14.5,33.56666666666667,974.4983333333333,SITE 3,EXT
2026-01-07 11:00:00,26.924,21.653000000000002,14.970833333333333,34.05555555555556,13.01851851851852,28.133333333333333,973.9986666666666,SITE 3,EXT
2026-01-07 12:00:00,31.304333333333332,26.281333333333336,18.013166666666667,35.57407407407407,12.203703703703704,24.366666666666667,973.3553333333333,SITE 3,EXT
2026-01-07 13:00:00,51.616,46.306666666666665,27.728333333333335,36.870370370370374,10.277777777777777,19.966666666666665,972.2636666666666,SITE 3,EXT
2026-01-07 14:00:00,23.441666666666666,19.086000000000002,13.662666666666667,37.666666666666664,9.87037037037037,18.533333333333335,971.465,SITE 3,EXT
2026-01-07 15:00:00,24.089833333333335,19.461166666666667,13.999500000000001,37.98148148148149,8.944444444444446,17.1,971.116,SITE 3,EXT
2026-01-07 16:00:00,24.637166666666666,19.983666666666668,14.258166666666666,38.03703703703704,8.38888888888889,16.4,971.2056666666667,SITE 3,EXT
2026-01-07 17:00:00,31.290833333333335,25.181499999999996,17.731333333333335,37.31481481481482,8.685185185185185,17.5,971.4283333333333,SITE 3,EXT
2026-01-07 18:00:00,50.749500000000005,44.28316666666667,30.2345,36.38888888888889,9.814814814814815,19.766666666666666,971.7723333333332,SITE 3,EXT
2026-01-07 19:00:00,42.00966666666667,37.211999999999996,26.226666666666667,35.11111111111111,9.518518518518517,20.766666666666666,972.6933333333333,SITE 3,EXT
2026-01-07 20:00:00,33.872,26.616,18.531833333333335,34.092592592592595,9.407407407407408,21.966666666666665,973.724,SITE 3,EXT
2026-01-07 21:00:00,26.721333333333334,21.081333333333337,14.593666666666667,33.111111111111114,8.870370370370372,22.333333333333332,974.1526666666666,SITE 3,EXT
2026-01-07 22:00:00,20.2475,16.639166666666668,11.731166666666667,32.31481481481482,8.814814814814815,23.466666666666665,974.464,SITE 3,EXT
2026-01-07 23:00:00,18.613666666666667,15.7835,11.229000000000001,31.14814814814815,8.796296296296298,24.833333333333332,974.338,SITE 3,EXT
2026-01-08 00:00:00,13.513333333333332,11.952,9.009666666666668,30.333333333333332,8.666666666666666,26.0,974.0936666666668,SITE 3,EXT
2026-01-08 01:00:00,11.973166666666666,10.910666666666666,8.352333333333332,29.53703703703704,8.407407407407408,26.9,974.2090000000001,SITE 3,EXT
2026-01-08 02:00:00,12.088166666666666,10.876833333333334,8.187833333333334,30.222222222222225,8.814814814814815,26.4,974.5396666666667,SITE 3,EXT
2026-01-08 03:00:00,15.481833333333332,13.877333333333333,10.080333333333334,28.962962962962965,8.870370370370372,28.7,974.3096666666667,SITE 3,EXT
2026-01-08 04:00:00,14.443833333333334,13.000833333333333,9.491833333333334,28.703703703703702,9.222222222222223,29.633333333333333,974.6106666666667,SITE 3,EXT
2026-01-08 05:00:00,21.32,17.527333333333335,12.317333333333332,27.77777777777778,8.703703703703704,30.266666666666666,975.2203333333333,SITE 3,EXT
2026-01-08 06:00:00,19.59758064516129,16.483064516129033,11.400161290322579,26.720430107526884,7.921146953405018,30.451612903225808,975.3741935483871,SITE 3,EXT
2026-01-08 07:00:00,16.774333333333335,14.019666666666666,9.899666666666667,26.61111111111111,7.740740740740741,30.366666666666667,975.742,SITE 3,EXT
2026-01-08 08:00:00,22.326666666666668,18.973333333333336,12.991999999999999,26.944444444444446,7.796296296296297,30.0,977.1656666666667,SITE 3,EXT
2026-01-08 09:00:00,45.54816666666667,40.9565,24.759666666666664,27.444444444444446,8.037037037037038,29.6,977.3416666666667,SITE 3,EXT
2026-01-08 10:00:00,14.625666666666666,12.163333333333332,8.765666666666668,29.0,7.888888888888889,26.666666666666668,977.4223333333333,SITE 3,EXT
2026-01-08 11:00:00,10.280333333333335,9.122333333333334,6.931,30.296296296296298,7.833333333333334,24.566666666666666,976.7416666666667,SITE 3,EXT
2026-01-08 12:00:00,13.546166666666666,11.675333333333333,8.621,31.074074074074076,7.259259259259259,22.366666666666667,975.5786666666667,SITE 3,EXT
2026-01-08 13:00:00,18.366333333333333,15.839166666666667,11.42,32.05555555555556,7.296296296296296,21.5,974.6683333333333,SITE 3,EXT
2026-01-08 14:00:00,14.8015,12.907666666666668,9.59,33.0,7.907407407407407,21.1,973.8436666666668,SITE 3,EXT
2026-01-08 15:00:00,23.317666666666664,19.144333333333336,13.663499999999999,32.53703703703704,8.055555555555555,21.966666666666665,973.5020000000001,SITE 3,EXT
2026-01-08 16:00:00,26.630999999999997,21.370166666666666,14.855333333333334,32.75925925925926,8.166666666666668,21.9,973.2356666666667,SITE 3,EXT
2026-01-08 17:00:00,29.335166666666666,24.017666666666667,16.733666666666668,31.85185185185185,7.888888888888889,22.533333333333335,973.4816666666667,SITE 3,EXT
2026-01-08 18:00:00,39.82966666666667,34.11983333333333,23.511166666666668,31.388888888888893,8.148148148148149,23.566666666666666,973.9663333333334,SITE 3,EXT
2026-01-08 19:00:00,121.01533333333333,104.7675,44.7455,30.944444444444446,8.481481481481483,24.8,974.5173333333333,SITE 3,EXT
2026-01-08 20:00:00,42.21583333333333,35.816833333333335,23.617666666666665,30.555555555555557,8.296296296296298,25.0,975.3106666666666,SITE 3,EXT
2026-01-08 21:00:00,36.08866666666667,28.822499999999998,18.81433333333333,30.333333333333332,8.24074074074074,25.133333333333333,975.7746666666666,SITE 3,EXT
2026-01-08 22:00:00,42.79383333333333,36.3645,24.139,29.88888888888889,8.777777777777779,26.933333333333334,975.6636666666667,SITE 3,EXT
2026-01-08 23:00:00,49.89516666666667,42.26083333333334,26.2475,29.40740740740741,9.25925925925926,28.666666666666668,975.624,SITE 3,EXT
2026-01-09 00:00:00,38.41733333333333,32.17466666666667,21.436833333333333,28.351851851851855,10.518518518518517,33.2,975.2396666666666,SITE 3,EXT
2026-01-09 01:00:00,32.854166666666664,25.472166666666666,17.181500000000003,27.962962962962965,10.018518518518517,32.56666666666667,974.7766666666666,SITE 3,EXT
2026-01-09 02:00:00,26.904,21.191666666666666,14.427,27.222222222222225,9.481481481481483,33.03333333333333,974.4213333333333,SITE 3,EXT
2026-01-09 03:00:00,23.889666666666663,18.954,13.035166666666667,26.925925925925927,8.925925925925926,32.36666666666667,974.2196666666666,SITE 3,EXT
2026-01-09 04:00:00,24.474333333333334,19.478166666666667,13.400833333333333,26.64814814814815,8.666666666666666,31.966666666666665,974.1473333333332,SITE 3,EXT
2026-01-09 05:00:00,32.21357142857143,25.59714285714286,17.18642857142857,26.190476190476193,8.492063492063492,33.142857142857146,974.3171428571429,SITE 3,EXT
2026-01-09 17:00:00,31.51,26.035,18.32,34.44444444444444,5.0,16.0,971.79,SITE 3,EXT
2026-01-09 18:00:00,66.54599999999999,59.50433333333333,40.154,35.44444444444445,6.592592592592593,16.666666666666668,972.0073333333333,SITE 3,EXT
2026-01-09 19:00:00,95.60137931034483,85.3951724137931,55.36603448275862,35.05747126436781,7.911877394636016,18.82758620689655,972.7620689655172,SITE 3,EXT
2026-01-09 20:00:00,96.54766666666666,87.83999999999999,57.92933333333334,34.05555555555556,7.870370370370371,19.9,973.5973333333334,SITE 3,EXT
2026-01-09 21:00:00,98.05435483870967,89.35290322580646,59.07838709677419,32.99283154121864,8.978494623655916,22.70967741935484,974.1122580645161,SITE 3,EXT
2026-01-09 22:00:00,58.116,52.36666666666667,35.539,32.12962962962963,7.148148148148149,21.166666666666668,974.1826666666667,SITE 3,EXT
2026-01-09 23:00:00,42.24333333333333,37.4205,26.312166666666666,31.64814814814815,6.666666666666667,21.0,974.1473333333332,SITE 3,EXT
2026-01-10 00:00:00,29.596333333333334,23.233333333333334,16.02583333333333,31.148148148148152,6.240740740740741,21.0,974.003,SITE 3,EXT
2026-01-10 01:00:00,26.598166666666668,21.17,14.735833333333334,30.555555555555557,6.314814814814815,21.8,973.579,SITE 3,EXT
2026-01-10 02:00:00,26.936833333333333,21.17,14.456666666666667,30.14814814814815,6.518518518518519,22.5,973.0553333333334,SITE 3,EXT
2026-01-10 03:00:00,20.906,17.284666666666666,12.130500000000001,29.425925925925927,6.203703703703704,22.933333333333334,972.819,SITE 3,EXT
2026-01-10 04:00:00,26.534333333333333,21.38,15.031166666666667,28.5,6.296296296296297,24.5,972.9073333333333,SITE 3,EXT
2026-01-10 05:00:00,29.2475,23.07016666666667,16.0265,27.425925925925927,6.962962962962963,27.366666666666667,973.1626666666667,SITE 3,EXT
2026-01-10 06:00:00,37.537666666666674,30.921833333333332,21.256166666666665,26.740740740740744,7.333333333333333,29.333333333333332,973.638,SITE 3,EXT
2026-01-10 07:00:00,43.7485,38.230333333333334,25.9615,26.64814814814815,7.9259259259259265,30.866666666666667,974.414,SITE 3,EXT
2026-01-10 08:00:00,94.0825,81.64450000000001,38.22366666666667,26.98148148148148,8.666666666666666,31.6,975.125,SITE 3,EXT
2026-01-10 09:00:00,50.11483333333333,43.98766666666667,25.578833333333332,28.64814814814815,8.648148148148149,28.7,975.3856666666667,SITE 3,EXT
2026-01-10 10:00:00,21.9935,18.273500000000002,12.767,30.685185185185187,6.611111111111112,22.1,975.1323333333333,SITE 3,EXT
2026-01-10 11:00:00,15.159333333333334,13.079833333333333,9.489333333333333,32.90740740740741,5.018518518518519,17.466666666666665,974.4223333333333,SITE 3,EXT
2026-01-10 12:00:00,14.667666666666666,12.757,9.541333333333334,34.74074074074074,2.1296296296296298,12.6,973.4636666666667,SITE 3,EXT
2026-01-10 13:00:00,20.03166666666667,16.692166666666665,12.045333333333334,36.14814814814815,1.9074074074074077,11.333333333333334,972.4916666666667,SITE 3,EXT
2026-01-10 14:00:00,18.05233333333333,15.586,11.397666666666668,36.833333333333336,-0.01851851851851852,9.6,971.5126666666667,SITE 3,EXT
2026-01-10 15:00:00,24.39783333333333,19.76066666666667,14.261833333333334,37.25925925925926,-0.2592592592592593,9.1,970.9913333333333,SITE 3,EXT
2026-01-10 16:00:00,29.40083333333333,23.709333333333333,16.8645,37.18518518518519,0.8333333333333334,9.8,970.9863333333334,SITE 3,EXT
2026-01-10 17:00:00,44.257666666666665,38.107,26.38883333333333,36.50000000000001,2.037037037037037,11.3,971.2693333333334,SITE 3,EXT
2026-01-10 18:00:00,81.42883333333333,73.36033333333333,48.358,35.5,4.481481481481482,14.3,971.5830000000001,SITE 3,EXT
2026-01-10 19:00:00,98.83816666666667,88.72250000000001,57.78616666666667,34.351851851851855,4.444444444444445,15.166666666666666,972.1463333333334,SITE 3,EXT
2026-01-10 20:00:00,50.8605,45.337666666666664,31.0935,33.111111111111114,3.4444444444444446,15.233333333333333,973.0296666666667,SITE 3,EXT
2026-01-10 21:00:00,35.60483333333333,28.652,19.470333333333333,32.37037037037037,3.0185185185185186,15.366666666666667,973.4173333333333,SITE 3,EXT
2026-01-10 22:00:00,33.561,26.591333333333335,17.284666666666666,31.64814814814815,2.7777777777777777,15.866666666666667,973.3456666666666,SITE 3,EXT
2026-01-10 23:00:00,26.5975,20.254166666666666,13.464166666666667,30.90740740740741,2.2592592592592595,16.0,973.1103333333334,SITE 3,EXT
2026-01-11 00:00:00,26.90266666666667,20.846166666666665,13.837833333333332,30.462962962962965,3.148148148148148,17.533333333333335,972.879,SITE 3,EXT
2026-01-11 01:00:00,28.936833333333333,22.208833333333335,14.808666666666666,29.61111111111111,2.9814814814814814,18.333333333333332,972.3733333333333,SITE 3,EXT
2026-01-11 02:00:00,24.817258064516132,19.05483870967742,12.692580645161291,29.103942652329753,2.6881720430107525,18.225806451612904,971.7732258064517,SITE 3,EXT
2026-01-11 03:00:00,21.904166666666665,16.785166666666665,11.1855,28.64814814814815,2.685185185185185,18.7,971.6263333333334,SITE 3,EXT
2026-01-11 04:00:00,24.79866666666667,18.9575,12.516166666666667,28.166666666666668,3.481481481481482,20.466666666666665,971.7,SITE 3,EXT
2026-01-11 05:00:00,31.703333333333333,24.276166666666665,15.915166666666666,27.5,4.462962962962963,22.833333333333332,972.0120000000001,SITE 3,EXT
2026-01-11 06:00:00,51.39233333333333,44.419333333333334,29.786333333333335,26.703703703703706,5.87037037037037,26.566666666666666,972.7413333333334,SITE 3,EXT
2026-01-11 07:00:00,86.77950000000001,75.15366666666667,47.8545,26.64814814814815,7.481481481481482,29.9,973.441,SITE 3,EXT
2026-01-11 08:00:00,61.975500000000004,54.675,36.65083333333334,26.925925925925927,7.018518518518519,28.5,974.2533333333333,SITE 3,EXT
2026-01-11 09:00:00,47.083999999999996,39.339000000000006,24.601333333333333,28.64814814814815,4.851851851851851,21.966666666666665,974.4866666666666,SITE 3,EXT
2026-01-11 10:00:00,33.25216666666667,25.524,16.453333333333333,31.222222222222225,3.8703703703703707,17.6,974.1023333333334,SITE 3,EXT
2026-01-11 11:00:00,29.726166666666664,22.458666666666666,14.639166666666666,33.7037037037037,3.7962962962962967,15.166666666666666,973.2826666666666,SITE 3,EXT
2026-01-11 12:00:00,34.10883333333333,26.442166666666665,16.894666666666666,35.72222222222222,2.814814814814815,12.5,972.4336666666666,SITE 3,EXT
2026-01-11 13:00:00,28.116333333333333,20.757,13.4435,37.2037037037037,2.6296296296296293,11.3,971.4663333333333,SITE 3,EXT
2026-01-11 14:00:00,26.800833333333333,19.553,12.763166666666667,37.77777777777778,1.9074074074074077,10.4,970.5843333333333,SITE 3,EXT
2026-01-11 15:00:00,26.851666666666667,20.005499999999998,13.239666666666666,38.42592592592593,1.6481481481481484,10.0,970.0236666666666,SITE 3,EXT
2026-01-11 16:00:00,30.224333333333334,22.464833333333335,15.005333333333335,38.537037037037045,2.314814814814815,10.366666666666667,969.8746666666667,SITE 3,EXT
2026-01-11 17:00:00,37.9225,30.1265,20.502,37.92592592592593,3.351851851851852,11.5,970.1516666666666,SITE 3,EXT
2026-01-11 18:00:00,76.76316666666666,69.03500000000001,46.263333333333335,36.666666666666664,5.740740740740741,14.666666666666666,970.7909999999999,SITE 3,EXT
2026-01-11 19:00:00,88.84183333333334,80.60416666666667,54.24583333333333,35.333333333333336,7.018518518518519,17.433333333333334,971.4996666666667,SITE 3,EXT
2026-01-11 20:00:00,112.7825,102.73733333333332,66.69116666666666,33.92592592592593,8.314814814814815,20.633333333333333,972.2263333333334,SITE 3,EXT
2026-01-11 21:00:00,106.72683333333333,95.49833333333332,59.286500000000004,33.01851851851852,8.296296296296298,21.633333333333333,972.5303333333334,SITE 3,EXT
2026-01-11 22:00:00,91.70949999999999,81.00583333333334,50.08433333333333,32.18518518518518,7.9259259259259265,22.133333333333333,972.619,SITE 3,EXT
2026-01-11 23:00:00,126.1575,115.31366666666666,70.40083333333334,30.685185185185187,11.481481481481483,30.733333333333334,972.4770000000001,SITE 3,EXT
2026-01-12 00:00:00,83.26700000000001,75.50616666666666,48.857499999999995,29.666666666666668,11.5,32.666666666666664,972.3103333333333,SITE 3,EXT
2026-01-12 01:00:00,66.08666666666666,58.58316666666667,38.225,29.25925925925926,10.574074074074074,31.466666666666665,971.763,SITE 3,EXT
2026-01-12 02:00:00,55.489000000000004,48.55533333333334,31.32016666666667,28.85185185185185,8.592592592592592,28.233333333333334,971.418,SITE 3,EXT
2026-01-12 03:00:00,37.47548387096774,29.610645161290325,19.15951612903226,28.333333333333336,5.555555555555555,23.548387096774192,971.4925806451613,SITE 3,EXT
2026-01-12 04:00:00,35.40933333333333,27.373166666666666,17.846999999999998,27.814814814814817,6.4259259259259265,25.9,971.7993333333333,SITE 3,EXT
2026-01-12 05:00:00,43.76983333333333,35.352666666666664,23.260499999999997,26.666666666666668,6.981481481481482,28.866666666666667,972.2686666666667,SITE 3,EXT
2026-01-12 06:00:00,104.33316666666666,94.75,60.6395,25.796296296296298,8.38888888888889,33.5,972.6033333333332,SITE 3,EXT
2026-01-12 07:00:00,139.94549999999998,128.29716666666667,79.48116666666667,25.555555555555557,9.981481481481483,37.5,973.4033333333333,SITE 3,EXT
2026-01-12 08:00:00,87.14583333333333,77.609,49.18533333333333,26.555555555555557,7.407407407407407,29.966666666666665,974.2093333333333,SITE 3,EXT
2026-01-12 09:00:00,38.388333333333335,30.269166666666667,20.132833333333334,28.5,4.87037037037037,22.266666666666666,974.6389999999999,SITE 3,EXT
2026-01-12 10:00:00,31.8375,22.88533333333333,14.496,31.222222222222225,2.0185185185185186,15.466666666666667,974.4563333333333,SITE 3,EXT
2026-01-12 11:00:00,30.524166666666666,21.756166666666665,13.538166666666665,33.22222222222222,1.6481481481481484,13.366666666666667,973.7743333333333,SITE 3,EXT
2026-01-12 12:00:00,29.7385,21.067999999999998,12.911666666666667,35.11111111111111,0.6481481481481483,11.133333333333333,972.7923333333333,SITE 3,EXT
2026-01-12 13:00:00,28.569000000000003,20.025,12.061,36.62962962962963,-0.14814814814814817,9.533333333333333,971.681,SITE 3,EXT
2026-01-12 14:00:00,29.858833333333333,21.190333333333335,13.274333333333335,37.2037037037037,-0.07407407407407408,9.033333333333333,970.728,SITE 3,EXT
2026-01-12 15:00:00,30.219333333333335,21.721999999999998,13.770666666666667,37.5,0.2777777777777778,9.066666666666666,969.9670000000001,SITE 3,EXT
2026-01-12 16:00:00,30.872666666666664,22.247,14.182166666666665,37.62962962962963,0.5925925925925927,9.466666666666667,969.8126666666667,SITE 3,EXT
2026-01-12 17:00:00,35.40533333333334,26.47533333333333,17.054166666666667,37.01851851851852,1.1666666666666667,10.366666666666667,970.1276666666668,SITE 3,EXT
2026-01-12 18:00:00,105.46533333333333,93.61066666666667,60.458999999999996,36.01851851851852,4.0,13.433333333333334,970.7289999999999,SITE 3,EXT
2026-01-12 19:00:00,182.44716666666667,164.71283333333335,99.12400000000001,34.62962962962963,6.592592592592593,17.466666666666665,971.4433333333333,SITE 3,EXT
2026-01-12 20:00:00,200.21583333333334,181.27966666666669,106.616,33.22222222222222,8.12962962962963,21.033333333333335,972.4026666666667,SITE 3,EXT
2026-01-12 21:00:00,118.741,106.87983333333334,66.80833333333334,31.833333333333332,9.518518518518517,25.333333333333332,972.9926666666667,SITE 3,EXT
2026-01-12 22:00:00,86.01816666666667,76.3,49.62566666666667,30.75925925925926,8.296296296296298,24.7,972.9723333333333,SITE 3,EXT
2026-01-12 23:00:00,92.73316666666666,81.92516666666667,52.11233333333333,30.092592592592595,9.666666666666666,28.233333333333334,972.5859999999999,SITE 3,EXT
2026-01-13 00:00:00,89.70599999999999,79.87716666666667,50.625833333333325,28.518518518518523,10.555555555555555,32.93333333333333,972.1573333333333,SITE 3,EXT
2026-01-13 01:00:00,106.94766666666666,95.73516666666666,59.56966666666666,28.11111111111111,10.648148148148149,33.96666666666667,971.7450000000001,SITE 3,EXT
2026-01-13 02:00:00,100.11833333333334,88.99366666666667,55.325833333333335,27.40740740740741,10.685185185185185,35.36666666666667,971.3109999999999,SITE 3,EXT
2026-01-13 03:00:00,80.34783333333333,71.2265,45.157000000000004,26.851851851851855,10.148148148148149,35.233333333333334,971.1823333333334,SITE 3,EXT
2026-01-13 04:00:00,74.85166666666667,66.2655,42.286833333333334,26.25925925925926,10.574074074074074,37.56666666666667,971.313,SITE 3,EXT
2026-01-13 05:00:00,72.93716666666667,64.66783333333333,42.3635,25.38888888888889,7.981481481481482,33.2,971.8553333333333,SITE 3,EXT
2026-01-13 06:00:00,101.1185,90.56183333333334,58.849333333333334,24.444444444444446,7.740740740740741,34.63333333333333,972.3303333333333,SITE 3,EXT
2026-01-13 07:00:00,122.67483333333332,111.41866666666667,71.41866666666667,24.703703703703702,7.9259259259259265,34.666666666666664,972.8886666666666,SITE 3,EXT
2026-01-13 08:00:00,109.1991935483871,99.27822580645162,63.75645161290323,25.268817204301076,8.709677419354838,35.096774193548384,973.5709677419355,SITE 3,EXT
2026-01-13 09:00:00,165.3055,140.25566666666666,55.8045,27.796296296296298,5.944444444444445,25.0,973.615,SITE 3,EXT
2026-01-13 10:00:00,48.1245,41.714166666666664,28.059666666666665,31.185185185185183,7.222222222222223,22.433333333333334,973.3986666666666,SITE 3,EXT
2026-01-13 11:00:00,36.163333333333334,27.4235,18.23166666666667,34.03703703703704,7.555555555555556,19.433333333333334,972.8166666666667,SITE 3,EXT
2026-01-13 12:00:00,33.331833333333336,24.691,16.272166666666667,35.7962962962963,5.740740740740741,15.433333333333334,972.0033333333333,SITE 3,EXT
2026-01-13 13:00:00,31.305666666666664,23.247666666666664,15.325666666666667,36.42592592592593,4.388888888888888,13.466666666666667,971.0413333333333,SITE 3,EXT
2026-01-13 14:00:00,33.35883333333333,24.881500000000003,16.3935,37.5,4.518518518518519,12.8,969.9609999999999,SITE 3,EXT
2026-01-13 15:00:00,32.896,24.377666666666666,16.477166666666665,37.75925925925926,3.185185185185185,11.333333333333334,969.534,SITE 3,EXT
2026-01-13 16:00:00,45.71383333333333,38.225,27.297666666666668,37.87037037037037,2.537037037037037,10.9,969.453,SITE 3,EXT
2026-01-13 17:00:00,60.363166666666665,53.336,37.7485,37.092592592592595,2.7222222222222223,11.566666666666666,969.8553333333333,SITE 3,EXT
2026-01-13 18:00:00,122.041,110.2215,72.09333333333333,35.88888888888889,4.425925925925926,13.933333333333334,970.5553333333334,SITE 3,EXT
2026-01-13 19:00:00,136.39166666666668,123.9345,79.15566666666668,34.75925925925926,5.351851851851852,15.9,971.2533333333333,SITE 3,EXT
2026-01-13 20:00:00,187.0078333333333,169.17516666666668,99.35033333333334,33.5,8.425925925925926,21.433333333333334,971.9943333333334,SITE 3,EXT
2026-01-13 21:00:00,168.63533333333334,154.0006666666667,90.82183333333333,32.05555555555556,10.055555555555555,25.8,972.6976666666667,SITE 3,EXT
2026-01-13 22:00:00,133.17483333333334,121.736,75.69383333333333,30.925925925925927,10.444444444444445,28.233333333333334,972.8796666666666,SITE 3,EXT
2026-01-13 23:00:00,148.63133333333332,135.62866666666667,81.9395,29.98148148148148,11.018518518518517,31.0,972.6556666666667,SITE 3,EXT
2026-01-14 00:00:00,142.9265,130.1745,79.29733333333334,29.40740740740741,10.629629629629628,31.4,972.5783333333333,SITE 3,EXT
2026-01-14 01:00:00,104.338,94.10666666666665,59.17183333333333,28.40740740740741,10.851851851851851,33.9,972.1876666666667,SITE 3,EXT
2026-01-14 02:00:00,89.8715,80.95233333333334,51.64966666666667,27.333333333333332,10.981481481481483,36.233333333333334,971.7666666666667,SITE 3,EXT
2026-01-14 03:00:00,88.21833333333333,79.45,51.701,25.90740740740741,9.370370370370372,35.333333333333336,971.5946666666666,SITE 3,EXT
2026-01-14 04:00:00,92.83783333333334,83.44733333333333,54.020833333333336,25.944444444444446,9.222222222222223,35.0,971.7653333333333,SITE 3,EXT
2026-01-14 05:00:00,90.20683333333334,81.31266666666667,52.34283333333334,25.48148148148148,9.481481481481483,36.8,972.0893333333333,SITE 3,EXT
2026-01-14 06:00:00,86.85650000000001,75.70333333333333,48.62283333333333,25.01851851851852,8.907407407407408,36.2,972.7626666666667,SITE 3,EXT
2026-01-14 07:00:00,127.12133333333333,116.83933333333333,74.62566666666666,24.75925925925926,10.055555555555555,39.666666666666664,973.37,SITE 3,EXT
2026-01-14 08:00:00,131.97370967741935,121.6182258064516,75.72177419354838,25.985663082437277,9.910394265232975,36.58064516129032,974.031935483871,SITE 3,EXT
2026-01-14 09:00:00,42.55433333333333,35.850833333333334,23.670166666666667,28.944444444444446,12.537037037037038,36.63333333333333,974.2723333333332,SITE 3,EXT
2026-01-14 10:00:00,41.7145,34.290499999999994,22.82633333333333,31.685185185185183,11.38888888888889,29.066666666666666,973.9796666666666,SITE 3,EXT
2026-01-14 11:00:00,34.19583333333333,25.657500000000002,17.2345,34.166666666666664,9.0,21.333333333333332,973.3876666666667,SITE 3,EXT
2026-01-14 12:00:00,33.097833333333334,24.728,16.536166666666666,36.05555555555556,6.462962962962963,15.966666666666667,972.3496666666667,SITE 3,EXT
2026-01-14 13:00:00,33.28966666666667,24.853833333333334,16.675,37.31481481481482,5.462962962962963,14.0,971.099,SITE 3,EXT
2026-01-14 14:00:00,32.925333333333334,24.352500000000003,16.217333333333332,38.75925925925926,4.425925925925926,11.966666666666667,970.1116666666666,SITE 3,EXT
2026-01-14 15:00:00,33.46666666666667,24.837666666666667,16.595333333333333,38.62962962962963,2.4814814814814814,10.433333333333334,969.5933333333334,SITE 3,EXT
2026-01-14 16:00:00,35.301833333333335,26.549333333333333,17.834999999999997,38.57407407407408,2.4814814814814814,10.466666666666667,969.5456666666666,SITE 3,EXT
2026-01-14 17:00:00,106.97749999999999,99.808,66.0915,37.833333333333336,4.648148148148149,12.7,969.7666666666667,SITE 3,EXT
2026-01-14 18:00:00,184.97816666666668,174.36666666666667,114.94783333333334,36.55555555555556,6.833333333333333,15.9,970.1883333333334,SITE 3,EXT
2026-01-14 19:00:00,150.34866666666667,135.67233333333334,86.33850000000001,35.27777777777778,7.833333333333333,18.366666666666667,970.8349999999999,SITE 3,EXT
2026-01-14 20:00:00,195.88733333333332,177.50566666666666,107.16516666666666,33.611111111111114,9.38888888888889,22.633333333333333,971.6803333333334,SITE 3,EXT
2026-01-14 21:00:00,184.02833333333334,169.06916666666666,102.71683333333334,32.351851851851855,10.629629629629628,26.266666666666666,972.3493333333333,SITE 3,EXT
2026-01-14 22:00:00,117.35133333333333,106.02783333333333,67.0,31.555555555555557,11.407407407407408,29.266666666666666,972.5293333333334,SITE 3,EXT
2026-01-14 23:00:00,86.21683333333334,77.52583333333334,51.1045,30.425925925925927,11.074074074074074,30.433333333333334,972.3486666666666,SITE 3,EXT
2026-01-15 00:00:00,90.23049999999999,80.62716666666667,52.42483333333333,29.5,11.092592592592592,32.2,972.2270000000001,SITE 3,EXT
2026-01-15 01:00:00,73.9745,65.63633333333334,42.778,28.740740740740744,11.0,33.5,971.8166666666667,SITE 3,EXT
2026-01-15 02:00:00,80.31383333333333,71.75716666666668,46.733,28.03703703703704,11.611111111111112,36.13333333333333,971.272,SITE 3,EXT
2026-01-15 03:00:00,83.82966666666667,74.534,47.3315,27.722222222222225,11.24074074074074,35.9,971.143,SITE 3,EXT
2026-01-15 04:00:00,63.19083333333333,55.38933333333333,36.7485,26.814814814814817,8.351851851851853,31.0,971.6393333333333,SITE 3,EXT
2026-01-15 05:00:00,83.16416666666667,75.11633333333333,49.20733333333333,26.64814814814815,9.24074074074074,33.2,971.7693333333334,SITE 3,EXT
2026-01-15 06:00:00,102.80866666666667,92.73333333333333,59.1245,26.22222222222222,9.61111111111111,35.233333333333334,972.2986666666667,SITE 3,EXT
2026-01-15 07:00:00,131.487,120.66216666666666,73.284,26.11111111111111,10.462962962962962,37.5,972.99,SITE 3,EXT
2026-01-15 08:00:00,104.5875806451613,94.03580645161291,57.96709677419355,26.308243727598565,11.039426523297491,38.774193548387096,973.844193548387,SITE 3,EXT
2026-01-15 09:00:00,48.65916666666667,42.264,28.241833333333332,28.574074074074076,15.111111111111112,44.13333333333333,974.1723333333333,SITE 3,EXT
2026-01-15 10:00:00,41.117666666666665,34.700833333333335,23.740000000000002,30.833333333333332,16.833333333333332,43.166666666666664,973.7283333333332,SITE 3,EXT
2026-01-15 11:00:00,36.520833333333336,28.335333333333335,19.260166666666667,33.27777777777778,15.814814814814815,35.46666666666667,973.1460000000001,SITE 3,EXT
2026-01-15 12:00:00,34.51433333333333,25.8925,17.628666666666668,35.148148148148145,13.074074074074074,26.533333333333335,972.318,SITE 3,EXT
2026-01-15 13:00:00,31.4575,23.538666666666664,16.044,36.7037037037037,10.814814814814815,20.933333333333334,971.3629999999999,SITE 3,EXT
2026-01-15 14:00:00,31.11616666666667,23.377833333333335,15.883000000000001,37.5,9.518518518518517,18.266666666666666,970.369,SITE 3,EXT
2026-01-15 15:00:00,30.8095,23.212666666666667,15.788166666666665,38.03703703703704,8.870370370370372,16.9,970.0743333333334,SITE 3,EXT
2026-01-15 16:00:00,32.13283333333333,24.516666666666666,16.744,37.88888888888889,10.018518518518517,18.633333333333333,970.1136666666666,SITE 3,EXT
2026-01-15 17:00:00,56.740500000000004,47.83583333333333,30.342333333333332,37.833333333333336,10.0,18.666666666666668,970.5006666666667,SITE 3,EXT
2026-01-15 18:00:00,105.54583333333333,97.5475,62.6235,36.81481481481482,10.0,19.7,971.0930000000001,SITE 3,EXT
2026-01-15 19:00:00,204.3383333333333,190.66933333333333,112.48316666666666,35.48148148148149,11.314814814814815,23.166666666666668,971.789,SITE 3,EXT
2026-01-15 20:00:00,138.1705,127.37216666666667,78.24233333333333,34.351851851851855,11.703703703703704,25.366666666666667,972.743,SITE 3,EXT
2026-01-15 21:00:00,121.40083333333334,110.74566666666666,69.06816666666667,33.48148148148149,11.962962962962964,27.066666666666666,973.2236666666666,SITE 3,EXT
2026-01-15 22:00:00,103.286,91.58833333333334,57.86033333333333,32.77777777777778,11.777777777777779,27.866666666666667,973.2286666666666,SITE 3,EXT
2026-01-15 23:00:00,93.39283333333333,83.381,52.42916666666667,32.2037037037037,11.685185185185185,28.533333333333335,973.1566666666666,SITE 3,EXT
2026-01-16 00:00:00,55.025999999999996,48.6695,32.93483333333333,31.666666666666668,10.703703703703702,27.766666666666666,972.912,SITE 3,EXT
2026-01-16 01:00:00,50.286500000000004,44.17333333333333,30.252166666666668,30.722222222222225,11.037037037037036,29.733333333333334,972.518,SITE 3,EXT
2026-01-16 02:00:00,50.783166666666666,44.99916666666666,31.003,29.75925925925926,11.907407407407408,33.6,971.8433333333334,SITE 3,EXT
2026-01-16 03:00:00,52.911833333333334,46.77316666666666,31.363833333333332,29.11111111111111,12.222222222222223,35.56666666666667,971.5106666666667,SITE 3,EXT
2026-01-16 04:00:00,53.765499999999996,48.01866666666667,32.292,27.85185185185185,12.944444444444446,40.13333333333333,971.6576666666666,SITE 3,EXT
2026-01-16 05:00:00,62.999,57.37016666666667,38.47683333333334,27.388888888888893,13.12962962962963,42.0,972.1503333333333,SITE 3,EXT
2026-01-16 06:00:00,78.1645,69.90783333333334,46.11116666666667,27.03703703703704,12.648148148148149,41.13333333333333,972.734,SITE 3,EXT
2026-01-16 07:00:00,134.968,123.82616666666667,77.45983333333334,26.90740740740741,13.314814814814815,43.333333333333336,973.596,SITE 3,EXT
2026-01-16 08:00:00,106.28333333333333,95.18283333333333,56.03883333333333,28.03703703703704,11.685185185185185,36.5,974.5126666666667,SITE 3,EXT
2026-01-16 09:00:00,64.61166666666666,57.563833333333335,36.32933333333334,29.425925925925927,9.75925925925926,29.6,974.8246666666668,SITE 3,EXT
2026-01-16 10:00:00,49.35116666666667,43.33433333333333,29.778833333333335,31.64814814814815,10.018518518518517,26.466666666666665,974.409,SITE 3,EXT
2026-01-16 11:00:00,39.18533333333333,31.615666666666666,22.035,34.074074074074076,11.88888888888889,26.066666666666666,973.6533333333333,SITE 3,EXT
2026-01-16 12:00:00,33.35366666666667,24.710333333333335,16.55,35.53703703703704,10.25925925925926,21.433333333333334,972.7946666666667,SITE 3,EXT
2026-01-16 13:00:00,30.739833333333333,22.412333333333333,14.808166666666667,36.81481481481482,6.574074074074074,15.566666666666666,971.7663333333334,SITE 3,EXT
2026-01-16 14:00:00,29.621129032258064,21.494032258064518,14.13483870967742,37.59856630824373,3.4408602150537635,11.774193548387096,970.7974193548388,SITE 3,EXT
2026-01-16 15:00:00,29.75583333333333,21.78216666666667,14.565499999999998,37.68518518518519,2.537037037037037,11.133333333333333,970.3976666666666,SITE 3,EXT
2026-01-16 16:00:00,30.6145,22.685499999999998,15.206833333333332,37.27777777777778,1.6296296296296298,10.5,970.496,SITE 3,EXT
2026-01-16 17:00:00,47.642833333333336,40.461999999999996,29.292333333333332,37.03703703703704,2.740740740740741,11.433333333333334,970.7153333333333,SITE 3,EXT
2026-01-16 18:00:00,82.94116666666667,74.1185,49.45483333333333,36.12962962962963,4.462962962962963,13.933333333333334,970.973,SITE 3,EXT
2026-01-16 19:00:00,69.82181818181817,59.92772727272727,39.62568181818182,35.0,5.1767676767676765,15.363636363636363,971.475,SITE 3,EXT
2026-01-16 20:00:00,49.050000000000004,41.699999999999996,27.583333333333332,31.2962962962963,5.0,18.666666666666668,972.73,SITE 3,EXT
2026-01-16 21:00:00,38.70816666666666,29.485333333333333,19.430333333333333,32.592592592592595,5.111111111111112,17.733333333333334,972.85,SITE 3,EXT
2026-01-16 22:00:00,35.19983333333333,25.551333333333332,16.761666666666667,32.48148148148148,4.444444444444445,17.1,972.9503333333333,SITE 3,EXT
2026-01-16 23:00:00,39.36383333333333,30.489833333333333,19.647666666666666,31.85185185185185,5.166666666666667,18.666666666666668,972.841,SITE 3,EXT
2026-01-17 00:00:00,40.07183333333333,31.50883333333333,20.367166666666666,31.240740740740744,5.62962962962963,19.866666666666667,972.6473333333334,SITE 3,EXT
2026-01-17 01:00:00,43.24766666666667,34.8995,22.91916666666667,30.222222222222225,6.888888888888889,23.233333333333334,972.284,SITE 3,EXT
2026-01-17 02:00:00,37.767,29.167166666666667,20.063333333333333,29.703703703703702,5.648148148148149,21.9,971.811,SITE 3,EXT
2026-01-17 03:00:00,34.93333333333333,25.522,16.9225,29.055555555555557,4.907407407407407,21.433333333333334,971.4516666666666,SITE 3,EXT
2026-01-17 04:00:00,36.171166666666664,26.863333333333333,17.558833333333332,28.40740740740741,5.166666666666667,22.666666666666668,971.4296666666667,SITE 3,EXT
2026-01-17 05:00:00,49.42209677419355,39.57741935483871,25.418709677419354,27.56272401433692,6.021505376344087,25.516129032258064,971.5841935483871,SITE 3,EXT
2026-01-17 06:00:00,54.187,45.96383333333333,30.307000000000002,27.203703703703706,6.37037037037037,26.633333333333333,971.7893333333334,SITE 3,EXT
2026-01-17 07:00:00,53.02916666666667,44.349666666666664,28.47233333333333,27.351851851851855,5.611111111111112,25.033333333333335,972.5133333333334,SITE 3,EXT
2026-01-17 08:00:00,40.98350000000001,32.94683333333333,21.725666666666665,28.018518518518523,4.592592592592593,22.333333333333332,973.3863333333334,SITE 3,EXT
2026-01-17 09:00:00,58.403000000000006,49.32166666666667,29.390666666666668,29.444444444444446,5.185185185185185,21.566666666666666,973.715,SITE 3,EXT
2026-01-17 10:00:00,33.69916666666667,25.211333333333336,16.696166666666667,32.0,2.9814814814814814,15.866666666666667,973.2506666666667,SITE 3,EXT
2026-01-17 11:00:00,29.258166666666668,21.150333333333332,13.822333333333335,34.111111111111114,1.6851851851851853,12.733333333333333,972.663,SITE 3,EXT
2026-01-17 12:00:00,28.277166666666666,20.139333333333333,13.061499999999999,35.88888888888889,0.9259259259259259,10.733333333333333,971.6746666666667,SITE 3,EXT
2026-01-17 13:00:00,27.468166666666665,19.590833333333332,12.714,37.24074074074074,0.35185185185185186,9.733333333333333,970.697,SITE 3,EXT
2026-01-17 14:00:00,28.302500000000002,20.180833333333332,13.154333333333334,37.62962962962963,0.6666666666666666,9.633333333333333,969.6883333333334,SITE 3,EXT
2026-01-17 15:00:00,28.189,20.341,13.422333333333334,37.833333333333336,0.6296296296296297,9.3,969.1846666666667,SITE 3,EXT
2026-01-17 16:00:00,27.804666666666666,20.040833333333335,13.1745,37.22222222222222,-0.03703703703703704,9.2,969.0673333333333,SITE 3,EXT
2026-01-17 17:00:00,37.17433333333334,28.748333333333335,19.30183333333333,37.22222222222222,1.2037037037037037,10.266666666666667,969.318,SITE 3,EXT
2026-01-17 18:00:00,60.088166666666666,51.90116666666667,33.998000000000005,36.05555555555556,3.888888888888889,13.333333333333334,969.8743333333333,SITE 3,EXT
2026-01-17 19:00:00,50.105333333333334,42.275666666666666,27.93166666666667,34.18518518518519,3.8148148148148153,14.733333333333333,970.635,SITE 3,EXT
2026-01-17 20:00:00,39.415499999999994,31.823500000000003,22.0715,33.12962962962963,3.5,15.1,971.5849999999999,SITE 3,EXT
2026-01-17 21:00:00,41.48266666666667,34.25033333333333,23.8865,32.388888888888886,2.7777777777777777,15.1,972.11,SITE 3,EXT
2026-01-17 22:00:00,34.023833333333336,24.817333333333334,16.143166666666666,31.31481481481482,2.055555555555556,15.266666666666667,972.0843333333333,SITE 3,EXT
2026-01-17 23:00:00,35.68183333333333,26.401999999999997,16.974333333333334,30.81481481481482,2.5925925925925926,16.366666666666667,971.9363333333333,SITE 3,EXT
2026-01-18 00:00:00,40.753,32.62083333333333,21.178833333333333,29.62962962962963,5.574074074074074,21.966666666666665,971.8616666666666,SITE 3,EXT
2026-01-18 01:00:00,46.77883333333333,38.99883333333333,25.117833333333333,28.574074074074076,7.537037037037037,26.533333333333335,971.5303333333334,SITE 3,EXT
2026-01-18 02:00:00,47.98416666666667,40.22683333333334,25.804,27.870370370370374,8.407407407407408,29.5,971.1536666666667,SITE 3,EXT
2026-01-18 03:00:00,46.674,39.34316666666667,25.075666666666667,27.055555555555557,9.111111111111112,32.5,970.809,SITE 3,EXT
2026-01-18 04:00:00,38.20666666666667,30.006666666666668,19.674,26.03703703703704,8.907407407407408,34.13333333333333,970.9073333333333,SITE 3,EXT
2026-01-18 05:00:00,46.64083333333333,39.919666666666664,27.14,25.425925925925927,8.351851851851853,34.03333333333333,971.0633333333334,SITE 3,EXT
2026-01-18 06:00:00,54.67816666666667,46.14266666666666,30.471999999999998,24.88888888888889,7.5925925925925934,33.36666666666667,971.6446666666667,SITE 3,EXT
2026-01-18 07:00:00,69.4375,60.38366666666666,39.30316666666667,25.12962962962963,5.62962962962963,28.433333333333334,972.4113333333333,SITE 3,EXT
2026-01-18 08:00:00,61.503166666666665,53.13933333333333,34.79183333333334,26.444444444444446,5.981481481481482,27.033333333333335,973.3243333333334,SITE 3,EXT
2026-01-18 09:00:00,57.55616666666666,49.157333333333334,29.17683333333333,28.370370370370374,4.314814814814815,21.666666666666668,973.5643333333334,SITE 3,EXT
2026-01-18 10:00:00,57.837,49.53216666666666,30.6905,30.40740740740741,3.7037037037037037,18.333333333333332,973.266,SITE 3,EXT
2026-01-18 11:00:00,30.97935483870968,23.181935483870966,15.61225806451613,32.92114695340502,3.064516129032258,15.064516129032258,972.3777419354839,SITE 3,EXT
2026-01-18 12:00:00,24.906,18.472666666666665,12.501166666666668,35.27777777777778,0.8148148148148149,11.033333333333333,971.1763333333333,SITE 3,EXT
2026-01-18 13:00:00,23.8055,17.787333333333333,12.217833333333335,36.777777777777786,0.14814814814814817,9.766666666666667,970.0093333333333,SITE 3,EXT
2026-01-18 14:00:00,24.145500000000002,18.216833333333334,12.6715,37.88888888888889,0.5,9.2,969.2003333333333,SITE 3,EXT
2026-01-18 15:00:00,23.097833333333334,17.3195,12.014333333333333,38.166666666666664,0.2777777777777778,8.9,968.6646666666667,SITE 3,EXT
2026-01-18 16:00:00,24.257166666666667,18.0975,12.588833333333334,38.2962962962963,0.2592592592592593,8.933333333333334,968.452,SITE 3,EXT
2026-01-18 17:00:00,32.525999999999996,26.031166666666667,17.594833333333334,37.92592592592593,0.5185185185185186,9.233333333333333,968.5663333333334,SITE 3,EXT
2026-01-18 18:00:00,77.6855,68.12983333333334,45.4685,36.7962962962963,3.2962962962962963,12.333333333333334,969.0626666666667,SITE 3,EXT
2026-01-18 19:00:00,130.47216666666665,119.36200000000001,76.54116666666667,35.0,6.814814814814815,17.566666666666666,969.919,SITE 3,EXT
2026-01-18 20:00:00,184.51766666666666,170.70716666666667,100.97866666666667,33.68518518518519,8.333333333333334,20.9,970.7613333333334,SITE 3,EXT
2026-01-18 21:00:00,169.5405,156.50183333333334,96.902,32.55555555555556,9.722222222222223,24.633333333333333,971.4423333333333,SITE 3,EXT
2026-01-18 22:00:00,142.18533333333335,130.38933333333333,81.79983333333332,32.05555555555556,10.444444444444445,26.466666666666665,971.6746666666667,SITE 3,EXT
2026-01-18 23:00:00,112.8925,102.17,63.035833333333336,30.962962962962965,11.074074074074074,29.6,971.4103333333334,SITE 3,EXT
2026-01-19 00:00:00,75.02083333333333,68.06383333333333,46.047000000000004,29.592592592592595,9.944444444444445,29.566666666666666,971.3080000000001,SITE 3,EXT
2026-01-19 01:00:00,79.61383333333333,72.13266666666667,48.743500000000004,29.51851851851852,9.703703703703702,29.2,970.7596666666667,SITE 3,EXT
2026-01-19 02:00:00,81.15866666666668,72.916,48.3315,28.87037037037037,9.037037037037038,29.166666666666668,970.1193333333333,SITE 3,EXT
2026-01-19 03:00:00,67.54883333333333,60.10133333333333,40.119166666666665,28.5,8.611111111111112,28.733333333333334,969.6553333333334,SITE 3,EXT
2026-01-19 04:00:00,61.2465,54.81283333333333,37.14566666666667,27.203703703703706,9.75925925925926,33.63333333333333,969.7403333333333,SITE 3,EXT
2026-01-19 05:00:00,84.02266666666667,76.34783333333333,51.42183333333333,26.925925925925927,8.296296296296296,31.1,970.2330000000001,SITE 3,EXT
2026-01-19 06:00:00,144.332,134.29316666666668,82.75183333333332,26.296296296296298,9.444444444444445,34.833333333333336,970.6686666666667,SITE 3,EXT
2026-01-19 07:00:00,118.54233333333333,108.462,68.208,26.0,8.74074074074074,33.8,971.4096666666667,SITE 3,EXT
2026-01-19 08:00:00,60.06183333333333,54.085166666666666,36.5875,26.888888888888893,7.407407407407407,29.2,972.3103333333333,SITE 3,EXT
2026-01-19 09:00:00,117.53633333333333,103.5515,47.844166666666666,28.351851851851855,7.222222222222223,26.633333333333333,972.573,SITE 3,EXT
2026-01-19 10:00:00,36.215333333333334,29.633,21.036166666666666,31.185185185185183,3.814814814814815,17.7,972.2206666666666,SITE 3,EXT
2026-01-19 11:00:00,26.5875,20.946,15.022,33.351851851851855,1.9444444444444444,13.466666666666667,971.353,SITE 3,EXT
2026-01-19 12:00:00,23.729499999999998,18.919666666666668,13.785833333333333,35.351851851851855,1.425925925925926,11.466666666666667,970.5433333333333,SITE 3,EXT
2026-01-19 13:00:00,24.251166666666666,19.079333333333334,14.083,36.907407407407405,0.7407407407407407,10.1,969.6633333333334,SITE 3,EXT
2026-01-19 14:00:00,24.38083333333333,19.4685,14.3455,37.98148148148149,0.8148148148148149,9.533333333333333,968.7463333333333,SITE 3,EXT
2026-01-19 15:00:00,27.866333333333333,22.83966666666667,16.514833333333332,38.592592592592595,0.6666666666666666,9.033333333333333,968.2080000000001,SITE 3,EXT
2026-01-19 16:00:00,38.68387096774194,33.733225806451614,24.258709677419354,38.88888888888889,0.9856630824372761,9.064516129032258,968.1745161290322,SITE 3,EXT
2026-01-19 17:00:00,43.6775,37.23350000000001,26.68133333333333,37.87037037037037,1.962962962962963,10.466666666666667,968.4873333333333,SITE 3,EXT
2026-01-19 18:00:00,103.5945,94.12866666666667,57.678999999999995,36.55555555555556,4.574074074074074,13.533333333333333,968.9913333333333,SITE 3,EXT
2026-01-19 19:00:00,118.2575,107.783,69.76816666666667,35.31481481481482,6.425925925925926,16.633333333333333,969.6813333333333,SITE 3,EXT
2026-01-19 20:00:00,154.60750000000002,141.41533333333334,85.8335,33.75925925925926,8.38888888888889,21.066666666666666,970.5533333333333,SITE 3,EXT
2026-01-19 21:00:00,178.46116666666666,163.93666666666667,98.96466666666667,32.81481481481482,8.203703703703704,21.7,971.2270000000001,SITE 3,EXT
2026-01-19 22:00:00,152.52533333333335,140.2295,87.01016666666666,31.722222222222225,10.203703703703702,26.566666666666666,971.444,SITE 3,EXT
2026-01-19 23:00:00,89.27716666666667,82.14016666666666,54.82966666666667,30.388888888888893,9.018518518518517,26.533333333333335,971.6606666666667,SITE 3,EXT
2026-01-20 00:00:00,94.48266666666667,86.53016666666667,57.58316666666666,29.814814814814817,7.648148148148149,24.933333333333334,971.6856666666666,SITE 3,EXT
2026-01-20 01:00:00,69.6505,63.62416666666666,43.69766666666667,29.166666666666668,7.074074074074074,24.833333333333332,971.5626666666667,SITE 3,EXT
2026-01-20 02:00:00,55.594166666666666,50.67183333333333,35.270833333333336,28.185185185185187,7.148148148148149,26.8,970.7913333333333,SITE 3,EXT
2026-01-20 03:00:00,65.021,59.69233333333333,40.9815,27.055555555555557,9.037037037037038,32.266666666666666,970.5403333333333,SITE 3,EXT
2026-01-20 04:00:00,60.64116666666666,55.381,38.088,26.01851851851852,8.962962962962964,34.166666666666664,970.6759999999999,SITE 3,EXT
2026-01-20 05:00:00,60.98133333333333,55.722,38.48416666666667,26.222222222222225,8.38888888888889,32.56666666666667,970.821,SITE 3,EXT
2026-01-20 06:00:00,89.97783333333334,82.03216666666667,54.385999999999996,25.01851851851852,8.851851851851851,36.166666666666664,971.4106666666667,SITE 3,EXT
2026-01-20 07:00:00,123.10666666666665,114.11783333333332,73.04950000000001,25.518518518518523,8.24074074074074,33.56666666666667,972.234,SITE 3,EXT
2026-01-20 08:00:00,58.827999999999996,52.0855,35.43566666666666,26.22222222222222,6.37037037037037,28.3,973.2433333333333,SITE 3,EXT
2026-01-20 09:00:00,39.98666666666667,33.291666666666664,22.620833333333334,27.90740740740741,5.648148148148149,24.366666666666667,973.7376666666667,SITE 3,EXT
2026-01-20 10:00:00,35.12116666666667,29.0935,21.014166666666668,29.796296296296298,5.222222222222222,21.066666666666666,973.441,SITE 3,EXT
2026-01-20 11:00:00,24.213823529411766,19.224117647058822,14.293235294117649,31.405228758169937,4.640522875816993,18.294117647058822,973.0676470588236,SITE 3,EXT
2026-01-20 16:00:00,23.307586206896552,18.6651724137931,13.95551724137931,36.0536398467433,4.444444444444445,13.827586206896552,969.4241379310345,SITE 3,EXT
2026-01-20 17:00:00,29.138166666666667,22.979,16.886166666666668,36.50000000000001,4.777777777777778,13.866666666666667,969.5580000000001,SITE 3,EXT
2026-01-20 18:00:00,56.305,49.754,35.46066666666666,35.44444444444445,6.851851851851852,16.966666666666665,970.2843333333333,SITE 3,EXT
2026-01-20 19:00:00,89.53316666666666,81.97516666666667,55.75366666666666,34.2037037037037,7.722222222222223,19.4,971.1776666666667,SITE 3,EXT
2026-01-20 20:00:00,80.52316666666667,73.45983333333334,49.78216666666666,33.074074074074076,8.037037037037038,21.266666666666666,971.9273333333333,SITE 3,EXT
2026-01-20 21:00:00,93.55616666666667,84.72416666666666,56.709666666666664,32.333333333333336,8.092592592592593,22.2,972.545,SITE 3,EXT
2026-01-20 22:00:00,66.57354838709678,59.48612903225806,38.77903225806452,32.02508960573477,7.5089605734767035,21.64516129032258,972.8645161290323,SITE 3,EXT
2026-01-20 23:00:00,79.2435,70.85733333333333,46.412000000000006,30.851851851851855,9.796296296296298,27.333333333333332,973.061,SITE 3,EXT
2026-01-21 00:00:00,34.6325,27.943499999999997,20.44183333333333,29.722222222222225,6.185185185185186,22.666666666666668,972.9513333333333,SITE 3,EXT
2026-01-21 01:00:00,29.12933333333333,22.53033333333333,16.179166666666667,28.925925925925927,5.481481481481481,22.6,972.5116666666667,SITE 3,EXT
2026-01-21 02:00:00,28.52,21.454166666666666,15.121166666666666,27.574074074074076,5.703703703703704,24.8,972.0283333333333,SITE 3,EXT
2026-01-21 03:00:00,27.205666666666666,20.141166666666667,13.937000000000001,26.833333333333332,5.703703703703704,25.966666666666665,971.64,SITE 3,EXT
2026-01-21 04:00:00,25.9925,19.1165,13.127,26.333333333333332,5.537037037037037,26.5,971.7473333333332,SITE 3,EXT
2026-01-21 05:00:00,30.3035,22.650666666666666,15.566,25.64814814814815,5.277777777777778,27.066666666666666,972.0056666666667,SITE 3,EXT
2026-01-21 06:00:00,42.5835,34.17266666666667,22.819833333333335,25.53703703703704,5.537037037037037,27.8,972.3933333333333,SITE 3,EXT
2026-01-21 07:00:00,40.488166666666665,32.5425,21.983,25.01851851851852,5.685185185185185,29.0,973.1746666666667,SITE 3,EXT
2026-01-21 08:00:00,30.704833333333333,22.856833333333334,15.428666666666667,25.425925925925927,5.722222222222223,28.4,973.851,SITE 3,EXT
2026-01-21 09:00:00,36.56666666666667,28.185666666666666,16.994166666666665,26.444444444444446,4.481481481481482,24.333333333333332,974.0506666666666,SITE 3,EXT
2026-01-21 10:00:00,42.64833333333333,34.911833333333334,22.472166666666666,28.61111111111111,4.351851851851852,21.266666666666666,973.8683333333333,SITE 3,EXT
2026-01-21 11:00:00,26.678833333333333,19.7375,14.021333333333333,30.962962962962965,4.444444444444445,18.6,973.0473333333333,SITE 3,EXT
2026-01-21 12:00:00,25.91916666666667,19.5375,14.423499999999999,32.94444444444444,4.574074074074074,16.733333333333334,971.9233333333334,SITE 3,EXT
2026-01-21 13:00:00,22.724666666666668,16.897833333333335,11.925666666666666,35.092592592592595,5.166666666666667,15.4,970.706,SITE 3,EXT
2026-01-21 14:00:00,23.531333333333336,17.7185,12.879833333333332,36.14814814814815,4.981481481481482,14.333333333333334,969.7533333333333,SITE 3,EXT
2026-01-21 15:00:00,23.38133333333333,17.831,13.084833333333334,36.833333333333336,5.0,13.9,969.1323333333333,SITE 3,EXT
2026-01-21 16:00:00,24.356166666666663,18.4325,13.432833333333333,37.22222222222222,5.222222222222222,13.666666666666666,968.993,SITE 3,EXT
2026-01-21 17:00:00,35.501999999999995,29.096999999999998,20.903166666666667,36.7962962962963,5.37037037037037,14.333333333333334,969.4253333333334,SITE 3,EXT
2026-01-21 18:00:00,156.6545,149.74083333333334,99.65966666666667,35.48148148148149,6.703703703703704,16.9,969.932,SITE 3,EXT
2026-01-21 19:00:00,199.87966666666668,190.699,118.6785,34.42592592592593,7.407407407407407,18.9,970.4753333333333,SITE 3,EXT
2026-01-21 20:00:00,154.94383333333332,140.21683333333334,85.96066666666667,33.25925925925926,8.88888888888889,22.333333333333332,971.37,SITE 3,EXT
2026-01-21 21:00:00,86.08816666666667,77.65366666666667,51.74083333333333,32.42592592592593,7.814814814814815,21.666666666666668,972.2293333333333,SITE 3,EXT
2026-01-21 22:00:00,41.23466666666666,33.98316666666667,23.9845,31.703703703703706,6.5,20.6,972.552,SITE 3,EXT
2026-01-21 23:00:00,37.4295,29.689166666666665,20.551166666666667,30.25925925925926,6.722222222222223,22.966666666666665,972.8813333333333,SITE 3,EXT
2026-01-22 00:00:00,31.279193548387095,24.03790322580645,17.246774193548386,28.978494623655916,5.627240143369176,22.70967741935484,973.1377419354839,SITE 3,EXT
2026-01-22 01:00:00,28.62933333333333,22.041,15.781833333333333,27.61111111111111,5.018518518518518,23.533333333333335,973.1163333333334,SITE 3,EXT
2026-01-22 02:00:00,29.625,22.73966666666667,16.215833333333332,26.944444444444446,4.703703703703704,24.0,972.6046666666666,SITE 3,EXT
2026-01-22 03:00:00,29.545333333333335,22.685333333333332,16.122,26.592592592592595,4.703703703703704,24.566666666666666,972.3653333333333,SITE 3,EXT
2026-01-22 04:00:00,29.659333333333333,22.254833333333334,15.407333333333334,25.61111111111111,3.7037037037037037,24.0,972.5419999999999,SITE 3,EXT
2026-01-22 05:00:00,34.164,26.839,19.448833333333333,25.0,3.555555555555556,24.733333333333334,972.856,SITE 3,EXT
2026-01-22 06:00:00,50.130833333333335,43.161833333333334,29.336666666666666,24.444444444444446,3.388888888888889,25.733333333333334,973.2546666666666,SITE 3,EXT
2026-01-22 07:00:00,42.07983333333333,35.31666666666667,24.823833333333333,24.01851851851852,3.277777777777778,26.1,973.9256666666666,SITE 3,EXT
2026-01-22 08:00:00,28.4205,21.740000000000002,15.097166666666668,24.314814814814817,1.9814814814814814,23.4,974.5746666666668,SITE 3,EXT
2026-01-22 09:00:00,21.880499999999998,17.138333333333332,12.360666666666667,26.27777777777778,0.7407407407407407,18.9,974.7366666666666,SITE 3,EXT
2026-01-22 10:00:00,38.26616666666666,32.04516666666667,17.263666666666666,28.75925925925926,-0.03703703703703704,15.333333333333334,974.434,SITE 3,EXT
2026-01-22 11:00:00,36.445,31.07,18.860833333333336,30.90740740740741,0.12962962962962965,13.7,973.6703333333334,SITE 3,EXT
2026-01-22 12:00:00,24.623,20.826666666666664,14.854166666666666,33.05555555555556,0.8333333333333334,12.633333333333333,972.439,SITE 3,EXT
2026-01-22 13:00:00,20.910166666666665,16.717333333333332,12.532833333333334,34.74074074074074,1.1296296296296298,11.9,971.2493333333333,SITE 3,EXT
2026-01-22 14:00:00,23.671833333333332,18.514666666666667,13.757333333333333,35.7037037037037,1.277777777777778,11.033333333333333,970.5360000000001,SITE 3,EXT
2026-01-22 15:00:00,24.96783333333333,19.455333333333332,14.391,36.50000000000001,1.4444444444444444,10.966666666666667,970.2443333333334,SITE 3,EXT
2026-01-22 16:00:00,26.266833333333334,20.249000000000002,14.784166666666666,36.611111111111114,1.9814814814814816,11.033333333333333,970.1830000000001,SITE 3,EXT
2026-01-22 17:00:00,54.285833333333336,48.310500000000005,35.94316666666667,35.96296296296296,2.648148148148148,12.133333333333333,970.4706666666666,SITE 3,EXT
2026-01-22 18:00:00,112.44733333333333,106.3065,73.71566666666666,35.24074074074074,4.388888888888889,14.533333333333333,971.1066666666667,SITE 3,EXT
2026-01-22 19:00:00,105.76416666666667,97.434,67.63566666666667,34.074074074074076,5.277777777777778,16.5,971.9806666666666,SITE 3,EXT
2026-01-22 20:00:00,55.584833333333336,50.044333333333334,36.41283333333333,33.12962962962963,4.962962962962963,16.966666666666665,972.809,SITE 3,EXT
2026-01-22 21:00:00,40.278999999999996,33.8275,25.209333333333333,31.703703703703702,3.62962962962963,16.966666666666665,973.2833333333333,SITE 3,EXT
2026-01-22 22:00:00,32.01433333333333,24.593999999999998,17.497666666666667,31.129629629629633,3.4444444444444446,17.133333333333333,973.3516666666667,SITE 3,EXT
2026-01-22 23:00:00,33.85933333333333,25.872666666666664,18.198666666666668,30.388888888888893,3.6851851851851856,18.2,973.0319999999999,SITE 3,EXT
2026-01-23 00:00:00,32.231,24.639333333333333,17.59466666666667,29.444444444444446,3.6481481481481484,19.066666666666666,972.876,SITE 3,EXT
2026-01-23 01:00:00,29.570967741935487,22.781612903225806,16.08983870967742,29.193548387096776,3.369175627240143,19.129032258064516,972.7629032258066,SITE 3,EXT
2026-01-23 02:00:00,28.751666666666665,22.2505,15.944666666666668,28.48148148148148,3.277777777777778,19.966666666666665,972.495,SITE 3,EXT
2026-01-23 03:00:00,29.0535,22.434,15.898,27.074074074074076,3.2037037037037037,21.333333333333332,972.3166666666667,SITE 3,EXT
2026-01-23 04:00:00,28.987666666666666,22.457333333333334,16.015166666666666,26.64814814814815,2.759259259259259,21.066666666666666,972.5306666666667,SITE 3,EXT
2026-01-23 05:00:00,32.466,24.89816666666667,17.819333333333336,26.5,2.7777777777777777,21.633333333333333,972.6973333333333,SITE 3,EXT
2026-01-23 06:00:00,54.566,47.64233333333333,32.136,26.037037037037035,3.0185185185185186,22.433333333333334,972.9293333333334,SITE 3,EXT
2026-01-23 07:00:00,48.257666666666665,42.25983333333333,29.539833333333334,25.685185185185183,2.944444444444444,22.966666666666665,973.5366666666666,SITE 3,EXT
2026-01-23 08:00:00,38.94913043478261,32.54478260869565,23.296521739130437,25.772946859903385,2.874396135265701,22.608695652173914,974.3260869565217,SITE 3,EXT
2026-01-23 09:00:00,38.12983870967742,31.01306451612903,19.99435483870968,27.1326164874552,0.7706093189964158,17.93548387096774,974.8661290322581,SITE 3,EXT
2026-01-23 10:00:00,27.86,22.261166666666668,15.568000000000001,29.388888888888893,-0.5555555555555556,14.166666666666666,974.704,SITE 3,EXT
2026-01-23 11:00:00,21.77733333333333,17.3725,13.053333333333335,31.185185185185187,-1.6111111111111112,11.733333333333333,974.0550000000001,SITE 3,EXT
2026-01-23 12:00:00,21.971666666666668,17.625999999999998,13.256833333333333,33.42592592592593,-1.074074074074074,10.833333333333334,972.9689999999999,SITE 3,EXT
2026-01-23 13:00:00,22.894166666666667,18.296166666666668,13.715333333333332,34.77777777777778,-0.46296296296296297,10.133333333333333,971.946,SITE 3,EXT
2026-01-23 14:00:00,22.4185,17.813166666666667,13.490499999999999,36.037037037037045,-0.4444444444444445,9.7,970.9576666666667,SITE 3,EXT
2026-01-23 15:00:00,23.975833333333334,18.989166666666666,14.150833333333333,36.31481481481482,-0.2592592592592593,9.766666666666667,970.51,SITE 3,EXT
2026-01-23 16:00:00,26.496666666666666,20.820833333333333,15.325833333333332,36.111111111111114,0.07407407407407408,10.133333333333333,970.545,SITE 3,EXT
2026-01-23 17:00:00,38.056000000000004,31.224833333333333,23.609666666666666,35.351851851851855,1.4444444444444444,11.6,970.9733333333334,SITE 3,EXT
2026-01-23 18:00:00,56.82783333333334,50.021499999999996,36.964666666666666,34.407407407407405,2.4074074074074074,13.233333333333333,971.746,SITE 3,EXT
2026-01-23 19:00:00,92.93916666666668,83.25666666666666,56.124,33.574074074074076,3.314814814814815,14.766666666666667,972.4543333333334,SITE 3,EXT
2026-01-23 20:00:00,89.652,80.42033333333333,54.1205,32.72222222222222,3.1666666666666665,15.266666666666667,973.5636666666667,SITE 3,EXT
2026-01-23 21:00:00,43.4195,36.5925,26.438,31.814814814814817,2.444444444444444,15.233333333333333,974.2639999999999,SITE 3,EXT
2026-01-23 22:00:00,32.468333333333334,25.038,18.201666666666664,30.90740740740741,1.8333333333333333,15.3,974.45,SITE 3,EXT
2026-01-23 23:00:00,33.321,25.638666666666666,18.451666666666664,30.27777777777778,2.2592592592592595,16.566666666666666,974.3563333333333,SITE 3,EXT
2026-01-24 00:00:00,32.857166666666664,25.223333333333336,18.079666666666665,29.425925925925927,1.5370370370370372,16.6,974.0903333333333,SITE 3,EXT
2026-01-24 01:00:00,31.611,24.434166666666666,17.458833333333335,28.48148148148148,1.2222222222222223,17.0,973.6056666666666,SITE 3,EXT
2026-01-24 02:00:00,30.444333333333336,23.629,17.056,27.925925925925927,0.7592592592592593,16.966666666666665,973.0396666666667,SITE 3,EXT
2026-01-24 03:00:00,30.92733333333333,23.842333333333332,17.196833333333334,27.27777777777778,-0.22222222222222224,16.466666666666665,972.994,SITE 3,EXT
2026-01-24 04:00:00,31.212333333333333,24.009666666666664,17.2345,26.703703703703706,-1.2222222222222223,15.933333333333334,973.0376666666667,SITE 3,EXT
2026-01-24 05:00:00,32.2205,25.6875,18.355833333333333,26.444444444444446,-0.888888888888889,16.2,973.318,SITE 3,EXT
2026-01-24 06:00:00,49.654833333333336,41.4455,27.51833333333333,26.11111111111111,-0.6296296296296297,17.133333333333333,973.9196666666667,SITE 3,EXT
2026-01-24 07:00:00,91.65316666666666,83.748,55.312999999999995,25.962962962962965,1.9444444444444444,21.066666666666666,974.9330000000001,SITE 3,EXT
2026-01-24 08:00:00,52.814,47.285833333333336,33.47633333333333,26.14814814814815,1.0555555555555556,19.466666666666665,975.9686666666668,SITE 3,EXT
2026-01-24 09:00:00,51.730645161290326,44.24709677419355,26.40306451612903,28.046594982078854,-1.7921146953405018,14.03225806451613,976.2854838709677,SITE 3,EXT
2026-01-24 10:00:00,35.8605,30.175333333333334,21.0955,30.5,-4.000000000000001,10.1,975.8353333333333,SITE 3,EXT
2026-01-24 11:00:00,25.521833333333333,20.393166666666666,15.135,32.666666666666664,-2.7407407407407405,9.9,974.9003333333334,SITE 3,EXT
2026-01-24 12:00:00,26.0585,20.662666666666667,15.214,34.61111111111111,-2.5185185185185186,9.066666666666666,973.954,SITE 3,EXT
2026-01-24 13:00:00,25.777333333333335,20.6505,15.326500000000001,36.18518518518519,-2.0,8.466666666666667,972.8316666666667,SITE 3,EXT
2026-01-24 14:00:00,28.161,22.165833333333335,16.386166666666664,37.11111111111111,-0.9814814814814815,9.0,971.8109999999999,SITE 3,EXT
2026-01-24 15:00:00,28.316333333333333,22.3385,16.563666666666666,37.53703703703704,-0.6481481481481483,8.933333333333334,971.3773333333334,SITE 3,EXT
2026-01-24 16:00:00,32.54183333333334,26.055666666666664,19.549833333333332,37.42592592592593,0.40740740740740744,9.533333333333333,971.1483333333333,SITE 3,EXT
2026-01-24 17:00:00,58.04383333333333,52.018,37.3495,36.81481481481482,2.148148148148148,11.266666666666667,971.4686666666668,SITE 3,EXT
2026-01-24 18:00:00,114.28016666666667,108.648,76.64266666666667,35.87037037037037,4.777777777777778,14.266666666666667,972.0863333333333,SITE 3,EXT
2026-01-24 19:00:00,141.1218333333333,133.07716666666667,87.86149999999999,34.7037037037037,5.388888888888888,15.933333333333334,972.9599999999999,SITE 3,EXT
2026-01-24 20:00:00,154.3381666666667,143.57250000000002,93.17966666666666,33.74074074074074,7.055555555555556,19.166666666666668,973.953,SITE 3,EXT
2026-01-24 21:00:00,127.58733333333333,116.98333333333333,75.36383333333333,32.648148148148145,7.814814814814815,21.333333333333332,975.0353333333334,SITE 3,EXT
2026-01-24 22:00:00,68.52066666666666,62.60933333333333,44.0445,32.0,5.407407407407407,18.733333333333334,975.2783333333333,SITE 3,EXT
2026-01-24 23:00:00,38.8755,33.13666666666667,24.754,31.203703703703706,3.055555555555556,16.7,975.1603333333334,SITE 3,EXT
2026-01-25 00:00:00,32.09916666666667,25.113166666666665,18.587,30.314814814814817,1.9814814814814814,16.133333333333333,974.7176666666667,SITE 3,EXT
2026-01-25 01:00:00,29.86433333333333,23.481,17.2285,29.370370370370374,-0.07407407407407408,14.566666666666666,974.3166666666667,SITE 3,EXT
2026-01-25 02:00:00,29.754,23.275666666666666,16.851666666666667,29.055555555555557,0.35185185185185186,15.333333333333334,974.2080000000001,SITE 3,EXT
2026-01-25 03:00:00,27.642166666666665,21.790166666666668,15.982666666666667,27.722222222222225,-1.2222222222222223,15.0,973.872,SITE 3,EXT
2026-01-25 04:00:00,26.947499999999998,21.571666666666665,15.945,27.12962962962963,-1.1296296296296298,15.533333333333333,974.0903333333333,SITE 3,EXT
2026-01-25 05:00:00,28.647499999999997,22.837666666666667,17.161833333333334,26.833333333333332,-2.0185185185185186,15.0,974.3763333333334,SITE 3,EXT
2026-01-25 06:00:00,30.190333333333335,23.447166666666664,17.012666666666668,26.092592592592595,-2.148148148148148,15.3,975.064,SITE 3,EXT
2026-01-25 07:00:00,29.182166666666667,22.80366666666667,16.7335,25.555555555555557,-2.111111111111111,16.066666666666666,975.8326666666667,SITE 3,EXT
2026-01-25 08:00:00,30.4885,24.39333333333333,17.74416666666667,26.296296296296298,-1.8333333333333333,15.533333333333333,976.6476666666666,SITE 3,EXT
2026-01-25 09:00:00,57.12966666666667,48.936166666666665,28.784166666666668,28.074074074074076,-4.166666666666667,11.6,976.779,SITE 3,EXT
2026-01-25 10:00:00,29.913833333333333,24.167333333333332,18.2415,30.333333333333332,-6.796296296296296,8.266666666666667,976.216,SITE 3,EXT
2026-01-25 11:00:00,29.125645161290322,23.35516129032258,17.698225806451614,32.32974910394265,-7.867383512544803,6.67741935483871,975.4641935483871,SITE 3,EXT
2026-01-25 12:00:00,27.954,22.6835,17.140333333333334,34.111111111111114,-8.74074074074074,5.433333333333334,974.2066666666667,SITE 3,EXT
2026-01-25 13:00:00,22.636166666666668,18.419833333333333,14.391166666666667,34.88888888888889,-8.88888888888889,5.066666666666666,973.079,SITE 3,EXT
2026-01-25 14:00:00,20.107666666666667,16.867,13.4825,36.0,-8.148148148148149,5.066666666666666,972.259,SITE 3,EXT
2026-01-25 15:00:00,29.5135,25.175166666666666,19.6335,36.111111111111114,-7.148148148148149,5.733333333333333,971.7963333333333,SITE 3,EXT
2026-01-25 16:00:00,47.888333333333335,42.77733333333333,33.12233333333333,36.01851851851852,-5.962962962962963,6.1,971.7763333333334,SITE 3,EXT
2026-01-25 17:00:00,34.974666666666664,28.674833333333332,22.296333333333333,35.62962962962963,-5.555555555555555,6.5,972.0923333333334,SITE 3,EXT
2026-01-25 18:00:00,59.78366666666667,53.8365,37.92133333333334,34.48148148148148,-3.425925925925926,8.466666666666667,972.4336666666666,SITE 3,EXT
2026-01-25 19:00:00,62.71333333333334,56.50366666666667,40.643,33.333333333333336,-2.388888888888889,9.833333333333334,973.0419999999999,SITE 3,EXT
2026-01-25 20:00:00,54.62,49.55083333333334,36.1875,32.148148148148145,-2.648148148148148,10.3,974.0446666666667,SITE 3,EXT
2026-01-25 21:00:00,36.839333333333336,29.576166666666666,22.424,30.90740740740741,-2.9814814814814814,10.6,974.599,SITE 3,EXT
2026-01-25 22:00:00,34.92466666666667,28.223833333333335,21.2325,30.518518518518523,-3.2962962962962963,10.566666666666666,974.8563333333333,SITE 3,EXT
2026-01-25 23:00:00,40.50416666666667,34.8265,25.0595,29.14814814814815,-4.740740740740741,10.233333333333333,974.9123333333333,SITE 3,EXT
2026-01-26 00:00:00,26.419666666666668,21.176166666666667,15.858666666666666,28.88888888888889,-4.703703703703704,10.5,974.8016666666666,SITE 3,EXT
2026-01-26 01:00:00,28.72283333333333,22.866,16.73633333333333,28.314814814814817,-3.666666666666667,11.866666666666667,974.3996666666667,SITE 3,EXT
2026-01-26 02:00:00,25.387,20.541333333333334,15.404333333333334,27.555555555555557,-2.944444444444444,13.0,973.7346666666667,SITE 3,EXT
2026-01-26 03:00:00,25.32016666666667,20.368333333333332,15.229833333333334,26.685185185185183,-2.648148148148148,14.266666666666667,973.35,SITE 3,EXT
2026-01-26 04:00:00,26.6165,21.353666666666665,16.065833333333334,25.944444444444446,-1.5370370370370372,16.233333333333334,973.2656666666667,SITE 3,EXT
2026-01-26 05:00:00,32.23083333333333,26.233999999999998,19.900333333333332,25.240740740740744,-0.7037037037037037,17.766666666666666,973.3833333333333,SITE 3,EXT
2026-01-26 06:00:00,41.71033333333333,34.57450000000001,24.913166666666665,25.0,0.14814814814814817,19.4,973.6733333333334,SITE 3,EXT
2026-01-26 07:00:00,49.82383333333333,42.92433333333334,29.342333333333332,25.055555555555554,1.0185185185185186,20.666666666666668,974.2803333333334,SITE 3,EXT
2026-01-26 08:00:00,30.5665,23.9965,17.7395,25.944444444444446,1.925925925925926,20.866666666666667,975.0623333333333,SITE 3,EXT
2026-01-26 09:00:00,47.461,40.159,23.800833333333333,27.796296296296298,1.7592592592592593,18.533333333333335,975.2643333333333,SITE 3,EXT
2026-01-26 10:00:00,58.67916666666667,50.72666666666667,29.880999999999997,30.222222222222225,1.0925925925925926,15.2,975.0020000000001,SITE 3,EXT
2026-01-26 11:00:00,26.405166666666666,21.152666666666665,16.072166666666668,32.333333333333336,-0.11111111111111112,12.3,974.569,SITE 3,EXT
2026-01-26 12:00:00,24.437,19.759333333333334,15.196499999999999,34.2037037037037,-0.5925925925925927,10.633333333333333,973.703,SITE 3,EXT
2026-01-26 13:00:00,24.688499999999998,20.032666666666668,15.322166666666668,35.98148148148149,-2.148148148148148,8.6,972.5463333333333,SITE 3,EXT
2026-01-26 14:00:00,81.49033333333334,71.4395,36.71816666666667,36.72222222222222,-2.5,7.933333333333334,971.7316666666667,SITE 3,EXT
2026-01-26 15:00:00,28.050833333333333,22.7575,16.792166666666667,37.07407407407407,-3.092592592592593,7.4,971.341,SITE 3,EXT
2026-01-26 16:00:00,25.70266666666667,20.524333333333335,15.664333333333333,37.03703703703704,-3.388888888888889,7.2,971.3593333333333,SITE 3,EXT
2026-01-26 17:00:00,32.05725806451613,25.06693548387097,18.65016129032258,36.344086021505376,-2.240143369175627,8.35483870967742,971.6641935483871,SITE 3,EXT
2026-01-26 18:00:00,64.20783333333333,57.88366666666666,40.0815,34.77777777777778,-0.6481481481481483,10.233333333333333,972.1783333333333,SITE 3,EXT
2026-01-26 19:00:00,63.13466666666667,56.896166666666666,41.4765,33.092592592592595,-0.16666666666666666,11.866666666666667,973.0383333333334,SITE 3,EXT
2026-01-26 20:00:00,42.529666666666664,35.80683333333333,26.952,32.31481481481482,-0.24074074074074076,12.033333333333333,973.7083333333334,SITE 3,EXT
2026-01-26 21:00:00,36.949,28.968666666666664,21.148833333333336,31.944444444444446,-0.24074074074074076,12.366666666666667,974.3173333333333,SITE 3,EXT
2026-01-26 22:00:00,33.35966666666666,25.560166666666664,18.415166666666668,30.833333333333332,-0.5,13.0,974.5803333333333,SITE 3,EXT
2026-01-26 23:00:00,30.616,23.023500000000002,16.448,29.574074074074076,-1.5370370370370372,13.0,974.5713333333333,SITE 3,EXT
2026-01-27 00:00:00,31.118666666666666,23.427500000000002,16.672333333333334,29.037037037037035,-1.777777777777778,13.0,974.3483333333334,SITE 3,EXT
2026-01-27 01:00:00,30.73966666666667,22.975166666666667,16.319666666666667,28.462962962962965,-1.7222222222222223,13.766666666666667,973.9516666666666,SITE 3,EXT
2026-01-27 02:00:00,30.17366666666667,22.680666666666664,16.167166666666667,27.77777777777778,-2.055555555555556,14.0,973.3946666666667,SITE 3,EXT
2026-01-27 03:00:00,30.332833333333333,22.913666666666664,16.268166666666666,27.11111111111111,-2.111111111111111,14.4,973.1473333333332,SITE 3,EXT
2026-01-27 04:00:00,31.572999999999997,23.571,16.53033333333333,26.24074074074074,-2.2222222222222223,15.0,973.297,SITE 3,EXT
2026-01-27 05:00:00,40.030166666666666,32.6975,23.55366666666667,25.722222222222225,-2.814814814814815,14.8,973.7453333333334,SITE 3,EXT
2026-01-27 06:00:00,43.46133333333333,36.525666666666666,26.3875,25.555555555555557,-2.685185185185185,15.133333333333333,974.0093333333333,SITE 3,EXT
2026-01-27 07:00:00,82.19933333333333,72.4835,47.268166666666666,25.518518518518523,-1.3518518518518519,16.8,974.6270000000001,SITE 3,EXT
2026-01-27 08:00:00,45.30566666666667,38.07516666666667,26.7855,25.666666666666668,-1.5555555555555558,16.4,975.4826666666667,SITE 3,EXT
2026-01-27 09:00:00,54.67100000000001,46.43683333333333,28.822999999999997,27.518518518518523,-3.555555555555556,12.633333333333333,975.5143333333333,SITE 3,EXT
2026-01-27 10:00:00,29.8655,23.03483333333333,17.0545,29.888888888888893,-5.703703703703704,9.166666666666666,975.217,SITE 3,EXT
2026-01-27 11:00:00,26.21916666666667,20.233333333333334,14.983833333333333,32.24074074074074,-6.388888888888889,7.533333333333333,974.7253333333333,SITE 3,EXT
2026-01-27 12:00:00,24.360166666666665,18.80183333333333,14.048666666666666,34.46296296296296,-6.814814814814815,6.466666666666667,973.638,SITE 3,EXT
2026-01-27 13:00:00,24.013333333333332,18.65583333333333,13.945,36.14814814814815,-6.703703703703704,6.0,972.554,SITE 3,EXT
2026-01-27 14:00:00,25.863,19.926666666666666,14.920333333333334,37.64814814814815,-6.5925925925925934,5.2,971.4813333333333,SITE 3,EXT
2026-01-27 15:00:00,28.231,21.93933333333333,16.593833333333333,38.092592592592595,-6.37037037037037,5.133333333333334,970.8586666666667,SITE 3,EXT
2026-01-27 16:00:00,28.365666666666666,22.049,16.636,37.851851851851855,-5.777777777777778,5.766666666666667,970.749,SITE 3,EXT
2026-01-27 17:00:00,45.92816666666667,39.343333333333334,29.413,37.57407407407407,-3.7222222222222223,6.866666666666666,971.1976666666667,SITE 3,EXT
2026-01-27 18:00:00,86.95416666666667,78.8495,53.818999999999996,36.25925925925926,-0.42592592592592593,9.533333333333333,971.99,SITE 3,EXT
2026-01-27 19:00:00,113.875,102.27950000000001,67.65116666666667,34.98148148148148,1.277777777777778,11.833333333333334,972.8376666666667,SITE 3,EXT
2026-01-27 20:00:00,101.6215,92.14450000000001,62.125499999999995,33.96296296296296,1.277777777777778,12.3,973.6936666666667,SITE 3,EXT
2026-01-27 21:00:00,98.05,89.0855,59.6105,32.7962962962963,1.5555555555555556,13.666666666666666,974.099,SITE 3,EXT
2026-01-27 22:00:00,126.74193548387096,116.05032258064516,73.91048387096774,31.397849462365592,5.770609318996415,19.93548387096774,974.0970967741935,SITE 3,EXT
2026-01-27 23:00:00,90.2245,82.21383333333333,56.136833333333335,30.03703703703704,6.185185185185186,22.333333333333332,974.1419999999999,SITE 3,EXT
2026-01-28 00:00:00,79.52749999999999,71.856,49.08583333333333,29.444444444444446,3.6296296296296293,19.166666666666668,973.9553333333333,SITE 3,EXT
2026-01-28 01:00:00,38.89783333333333,32.94916666666667,24.7865,29.166666666666668,-0.6111111111111112,14.233333333333333,973.45,SITE 3,EXT
2026-01-28 02:00:00,35.947,28.416166666666665,21.72233333333333,28.62962962962963,-2.0925925925925926,13.266666666666667,972.693,SITE 3,EXT
2026-01-28 03:00:00,33.87266666666667,26.0405,20.082,28.092592592592595,-2.3703703703703707,13.3,972.3686666666667,SITE 3,EXT
2026-01-28 04:00:00,36.754000000000005,30.1785,23.151166666666665,27.425925925925927,-3.0185185185185186,13.1,972.5176666666666,SITE 3,EXT
2026-01-28 05:00:00,40.936,35.40716666666666,26.685166666666667,26.833333333333332,-2.611111111111111,14.0,972.9023333333333,SITE 3,EXT
2026-01-28 06:00:00,73.42816666666666,63.840333333333334,42.94466666666666,26.314814814814817,-1.4444444444444444,15.933333333333334,973.3246666666668,SITE 3,EXT
2026-01-28 07:00:00,83.24413793103449,73.72568965517242,49.22965517241379,26.340996168582375,-1.4942528735632186,15.89655172413793,973.9799999999999,SITE 3,EXT
2026-01-28 08:00:00,53.883833333333335,48.22,35.051833333333335,26.814814814814817,-0.46296296296296297,16.733333333333334,974.8443333333333,SITE 3,EXT
2026-01-28 09:00:00,36.6355,29.730999999999998,23.176499999999997,28.166666666666668,-1.2222222222222223,14.6,975.1550000000001,SITE 3,EXT
2026-01-28 10:00:00,59.41433333333334,51.933166666666665,33.9955,30.48148148148148,-2.2222222222222223,11.7,974.9963333333333,SITE 3,EXT
2026-01-28 11:00:00,36.342999999999996,28.701999999999998,21.492,32.851851851851855,-2.648148148148148,9.933333333333334,974.2743333333333,SITE 3,EXT
2026-01-28 12:00:00,33.91566666666667,25.519833333333334,18.670166666666667,35.07407407407407,-2.0925925925925926,8.966666666666667,973.1786666666667,SITE 3,EXT
2026-01-28 13:00:00,31.559166666666666,23.334166666666665,16.609333333333332,36.851851851851855,-3.981481481481482,7.1,972.1183333333333,SITE 3,EXT
2026-01-28 14:00:00,34.85566666666667,26.829666666666665,19.150166666666667,38.111111111111114,-4.12962962962963,6.233333333333333,971.2426666666667,SITE 3,EXT
2026-01-28 15:00:00,32.861666666666665,24.7305,18.144333333333336,38.14814814814815,-4.037037037037037,6.4,970.7783333333333,SITE 3,EXT
2026-01-28 16:00:00,35.54766666666667,27.387833333333333,20.988333333333333,37.77777777777778,-3.277777777777778,7.0,970.8256666666667,SITE 3,EXT
2026-01-28 17:00:00,47.20816666666667,41.073499999999996,31.993666666666666,37.44444444444444,-2.1666666666666665,7.733333333333333,971.309,SITE 3,EXT
2026-01-28 18:00:00,109.73733333333332,101.80133333333333,69.06916666666666,36.48148148148149,0.9814814814814815,10.466666666666667,971.9536666666667,SITE 3,EXT
2026-01-28 19:00:00,158.9235,146.53583333333333,94.57566666666666,35.148148148148145,2.8703703703703707,13.033333333333333,972.7506666666667,SITE 3,EXT
2026-01-28 20:00:00,193.72083333333333,177.168,109.89566666666666,33.75925925925926,5.185185185185185,16.5,973.8363333333333,SITE 3,EXT
2026-01-28 21:00:00,201.0135483870968,184.0982258064516,110.77387096774193,32.8494623655914,6.415770609318996,19.322580645161292,974.4283870967741,SITE 3,EXT
2026-01-28 22:00:00,126.2265,115.7765,76.09566666666666,31.814814814814817,8.648148148148149,23.7,974.5133333333334,SITE 3,EXT
2026-01-28 23:00:00,85.28433333333334,77.01233333333333,53.04316666666667,30.53703703703704,7.944444444444445,24.433333333333334,974.3586666666666,SITE 3,EXT
2026-01-29 00:00:00,71.66466666666666,64.61,45.311166666666665,29.61111111111111,7.462962962962964,25.033333333333335,974.348,SITE 3,EXT
2026-01-29 01:00:00,73.69566666666667,66.73766666666667,46.8365,29.074074074074076,7.814814814814815,26.2,973.8543333333333,SITE 3,EXT
2026-01-29 02:00:00,80.39316666666667,73.261,51.01133333333333,28.055555555555557,8.277777777777779,28.9,973.153,SITE 3,EXT
2026-01-29 03:00:00,75.42283333333333,68.08800000000001,47.159666666666666,27.888888888888893,7.074074074074074,26.933333333333334,972.754,SITE 3,EXT
2026-01-29 04:00:00,64.25566666666667,57.803999999999995,40.861666666666665,27.555555555555557,5.851851851851852,25.366666666666667,972.8586666666666,SITE 3,EXT
2026-01-29 05:00:00,85.8115,77.40666666666667,53.294666666666664,27.000000000000004,6.833333333333333,27.766666666666666,973.237,SITE 3,EXT
2026-01-29 06:00:00,153.03466666666665,138.46300000000002,84.5065,26.296296296296298,7.703703703703704,30.833333333333332,973.7896666666668,SITE 3,EXT
2026-01-29 07:00:00,160.23983333333334,149.3105,94.96983333333333,26.09259259259259,8.962962962962964,34.06666666666667,974.3936666666667,SITE 3,EXT
2026-01-29 08:00:00,92.36216666666668,83.99499999999999,56.744,27.351851851851855,3.4074074074074074,21.6,975.1053333333333,SITE 3,EXT
2026-01-29 09:00:00,55.31316666666667,48.171166666666664,31.88516666666667,29.166666666666668,0.5185185185185185,15.566666666666666,975.4643333333333,SITE 3,EXT
2026-01-29 10:00:00,44.589166666666664,37.16733333333333,26.687666666666665,31.203703703703706,-1.6296296296296298,11.666666666666666,975.2576666666666,SITE 3,EXT
2026-01-29 11:00:00,32.275999999999996,24.791333333333334,18.156333333333336,33.24074074074074,-2.0185185185185186,9.866666666666667,974.7043333333334,SITE 3,EXT
2026-01-29 12:00:00,29.769166666666667,22.946166666666667,16.838166666666666,35.31481481481482,-3.055555555555556,8.266666666666667,973.6903333333333,SITE 3,EXT
2026-01-29 13:00:00,29.43616666666667,22.632166666666667,16.827833333333334,37.01851851851852,-5.314814814814814,6.066666666666666,972.5580000000001,SITE 3,EXT
2026-01-29 14:00:00,31.4165,24.211000000000002,18.463,37.96296296296296,-5.351851851851851,6.0,971.6493333333333,SITE 3,EXT
2026-01-29 15:00:00,32.338,24.865666666666666,19.32633333333333,38.55555555555556,-4.666666666666667,6.066666666666666,971.276,SITE 3,EXT
2026-01-29 16:00:00,32.71516666666667,25.203166666666668,19.55183333333333,38.277777777777786,-4.648148148148149,6.0,971.2270000000001,SITE 3,EXT
2026-01-29 17:00:00,42.30616666666666,34.81583333333333,25.46966666666667,37.87037037037037,-3.1111111111111116,7.066666666666666,971.571,SITE 3,EXT
2026-01-29 18:00:00,111.40650000000001,103.71083333333333,71.25583333333334,36.46296296296296,-0.46296296296296297,9.433333333333334,972.1873333333333,SITE 3,EXT
2026-01-29 19:00:00,135.27816666666666,127.054,87.56066666666668,35.166666666666664,0.8518518518518519,11.166666666666666,972.9060000000001,SITE 3,EXT
2026-01-29 20:00:00,124.84233333333333,117.60316666666668,76.44283333333333,34.24074074074074,-0.12962962962962965,11.0,973.8573333333334,SITE 3,EXT
2026-01-29 21:00:00,88.5525,81.70466666666667,58.73016666666667,33.18518518518519,0.4814814814814815,12.3,974.5413333333332,SITE 3,EXT
2026-01-29 22:00:00,44.751666666666665,39.0095,28.357833333333335,32.37037037037037,-1.1481481481481481,11.4,974.7486666666666,SITE 3,EXT
2026-01-29 23:00:00,65.0315,57.03333333333333,39.199333333333335,31.388888888888893,1.277777777777778,14.6,974.596,SITE 3,EXT
2026-01-30 00:00:00,69.60766666666667,62.13333333333333,44.347833333333334,30.092592592592595,5.796296296296296,21.533333333333335,974.3606666666667,SITE 3,EXT
2026-01-30 01:00:00,63.03774193548387,55.37,39.17048387096774,29.301075268817204,6.111111111111112,23.096774193548388,973.6877419354838,SITE 3,EXT
2026-01-30 02:00:00,57.93283333333333,51.044999999999995,35.71633333333333,28.685185185185183,4.777777777777778,21.866666666666667,973.0296666666667,SITE 3,EXT
2026-01-30 03:00:00,49.272000000000006,43.50933333333333,31.6055,28.240740740740744,4.333333333333333,21.8,972.6266666666667,SITE 3,EXT
2026-01-30 04:00:00,41.426833333333335,35.269999999999996,26.1365,27.77777777777778,0.8333333333333334,17.5,972.765,SITE 3,EXT
2026-01-30 05:00:00,57.83133333333333,50.78066666666667,35.3215,27.53703703703704,0.6851851851851852,17.366666666666667,973.2166666666667,SITE 3,EXT
2026-01-30 06:00:00,159.04399999999998,141.88466666666667,88.52766666666666,26.35185185185185,6.722222222222223,28.866666666666667,973.776,SITE 3,EXT
2026-01-30 07:00:00,166.96666666666667,155.58166666666665,95.79516666666667,25.722222222222225,7.796296296296297,32.166666666666664,974.4973333333332,SITE 3,EXT
2026-01-30 08:00:00,97.39716666666666,89.79366666666667,61.019666666666666,26.962962962962965,3.925925925925926,23.2,975.2263333333334,SITE 3,EXT
2026-01-30 09:00:00,112.94716666666666,99.91066666666666,51.3625,28.53703703703704,1.4444444444444444,17.333333333333332,975.4346666666667,SITE 3,EXT
2026-01-30 10:00:00,67.31966666666666,59.449,37.00333333333333,30.814814814814817,-0.537037037037037,13.1,975.17,SITE 3,EXT
2026-01-30 11:00:00,35.05083333333334,27.310666666666666,21.271333333333335,33.75925925925926,-0.7037037037037037,10.7,974.5053333333333,SITE 3,EXT
2026-01-30 12:00:00,34.1845,26.71066666666667,19.9455,36.18518518518519,-2.1296296296296298,8.433333333333334,973.5246666666666,SITE 3,EXT
2026-01-30 13:00:00,30.849666666666668,23.741833333333332,17.90583333333333,37.907407407407405,-4.537037037037037,6.3,972.3533333333332,SITE 3,EXT
2026-01-30 14:00:00,32.5345,25.23933333333333,20.796,39.092592592592595,-5.611111111111112,5.166666666666667,971.3866666666667,SITE 3,EXT
2026-01-30 15:00:00,30.755999999999997,24.112666666666666,18.776,39.44444444444444,-6.518518518518519,4.933333333333334,970.8583333333333,SITE 3,EXT
2026-01-30 16:00:00,39.2385,33.14216666666667,26.721666666666668,39.37037037037037,-6.518518518518519,4.966666666666667,970.9413333333334,SITE 3,EXT
2026-01-30 17:00:00,42.251666666666665,36.121833333333335,28.26833333333333,38.90740740740741,-4.703703703703704,5.866666666666666,971.2703333333334,SITE 3,EXT
2026-01-30 18:00:00,87.13783333333332,78.08266666666667,55.1575,37.833333333333336,-0.7407407407407407,8.633333333333333,971.6063333333333,SITE 3,EXT
2026-01-30 19:00:00,141.74033333333333,130.75916666666666,85.73716666666665,36.18518518518519,1.8333333333333333,11.333333333333334,972.1736666666667,SITE 3,EXT
2026-01-30 20:00:00,193.2035,177.28549999999998,110.50233333333334,34.61111111111111,5.240740740740741,15.933333333333334,973.1933333333333,SITE 3,EXT
2026-01-30 21:00:00,178.78650000000002,164.16899999999998,102.45483333333333,32.88888888888889,6.481481481481482,19.3,974.0426666666666,SITE 3,EXT
2026-01-30 22:00:00,162.5015,149.83849999999998,94.66433333333333,31.75925925925926,7.055555555555556,21.433333333333334,974.1183333333333,SITE 3,EXT
2026-01-30 23:00:00,143.22266666666667,133.04,86.77233333333334,30.61111111111111,8.055555555555555,24.466666666666665,973.829,SITE 3,EXT
2026-01-31 00:00:00,106.78716666666666,98.97283333333333,67.98566666666666,29.796296296296298,8.74074074074074,26.766666666666666,973.4373333333333,SITE 3,EXT
2026-01-31 01:00:00,87.26066666666667,80.22516666666667,56.823166666666665,28.85185185185185,8.777777777777779,28.733333333333334,973.1466666666668,SITE 3,EXT
2026-01-31 02:00:00,83.91683333333334,77.64750000000001,56.121,28.092592592592595,8.666666666666666,29.633333333333333,972.7936666666667,SITE 3,EXT
2026-01-31 03:00:00,88.43266666666666,82.01883333333333,58.1795,27.351851851851855,8.537037037037038,30.6,972.5313333333332,SITE 3,EXT
2026-01-31 04:00:00,81.89883333333334,75.5265,52.98433333333333,26.61111111111111,8.574074074074074,32.266666666666666,972.472,SITE 3,EXT
2026-01-31 05:00:00,58.83416666666667,54.26366666666667,40.268166666666666,25.37037037037037,5.12962962962963,27.266666666666666,973.0646666666667,SITE 3,EXT
2026-01-31 06:00:00,97.62741935483871,89.57548387096774,60.74564516129032,24.874551971326163,5.985663082437276,29.70967741935484,973.4129032258064,SITE 3,EXT
2026-01-31 07:00:00,105.93350000000001,99.45466666666667,68.164,24.240740740740744,6.388888888888889,31.933333333333334,974.1610000000001,SITE 3,EXT
2026-01-31 08:00:00,107.95183333333333,100.74133333333333,68.37716666666667,25.944444444444446,5.444444444444445,27.066666666666666,974.9203333333334,SITE 3,EXT
2026-01-31 09:00:00,59.98066666666667,56.059,42.2695,28.53703703703704,4.314814814814815,21.233333333333334,975.2573333333333,SITE 3,EXT
2026-01-31 10:00:00,70.28033333333333,65.7505,47.950833333333335,31.14814814814815,9.018518518518517,25.3,975.0163333333333,SITE 3,EXT
2026-01-31 11:00:00,46.751666666666665,42.280833333333334,33.2325,33.92592592592593,10.24074074074074,23.533333333333335,974.0136666666666,SITE 3,EXT
2026-01-31 12:00:00,35.66383333333333,29.066666666666666,23.993833333333335,36.18518518518519,8.907407407407408,18.8,972.8556666666666,SITE 3,EXT
2026-01-31 13:00:00,35.94083333333333,28.91283333333333,23.1795,37.61111111111111,9.407407407407408,18.133333333333333,971.769,SITE 3,EXT
2026-01-31 14:00:00,34.89033333333334,27.763166666666667,22.536,38.333333333333336,10.61111111111111,18.766666666666666,970.8096666666667,SITE 3,EXT
2026-01-31 15:00:00,43.2305,37.317,28.637166666666666,39.111111111111114,6.796296296296296,13.9,970.251,SITE 3,EXT
2026-01-31 16:00:00,34.198166666666665,27.658166666666666,21.719833333333334,39.42592592592593,4.203703703703704,11.266666666666667,970.1096666666667,SITE 3,EXT
2026-01-31 17:00:00,37.01166666666666,30.09283333333333,23.319,38.98148148148149,2.6111111111111116,10.366666666666667,970.3456666666666,SITE 3,EXT
2026-01-31 18:00:00,154.02816666666666,144.26000000000002,90.597,37.48148148148149,6.092592592592593,14.5,970.7616666666667,SITE 3,EXT
2026-01-31 19:00:00,125.529,116.03266666666667,79.28833333333334,36.277777777777786,6.4259259259259265,15.766666666666667,971.4253333333332,SITE 3,EXT
2026-01-31 20:00:00,201.13166666666666,185.02033333333333,113.53416666666666,35.0,8.296296296296298,19.466666666666665,972.293,SITE 3,EXT
2026-01-31 21:00:00,207.76733333333334,189.76616666666666,110.8215,33.611111111111114,9.148148148148149,22.066666666666666,972.8723333333332,SITE 3,EXT
2026-01-31 22:00:00,166.41066666666666,151.3915,94.78916666666667,32.68518518518518,9.425925925925926,23.866666666666667,973.038,SITE 3,EXT
2026-01-31 23:00:00,155.0765,142.03066666666666,88.89116666666668,31.5,10.537037037037036,27.6,972.9943333333334,SITE 3,EXT
2026-02-01 00:00:00,135.03733333333332,123.87349999999999,79.97416666666666,30.574074074074076,9.648148148148149,27.433333333333334,972.7873333333333,SITE 3,EXT
2026-02-01 01:00:00,101.01766666666666,93.66066666666667,63.91316666666667,29.703703703703702,8.444444444444445,26.8,972.3136666666667,SITE 3,EXT
2026-02-01 02:00:00,92.09833333333333,85.2495,59.39366666666667,28.833333333333332,10.25925925925926,31.6,971.9603333333333,SITE 3,EXT
2026-02-01 03:00:00,77.83616666666667,71.67,50.85216666666667,27.722222222222225,9.648148148148149,32.5,971.596,SITE 3,EXT
2026-02-01 04:00:00,66.11433333333333,61.06016666666667,44.24666666666667,26.703703703703706,8.444444444444445,31.7,971.889,SITE 3,EXT
2026-02-01 05:00:00,62.07716666666667,57.59916666666666,42.647000000000006,25.388888888888893,7.833333333333334,32.8,972.4943333333333,SITE 3,EXT
2026-02-01 06:00:00,79.85366666666667,71.92633333333333,50.827999999999996,25.944444444444446,8.11111111111111,32.333333333333336,973.0296666666667,SITE 3,EXT
2026-02-01 07:00:00,113.4816129032258,106.62951612903225,71.7183870967742,25.770609318996417,9.229390681003585,35.29032258064516,973.6451612903226,SITE 3,EXT
2026-02-01 08:00:00,118.56766666666667,111.49966666666667,73.99,26.77777777777778,10.055555555555555,35.3,974.3003333333332,SITE 3,EXT
2026-02-01 09:00:00,63.71616666666667,58.93833333333334,43.6235,29.425925925925927,15.648148148148149,43.96666666666667,974.6616666666666,SITE 3,EXT
2026-02-01 10:00:00,85.67116666666668,78.9625,48.56166666666666,31.814814814814817,17.38888888888889,42.46666666666667,974.3583333333333,SITE 3,EXT
2026-02-01 11:00:00,72.31866666666666,67.27083333333333,45.64066666666667,34.5,15.555555555555555,32.666666666666664,973.4766666666667,SITE 3,EXT
2026-02-01 12:00:00,40.68483333333334,36.69583333333333,29.741333333333333,36.75925925925926,11.277777777777777,21.4,972.4813333333333,SITE 3,EXT
2026-02-01 13:00:00,39.88666666666666,34.305,27.819666666666667,38.351851851851855,9.074074074074074,16.933333333333334,971.4203333333334,SITE 3,EXT
2026-02-01 14:00:00,37.778,31.255166666666664,25.094833333333334,39.51851851851852,7.111111111111112,13.866666666666667,970.4673333333334,SITE 3,EXT
2026-02-01 15:00:00,35.4815,28.525333333333332,23.3825,39.98148148148148,6.87037037037037,13.1,969.8603333333334,SITE 3,EXT
2026-02-01 16:00:00,35.195,28.182833333333335,23.523333333333333,39.851851851851855,7.5925925925925934,14.066666666666666,969.5229999999999,SITE 3,EXT
2026-02-01 17:00:00,37.260999999999996,31.177,25.7095,39.27777777777778,7.333333333333333,14.3,969.5509999999999,SITE 3,EXT
2026-02-01 18:00:00,69.31700000000001,62.352833333333336,43.794666666666664,38.18518518518519,9.0,16.966666666666665,969.9296666666667,SITE 3,EXT
2026-02-01 19:00:00,97.337,89.02083333333333,61.686166666666665,37.111111111111114,9.944444444444445,19.233333333333334,970.3303333333333,SITE 3,EXT
2026-02-01 20:00:00,119.15666666666667,109.15616666666666,72.20166666666667,36.01851851851852,11.074074074074074,22.066666666666666,970.9833333333333,SITE 3,EXT
2026-02-01 21:00:00,124.218,114.4265,75.59566666666666,34.96296296296296,11.555555555555555,24.3,971.5433333333333,SITE 3,EXT
2026-02-01 22:00:00,74.17883333333334,68.39583333333333,49.100833333333334,33.18518518518519,12.24074074074074,28.166666666666668,971.6876666666667,SITE 3,EXT
2026-02-01 23:00:00,57.4745,52.32833333333333,39.45366666666666,32.77777777777778,6.981481481481482,20.166666666666668,971.62,SITE 3,EXT
2026-02-02 00:00:00,50.68258620689655,46.47258620689655,35.97155172413793,31.93486590038314,6.724137931034483,20.82758620689655,971.4496551724138,SITE 3,EXT
2026-02-02 01:00:00,48.882666666666665,44.38966666666667,34.08883333333333,30.981481481481485,7.87037037037037,23.533333333333335,970.9893333333333,SITE 3,EXT
2026-02-02 02:00:00,51.60766666666667,46.74283333333334,35.11533333333333,30.14814814814815,8.666666666666666,26.3,970.547,SITE 3,EXT
2026-02-02 03:00:00,49.18666666666666,44.7605,33.878166666666665,29.14814814814815,9.203703703703704,28.766666666666666,970.389,SITE 3,EXT
2026-02-02 04:00:00,55.27883333333333,50.88766666666667,37.95216666666667,28.77777777777778,10.166666666666666,31.5,970.485,SITE 3,EXT
2026-02-02 05:00:00,75.171,67.65033333333334,45.631499999999996,27.90740740740741,10.277777777777777,33.43333333333333,971.2133333333334,SITE 3,EXT
2026-02-02 06:00:00,68.423,62.74483333333333,45.749833333333335,27.240740740740744,9.685185185185185,33.333333333333336,972.3256666666667,SITE 3,EXT
2026-02-02 07:00:00,109.39816666666667,102.69933333333333,69.952,27.833333333333332,9.88888888888889,32.733333333333334,972.8306666666666,SITE 3,EXT
2026-02-02 08:00:00,92.84693548387096,86.74129032258064,60.86016129032258,28.9247311827957,11.935483870967742,35.41935483870968,973.3009677419356,SITE 3,EXT
2026-02-02 09:00:00,49.675666666666665,45.47366666666667,34.694833333333335,30.944444444444446,17.425925925925927,44.8,973.3896666666666,SITE 3,EXT
2026-02-02 10:00:00,51.58433333333333,46.33616666666667,33.14366666666667,32.96296296296296,18.574074074074076,42.86666666666667,973.4016666666666,SITE 3,EXT
2026-02-02 11:00:00,37.72,32.18,25.68883333333333,35.351851851851855,17.5,35.233333333333334,972.6843333333333,SITE 3,EXT
2026-02-02 12:00:00,36.61683333333334,30.168499999999998,24.692,37.46296296296296,15.518518518518517,27.366666666666667,971.6756666666666,SITE 3,EXT
2026-02-02 13:00:00,38.89233333333333,33.92716666666667,28.758,39.07407407407407,13.01851851851852,21.3,970.7856666666667,SITE 3,EXT
2026-02-02 14:00:00,38.38816666666666,33.22533333333333,28.360166666666665,40.25925925925926,12.38888888888889,18.933333333333334,969.8706666666666,SITE 3,EXT
2026-02-02 15:00:00,36.9865,31.164166666666667,26.972166666666666,40.46296296296296,11.592592592592592,17.933333333333334,969.3199999999999,SITE 3,EXT
2026-02-02 16:00:00,35.47966666666667,28.63883333333333,24.258,40.44444444444445,11.703703703703704,18.1,968.99,SITE 3,EXT
2026-02-02 17:00:00,37.85433333333333,32.38616666666667,27.301166666666667,39.51851851851851,12.277777777777779,19.666666666666668,969.0120000000001,SITE 3,EXT
2026-02-02 18:00:00,90.341,87.16000000000001,66.97233333333334,38.48148148148149,13.537037037037038,22.7,969.3366666666666,SITE 3,EXT
2026-02-02 19:00:00,103.62333333333332,98.03816666666667,70.67733333333334,37.7962962962963,13.962962962962964,24.233333333333334,970.1316666666667,SITE 3,EXT
2026-02-02 20:00:00,106.05116666666666,99.7535,69.56099999999999,36.7037037037037,14.518518518518517,26.766666666666666,970.9143333333334,SITE 3,EXT
2026-02-02 21:00:00,87.89466666666667,81.2985,57.10883333333334,35.64814814814815,15.296296296296298,29.833333333333332,971.553,SITE 3,EXT
2026-02-02 22:00:00,71.15133333333333,65.4045,46.807,34.68518518518518,15.074074074074074,31.266666666666666,971.7896666666667,SITE 3,EXT
2026-02-02 23:00:00,80.06133333333334,72.67783333333334,51.316833333333335,33.777777777777786,14.833333333333334,32.2,971.8783333333333,SITE 3,EXT
2026-02-03 00:00:00,59.623666666666665,54.744166666666665,40.71183333333333,33.72222222222222,13.537037037037038,29.6,971.9073333333333,SITE 3,EXT
2026-02-03 01:00:00,56.97366666666667,52.434666666666665,39.21366666666667,33.40740740740741,13.314814814814815,29.733333333333334,971.3436666666668,SITE 3,EXT
2026-02-03 02:00:00,44.815000000000005,40.44783333333333,31.447333333333333,32.90740740740741,13.870370370370372,31.866666666666667,970.92,SITE 3,EXT
2026-02-03 03:00:00,39.33833333333334,34.504333333333335,28.612666666666666,30.740740740740744,16.38888888888889,42.43333333333333,971.947,SITE 3,EXT
2026-02-03 04:00:00,38.118500000000004,32.30416666666667,27.670833333333334,28.555555555555557,15.722222222222223,46.333333333333336,972.4686666666668,SITE 3,EXT
2026-02-03 05:00:00,34.955333333333336,28.36,23.692833333333333,26.87037037037037,16.48148148148148,53.3,973.3743333333333,SITE 3,EXT
2026-02-03 06:00:00,33.26466666666666,26.352,21.039333333333335,25.944444444444446,16.666666666666668,57.233333333333334,974.5486666666667,SITE 3,EXT
2026-02-03 07:00:00,39.248666666666665,34.588499999999996,27.694166666666668,25.333333333333332,16.537037037037038,58.766666666666666,976.0083333333333,SITE 3,EXT
2026-02-03 08:00:00,38.5325,34.092,27.561500000000002,25.12962962962963,16.055555555555557,57.46666666666667,976.152,SITE 3,EXT
2026-02-03 09:00:00,49.669999999999995,46.44916666666666,36.530166666666666,25.98148148148148,16.77777777777778,57.36666666666667,975.448,SITE 3,EXT
2026-02-03 10:00:00,147.64683333333332,131.93133333333333,59.28216666666666,27.092592592592595,17.14814814814815,54.96666666666667,975.338,SITE 3,EXT
2026-02-03 11:00:00,83.88816666666666,79.16333333333334,52.50416666666667,27.444444444444446,16.40740740740741,51.43333333333333,974.788,SITE 3,EXT
2026-02-03 12:00:00,47.8415,45.323,37.617333333333335,29.092592592592595,16.796296296296298,47.766666666666666,973.982,SITE 3,EXT
2026-02-03 13:00:00,39.29,35.403666666666666,29.6735,29.740740740740744,15.500000000000002,42.233333333333334,973.2666666666667,SITE 3,EXT
2026-02-03 14:00:00,35.33266666666667,29.012999999999998,24.398666666666667,31.388888888888893,14.277777777777777,35.53333333333333,972.5966666666667,SITE 3,EXT
2026-02-03 15:00:00,52.41225806451613,45.965161290322584,32.05870967741935,31.720430107526884,15.448028673835127,37.74193548387097,972.4816129032258,SITE 3,EXT
2026-02-03 16:00:00,37.91716666666667,33.05466666666667,26.959666666666667,31.64814814814815,16.11111111111111,39.5,972.1996666666668,SITE 3,EXT
2026-02-03 17:00:00,51.83416666666667,47.906166666666664,37.24933333333333,31.296296296296298,15.51851851851852,38.766666666666666,972.2573333333333,SITE 3,EXT
2026-02-03 18:00:00,70.88133333333333,67.16866666666667,50.171166666666664,30.77777777777778,16.703703703703706,43.166666666666664,972.8493333333333,SITE 3,EXT
2026-02-03 19:00:00,54.120666666666665,51.30716666666667,40.928666666666665,29.814814814814817,17.259259259259256,47.2,973.41,SITE 3,EXT
2026-02-03 20:00:00,52.052,49.36233333333333,40.1285,29.11111111111111,17.796296296296298,51.1,974.8716666666667,SITE 3,EXT
2026-02-03 21:00:00,45.96666666666667,43.26733333333333,35.5795,28.85185185185185,18.166666666666668,52.63333333333333,975.6953333333333,SITE 3,EXT
2026-02-03 22:00:00,44.27433333333333,41.6375,34.135,28.88888888888889,17.85185185185185,52.03333333333333,976.0183333333333,SITE 3,EXT
2026-02-03 23:00:00,44.623333333333335,41.813,33.59016666666667,28.62962962962963,18.314814814814817,54.1,976.3243333333334,SITE 3,EXT
2026-02-04 00:00:00,44.71666666666667,41.786500000000004,33.59433333333333,28.0,18.64814814814815,57.4,976.785,SITE 3,EXT
2026-02-04 01:00:00,43.16383333333333,40.41316666666667,33.016666666666666,27.64814814814815,18.833333333333332,59.1,976.6650000000001,SITE 3,EXT
2026-02-04 02:00:00,38.274499999999996,34.23616666666667,28.83566666666667,27.222222222222225,18.203703703703706,58.4,976.4883333333333,SITE 3,EXT
2026-02-04 03:00:00,37.05833333333333,31.95716666666667,27.122333333333334,27.203703703703706,17.75925925925926,56.7,975.9416666666667,SITE 3,EXT
2026-02-04 04:00:00,36.5625,31.000833333333333,26.122,26.944444444444446,17.5,56.46666666666667,975.494,SITE 3,EXT
2026-02-04 05:00:00,42.69949999999999,38.84683333333333,30.672666666666668,26.62962962962963,17.462962962962965,58.0,974.609,SITE 3,EXT
2026-02-04 06:00:00,46.4195,43.0475,33.40983333333333,26.24074074074074,17.35185185185185,58.733333333333334,973.5740000000001,SITE 3,EXT
2026-02-04 07:00:00,63.19683333333333,59.74,44.405166666666666,26.333333333333332,17.09259259259259,57.2,974.171,SITE 3,EXT
2026-02-04 08:00:00,50.4905,46.966833333333334,35.22616666666667,26.925925925925927,17.333333333333332,56.166666666666664,974.504,SITE 3,EXT
2026-02-04 09:00:00,75.34775862068966,69.80534482758621,45.74327586206897,28.371647509578544,16.81992337164751,50.06896551724138,974.946551724138,SITE 3,EXT
2026-02-04 10:00:00,85.07300000000001,80.01416666666667,53.802,29.888888888888893,16.98148148148148,46.166666666666664,974.9053333333334,SITE 3,EXT
2026-02-04 11:00:00,37.855000000000004,32.32033333333333,25.394000000000002,32.05555555555556,16.185185185185183,38.96666666666667,974.0413333333333,SITE 3,EXT
2026-02-04 12:00:00,34.188833333333335,27.28033333333333,21.435333333333332,34.12962962962963,14.574074074074074,31.0,973.0813333333333,SITE 3,EXT
2026-02-04 13:00:00,32.310833333333335,25.459999999999997,20.697166666666664,35.81481481481482,11.666666666666666,23.566666666666666,971.9073333333333,SITE 3,EXT
2026-02-04 14:00:00,31.26516666666667,24.821833333333334,20.312333333333335,37.51851851851852,10.314814814814815,19.266666666666666,971.1643333333334,SITE 3,EXT
2026-02-04 15:00:00,33.0545,26.97233333333333,21.818666666666665,38.37037037037037,10.574074074074074,18.833333333333332,971.0093333333333,SITE 3,EXT
2026-02-04 16:00:00,44.826,39.622166666666665,32.653333333333336,38.25925925925926,10.944444444444445,19.233333333333334,971.0966666666667,SITE 3,EXT
2026-02-04 17:00:00,45.32033333333334,41.28816666666667,32.995333333333335,36.92592592592593,11.296296296296298,21.266666666666666,971.6213333333333,SITE 3,EXT
2026-02-04 18:00:00,42.77733333333333,38.714666666666666,30.072333333333333,35.2037037037037,12.000000000000002,24.7,972.1223333333334,SITE 3,EXT
2026-02-04 19:00:00,58.373333333333335,53.912166666666664,38.96266666666667,34.77777777777778,11.722222222222223,24.8,972.829,SITE 3,EXT
2026-02-04 20:00:00,42.414833333333334,37.6395,28.574166666666667,33.90740740740741,11.425925925925926,25.466666666666665,973.6723333333333,SITE 3,EXT
2026-02-04 21:00:00,42.847166666666666,38.17216666666666,29.095833333333335,33.333333333333336,10.685185185185185,25.1,974.3623333333333,SITE 3,EXT
2026-02-04 22:00:00,34.93333333333333,27.869500000000002,22.207,32.55555555555556,10.018518518518517,24.833333333333332,974.4979999999999,SITE 3,EXT
2026-02-04 23:00:00,33.881129032258066,26.574354838709677,21.057580645161288,31.594982078853047,9.24731182795699,25.225806451612904,974.1141935483871,SITE 3,EXT
2026-02-05 00:00:00,33.35566666666667,26.180999999999997,20.8075,31.074074074074076,8.851851851851851,25.2,973.461,SITE 3,EXT
2026-02-05 01:00:00,32.42933333333333,25.473166666666668,20.02316666666667,30.333333333333332,8.407407407407408,25.5,972.83,SITE 3,EXT
2026-02-05 02:00:00,32.5925,25.576833333333333,20.048166666666663,29.592592592592595,8.333333333333334,26.533333333333335,972.4150000000001,SITE 3,EXT
2026-02-05 03:00:00,32.556666666666665,25.467333333333332,19.629666666666665,28.87037037037037,8.38888888888889,27.5,972.1433333333333,SITE 3,EXT
2026-02-05 04:00:00,35.25516666666667,28.788999999999998,22.47283333333333,28.185185185185187,8.38888888888889,29.1,972.2360000000001,SITE 3,EXT
2026-02-05 05:00:00,43.144999999999996,38.57083333333333,28.90216666666667,27.462962962962965,9.0,31.466666666666665,972.5396666666667,SITE 3,EXT
2026-02-05 06:00:00,55.83107142857143,51.83535714285714,37.70392857142857,27.222222222222225,9.484126984126984,33.07142857142857,972.8107142857143,SITE 3,EXT
2026-02-05 19:00:00,161.97500000000002,153.14865384615385,100.12826923076923,35.427350427350426,6.901709401709402,17.115384615384617,971.5838461538461,SITE 3,EXT
2026-02-05 20:00:00,142.39883333333333,134.04633333333334,88.66016666666665,34.94444444444444,8.592592592592592,19.9,972.4509999999999,SITE 3,EXT
2026-02-05 21:00:00,114.736,107.75883333333333,72.92483333333332,33.5,9.925925925925926,23.733333333333334,973.3093333333333,SITE 3,EXT
2026-02-05 22:00:00,165.99099999999999,155.51583333333335,98.29950000000001,32.666666666666664,10.11111111111111,25.033333333333335,973.417,SITE 3,EXT
2026-02-05 23:00:00,174.08716666666666,163.20416666666668,102.87466666666666,31.925925925925927,10.75925925925926,27.3,973.2080000000001,SITE 3,EXT
2026-02-06 00:00:00,155.27516666666668,146.05216666666666,93.62733333333334,30.925925925925927,11.370370370370372,30.2,972.8476666666667,SITE 3,EXT
2026-02-06 01:00:00,127.9945,120.25716666666668,78.389,30.296296296296298,11.12962962962963,30.8,972.4766666666667,SITE 3,EXT
2026-02-06 02:00:00,87.96350000000001,81.84233333333333,56.55416666666667,29.388888888888893,11.018518518518517,32.266666666666666,972.5243333333333,SITE 3,EXT
2026-02-06 03:00:00,75.90983333333334,70.702,49.87516666666667,27.85185185185185,11.722222222222223,36.93333333333333,972.8483333333334,SITE 3,EXT
2026-02-06 04:00:00,74.30433333333333,68.93783333333334,48.55583333333333,27.240740740740744,10.907407407407408,36.233333333333334,972.9680000000001,SITE 3,EXT
2026-02-06 05:00:00,75.92399999999999,70.90483333333333,50.25533333333333,26.64814814814815,10.592592592592592,36.9,973.2876666666667,SITE 3,EXT
2026-02-06 06:00:00,94.23366666666668,87.03183333333332,60.109833333333334,26.11111111111111,10.666666666666666,38.3,974.0106666666667,SITE 3,EXT
2026-02-06 07:00:00,114.578,108.59316666666668,73.861,25.61111111111111,11.314814814814815,41.2,974.8979999999999,SITE 3,EXT
2026-02-06 08:00:00,115.49083333333333,107.47633333333333,66.50116666666666,26.388888888888893,10.166666666666666,36.266666666666666,975.6006666666667,SITE 3,EXT
2026-02-06 09:00:00,63.6935,59.14149999999999,41.6015,29.166666666666668,11.51851851851852,33.833333333333336,976.3383333333334,SITE 3,EXT
2026-02-06 10:00:00,34.85483333333333,28.314166666666665,22.90583333333333,31.722222222222225,9.833333333333334,26.0,976.5146666666666,SITE 3,EXT
2026-02-06 11:00:00,34.725500000000004,28.926,22.914333333333335,34.0,4.574074074074074,15.966666666666667,975.948,SITE 3,EXT
2026-02-06 12:00:00,27.78533333333333,22.274833333333333,17.38566666666667,36.05555555555556,3.1666666666666665,12.766666666666667,974.973,SITE 3,EXT
2026-02-06 13:00:00,26.354833333333332,21.393833333333337,16.815833333333334,37.94444444444445,0.962962962962963,9.7,973.7086666666667,SITE 3,EXT
2026-02-06 14:00:00,27.118499999999997,21.84,17.215500000000002,39.2962962962963,-0.8148148148148149,7.8,972.868,SITE 3,EXT
2026-02-06 15:00:00,29.072333333333333,23.163666666666664,18.360666666666667,39.44444444444444,-0.9259259259259259,7.766666666666667,972.3146666666667,SITE 3,EXT
2026-02-06 16:00:00,29.678833333333333,23.6905,19.337,39.68518518518518,-0.5,7.866666666666666,972.0923333333334,SITE 3,EXT
2026-02-06 17:00:00,29.858,23.802833333333336,19.318166666666666,39.2037037037037,0.14814814814814817,8.4,972.3169999999999,SITE 3,EXT
2026-02-06 18:00:00,92.741,88.3355,68.7335,38.03703703703704,3.537037037037037,11.7,972.816,SITE 3,EXT
2026-02-06 19:00:00,185.72766666666666,175.01000000000002,109.32666666666667,36.44444444444445,6.962962962962964,16.3,973.3696666666667,SITE 3,EXT
2026-02-06 20:00:00,148.43548387096774,139.1283870967742,90.14354838709677,34.87455197132616,7.473118279569893,18.516129032258064,974.3470967741935,SITE 3,EXT
2026-02-06 21:00:00,162.90883333333335,153.483,98.15683333333332,34.22222222222222,9.481481481481483,21.966666666666665,975.0706666666666,SITE 3,EXT
2026-02-06 22:00:00,99.4451724137931,92.72827586206895,63.55827586206897,33.10344827586207,10.229885057471265,24.620689655172413,975.173448275862,SITE 3,EXT
2026-02-06 23:00:00,74.49183333333333,68.896,48.836,31.833333333333332,10.592592592592592,27.0,974.9326666666667,SITE 3,EXT
2026-02-07 00:00:00,94.65133333333333,88.18233333333335,59.923,31.074074074074076,11.314814814814815,30.0,974.5616666666666,SITE 3,EXT
2026-02-07 01:00:00,52.93183333333333,48.91233333333333,36.598333333333336,29.40740740740741,11.703703703703704,33.6,974.3316666666667,SITE 3,EXT
2026-02-07 02:00:00,64.1125,59.392500000000005,44.004666666666665,28.64814814814815,11.129629629629628,33.733333333333334,973.9076666666666,SITE 3,EXT
2026-02-07 03:00:00,45.040166666666664,40.85183333333334,31.39,28.074074074074076,9.277777777777779,30.9,974.0526666666667,SITE 3,EXT
2026-02-07 04:00:00,43.25216666666667,39.650666666666666,30.840500000000002,28.092592592592595,9.574074074074074,31.566666666666666,973.9373333333333,SITE 3,EXT
2026-02-07 05:00:00,59.473,54.42366666666667,40.23983333333333,27.370370370370374,10.61111111111111,35.0,974.2366666666666,SITE 3,EXT
2026-02-07 06:00:00,80.07616666666667,75.23533333333333,53.91283333333333,26.90740740740741,11.037037037037036,37.266666666666666,974.895,SITE 3,EXT
2026-02-07 07:00:00,93.04883333333333,87.86999999999999,61.175666666666665,26.537037037037035,11.62962962962963,39.63333333333333,975.7143333333333,SITE 3,EXT
2026-02-07 08:00:00,85.6705,79.95450000000001,55.461666666666666,27.740740740740744,12.462962962962964,39.03333333333333,976.3426666666667,SITE 3,EXT
2026-02-07 09:00:00,96.54666666666667,87.81633333333333,48.11366666666667,30.222222222222225,15.12962962962963,40.166666666666664,976.7389999999999,SITE 3,EXT
2026-02-07 10:00:00,46.626666666666665,40.688,30.084666666666667,32.574074074074076,14.611111111111112,34.266666666666666,976.4636666666667,SITE 3,EXT
2026-02-07 11:00:00,41.184333333333335,35.58833333333334,29.649333333333335,34.75925925925926,11.944444444444446,25.233333333333334,975.973,SITE 3,EXT
2026-02-07 12:00:00,35.95616666666667,29.657333333333334,25.72416666666667,36.74074074074075,9.574074074074074,19.166666666666668,974.966,SITE 3,EXT
2026-02-07 13:00:00,32.943333333333335,26.400333333333332,23.284499999999998,38.14814814814815,7.037037037037037,14.9,974.0866666666666,SITE 3,EXT
2026-02-07 14:00:00,31.85233333333333,25.229166666666668,21.513166666666667,39.333333333333336,6.907407407407407,13.8,973.1733333333334,SITE 3,EXT
2026-02-07 15:00:00,30.923333333333336,24.668666666666663,20.589333333333336,39.53703703703704,0.5925925925925927,8.6,972.5856666666666,SITE 3,EXT
2026-02-07 16:00:00,31.991833333333332,25.493833333333335,21.977666666666668,39.87037037037037,-1.6111111111111112,7.1,972.4979999999999,SITE 3,EXT
2026-02-07 17:00:00,33.483666666666664,27.103,23.198500000000003,39.407407407407405,-1.1666666666666667,7.566666666666666,972.6076666666667,SITE 3,EXT
2026-02-07 18:00:00,59.67833333333333,54.018,40.98583333333333,38.2962962962963,2.2222222222222223,10.433333333333334,972.8466666666667,SITE 3,EXT
2026-02-07 19:00:00,103.76950000000001,95.50616666666666,65.744,36.68518518518519,4.537037037037037,13.533333333333333,973.3616666666666,SITE 3,EXT
2026-02-07 20:00:00,89.286,83.55166666666668,60.365,35.46296296296296,3.7037037037037037,13.533333333333333,974.2763333333334,SITE 3,EXT
2026-02-07 21:00:00,114.45566666666667,107.26183333333333,74.144,34.57407407407407,5.944444444444445,16.8,975.276,SITE 3,EXT
2026-02-07 22:00:00,117.2285,108.27433333333333,73.22416666666666,33.42592592592593,8.833333333333334,22.0,975.7496666666667,SITE 3,EXT
2026-02-07 23:00:00,91.13333333333334,84.53083333333333,59.508500000000005,31.77777777777778,10.38888888888889,26.766666666666666,975.65,SITE 3,EXT
2026-02-08 00:00:00,67.24166666666666,62.702,47.8335,30.48148148148148,9.574074074074074,27.333333333333332,975.378,SITE 3,EXT
2026-02-08 01:00:00,71.7105,66.19283333333334,49.501,29.75925925925926,9.425925925925926,28.333333333333332,974.4786666666666,SITE 3,EXT
2026-02-08 02:00:00,70.60933333333334,65.684,48.755833333333335,29.296296296296298,9.944444444444445,30.066666666666666,973.6843333333333,SITE 3,EXT
2026-02-08 03:00:00,68.10433333333333,63.194833333333335,46.86716666666667,28.62962962962963,9.74074074074074,30.866666666666667,973.607,SITE 3,EXT
2026-02-08 04:00:00,81.298,76.166,54.527833333333334,27.962962962962965,7.944444444444445,28.533333333333335,973.4533333333333,SITE 3,EXT
2026-02-08 05:00:00,63.06183333333333,59.03816666666667,44.646499999999996,27.370370370370374,7.462962962962964,28.433333333333334,973.9933333333333,SITE 3,EXT
2026-02-08 06:00:00,66.862,60.55049999999999,43.6105,26.61111111111111,6.703703703703704,28.166666666666668,974.582,SITE 3,EXT
2026-02-08 07:00:00,97.27266666666667,91.32566666666666,63.41433333333334,26.296296296296298,7.5,30.366666666666667,975.0983333333334,SITE 3,EXT
2026-02-08 08:00:00,124.78366666666668,118.44916666666667,79.45316666666666,27.740740740740744,7.444444444444445,28.033333333333335,975.537,SITE 3,EXT
2026-02-08 09:00:00,69.38596774193549,61.38580645161291,37.898709677419355,30.161290322580644,4.121863799283155,19.0,975.8758064516129,SITE 3,EXT
2026-02-08 10:00:00,42.134655172413794,35.53689655172413,27.768103448275863,32.31800766283525,3.295019157088123,15.862068965517242,975.6079310344828,SITE 3,EXT
2026-02-08 11:00:00,31.84951612903226,25.236290322580647,21.856935483870966,34.91039426523297,0.967741935483871,11.580645161290322,974.6483870967742,SITE 3,EXT
2026-02-08 12:00:00,30.678,24.3555,20.329333333333334,36.90740740740741,0.5,9.833333333333334,973.6053333333333,SITE 3,EXT
2026-02-08 13:00:00,29.291999999999998,23.41483333333333,19.55666666666667,38.88888888888889,-0.7592592592592593,7.933333333333334,972.4603333333333,SITE 3,EXT
2026-02-08 14:00:00,29.968833333333336,23.897166666666667,20.285500000000003,40.2962962962963,-1.574074074074074,6.933333333333334,971.31,SITE 3,EXT
2026-02-08 15:00:00,29.934666666666665,23.842499999999998,20.036333333333335,40.37037037037037,-2.0,6.833333333333333,970.6683333333333,SITE 3,EXT
2026-02-08 16:00:00,30.117166666666666,23.9545,20.180833333333332,40.07407407407407,-2.0925925925925926,6.933333333333334,970.3723333333334,SITE 3,EXT
2026-02-08 17:00:00,33.22533333333333,26.796333333333333,22.70133333333333,39.57407407407407,-1.2222222222222223,7.433333333333334,970.4953333333334,SITE 3,EXT
2026-02-08 18:00:00,61.981,56.82183333333333,42.82816666666667,38.333333333333336,1.777777777777778,10.066666666666666,970.909,SITE 3,EXT
2026-02-08 19:00:00,97.38066666666667,91.14516666666667,65.24816666666666,36.851851851851855,3.2592592592592595,12.166666666666666,971.5436666666667,SITE 3,EXT
2026-02-08 20:00:00,85.76383333333334,80.37049999999999,58.38166666666667,35.777777777777786,2.8333333333333335,12.6,972.3763333333334,SITE 3,EXT
2026-02-08 21:00:00,108.133,100.73849999999999,68.47583333333334,34.87037037037037,5.37037037037037,16.0,973.1193333333334,SITE 3,EXT
2026-02-08 22:00:00,131.00300000000001,121.18166666666666,76.8835,33.44444444444444,8.666666666666666,21.7,973.258,SITE 3,EXT
2026-02-08 23:00:00,114.84183333333334,106.01233333333333,68.635,32.44444444444444,9.166666666666666,23.566666666666666,972.9373333333333,SITE 3,EXT
2026-02-09 00:00:00,99.687,91.80466666666666,61.258,31.11111111111111,9.666666666666666,26.6,972.6483333333333,SITE 3,EXT
2026-02-09 01:00:00,67.31283333333333,62.842999999999996,46.8715,30.555555555555557,5.907407407407407,21.566666666666666,972.4486666666667,SITE 3,EXT
2026-02-09 02:00:00,48.17216666666666,45.484500000000004,37.602999999999994,30.074074074074076,3.4629629629629632,18.1,972.2503333333334,SITE 3,EXT
2026-02-09 03:00:00,44.23516666666667,41.242333333333335,34.642833333333336,28.98148148148148,3.5,19.6,971.9666666666667,SITE 3,EXT
2026-02-09 04:00:00,41.902166666666666,38.5145,32.7305,28.14814814814815,3.6111111111111116,20.8,972.077,SITE 3,EXT
2026-02-09 05:00:00,46.3205,42.495999999999995,34.372,27.740740740740744,3.592592592592593,21.233333333333334,972.2,SITE 3,EXT
2026-02-09 06:00:00,70.1225,63.99583333333333,46.315000000000005,27.222222222222225,4.037037037037037,22.433333333333334,972.5513333333333,SITE 3,EXT
2026-02-09 07:00:00,65.72933333333334,59.77283333333333,44.33383333333334,27.370370370370374,4.814814814814815,23.733333333333334,973.3433333333334,SITE 3,EXT
2026-02-09 08:00:00,69.069,63.123666666666665,47.04816666666667,28.574074074074076,5.611111111111112,23.3,974.0526666666667,SITE 3,EXT
2026-02-09 09:00:00,97.74383333333334,89.87433333333334,53.95666666666667,29.814814814814817,4.777777777777778,20.5,974.4726666666667,SITE 3,EXT
2026-02-09 10:00:00,44.46033333333333,37.746833333333335,29.665833333333335,31.90740740740741,3.4074074074074074,16.5,974.119,SITE 3,EXT
2026-02-09 11:00:00,32.47983333333333,25.455,21.165166666666668,34.407407407407405,3.148148148148148,13.833333333333334,973.2883333333334,SITE 3,EXT
2026-02-09 12:00:00,30.6965,24.001833333333334,19.019166666666667,37.03703703703704,2.814814814814815,11.7,972.3036666666667,SITE 3,EXT
2026-02-09 13:00:00,31.895666666666667,25.055999999999997,21.788333333333334,38.7962962962963,1.6666666666666667,9.733333333333333,971.0936666666668,SITE 3,EXT
2026-02-09 14:00:00,33.405166666666666,26.461833333333335,24.037666666666667,39.74074074074074,1.2037037037037037,8.9,969.9793333333333,SITE 3,EXT
2026-02-09 15:00:00,31.674333333333333,24.953333333333333,21.5295,40.53703703703704,0.5740740740740741,8.066666666666666,969.2556666666666,SITE 3,EXT
2026-02-09 16:00:00,31.05216666666667,24.453166666666668,20.738,40.38888888888889,-0.22222222222222224,7.833333333333333,968.984,SITE 3,EXT
2026-02-09 17:00:00,38.01283333333333,32.123333333333335,27.288333333333334,39.94444444444444,0.5555555555555556,8.366666666666667,969.3416666666667,SITE 3,EXT
2026-02-09 18:00:00,128.71116666666666,123.83633333333334,85.21266666666666,38.907407407407405,2.9814814814814814,10.666666666666666,969.8966666666668,SITE 3,EXT
2026-02-09 19:00:00,135.5147619047619,128.22190476190477,88.03404761904761,37.195767195767196,4.761904761904762,13.380952380952381,970.4738095238096,SITE 3,EXT
2026-02-09 20:00:00,175.3425,163.22483333333332,106.61816666666667,35.72222222222222,7.703703703703705,17.8,971.3696666666667,SITE 3,EXT
2026-02-09 21:00:00,188.70649999999998,175.27,111.71566666666666,34.81481481481481,9.018518518518517,20.633333333333333,972.0973333333334,SITE 3,EXT
2026-02-09 22:00:00,176.08950000000002,162.13483333333335,100.33466666666666,33.55555555555556,9.574074074074074,23.0,972.513,SITE 3,EXT
2026-02-09 23:00:00,81.75844827586207,75.77603448275862,54.279310344827586,32.64367816091954,6.130268199233717,18.96551724137931,972.6103448275862,SITE 3,EXT
2026-02-10 00:00:00,71.83433333333333,66.28433333333334,48.10733333333334,31.833333333333332,6.518518518518519,20.433333333333334,972.2156666666667,SITE 3,EXT
2026-02-10 01:00:00,79.24716666666667,72.92,50.94766666666667,30.851851851851855,7.240740740740741,22.866666666666667,971.746,SITE 3,EXT
2026-02-10 02:00:00,48.717,44.541666666666664,35.3715,29.98148148148148,5.277777777777778,20.833333333333332,971.315,SITE 3,EXT
2026-02-10 03:00:00,40.156,36.32183333333333,31.036,29.333333333333332,3.8148148148148153,19.333333333333332,971.083,SITE 3,EXT
2026-02-10 04:00:00,39.10633333333333,34.93283333333333,30.265666666666668,28.462962962962965,3.5740740740740744,20.133333333333333,971.194,SITE 3,EXT
2026-02-10 05:00:00,45.736999999999995,41.59666666666667,34.5435,27.796296296296298,5.0,23.5,972.0593333333333,SITE 3,EXT
2026-02-10 06:00:00,85.10233333333333,76.47366666666667,53.717333333333336,26.888888888888893,6.555555555555556,27.4,973.0823333333334,SITE 3,EXT
2026-02-10 07:00:00,125.51866666666666,117.65466666666666,79.02183333333333,26.833333333333332,6.851851851851852,28.166666666666668,973.9566666666667,SITE 3,EXT
2026-02-10 08:00:00,117.83416666666668,110.304,72.395,27.944444444444446,5.722222222222223,24.433333333333334,974.7706666666667,SITE 3,EXT
2026-02-10 09:00:00,120.23333333333333,111.32600000000001,63.896499999999996,29.703703703703702,3.9074074074074074,19.4,974.7053333333333,SITE 3,EXT
2026-02-10 10:00:00,52.53516666666667,47.348,36.87983333333333,32.2962962962963,2.611111111111111,15.1,974.215,SITE 3,EXT
2026-02-10 11:00:00,38.973,33.162,27.726333333333333,34.92592592592593,1.4444444444444444,12.033333333333333,973.6826666666667,SITE 3,EXT
2026-02-10 12:00:00,35.61983333333333,29.17683333333333,24.22233333333333,36.55555555555556,1.7222222222222223,11.066666666666666,972.837,SITE 3,EXT
2026-02-10 13:00:00,41.126,35.5375,30.274333333333335,38.24074074074074,0.7962962962962963,9.3,971.7246666666667,SITE 3,EXT
2026-02-10 14:00:00,38.665499999999994,32.66066666666667,28.591333333333335,38.90740740740741,0.5,9.0,970.94,SITE 3,EXT
2026-02-10 15:00:00,36.492,30.476999999999997,27.224833333333333,39.05555555555556,0.46296296296296297,8.8,970.625,SITE 3,EXT
2026-02-10 16:00:00,34.744166666666665,27.798833333333334,25.31433333333333,38.96296296296296,0.16666666666666666,8.866666666666667,970.6396666666666,SITE 3,EXT
2026-02-10 17:00:00,43.247258064516124,38.02274193548387,31.872741935483873,38.18996415770609,1.5232974910394266,9.935483870967742,970.59,SITE 3,EXT
2026-02-10 18:00:00,49.13066666666667,44.33083333333333,35.98866666666667,36.5,2.925925925925926,12.2,971.2466666666667,SITE 3,EXT
2026-02-10 19:00:00,79.87266666666666,73.84533333333334,54.30683333333333,35.42592592592593,3.833333333333334,13.733333333333333,971.9566666666667,SITE 3,EXT
2026-02-10 20:00:00,83.72683333333333,78.05483333333333,57.925333333333334,34.62962962962963,4.518518518518519,15.066666666666666,972.883,SITE 3,EXT
2026-02-10 21:00:00,136.12483333333333,124.07016666666667,75.72733333333333,33.870370370370374,6.462962962962963,18.133333333333333,973.5056666666666,SITE 3,EXT
2026-02-10 22:00:00,140.68066666666667,128.90133333333333,80.61149999999999,33.111111111111114,7.685185185185186,20.733333333333334,973.6776666666667,SITE 3,EXT
2026-02-10 23:00:00,120.33283333333334,109.44183333333334,69.55,32.2962962962963,8.333333333333334,22.7,973.5003333333334,SITE 3,EXT
2026-02-11 00:00:00,95.96233333333333,88.30083333333333,60.03816666666667,31.055555555555557,9.277777777777777,26.133333333333333,973.2233333333334,SITE 3,EXT
2026-02-11 01:00:00,80.20716666666667,74.16483333333333,52.611,29.814814814814817,10.0,29.3,972.7496666666666,SITE 3,EXT
2026-02-11 02:00:00,79.33116666666666,73.30216666666666,52.44883333333333,29.166666666666668,8.62962962962963,27.6,972.154,SITE 3,EXT
2026-02-11 03:00:00,66.89266666666667,61.32366666666667,45.039833333333334,28.61111111111111,8.592592592592592,28.6,972.2323333333334,SITE 3,EXT
2026-02-11 04:00:00,62.330333333333336,57.42916666666667,43.22966666666667,27.592592592592595,8.537037037037038,30.2,972.746,SITE 3,EXT
2026-02-11 05:00:00,75.94550000000001,70.57133333333333,51.958666666666666,26.77777777777778,8.537037037037038,31.7,973.1886666666667,SITE 3,EXT
2026-02-11 06:00:00,97.891,90.24116666666667,63.07083333333333,26.555555555555557,9.092592592592592,33.53333333333333,973.7566666666667,SITE 3,EXT
2026-02-11 07:00:00,143.00233333333333,133.803,85.9255,26.240740740740744,9.851851851851851,35.766666666666666,974.421,SITE 3,EXT
2026-02-11 08:00:00,115.05366666666667,108.52266666666667,72.67333333333333,27.185185185185187,11.407407407407408,37.86666666666667,974.8623333333333,SITE 3,EXT
2026-02-11 09:00:00,53.49083333333333,49.98083333333333,39.933166666666665,29.222222222222225,15.24074074074074,42.86666666666667,975.497,SITE 3,EXT
2026-02-11 10:00:00,44.38416666666667,40.897166666666664,33.15533333333333,31.685185185185183,13.88888888888889,34.36666666666667,975.1376666666667,SITE 3,EXT
2026-02-11 11:00:00,38.97533333333333,34.72383333333333,28.955666666666666,34.51851851851852,11.055555555555555,24.033333333333335,974.4103333333334,SITE 3,EXT
2026-02-11 12:00:00,38.195,33.74583333333333,29.357166666666668,36.592592592592595,8.518518518518519,18.033333333333335,973.4436666666667,SITE 3,EXT
2026-02-11 13:00:00,37.50083333333334,32.35033333333333,28.634333333333334,38.351851851851855,7.796296296296297,15.366666666666667,972.4183333333333,SITE 3,EXT
2026-02-11 14:00:00,38.8625,33.908833333333334,29.78666666666667,38.851851851851855,7.092592592592593,14.266666666666667,971.5196666666667,SITE 3,EXT
2026-02-11 15:00:00,49.08566666666666,45.405833333333334,38.666333333333334,39.27777777777778,7.703703703703704,14.566666666666666,971.3486666666666,SITE 3,EXT
2026-02-11 16:00:00,43.83083333333333,39.66233333333333,34.074333333333335,40.148148148148145,7.944444444444445,14.166666666666666,971.5846666666667,SITE 3,EXT
2026-02-11 17:00:00,45.969,42.065333333333335,35.492,39.57407407407407,8.24074074074074,14.8,971.9050000000001,SITE 3,EXT
2026-02-11 18:00:00,104.98466666666667,97.5985,64.3665,38.2037037037037,9.277777777777777,17.233333333333334,972.4196666666667,SITE 3,EXT
2026-02-11 19:00:00,115.33516666666667,108.59166666666667,74.54299999999999,36.81481481481482,10.925925925925926,20.9,973.2706666666667,SITE 3,EXT
2026-02-11 20:00:00,52.85883333333334,49.3285,39.975166666666674,35.777777777777786,11.444444444444446,23.133333333333333,973.9406666666667,SITE 3,EXT
2026-02-11 21:00:00,52.575833333333335,48.708333333333336,38.92616666666667,35.27777777777778,11.851851851851853,24.233333333333334,974.397,SITE 3,EXT
2026-02-11 22:00:00,82.60333333333332,76.3755,53.5355,34.2962962962963,12.703703703703704,27.166666666666668,974.7046666666666,SITE 3,EXT
2026-02-11 23:00:00,58.55983333333334,54.457499999999996,41.66,33.092592592592595,12.962962962962964,29.3,974.9276666666667,SITE 3,EXT
2026-02-12 00:00:00,53.76883333333333,50.05566666666667,38.957499999999996,32.24074074074074,12.833333333333334,30.766666666666666,974.6813333333333,SITE 3,EXT
2026-02-12 01:00:00,56.341,52.425666666666665,40.22233333333334,31.53703703703704,12.833333333333334,31.966666666666665,974.022,SITE 3,EXT
2026-02-12 02:00:00,58.10933333333333,54.407666666666664,42.12866666666667,30.666666666666668,13.111111111111112,34.4,973.7223333333333,SITE 3,EXT
2026-02-12 03:00:00,45.189499999999995,42.1925,34.60316666666667,30.092592592592595,12.925925925925927,34.93333333333333,973.641,SITE 3,EXT
2026-02-12 04:00:00,47.102,44.21183333333333,35.941833333333335,29.64814814814815,13.685185185185185,37.8,973.5953333333333,SITE 3,EXT
2026-02-12 05:00:00,47.511428571428574,44.251666666666665,35.62547619047619,28.915343915343918,14.92063492063492,42.857142857142854,973.8314285714285,SITE 3,EXT
2026-02-12 07:00:00,109.0909090909091,103.55818181818182,70.72909090909091,26.565656565656568,14.696969696969695,48.63636363636363,975.0018181818182,SITE 3,EXT
2026-02-12 08:00:00,63.119166666666665,59.234,44.83716666666667,29.296296296296298,16.51851851851852,46.4,975.4413333333333,SITE 3,EXT
2026-02-12 09:00:00,94.0375,87.07216666666666,51.147,31.48148148148148,16.666666666666668,41.4,975.5436666666667,SITE 3,EXT
2026-02-12 10:00:00,48.00416666666667,44.350166666666674,34.49933333333333,33.851851851851855,16.462962962962965,35.666666666666664,975.2673333333333,SITE 3,EXT
2026-02-12 11:00:00,39.76266666666666,36.3545,30.86916666666667,36.12962962962963,14.685185185185185,28.033333333333335,974.7026666666667,SITE 3,EXT
2026-02-12 12:00:00,36.962333333333326,31.60033333333333,27.08566666666667,38.166666666666664,12.370370370370372,21.4,973.7223333333334,SITE 3,EXT
2026-02-12 13:00:00,35.25416666666667,28.849666666666668,25.407500000000002,39.92592592592593,10.074074074074074,16.6,972.6086666666666,SITE 3,EXT
2026-02-12 14:00:00,36.368500000000004,30.781499999999998,28.1725,40.666666666666664,6.944444444444445,12.8,971.4123333333333,SITE 3,EXT
2026-02-12 15:00:00,36.725166666666674,31.297666666666668,28.557666666666666,40.777777777777786,7.75925925925926,13.4,970.927,SITE 3,EXT
2026-02-12 16:00:00,41.774833333333326,37.47033333333333,32.7265,40.90740740740741,8.425925925925927,14.0,970.9006666666667,SITE 3,EXT
2026-02-12 17:00:00,49.770833333333336,45.77583333333333,37.217,41.01851851851852,8.592592592592592,14.033333333333333,971.0003333333333,SITE 3,EXT
2026-02-12 18:00:00,73.609,69.0645,51.11966666666667,39.92592592592593,9.722222222222223,16.233333333333334,971.3313333333333,SITE 3,EXT
2026-02-12 19:00:00,82.5555,77.94416666666666,57.3695,38.40740740740741,10.574074074074074,18.733333333333334,972.1713333333333,SITE 3,EXT
2026-02-12 20:00:00,93.2265,87.58716666666666,64.14150000000001,37.18518518518519,11.092592592592592,20.666666666666668,973.0183333333333,SITE 3,EXT
2026-02-12 21:00:00,96.96333333333334,89.61766666666668,62.848166666666664,35.7962962962963,11.722222222222223,23.3,973.462,SITE 3,EXT
2026-02-12 22:00:00,132.25833333333333,122.5475,80.648,34.62962962962963,12.314814814814815,26.166666666666668,973.7133333333334,SITE 3,EXT
2026-02-12 23:00:00,137.31633333333332,127.89566666666666,83.95016666666668,34.00000000000001,13.037037037037038,28.2,973.7603333333334,SITE 3,EXT
2026-02-13 00:00:00,117.58416666666668,109.70766666666667,72.69149999999999,32.851851851851855,13.518518518518517,31.1,973.3806666666666,SITE 3,EXT
2026-02-13 01:00:00,72.19583333333334,66.50233333333333,48.81316666666667,31.888888888888893,12.74074074074074,31.366666666666667,972.757,SITE 3,EXT
2026-02-13 02:00:00,52.3955,48.912,38.33383333333334,31.62962962962963,11.574074074074074,29.333333333333332,972.388,SITE 3,EXT
2026-02-13 03:00:00,43.8885,41.19283333333333,34.0425,31.333333333333336,12.444444444444446,31.7,972.4016666666666,SITE 3,EXT
2026-02-13 04:00:00,41.99216666666667,39.36066666666667,33.30083333333333,30.5,13.777777777777779,36.266666666666666,972.612,SITE 3,EXT
2026-02-13 05:00:00,46.42383333333333,43.70516666666666,36.658166666666666,29.833333333333332,14.25925925925926,39.0,973.1370000000001,SITE 3,EXT
2026-02-13 06:00:00,62.540499999999994,55.11833333333333,41.64083333333333,29.61111111111111,14.75925925925926,40.63333333333333,973.9576666666667,SITE 3,EXT
2026-02-13 07:00:00,66.76866666666666,62.285,47.50483333333333,29.833333333333332,15.259259259259261,41.166666666666664,974.6626666666667,SITE 3,EXT
2026-02-13 08:00:00,49.155166666666666,45.64983333333334,36.908,30.240740740740744,16.72222222222222,44.46666666666667,975.3393333333333,SITE 3,EXT
2026-02-13 09:00:00,40.38933333333333,36.95333333333333,30.999833333333335,31.203703703703706,18.27777777777778,46.6,975.6146666666666,SITE 3,EXT
2026-02-13 10:00:00,38.492,34.3675,29.362000000000002,33.25925925925926,18.87037037037037,42.96666666666667,975.2683333333333,SITE 3,EXT
2026-02-13 11:00:00,39.09733333333334,34.57783333333334,29.656000000000002,35.7037037037037,18.53703703703704,36.7,974.3753333333333,SITE 3,EXT
2026-02-13 12:00:00,36.82633333333333,31.329833333333333,27.2745,38.2037037037037,17.85185185185185,30.466666666666665,973.5923333333334,SITE 3,EXT
2026-02-13 13:00:00,35.51733333333333,29.1945,25.545833333333334,40.12962962962963,16.11111111111111,24.6,972.4503333333333,SITE 3,EXT
2026-02-13 14:00:00,37.792500000000004,32.658833333333334,28.818166666666666,41.38888888888889,13.592592592592592,19.6,971.2796666666667,SITE 3,EXT
2026-02-13 15:00:00,34.6808064516129,28.035,25.083709677419357,41.487455197132626,11.326164874551973,16.677419354838708,970.478064516129,SITE 3,EXT
2026-02-13 16:00:00,35.92183333333333,29.974333333333334,27.005333333333333,41.25925925925926,10.74074074074074,16.133333333333333,970.1003333333333,SITE 3,EXT
2026-02-13 17:00:00,39.88966666666667,34.62883333333333,30.125833333333333,40.75925925925926,10.11111111111111,15.8,969.848,SITE 3,EXT
2026-02-13 18:00:00,46.164,41.00666666666667,33.4125,39.94444444444444,11.203703703703704,17.866666666666667,969.8703333333334,SITE 3,EXT
2026-02-13 19:00:00,50.998333333333335,47.260999999999996,38.23583333333333,38.68518518518519,11.851851851851853,20.1,970.414,SITE 3,EXT
2026-02-13 20:00:00,54.271,50.6585,41.60783333333333,37.27777777777778,12.314814814814815,22.333333333333332,971.4096666666667,SITE 3,EXT
2026-02-13 21:00:00,49.00183333333334,45.591166666666666,38.211666666666666,36.351851851851855,13.25925925925926,25.133333333333333,972.0873333333333,SITE 3,EXT
2026-02-13 22:00:00,45.00183333333334,41.48800000000001,34.42833333333333,35.27777777777778,13.38888888888889,26.766666666666666,972.2330000000001,SITE 3,EXT
2026-02-13 23:00:00,55.036500000000004,50.6045,38.88583333333334,33.90740740740741,14.166666666666666,30.533333333333335,972.3979999999999,SITE 3,EXT
2026-02-14 00:00:00,42.617333333333335,38.642833333333336,31.429,33.333333333333336,14.166666666666666,31.6,972.4053333333334,SITE 3,EXT
2026-02-14 01:00:00,38.001,33.28366666666667,28.180166666666665,32.75925925925926,14.907407407407408,34.266666666666666,971.946,SITE 3,EXT
2026-02-14 02:00:00,40.361666666666665,36.823499999999996,31.2975,31.814814814814817,16.037037037037038,38.86666666666667,971.4763333333334,SITE 3,EXT
2026-02-14 03:00:00,38.2185,34.25116666666667,29.980666666666664,31.000000000000004,16.962962962962965,43.46666666666667,971.364,SITE 3,EXT
2026-02-14 04:00:00,38.4135,34.65883333333333,30.591833333333334,30.314814814814817,17.333333333333332,46.1,971.5066666666667,SITE 3,EXT
2026-02-14 05:00:00,44.1875,37.818666666666665,31.226666666666667,29.814814814814817,17.5,48.06666666666667,971.6683333333333,SITE 3,EXT
2026-02-14 06:00:00,42.02633333333333,38.21966666666666,32.326,29.351851851851855,17.814814814814817,50.2,972.099,SITE 3,EXT
2026-02-14 07:00:00,40.831,37.43116666666666,31.667166666666667,28.88888888888889,18.314814814814817,53.3,972.8223333333333,SITE 3,EXT
2026-02-14 08:00:00,39.79083333333333,35.87,30.544166666666666,29.074074074074076,18.51851851851852,54.0,973.3583333333332,SITE 3,EXT
2026-02-14 15:00:00,32.855666666666664,26.176333333333332,22.471999999999998,39.51851851851852,11.703703703703704,19.133333333333333,968.5506666666666,SITE 3,EXT
2026-02-14 16:00:00,32.103,25.342,21.32633333333333,40.5,11.333333333333334,17.466666666666665,968.4493333333334,SITE 3,EXT
2026-02-14 17:00:00,32.19916666666667,25.581333333333337,21.1295,39.94444444444444,11.11111111111111,17.8,968.4586666666667,SITE 3,EXT
2026-02-14 18:00:00,42.2205,36.806333333333335,29.38383333333333,39.44444444444444,11.62962962962963,19.1,969.035,SITE 3,EXT
2026-02-14 19:00:00,69.917,64.27583333333334,47.14233333333333,38.537037037037045,13.166666666666666,22.033333333333335,969.8986666666666,SITE 3,EXT
2026-02-14 20:00:00,62.45433333333334,56.90716666666666,43.32283333333333,37.11111111111111,14.222222222222223,25.666666666666668,970.8223333333333,SITE 3,EXT
2026-02-14 21:00:00,50.70333333333333,46.54183333333334,37.158,36.38888888888889,14.018518518518517,26.3,971.5126666666667,SITE 3,EXT
2026-02-14 22:00:00,41.99,38.15316666666667,31.34916666666667,35.5,13.925925925925926,27.633333333333333,971.5699999999999,SITE 3,EXT
2026-02-14 23:00:00,41.092,37.63183333333333,32.24466666666667,34.77777777777778,13.703703703703704,28.366666666666667,971.6546666666667,SITE 3,EXT
2026-02-15 00:00:00,41.019666666666666,38.217,33.653333333333336,33.44444444444444,14.870370370370372,32.833333333333336,971.2663333333334,SITE 3,EXT
2026-02-15 01:00:00,39.986,36.935833333333335,32.3425,32.7962962962963,15.833333333333334,36.5,971.0723333333334,SITE 3,EXT
2026-02-15 02:00:00,38.084500000000006,34.065666666666665,30.325499999999998,32.05555555555556,16.5,39.733333333333334,971.2909999999999,SITE 3,EXT
2026-02-15 03:00:00,38.691833333333335,35.14083333333333,31.449333333333335,31.388888888888893,16.166666666666668,40.13333333333333,971.3953333333334,SITE 3,EXT
2026-02-15 04:00:00,39.08564516129032,35.984032258064516,32.721774193548384,30.6989247311828,16.594982078853047,43.064516129032256,971.4245161290322,SITE 3,EXT
2026-02-15 05:00:00,40.425,37.75216666666667,34.581,30.12962962962963,16.814814814814817,45.2,971.5843333333333,SITE 3,EXT
2026-02-15 06:00:00,52.2835,44.343333333333334,36.346000000000004,30.0,17.055555555555557,46.0,972.1623333333333,SITE 3,EXT
2026-02-15 07:00:00,47.35916666666667,44.231,37.4215,30.12962962962963,17.277777777777775,46.46666666666667,972.8009999999999,SITE 3,EXT
2026-02-15 08:00:00,44.9125,41.829,36.41766666666667,31.444444444444446,17.77777777777778,44.4,973.3676666666667,SITE 3,EXT
2026-02-15 09:00:00,39.9315,35.520999999999994,30.81383333333333,32.55555555555556,18.685185185185183,43.96666666666667,973.776,SITE 3,EXT
2026-02-15 10:00:00,36.96266666666667,31.6535,28.135833333333334,33.12962962962963,18.77777777777778,43.1,973.9843333333333,SITE 3,EXT
2026-02-15 11:00:00,35.209500000000006,28.7535,25.382333333333335,34.68518518518519,19.0,39.86666666666667,973.5366666666666,SITE 3,EXT
2026-02-15 12:00:00,35.08116666666667,28.306833333333334,24.566166666666668,36.64814814814815,18.518518518518523,34.833333333333336,972.5793333333334,SITE 3,EXT
2026-02-15 13:00:00,35.9,29.713833333333334,26.154833333333332,38.22222222222222,18.055555555555557,30.933333333333334,971.7133333333334,SITE 3,EXT
2026-02-15 14:00:00,34.0495,27.132,23.6925,39.61111111111111,17.75925925925926,28.233333333333334,970.6576666666666,SITE 3,EXT
2026-02-15 15:00:00,36.245,28.220967741935485,23.23241935483871,38.18996415770609,16.810035842293907,28.64516129032258,970.3561290322581,SITE 3,EXT
2026-02-15 16:00:00,39.84047619047619,37.51642857142857,33.80761904761905,31.322751322751326,17.98941798941799,45.61904761904762,971.8342857142858,SITE 3,EXT
2026-02-15 17:00:00,52.2735,50.409666666666666,43.2495,31.796296296296298,19.703703703703706,49.333333333333336,971.9926666666667,SITE 3,EXT
2026-02-15 18:00:00,36.26833333333333,32.72516666666667,30.040666666666667,29.388888888888893,18.75925925925926,53.166666666666664,972.5763333333333,SITE 3,EXT
2026-02-15 19:00:00,34.736451612903224,30.168064516129032,27.761612903225807,28.691756272401435,17.67025089605735,51.83870967741935,973.413870967742,SITE 3,EXT
2026-02-15 20:00:00,33.83266666666667,28.8555,26.22716666666667,28.62962962962963,18.314814814814817,54.0,975.4626666666667,SITE 3,EXT
2026-02-15 21:00:00,32.911500000000004,27.4005,24.223833333333335,27.75925925925926,18.888888888888893,58.96666666666667,976.5873333333333,SITE 3,EXT
2026-02-15 22:00:00,32.27316666666667,26.563,23.761166666666668,28.203703703703706,19.351851851851855,59.13333333333333,977.6496666666667,SITE 3,EXT
2026-02-15 23:00:00,33.21,27.750999999999998,24.723000000000003,27.888888888888893,19.370370370370374,60.6,977.0976666666667,SITE 3,EXT
2026-02-16 00:00:00,34.44433333333333,29.56566666666667,26.133333333333333,27.85185185185185,19.53703703703704,61.5,975.3293333333334,SITE 3,EXT
2026-02-16 01:00:00,33.658833333333334,28.341166666666666,25.163166666666665,28.03703703703704,19.40740740740741,60.4,973.612,SITE 3,EXT
2026-02-16 02:00:00,34.87683333333334,30.146666666666665,26.382333333333335,28.333333333333336,19.61111111111111,59.9,972.9213333333333,SITE 3,EXT
2026-02-16 03:00:00,35.598166666666664,31.461000000000002,27.642166666666665,27.555555555555557,19.944444444444446,63.93333333333333,973.222,SITE 3,EXT
2026-02-16 04:00:00,36.084833333333336,32.213,27.625,27.370370370370374,19.092592592592595,61.06666666666667,973.475,SITE 3,EXT
2026-02-16 05:00:00,37.214166666666664,33.965,28.654166666666665,27.185185185185187,18.388888888888893,59.1,973.86,SITE 3,EXT
2026-02-16 06:00:00,43.39709677419355,41.178548387096775,33.38354838709678,27.20430107526882,17.473118279569892,55.61290322580645,974.7980645161291,SITE 3,EXT
2026-02-16 07:00:00,48.352333333333334,45.940666666666665,35.2815,27.018518518518523,15.814814814814815,50.766666666666666,975.6800000000001,SITE 3,EXT
2026-02-16 08:00:00,40.42133333333333,34.86366666666667,26.887333333333334,27.61111111111111,11.092592592592592,36.166666666666664,976.5053333333333,SITE 3,EXT
2026-02-16 09:00:00,50.70683333333333,43.37283333333333,31.450166666666668,28.814814814814817,7.037037037037037,25.3,977.0949999999999,SITE 3,EXT
2026-02-16 10:00:00,45.07166666666667,36.62683333333334,28.381333333333334,30.40740740740741,5.888888888888888,21.433333333333334,976.9573333333334,SITE 3,EXT
2026-02-16 11:00:00,37.507666666666665,27.993166666666664,21.393666666666665,32.62962962962963,4.37037037037037,16.9,976.27,SITE 3,EXT
2026-02-16 12:00:00,35.85033333333333,26.609333333333332,21.358333333333334,34.81481481481482,1.7962962962962965,12.233333333333333,975.1506666666667,SITE 3,EXT
2026-02-16 13:00:00,35.02066666666666,25.920666666666666,20.4925,36.611111111111114,1.4814814814814816,10.766666666666667,973.9770000000001,SITE 3,EXT
2026-02-16 14:00:00,34.461666666666666,25.617166666666666,19.518166666666666,37.57407407407407,1.1666666666666667,9.966666666666667,973.0740000000001,SITE 3,EXT
2026-02-16 15:00:00,33.73233333333334,24.729666666666667,18.410666666666664,38.07407407407407,0.9814814814814815,9.7,972.4503333333333,SITE 3,EXT
2026-02-16 16:00:00,36.60616666666667,27.1795,20.634833333333333,36.90740740740741,1.7407407407407407,10.766666666666667,972.314,SITE 3,EXT
2026-02-16 17:00:00,41.71935483870968,33.60612903225806,25.458387096774196,36.46953405017921,2.598566308243728,11.806451612903226,972.4603225806452,SITE 3,EXT
2026-02-16 18:00:00,60.39366666666667,51.75833333333333,37.37716666666667,35.5,3.925925925925926,13.8,972.9689999999999,SITE 3,EXT
2026-02-16 19:00:00,67.496,57.9765,40.1495,34.72222222222222,5.12962962962963,15.666666666666666,973.6633333333334,SITE 3,EXT
2026-02-16 20:00:00,59.099333333333334,50.32,36.275999999999996,34.14814814814815,5.555555555555556,16.633333333333333,974.715,SITE 3,EXT
2026-02-16 21:00:00,75.1575,67.183,49.1415,33.88888888888889,5.851851851851852,17.333333333333332,975.2956666666666,SITE 3,EXT
2026-02-16 22:00:00,44.70316666666667,36.211666666666666,26.9345,33.01851851851852,6.814814814814815,19.466666666666665,975.302,SITE 3,EXT
2026-02-16 23:00:00,44.53666666666666,35.4125,25.988666666666667,32.111111111111114,4.759259259259259,17.933333333333334,975.1636666666667,SITE 3,EXT
2026-02-17 00:00:00,42.765166666666666,34.31966666666666,26.220333333333333,31.296296296296298,2.1296296296296298,15.333333333333334,974.7756666666667,SITE 3,EXT
2026-02-17 01:00:00,43.13966666666667,34.893166666666666,26.8475,30.740740740740744,0.9074074074074076,14.633333333333333,974.2603333333334,SITE 3,EXT
2026-02-17 02:00:00,44.314,36.316833333333335,28.194833333333335,30.055555555555557,1.074074074074074,15.433333333333334,973.7523333333334,SITE 3,EXT
2026-02-17 03:00:00,45.546166666666664,37.12083333333333,28.711333333333336,29.444444444444446,2.0,17.0,973.5776666666667,SITE 3,EXT
2026-02-17 04:00:00,45.657096774193555,37.77596774193549,29.468870967741935,29.032258064516128,3.512544802867384,19.548387096774192,973.8661290322581,SITE 3,EXT
2026-02-17 05:00:00,43.1265,36.515499999999996,27.75766666666667,27.944444444444446,2.314814814814815,19.133333333333333,974.245,SITE 3,EXT
2026-02-17 06:00:00,45.723499999999994,40.33633333333333,30.580333333333332,26.870370370370374,1.1851851851851853,18.733333333333334,974.4226666666667,SITE 3,EXT
2026-02-17 07:00:00,63.9005,56.609,37.95883333333333,26.814814814814817,0.3148148148148148,17.7,974.9013333333334,SITE 3,EXT
2026-02-17 08:00:00,46.13733333333333,40.70116666666667,30.444666666666667,27.370370370370374,-0.05555555555555556,16.666666666666668,975.6173333333334,SITE 3,EXT
2026-02-17 09:00:00,43.114000000000004,35.55716666666667,27.468666666666664,28.48148148148148,-2.555555555555556,12.8,976.0266666666666,SITE 3,EXT
2026-02-17 10:00:00,44.325833333333335,35.54600000000001,26.28933333333333,30.370370370370374,-3.8333333333333335,10.366666666666667,975.8326666666667,SITE 3,EXT
2026-02-17 11:00:00,39.388333333333335,29.787166666666668,21.970333333333333,32.40740740740741,-4.018518518518518,9.033333333333333,975.0116666666667,SITE 3,EXT
2026-02-17 12:00:00,43.72866666666666,34.20516666666666,25.337,34.7037037037037,-3.8148148148148153,8.033333333333333,973.8096666666667,SITE 3,EXT
2026-02-17 13:00:00,39.31666666666667,29.449166666666667,21.599666666666668,36.53703703703704,-4.222222222222222,7.066666666666666,972.6343333333333,SITE 3,EXT
2026-02-17 14:00:00,40.35133333333333,31.489166666666666,24.11616666666667,37.75925925925926,-4.092592592592593,6.533333333333333,971.649,SITE 3,EXT
2026-02-17 15:00:00,41.160322580645165,32.538548387096775,24.703709677419358,38.78136200716846,-3.3154121863799286,6.645161290322581,971.1554838709677,SITE 3,EXT
2026-02-17 16:00:00,41.38483333333333,32.904666666666664,25.137,38.666666666666664,-3.092592592592593,6.833333333333333,970.86,SITE 3,EXT
2026-02-17 17:00:00,40.4225,31.94333333333333,24.265833333333333,38.12962962962963,-2.0,7.566666666666666,971.035,SITE 3,EXT
2026-02-17 18:00:00,66.15366666666667,57.11,41.43366666666667,36.907407407407405,0.962962962962963,10.2,971.8063333333333,SITE 3,EXT
2026-02-17 19:00:00,105.28516666666665,95.627,65.97,35.46296296296296,2.925925925925926,12.9,972.4403333333333,SITE 3,EXT
2026-02-17 20:00:00,179.712,164.08133333333336,101.34733333333334,34.14814814814815,7.481481481481482,19.266666666666666,973.0766666666666,SITE 3,EXT
2026-02-17 21:00:00,172.8,156.634,92.12416666666667,32.96296296296296,10.166666666666666,24.866666666666667,973.622,SITE 3,EXT
2026-02-17 22:00:00,115.14766666666667,104.895,69.74633333333333,31.722222222222225,12.055555555555555,30.266666666666666,973.744,SITE 3,EXT
2026-02-17 23:00:00,81.81816666666667,71.8335,50.165499999999994,30.574074074074076,11.907407407407408,31.966666666666665,973.5553333333334,SITE 3,EXT
2026-02-18 00:00:00,98.45066666666666,88.82666666666667,60.333333333333336,29.87037037037037,11.907407407407408,33.233333333333334,973.2376666666667,SITE 3,EXT
2026-02-18 01:00:00,106.15333333333334,95.90666666666667,63.121833333333335,29.333333333333332,12.259259259259261,34.93333333333333,972.8563333333333,SITE 3,EXT
2026-02-18 02:00:00,89.73435483870968,80.7490322580645,54.68774193548387,28.333333333333336,12.634408602150538,38.12903225806452,972.6261290322581,SITE 3,EXT
2026-02-18 03:00:00,64.71016666666667,57.785833333333336,41.483,28.185185185185187,6.481481481481482,25.633333333333333,972.2566666666667,SITE 3,EXT
2026-02-18 04:00:00,50.919666666666664,45.176,33.717666666666666,27.77777777777778,3.6666666666666665,21.4,972.175,SITE 3,EXT
2026-02-18 05:00:00,53.21516666666666,47.400333333333336,34.9035,27.53703703703704,2.6666666666666665,20.0,972.552,SITE 3,EXT
2026-02-18 06:00:00,65.268,58.01483333333333,41.53866666666667,27.148148148148152,2.9814814814814814,21.033333333333335,972.919,SITE 3,EXT
2026-02-18 07:00:00,77.4925,68.79299999999999,48.255833333333335,26.75925925925926,2.851851851851852,21.2,973.3349999999999,SITE 3,EXT
2026-02-18 08:00:00,72.8715,63.9425,44.36666666666667,27.388888888888893,2.0925925925925926,19.4,974.0286666666667,SITE 3,EXT
2026-02-18 09:00:00,69.1875,59.34,38.5585,28.85185185185185,2.4074074074074074,18.233333333333334,974.3313333333333,SITE 3,EXT
2026-02-18 10:00:00,53.468666666666664,43.061,29.26966666666667,31.25925925925926,-0.40740740740740744,12.933333333333334,974.217,SITE 3,EXT
2026-02-18 11:00:00,50.55916666666667,38.227999999999994,25.901833333333332,33.351851851851855,-1.925925925925926,9.966666666666667,973.5423333333333,SITE 3,EXT
2026-02-18 12:00:00,54.965806451612906,42.695,29.924354838709675,35.60931899641577,-3.046594982078853,8.064516129032258,972.4399999999999,SITE 3,EXT
2026-02-18 13:00:00,49.1475,37.54116666666666,26.369666666666667,37.62962962962963,-3.685185185185185,6.866666666666666,971.3596666666667,SITE 3,EXT
2026-02-18 14:00:00,46.32,35.39516666666667,25.197666666666667,38.90740740740741,-4.12962962962963,6.066666666666666,970.461,SITE 3,EXT
2026-02-18 15:00:00,44.63983333333333,34.327,24.730833333333333,39.407407407407405,-5.148148148148149,5.466666666666667,969.9226666666667,SITE 3,EXT
2026-02-18 16:00:00,43.588,33.7752,24.472600000000003,39.288888888888884,-4.733333333333333,5.84,969.6876,SITE 3,EXT
2026-02-18 17:00:00,47.992333333333335,38.12466666666667,27.331833333333336,38.537037037037045,-3.2037037037037037,6.733333333333333,969.9603333333333,SITE 3,EXT
2026-02-18 18:00:00,66.65833333333333,55.416333333333334,39.5865,37.38888888888889,0.7222222222222222,9.766666666666667,970.4936666666667,SITE 3,EXT
2026-02-18 19:00:00,108.886,95.49516666666666,63.962833333333336,36.037037037037045,3.0,12.566666666666666,970.8296666666666,SITE 3,EXT
2026-02-18 20:00:00,162.98466666666667,148.1415,93.64216666666667,34.648148148148145,6.537037037037037,17.633333333333333,971.3763333333334,SITE 3,EXT
2026-02-18 21:00:00,152.91066666666666,136.4485,84.28916666666667,33.31481481481482,7.9259259259259265,20.833333333333332,972.1866666666666,SITE 3,EXT
2026-02-18 22:00:00,155.65,138.304,82.90383333333334,32.53703703703704,9.518518518518517,24.266666666666666,972.4503333333333,SITE 3,EXT
2026-02-18 23:00:00,117.926,106.16183333333333,70.009,31.092592592592595,10.74074074074074,28.633333333333333,972.4503333333333,SITE 3,EXT
2026-02-19 00:00:00,82.1735,73.80749999999999,54.07449999999999,30.27777777777778,9.833333333333334,28.2,972.255,SITE 3,EXT
2026-02-19 01:00:00,87.60066666666667,78.68366666666667,56.734500000000004,29.351851851851855,10.203703703703704,30.566666666666666,971.89,SITE 3,EXT
2026-02-19 02:00:00,76.84333333333333,67.8485,47.17266666666667,28.333333333333332,11.481481481481483,35.333333333333336,971.4826666666667,SITE 3,EXT
2026-02-19 03:00:00,71.77370967741936,63.98903225806452,45.68161290322581,27.741935483870968,11.451612903225806,36.54838709677419,971.3216129032259,SITE 3,EXT
2026-02-19 04:00:00,115.57383333333334,104.32166666666667,67.11333333333333,27.222222222222225,11.666666666666666,38.2,971.327,SITE 3,EXT
2026-02-19 05:00:00,122.459,110.83483333333334,72.23416666666667,26.925925925925927,11.074074074074074,37.3,971.5329999999999,SITE 3,EXT
2026-02-19 06:00:00,121.76683333333334,111.77516666666666,74.52483333333333,26.185185185185183,10.944444444444445,38.6,972.0433333333333,SITE 3,EXT
2026-02-19 07:00:00,160.48999999999998,146.7335,92.98266666666667,26.11111111111111,10.962962962962962,39.0,972.6556666666668,SITE 3,EXT
2026-02-19 08:00:00,118.25766666666667,108.45133333333334,72.67933333333333,27.12962962962963,5.777777777777778,26.066666666666666,973.3683333333333,SITE 3,EXT
2026-02-19 09:00:00,56.455,52.99,42.265,27.77777777777778,2.2222222222222223,19.0,973.64,SITE 3,EXT
2026-02-19 12:00:00,34.475833333333334,27.895416666666666,23.805208333333336,35.81018518518518,-6.203703703703703,6.208333333333333,971.9362500000001,SITE 3,EXT
2026-02-19 13:00:00,33.05883333333333,25.214,20.101666666666667,38.12962962962963,-7.518518518518519,4.966666666666667,971.0723333333333,SITE 3,EXT
2026-02-19 14:00:00,35.4095,27.362000000000002,22.334999999999997,39.2037037037037,-7.5,4.666666666666667,970.1560000000001,SITE 3,EXT
2026-02-19 15:00:00,36.2375,28.483666666666668,23.550333333333334,39.77777777777778,-7.574074074074074,4.233333333333333,969.3823333333333,SITE 3,EXT
2026-02-19 16:00:00,38.0925,30.509833333333333,24.9005,39.81481481481481,-7.703703703703705,4.1,969.1803333333334,SITE 3,EXT
2026-02-19 17:00:00,38.04266666666667,31.512999999999998,25.865333333333336,39.351851851851855,-5.981481481481482,5.266666666666667,969.338,SITE 3,EXT
2026-02-19 18:00:00,63.402096774193545,57.06758064516129,43.03435483870968,38.29749103942653,-1.254480286738351,7.967741935483871,969.8445161290323,SITE 3,EXT
2026-02-19 19:00:00,118.29516666666667,110.421,76.84533333333334,36.592592592592595,3.2962962962962963,12.466666666666667,970.5553333333334,SITE 3,EXT
2026-02-19 20:00:00,164.351,152.62583333333333,97.932,35.0,6.740740740740741,17.3,971.4330000000001,SITE 3,EXT
2026-02-19 21:00:00,142.728,131.269,82.52166666666668,33.31481481481482,8.444444444444445,21.366666666666667,972.249,SITE 3,EXT
2026-02-19 22:00:00,88.01266666666668,81.73166666666665,57.792,32.111111111111114,8.722222222222223,23.533333333333335,972.6360000000001,SITE 3,EXT
2026-02-19 23:00:00,97.37533333333333,90.88116666666666,63.341,30.62962962962963,8.88888888888889,25.9,972.73,SITE 3,EXT
2026-02-20 00:00:00,88.2915,81.76816666666667,57.3045,29.740740740740744,9.814814814814815,29.033333333333335,972.4926666666667,SITE 3,EXT
2026-02-20 01:00:00,83.97616666666666,78.08266666666667,56.210166666666666,28.61111111111111,9.962962962962964,31.4,972.0766666666666,SITE 3,EXT
2026-02-20 02:00:00,79.4265,73.98966666666666,53.58233333333333,27.98148148148148,9.685185185185185,31.966666666666665,971.7746666666667,SITE 3,EXT
2026-02-20 03:00:00,64.73333333333333,60.75833333333333,45.85816666666666,26.796296296296298,9.481481481481483,33.8,971.8236666666667,SITE 3,EXT
2026-02-20 04:00:00,78.10466666666666,73.58066666666667,54.22683333333334,25.462962962962965,9.592592592592592,36.9,972.2566666666667,SITE 3,EXT
2026-02-20 05:00:00,106.53629032258064,99.3616129032258,69.15903225806451,24.946236559139788,8.620071684587813,35.61290322580645,972.3645161290323,SITE 3,EXT
2026-02-20 06:00:00,109.23316666666666,101.58183333333334,70.1195,25.518518518518523,8.018518518518519,33.1,972.776,SITE 3,EXT
2026-02-20 07:00:00,133.16883333333334,124.25366666666667,82.33316666666666,25.518518518518523,9.296296296296298,36.03333333333333,973.5576666666667,SITE 3,EXT
2026-02-20 08:00:00,79.54533333333333,75.60133333333333,56.14183333333334,26.85185185185185,4.222222222222222,23.6,974.2276666666668,SITE 3,EXT
2026-02-20 09:00:00,64.8385,61.41416666666667,46.91616666666666,29.444444444444446,3.888888888888889,19.766666666666666,974.7393333333333,SITE 3,EXT
2026-02-20 10:00:00,44.04,41.32216666666667,34.287,32.18518518518518,10.444444444444446,26.3,974.734,SITE 3,EXT
2026-02-20 11:00:00,40.96333333333334,38.334500000000006,30.853166666666667,34.351851851851855,6.574074074074074,17.833333333333332,974.2313333333333,SITE 3,EXT
2026-02-20 12:00:00,41.93766666666667,38.641,30.84,36.38888888888889,2.648148148148148,12.2,973.2620000000001,SITE 3,EXT
2026-02-20 13:00:00,35.4165,29.49866666666667,24.44066666666667,38.57407407407408,-5.648148148148149,5.566666666666666,972.2766666666666,SITE 3,EXT
2026-02-20 14:00:00,35.547333333333334,28.315833333333334,24.15266666666667,39.62962962962963,-7.962962962962964,4.1,971.4543333333334,SITE 3,EXT
2026-02-20 15:00:00,38.22,32.156666666666666,27.433666666666667,39.94444444444444,-8.574074074074074,4.0,970.7526666666668,SITE 3,EXT
2026-02-20 16:00:00,36.590806451612906,29.44451612903226,25.279838709677417,39.82078853046595,-8.74551971326165,4.0,970.4029032258065,SITE 3,EXT
2026-02-20 17:00:00,37.87116666666667,31.707333333333334,27.071,39.44444444444444,-7.5,4.466666666666667,970.3633333333333,SITE 3,EXT
2026-02-20 18:00:00,64.184,57.28666666666666,43.69416666666667,38.611111111111114,-1.8703703703703705,7.5,970.5360000000001,SITE 3,EXT
2026-02-20 19:00:00,133.30683333333334,124.04050000000001,83.73583333333333,36.75925925925926,3.425925925925926,12.333333333333334,971.1816666666667,SITE 3,EXT
2026-02-20 20:00:00,158.03233333333336,145.03383333333335,90.27233333333334,34.87037037037037,6.796296296296296,17.666666666666668,972.1256666666667,SITE 3,EXT
2026-02-20 21:00:00,99.946,92.95883333333333,64.31933333333333,33.44444444444444,7.351851851851852,19.733333333333334,973.092,SITE 3,EXT
2026-02-20 22:00:00,110.0245,102.3145,70.14783333333334,32.351851851851855,8.000000000000002,22.033333333333335,973.4576666666667,SITE 3,EXT
2026-02-20 23:00:00,93.23183333333333,87.68583333333332,63.84016666666666,30.90740740740741,8.981481481481483,25.733333333333334,973.3746666666667,SITE 3,EXT
2026-02-21 00:00:00,98.291,92.34349999999999,65.953,29.833333333333332,9.055555555555555,27.433333333333334,973.2466666666667,SITE 3,EXT
2026-02-21 01:00:00,109.12616666666666,101.66616666666667,70.98383333333332,29.388888888888893,9.166666666666666,28.266666666666666,972.8216666666667,SITE 3,EXT
2026-02-21 02:00:00,95.8695,89.21466666666667,64.00866666666667,28.462962962962965,8.796296296296298,29.233333333333334,972.3573333333334,SITE 3,EXT
2026-02-21 03:00:00,86.24854838709678,80.99,59.70822580645161,27.580645161290324,8.082437275985663,29.419354838709676,972.4716129032257,SITE 3,EXT
2026-02-21 04:00:00,88.05866666666667,83.26516666666666,60.211666666666666,26.11111111111111,7.555555555555556,30.933333333333334,972.6806666666668,SITE 3,EXT
2026-02-21 05:00:00,77.6625,72.74666666666667,53.87616666666667,26.537037037037035,6.425925925925926,27.8,972.9226666666667,SITE 3,EXT
2026-02-21 06:00:00,92.64716666666666,85.843,60.61466666666667,26.01851851851852,6.851851851851852,29.666666666666668,973.7063333333333,SITE 3,EXT
2026-02-21 07:00:00,125.75966666666666,117.95599999999999,79.55333333333333,26.055555555555557,7.962962962962964,31.933333333333334,974.393,SITE 3,EXT
2026-02-21 08:00:00,80.5535,76.3665,56.15233333333333,27.222222222222225,4.703703703703704,23.733333333333334,975.0856666666666,SITE 3,EXT
2026-02-21 09:00:00,58.89,55.876333333333335,43.19616666666666,29.53703703703704,7.685185185185186,25.566666666666666,975.5876666666667,SITE 3,EXT
2026-02-21 10:00:00,139.693,122.57533333333335,57.5205,32.03703703703704,13.148148148148149,31.933333333333334,975.588,SITE 3,EXT
2026-02-21 11:00:00,39.41733333333333,35.899833333333326,30.37366666666667,34.37037037037037,10.203703703703704,23.066666666666666,974.9696666666666,SITE 3,EXT
2026-02-21 12:00:00,36.95483333333333,32.30116666666667,27.897333333333336,36.5,9.185185185185185,18.733333333333334,974.052,SITE 3,EXT
2026-02-21 13:00:00,38.831,35.787000000000006,31.807333333333336,38.092592592592595,6.462962962962963,14.633333333333333,973.1493333333333,SITE 3,EXT
2026-02-21 14:00:00,37.406612903225806,33.77596774193549,30.52725806451613,39.53405017921147,-0.4659498207885304,7.967741935483871,972.1183870967741,SITE 3,EXT
2026-02-21 15:00:00,36.410333333333334,32.0875,28.9345,40.2037037037037,-6.037037037037037,4.933333333333334,971.3636666666666,SITE 3,EXT
2026-02-21 16:00:00,35.966833333333334,31.2955,28.394000000000002,40.166666666666664,-7.296296296296297,4.166666666666667,971.1853333333333,SITE 3,EXT
2026-02-21 17:00:00,39.417500000000004,36.85166666666667,32.637166666666666,39.68518518518518,-6.37037037037037,4.966666666666667,971.1046666666666,SITE 3,EXT
2026-02-21 18:00:00,61.373000000000005,58.9365,48.16166666666666,38.351851851851855,-1.9444444444444444,7.5,971.3763333333334,SITE 3,EXT
2026-02-21 19:00:00,112.00766666666667,104.94316666666667,73.2575,36.98148148148149,2.055555555555556,11.133333333333333,971.9706666666666,SITE 3,EXT
2026-02-21 20:00:00,154.37316666666666,144.15883333333335,95.50266666666667,35.2037037037037,4.944444444444445,15.133333333333333,972.6736666666667,SITE 3,EXT
2026-02-21 21:00:00,138.79066666666668,129.50300000000001,87.14033333333333,34.05555555555556,6.0,17.333333333333332,973.332,SITE 3,EXT
2026-02-21 22:00:00,131.062,121.61449999999999,81.47399999999999,33.148148148148145,6.944444444444445,19.633333333333333,973.7486666666666,SITE 3,EXT
2026-02-21 23:00:00,90.95483333333333,85.54816666666667,62.40416666666667,31.333333333333332,8.000000000000002,23.4,973.8156666666667,SITE 3,EXT
2026-02-22 00:00:00,91.83854838709676,86.61596774193548,63.351290322580645,30.197132616487455,7.688172043010753,24.419354838709676,973.4361290322581,SITE 3,EXT
2026-02-22 01:00:00,70.28133333333334,66.748,50.83883333333333,28.98148148148148,7.796296296296297,26.566666666666666,973.062,SITE 3,EXT
2026-02-22 02:00:00,75.96466666666667,71.637,52.4145,28.425925925925927,8.481481481481483,28.833333333333332,972.5316666666666,SITE 3,EXT
2026-02-22 03:00:00,100.9625,93.53383333333333,63.20183333333333,27.75925925925926,7.944444444444445,28.566666666666666,972.15,SITE 3,EXT
2026-02-22 04:00:00,108.94200000000001,101.59200000000001,68.3575,27.27777777777778,8.944444444444446,31.633333333333333,972.1803333333334,SITE 3,EXT
2026-02-22 05:00:00,91.6575,86.4645,61.2995,26.185185185185183,8.518518518518519,32.86666666666667,972.456,SITE 3,EXT
2026-02-22 06:00:00,109.35383333333333,101.36016666666666,68.86716666666666,25.48148148148148,8.500000000000002,34.266666666666666,973.0856666666666,SITE 3,EXT
2026-02-22 07:00:00,151.2648333333333,141.6865,92.95700000000001,25.703703703703702,6.740740740740741,30.4,973.9136666666667,SITE 3,EXT
2026-02-22 08:00:00,67.59916666666666,64.56966666666666,49.20683333333333,27.62962962962963,0.6666666666666666,17.233333333333334,974.7023333333333,SITE 3,EXT
2026-02-22 09:00:00,66.25183333333334,62.99533333333333,44.67716666666667,29.27777777777778,0.2777777777777778,15.233333333333333,975.0246666666667,SITE 3,EXT
2026-02-22 10:00:00,41.700833333333335,38.8305,32.893,31.796296296296298,-1.7407407407407407,11.233333333333333,975.0006666666667,SITE 3,EXT
2026-02-22 11:00:00,36.502741935483876,32.26483870967742,28.95935483870968,34.6415770609319,-3.835125448028674,8.129032258064516,974.1458064516129,SITE 3,EXT
2026-02-22 12:00:00,35.724500000000006,31.055999999999997,28.370333333333335,37.01851851851852,-6.962962962962964,5.566666666666666,973.153,SITE 3,EXT
2026-02-22 13:00:00,37.39433333333333,33.976166666666664,31.42683333333333,38.98148148148149,-8.092592592592593,4.3,972.0923333333334,SITE 3,EXT
2026-02-22 14:00:00,38.518166666666666,36.08866666666667,33.3605,40.12962962962963,-8.666666666666666,4.0,971.037,SITE 3,EXT
2026-02-22 15:00:00,40.979,39.05216666666667,35.98166666666667,40.166666666666664,-9.222222222222223,3.966666666666667,970.3960000000001,SITE 3,EXT
2026-02-22 16:00:00,39.131,36.9545,34.217666666666666,40.37037037037037,-8.018518518518519,4.033333333333333,970.1716666666667,SITE 3,EXT
2026-02-22 17:00:00,48.342333333333336,46.73316666666667,40.6385,39.77777777777778,-6.092592592592593,4.933333333333334,970.2183333333334,SITE 3,EXT
2026-02-22 18:00:00,76.48316666666666,74.14583333333333,59.21783333333334,38.53703703703704,-2.7592592592592595,7.033333333333333,970.5186666666667,SITE 3,EXT
2026-02-22 19:00:00,93.062,87.7385,63.967,37.24074074074074,0.20370370370370372,9.433333333333334,970.9986666666666,SITE 3,EXT
2026-02-22 20:00:00,140.6005,131.97650000000002,88.89116666666668,35.75925925925926,4.018518518518518,13.766666666666667,971.6466666666668,SITE 3,EXT
2026-02-22 21:00:00,137.56,128.33599999999998,85.74616666666667,34.48148148148148,5.333333333333333,16.166666666666668,972.35,SITE 3,EXT
2026-02-22 22:00:00,147.64416666666665,135.66116666666667,83.5925,33.18518518518519,7.5925925925925934,20.633333333333333,972.5653333333333,SITE 3,EXT
2026-02-22 23:00:00,133.096,122.33083333333335,76.81983333333332,31.814814814814817,8.444444444444445,23.3,972.4670000000001,SITE 3,EXT
2026-02-23 00:00:00,118.8465,110.18266666666666,71.30416666666666,30.703703703703706,8.037037037037038,24.266666666666666,972.1226666666666,SITE 3,EXT
2026-02-23 01:00:00,111.6135,102.36116666666666,64.6005,29.40740740740741,8.518518518518519,27.1,971.473,SITE 3,EXT
2026-02-23 02:00:00,75.67016666666667,71.63816666666666,53.5,28.462962962962965,8.185185185185185,27.8,970.9143333333334,SITE 3,EXT
2026-02-23 03:00:00,90.14806451612904,84.65193548387097,60.19403225806452,27.831541218637994,8.010752688172044,28.612903225806452,970.5400000000001,SITE 3,EXT
2026-02-23 04:00:00,101.5615,94.44666666666667,63.34466666666667,27.185185185185187,8.796296296296298,31.466666666666665,970.3816666666667,SITE 3,EXT
2026-02-23 05:00:00,83.568,77.775,56.49466666666667,26.314814814814817,7.5925925925925934,30.5,970.6206666666666,SITE 3,EXT
2026-02-23 06:00:00,106.95816666666666,101.5925,72.21916666666667,25.75925925925926,6.148148148148149,28.533333333333335,971.1943333333334,SITE 3,EXT
2026-02-23 07:00:00,86.89283333333333,82.50133333333333,60.67066666666666,26.074074074074073,4.0,24.266666666666666,972.2773333333333,SITE 3,EXT
2026-02-23 08:00:00,61.54533333333333,58.401833333333336,45.524166666666666,27.40740740740741,3.740740740740741,21.933333333333334,972.7883333333334,SITE 3,EXT
2026-02-23 09:00:00,49.7695,47.972833333333334,40.42916666666667,29.962962962962965,0.6666666666666666,15.033333333333333,972.8346666666667,SITE 3,EXT
2026-02-23 10:00:00,49.82516666666667,48.184,39.6435,32.074074074074076,-1.4444444444444444,11.266666666666667,972.6393333333333,SITE 3,EXT
2026-02-23 11:00:00,37.573166666666665,34.76116666666667,32.07066666666667,34.75925925925926,-3.092592592592593,8.566666666666666,971.9206666666666,SITE 3,EXT
2026-02-23 12:00:00,38.32383333333333,35.48116666666667,32.98416666666667,37.12962962962963,-4.018518518518518,6.966666666666667,970.9693333333333,SITE 3,EXT
2026-02-23 13:00:00,37.2141935483871,33.97467741935483,32.20983870967742,39.24731182795699,-6.200716845878136,5.161290322580645,969.711935483871,SITE 3,EXT
2026-02-23 14:00:00,38.716,36.57366666666667,34.49916666666666,40.407407407407405,-7.148148148148149,4.266666666666667,968.735,SITE 3,EXT
2026-02-23 15:00:00,39.00716666666666,37.292,35.05983333333334,40.87037037037037,-7.314814814814815,4.066666666666666,968.0223333333332,SITE 3,EXT
2026-02-23 16:00:00,40.08166666666667,38.62566666666667,36.19266666666667,40.777777777777786,-6.981481481481482,4.166666666666667,967.9670000000001,SITE 3,EXT
2026-02-23 17:00:00,40.776666666666664,39.1435,35.94166666666667,40.25925925925926,-5.796296296296296,4.9,968.1036666666666,SITE 3,EXT
2026-02-23 18:00:00,59.45483333333333,56.394,46.131499999999996,39.07407407407407,-2.0,7.2,968.5413333333333,SITE 3,EXT
2026-02-23 19:00:00,93.55,88.37866666666667,66.92066666666666,37.46296296296296,1.3333333333333333,10.233333333333333,969.1783333333333,SITE 3,EXT
2026-02-23 20:00:00,140.32049999999998,131.866,91.73566666666667,36.037037037037045,4.166666666666667,13.633333333333333,969.687,SITE 3,EXT
2026-02-23 21:00:00,144.9595,136.0656666666667,92.48616666666666,34.61111111111111,6.9259259259259265,18.033333333333335,970.2023333333333,SITE 3,EXT
2026-02-23 22:00:00,126.5635,119.15316666666666,82.762,33.62962962962963,7.0,19.3,970.5110000000001,SITE 3,EXT
2026-02-23 23:00:00,109.29083333333332,103.57549999999999,73.35816666666666,32.05555555555556,8.166666666666668,22.633333333333333,970.5246666666667,SITE 3,EXT
2026-02-24 00:00:00,97.01806451612903,92.07193548387097,67.45064516129031,31.093189964157705,8.261648745519715,24.129032258064516,970.2851612903225,SITE 3,EXT
2026-02-24 01:00:00,80.15433333333334,76.84383333333334,58.9,29.5,7.981481481481482,26.066666666666666,969.8259999999999,SITE 3,EXT
2026-02-24 02:00:00,79.4175,76.15650000000001,58.774499999999996,28.388888888888893,6.796296296296297,25.466666666666665,969.3626666666667,SITE 3,EXT
2026-02-24 03:00:00,82.6195,78.89450000000001,59.06766666666667,28.092592592592595,7.888888888888889,28.066666666666666,969.0949999999999,SITE 3,EXT
2026-02-24 04:00:00,75.31516666666667,71.883,54.463,27.092592592592595,8.481481481481483,31.233333333333334,968.91,SITE 3,EXT
2026-02-24 05:00:00,88.17533333333334,84.3195,62.632,26.166666666666668,7.611111111111112,30.9,969.3286666666667,SITE 3,EXT
2026-02-24 06:00:00,145.5795,136.70583333333335,89.4585,26.037037037037035,7.5925925925925934,31.033333333333335,970.2013333333333,SITE 3,EXT
2026-02-24 07:00:00,80.9845,76.96883333333334,57.3,25.740740740740744,6.12962962962963,28.633333333333333,971.2523333333334,SITE 3,EXT
2026-02-24 08:00:00,112.516,105.01133333333334,66.42983333333333,27.518518518518523,4.962962962962963,23.8,971.6346666666667,SITE 3,EXT
2026-02-24 09:00:00,87.30466666666666,83.40583333333333,55.72033333333333,30.27777777777778,0.7962962962962963,14.9,971.596,SITE 3,EXT
2026-02-24 10:00:00,51.952666666666666,50.73433333333333,42.227333333333334,32.592592592592595,0.46296296296296297,12.566666666666666,971.5476666666667,SITE 3,EXT
2026-02-24 11:00:00,39.0516129032258,37.178225806451614,33.399032258064516,35.3405017921147,1.0931899641577063,11.419354838709678,970.7503225806452,SITE 3,EXT
2026-02-24 12:00:00,41.88066666666667,40.66,36.8755,37.94444444444445,4.722222222222222,12.8,969.6496666666667,SITE 3,EXT
2026-02-24 13:00:00,41.696333333333335,40.79333333333333,37.73116666666667,40.166666666666664,3.814814814814815,10.5,968.4193333333334,SITE 3,EXT
2026-02-24 14:00:00,39.41866666666667,37.978833333333334,35.3555,40.7037037037037,2.537037037037037,9.233333333333333,967.6453333333334,SITE 3,EXT
2026-02-24 15:00:00,39.488166666666665,37.76283333333333,34.978500000000004,41.14814814814815,2.1296296296296298,8.666666666666666,967.0,SITE 3,EXT
2026-02-24 16:00:00,40.41266666666666,39.12583333333334,36.02033333333333,40.92592592592593,2.7037037037037037,9.233333333333333,966.9876666666667,SITE 3,EXT
2026-02-24 17:00:00,41.373666666666665,39.7935,35.68333333333333,40.01851851851852,2.3333333333333335,9.4,967.2756666666667,SITE 3,EXT
2026-02-24 18:00:00,54.79516666666667,53.06433333333334,45.344833333333334,38.98148148148149,3.7592592592592595,11.133333333333333,967.7826666666666,SITE 3,EXT
2026-02-24 19:00:00,63.68416666666667,61.4025,50.92100000000001,37.907407407407405,5.240740740740741,13.166666666666666,968.6643333333334,SITE 3,EXT
2026-02-24 20:00:00,84.85266666666666,80.18916666666668,59.269,36.81481481481482,5.962962962962963,14.866666666666667,969.5366666666666,SITE 3,EXT
2026-02-24 21:00:00,113.12566666666666,105.12133333333333,72.28416666666666,35.37037037037037,8.425925925925927,19.133333333333333,970.2173333333334,SITE 3,EXT
2026-02-24 22:00:00,107.60258064516128,100.9190322580645,71.78790322580646,34.24731182795699,8.978494623655916,21.225806451612904,970.453870967742,SITE 3,EXT
2026-02-24 23:00:00,101.53483333333334,95.58166666666666,69.01616666666668,33.05555555555556,9.61111111111111,23.7,970.3629999999999,SITE 3,EXT
2026-02-25 00:00:00,84.82966666666667,80.63416666666667,60.95033333333333,31.740740740740744,10.037037037037036,26.266666666666666,970.1876666666667,SITE 3,EXT
2026-02-25 01:00:00,85.2345,81.25766666666667,62.62016666666667,30.962962962962965,9.981481481481483,27.433333333333334,969.6853333333333,SITE 3,EXT
2026-02-25 02:00:00,90.727,86.411,65.7905,30.296296296296298,10.666666666666666,29.766666666666666,969.284,SITE 3,EXT
2026-02-25 03:00:00,67.21650000000001,64.27633333333333,50.341833333333334,28.98148148148148,9.944444444444445,30.733333333333334,969.3833333333333,SITE 3,EXT
2026-02-25 04:00:00,65.30766666666666,62.89333333333333,50.30233333333333,28.333333333333336,10.092592592592592,32.166666666666664,969.5120000000001,SITE 3,EXT
2026-02-25 05:00:00,62.16466666666667,60.0,48.702999999999996,27.833333333333332,8.666666666666666,30.0,970.2379999999999,SITE 3,EXT
2026-02-25 06:00:00,82.95433333333334,76.48916666666668,57.452666666666666,27.5,8.425925925925927,30.2,970.8403333333333,SITE 3,EXT
2026-02-25 07:00:00,102.13766666666668,97.55166666666668,71.05933333333334,27.222222222222225,9.592592592592592,33.166666666666664,971.5073333333333,SITE 3,EXT
2026-02-25 08:00:00,81.32064516129033,78.1766129032258,59.21258064516129,28.118279569892476,10.555555555555555,33.83870967741935,972.1312903225806,SITE 3,EXT
2026-02-25 09:00:00,53.616166666666665,52.0415,44.6065,30.98148148148148,16.314814814814817,41.733333333333334,972.496,SITE 3,EXT
2026-02-25 10:00:00,48.701,47.30016666666666,40.13016666666667,33.27777777777778,17.38888888888889,39.0,972.6066666666667,SITE 3,EXT
2026-02-25 11:00:00,40.55383333333334,38.616166666666665,34.3895,35.24074074074074,13.037037037037038,26.533333333333335,971.8666666666667,SITE 3,EXT
2026-02-25 12:00:00,39.093833333333336,36.7515,33.2675,37.666666666666664,13.370370370370372,23.533333333333335,970.8639999999999,SITE 3,EXT
2026-02-25 13:00:00,37.747499999999995,34.426500000000004,30.75133333333333,38.851851851851855,10.444444444444446,18.1,969.9086666666666,SITE 3,EXT
2026-02-25 14:00:00,39.8515,37.93666666666666,34.01,39.55555555555556,9.018518518518517,15.666666666666666,969.1486666666666,SITE 3,EXT
2026-02-25 15:00:00,40.50366666666666,38.82516666666666,35.19583333333333,40.333333333333336,8.092592592592593,14.1,968.45,SITE 3,EXT
2026-02-25 16:00:00,42.1835,40.819833333333335,36.93066666666667,40.2962962962963,6.148148148148149,12.366666666666667,968.2923333333333,SITE 3,EXT
2026-02-25 17:00:00,45.29666666666667,44.00466666666667,39.417833333333334,39.24074074074074,4.833333333333333,11.933333333333334,968.575,SITE 3,EXT
2026-02-25 18:00:00,52.83866666666667,50.83716666666667,43.032000000000004,38.48148148148149,5.888888888888888,13.366666666666667,969.19,SITE 3,EXT
2026-02-25 19:00:00,71.83306451612903,68.6,53.99354838709677,37.58064516129032,7.025089605734767,15.290322580645162,970.2067741935484,SITE 3,EXT
2026-02-25 20:00:00,71.90316666666666,68.46533333333333,54.16366666666667,36.40740740740741,7.574074074074074,16.933333333333334,971.0963333333333,SITE 3,EXT
2026-02-25 21:00:00,70.1815,66.58833333333334,52.40783333333333,34.7962962962963,9.111111111111112,20.766666666666666,971.6926666666666,SITE 3,EXT
2026-02-25 22:00:00,61.50516666666667,57.81316666666667,45.91883333333333,34.05555555555556,8.166666666666668,20.3,971.6723333333334,SITE 3,EXT
2026-02-25 23:00:00,67.815,63.711,49.219833333333334,33.27777777777778,7.777777777777778,20.566666666666666,971.3206666666666,SITE 3,EXT
2026-02-26 00:00:00,67.16983333333333,63.142500000000005,48.30116666666667,32.2037037037037,7.166666666666667,21.033333333333335,970.923,SITE 3,EXT
2026-02-26 01:00:00,74.52766666666666,69.76483333333334,50.91316666666667,31.351851851851855,7.62962962962963,22.866666666666667,970.3889999999999,SITE 3,EXT
2026-02-26 02:00:00,49.031,46.652,38.25216666666667,31.018518518518523,4.87037037037037,19.2,969.8456666666666,SITE 3,EXT
2026-02-26 03:00:00,57.184,54.43566666666666,43.217999999999996,30.0,8.611111111111112,26.466666666666665,969.9096666666667,SITE 3,EXT
2026-02-26 04:00:00,62.272000000000006,59.43333333333333,46.996833333333335,28.98148148148148,9.425925925925926,29.566666666666666,970.1716666666667,SITE 3,EXT
2026-02-26 05:00:00,56.51833333333333,54.15266666666666,43.94383333333334,28.48148148148148,7.351851851851852,26.233333333333334,970.9253333333332,SITE 3,EXT
2026-02-26 06:00:00,111.2191935483871,101.57080645161291,68.69241935483872,28.172043010752688,8.60215053763441,29.419354838709676,971.5529032258064,SITE 3,EXT
2026-02-26 07:00:00,92.85933333333334,88.44033333333333,65.1255,28.333333333333332,10.555555555555555,33.266666666666666,972.2533333333333,SITE 3,EXT
2026-02-26 08:00:00,59.79383333333333,57.6395,47.165499999999994,29.092592592592595,13.407407407407408,38.46666666666667,973.1753333333332,SITE 3,EXT
2026-02-26 09:00:00,50.700500000000005,49.20733333333333,41.65916666666667,30.574074074074076,16.48148148148148,42.86666666666667,973.8493333333333,SITE 3,EXT
2026-02-26 10:00:00,43.43033333333334,42.208,37.13666666666666,32.92592592592593,18.074074074074076,41.56666666666667,973.7963333333333,SITE 3,EXT
2026-02-26 11:00:00,45.3985,43.919333333333334,39.07033333333334,35.03703703703704,16.185185185185187,32.9,972.9680000000001,SITE 3,EXT
2026-02-26 12:00:00,43.45583333333333,41.7295,36.986999999999995,36.96296296296296,14.38888888888889,26.166666666666668,971.853,SITE 3,EXT
2026-02-26 13:00:00,45.089166666666664,43.27833333333333,38.905833333333334,38.2037037037037,13.037037037037038,22.433333333333334,971.0176666666666,SITE 3,EXT
2026-02-26 14:00:00,43.29083333333333,41.19916666666666,36.881,39.53703703703704,8.870370370370372,15.666666666666666,970.2276666666668,SITE 3,EXT
2026-02-26 15:00:00,46.042500000000004,43.964333333333336,39.065000000000005,39.72222222222222,8.37037037037037,14.866666666666667,969.3806666666666,SITE 3,EXT
2026-02-26 16:00:00,47.81766666666667,45.62516666666667,40.758,39.7037037037037,7.166666666666667,13.9,969.318,SITE 3,EXT
2026-02-26 17:00:00,49.67032258064516,47.12419354838709,41.30467741935484,38.88888888888889,7.455197132616488,14.709677419354838,969.2093548387096,SITE 3,EXT
2026-02-26 18:00:00,59.1775,55.92366666666667,46.958666666666666,38.25925925925926,7.851851851851852,15.666666666666666,970.1253333333333,SITE 3,EXT
2026-02-26 19:00:00,69.63216666666668,64.97966666666666,51.82716666666667,37.5,8.574074074074074,16.9,971.1533333333333,SITE 3,EXT
2026-02-26 20:00:00,106.479,98.87633333333333,69.37333333333332,36.88888888888889,9.777777777777777,19.333333333333332,971.9996666666667,SITE 3,EXT
2026-02-26 21:00:00,80.78816666666667,75.604,57.63166666666667,35.55555555555556,11.703703703703704,23.7,972.4773333333334,SITE 3,EXT
2026-02-26 22:00:00,78.631,74.07933333333334,57.97933333333333,34.907407407407405,11.203703703703704,23.833333333333332,972.8003333333332,SITE 3,EXT
2026-02-26 23:00:00,84.83533333333334,78.867,59.4405,34.18518518518519,12.111111111111112,26.2,972.5803333333333,SITE 3,EXT
2026-02-27 00:00:00,92.07950000000001,85.61166666666666,62.405166666666666,33.31481481481482,13.0,29.2,971.995,SITE 3,EXT
2026-02-27 01:00:00,73.36816666666667,68.84316666666668,52.98566666666667,32.51851851851852,12.592592592592592,29.833333333333332,971.4863333333334,SITE 3,EXT
2026-02-27 02:00:00,49.13866666666667,46.782000000000004,39.991,31.666666666666668,14.370370370370372,35.3,971.3516666666667,SITE 3,EXT
2026-02-27 03:00:00,48.70883333333334,46.686,40.142,30.981481481481485,15.851851851851851,40.333333333333336,971.493,SITE 3,EXT
2026-02-27 04:00:00,48.65435483870968,47.02903225806452,41.35758064516129,30.555555555555557,17.043010752688172,44.54838709677419,971.5206451612903,SITE 3,EXT
2026-02-27 05:00:00,47.22966666666667,45.8835,40.476,30.11111111111111,17.703703703703702,47.766666666666666,971.6826666666667,SITE 3,EXT
2026-02-27 06:00:00,55.962,51.75533333333333,43.254000000000005,29.64814814814815,17.77777777777778,49.233333333333334,972.2276666666668,SITE 3,EXT
2026-02-27 07:00:00,52.72166666666667,50.78966666666667,43.155499999999996,29.64814814814815,18.03703703703704,50.233333333333334,972.7966666666667,SITE 3,EXT
2026-02-27 08:00:00,49.019,47.540333333333336,41.741499999999995,30.166666666666668,18.53703703703704,50.3,973.4476666666667,SITE 3,EXT
2026-02-27 09:00:00,46.499500000000005,45.116166666666665,40.34133333333333,31.740740740740744,18.962962962962965,47.233333333333334,973.5173333333333,SITE 3,EXT
2026-02-27 10:00:00,50.15716666666666,48.66733333333333,44.280166666666666,33.68518518518519,18.98148148148148,42.13333333333333,973.231,SITE 3,EXT
2026-02-27 11:00:00,48.16866666666667,46.592,41.95583333333333,35.68518518518519,18.48148148148148,36.63333333333333,972.659,SITE 3,EXT
2026-02-27 12:00:00,47.626,45.99166666666667,41.532666666666664,37.38888888888889,17.888888888888893,32.13333333333333,971.784,SITE 3,EXT
2026-02-27 13:00:00,44.48983333333333,42.66166666666666,38.00383333333333,39.01851851851852,17.166666666666668,27.966666666666665,970.7173333333334,SITE 3,EXT
2026-02-27 14:00:00,42.114333333333335,39.91583333333333,35.151833333333336,39.74074074074074,16.592592592592595,26.0,969.862,SITE 3,EXT
2026-02-27 15:00:00,44.401774193548384,42.24112903225806,36.62354838709677,39.3010752688172,16.415770609318997,26.096774193548388,969.1129032258065,SITE 3,EXT
2026-02-27 16:00:00,44.10166666666667,41.930166666666665,36.40916666666667,38.44444444444445,15.796296296296298,26.6,968.8520000000001,SITE 3,EXT
2026-02-27 17:00:00,49.669333333333334,47.12316666666666,40.78433333333333,37.648148148148145,15.833333333333334,27.7,969.0276666666667,SITE 3,EXT
2026-02-27 18:00:00,53.12433333333333,50.08016666666666,42.01483333333333,36.87037037037037,16.11111111111111,29.466666666666665,969.5163333333334,SITE 3,EXT
2026-02-27 19:00:00,54.310833333333335,51.6605,43.129,36.38888888888889,16.5,31.066666666666666,970.5759999999999,SITE 3,EXT
2026-02-27 20:00:00,49.24,47.1385,40.732499999999995,35.37037037037037,16.98148148148148,33.8,971.8083333333333,SITE 3,EXT
2026-02-27 21:00:00,51.09733333333334,48.81466666666667,42.3565,35.0,16.666666666666668,33.96666666666667,972.2836666666666,SITE 3,EXT
2026-02-27 22:00:00,50.150333333333336,48.01483333333333,41.937,35.0,16.796296296296298,34.166666666666664,972.2360000000001,SITE 3,EXT
2026-02-27 23:00:00,50.86216666666667,48.902166666666666,43.033500000000004,34.44444444444444,16.87037037037037,35.4,971.9526666666667,SITE 3,EXT
2026-02-28 00:00:00,50.20766666666667,48.31033333333333,42.015,33.88888888888889,17.185185185185183,37.43333333333333,971.812,SITE 3,EXT
2026-02-28 01:00:00,48.190666666666665,46.337666666666664,40.894,33.18518518518519,17.24074074074074,38.7,971.5893333333333,SITE 3,EXT
2026-02-28 02:00:00,48.2955,46.621,41.910999999999994,32.77777777777778,17.259259259259256,40.03333333333333,971.2803333333334,SITE 3,EXT
2026-02-28 03:00:00,49.4441935483871,47.869032258064514,43.35758064516129,32.043010752688176,17.526881720430108,42.193548387096776,970.9477419354839,SITE 3,EXT
2026-02-28 04:00:00,48.33583333333333,46.814,42.160666666666664,31.48148148148148,17.722222222222225,44.1,970.9680000000001,SITE 3,EXT
2026-02-28 05:00:00,46.081,44.804833333333335,40.26233333333333,31.000000000000004,18.240740740740744,47.13333333333333,971.6253333333333,SITE 3,EXT
2026-02-28 06:00:00,55.17016666666667,50.92633333333333,42.7695,30.90740740740741,18.12962962962963,46.86666666666667,972.2303333333333,SITE 3,EXT
2026-02-28 07:00:00,51.01649999999999,49.2265,43.612833333333334,31.111111111111118,18.203703703703706,46.56666666666667,972.8343333333333,SITE 3,EXT
2026-02-28 08:00:00,49.0805,48.12016666666667,44.041666666666664,31.092592592592595,17.98148148148148,45.93333333333333,973.135,SITE 3,EXT
2026-02-28 09:00:00,47.71516666666666,46.795833333333334,43.016666666666666,31.64814814814815,17.796296296296298,44.3,973.4796666666666,SITE 3,EXT
2026-02-28 10:00:00,49.35666666666667,48.198,43.62383333333333,32.592592592592595,18.388888888888893,43.13333333333333,973.493,SITE 3,EXT
2026-02-28 11:00:00,65.52366666666667,63.0725,47.6,34.092592592592595,18.462962962962965,39.96666666666667,972.8080000000001,SITE 3,EXT
2026-02-28 12:00:00,49.02483870967742,47.53967741935484,41.11016129032258,36.02150537634409,17.974910394265233,34.74193548387097,971.6912903225807,SITE 3,EXT
2026-02-28 13:00:00,46.68733333333333,45.5205,41.73466666666666,37.18518518518519,17.51851851851852,31.6,970.455,SITE 3,EXT
2026-02-28 14:00:00,44.661833333333334,43.464166666666664,39.583499999999994,38.37037037037037,17.166666666666668,28.966666666666665,969.138,SITE 3,EXT
2026-02-28 15:00:00,40.4725,38.806333333333335,34.798,39.42592592592593,16.925925925925927,26.666666666666668,968.3266666666666,SITE 3,EXT
2026-02-28 16:00:00,39.89433333333333,37.264,32.63133333333333,39.407407407407405,16.314814814814817,25.766666666666666,968.0966666666667,SITE 3,EXT
2026-02-28 17:00:00,43.929833333333335,41.797333333333334,36.4105,38.277777777777786,16.425925925925927,27.833333333333332,968.4263333333333,SITE 3,EXT
2026-02-28 18:00:00,52.579166666666666,50.59583333333333,44.02633333333333,35.57407407407407,16.87037037037037,33.1,969.2379999999999,SITE 3,EXT
2026-02-28 19:00:00,56.30716666666667,54.06283333333333,46.561166666666665,34.75925925925926,16.796296296296298,34.63333333333333,969.5966666666667,SITE 3,EXT
2026-02-28 20:00:00,54.49616666666667,52.366,44.95033333333333,34.98148148148148,17.055555555555557,34.766666666666666,970.2143333333333,SITE 3,EXT
2026-02-28 21:00:00,50.530166666666666,48.72416666666666,42.24583333333333,33.51851851851852,17.12962962962963,38.13333333333333,970.9236666666667,SITE 3,EXT
2026-02-28 22:00:00,51.87483870967741,49.865483870967736,42.692419354838705,33.49462365591398,17.02508960573477,37.483870967741936,971.3338709677419,SITE 3,EXT
2026-02-28 23:00:00,52.086,50.030833333333334,42.244,33.31481481481482,17.296296296296298,38.833333333333336,971.2803333333334,SITE 3,EXT
2026-03-01 00:00:00,52.76133333333333,50.673,42.42966666666667,32.68518518518518,17.09259259259259,39.46666666666667,970.8846666666667,SITE 3,EXT
2026-03-01 01:00:00,50.766,49.26383333333333,43.606833333333334,31.35185185185185,17.35185185185185,43.4,970.3556666666666,SITE 3,EXT
2026-03-01 02:00:00,51.36016666666667,49.93266666666667,43.79266666666667,29.722222222222225,17.833333333333332,49.333333333333336,969.875,SITE 3,EXT
2026-03-01 03:00:00,48.218333333333334,46.767833333333336,40.812333333333335,29.12962962962963,17.462962962962965,49.733333333333334,969.6626666666667,SITE 3,EXT
2026-03-01 04:00:00,46.435500000000005,45.0195,39.339000000000006,28.87037037037037,16.814814814814817,48.63333333333333,969.6460000000001,SITE 3,EXT
2026-03-01 05:00:00,47.51483333333333,46.1355,39.92916666666667,28.833333333333332,16.35185185185185,47.166666666666664,970.1703333333334,SITE 3,EXT
2026-03-01 06:00:00,48.54566666666666,46.80983333333334,39.292500000000004,28.53703703703704,15.462962962962964,45.233333333333334,970.9646666666666,SITE 3,EXT
2026-03-01 07:00:00,47.77177419354839,46.09774193548387,39.405806451612904,28.49462365591398,13.100358422939069,38.903225806451616,971.4280645161291,SITE 3,EXT
2026-03-01 08:00:00,131.31699999999998,117.05783333333333,59.234,29.240740740740744,11.907407407407408,34.43333333333333,971.9996666666667,SITE 3,EXT
2026-03-01 09:00:00,225.12733333333333,202.75900000000001,90.97733333333333,30.61111111111111,11.018518518518517,30.133333333333333,972.314,SITE 3,EXT
2026-03-01 10:00:00,87.80816666666666,82.05999999999999,53.18783333333333,32.074074074074076,11.037037037037038,27.833333333333332,972.59,SITE 3,EXT
2026-03-01 11:00:00,42.87583333333334,41.51266666666667,36.842,34.277777777777786,9.185185185185185,21.533333333333335,972.1153333333333,SITE 3,EXT
2026-03-01 12:00:00,38.35116666666667,35.6785,31.9545,36.37037037037037,9.592592592592592,19.6,971.2063333333333,SITE 3,EXT
2026-03-01 13:00:00,39.34,36.977,32.83733333333333,38.88888888888889,10.537037037037036,18.033333333333335,969.7916666666666,SITE 3,EXT
2026-03-01 14:00:00,38.676,35.966,31.70566666666667,39.57407407407407,10.962962962962962,18.0,968.4613333333333,SITE 3,EXT
2026-03-01 15:00:00,38.084500000000006,34.906666666666666,30.725166666666667,39.74074074074074,11.74074074074074,18.833333333333332,967.5476666666667,SITE 3,EXT
2026-03-01 16:00:00,39.46290322580645,36.605645161290326,31.68564516129032,39.73118279569893,11.953405017921149,19.06451612903226,967.2516129032258,SITE 3,EXT
2026-03-01 17:00:00,40.2785,37.925333333333334,33.090333333333334,39.31481481481481,12.01851851851852,19.5,967.49,SITE 3,EXT
2026-03-01 18:00:00,49.55316666666667,46.986666666666665,39.71183333333333,38.44444444444445,12.000000000000002,20.633333333333333,968.2330000000001,SITE 3,EXT
2026-03-01 19:00:00,48.32066666666666,46.70116666666667,39.825833333333335,37.48148148148148,12.351851851851853,22.166666666666668,969.4063333333332,SITE 3,EXT
2026-03-01 20:00:00,44.9325,43.32450000000001,36.727999999999994,36.370370370370374,12.537037037037038,23.9,970.275,SITE 3,EXT
2026-03-01 21:00:00,45.801500000000004,44.086999999999996,37.01083333333334,34.851851851851855,12.851851851851853,26.566666666666666,971.5233333333333,SITE 3,EXT
2026-03-01 22:00:00,47.10066666666667,45.763333333333335,39.71033333333333,33.46296296296296,15.648148148148149,34.766666666666666,972.3176666666666,SITE 3,EXT
2026-03-01 23:00:00,45.053999999999995,44.018166666666666,39.6,32.148148148148145,17.37037037037037,41.3,972.631,SITE 3,EXT
2026-03-02 00:00:00,43.589000000000006,42.735,38.9745,31.87037037037037,16.90740740740741,40.7,971.778,SITE 3,EXT
2026-03-02 01:00:00,41.225806451612904,40.354354838709675,37.119354838709675,31.666666666666668,15.842293906810037,38.87096774193548,971.3709677419355,SITE 3,EXT
2026-03-02 02:00:00,42.870666666666665,42.141666666666666,38.93266666666667,31.40740740740741,16.444444444444443,40.833333333333336,971.6296666666666,SITE 3,EXT
2026-03-02 03:00:00,46.49916666666666,45.53033333333334,41.311,30.388888888888893,17.85185185185185,47.46666666666667,971.608,SITE 3,EXT
2026-03-02 04:00:00,45.24066666666667,44.339166666666664,40.120333333333335,29.88888888888889,18.296296296296298,50.166666666666664,971.444,SITE 3,EXT
2026-03-02 05:00:00,39.45666666666667,37.73966666666667,35.396,28.962962962962965,17.888888888888893,51.5,971.6986666666667,SITE 3,EXT
2026-03-02 06:00:00,38.101,35.404833333333336,33.0705,28.5,17.62962962962963,52.166666666666664,972.3240000000001,SITE 3,EXT
2026-03-02 07:00:00,43.88283333333333,41.849000000000004,36.774,28.814814814814817,17.51851851851852,50.9,972.8753333333333,SITE 3,EXT
2026-03-02 08:00:00,41.68866666666667,40.75416666666667,37.67483333333333,29.370370370370374,17.64814814814815,49.233333333333334,973.1086666666666,SITE 3,EXT
2026-03-02 09:00:00,169.22866666666667,137.389,60.681666666666665,29.53703703703704,17.296296296296298,48.13333333333333,973.2186666666668,SITE 3,EXT
2026-03-02 10:00:00,201.16870967741934,179.5025806451613,86.54161290322581,30.896057347670254,16.881720430107528,43.483870967741936,973.0619354838709,SITE 3,EXT
2026-03-02 11:00:00,72.83516666666667,70.49066666666667,54.227666666666664,32.24074074074074,16.462962962962965,38.9,972.737,SITE 3,EXT
2026-03-02 12:00:00,40.818,39.63016666666667,36.283166666666666,32.98148148148148,13.407407407407408,30.833333333333332,972.1270000000001,SITE 3,EXT
2026-03-02 13:00:00,42.44716666666667,41.409666666666666,37.9005,33.90740740740741,10.981481481481483,24.733333333333334,971.5046666666666,SITE 3,EXT
2026-03-02 14:00:00,44.27033333333333,43.278,40.01366666666667,33.77777777777778,10.425925925925926,24.066666666666666,971.003,SITE 3,EXT
2026-03-02 15:00:00,46.01,45.162166666666664,41.54716666666666,33.92592592592593,10.61111111111111,24.0,970.5166666666667,SITE 3,EXT
2026-03-02 16:00:00,47.83633333333333,46.794333333333334,42.6575,34.333333333333336,11.092592592592592,24.333333333333332,970.4346666666667,SITE 3,EXT
2026-03-02 17:00:00,53.05566666666667,51.748000000000005,45.6485,33.7962962962963,10.851851851851851,24.666666666666668,970.6270000000001,SITE 3,EXT
2026-03-02 18:00:00,55.71666666666667,53.98383333333334,46.88933333333333,33.370370370370374,11.351851851851851,25.933333333333334,971.0896666666666,SITE 3,EXT
2026-03-02 19:00:00,62.022000000000006,60.179833333333335,50.734833333333334,33.42592592592593,11.814814814814815,26.966666666666665,971.6376666666667,SITE 3,EXT
2026-03-02 20:00:00,55.98145161290322,54.41096774193549,46.53645161290323,33.333333333333336,12.240143369175629,27.70967741935484,972.2632258064516,SITE 3,EXT
2026-03-02 21:00:00,60.623000000000005,58.378,47.918,32.68518518518518,12.870370370370372,30.233333333333334,973.0676666666666,SITE 3,EXT
2026-03-02 22:00:00,54.13166666666667,52.382,44.28616666666667,32.333333333333336,12.833333333333334,30.633333333333333,973.5763333333333,SITE 3,EXT
2026-03-02 23:00:00,51.55416666666667,49.903,42.32866666666666,31.814814814814817,12.925925925925927,31.933333333333334,973.6496666666667,SITE 3,EXT
2026-03-03 00:00:00,53.10666666666667,51.4085,43.024499999999996,31.296296296296298,12.759259259259261,32.333333333333336,973.472,SITE 3,EXT
2026-03-03 01:00:00,53.14833333333333,51.38033333333333,43.205666666666666,31.018518518518523,12.12962962962963,31.533333333333335,973.3743333333333,SITE 3,EXT
2026-03-03 02:00:00,45.04633333333333,43.47383333333333,38.157666666666664,30.222222222222225,9.444444444444446,27.7,972.9583333333334,SITE 3,EXT
2026-03-03 03:00:00,43.33883333333333,41.64383333333333,37.10166666666667,30.0,7.074074074074074,23.7,972.8413333333334,SITE 3,EXT
2026-03-03 04:00:00,43.6545,41.96583333333333,37.247499999999995,29.814814814814817,7.351851851851852,24.5,972.475,SITE 3,EXT
2026-03-03 05:00:00,47.61645161290322,45.59274193548387,39.737258064516126,29.24731182795699,7.043010752688172,25.0,972.5303225806451,SITE 3,EXT
2026-03-03 06:00:00,59.116166666666665,56.09666666666667,47.016666666666666,28.833333333333332,7.462962962962964,25.966666666666665,972.8953333333334,SITE 3,EXT
2026-03-03 07:00:00,54.95183333333333,51.916000000000004,44.398,28.87037037037037,7.203703703703704,25.9,973.1366666666667,SITE 3,EXT
2026-03-03 08:00:00,56.21666666666667,53.275333333333336,45.30083333333334,29.462962962962965,7.5925925925925934,25.566666666666666,973.8113333333333,SITE 3,EXT
2026-03-03 09:00:00,170.37866666666665,147.80450000000002,66.50133333333333,30.592592592592595,7.851851851851852,24.133333333333333,974.0073333333333,SITE 3,EXT
2026-03-03 10:00:00,132.68866666666665,116.0255,57.10816666666666,32.24074074074074,7.537037037037037,21.566666666666666,973.9253333333332,SITE 3,EXT
2026-03-03 11:00:00,47.61366666666667,44.88066666666667,38.058,34.55555555555556,6.481481481481482,17.466666666666665,973.437,SITE 3,EXT
2026-03-03 12:00:00,39.93683333333333,36.5525,32.154,36.20370370370371,6.5925925925925934,16.0,972.4406666666667,SITE 3,EXT
2026-03-03 13:00:00,37.77133333333334,34.40566666666667,31.076,37.75925925925926,7.203703703703704,15.3,971.3503333333333,SITE 3,EXT
2026-03-03 14:00:00,37.211666666666666,33.525999999999996,30.4815,39.12962962962963,7.407407407407407,14.4,970.232,SITE 3,EXT
2026-03-03 15:00:00,37.93774193548387,34.175483870967746,30.510806451612904,39.44444444444444,8.261648745519715,14.903225806451612,969.4825806451613,SITE 3,EXT
2026-03-03 16:00:00,39.11466666666667,36.2065,32.22866666666667,39.22222222222222,8.611111111111112,15.566666666666666,969.2676666666666,SITE 3,EXT
2026-03-03 17:00:00,41.12883333333333,38.767833333333336,34.02283333333333,38.870370370370374,8.870370370370372,16.2,969.547,SITE 3,EXT
2026-03-03 18:00:00,50.90316666666667,47.79416666666667,39.3745,38.01851851851852,9.62962962962963,17.933333333333334,970.1646666666667,SITE 3,EXT
2026-03-03 19:00:00,55.439,52.643166666666666,43.21066666666666,37.03703703703704,10.11111111111111,19.633333333333333,970.7646666666666,SITE 3,EXT
2026-03-03 20:00:00,55.10966666666666,52.26766666666666,42.873333333333335,36.277777777777786,10.518518518518517,21.033333333333335,971.891,SITE 3,EXT
2026-03-03 21:00:00,53.93783333333333,51.287166666666664,42.35366666666666,35.7962962962963,10.61111111111111,21.6,972.587,SITE 3,EXT
2026-03-03 22:00:00,55.759,52.923,43.057,35.18518518518519,11.685185185185187,23.966666666666665,972.6716666666667,SITE 3,EXT
2026-03-03 23:00:00,58.07,55.068333333333335,44.120666666666665,34.44444444444444,11.314814814814815,24.566666666666666,972.6113333333334,SITE 3,EXT
2026-03-04 00:00:00,69.30370967741935,64.95048387096774,50.39661290322581,33.78136200716846,12.114695340501793,26.93548387096774,972.2045161290323,SITE 3,EXT
2026-03-04 01:00:00,57.81916666666667,55.46383333333333,46.410333333333334,33.166666666666664,11.296296296296298,26.366666666666667,971.3516666666667,SITE 3,EXT
2026-03-04 02:00:00,46.23583333333333,44.79833333333333,39.9465,32.592592592592595,10.61111111111111,26.133333333333333,970.5423333333333,SITE 3,EXT
2026-03-04 03:00:00,56.30716666666667,53.903999999999996,44.8675,31.685185185185183,12.314814814814815,30.6,970.1586666666667,SITE 3,EXT
2026-03-04 04:00:00,54.611,52.282000000000004,43.69916666666666,31.092592592592595,12.185185185185187,31.733333333333334,970.275,SITE 3,EXT
2026-03-04 05:00:00,59.136833333333335,56.506166666666665,46.917,30.444444444444446,11.925925925925927,32.06666666666667,970.6166666666667,SITE 3,EXT
2026-03-04 06:00:00,70.032,66.40616666666666,52.540333333333336,30.0,11.925925925925927,32.766666666666666,971.251,SITE 3,EXT
2026-03-04 07:00:00,66.82233333333333,63.698,51.46516666666666,30.0,12.611111111111112,34.56666666666667,972.0903333333333,SITE 3,EXT
2026-03-04 08:00:00,54.772166666666664,52.59016666666666,44.833666666666666,30.574074074074076,13.203703703703704,34.7,972.7090000000001,SITE 3,EXT
2026-03-04 09:00:00,49.19258064516129,47.27887096774194,40.93274193548387,32.24014336917563,14.014336917562725,33.225806451612904,973.0829032258065,SITE 3,EXT
2026-03-04 10:00:00,50.797000000000004,48.91166666666666,41.64916666666667,34.22222222222222,13.666666666666666,29.133333333333333,973.1756666666666,SITE 3,EXT
2026-03-04 11:00:00,47.86,46.3855,41.29633333333333,37.0,12.370370370370372,22.833333333333332,972.6983333333334,SITE 3,EXT
2026-03-04 12:00:00,42.45583333333333,41.006,37.2015,39.31481481481482,11.092592592592592,18.4,971.7330000000001,SITE 3,EXT
2026-03-04 13:00:00,38.159,35.09883333333333,31.7485,41.12962962962963,9.111111111111112,14.4,971.0796666666666,SITE 3,EXT
2026-03-04 14:00:00,38.965,36.61133333333333,33.20983333333333,40.87037037037037,7.9259259259259265,13.533333333333333,970.204,SITE 3,EXT
2026-03-04 15:00:00,39.9615,37.8455,34.2985,41.370370370370374,8.574074074074074,13.733333333333333,969.49,SITE 3,EXT
2026-03-04 16:00:00,42.09683333333333,40.349666666666664,36.527166666666666,41.48148148148149,8.500000000000002,13.766666666666667,969.2876666666667,SITE 3,EXT
2026-03-04 17:00:00,43.82,42.107499999999995,37.705333333333336,41.092592592592595,8.62962962962963,14.133333333333333,969.4183333333333,SITE 3,EXT
2026-03-04 18:00:00,50.551,47.65466666666667,39.65866666666667,40.2962962962963,9.833333333333334,15.966666666666667,969.912,SITE 3,EXT
2026-03-04 19:00:00,61.01661290322581,57.91129032258065,46.729193548387094,39.42652329749104,10.734767025089605,17.838709677419356,970.7154838709678,SITE 3,EXT
2026-03-04 20:00:00,54.53616666666667,51.97966666666667,44.00033333333333,38.07407407407407,11.185185185185185,19.9,971.7006666666667,SITE 3,EXT
2026-03-04 21:00:00,66.47433333333333,62.417833333333334,49.8415,37.38888888888889,11.555555555555555,21.066666666666666,972.1333333333333,SITE 3,EXT
2026-03-04 22:00:00,55.63983333333333,53.38366666666666,45.175333333333334,36.851851851851855,11.907407407407408,22.233333333333334,972.5323333333333,SITE 3,EXT
2026-03-04 23:00:00,48.324666666666666,46.767500000000005,40.96566666666667,35.46296296296296,12.01851851851852,24.333333333333332,972.4696666666666,SITE 3,EXT
2026-03-05 00:00:00,51.433499999999995,50.19766666666667,44.322,34.18518518518519,13.685185185185185,29.233333333333334,972.7933333333333,SITE 3,EXT
2026-03-05 01:00:00,48.01833333333333,46.9895,41.81716666666667,33.12962962962963,15.351851851851853,34.46666666666667,972.7303333333333,SITE 3,EXT
2026-03-05 02:00:00,47.93233333333333,47.04183333333333,42.209666666666664,32.46296296296296,16.59259259259259,38.86666666666667,972.3236666666667,SITE 3,EXT
2026-03-05 03:00:00,48.98416666666667,48.236666666666665,43.41283333333333,31.814814814814817,17.51851851851852,42.63333333333333,971.8753333333333,SITE 3,EXT
2026-03-05 04:00:00,44.044333333333334,43.48683333333334,39.478500000000004,31.444444444444446,17.962962962962965,44.8,972.073,SITE 3,EXT
2026-03-05 05:00:00,44.71064516129032,44.22467741935483,40.24903225806452,30.7168458781362,18.297491039426525,47.806451612903224,972.0435483870967,SITE 3,EXT
2026-03-05 06:00:00,49.17883333333334,47.266,40.974000000000004,30.12962962962963,18.074074074074076,49.0,972.397,SITE 3,EXT
2026-03-05 07:00:00,46.482499999999995,45.041666666666664,39.916333333333334,30.240740740740744,18.574074074074076,50.03333333333333,972.9150000000001,SITE 3,EXT
2026-03-05 08:00:00,43.165166666666664,42.509,38.459500000000006,30.685185185185187,18.962962962962965,49.8,973.5363333333333,SITE 3,EXT
2026-03-05 09:00:00,40.80333333333333,39.64666666666667,35.86933333333333,31.64814814814815,19.074074074074076,47.7,973.8266666666666,SITE 3,EXT
2026-03-05 10:00:00,40.702666666666666,39.68066666666667,36.38516666666667,33.81481481481482,18.944444444444446,41.9,973.9476666666667,SITE 3,EXT
2026-03-05 11:00:00,42.14483333333333,41.42433333333334,38.7385,36.31481481481482,18.77777777777778,35.96666666666667,973.2919999999999,SITE 3,EXT
2026-03-05 12:00:00,42.0055,41.14483333333333,38.42833333333333,38.351851851851855,18.25925925925926,31.133333333333333,972.0063333333333,SITE 3,EXT
2026-03-05 13:00:00,40.72633333333333,39.50016666666667,36.54783333333333,39.75925925925926,17.537037037037035,27.6,970.9383333333334,SITE 3,EXT
2026-03-05 14:00:00,40.02183333333333,38.816,35.971333333333334,40.94444444444445,16.0,23.433333333333334,970.0683333333333,SITE 3,EXT
2026-03-05 15:00:00,43.3658064516129,42.11822580645161,37.763064516129035,41.02150537634409,15.3584229390681,22.35483870967742,969.288064516129,SITE 3,EXT
2026-03-05 16:00:00,42.06066666666666,40.65783333333333,36.47833333333333,41.0,15.018518518518517,21.9,968.9003333333333,SITE 3,EXT
2026-03-05 17:00:00,44.4445,42.1235,37.574666666666666,40.407407407407405,14.666666666666666,21.966666666666665,969.0556666666666,SITE 3,EXT
2026-03-05 18:00:00,43.59916666666666,42.54766666666667,38.48083333333333,38.98148148148149,17.01851851851852,27.8,969.747,SITE 3,EXT
2026-03-05 19:00:00,42.736666666666665,41.82533333333333,38.0935,37.592592592592595,17.574074074074073,30.966666666666665,970.643,SITE 3,EXT
2026-03-05 20:00:00,45.06966666666666,44.176500000000004,39.81766666666667,37.11111111111111,17.62962962962963,31.933333333333334,971.109,SITE 3,EXT
2026-03-05 21:00:00,44.66883333333333,43.642500000000005,39.606833333333334,36.66666666666667,17.722222222222225,32.93333333333333,971.5383333333334,SITE 3,EXT
2026-03-05 22:00:00,46.93266666666667,45.778,40.241499999999995,36.18518518518519,17.87037037037037,34.233333333333334,971.8286666666667,SITE 3,EXT
2026-03-05 23:00:00,41.885666666666665,41.098333333333336,37.443333333333335,35.42592592592593,17.77777777777778,35.5,971.9979999999999,SITE 3,EXT
2026-03-06 00:00:00,44.810500000000005,44.096000000000004,39.7605,34.648148148148145,17.925925925925927,37.36666666666667,971.5803333333333,SITE 3,EXT
2026-03-06 01:00:00,42.561129032258066,41.85661290322581,37.928548387096775,33.60215053763441,17.77777777777778,39.29032258064516,970.7809677419355,SITE 3,EXT
2026-03-06 02:00:00,43.0975,42.325,38.19833333333334,33.27777777777778,17.814814814814817,40.233333333333334,970.374,SITE 3,EXT
2026-03-06 03:00:00,44.223,43.49483333333333,39.193666666666665,33.333333333333336,18.25925925925926,40.96666666666667,970.2346666666667,SITE 3,EXT
2026-03-06 04:00:00,43.86566666666667,43.15466666666667,38.923,32.68518518518518,18.074074074074076,42.1,970.1096666666667,SITE 3,EXT
2026-03-06 05:00:00,42.77066666666666,41.904333333333334,37.38,31.98148148148148,18.240740740740744,44.36666666666667,970.1433333333333,SITE 3,EXT
2026-03-06 06:00:00,49.02316666666666,46.12316666666666,38.653,31.666666666666668,18.351851851851855,45.63333333333333,970.4896666666666,SITE 3,EXT
2026-03-06 07:00:00,46.23350000000001,45.0575,38.527,31.53703703703704,18.740740740740744,46.833333333333336,971.163,SITE 3,EXT
2026-03-06 08:00:00,42.247166666666665,41.30416666666667,36.4225,32.148148148148145,19.240740740740744,46.733333333333334,971.704,SITE 3,EXT
2026-03-06 09:00:00,40.993500000000004,40.196000000000005,36.045833333333334,33.27777777777778,19.75925925925926,45.266666666666666,972.2383333333333,SITE 3,EXT
2026-03-06 10:00:00,44.071290322580644,43.36532258064516,39.24209677419355,35.053763440860216,19.874551971326163,41.32258064516129,972.2829032258064,SITE 3,EXT
2026-03-06 11:00:00,43.09166666666667,42.382333333333335,38.9315,36.94444444444445,19.48148148148148,36.43333333333333,971.6533333333333,SITE 3,EXT
2026-03-06 12:00:00,41.58583333333333,40.2735,36.678999999999995,38.92592592592593,18.685185185185183,30.866666666666667,970.65,SITE 3,EXT
2026-03-06 13:00:00,40.693999999999996,39.5805,36.64366666666667,41.01851851851852,17.333333333333332,25.333333333333332,969.661,SITE 3,EXT
2026-03-06 14:00:00,39.997499999999995,38.881166666666665,36.08016666666666,42.092592592592595,16.185185185185183,22.433333333333334,968.5496666666667,SITE 3,EXT
2026-03-06 15:00:00,41.32216666666667,40.352999999999994,37.63516666666667,42.22222222222222,15.62962962962963,21.2,967.3153333333333,SITE 3,EXT
2026-03-06 16:00:00,43.525,42.60333333333333,39.22633333333333,41.537037037037045,15.38888888888889,21.733333333333334,967.2666666666667,SITE 3,EXT
2026-03-06 17:00:00,43.844833333333334,42.644666666666666,38.26583333333333,40.01851851851852,16.75925925925926,25.833333333333332,967.5550000000001,SITE 3,EXT
2026-03-06 18:00:00,46.42216666666666,44.48833333333334,38.39783333333333,38.870370370370374,17.537037037037035,28.766666666666666,968.3143333333334,SITE 3,EXT
2026-03-06 19:00:00,48.101290322580645,46.965483870967745,41.09629032258064,38.225806451612904,17.544802867383513,29.806451612903224,969.0880645161291,SITE 3,EXT
2026-03-06 20:00:00,52.0355,50.00983333333333,42.949333333333335,37.87037037037037,17.407407407407405,30.3,970.0773333333333,SITE 3,EXT
2026-03-06 21:00:00,45.534,44.27866666666667,39.42716666666667,35.907407407407405,18.62962962962963,36.666666666666664,971.0983333333334,SITE 3,EXT
2026-03-06 22:00:00,42.8555,42.019,37.838166666666666,33.22222222222222,19.85185185185185,45.733333333333334,970.9403333333333,SITE 3,EXT
2026-03-06 23:00:00,41.65316666666667,40.626333333333335,36.54083333333333,33.05555555555556,19.944444444444446,46.36666666666667,971.0949999999999,SITE 3,EXT
2026-03-07 00:00:00,38.45133333333333,36.4685,33.416000000000004,32.03703703703704,18.574074074074076,45.3,970.869,SITE 3,EXT
2026-03-07 01:00:00,38.0145,35.602666666666664,32.931666666666665,31.222222222222225,17.64814814814815,44.4,970.4106666666667,SITE 3,EXT
2026-03-07 02:00:00,38.20133333333333,36.01433333333333,33.3435,30.925925925925927,17.314814814814817,44.333333333333336,970.7486666666666,SITE 3,EXT
2026-03-07 03:00:00,38.526666666666664,36.783,34.70933333333333,30.444444444444446,18.462962962962965,49.03333333333333,971.7613333333334,SITE 3,EXT
2026-03-07 04:00:00,40.049838709677424,38.68387096774194,36.78612903225807,28.53046594982079,18.333333333333336,54.67741935483871,972.6741935483872,SITE 3,EXT
2026-03-07 05:00:00,39.89066666666667,38.732166666666664,36.28283333333333,27.87037037037037,19.092592592592595,59.666666666666664,973.2836666666666,SITE 3,EXT
2026-03-07 06:00:00,39.32933333333334,38.13166666666667,35.86833333333333,26.666666666666668,18.925925925925927,63.13333333333333,973.814,SITE 3,EXT
2026-03-07 14:00:00,35.711363636363636,31.408636363636365,28.18409090909091,30.05050505050505,18.88888888888889,51.45454545454545,970.6381818181818,SITE 3,EXT
2026-03-07 15:00:00,39.3615,37.204166666666666,33.8085,31.962962962962965,18.90740740740741,46.1,970.141,SITE 3,EXT
2026-03-07 16:00:00,38.24333333333333,36.10183333333334,31.900166666666667,32.666666666666664,18.833333333333332,44.3,969.8706666666666,SITE 3,EXT
2026-03-07 17:00:00,40.491290322580646,39.25483870967742,33.98451612903226,32.132616487455195,19.46236559139785,47.193548387096776,969.8222580645162,SITE 3,EXT
2026-03-07 18:00:00,44.477999999999994,43.765499999999996,37.596,30.944444444444446,19.77777777777778,51.8,970.008,SITE 3,EXT
2026-03-07 19:00:00,52.48116666666667,51.7745,43.17066666666666,30.90740740740741,20.092592592592595,53.166666666666664,970.5463333333333,SITE 3,EXT
2026-03-07 20:00:00,55.8555,54.897166666666664,45.02183333333333,31.092592592592595,20.185185185185183,53.2,971.4773333333334,SITE 3,EXT
2026-03-07 21:00:00,51.03366666666667,50.19166666666667,41.245,31.000000000000004,20.51851851851852,54.4,972.399,SITE 3,EXT
2026-03-07 22:00:00,69.02600000000001,67.63733333333333,53.659666666666666,30.425925925925927,20.425925925925927,55.5,972.7393333333333,SITE 3,EXT
2026-03-07 23:00:00,70.55366666666667,69.14699999999999,54.691833333333335,29.98148148148148,19.98148148148148,55.63333333333333,972.9193333333333,SITE 3,EXT
2026-03-08 00:00:00,51.889,51.0545,42.501,29.944444444444446,19.703703703703702,54.53333333333333,972.1546666666667,SITE 3,EXT
2026-03-08 01:00:00,58.483548387096775,57.80612903225806,50.635161290322586,29.551971326164878,19.551971326164878,55.45161290322581,971.3941935483871,SITE 3,EXT
2026-03-08 02:00:00,42.79416666666667,41.0675,35.38633333333333,29.40740740740741,19.40740740740741,55.266666666666666,970.8096666666667,SITE 3,EXT
2026-03-08 03:00:00,46.779833333333336,45.939,38.346000000000004,28.87037037037037,20.092592592592595,59.333333333333336,970.5033333333333,SITE 3,EXT
2026-03-08 04:00:00,41.765,41.20516666666666,35.841166666666666,28.740740740740744,19.962962962962965,59.7,970.411,SITE 3,EXT
2026-03-08 05:00:00,57.091,56.090333333333334,44.79666666666667,28.31481481481482,19.98148148148148,61.13333333333333,970.9023333333333,SITE 3,EXT
2026-03-08 06:00:00,60.37883333333333,59.336666666666666,47.58866666666667,28.27777777777778,19.944444444444446,61.166666666666664,971.5573333333334,SITE 3,EXT
2026-03-08 07:00:00,64.18866666666666,63.0055,49.80133333333333,28.574074074074076,20.092592592592595,60.7,972.1496666666667,SITE 3,EXT
2026-03-08 08:00:00,55.28916666666667,54.529333333333334,46.57983333333333,29.61111111111111,19.703703703703702,55.766666666666666,972.65,SITE 3,EXT
2026-03-08 09:00:00,40.38416666666667,38.20883333333333,33.268,31.333333333333332,18.740740740740744,47.7,973.0476666666667,SITE 3,EXT
2026-03-08 10:00:00,63.529333333333334,57.179,37.702666666666666,33.12962962962963,18.98148148148148,43.5,973.1293333333334,SITE 3,EXT
2026-03-08 11:00:00,35.94916666666666,32.01833333333333,28.799333333333333,35.092592592592595,18.61111111111111,38.2,972.42,SITE 3,EXT
2026-03-08 12:00:00,42.48983333333333,39.896166666666666,34.53883333333333,37.351851851851855,18.388888888888893,33.06666666666667,971.5846666666667,SITE 3,EXT
2026-03-08 13:00:00,42.278064516129035,39.74322580645161,34.51709677419355,38.60215053763441,17.18637992831541,28.677419354838708,970.5419354838709,SITE 3,EXT
2026-03-08 14:00:00,37.62733333333333,34.269666666666666,30.502000000000002,39.851851851851855,16.333333333333332,25.266666666666666,969.443,SITE 3,EXT
2026-03-08 15:00:00,37.48866666666667,32.82666666666667,28.618166666666664,40.11111111111111,16.12962962962963,24.666666666666668,968.8023333333333,SITE 3,EXT
2026-03-08 16:00:00,36.030166666666666,31.759166666666665,28.325499999999998,40.351851851851855,16.35185185185185,24.633333333333333,968.5446666666667,SITE 3,EXT
2026-03-08 17:00:00,37.67316666666667,34.559,31.16783333333333,39.666666666666664,15.981481481481483,25.033333333333335,968.6343333333333,SITE 3,EXT
2026-03-08 18:00:00,43.36016666666667,41.25783333333333,35.7365,39.31481481481481,16.40740740740741,26.266666666666666,969.0906666666667,SITE 3,EXT
2026-03-08 19:00:00,69.76733333333333,67.133,51.32333333333334,38.2037037037037,17.425925925925927,29.7,969.8580000000001,SITE 3,EXT
2026-03-08 20:00:00,96.49916666666667,92.96216666666668,68.85083333333334,37.37037037037037,19.203703703703702,34.833333333333336,970.3729999999999,SITE 3,EXT
2026-03-08 21:00:00,82.67966666666666,79.91116666666667,60.873000000000005,36.333333333333336,19.51851851851852,37.46666666666667,971.013,SITE 3,EXT
2026-03-08 22:00:00,57.597833333333334,55.806333333333335,44.42266666666667,35.74074074074074,18.61111111111111,36.7,971.3343333333333,SITE 3,EXT
2026-03-08 23:00:00,52.62883333333333,50.725,40.05366666666667,35.11111111111111,18.796296296296298,38.43333333333333,971.3183333333333,SITE 3,EXT
2026-03-09 00:00:00,43.58887096774194,41.17645161290323,34.2691935483871,34.3010752688172,17.831541218637994,37.935483870967744,970.9164516129032,SITE 3,EXT
2026-03-09 01:00:00,42.7605,40.54666666666667,34.275,33.2962962962963,17.740740740740744,39.766666666666666,970.572,SITE 3,EXT
2026-03-09 02:00:00,39.002500000000005,36.835,31.703,32.18518518518518,19.01851851851852,46.03333333333333,970.048,SITE 3,EXT
2026-03-09 03:00:00,39.315000000000005,37.60783333333333,33.3525,31.62962962962963,19.11111111111111,47.96666666666667,969.6366666666667,SITE 3,EXT
2026-03-09 04:00:00,41.410833333333336,40.349333333333334,35.8855,31.129629629629633,18.90740740740741,48.733333333333334,970.1593333333333,SITE 3,EXT
2026-03-09 05:00:00,47.41433333333334,46.18666666666666,38.174,31.055555555555557,19.14814814814815,49.43333333333333,971.1223333333332,SITE 3,EXT
2026-03-09 06:00:00,62.81266666666667,61.06216666666667,47.90133333333333,31.370370370370374,19.48148148148148,49.733333333333334,971.975,SITE 3,EXT
2026-03-09 07:00:00,47.908833333333334,46.684333333333335,38.588499999999996,31.074074074074076,19.944444444444446,51.666666666666664,972.4503333333333,SITE 3,EXT
2026-03-09 08:00:00,41.777833333333334,40.88183333333333,34.556000000000004,31.425925925925927,20.037037037037035,51.233333333333334,972.8246666666668,SITE 3,EXT
2026-03-09 09:00:00,39.73683333333334,38.183166666666665,32.24366666666666,32.25925925925926,20.333333333333332,49.53333333333333,973.2283333333332,SITE 3,EXT
2026-03-09 10:00:00,50.283,47.907666666666664,38.8305,33.851851851851855,20.314814814814817,45.43333333333333,973.1453333333334,SITE 3,EXT
2026-03-09 11:00:00,40.98790322580645,38.93322580645162,34.1283870967742,36.20071684587814,19.78494623655914,38.483870967741936,972.5474193548388,SITE 3,EXT
2026-03-09 12:00:00,35.572,31.2015,27.825333333333333,38.55555555555556,17.944444444444446,30.333333333333332,971.6493333333333,SITE 3,EXT
2026-03-09 13:00:00,36.26266666666667,32.369166666666665,29.589333333333332,39.851851851851855,13.814814814814815,21.466666666666665,970.7153333333333,SITE 3,EXT
2026-03-09 14:00:00,43.369166666666665,41.00183333333334,38.502500000000005,41.166666666666664,13.407407407407408,19.4,969.7966666666667,SITE 3,EXT
2026-03-09 15:00:00,62.206,61.691,59.46383333333333,41.22222222222222,12.407407407407408,18.133333333333333,969.2823333333333,SITE 3,EXT
2026-03-09 16:00:00,57.077999999999996,56.477999999999994,53.88916666666667,41.333333333333336,13.296296296296298,19.066666666666666,969.0846666666667,SITE 3,EXT
2026-03-09 17:00:00,47.7535,46.78033333333334,42.358,40.777777777777786,13.814814814814815,20.5,969.1876666666667,SITE 3,EXT
2026-03-09 18:00:00,50.63883333333333,49.06516666666666,41.352999999999994,40.22222222222222,14.685185185185185,22.366666666666667,969.3136666666667,SITE 3,EXT
2026-03-09 19:00:00,65.3125,62.964000000000006,50.36116666666667,39.03703703703704,16.296296296296298,26.333333333333332,970.1436666666667,SITE 3,EXT
2026-03-09 20:00:00,49.32516666666667,47.82633333333333,40.03616666666667,37.851851851851855,17.48148148148148,30.333333333333332,970.9296666666667,SITE 3,EXT
2026-03-09 21:00:00,38.847166666666666,36.64966666666667,31.60983333333333,36.092592592592595,18.203703703703706,35.2,971.4366666666666,SITE 3,EXT
2026-03-09 22:00:00,39.02766666666666,37.10583333333333,32.04366666666667,35.092592592592595,18.53703703703704,38.03333333333333,971.816,SITE 3,EXT
2026-03-09 23:00:00,37.8908064516129,35.122580645161285,30.66354838709677,33.97849462365591,19.516129032258064,43.193548387096776,971.7387096774194,SITE 3,EXT
2026-03-10 00:00:00,38.35516666666667,36.121833333333335,31.264666666666667,32.72222222222222,20.53703703703704,49.166666666666664,971.385,SITE 3,EXT
2026-03-10 01:00:00,36.743500000000004,33.402166666666666,28.995333333333335,32.01851851851852,20.314814814814817,50.1,971.129,SITE 3,EXT
2026-03-10 02:00:00,35.970166666666664,32.08133333333333,28.659,31.31481481481482,19.25925925925926,49.266666666666666,970.7413333333334,SITE 3,EXT
2026-03-10 03:00:00,36.22716666666667,32.5015,29.130333333333333,31.000000000000004,19.351851851851855,50.266666666666666,970.625,SITE 3,EXT
2026-03-10 04:00:00,39.96483333333333,38.25716666666666,34.78333333333333,30.53703703703704,19.685185185185183,52.733333333333334,970.796,SITE 3,EXT
2026-03-10 05:00:00,44.38466666666667,43.84533333333333,39.483666666666664,30.555555555555557,19.53703703703704,52.63333333333333,971.0503333333332,SITE 3,EXT
2026-03-10 06:00:00,54.494166666666665,52.833666666666666,45.187333333333335,30.518518518518523,19.574074074074076,52.8,971.6563333333332,SITE 3,EXT
2026-03-10 07:00:00,57.506499999999996,56.28883333333333,47.367333333333335,30.555555555555557,19.703703703703702,52.9,972.3806666666667,SITE 3,EXT
2026-03-10 08:00:00,49.17976190476191,48.25714285714285,41.42785714285714,30.952380952380953,19.94708994708995,52.80952380952381,972.8542857142857,SITE 3,EXT
2026-03-10 09:00:00,61.787222222222226,59.84694444444444,45.63138888888889,31.728395061728392,20.092592592592595,50.611111111111114,972.9172222222221,SITE 3,EXT
2026-03-10 10:00:00,38.707166666666666,36.334833333333336,31.54283333333333,34.25925925925926,19.85185185185185,43.03333333333333,972.4830000000001,SITE 3,EXT
2026-03-10 11:00:00,40.23466666666666,38.931666666666665,34.993500000000004,36.611111111111114,17.314814814814817,32.233333333333334,971.793,SITE 3,EXT
2026-03-10 12:00:00,36.85183333333334,33.24583333333333,30.376166666666666,37.98148148148149,13.277777777777779,23.0,971.0403333333333,SITE 3,EXT
2026-03-10 13:00:00,34.81066666666666,29.863166666666665,27.25883333333333,38.7037037037037,13.407407407407408,22.266666666666666,970.3330000000001,SITE 3,EXT
2026-03-10 14:00:00,34.79370967741936,29.75758064516129,27.05290322580645,40.07168458781362,13.978494623655916,21.419354838709676,969.3251612903226,SITE 3,EXT
2026-03-10 15:00:00,38.33116666666667,35.12466666666667,32.680166666666665,41.31481481481482,13.75925925925926,19.7,968.8136666666667,SITE 3,EXT
2026-03-10 16:00:00,42.088,40.936,38.31816666666667,41.037037037037045,13.222222222222223,19.433333333333334,968.705,SITE 3,EXT
2026-03-10 17:00:00,38.94733333333333,36.31333333333334,32.0225,39.55555555555556,12.203703703703704,19.6,968.7543333333334,SITE 3,EXT
2026-03-10 18:00:00,50.149166666666666,48.12083333333333,38.8735,38.70370370370371,13.370370370370372,22.166666666666668,969.0353333333334,SITE 3,EXT
2026-03-10 19:00:00,79.57416666666667,76.10783333333333,57.94083333333333,37.592592592592595,15.074074074074074,26.3,969.6106666666667,SITE 3,EXT
2026-03-10 20:00:00,73.05366666666667,69.81083333333332,54.16683333333334,36.55555555555556,15.962962962962964,29.7,970.3476666666667,SITE 3,EXT
2026-03-10 21:00:00,48.43716666666667,47.10333333333333,39.861999999999995,35.7962962962963,15.25925925925926,29.4,970.8936666666667,SITE 3,EXT
2026-03-10 22:00:00,44.78916666666667,43.720333333333336,37.950833333333335,34.92592592592593,14.87037037037037,30.333333333333332,970.9953333333334,SITE 3,EXT
2026-03-10 23:00:00,41.31616666666666,39.22383333333333,33.61216666666667,33.88888888888889,15.88888888888889,34.3,971.1949999999999,SITE 3,EXT
2026-03-11 00:00:00,39.964666666666666,38.74983333333333,33.61983333333333,32.25925925925926,17.87037037037037,42.833333333333336,971.0310000000001,SITE 3,EXT
2026-03-11 01:00:00,39.8635,38.515,33.547333333333334,31.62962962962963,19.12962962962963,47.766666666666666,970.6706666666666,SITE 3,EXT
2026-03-11 02:00:00,41.34645161290322,40.545806451612904,35.38725806451613,31.630824372759857,19.480286738351257,48.806451612903224,970.5196774193548,SITE 3,EXT
2026-03-11 03:00:00,39.63666666666666,38.46,33.477000000000004,31.462962962962965,19.814814814814817,50.63333333333333,970.4023333333333,SITE 3,EXT
2026-03-11 04:00:00,40.43316666666667,39.50383333333333,33.95916666666667,31.111111111111118,19.87037037037037,51.56666666666667,970.412,SITE 3,EXT
2026-03-11 05:00:00,44.655,43.849333333333334,37.52333333333333,30.870370370370374,20.0,52.833333333333336,971.207,SITE 3,EXT
2026-03-11 06:00:00,54.54783333333333,52.734833333333334,44.126333333333335,30.53703703703704,20.240740740740744,54.43333333333333,972.2633333333334,SITE 3,EXT
2026-03-11 07:00:00,83.13033333333333,82.48716666666665,75.44883333333334,30.185185185185183,20.555555555555557,56.7,973.315,SITE 3,EXT
2026-03-11 08:00:00,61.26533333333334,60.57716666666667,54.6345,31.018518518518523,20.666666666666668,54.666666666666664,973.775,SITE 3,EXT
2026-03-11 09:00:00,39.96066666666666,38.781,33.357,32.648148148148145,20.61111111111111,49.5,974.0849999999999,SITE 3,EXT
2026-03-11 10:00:00,39.265499999999996,37.85566666666667,32.812333333333335,33.81481481481482,20.592592592592595,46.166666666666664,974.298,SITE 3,EXT
2026-03-11 11:00:00,39.11183333333334,37.57183333333333,33.059,35.01851851851852,20.61111111111111,43.266666666666666,973.6893333333334,SITE 3,EXT
2026-03-11 12:00:00,37.98983333333333,35.66016666666667,31.924500000000002,36.72222222222222,20.166666666666668,38.4,972.2316666666667,SITE 3,EXT
2026-03-11 13:00:00,41.946935483870966,40.625,37.571612903225805,39.17562724014337,19.265232974910397,31.612903225806452,970.602258064516,SITE 3,EXT
2026-03-11 14:00:00,38.31683333333333,35.9775,33.1545,40.24074074074074,18.0,27.566666666666666,969.448,SITE 3,EXT
2026-03-11 15:00:00,37.45016666666666,34.37266666666667,31.610500000000002,40.46296296296296,16.75925925925926,25.266666666666666,968.5633333333334,SITE 3,EXT
2026-03-11 16:00:00,36.81883333333334,33.43033333333333,30.576999999999998,40.46296296296296,16.814814814814817,25.166666666666668,968.554,SITE 3,EXT
2026-03-11 17:00:00,37.77166666666667,35.14866666666667,31.908166666666666,39.77777777777778,16.72222222222222,26.266666666666666,968.8896666666666,SITE 3,EXT
2026-03-11 18:00:00,40.1215,38.565000000000005,33.62316666666667,38.75925925925926,17.185185185185183,28.5,969.3003333333334,SITE 3,EXT
2026-03-11 19:00:00,43.84283333333334,42.65933333333333,36.225833333333334,37.87037037037037,17.5,30.366666666666667,969.9483333333334,SITE 3,EXT
2026-03-11 20:00:00,44.4075,43.33116666666667,36.956,37.03703703703704,18.425925925925927,33.766666666666666,970.6830000000001,SITE 3,EXT
2026-03-11 21:00:00,49.689499999999995,47.470166666666664,38.82116666666666,36.18518518518519,18.944444444444446,36.5,971.2466666666667,SITE 3,EXT
2026-03-11 22:00:00,46.1355,45.0965,38.174166666666665,35.27777777777778,19.314814814814817,39.46666666666667,971.6523333333333,SITE 3,EXT
2026-03-11 23:00:00,48.78333333333333,47.679833333333335,39.38533333333333,34.68518518518518,19.462962962962965,40.93333333333333,971.776,SITE 3,EXT
2026-03-12 00:00:00,44.75466666666667,43.80833333333333,36.99433333333333,34.0,19.12962962962963,41.833333333333336,971.3666666666667,SITE 3,EXT
2026-03-12 01:00:00,41.21064516129032,40.44129032258065,34.38225806451614,32.47311827956989,19.6415770609319,46.87096774193548,970.7,SITE 3,EXT
2026-03-12 02:00:00,43.04883333333333,42.32266666666667,36.32083333333333,31.685185185185183,20.055555555555554,50.56666666666667,970.0816666666667,SITE 3,EXT
2026-03-12 03:00:00,45.0875,44.39566666666666,38.108666666666664,31.16666666666667,20.166666666666668,52.56666666666667,970.0066666666667,SITE 3,EXT
2026-03-12 04:00:00,49.00983333333333,48.3155,41.732166666666664,30.740740740740744,20.48148148148148,54.666666666666664,970.0886666666667,SITE 3,EXT
2026-03-12 05:00:00,55.7595,55.0925,47.94833333333334,30.12962962962963,20.574074074074076,57.3,970.559,SITE 3,EXT
2026-03-12 06:00:00,52.736666666666665,51.7505,42.61583333333333,29.98148148148148,20.518518518518523,57.5,971.515,SITE 3,EXT
2026-03-12 07:00:00,53.17183333333333,52.04933333333334,42.6105,30.240740740740744,20.722222222222225,57.1,972.4043333333334,SITE 3,EXT
2026-03-12 08:00:00,42.36933333333333,41.585166666666666,36.12483333333333,30.722222222222225,20.203703703703702,53.7,973.0003333333333,SITE 3,EXT
2026-03-12 09:00:00,40.156333333333336,39.189,34.58866666666667,32.31481481481482,20.444444444444446,49.86666666666667,973.388,SITE 3,EXT
2026-03-12 10:00:00,40.86216666666667,39.55416666666667,35.50633333333334,34.53703703703704,20.48148148148148,44.1,973.3443333333333,SITE 3,EXT
2026-03-12 11:00:00,39.486666666666665,37.41583333333333,33.723166666666664,36.833333333333336,19.592592592592595,36.9,972.6853333333333,SITE 3,EXT
2026-03-12 12:00:00,38.61666666666667,35.81016666666667,32.654333333333334,39.24074074074074,18.203703703703702,29.666666666666668,971.717,SITE 3,EXT
2026-03-12 13:00:00,35.95283333333334,31.925333333333334,29.134,40.62962962962963,17.11111111111111,25.466666666666665,970.5403333333333,SITE 3,EXT
2026-03-12 14:00:00,39.214166666666664,36.83833333333334,34.352833333333336,41.351851851851855,16.0,22.666666666666668,969.4026666666667,SITE 3,EXT
2026-03-12 15:00:00,42.566833333333335,41.23733333333334,38.786833333333334,42.38888888888889,15.574074074074074,21.1,968.7043333333334,SITE 3,EXT
2026-03-12 16:00:00,42.008500000000005,40.79233333333333,37.49333333333333,41.81481481481482,15.648148148148149,21.733333333333334,968.4183333333333,SITE 3,EXT
2026-03-12 17:00:00,37.939354838709676,35.19935483870968,32.138387096774196,40.14336917562724,16.075268817204304,24.548387096774192,968.6151612903226,SITE 3,EXT
2026-03-12 18:00:00,44.915333333333336,43.77433333333333,38.0205,38.833333333333336,16.40740740740741,27.0,969.213,SITE 3,EXT
2026-03-12 19:00:00,46.046,44.82783333333334,37.91683333333334,37.62962962962963,16.11111111111111,27.866666666666667,970.0236666666666,SITE 3,EXT
2026-03-12 20:00:00,47.684,46.4035,38.675,37.2037037037037,16.59259259259259,29.733333333333334,970.5323333333333,SITE 3,EXT
2026-03-12 21:00:00,56.99583333333333,55.035999999999994,44.15116666666667,37.05555555555556,17.425925925925927,31.633333333333333,971.1136666666666,SITE 3,EXT
2026-03-12 22:00:00,47.26966666666667,45.87683333333334,38.366,36.111111111111114,17.444444444444446,33.46666666666667,971.6093333333333,SITE 3,EXT
2026-03-12 23:00:00,37.26133333333333,34.12616666666666,30.175833333333333,35.0,17.61111111111111,36.03333333333333,971.6586666666666,SITE 3,EXT
2026-03-13 00:00:00,40.255833333333335,38.61716666666667,33.958666666666666,34.7037037037037,17.925925925925927,37.266666666666666,971.098,SITE 3,EXT
2026-03-13 01:00:00,38.7405,36.42966666666667,32.184666666666665,33.777777777777786,17.62962962962963,38.63333333333333,970.3486666666666,SITE 3,EXT
2026-03-13 02:00:00,35.48833333333334,31.193833333333334,28.024833333333333,33.166666666666664,17.61111111111111,39.833333333333336,969.9693333333333,SITE 3,EXT
2026-03-13 03:00:00,36.32216666666667,32.564,29.562,32.24074074074074,17.24074074074074,41.1,970.1153333333333,SITE 3,EXT
2026-03-13 04:00:00,40.186129032258066,39.04,35.08790322580645,32.02508960573477,17.22222222222222,41.483870967741936,970.4977419354839,SITE 3,EXT
2026-03-13 05:00:00,38.96566666666667,37.07383333333333,33.37716666666667,31.87037037037037,17.22222222222222,41.7,970.9453333333333,SITE 3,EXT
2026-03-13 06:00:00,42.54083333333333,40.73616666666667,35.412,30.925925925925927,17.574074074074076,45.233333333333334,971.813,SITE 3,EXT
2026-03-13 07:00:00,42.54983333333334,41.4065,36.19666666666667,30.48148148148148,18.222222222222225,48.4,972.6376666666667,SITE 3,EXT
2026-03-13 08:00:00,40.886833333333335,39.318999999999996,35.45033333333333,30.925925925925927,18.75925925925926,48.833333333333336,973.225,SITE 3,EXT
2026-03-13 09:00:00,36.975,33.76766666666666,30.692833333333333,32.12962962962963,19.40740740740741,47.3,973.5346666666667,SITE 3,EXT
2026-03-13 10:00:00,36.91733333333333,33.73133333333333,31.060166666666664,34.03703703703704,19.555555555555557,42.86666666666667,973.5976666666667,SITE 3,EXT
2026-03-13 11:00:00,38.672333333333334,36.775999999999996,34.3435,36.38888888888889,19.518518518518523,37.53333333333333,972.8476666666667,SITE 3,EXT
2026-03-13 12:00:00,36.374500000000005,32.458,29.764166666666664,38.407407407407405,18.444444444444446,31.366666666666667,971.9449999999999,SITE 3,EXT
2026-03-13 13:00:00,38.37,35.10366666666666,32.735,39.24074074074074,16.72222222222222,26.8,970.6046666666666,SITE 3,EXT
2026-03-13 14:00:00,35.356,30.8995,28.606,40.18518518518519,15.148148148148149,23.0,969.4423333333333,SITE 3,EXT
2026-03-13 15:00:00,38.06241935483871,34.913387096774194,32.32096774193548,41.146953405017925,15.179211469534051,21.741935483870968,968.5090322580645,SITE 3,EXT
2026-03-13 16:00:00,43.64083333333333,42.327666666666666,38.77016666666667,41.42592592592593,14.666666666666666,20.933333333333334,967.9770000000001,SITE 3,EXT
2026-03-13 17:00:00,43.22383333333333,42.48716666666667,40.160999999999994,40.88888888888889,14.444444444444445,21.166666666666668,968.1763333333333,SITE 3,EXT
2026-03-13 18:00:00,63.4415,62.811166666666665,58.907666666666664,40.07407407407407,14.870370370370372,22.8,968.6746666666666,SITE 3,EXT
2026-03-13 19:00:00,49.733666666666664,48.746833333333335,43.75983333333333,39.666666666666664,16.0,25.0,969.2626666666667,SITE 3,EXT
2026-03-13 20:00:00,39.467666666666666,37.515499999999996,33.43933333333333,38.111111111111114,17.185185185185183,29.466666666666665,970.1946666666666,SITE 3,EXT
2026-03-13 21:00:00,38.42383333333333,35.8625,31.843,36.12962962962963,17.055555555555557,32.46666666666667,970.6313333333333,SITE 3,EXT
2026-03-13 22:00:00,36.323499999999996,32.47083333333333,28.983833333333333,35.11111111111111,17.11111111111111,34.5,970.9513333333333,SITE 3,EXT
2026-03-13 23:00:00,37.60933333333333,34.98350000000001,31.84733333333333,34.25925925925926,17.22222222222222,36.46666666666667,971.0436666666667,SITE 3,EXT
2026-03-14 00:00:00,36.3455,32.74616666666667,29.891000000000002,33.62962962962963,17.48148148148148,38.56666666666667,970.5816666666667,SITE 3,EXT
2026-03-14 01:00:00,35.687,31.633333333333333,28.875333333333334,32.666666666666664,17.38888888888889,40.46666666666667,969.8056666666666,SITE 3,EXT
2026-03-14 02:00:00,35.39306451612903,31.148387096774194,28.58241935483871,32.00716845878136,17.795698924731184,43.03225806451613,969.2729032258064,SITE 3,EXT
2026-03-14 03:00:00,35.93233333333333,32.132,29.55183333333333,31.444444444444446,18.185185185185187,45.46666666666667,968.7116666666666,SITE 3,EXT
2026-03-14 04:00:00,37.67516666666667,34.99783333333333,31.846666666666668,31.111111111111118,18.333333333333336,46.96666666666667,968.8976666666666,SITE 3,EXT
2026-03-14 05:00:00,43.913000000000004,42.561,36.631166666666665,31.000000000000004,18.592592592592595,48.0,969.4536666666667,SITE 3,EXT
2026-03-14 06:00:00,44.996,43.11633333333334,36.67316666666667,30.722222222222225,18.796296296296298,49.13333333333333,970.217,SITE 3,EXT
2026-03-14 07:00:00,45.66,44.7585,39.01616666666666,30.925925925925927,19.240740740740744,50.13333333333333,971.1129999999999,SITE 3,EXT
2026-03-14 08:00:00,39.903999999999996,38.411500000000004,33.8255,31.5,19.574074074074076,49.5,971.9813333333333,SITE 3,EXT
2026-03-14 09:00:00,43.38466666666667,40.63883333333333,34.458333333333336,32.68518518518518,19.833333333333332,46.93333333333333,972.6473333333334,SITE 3,EXT
2026-03-14 10:00:00,46.98833333333334,45.274,39.90133333333333,34.44444444444445,19.61111111111111,42.1,972.5210000000001,SITE 3,EXT
2026-03-14 11:00:00,41.01466666666667,39.64566666666666,36.350833333333334,36.5,19.185185185185183,36.666666666666664,971.813,SITE 3,EXT
2026-03-14 12:00:00,37.528,34.93633333333333,32.01466666666667,38.40740740740741,17.98148148148148,30.6,970.5846666666667,SITE 3,EXT
2026-03-14 13:00:00,36.12870967741936,32.339193548387094,30.002903225806453,39.856630824372765,15.286738351254481,23.70967741935484,969.3532258064516,SITE 3,EXT
2026-03-14 14:00:00,39.449333333333335,36.243500000000004,34.216499999999996,41.037037037037045,14.351851851851851,20.8,968.1943333333334,SITE 3,EXT
2026-03-14 15:00:00,69.32083333333334,68.97066666666666,67.0915,41.777777777777786,13.092592592592592,18.433333333333334,967.1336666666666,SITE 3,EXT
2026-03-14 16:00:00,55.844166666666666,55.272000000000006,51.7125,41.611111111111114,11.981481481481483,17.3,966.6386666666666,SITE 3,EXT
2026-03-14 17:00:00,43.79383333333333,42.6825,39.96033333333333,41.20370370370371,12.444444444444446,18.066666666666666,966.8586666666666,SITE 3,EXT
2026-03-14 18:00:00,47.5125,46.50566666666667,41.73316666666666,40.44444444444445,13.333333333333334,20.1,967.5593333333333,SITE 3,EXT
2026-03-14 19:00:00,54.233666666666664,52.783500000000004,44.1125,39.907407407407405,14.407407407407408,22.2,968.4073333333333,SITE 3,EXT
2026-03-14 20:00:00,56.5095,54.599333333333334,44.24516666666667,39.12962962962963,15.333333333333334,24.633333333333333,969.4713333333333,SITE 3,EXT
2026-03-14 21:00:00,42.05766666666667,41.05916666666667,35.6255,37.333333333333336,16.59259259259259,29.633333333333333,970.4986666666666,SITE 3,EXT
2026-03-14 22:00:00,41.28033333333334,40.2355,34.804833333333335,36.2962962962963,17.22222222222222,32.53333333333333,970.7733333333333,SITE 3,EXT
2026-03-14 23:00:00,37.916333333333334,35.36583333333333,30.958000000000002,35.18518518518519,17.333333333333332,34.833333333333336,970.7756666666667,SITE 3,EXT
2026-03-15 00:00:00,35.94516129032258,31.99951612903226,28.359354838709677,34.69534050179211,17.38351254480287,35.83870967741935,970.4599999999999,SITE 3,EXT
2026-03-15 01:00:00,37.045833333333334,33.94766666666666,30.005333333333333,34.166666666666664,17.259259259259256,36.96666666666667,970.1216666666667,SITE 3,EXT
2026-03-15 02:00:00,40.5395,39.31933333333333,34.521,33.31481481481482,17.537037037037035,39.333333333333336,969.5373333333333,SITE 3,EXT
2026-03-15 03:00:00,38.61383333333333,36.859,33.05166666666666,32.88888888888889,17.62962962962963,40.6,969.081,SITE 3,EXT
2026-03-15 04:00:00,39.092333333333336,37.5105,33.3895,32.18518518518518,17.77777777777778,42.46666666666667,969.4383333333334,SITE 3,EXT
2026-03-15 05:00:00,44.64216666666666,42.381166666666665,35.967666666666666,31.62962962962963,17.98148148148148,44.666666666666664,970.533,SITE 3,EXT
2026-03-15 06:00:00,45.55883333333334,44.699,38.66916666666667,31.388888888888893,18.055555555555557,45.166666666666664,971.6923333333333,SITE 3,EXT
2026-03-15 07:00:00,53.711666666666666,52.738166666666665,45.01083333333334,31.25925925925926,18.27777777777778,46.333333333333336,972.5580000000001,SITE 3,EXT
2026-03-15 08:00:00,50.722166666666666,50.05,44.36683333333334,32.166666666666664,19.296296296296298,46.833333333333336,973.101,SITE 3,EXT
2026-03-15 09:00:00,189.47283333333334,169.37266666666667,77.16866666666667,33.22222222222222,19.425925925925927,44.666666666666664,973.294,SITE 3,EXT
2026-03-15 10:00:00,59.751,57.949,45.165,34.46296296296296,19.5,41.666666666666664,973.2083333333334,SITE 3,EXT
2026-03-15 11:00:00,46.83129032258064,46.07693548387097,39.95048387096774,36.23655913978495,19.6415770609319,38.16129032258065,972.4096774193548,SITE 3,EXT
2026-03-15 12:00:00,45.536833333333334,44.99016666666667,39.83083333333333,37.62962962962963,18.62962962962963,33.06666666666667,971.2189999999999,SITE 3,EXT
2026-03-15 13:00:00,40.0545,39.0275,34.98866666666667,39.57407407407407,17.38888888888889,27.7,970.097,SITE 3,EXT
2026-03-15 14:00:00,40.473166666666664,39.29600000000001,35.7165,41.14814814814815,17.074074074074073,24.766666666666666,969.242,SITE 3,EXT
2026-03-15 15:00:00,41.348,39.66866666666667,36.68183333333333,40.96296296296296,15.648148148148149,22.933333333333334,968.6156666666667,SITE 3,EXT
2026-03-15 16:00:00,39.892500000000005,38.145833333333336,35.141,41.20370370370371,14.88888888888889,21.4,968.4223333333333,SITE 3,EXT
2026-03-15 17:00:00,38.830666666666666,36.368500000000004,32.397999999999996,40.75925925925926,15.500000000000002,22.8,968.7046666666666,SITE 3,EXT
2026-03-15 18:00:00,44.597833333333334,43.24733333333334,36.912166666666664,40.166666666666664,16.037037037037035,24.433333333333334,969.202,SITE 3,EXT
2026-03-15 19:00:00,53.383500000000005,51.818,42.4725,38.98148148148149,17.14814814814815,27.966666666666665,969.8513333333334,SITE 3,EXT
2026-03-15 20:00:00,48.643,47.40716666666667,39.86483333333333,38.2037037037037,17.888888888888893,30.666666666666668,970.8613333333334,SITE 3,EXT
2026-03-15 21:00:00,52.773,51.47566666666667,42.5455,36.94444444444445,18.055555555555557,33.13333333333333,971.74,SITE 3,EXT
2026-03-15 22:00:00,41.08887096774193,39.718709677419355,34.56016129032258,35.842293906810035,18.261648745519715,35.67741935483871,972.0629032258065,SITE 3,EXT
2026-03-15 23:00:00,39.0095,37.416500000000006,33.0755,34.55555555555556,18.425925925925927,38.8,972.0153333333333,SITE 3,EXT
2026-03-16 00:00:00,43.21183333333333,42.693999999999996,38.14083333333333,33.88888888888889,18.53703703703704,40.86666666666667,971.8960000000001,SITE 3,EXT
2026-03-16 01:00:00,40.131,39.28933333333334,35.24783333333333,33.50000000000001,18.518518518518523,41.46666666666667,971.1853333333333,SITE 3,EXT
2026-03-16 02:00:00,38.08683333333333,35.86116666666667,32.36333333333333,32.407407407407405,18.055555555555557,42.7,970.6953333333333,SITE 3,EXT
2026-03-16 03:00:00,38.676833333333335,37.01416666666667,33.79816666666667,31.796296296296298,17.77777777777778,43.46666666666667,970.6523333333333,SITE 3,EXT
2026-03-16 04:00:00,40.84866666666667,40.13633333333333,36.514,31.64814814814815,18.074074074074076,44.8,970.6883333333333,SITE 3,EXT
2026-03-16 05:00:00,40.4205,39.45016666666667,35.25933333333333,31.25925925925926,17.925925925925927,45.2,970.9003333333334,SITE 3,EXT
2026-03-16 06:00:00,43.98133333333333,42.2465,35.783166666666666,31.03703703703704,17.75925925925926,45.93333333333333,971.5669999999999,SITE 3,EXT
2026-03-16 07:00:00,54.53883333333333,53.52583333333334,46.0545,30.314814814814817,17.962962962962965,48.03333333333333,973.026,SITE 3,EXT
2026-03-16 08:00:00,54.96933333333333,53.27766666666666,41.82,31.148148148148152,18.166666666666668,46.3,973.6876666666667,SITE 3,EXT
2026-03-16 09:00:00,113.38783333333332,107.05533333333332,64.7685,32.666666666666664,17.64814814814815,41.06666666666667,973.936,SITE 3,EXT
2026-03-16 10:00:00,77.80854838709678,74.93225806451613,54.358225806451614,34.94623655913979,16.73835125448029,34.03225806451613,973.7416129032258,SITE 3,EXT
2026-03-16 11:00:00,47.529,45.5475,38.86066666666667,37.14814814814815,14.277777777777779,25.666666666666668,972.9276666666666,SITE 3,EXT
2026-03-16 12:00:00,38.639,35.71816666666667,32.66983333333334,39.166666666666664,10.38888888888889,18.033333333333335,971.7723333333332,SITE 3,EXT
2026-03-16 13:00:00,36.157000000000004,32.15933333333333,30.242666666666665,41.166666666666664,5.685185185185186,11.4,970.4789999999999,SITE 3,EXT
2026-03-16 14:00:00,49.28896551724137,48.42655172413793,46.57379310344828,42.1264367816092,4.080459770114943,9.758620689655173,969.3096551724137,SITE 3,EXT
2026-03-16 15:00:00,43.165000000000006,41.98534482758621,39.10224137931034,42.31800766283525,4.272030651340996,9.758620689655173,968.4306896551725,SITE 3,EXT
2026-03-16 16:00:00,40.102758620689656,38.37344827586207,35.79844827586207,41.91570881226054,5.2107279693486594,10.620689655172415,968.0041379310344,SITE 3,EXT
2026-03-16 17:00:00,39.3416129032258,37.178870967741936,33.87790322580645,41.27240143369176,5.053763440860215,10.870967741935484,968.1338709677419,SITE 3,EXT
2026-03-16 18:00:00,57.2205,55.855000000000004,49.83133333333333,40.12962962962963,5.666666666666667,12.033333333333333,968.726,SITE 3,EXT
2026-03-16 19:00:00,65.57,63.654333333333334,54.47966666666666,39.53703703703704,8.12962962962963,14.766666666666667,969.2826666666666,SITE 3,EXT
2026-03-16 20:00:00,58.597647058823526,56.036764705882355,45.23970588235294,38.856209150326805,8.69281045751634,16.058823529411764,970.05,SITE 3,EXT
2026-03-16 21:00:00,88.67666666666668,83.36555555555555,62.19888888888889,35.06172839506173,12.283950617283953,25.555555555555557,971.0355555555556,SITE 3,EXT
2026-03-16 22:00:00,101.31016666666666,96.36983333333335,73.98116666666667,35.55555555555556,12.203703703703704,24.533333333333335,971.1813333333333,SITE 3,EXT
2026-03-16 23:00:00,86.59048387096773,83.02,65.43596774193549,35.053763440860216,12.903225806451612,26.419354838709676,971.1706451612904,SITE 3,EXT
2026-03-17 00:00:00,65.24166666666666,62.696,51.4045,34.407407407407405,11.722222222222223,25.366666666666667,971.0336666666666,SITE 3,EXT
2026-03-17 01:00:00,40.81816666666667,39.80566666666667,35.49516666666667,33.46296296296296,13.666666666666666,30.566666666666666,970.7973333333333,SITE 3,EXT
2026-03-17 02:00:00,40.035333333333334,38.903999999999996,34.00533333333333,33.2962962962963,16.24074074074074,36.166666666666664,970.4626666666667,SITE 3,EXT
2026-03-17 03:00:00,40.21816666666667,39.290333333333336,33.91716666666667,32.72222222222222,16.74074074074074,38.53333333333333,970.2090000000001,SITE 3,EXT
2026-03-17 04:00:00,40.616,39.74583333333333,34.486999999999995,31.88888888888889,17.555555555555554,42.46666666666667,970.3340000000001,SITE 3,EXT
2026-03-17 05:00:00,39.321000000000005,37.7405,32.6715,31.666666666666668,18.203703703703706,44.86666666666667,971.1776666666666,SITE 3,EXT
2026-03-17 06:00:00,47.15683333333333,44.9675,36.88216666666666,31.62962962962963,18.296296296296298,45.666666666666664,971.6669999999999,SITE 3,EXT
2026-03-17 07:00:00,43.906,42.86016666666667,36.169,31.814814814814817,18.888888888888893,46.46666666666667,972.715,SITE 3,EXT
2026-03-17 08:00:00,37.72816666666667,35.02366666666667,31.23166666666667,32.351851851851855,19.5,47.0,973.3746666666667,SITE 3,EXT
2026-03-17 09:00:00,36.3935,32.85733333333334,29.798166666666667,33.351851851851855,19.574074074074076,44.86666666666667,973.7976666666667,SITE 3,EXT
2026-03-17 10:00:00,39.549677419354836,37.023709677419355,33.629516129032254,34.982078853046595,19.659498207885306,40.935483870967744,973.6738709677419,SITE 3,EXT
2026-03-17 11:00:00,39.407000000000004,37.56066666666666,34.408833333333334,37.05555555555556,19.444444444444446,35.96666666666667,972.8983333333333,SITE 3,EXT
2026-03-17 12:00:00,37.686,35.11716666666666,32.39,39.03703703703704,18.370370370370374,30.333333333333332,971.9613333333333,SITE 3,EXT
2026-03-17 13:00:00,41.495333333333335,40.34283333333334,37.737833333333334,40.611111111111114,17.555555555555554,26.266666666666666,970.769,SITE 3,EXT
2026-03-17 14:00:00,53.155,52.462666666666664,50.12266666666667,41.68518518518519,16.90740740740741,23.866666666666667,969.7016666666666,SITE 3,EXT
2026-03-17 15:00:00,45.420833333333334,44.674,41.796166666666664,41.666666666666664,16.333333333333332,22.933333333333334,969.0526666666667,SITE 3,EXT
2026-03-17 16:00:00,37.44633333333333,34.68366666666667,31.994000000000003,41.72222222222222,16.09259259259259,22.366666666666667,969.0353333333334,SITE 3,EXT
2026-03-17 17:00:00,38.55216666666667,36.036833333333334,32.82716666666667,40.81481481481482,15.777777777777779,23.233333333333334,969.3076666666667,SITE 3,EXT
2026-03-17 18:00:00,46.38283333333333,44.644,40.141333333333336,39.37037037037037,15.88888888888889,25.266666666666666,969.6993333333334,SITE 3,EXT
2026-03-17 19:00:00,41.95683333333333,40.825833333333335,36.23083333333333,38.2962962962963,16.166666666666668,27.2,970.315,SITE 3,EXT
2026-03-17 20:00:00,42.075357142857136,41.04892857142857,36.93642857142857,37.5,16.13095238095238,28.535714285714285,971.3260714285715,SITE 3,EXT
2026-03-17 21:00:00,41.43333333333333,40.60166666666667,37.13699999999999,36.72222222222222,15.981481481481483,29.166666666666668,972.1086666666666,SITE 3,EXT
2026-03-17 22:00:00,39.40137931034483,37.72344827586207,34.2096551724138,35.80459770114943,15.900383141762454,30.79310344827586,972.3924137931035,SITE 3,EXT
2026-03-17 23:00:00,39.084500000000006,37.376,33.5395,34.5,16.166666666666668,33.733333333333334,972.2866666666666,SITE 3,EXT
2026-03-18 00:00:00,41.913225806451614,40.92322580645161,36.16935483870968,33.49462365591398,16.594982078853047,36.61290322580645,971.7487096774194,SITE 3,EXT
2026-03-18 01:00:00,37.5975,34.889,31.2045,32.74074074074074,17.166666666666668,39.766666666666666,970.943,SITE 3,EXT
2026-03-18 02:00:00,37.06966666666666,33.34283333333333,29.81,32.2962962962963,17.333333333333332,41.13333333333333,970.2266666666667,SITE 3,EXT
2026-03-18 03:00:00,37.68483333333334,34.77433333333333,31.487666666666666,31.666666666666668,17.37037037037037,42.833333333333336,969.9626666666667,SITE 3,EXT
2026-03-18 04:00:00,37.43,34.704166666666666,31.2305,31.388888888888893,17.75925925925926,44.46666666666667,970.1883333333334,SITE 3,EXT
2026-03-18 05:00:00,38.89666666666667,37.21666666666667,33.22266666666667,31.03703703703704,18.0,46.1,970.591,SITE 3,EXT
2026-03-18 06:00:00,49.17666666666666,46.68383333333334,39.410333333333334,30.444444444444446,18.425925925925927,49.13333333333333,971.1296666666666,SITE 3,EXT
2026-03-18 07:00:00,40.811166666666665,39.16416666666667,35.34283333333334,30.518518518518523,19.296296296296298,51.03333333333333,971.671,SITE 3,EXT
2026-03-18 08:00:00,37.14066666666667,33.79233333333333,30.556500000000003,31.722222222222225,19.388888888888893,48.333333333333336,972.393,SITE 3,EXT
2026-03-18 09:00:00,35.33266666666667,30.9425,28.1675,33.24074074074074,19.444444444444446,44.5,972.991,SITE 3,EXT
2026-03-18 10:00:00,48.892,46.086,37.58633333333333,35.12962962962963,19.27777777777778,39.733333333333334,973.0110000000001,SITE 3,EXT
2026-03-18 11:00:00,39.64725806451613,38.26387096774194,35.29451612903226,37.02508960573477,19.21146953405018,35.45161290322581,972.5332258064516,SITE 3,EXT
2026-03-18 12:00:00,37.93833333333334,35.542833333333334,32.7395,38.46296296296296,19.055555555555557,32.46666666666667,971.663,SITE 3,EXT
2026-03-18 13:00:00,38.267833333333336,36.14883333333333,33.724333333333334,40.48148148148149,18.185185185185183,27.6,970.5889999999999,SITE 3,EXT
2026-03-18 14:00:00,36.964000000000006,33.58,31.423333333333336,41.166666666666664,17.425925925925927,25.366666666666667,969.626,SITE 3,EXT
2026-03-18 15:00:00,46.3365,45.764,43.6935,41.92592592592593,16.074074074074073,22.266666666666666,968.9676666666667,SITE 3,EXT
2026-03-18 16:00:00,41.40466666666667,40.463499999999996,38.162333333333336,41.51851851851852,15.074074074074074,21.266666666666666,968.4506666666667,SITE 3,EXT
2026-03-18 17:00:00,39.225,37.124,33.99433333333334,40.72222222222222,14.574074074074074,21.466666666666665,968.4673333333334,SITE 3,EXT
2026-03-18 18:00:00,46.346000000000004,43.56616666666666,36.508833333333335,39.74074074074074,14.88888888888889,23.133333333333333,968.8193333333334,SITE 3,EXT
2026-03-18 19:00:00,58.78066666666667,56.284,44.997499999999995,39.07407407407407,15.666666666666668,25.3,969.4816666666667,SITE 3,EXT
2026-03-18 20:00:00,55.00783333333333,52.88516666666667,43.294,38.351851851851855,16.0,26.766666666666666,970.311,SITE 3,EXT
2026-03-18 21:00:00,50.56916666666667,49.09216666666667,41.79816666666667,37.48148148148148,16.01851851851852,28.2,970.8106666666666,SITE 3,EXT
2026-03-18 22:00:00,51.535833333333336,50.33533333333333,43.537166666666664,36.851851851851855,16.35185185185185,29.866666666666667,971.0463333333333,SITE 3,EXT
2026-03-18 23:00:00,47.318225806451615,46.49516129032258,40.924354838709675,35.7168458781362,16.810035842293907,32.806451612903224,971.1612903225806,SITE 3,EXT
2026-03-19 00:00:00,43.06933333333333,42.32783333333334,37.98633333333333,34.14814814814815,16.85185185185185,35.96666666666667,970.7710000000001,SITE 3,EXT
2026-03-19 01:00:00,42.31483333333333,41.56933333333333,36.986666666666665,33.70370370370371,17.22222222222222,37.833333333333336,970.2723333333332,SITE 3,EXT
2026-03-19 02:00:00,39.19866666666667,37.323166666666665,33.35633333333333,33.27777777777778,17.22222222222222,38.86666666666667,969.8963333333334,SITE 3,EXT
2026-03-19 03:00:00,37.65116666666667,35.1115,31.953500000000002,32.75925925925926,17.37037037037037,40.13333333333333,969.694,SITE 3,EXT
2026-03-19 04:00:00,36.94083333333333,33.797,30.3905,32.37037037037037,17.555555555555554,41.6,969.912,SITE 3,EXT
2026-03-19 05:00:00,44.214666666666666,41.71483333333333,35.3765,31.351851851851855,17.685185185185183,44.4,970.2886666666667,SITE 3,EXT
2026-03-19 06:00:00,48.97683333333334,48.1125,41.92816666666667,30.555555555555557,18.166666666666668,47.96666666666667,970.9576666666667,SITE 3,EXT
2026-03-19 07:00:00,45.25016666666667,43.952,37.7735,30.75925925925926,19.03703703703704,50.03333333333333,971.6176666666667,SITE 3,EXT
2026-03-19 08:00:00,39.156333333333336,37.379333333333335,33.41583333333333,31.40740740740741,19.61111111111111,50.06666666666667,972.3076666666667,SITE 3,EXT
2026-03-19 09:00:00,37.216166666666666,34.2965,31.6115,33.03703703703704,19.87037037037037,46.166666666666664,972.9063333333332,SITE 3,EXT
2026-03-19 10:00:00,36.876612903225805,33.7166129032258,31.49290322580645,34.71326164874552,19.60573476702509,41.354838709677416,973.2235483870968,SITE 3,EXT
2026-03-19 11:00:00,39.53183333333333,38.297000000000004,36.01916666666667,37.333333333333336,19.444444444444446,35.53333333333333,972.608,SITE 3,EXT
2026-03-19 12:00:00,37.318666666666665,34.35883333333334,32.00933333333333,39.12962962962963,18.90740740740741,31.0,971.2603333333334,SITE 3,EXT
2026-03-19 13:00:00,77.74766666666666,75.11333333333333,54.75333333333333,40.777777777777786,17.888888888888893,26.6,970.065,SITE 3,EXT
2026-03-19 14:00:00,51.918,51.26733333333333,48.077999999999996,41.7962962962963,17.574074074074073,24.733333333333334,968.99,SITE 3,EXT
2026-03-19 15:00:00,44.25466666666667,42.69433333333333,40.48166666666667,42.25925925925926,17.314814814814817,23.466666666666665,968.1523333333333,SITE 3,EXT
2026-03-19 16:00:00,37.5925,34.85183333333334,32.4925,42.666666666666664,17.037037037037035,22.733333333333334,967.6436666666667,SITE 3,EXT
2026-03-19 17:00:00,39.108333333333334,37.229,34.566833333333335,41.907407407407405,16.555555555555557,23.0,967.5636666666667,SITE 3,EXT
2026-03-19 18:00:00,38.306000000000004,36.024166666666666,32.866,40.666666666666664,16.314814814814817,24.166666666666668,967.9663333333334,SITE 3,EXT
2026-03-19 19:00:00,42.92316666666667,41.980000000000004,37.49166666666667,40.07407407407407,16.666666666666668,25.666666666666668,968.577,SITE 3,EXT
2026-03-19 20:00:00,47.13166666666667,46.05333333333333,40.2785,39.14814814814815,16.833333333333332,27.233333333333334,969.296,SITE 3,EXT
2026-03-19 21:00:00,51.623333333333335,50.21716666666667,42.266666666666666,38.5,17.01851851851852,28.366666666666667,969.85,SITE 3,EXT
2026-03-19 22:00:00,47.47548387096774,46.13564516129032,39.200322580645164,37.61648745519713,17.258064516129032,30.387096774193548,970.0138709677419,SITE 3,EXT
2026-03-19 23:00:00,40.108666666666664,39.15383333333333,35.09916666666666,36.370370370370374,17.444444444444446,32.96666666666667,970.307,SITE 3,EXT
2026-03-20 00:00:00,39.200500000000005,37.6325,33.751333333333335,35.24074074074074,17.685185185185183,35.56666666666667,969.7446666666667,SITE 3,EXT
2026-03-20 01:00:00,36.18766666666667,32.347833333333334,28.988666666666667,34.851851851851855,17.77777777777778,36.86666666666667,969.257,SITE 3,EXT
2026-03-20 02:00:00,37.14833333333333,34.155166666666666,30.8095,33.96296296296296,18.0,39.36666666666667,969.2090000000001,SITE 3,EXT
2026-03-20 03:00:00,37.99733333333334,34.39666666666667,31.909666666666666,31.074074074074076,17.685185185185183,45.46666666666667,969.8503333333333,SITE 3,EXT
2026-03-20 04:00:00,36.08116666666667,32.36416666666666,30.264166666666664,29.351851851851855,17.925925925925927,50.833333333333336,969.277,SITE 3,EXT
2026-03-20 05:00:00,37.304833333333335,34.416500000000006,31.832666666666668,29.518518518518523,17.574074074074073,49.0,969.8979999999999,SITE 3,EXT
2026-03-20 06:00:00,41.758500000000005,40.65833333333333,36.38283333333333,29.62962962962963,18.055555555555557,50.3,970.3386666666667,SITE 3,EXT
2026-03-20 07:00:00,39.595,38.37833333333333,34.48866666666667,30.092592592592595,18.592592592592595,50.63333333333333,971.0653333333333,SITE 3,EXT
2026-03-20 08:00:00,41.08566666666666,40.243,36.160999999999994,30.35185185185185,18.370370370370374,49.36666666666667,971.8960000000001,SITE 3,EXT
2026-03-20 09:00:00,38.005322580645164,35.76080645161291,32.354516129032255,32.27598566308244,19.46236559139785,47.12903225806452,972.2158064516128,SITE 3,EXT
2026-03-20 10:00:00,40.59733333333334,39.38183333333333,35.97416666666666,34.407407407407405,20.01851851851852,43.266666666666666,972.3126666666667,SITE 3,EXT
2026-03-20 11:00:00,40.76616666666666,40.035999999999994,36.908166666666666,36.81481481481482,20.314814814814817,38.53333333333333,971.581,SITE 3,EXT
2026-03-20 12:00:00,38.02816666666667,35.90816666666667,33.238166666666665,38.592592592592595,19.37037037037037,33.06666666666667,970.4523333333333,SITE 3,EXT
2026-03-20 13:00:00,39.04833333333333,37.745,35.155499999999996,39.88888888888889,18.425925925925927,28.9,969.4316666666667,SITE 3,EXT
2026-03-20 14:00:00,39.65133333333333,38.580666666666666,36.2025,40.24074074074074,18.01851851851852,27.633333333333333,968.338,SITE 3,EXT
2026-03-20 15:00:00,36.76616666666667,33.49,31.271833333333333,37.611111111111114,16.74074074074074,29.3,967.8626666666667,SITE 3,EXT
2026-03-20 16:00:00,43.131499999999996,42.677,39.95183333333333,39.333333333333336,17.703703703703702,28.366666666666667,967.2113333333333,SITE 3,EXT
2026-03-20 17:00:00,43.91733333333333,43.4475,40.565666666666665,39.5,17.24074074074074,27.366666666666667,967.2919999999999,SITE 3,EXT
2026-03-20 18:00:00,44.13066666666667,42.5105,38.70016666666666,37.98148148148149,16.166666666666668,27.733333333333334,967.7976666666667,SITE 3,EXT
2026-03-20 19:00:00,47.770322580645164,46.48629032258064,39.37822580645161,36.881720430107535,17.43727598566308,32.064516129032256,968.2490322580645,SITE 3,EXT
2026-03-20 20:00:00,38.08766666666667,35.864000000000004,32.208999999999996,35.38888888888889,18.092592592592595,36.06666666666667,968.987,SITE 3,EXT
2026-03-20 21:00:00,38.6045,36.769666666666666,33.80416666666667,34.96296296296296,17.64814814814815,35.9,969.259,SITE 3,EXT
2026-03-20 22:00:00,37.96333333333334,35.612833333333334,32.68383333333333,35.0,17.666666666666668,35.96666666666667,969.605,SITE 3,EXT
2026-03-20 23:00:00,38.51083333333334,36.50683333333333,33.2695,34.87037037037037,17.90740740740741,36.733333333333334,969.5923333333334,SITE 3,EXT
2026-03-21 00:00:00,38.3365,36.08866666666667,32.828833333333336,34.111111111111114,18.185185185185187,39.1,969.4023333333333,SITE 3,EXT
2026-03-21 01:00:00,37.26933333333333,34.425,31.203500000000002,33.351851851851855,18.703703703703702,42.233333333333334,969.2003333333333,SITE 3,EXT
2026-03-21 02:00:00,37.048,34.019333333333336,30.690166666666666,32.351851851851855,18.685185185185183,44.63333333333333,968.612,SITE 3,EXT
2026-03-21 03:00:00,36.66466666666667,33.34133333333333,30.086666666666666,32.22222222222222,18.796296296296298,44.96666666666667,968.3866666666667,SITE 3,EXT
2026-03-21 04:00:00,37.166000000000004,34.24316666666667,30.964166666666664,32.22222222222222,18.944444444444446,45.96666666666667,968.4496666666668,SITE 3,EXT
2026-03-21 05:00:00,43.39333333333333,41.16366666666667,35.626999999999995,31.87037037037037,19.25925925925926,47.43333333333333,968.654,SITE 3,EXT
2026-03-21 06:00:00,51.79383333333333,51.02333333333333,43.82033333333333,31.25925925925926,19.333333333333332,49.5,969.2099999999999,SITE 3,EXT
2026-03-21 07:00:00,50.88564516129032,50.06903225806452,43.005483870967744,31.397849462365592,19.695340501792113,49.96774193548387,969.8561290322581,SITE 3,EXT
2026-03-21 08:00:00,46.31382352941176,45.14294117647059,38.43352941176471,32.287581699346404,20.03267973856209,48.76470588235294,970.275294117647,SITE 3,EXT
2026-03-21 09:00:00,42.978571428571435,42.50071428571429,39.097142857142856,33.07539682539683,20.09920634920635,46.92857142857143,971.1239285714286,SITE 3,EXT
2026-03-21 10:00:00,40.06283333333333,38.499500000000005,35.47266666666667,35.18518518518519,19.88888888888889,41.0,971.0846666666667,SITE 3,EXT
2026-03-21 11:00:00,60.24083333333333,59.79716666666666,57.19766666666667,37.24074074074075,19.64814814814815,36.166666666666664,970.5836666666667,SITE 3,EXT
2026-03-21 12:00:00,43.95183333333333,43.388333333333335,40.785333333333334,40.01851851851852,19.5,30.733333333333334,969.7093333333333,SITE 3,EXT
2026-03-21 13:00:00,46.22048387096774,45.288548387096775,42.350322580645155,42.168458781362006,18.9247311827957,26.451612903225808,968.6596774193548,SITE 3,EXT
2026-03-21 14:00:00,40.67766666666667,39.662166666666664,37.69949999999999,43.24074074074074,17.35185185185185,22.433333333333334,967.568,SITE 3,EXT
2026-03-21 15:00:00,57.113166666666665,56.77466666666667,54.89683333333333,44.05555555555556,16.796296296296298,20.833333333333332,966.715,SITE 3,EXT
2026-03-21 16:00:00,39.75233333333333,38.230333333333334,36.00083333333334,43.111111111111114,16.09259259259259,20.933333333333334,966.331,SITE 3,EXT
2026-03-21 17:00:00,40.38416666666667,39.14216666666667,36.524166666666666,42.18518518518519,15.25925925925926,20.866666666666667,966.162,SITE 3,EXT
2026-03-21 18:00:00,43.492666666666665,42.269999999999996,38.256499999999996,40.37037037037037,15.944444444444445,23.966666666666665,966.609,SITE 3,EXT
2026-03-21 19:00:00,52.068666666666665,51.1285,45.26416666666667,38.48148148148149,16.64814814814815,27.766666666666666,967.5566666666667,SITE 3,EXT
2026-03-21 20:00:00,56.2,54.9995,47.21933333333333,38.88888888888889,17.5,28.7,968.5683333333333,SITE 3,EXT
2026-03-21 21:00:00,46.2365,45.46633333333333,40.452,38.277777777777786,18.03703703703704,30.733333333333334,969.4356666666666,SITE 3,EXT
2026-03-21 22:00:00,42.02433333333333,41.35816666666667,37.89383333333333,37.01851851851852,17.85185185185185,32.63333333333333,970.1166666666667,SITE 3,EXT
2026-03-21 23:00:00,39.73166666666667,38.7695,35.983666666666664,35.81481481481482,18.333333333333332,36.0,970.275,SITE 3,EXT
2026-03-22 00:00:00,44.203548387096774,43.65935483870968,41.41709677419355,35.07168458781362,18.38709677419355,37.645161290322584,969.9512903225807,SITE 3,EXT
2026-03-22 01:00:00,39.018,36.805166666666665,34.306000000000004,34.31481481481481,18.574074074074076,39.63333333333333,969.193,SITE 3,EXT
2026-03-22 02:00:00,35.74533333333333,31.83833333333333,29.478166666666667,33.72222222222222,18.685185185185183,41.36666666666667,968.652,SITE 3,EXT
2026-03-22 03:00:00,35.05766666666667,30.5885,27.9915,32.87037037037037,18.87037037037037,43.666666666666664,968.7123333333333,SITE 3,EXT
2026-03-22 04:00:00,35.2025,30.911166666666666,28.361333333333334,32.24074074074074,18.85185185185185,45.63333333333333,968.8183333333333,SITE 3,EXT
2026-03-22 05:00:00,37.76133333333333,35.258,32.10166666666667,31.77777777777778,19.351851851851855,48.13333333333333,969.1313333333333,SITE 3,EXT
2026-03-22 06:00:00,40.192166666666665,38.116499999999995,33.833333333333336,31.388888888888893,19.814814814814817,50.53333333333333,969.745,SITE 3,EXT
2026-03-22 07:00:00,41.72966666666666,40.7815,35.4535,31.203703703703706,20.574074074074076,53.666666666666664,970.581,SITE 3,EXT
2026-03-22 08:00:00,38.64149999999999,36.63883333333333,32.002833333333335,31.85185185185185,20.944444444444446,52.7,971.4789999999999,SITE 3,EXT
2026-03-22 09:00:00,41.760999999999996,39.5465,33.799,32.75925925925926,20.833333333333332,49.93333333333333,971.6976666666667,SITE 3,EXT
2026-03-22 10:00:00,45.484,44.88066666666667,39.42516666666667,34.592592592592595,20.555555555555557,44.233333333333334,971.5,SITE 3,EXT
2026-03-22 11:00:00,46.3805,45.92783333333333,41.4985,36.96296296296296,20.185185185185183,37.9,970.6896666666667,SITE 3,EXT
2026-03-22 12:00:00,42.722833333333334,42.0585,38.48166666666667,39.31481481481482,19.537037037037035,31.966666666666665,969.6053333333333,SITE 3,EXT
2026-03-22 13:00:00,44.32383333333333,43.96066666666666,40.799499999999995,41.31481481481482,19.314814814814817,28.3,968.664,SITE 3,EXT
2026-03-22 14:00:00,44.39948275862069,44.055689655172415,41.07258620689655,42.37547892720307,19.080459770114945,26.275862068965516,967.7279310344828,SITE 3,EXT
2026-03-22 15:00:00,55.673928571428576,55.33589285714286,52.558928571428574,42.876984126984134,18.571428571428573,24.785714285714285,966.8867857142858,SITE 3,EXT
2026-03-22 16:00:00,58.64240740740741,58.281111111111116,55.46407407407407,42.24279835390946,18.72427983539095,25.77777777777778,966.19,SITE 3,EXT
2026-03-22 17:00:00,62.45033333333333,60.084833333333336,54.81966666666666,41.37037037037037,18.75925925925926,27.166666666666668,966.232,SITE 3,EXT
2026-03-22 18:00:00,50.69416666666667,49.987833333333334,45.46183333333333,40.0,18.962962962962965,29.5,966.929,SITE 3,EXT
2026-03-22 19:00:00,52.86866666666666,52.02633333333333,45.835,39.05555555555556,19.12962962962963,31.5,967.7990000000001,SITE 3,EXT
2026-03-22 20:00:00,53.0275,51.832,43.83716666666667,38.351851851851855,19.333333333333332,33.233333333333334,968.717,SITE 3,EXT
2026-03-22 21:00:00,49.61466666666667,48.77733333333333,42.56366666666667,37.37037037037037,19.240740740740744,34.86666666666667,969.4903333333333,SITE 3,EXT
2026-03-22 22:00:00,46.99333333333333,46.150666666666666,39.70933333333333,36.50000000000001,18.888888888888893,35.6,970.4413333333333,SITE 3,EXT
2026-03-22 23:00:00,38.7635,36.4145,32.4525,35.592592592592595,17.22222222222222,33.766666666666666,970.5830000000001,SITE 3,EXT
2026-03-23 00:00:00,37.093870967741935,34.13741935483871,31.274516129032257,35.053763440860216,17.00716845878136,34.58064516129032,970.2638709677419,SITE 3,EXT
2026-03-23 01:00:00,39.71133333333333,38.06183333333333,35.051500000000004,34.2037037037037,17.814814814814817,38.0,969.25,SITE 3,EXT
2026-03-23 02:00:00,39.07449999999999,35.69433333333333,33.19233333333333,31.666666666666668,17.240740740740744,42.53333333333333,969.606,SITE 3,EXT
2026-03-23 03:00:00,69.18672413793104,68.69362068965518,66.2748275862069,27.049808429118773,18.96551724137931,61.793103448275865,972.6155172413793,SITE 3,EXT
2026-03-23 04:00:00,32.84766666666666,27.663833333333333,26.899333333333335,25.962962962962965,18.796296296296298,65.3,973.5886666666667,SITE 3,EXT
2026-03-23 05:00:00,33.015166666666666,27.81066666666667,26.978833333333334,26.796296296296298,18.740740740740744,62.43333333333333,973.4236666666667,SITE 3,EXT
2026-03-23 06:00:00,34.939193548387095,30.371612903225806,29.357741935483872,25.14336917562724,18.189964157706093,66.06451612903226,973.8783870967742,SITE 3,EXT
2026-03-23 07:00:00,33.461,28.196166666666667,26.860500000000002,24.98148148148148,17.722222222222225,64.83333333333333,973.885,SITE 3,EXT
2026-03-23 08:00:00,34.81933333333333,30.418833333333332,28.284666666666666,26.462962962962965,18.055555555555557,60.86666666666667,974.098,SITE 3,EXT
2026-03-23 09:00:00,31.880666666666666,26.345333333333333,24.751166666666666,27.25925925925926,18.740740740740744,60.3,974.1073333333334,SITE 3,EXT
2026-03-23 10:00:00,35.89896551724138,30.62913793103448,27.636724137931036,28.045977011494255,19.00383141762452,58.6551724137931,973.9620689655173,SITE 3,EXT
2026-03-23 11:00:00,57.09316666666667,50.20933333333333,35.237833333333334,29.722222222222225,19.314814814814817,54.13333333333333,973.0066666666667,SITE 3,EXT
2026-03-23 12:00:00,33.64216666666667,28.651166666666665,27.197333333333333,31.666666666666668,19.5,48.766666666666666,971.7180000000001,SITE 3,EXT
2026-03-23 13:00:00,33.6655,28.473666666666666,27.362166666666667,32.53703703703704,19.092592592592595,45.2,970.7166666666667,SITE 3,EXT
2026-03-23 14:00:00,36.104032258064514,31.516935483870967,29.218064516129033,33.691756272401435,18.96057347670251,41.935483870967744,970.2006451612904,SITE 3,EXT
2026-03-23 15:00:00,34.019,28.9705,27.444166666666668,34.14814814814815,18.12962962962963,38.766666666666666,969.9590000000001,SITE 3,EXT
2026-03-23 16:00:00,33.762,28.729499999999998,27.520833333333332,34.27777777777778,18.222222222222225,38.96666666666667,969.5889999999999,SITE 3,EXT
2026-03-23 17:00:00,40.65083333333334,38.155,34.3825,33.44444444444444,18.5,41.63333333333333,969.3553333333333,SITE 3,EXT
2026-03-23 18:00:00,59.681333333333335,58.67666666666666,48.40233333333333,32.87037037037037,19.40740740740741,45.5,969.6830000000001,SITE 3,EXT
2026-03-23 19:00:00,94.69283333333333,92.68716666666666,70.50316666666666,32.18518518518518,20.425925925925927,50.2,970.448,SITE 3,EXT
2026-03-23 20:00:00,124.92049999999999,122.20916666666668,89.71566666666666,31.666666666666668,20.77777777777778,53.03333333333333,971.2860000000001,SITE 3,EXT
2026-03-23 21:00:00,121.25883333333333,118.51916666666666,86.08583333333333,31.351851851851855,21.38888888888889,55.9,972.1443333333334,SITE 3,EXT
2026-03-23 22:00:00,85.0605,83.39766666666667,64.9225,31.111111111111118,21.24074074074074,56.3,972.6886666666667,SITE 3,EXT
2026-03-23 23:00:00,70.07183333333334,68.65266666666666,54.772666666666666,30.851851851851855,21.203703703703702,57.0,972.507,SITE 3,EXT
2026-03-24 00:00:00,48.0555,47.31666666666667,40.19133333333333,30.222222222222225,21.037037037037035,58.5,972.4493333333334,SITE 3,EXT
2026-03-24 01:00:00,40.299677419354836,39.306612903225805,34.85725806451613,29.982078853046595,21.075268817204304,58.96774193548387,971.8416129032258,SITE 3,EXT
2026-03-24 02:00:00,43.2875,42.399166666666666,38.4315,30.0,20.833333333333332,58.46666666666667,971.4176666666666,SITE 3,EXT
2026-03-24 03:00:00,41.785833333333336,40.783,36.05233333333333,29.555555555555557,20.75925925925926,59.833333333333336,971.4746666666667,SITE 3,EXT
2026-03-24 04:00:00,37.70516666666666,35.2735,31.51383333333333,29.425925925925927,20.53703703703704,59.13333333333333,971.4316666666667,SITE 3,EXT
2026-03-24 05:00:00,39.25116666666667,37.18316666666667,32.8635,29.185185185185183,20.296296296296298,58.96666666666667,971.6066666666667,SITE 3,EXT
2026-03-24 06:00:00,45.959500000000006,45.02633333333333,37.98983333333333,28.703703703703702,19.5,58.1,972.1389999999999,SITE 3,EXT
2026-03-24 07:00:00,41.362833333333334,39.9205,34.9075,28.85185185185185,19.40740740740741,56.96666666666667,972.7996666666667,SITE 3,EXT
2026-03-24 08:00:00,39.6825,38.29,34.68966666666667,29.740740740740744,19.77777777777778,55.46666666666667,973.2909999999999,SITE 3,EXT
2026-03-24 09:00:00,42.65016666666667,40.775,36.159,31.203703703703706,20.296296296296298,52.7,973.3729999999999,SITE 3,EXT
2026-03-24 10:00:00,52.471000000000004,49.90983333333334,38.81933333333333,33.20370370370371,20.592592592592595,47.833333333333336,973.4456666666666,SITE 3,EXT
2026-03-24 11:00:00,40.75833333333333,39.2935,36.4945,35.27777777777778,20.037037037037035,41.166666666666664,973.0383333333334,SITE 3,EXT
2026-03-24 12:00:00,41.85290322580645,40.27306451612903,37.63129032258065,37.043010752688176,19.193548387096776,35.41935483870968,972.1409677419355,SITE 3,EXT
2026-03-24 13:00:00,36.5275,33.11366666666667,30.841166666666666,37.61111111111111,18.518518518518523,32.8,971.0419999999999,SITE 3,EXT
2026-03-24 14:00:00,37.181000000000004,34.42783333333333,32.561166666666665,38.75925925925926,18.166666666666668,30.133333333333333,970.0773333333333,SITE 3,EXT
2026-03-24 15:00:00,33.8025,28.649166666666666,27.00766666666667,39.2962962962963,17.14814814814815,27.633333333333333,969.3753333333333,SITE 3,EXT
2026-03-24 16:00:00,35.93716666666667,31.713,29.261000000000003,39.7962962962963,17.444444444444446,27.266666666666666,968.8706666666666,SITE 3,EXT
2026-03-24 17:00:00,44.291333333333334,41.94866666666667,36.87233333333334,38.62962962962963,17.01851851851852,28.3,968.956,SITE 3,EXT
2026-03-24 18:00:00,48.23266666666667,47.11783333333334,40.53966666666667,38.333333333333336,18.01851851851852,30.666666666666668,969.465,SITE 3,EXT
2026-03-24 19:00:00,61.67466666666667,60.237833333333334,50.117,37.61111111111111,19.444444444444446,34.9,970.2683333333333,SITE 3,EXT
2026-03-24 20:00:00,58.21783333333334,56.48566666666667,46.7595,36.68518518518519,19.48148148148148,36.733333333333334,971.3173333333333,SITE 3,EXT
2026-03-24 21:00:00,40.4425,39.244,36.45233333333333,34.44444444444444,18.53703703703704,39.333333333333336,972.1,SITE 3,EXT
2026-03-24 22:00:00,37.806333333333335,35.4565,32.91883333333333,34.01851851851852,18.53703703703704,40.13333333333333,972.723,SITE 3,EXT
2026-03-24 23:00:00,36.52903225806452,33.20225806451613,30.961451612903225,32.68817204301075,18.172043010752688,42.516129032258064,972.7390322580645,SITE 3,EXT
2026-03-25 00:00:00,35.760666666666665,31.92983333333333,30.121166666666667,31.814814814814817,17.98148148148148,44.233333333333334,972.2156666666667,SITE 3,EXT
2026-03-25 01:00:00,35.906333333333336,32.154666666666664,30.395166666666668,31.333333333333336,18.222222222222225,45.93333333333333,971.7676666666666,SITE 3,EXT
2026-03-25 02:00:00,34.632,30.026666666666664,28.463666666666665,30.62962962962963,18.03703703703704,47.4,971.293,SITE 3,EXT
2026-03-25 03:00:00,35.45116666666667,31.41166666666667,29.7625,29.98148148148148,18.12962962962963,49.266666666666666,970.759,SITE 3,EXT
2026-03-25 04:00:00,36.128166666666665,32.5915,30.956,29.796296296296298,18.12962962962963,49.733333333333334,970.6506666666667,SITE 3,EXT
2026-03-25 05:00:00,38.4165,36.23583333333333,33.8395,29.944444444444446,18.370370370370374,50.233333333333334,970.7793333333334,SITE 3,EXT
2026-03-25 06:00:00,43.89833333333333,42.6485,37.76316666666666,29.722222222222225,18.462962962962965,51.7,971.1573333333333,SITE 3,EXT
2026-03-25 07:00:00,47.7835,46.894,40.568,29.944444444444446,18.833333333333336,51.6,971.424,SITE 3,EXT
2026-03-25 09:00:00,41.59977272727273,39.99886363636364,36.51204545454545,30.42929292929293,19.570707070707073,52.90909090909091,972.9154545454545,SITE 3,EXT
2026-03-25 10:00:00,37.990483870967736,35.809677419354834,33.11758064516129,33.727598566308245,19.731182795698928,44.225806451612904,972.7783870967743,SITE 3,EXT
2026-03-25 11:00:00,37.530166666666666,35.024833333333326,32.52166666666667,35.407407407407405,19.925925925925927,40.56666666666667,972.1686666666667,SITE 3,EXT
2026-03-25 12:00:00,37.31266666666667,34.5535,31.969333333333335,37.592592592592595,19.962962962962965,36.03333333333333,971.1506666666667,SITE 3,EXT
2026-03-25 13:00:00,43.3705,42.886833333333335,40.43966666666667,39.77777777777778,19.48148148148148,30.966666666666665,970.096,SITE 3,EXT
2026-03-25 14:00:00,43.027833333333334,42.113166666666665,39.652,40.777777777777786,19.01851851851852,28.5,969.243,SITE 3,EXT
2026-03-25 15:00:00,47.63066666666667,46.79333333333333,44.3785,40.74074074074074,18.851851851851855,28.233333333333334,968.586,SITE 3,EXT
2026-03-25 16:00:00,41.973333333333336,40.453833333333336,36.11266666666667,40.37037037037037,18.98148148148148,29.233333333333334,968.4263333333333,SITE 3,EXT
2026-03-25 17:00:00,39.675666666666665,37.845333333333336,34.346,39.98148148148148,18.87037037037037,29.5,968.6523333333333,SITE 3,EXT
2026-03-25 18:00:00,47.12766666666666,45.86483333333333,40.35566666666667,38.7962962962963,19.462962962962965,32.733333333333334,969.197,SITE 3,EXT
2026-03-25 19:00:00,48.537333333333336,47.559999999999995,41.14933333333333,37.31481481481482,19.51851851851852,35.56666666666667,970.0446666666667,SITE 3,EXT
2026-03-25 20:00:00,46.104166666666664,45.31466666666667,39.44316666666667,36.351851851851855,19.444444444444446,37.36666666666667,970.728,SITE 3,EXT
2026-03-25 21:00:00,41.884516129032264,40.971774193548384,35.19177419354838,35.483870967741936,19.014336917562723,38.096774193548384,971.4906451612903,SITE 3,EXT
2026-03-25 22:00:00,41.2955,40.566500000000005,35.81233333333333,34.61111111111111,19.055555555555557,40.233333333333334,971.6713333333333,SITE 3,EXT
2026-03-25 23:00:00,43.826,43.1205,37.61516666666667,33.92592592592593,19.203703703703706,42.36666666666667,971.6196666666667,SITE 3,EXT
2026-03-26 00:00:00,43.42366666666667,42.75183333333334,37.107,33.351851851851855,19.351851851851855,44.03333333333333,971.1193333333333,SITE 3,EXT
2026-03-26 01:00:00,38.51266666666667,36.70816666666666,32.43933333333333,32.2037037037037,19.574074074074076,47.7,970.3493333333333,SITE 3,EXT
2026-03-26 02:00:00,38.65983333333334,36.933,32.931666666666665,31.518518518518523,19.518518518518523,49.4,970.1243333333333,SITE 3,EXT
2026-03-26 03:00:00,41.6915,41.32483333333334,37.99766666666667,31.092592592592595,19.351851851851855,49.86666666666667,969.981,SITE 3,EXT
2026-03-26 04:00:00,43.06933333333333,42.6925,39.030833333333334,30.77777777777778,19.14814814814815,50.3,970.1610000000001,SITE 3,EXT
2026-03-26 05:00:00,47.2445,46.5525,41.848,30.37037037037037,19.166666666666668,51.6,970.7206666666666,SITE 3,EXT
2026-03-26 06:00:00,48.849833333333336,47.958666666666666,41.05233333333333,30.0,19.314814814814817,52.96666666666667,971.2303333333333,SITE 3,EXT
2026-03-26 07:00:00,47.133500000000005,46.45616666666667,40.327666666666666,30.185185185185183,19.27777777777778,52.333333333333336,971.8666666666667,SITE 3,EXT
2026-03-26 08:00:00,43.924,43.31066666666666,39.18966666666667,31.11111111111111,19.222222222222225,49.6,972.434,SITE 3,EXT
2026-03-26 09:00:00,41.024677419354845,39.1391935483871,34.06064516129032,32.22222222222222,19.408602150537636,47.03225806451613,972.6961290322581,SITE 3,EXT
2026-03-26 10:00:00,47.451,46.40916666666667,39.90683333333333,34.01851851851852,19.61111111111111,43.166666666666664,972.3276666666667,SITE 3,EXT
2026-03-26 11:00:00,39.62866666666666,38.4915,35.00516666666667,36.351851851851855,19.722222222222225,38.2,971.6659999999999,SITE 3,EXT
2026-03-26 12:00:00,42.721000000000004,41.808,38.7955,38.833333333333336,19.685185185185183,33.2,970.5849999999999,SITE 3,EXT
2026-03-26 13:00:00,42.756499999999996,41.770999999999994,38.64116666666666,40.64814814814815,19.64814814814815,29.933333333333334,969.2986666666667,SITE 3,EXT
2026-03-26 14:00:00,45.85933333333333,44.912,41.5135,41.48148148148149,19.074074074074076,27.533333333333335,968.3063333333333,SITE 3,EXT
2026-03-26 15:00:00,48.02333333333333,47.11633333333334,44.024,42.18518518518519,18.703703703703706,25.9,967.5703333333333,SITE 3,EXT
2026-03-26 16:00:00,45.575833333333335,44.5295,41.10166666666667,42.01851851851852,18.14814814814815,25.266666666666666,967.3096666666667,SITE 3,EXT
2026-03-26 17:00:00,44.3135,42.97716666666667,38.27033333333333,40.851851851851855,17.814814814814817,26.4,967.2109999999999,SITE 3,EXT
2026-03-26 18:00:00,57.89116666666666,54.54716666666666,44.74916666666666,39.407407407407405,17.90740740740741,28.533333333333335,967.875,SITE 3,EXT
2026-03-26 19:00:00,72.43233333333335,69.937,56.333666666666666,38.72222222222222,18.592592592592595,31.333333333333332,968.5896666666666,SITE 3,EXT
2026-03-26 20:00:00,59.663000000000004,58.4545,51.536500000000004,37.666666666666664,18.90740740740741,33.733333333333334,969.4086666666666,SITE 3,EXT
2026-03-26 21:00:00,42.77564516129033,41.68645161290323,37.880806451612905,36.577060931899645,18.691756272401435,35.193548387096776,970.1441935483871,SITE 3,EXT
2026-03-26 22:00:00,37.787666666666674,34.92549999999999,31.374000000000002,35.81481481481482,18.925925925925927,37.36666666666667,970.643,SITE 3,EXT
2026-03-26 23:00:00,39.379,37.20466666666667,33.028,35.27777777777778,19.11111111111111,38.86666666666667,970.8573333333334,SITE 3,EXT
2026-03-27 00:00:00,48.12133333333334,46.82816666666667,40.09883333333333,34.77777777777778,19.48148148148148,40.9,970.1550000000001,SITE 3,EXT
2026-03-27 01:00:00,42.598,41.91133333333333,37.54183333333334,33.648148148148145,19.25925925925926,43.0,969.5966666666667,SITE 3,EXT
2026-03-27 02:00:00,40.603500000000004,39.767,35.26266666666667,32.92592592592593,19.388888888888893,45.233333333333334,969.3106666666666,SITE 3,EXT
2026-03-27 03:00:00,38.731833333333334,37.08733333333334,32.96516666666667,32.03703703703704,19.5,47.9,969.2846666666667,SITE 3,EXT
2026-03-27 04:00:00,41.169333333333334,40.32216666666667,36.339166666666664,31.296296296296298,19.462962962962965,50.06666666666667,969.659,SITE 3,EXT
2026-03-27 05:00:00,51.209500000000006,50.58283333333333,44.01233333333333,31.16666666666667,19.53703703703704,50.43333333333333,970.1906666666667,SITE 3,EXT
2026-03-27 06:00:00,51.252500000000005,50.55016666666666,44.17316666666667,31.111111111111118,19.48148148148148,50.96666666666667,970.7216666666667,SITE 3,EXT
2026-03-27 07:00:00,50.60725806451613,49.851290322580645,43.688709677419354,31.111111111111114,19.534050179211473,50.903225806451616,971.7703225806451,SITE 3,EXT
2026-03-27 08:00:00,45.06583333333333,43.9385,38.49633333333334,31.814814814814817,20.01851851851852,50.1,972.7189999999999,SITE 3,EXT
2026-03-27 09:00:00,43.37733333333333,42.256499999999996,36.861999999999995,33.01851851851852,20.0,46.666666666666664,972.7900000000001,SITE 3,EXT
2026-03-27 10:00:00,39.98633333333333,38.77766666666666,35.423,34.833333333333336,20.037037037037035,42.13333333333333,972.814,SITE 3,EXT
2026-03-27 11:00:00,38.46083333333333,36.5815,33.564499999999995,37.2962962962963,19.98148148148148,36.7,972.4776666666668,SITE 3,EXT
2026-03-27 12:00:00,40.62466666666667,39.5345,36.49333333333333,38.87037037037037,19.592592592592595,32.766666666666666,971.5393333333334,SITE 3,EXT
2026-03-27 13:00:00,39.42433333333334,38.21633333333333,34.99433333333333,38.870370370370374,19.222222222222225,32.0,970.409,SITE 3,EXT
2026-03-27 14:00:00,43.01866666666667,42.21266666666667,38.564,39.31481481481481,18.814814814814817,30.433333333333334,969.1983333333334,SITE 3,EXT
2026-03-27 15:00:00,43.85066666666667,43.16166666666666,39.74916666666666,39.42592592592593,18.25925925925926,29.366666666666667,968.5213333333334,SITE 3,EXT
2026-03-27 16:00:00,44.51616666666666,42.539,36.20133333333333,34.27777777777778,19.388888888888893,41.9,968.997,SITE 3,EXT
2026-03-27 17:00:00,43.355333333333334,42.36633333333334,36.4855,32.351851851851855,19.925925925925927,48.36666666666667,969.5406666666667,SITE 3,EXT
2026-03-27 18:00:00,37.169666666666664,34.13466666666667,30.9595,32.57407407407407,19.296296296296298,45.733333333333334,970.597,SITE 3,EXT
2026-03-27 19:00:00,42.99316666666667,42.1375,36.853500000000004,32.05555555555556,19.666666666666668,48.4,971.1973333333333,SITE 3,EXT
2026-03-27 20:00:00,40.415,39.42274193548387,34.821612903225805,31.612903225806452,20.376344086021508,51.96774193548387,972.1329032258064,SITE 3,EXT
2026-03-27 21:00:00,41.843833333333336,41.10166666666667,36.9535,30.888888888888893,19.88888888888889,52.4,972.8103333333333,SITE 3,EXT
2026-03-27 22:00:00,38.95183333333333,37.21633333333333,33.42283333333334,31.074074074074076,20.25925925925926,53.43333333333333,973.2863333333333,SITE 3,EXT
2026-03-27 23:00:00,38.55216666666667,36.637166666666666,33.25533333333333,30.851851851851855,20.75925925925926,55.233333333333334,973.043,SITE 3,EXT
2026-03-28 00:00:00,37.65716666666666,34.9875,32.62316666666667,30.370370370370374,19.814814814814817,53.833333333333336,973.0513333333333,SITE 3,EXT
2026-03-28 01:00:00,36.767,33.57533333333333,31.434833333333334,29.27777777777778,19.48148148148148,55.766666666666666,972.2586666666666,SITE 3,EXT
2026-03-28 02:00:00,36.9045,33.83383333333333,31.616,28.88888888888889,19.37037037037037,56.86666666666667,971.8706666666666,SITE 3,EXT
2026-03-28 03:00:00,37.12566666666667,34.17483333333333,31.758166666666668,29.12962962962963,18.75925925925926,54.1,972.427,SITE 3,EXT
2026-03-28 04:00:00,35.727,31.71333333333333,29.593833333333336,29.425925925925927,18.685185185185183,52.86666666666667,972.7443333333334,SITE 3,EXT
2026-03-28 05:00:00,38.643,36.59316666666667,33.599666666666664,29.037037037037035,19.074074074074076,55.43333333333333,973.027,SITE 3,EXT
2026-03-28 06:00:00,43.235,42.19083333333333,36.989333333333335,28.53703703703704,19.092592592592595,57.4,973.4116666666666,SITE 3,EXT
2026-03-28 07:00:00,40.410645161290326,39.33032258064516,35.40129032258065,28.691756272401435,19.265232974910397,57.45161290322581,973.8325806451613,SITE 3,EXT
2026-03-28 08:00:00,38.86566666666667,36.525333333333336,33.004333333333335,29.592592592592595,19.27777777777778,54.5,974.3439999999999,SITE 3,EXT
2026-03-28 09:00:00,36.75183333333334,32.806,29.518166666666666,31.222222222222225,19.462962962962965,50.0,975.2066666666667,SITE 3,EXT
2026-03-28 10:00:00,36.02133333333334,32.2,29.8705,33.05555555555556,19.555555555555557,45.43333333333333,975.8983333333333,SITE 3,EXT
2026-03-28 11:00:00,39.284,37.717333333333336,35.7145,34.31481481481481,19.333333333333332,41.53333333333333,975.5916666666667,SITE 3,EXT
2026-03-28 12:00:00,39.63316666666667,38.39683333333333,36.54083333333333,35.0,19.40740740740741,40.2,974.3466666666667,SITE 3,EXT
2026-03-28 13:00:00,38.64683333333333,36.615,35.20783333333333,37.22222222222222,18.925925925925927,34.56666666666667,972.5326666666666,SITE 3,EXT
2026-03-28 14:00:00,37.362833333333334,34.67883333333334,33.210166666666666,38.74074074074075,18.055555555555557,29.966666666666665,971.16,SITE 3,EXT
2026-03-28 15:00:00,37.88433333333333,35.578833333333336,33.9465,38.2962962962963,17.64814814814815,29.9,970.1383333333334,SITE 3,EXT
2026-03-28 16:00:00,37.565333333333335,35.096333333333334,33.349666666666664,37.27777777777778,17.38888888888889,31.233333333333334,970.0096666666667,SITE 3,EXT
2026-03-28 17:00:00,40.76016666666667,39.901666666666664,37.66166666666666,36.07407407407408,17.75925925925926,34.2,970.2403333333333,SITE 3,EXT
2026-03-28 18:00:00,41.04709677419355,39.87354838709677,35.730000000000004,34.856630824372765,17.258064516129032,35.516129032258064,970.7077419354838,SITE 3,EXT
2026-03-28 19:00:00,44.9,43.84316666666667,38.17716666666667,34.407407407407405,18.61111111111111,39.53333333333333,971.2933333333333,SITE 3,EXT
2026-03-28 20:00:00,50.751,49.823499999999996,43.623666666666665,34.00000000000001,19.166666666666668,41.6,971.861,SITE 3,EXT
2026-03-28 21:00:00,59.613166666666665,58.287,49.146166666666666,34.27777777777778,19.296296296296298,41.96666666666667,972.2366666666666,SITE 3,EXT
2026-03-28 22:00:00,58.65566666666667,57.350500000000004,48.70333333333333,33.7962962962963,19.351851851851855,42.9,972.696,SITE 3,EXT
2026-03-28 23:00:00,48.64183333333334,47.618833333333335,40.98066666666667,33.22222222222222,19.203703703703706,43.8,972.6666666666666,SITE 3,EXT
2026-03-29 00:00:00,48.785333333333334,47.545833333333334,39.749,32.77777777777778,19.444444444444446,45.766666666666666,972.265,SITE 3,EXT
2026-03-29 01:00:00,45.05716666666667,43.17100000000001,36.1635,32.611111111111114,19.814814814814817,47.233333333333334,971.6659999999999,SITE 3,EXT
2026-03-29 02:00:00,37.25566666666667,34.182,30.416666666666668,31.944444444444446,19.574074074074076,48.36666666666667,970.981,SITE 3,EXT
2026-03-29 03:00:00,38.482499999999995,36.424,32.41316666666667,31.64814814814815,19.703703703703702,49.733333333333334,970.6623333333333,SITE 3,EXT
2026-03-29 04:00:00,39.582166666666666,38.207499999999996,33.78,31.25925925925926,19.685185185185183,51.0,970.8296666666666,SITE 3,EXT
2026-03-29 05:00:00,39.093548387096774,37.55596774193548,33.25854838709677,30.64516129032258,19.71326164874552,52.45161290322581,971.1522580645162,SITE 3,EXT
2026-03-29 06:00:00,48.78883333333333,47.570166666666665,40.47233333333334,30.12962962962963,19.555555555555557,53.63333333333333,971.5796666666666,SITE 3,EXT
2026-03-29 07:00:00,43.90016666666667,43.006166666666665,37.007333333333335,30.796296296296298,19.666666666666668,52.03333333333333,972.454,SITE 3,EXT
2026-03-29 08:00:00,44.965333333333334,43.16,36.10333333333333,31.518518518518523,19.51851851851852,49.53333333333333,973.0213333333334,SITE 3,EXT
2026-03-29 09:00:00,39.595166666666664,37.67583333333334,34.16433333333334,33.18518518518519,18.53703703703704,42.233333333333334,973.056,SITE 3,EXT
2026-03-29 10:00:00,44.39666666666667,43.00083333333334,40.060833333333335,34.851851851851855,19.074074074074076,39.666666666666664,973.009,SITE 3,EXT
2026-03-29 11:00:00,40.67733333333333,39.47616666666667,37.04216666666667,36.851851851851855,19.370370370370374,36.03333333333333,972.121,SITE 3,EXT
2026-03-29 12:00:00,40.4225,38.96116666666667,36.941833333333335,39.31481481481482,18.833333333333332,30.733333333333334,970.7099999999999,SITE 3,EXT
2026-03-29 13:00:00,50.29316666666667,49.59316666666667,47.6045,41.666666666666664,18.53703703703704,26.433333333333334,969.0703333333333,SITE 3,EXT
2026-03-29 14:00:00,47.13583333333334,45.5015,43.31616666666666,42.851851851851855,17.98148148148148,23.8,967.6563333333332,SITE 3,EXT
2026-03-29 15:00:00,48.6175,46.788000000000004,43.241,41.42592592592593,17.90740740740741,25.766666666666666,967.7423333333334,SITE 3,EXT
2026-03-29 16:00:00,34.913000000000004,30.363333333333333,28.276666666666664,32.833333333333336,18.666666666666668,43.63333333333333,970.0366666666666,SITE 3,EXT
2026-03-29 17:00:00,38.99166666666667,35.70016666666667,33.7675,30.092592592592595,19.055555555555557,52.166666666666664,972.2196666666666,SITE 3,EXT
2026-03-29 18:00:00,38.144999999999996,34.85870967741935,32.435645161290324,29.85663082437276,19.982078853046595,56.193548387096776,972.6790322580645,SITE 3,EXT
2026-03-29 19:00:00,41.11299999999999,38.6055,34.31133333333333,29.240740740740744,19.462962962962965,56.36666666666667,972.4246666666666,SITE 3,EXT
2026-03-29 20:00:00,45.25933333333333,43.17033333333333,39.393166666666666,29.555555555555557,19.592592592592595,55.6,973.2673333333333,SITE 3,EXT
2026-03-29 21:00:00,39.43633333333333,36.46666666666667,32.46516666666666,29.425925925925927,19.666666666666668,56.333333333333336,973.3713333333333,SITE 3,EXT
2026-03-29 22:00:00,39.19866666666667,36.34083333333333,32.227,27.77777777777778,19.296296296296298,60.666666666666664,974.6396666666666,SITE 3,EXT
2026-03-29 23:00:00,36.88466666666667,32.98516666666667,30.2665,26.666666666666668,19.14814814814815,64.13333333333334,973.7926666666666,SITE 3,EXT
2026-03-30 00:00:00,34.41616666666666,29.35533333333333,27.60033333333333,26.833333333333332,19.055555555555557,63.36666666666667,972.3763333333334,SITE 3,EXT
2026-03-30 01:00:00,32.64833333333333,27.102,25.694166666666668,27.222222222222225,18.740740740740744,60.86666666666667,971.1306666666666,SITE 3,EXT
2026-03-30 02:00:00,33.33416666666667,28.005999999999997,26.891833333333334,27.703703703703702,18.944444444444446,59.13333333333333,970.5656666666667,SITE 3,EXT
2026-03-30 03:00:00,33.480333333333334,28.158833333333334,26.839833333333335,27.61111111111111,19.333333333333332,61.13333333333333,970.3103333333333,SITE 3,EXT
2026-03-30 04:00:00,34.556290322580644,29.721612903225807,28.124032258064517,27.258064516129036,19.283154121863802,62.32258064516129,970.1948387096775,SITE 3,EXT
2026-03-30 05:00:00,37.769999999999996,35.2115,32.67,27.722222222222225,19.388888888888893,60.93333333333333,970.7433333333333,SITE 3,EXT
2026-03-30 06:00:00,44.594166666666666,43.744166666666665,38.883,27.666666666666668,19.333333333333332,61.1,971.1473333333332,SITE 3,EXT
2026-03-30 07:00:00,43.7815,42.88583333333334,38.907333333333334,27.90740740740741,19.166666666666668,59.93333333333333,971.7819999999999,SITE 3,EXT
2026-03-30 08:00:00,42.87083333333333,42.0,39.0535,28.925925925925927,19.296296296296298,56.46666666666667,972.2516666666667,SITE 3,EXT
2026-03-30 09:00:00,82.96583333333334,78.955,52.758,29.444444444444446,19.75925925925926,56.6,972.9086666666666,SITE 3,EXT
2026-03-30 10:00:00,73.37883333333333,71.3395,56.0235,30.75925925925926,20.14814814814815,53.9,973.007,SITE 3,EXT
2026-03-30 11:00:00,36.32516666666667,32.752500000000005,31.35183333333333,32.51851851851852,20.40740740740741,49.4,972.641,SITE 3,EXT
2026-03-30 12:00:00,36.79266666666667,33.72116666666667,32.3585,34.14814814814815,20.314814814814817,44.86666666666667,971.7686666666667,SITE 3,EXT
2026-03-30 13:00:00,35.9045,32.07833333333333,30.990833333333335,36.24074074074075,20.166666666666668,39.3,970.6996666666668,SITE 3,EXT
2026-03-30 14:00:00,34.45322580645161,29.698225806451614,28.86951612903226,38.064516129032256,19.24731182795699,33.54838709677419,969.6993548387097,SITE 3,EXT
2026-03-30 15:00:00,36.72816666666667,31.955499999999997,30.205666666666666,38.25925925925926,18.166666666666668,31.033333333333335,969.1129999999999,SITE 3,EXT
2026-03-30 16:00:00,34.059666666666665,29.003,28.181166666666666,38.777777777777786,17.666666666666668,29.266666666666666,969.018,SITE 3,EXT
2026-03-30 17:00:00,34.856833333333334,30.17716666666667,28.705,37.61111111111111,17.48148148148148,30.766666666666666,969.0669999999999,SITE 3,EXT
2026-03-30 18:00:00,42.18483333333334,39.983333333333334,35.165333333333336,36.88888888888889,18.14814814814815,33.43333333333333,969.4856666666667,SITE 3,EXT
2026-03-30 19:00:00,54.731833333333334,53.51533333333334,44.78066666666667,36.57407407407408,18.98148148148148,36.0,970.1453333333334,SITE 3,EXT
2026-03-30 20:00:00,53.77633333333333,52.35933333333333,43.81816666666667,35.833333333333336,19.518518518518523,38.666666666666664,970.7683333333333,SITE 3,EXT
2026-03-30 21:00:00,51.03033333333334,49.54383333333333,41.414,35.07407407407407,19.814814814814817,41.166666666666664,971.388,SITE 3,EXT
2026-03-30 22:00:00,37.56633333333333,34.13733333333333,30.113999999999997,34.38888888888889,20.240740740740744,43.96666666666667,971.9526666666666,SITE 3,EXT
2026-03-30 23:00:00,37.086999999999996,33.599000000000004,30.005,33.55555555555556,20.77777777777778,47.6,971.939,SITE 3,EXT
2026-03-31 00:00:00,35.09596774193548,30.121612903225806,27.074032258064516,32.95698924731183,20.770609318996417,49.61290322580645,971.4216129032258,SITE 3,EXT
2026-03-31 01:00:00,34.552,29.520500000000002,26.745,32.75925925925926,20.833333333333332,50.06666666666667,970.8483333333334,SITE 3,EXT
2026-03-31 02:00:00,33.97,28.6515,26.271166666666666,32.77777777777778,20.87037037037037,49.86666666666667,970.4123333333333,SITE 3,EXT
2026-03-31 03:00:00,34.156666666666666,28.979666666666667,26.692166666666665,32.51851851851852,20.962962962962965,50.8,969.991,SITE 3,EXT
2026-03-31 04:00:00,33.055,27.474,25.598,31.962962962962965,20.85185185185185,52.3,970.029,SITE 3,EXT
2026-03-31 05:00:00,33.12444444444444,27.704444444444444,26.10611111111111,31.60493827160494,20.0,50.55555555555556,970.1022222222223,SITE 3,EXT
2026-03-31 19:00:00,54.39066666666667,52.29566666666666,42.92733333333333,29.555555555555557,17.51851851851852,48.733333333333334,971.3993333333333,SITE 3,EXT
2026-03-31 20:00:00,55.211612903225806,53.814354838709676,46.64016129032258,31.003584229390682,17.096774193548388,43.54838709677419,971.7693548387097,SITE 3,EXT
2026-03-31 21:00:00,40.4445,39.0635,35.8675,31.129629629629633,16.74074074074074,42.4,972.4116666666666,SITE 3,EXT
2026-03-31 22:00:00,40.286833333333334,38.751333333333335,35.7575,31.185185185185187,17.203703703703702,43.333333333333336,972.7729999999999,SITE 3,EXT
2026-03-31 23:00:00,40.17100000000001,38.59183333333333,35.8705,30.5,17.888888888888893,47.2,973.05,SITE 3,EXT
2026-04-01 00:00:00,37.593666666666664,34.892,32.9505,30.166666666666668,17.98148148148148,48.166666666666664,972.796,SITE 3,EXT
2026-04-01 01:00:00,53.339666666666666,52.8395,51.41166666666666,29.88888888888889,18.296296296296298,50.266666666666666,972.505,SITE 3,EXT
2026-04-01 02:00:00,36.196000000000005,32.391333333333336,30.459,28.703703703703706,18.25925925925926,53.833333333333336,972.4803333333333,SITE 3,EXT
2026-04-01 03:00:00,35.77766666666666,31.765666666666668,29.919833333333333,28.88888888888889,18.53703703703704,54.166666666666664,972.0580000000001,SITE 3,EXT
2026-04-01 04:00:00,35.4675,31.211000000000002,29.354499999999998,28.87037037037037,18.666666666666668,54.333333333333336,972.1110000000001,SITE 3,EXT
2026-04-01 05:00:00,37.369166666666665,34.34583333333333,31.7865,28.53703703703704,18.53703703703704,55.166666666666664,972.5203333333334,SITE 3,EXT
2026-04-01 06:00:00,41.93451612903226,40.70596774193548,36.56903225806451,28.27956989247312,18.763440860215056,56.74193548387097,973.0535483870967,SITE 3,EXT
2026-04-01 07:00:00,45.733333333333334,44.38533333333333,38.08383333333334,29.27777777777778,18.462962962962965,52.36666666666667,973.7283333333332,SITE 3,EXT
2026-04-01 08:00:00,44.866499999999995,43.582,39.111,29.833333333333332,17.537037037037035,48.13333333333333,974.3096666666667,SITE 3,EXT
2026-04-01 09:00:00,48.68983333333333,45.558166666666665,37.83633333333333,30.925925925925927,13.722222222222223,35.53333333333333,974.5423333333333,SITE 3,EXT
2026-04-01 10:00:00,41.8845,37.49016666666667,31.5835,32.111111111111114,11.5,28.333333333333332,974.4266666666666,SITE 3,EXT
2026-04-01 11:00:00,40.094833333333334,37.0,32.576166666666666,33.44444444444444,10.425925925925926,24.533333333333335,973.8413333333334,SITE 3,EXT
2026-04-01 12:00:00,37.963499999999996,33.635333333333335,29.482333333333333,35.833333333333336,9.314814814814815,19.733333333333334,972.7386666666666,SITE 3,EXT
2026-04-01 13:00:00,37.78316666666667,33.277166666666666,29.205666666666666,37.98148148148149,9.444444444444445,17.733333333333334,971.4240000000001,SITE 3,EXT
2026-04-01 14:00:00,39.591,35.77733333333333,31.149166666666666,38.96296296296296,8.907407407407408,16.133333333333333,970.6596666666667,SITE 3,EXT
2026-04-01 15:00:00,44.4805,42.124,37.77883333333333,40.18518518518519,9.518518518518517,15.766666666666667,970.1216666666667,SITE 3,EXT
2026-04-01 16:00:00,44.57533333333333,42.370666666666665,37.98016666666667,39.96296296296296,9.962962962962964,16.333333333333332,969.8729999999999,SITE 3,EXT
2026-04-01 17:00:00,43.76166666666666,40.149833333333326,33.7915,38.22222222222222,8.703703703703704,16.666666666666668,969.9883333333333,SITE 3,EXT
2026-04-01 18:00:00,55.16532258064516,50.976290322580645,40.47387096774194,36.72043010752689,8.691756272401435,18.06451612903226,970.655806451613,SITE 3,EXT
2026-04-01 19:00:00,56.7485,52.92833333333333,42.586,36.48148148148149,10.666666666666666,21.033333333333335,971.5273333333333,SITE 3,EXT
2026-04-01 20:00:00,46.81233333333333,44.0315,36.99583333333333,36.111111111111114,12.666666666666666,24.433333333333334,972.4223333333333,SITE 3,EXT
2026-04-01 21:00:00,48.484655172413795,45.56103448275862,38.723965517241375,35.229885057471265,14.348659003831418,28.75862068965517,972.8803448275862,SITE 3,EXT
2026-04-01 22:00:00,48.68033333333334,45.73350000000001,39.04600000000001,34.74074074074074,14.462962962962964,29.633333333333333,973.2533333333333,SITE 3,EXT
2026-04-01 23:00:00,54.563,51.11683333333334,42.406666666666666,34.01851851851852,15.074074074074074,32.333333333333336,973.1893333333334,SITE 3,EXT
2026-04-02 00:00:00,65.586,61.042500000000004,47.829,33.111111111111114,15.870370370370372,35.733333333333334,972.878,SITE 3,EXT
2026-04-02 01:00:00,67.14399999999999,62.70016666666667,50.102999999999994,32.111111111111114,16.27777777777778,38.86666666666667,972.4326666666667,SITE 3,EXT
2026-04-02 02:00:00,64.5205,60.674499999999995,49.5635,31.31481481481482,15.814814814814815,39.63333333333333,971.9446666666666,SITE 3,EXT
2026-04-02 03:00:00,61.3635,58.005833333333335,48.540499999999994,30.75925925925926,15.407407407407408,39.7,971.7376666666667,SITE 3,EXT
2026-04-02 04:00:00,53.69383333333334,50.8095,43.93933333333334,30.037037037037035,13.074074074074074,35.63333333333333,971.7826666666666,SITE 3,EXT
2026-04-02 05:00:00,51.344166666666666,48.25266666666666,41.04833333333333,29.925925925925927,12.925925925925927,35.36666666666667,972.399,SITE 3,EXT
2026-04-02 06:00:00,68.28066666666668,63.759,50.53516666666667,29.574074074074076,14.296296296296298,39.46666666666667,972.8473333333333,SITE 3,EXT
2026-04-02 07:00:00,65.56116666666667,61.44116666666666,48.48683333333334,28.88888888888889,13.333333333333334,38.9,973.5326666666666,SITE 3,EXT
2026-04-02 08:00:00,50.97666666666667,48.27583333333334,41.9385,29.092592592592595,9.685185185185185,30.033333333333335,974.3493333333333,SITE 3,EXT
2026-04-02 09:00:00,59.19883333333333,56.30716666666667,45.722833333333334,30.833333333333332,7.148148148148149,22.8,974.8306666666666,SITE 3,EXT
2026-04-02 10:00:00,40.628,37.73066666666667,32.96566666666667,32.46296296296296,5.351851851851851,18.333333333333332,974.6036666666666,SITE 3,EXT
2026-04-02 11:00:00,37.939,34.169,30.456666666666667,34.62962962962963,5.666666666666667,16.366666666666667,974.2486666666666,SITE 3,EXT
2026-04-02 12:00:00,38.1635,34.49633333333334,30.618666666666666,36.68518518518519,4.574074074074074,13.5,973.3580000000001,SITE 3,EXT
2026-04-02 13:00:00,37.41241379310345,33.14689655172414,29.21034482758621,38.371647509578544,4.195402298850575,12.0,972.3003448275862,SITE 3,EXT
2026-04-02 14:00:00,38.91233333333333,35.43066666666667,31.5585,39.74074074074074,4.240740740740741,11.133333333333333,971.3926666666666,SITE 3,EXT
2026-04-02 15:00:00,37.86483333333333,33.77766666666667,29.801499999999997,40.148148148148145,4.148148148148149,10.766666666666667,970.5083333333333,SITE 3,EXT
2026-04-02 16:00:00,38.37533333333333,34.931333333333335,31.3705,39.61111111111111,4.481481481481482,11.266666666666667,970.029,SITE 3,EXT
2026-04-02 17:00:00,38.159,34.309,30.196666666666665,38.611111111111114,4.981481481481482,12.433333333333334,970.0766666666666,SITE 3,EXT
2026-04-02 18:00:00,42.894,40.18533333333333,33.373666666666665,37.666666666666664,6.814814814814815,15.066666666666666,970.7773333333333,SITE 3,EXT
2026-04-02 19:00:00,56.98266666666667,53.467,41.992,37.0,9.351851851851851,18.6,971.9346666666667,SITE 3,EXT
2026-04-02 20:00:00,87.2465,81.44333333333334,59.089333333333336,35.833333333333336,11.25925925925926,22.566666666666666,972.928,SITE 3,EXT
2026-04-02 21:00:00,108.23150000000001,100.95566666666667,71.05316666666666,34.648148148148145,12.925925925925927,27.0,973.6560000000001,SITE 3,EXT
2026-04-02 22:00:00,85.31379310344828,79.99,58.95034482758621,33.486590038314176,14.310344827586206,31.655172413793103,974.0041379310344,SITE 3,EXT
2026-04-02 23:00:00,67.66966666666666,63.39933333333333,48.95433333333333,32.7962962962963,15.314814814814815,35.0,973.9979999999999,SITE 3,EXT
2026-04-03 00:00:00,61.897666666666666,58.342999999999996,46.056000000000004,31.87037037037037,15.5,37.5,973.543,SITE 3,EXT
2026-04-03 01:00:00,63.59866666666667,60.23066666666667,48.85183333333334,31.185185185185187,15.574074074074074,39.333333333333336,972.8663333333334,SITE 3,EXT
2026-04-03 02:00:00,57.859500000000004,55.190000000000005,46.21133333333333,30.185185185185183,15.500000000000002,41.2,972.2363333333334,SITE 3,EXT
2026-04-03 03:00:00,52.510999999999996,50.097833333333334,42.253166666666665,29.703703703703702,15.444444444444446,42.56666666666667,971.7313333333333,SITE 3,EXT
2026-04-03 04:00:00,54.7635,51.939,42.717999999999996,29.14814814814815,15.796296296296298,44.86666666666667,971.607,SITE 3,EXT
2026-04-03 05:00:00,60.46844827586207,55.916896551724136,45.23068965517241,28.18007662835249,15.134099616858238,45.37931034482759,971.8975862068966,SITE 3,EXT
2026-04-03 06:00:00,82.84416666666667,74.13133333333333,53.66133333333333,27.462962962962965,11.018518518518517,36.2,972.278,SITE 3,EXT
2026-04-03 07:00:00,68.659,62.021499999999996,48.13916666666667,28.11111111111111,11.574074074074074,36.03333333333333,973.263,SITE 3,EXT
2026-04-03 08:00:00,53.137166666666666,49.80016666666667,41.51383333333333,29.14814814814815,12.037037037037038,35.0,974.0273333333333,SITE 3,EXT
2026-04-03 09:00:00,58.64066666666667,56.055,46.64366666666667,30.98148148148148,10.0,27.566666666666666,974.3983333333333,SITE 3,EXT
2026-04-03 10:00:00,47.43983333333333,45.25633333333334,39.051833333333335,33.31481481481482,8.092592592592593,21.066666666666666,974.3773333333334,SITE 3,EXT
2026-04-03 11:00:00,42.80716666666667,40.547333333333334,36.339666666666666,35.5,6.962962962962964,17.2,973.882,SITE 3,EXT
2026-04-03 12:00:00,37.83583333333333,33.9475,29.934,37.666666666666664,5.296296296296296,13.433333333333334,973.2013333333333,SITE 3,EXT
2026-04-03 13:00:00,37.266379310344824,32.97362068965517,29.571206896551725,39.92337164750958,6.0727969348659006,12.379310344827585,972.2906896551724,SITE 3,EXT
2026-04-03 14:00:00,36.66866666666667,31.925333333333334,28.758,40.51851851851852,5.833333333333333,11.9,971.4766666666667,SITE 3,EXT
2026-04-03 15:00:00,35.79333333333333,30.5085,27.236,40.48148148148149,6.12962962962963,12.1,970.9216666666667,SITE 3,EXT
2026-04-03 16:00:00,36.04816666666667,31.073666666666668,27.90083333333333,40.46296296296296,6.722222222222223,12.8,970.5653333333333,SITE 3,EXT
2026-04-03 17:00:00,37.07783333333334,32.75566666666666,29.213666666666665,39.77777777777778,7.5925925925925934,14.133333333333333,970.675,SITE 3,EXT
2026-04-03 18:00:00,43.10033333333333,40.01416666666667,33.84583333333333,38.46296296296296,8.722222222222223,16.466666666666665,971.4476666666667,SITE 3,EXT
2026-04-03 19:00:00,54.87379310344828,51.724137931034484,41.85655172413793,36.95402298850575,11.091954022988505,21.06896551724138,972.1862068965518,SITE 3,EXT
2026-04-03 20:00:00,59.733666666666664,56.5725,46.296,36.01851851851852,11.703703703703704,23.066666666666666,973.138,SITE 3,EXT
2026-04-03 21:00:00,61.28666666666666,58.041000000000004,47.75416666666667,35.05555555555556,12.425925925925927,25.666666666666668,974.175,SITE 3,EXT
2026-04-03 22:00:00,50.8735,47.919999999999995,39.47566666666667,34.166666666666664,13.314814814814815,28.6,974.6256666666667,SITE 3,EXT
2026-04-03 23:00:00,59.858666666666664,56.5835,45.021,33.574074074074076,15.314814814814815,33.6,974.6863333333333,SITE 3,EXT
2026-04-04 00:00:00,49.69950000000001,47.69016666666666,41.336666666666666,32.77777777777778,14.166666666666666,32.733333333333334,974.121,SITE 3,EXT
2026-04-04 01:00:00,47.409666666666666,45.61066666666667,40.32566666666666,32.48148148148148,13.962962962962964,32.86666666666667,973.4183333333333,SITE 3,EXT
2026-04-04 02:00:00,48.2595,46.507333333333335,41.253166666666665,31.703703703703702,13.777777777777779,34.233333333333334,973.0126666666667,SITE 3,EXT
2026-04-04 03:00:00,43.719166666666666,42.21483333333333,37.54266666666667,30.703703703703706,14.537037037037038,37.63333333333333,973.088,SITE 3,EXT
2026-04-04 04:00:00,45.55275862068965,44.26965517241379,39.337758620689655,29.942528735632184,16.302681992337163,44.03448275862069,973.2379310344828,SITE 3,EXT
2026-04-04 05:00:00,40.69116666666666,39.047000000000004,34.88866666666667,29.314814814814817,17.314814814814817,48.666666666666664,973.712,SITE 3,EXT
2026-04-04 06:00:00,53.51083333333334,51.07733333333333,41.560500000000005,29.40740740740741,17.925925925925927,50.43333333333333,974.3383333333334,SITE 3,EXT
2026-04-04 07:00:00,49.357,47.33116666666667,39.711999999999996,29.370370370370374,18.870370370370374,53.766666666666666,974.9776666666668,SITE 3,EXT
2026-04-04 08:00:00,43.1385,42.084666666666664,37.737833333333334,29.796296296296298,19.85185185185185,55.6,975.6566666666666,SITE 3,EXT
2026-04-04 09:00:00,39.75916666666667,38.0415,34.7145,31.092592592592595,20.314814814814817,53.13333333333333,976.1786666666667,SITE 3,EXT
2026-04-04 10:00:00,52.840333333333334,49.56916666666667,40.09066666666667,33.166666666666664,20.48148148148148,47.7,976.0973333333333,SITE 3,EXT
2026-04-04 11:00:00,73.6725,71.18966666666667,52.685500000000005,35.44444444444445,20.40740740740741,41.7,975.5426666666666,SITE 3,EXT
2026-04-04 12:00:00,47.74913793103448,45.23827586206897,38.49672413793103,37.567049808429125,19.42528735632184,35.03448275862069,974.4444827586207,SITE 3,EXT
2026-04-04 13:00:00,40.770322580645164,38.851451612903226,36.32822580645161,39.24731182795699,18.978494623655916,31.129032258064516,973.2467741935484,SITE 3,EXT
2026-04-04 14:00:00,43.591206896551725,41.958103448275864,37.35706896551724,39.827586206896555,17.60536398467433,27.413793103448278,972.0848275862069,SITE 3,EXT
2026-04-04 15:00:00,38.74816666666666,35.50783333333333,32.5855,40.88888888888889,16.962962962962965,24.9,971.3466666666667,SITE 3,EXT
2026-04-04 16:00:00,52.10583333333333,51.232166666666664,48.66466666666667,40.24074074074074,15.648148148148149,23.633333333333333,971.0073333333333,SITE 3,EXT
2026-04-04 17:00:00,40.96966666666666,39.281,35.9105,39.53703703703704,15.648148148148149,24.766666666666666,971.203,SITE 3,EXT
2026-04-04 18:00:00,48.55133333333333,47.44533333333333,43.4525,38.62962962962963,15.74074074074074,26.0,971.8889999999999,SITE 3,EXT
2026-04-04 19:00:00,43.03416666666667,41.848499999999994,38.05616666666666,37.833333333333336,15.555555555555555,26.833333333333332,972.828,SITE 3,EXT
2026-04-04 20:00:00,46.703833333333336,45.46383333333333,41.276666666666664,37.03703703703704,16.074074074074073,28.933333333333334,973.6039999999999,SITE 3,EXT
2026-04-04 21:00:00,52.749,51.2045,45.2605,36.092592592592595,16.185185185185187,30.8,974.1676666666666,SITE 3,EXT
2026-04-04 22:00:00,58.52362068965517,55.43465517241379,45.485,35.40229885057472,16.532567049808428,32.793103448275865,974.5196551724138,SITE 3,EXT
2026-04-04 23:00:00,54.514,52.11183333333334,42.672000000000004,34.12962962962963,17.574074074074073,37.56666666666667,974.4756666666667,SITE 3,EXT
2026-04-05 00:00:00,45.658833333333334,43.924166666666665,38.04366666666667,33.81481481481482,17.074074074074073,37.266666666666666,974.0893333333333,SITE 3,EXT
2026-04-05 01:00:00,45.906666666666666,44.028999999999996,38.080666666666666,33.074074074074076,17.51851851851852,39.733333333333334,973.3676666666667,SITE 3,EXT
2026-04-05 02:00:00,48.600166666666674,46.663333333333334,39.876,32.77777777777778,16.48148148148148,37.733333333333334,972.6936666666667,SITE 3,EXT
2026-04-05 03:00:00,41.36466666666667,39.9065,35.725833333333334,32.03703703703704,15.611111111111112,37.233333333333334,972.2583333333333,SITE 3,EXT
2026-04-05 04:00:00,39.915,38.48733333333333,35.132666666666665,31.370370370370374,15.333333333333334,38.03333333333333,972.2243333333333,SITE 3,EXT
2026-04-05 05:00:00,48.55482758620689,47.02362068965517,41.34551724137931,30.555555555555557,16.11111111111111,42.03448275862069,972.4855172413794,SITE 3,EXT
2026-04-05 06:00:00,73.2235,69.286,54.456,30.425925925925927,16.48148148148148,43.36666666666667,972.8729999999999,SITE 3,EXT
2026-04-05 07:00:00,60.675333333333334,58.17433333333334,47.4605,29.740740740740744,17.055555555555557,46.7,973.8503333333333,SITE 3,EXT
2026-04-05 08:00:00,61.361,58.665166666666664,46.10466666666667,30.796296296296298,16.537037037037038,42.56666666666667,974.681,SITE 3,EXT
2026-04-05 09:00:00,152.97683333333333,139.4425,73.38183333333333,32.574074074074076,16.833333333333332,39.46666666666667,975.0229999999999,SITE 3,EXT
2026-04-05 10:00:00,82.37383333333334,79.5815,59.0475,34.38888888888889,17.166666666666668,36.1,974.7843333333333,SITE 3,EXT
2026-04-05 11:00:00,40.705666666666666,39.22833333333333,36.0595,36.5,17.185185185185183,32.03333333333333,974.1146666666666,SITE 3,EXT
2026-04-05 12:00:00,42.4498275862069,41.05172413793103,38.36137931034483,38.544061302681996,16.187739463601535,27.06896551724138,973.2024137931035,SITE 3,EXT
2026-04-05 13:00:00,40.7455,38.91833333333333,36.58833333333334,39.7037037037037,13.5,21.233333333333334,972.0606666666666,SITE 3,EXT
2026-04-05 14:00:00,38.591166666666666,36.46266666666667,34.29216666666667,41.166666666666664,12.351851851851853,18.066666666666666,971.1473333333334,SITE 3,EXT
2026-04-05 15:00:00,41.185500000000005,39.61566666666667,37.49933333333333,42.148148148148145,11.092592592592593,15.9,970.5976666666667,SITE 3,EXT
2026-04-05 16:00:00,45.04066666666667,44.172000000000004,41.56016666666667,41.96296296296296,8.037037037037036,13.0,970.2736666666666,SITE 3,EXT
2026-04-05 17:00:00,48.52383333333333,47.400333333333336,43.44983333333333,40.7037037037037,6.796296296296296,12.566666666666666,970.0206666666667,SITE 3,EXT
2026-04-05 18:00:00,53.86362068965518,51.61896551724138,44.153965517241375,39.6551724137931,7.873563218390805,14.482758620689655,970.3413793103449,SITE 3,EXT
2026-04-05 19:00:00,93.53166666666667,88.28733333333334,66.2735,38.7962962962963,10.796296296296298,18.466666666666665,971.0233333333333,SITE 3,EXT
2026-04-05 20:00:00,88.01483333333334,83.00500000000001,61.97183333333333,37.77777777777778,11.24074074074074,20.266666666666666,971.6383333333334,SITE 3,EXT
2026-04-05 21:00:00,83.13850000000001,79.477,62.79983333333333,36.42592592592593,13.0,24.533333333333335,972.3706666666666,SITE 3,EXT
2026-04-05 22:00:00,100.02833333333334,93.4175,66.97766666666666,35.22222222222222,14.425925925925926,28.766666666666666,972.7396666666666,SITE 3,EXT
2026-04-05 23:00:00,96.88183333333333,91.54833333333333,67.178,33.90740740740741,15.333333333333334,32.96666666666667,972.7090000000001,SITE 3,EXT
2026-04-06 00:00:00,73.27183333333333,70.57199999999999,56.58316666666666,32.407407407407405,14.962962962962964,35.13333333333333,972.3826666666666,SITE 3,EXT
2026-04-06 01:00:00,81.65633333333334,78.15583333333333,61.165333333333336,31.77777777777778,14.722222222222223,35.7,971.7746666666667,SITE 3,EXT
2026-04-06 02:00:00,80.17741379310345,76.26637931034483,58.58724137931034,30.862068965517242,15.24904214559387,38.96551724137931,971.1937931034482,SITE 3,EXT
2026-04-06 03:00:00,64.10433333333333,61.604,50.64933333333333,30.296296296296298,14.777777777777777,39.233333333333334,971.0543333333334,SITE 3,EXT
2026-04-06 04:00:00,52.26649999999999,49.3025,40.953833333333336,28.98148148148148,13.351851851851853,38.56666666666667,971.7196666666666,SITE 3,EXT
2026-04-06 05:00:00,47.65566666666667,45.323499999999996,38.49183333333333,28.88888888888889,13.01851851851852,37.9,972.6023333333334,SITE 3,EXT
2026-04-06 06:00:00,51.357166666666664,47.47116666666667,40.26483333333333,28.88888888888889,14.814814814814815,42.6,972.932,SITE 3,EXT
2026-04-06 07:00:00,54.356896551724134,51.07879310344828,43.05068965517241,28.754789272030653,16.934865900383144,49.37931034482759,974.0541379310345,SITE 3,EXT
2026-04-06 08:00:00,74.31466666666667,71.4835,55.32666666666667,29.77777777777778,18.51851851851852,51.4,974.6633333333334,SITE 3,EXT
2026-04-06 09:00:00,45.79766666666667,44.56316666666667,40.041333333333334,31.425925925925927,19.240740740740744,48.733333333333334,974.6783333333333,SITE 3,EXT
2026-04-06 10:00:00,43.855000000000004,42.15233333333333,37.961999999999996,33.592592592592595,19.77777777777778,44.6,974.3863333333334,SITE 3,EXT
2026-04-06 11:00:00,41.4065,40.03816666666667,37.19283333333333,36.53703703703704,17.166666666666668,32.233333333333334,973.8580000000001,SITE 3,EXT
2026-04-06 12:00:00,42.271499999999996,40.8085,37.839000000000006,39.166666666666664,15.037037037037038,24.3,973.0323333333333,SITE 3,EXT
2026-04-06 13:00:00,41.421379310344825,39.38379310344827,37.644999999999996,41.03448275862069,14.118773946360154,20.448275862068964,972.1800000000001,SITE 3,EXT
2026-04-06 14:00:00,39.41166666666666,37.8605,36.249,42.333333333333336,13.055555555555555,17.8,971.284,SITE 3,EXT
2026-04-06 15:00:00,45.04233333333333,44.57416666666666,43.080333333333336,42.75925925925926,10.907407407407408,15.1,970.636,SITE 3,EXT
2026-04-06 16:00:00,42.236999999999995,41.689,40.07216666666667,42.31481481481481,9.666666666666666,14.033333333333333,970.1766666666666,SITE 3,EXT
2026-04-06 17:00:00,43.005,42.3765,40.428,41.666666666666664,10.351851851851851,15.333333333333334,970.2553333333333,SITE 3,EXT
2026-04-06 18:00:00,52.9455,51.387166666666666,45.32483333333333,40.611111111111114,11.851851851851851,18.133333333333333,970.7173333333334,SITE 3,EXT
2026-04-06 19:00:00,81.7125,77.6245,59.481833333333334,39.407407407407405,14.38888888888889,23.0,971.2626666666667,SITE 3,EXT
2026-04-06 20:00:00,85.84750000000001,81.61066666666667,61.649166666666666,38.51851851851852,14.537037037037038,24.033333333333335,971.8853333333334,SITE 3,EXT
2026-04-06 21:00:00,92.33283333333334,87.91583333333332,65.529,37.2037037037037,15.62962962962963,28.033333333333335,972.3246666666668,SITE 3,EXT
2026-04-06 22:00:00,63.464999999999996,60.90655172413793,49.17689655172414,35.93869731800767,16.0727969348659,30.862068965517242,972.6696551724137,SITE 3,EXT
2026-04-06 23:00:00,45.42816666666667,44.037166666666664,38.29833333333333,35.42592592592593,15.12962962962963,29.833333333333332,972.7093333333333,SITE 3,EXT
2026-04-07 00:00:00,50.673,48.92933333333334,41.475833333333334,34.7962962962963,15.185185185185187,30.933333333333334,972.3983333333333,SITE 3,EXT
2026-04-07 01:00:00,48.95166666666667,47.35633333333333,40.38733333333333,33.96296296296296,15.462962962962964,33.266666666666666,971.73,SITE 3,EXT
2026-04-07 02:00:00,42.71266666666667,41.86266666666667,37.691833333333335,33.18518518518519,15.907407407407408,35.7,971.2646666666666,SITE 3,EXT
2026-04-07 03:00:00,42.165517241379305,41.31103448275862,37.132586206896555,32.39463601532567,16.187739463601535,38.0,971.1986206896553,SITE 3,EXT
2026-04-07 04:00:00,38.7945,36.85133333333333,33.20333333333333,31.31481481481482,17.092592592592595,43.03333333333333,971.605,SITE 3,EXT
2026-04-07 05:00:00,41.372166666666665,40.03916666666667,36.001,30.592592592592595,18.166666666666668,47.93333333333333,972.1303333333333,SITE 3,EXT
2026-04-07 06:00:00,58.49116666666667,55.11716666666666,45.857499999999995,30.53703703703704,18.518518518518523,49.266666666666666,972.6883333333334,SITE 3,EXT
2026-04-07 07:00:00,53.3055,52.248333333333335,45.843333333333334,30.685185185185187,20.037037037037035,53.43333333333333,973.4036666666667,SITE 3,EXT
2026-04-07 08:00:00,49.20433333333334,47.84183333333333,40.149,31.666666666666668,21.01851851851852,53.833333333333336,974.6473333333334,SITE 3,EXT
2026-04-07 09:00:00,52.57166666666667,50.24516666666667,39.39666666666667,32.90740740740741,21.27777777777778,50.93333333333333,974.7893333333334,SITE 3,EXT
2026-04-07 10:00:00,40.96516666666666,38.99666666666667,35.437333333333335,34.94444444444444,21.22222222222222,45.36666666666667,974.4699999999999,SITE 3,EXT
2026-04-07 11:00:00,42.210517241379314,40.7348275862069,37.58689655172414,37.567049808429125,20.613026819923373,37.758620689655174,973.9444827586207,SITE 3,EXT
2026-04-07 12:00:00,44.100166666666674,43.43516666666667,41.144666666666666,39.53703703703704,18.833333333333332,30.433333333333334,973.0586666666667,SITE 3,EXT
2026-04-07 13:00:00,42.980333333333334,42.40316666666667,40.267500000000005,41.31481481481482,17.85185185185185,25.866666666666667,972.1303333333333,SITE 3,EXT
2026-04-07 14:00:00,39.8335,38.12566666666667,36.01016666666667,42.48148148148149,15.962962962962964,21.366666666666667,971.1996666666668,SITE 3,EXT
2026-04-07 15:00:00,40.56816666666667,39.43066666666667,37.58433333333333,43.666666666666664,15.12962962962963,18.866666666666667,970.5983333333334,SITE 3,EXT
2026-04-07 16:00:00,41.1955,40.144999999999996,37.917833333333334,42.0,14.555555555555555,20.033333333333335,969.8973333333332,SITE 3,EXT
2026-04-07 17:00:00,57.318333333333335,56.128166666666665,47.48516666666667,40.55555555555556,15.462962962962964,22.966666666666665,970.1926666666666,SITE 3,EXT
2026-04-07 18:00:00,52.19133333333333,50.71133333333333,43.28066666666667,40.18518518518519,15.907407407407408,24.166666666666668,970.9856666666667,SITE 3,EXT
2026-04-07 19:00:00,68.91172413793103,66.28431034482759,52.789482758620686,39.578544061302686,16.95402298850575,26.75862068965517,971.1772413793103,SITE 3,EXT
2026-04-07 20:00:00,55.41766666666667,53.803999999999995,44.95783333333333,38.12962962962963,17.722222222222225,30.533333333333335,971.341,SITE 3,EXT
2026-04-07 21:00:00,47.6255,46.615,41.389,36.70370370370371,18.27777777777778,34.06666666666667,972.4366666666666,SITE 3,EXT
2026-04-07 22:00:00,46.15083333333334,45.276500000000006,40.686,36.42592592592593,18.5,35.0,972.6883333333334,SITE 3,EXT
2026-04-07 23:00:00,43.630833333333335,42.92816666666667,39.1195,35.333333333333336,17.38888888888889,34.833333333333336,972.5616666666666,SITE 3,EXT
2026-04-08 00:00:00,46.656,45.9235,41.692,34.666666666666664,17.37037037037037,36.1,972.2313333333333,SITE 3,EXT
2026-04-08 01:00:00,40.80833333333333,39.982166666666664,36.79566666666666,33.18518518518519,17.814814814814817,40.53333333333333,972.2593333333333,SITE 3,EXT
2026-04-08 02:00:00,37.0151724137931,33.901896551724136,30.974482758620688,31.93486590038314,18.256704980842912,44.51724137931034,972.0213793103447,SITE 3,EXT
2026-04-08 03:00:00,36.84166666666667,33.662333333333336,31.505166666666664,31.074074074074076,18.48148148148148,47.266666666666666,971.9373333333333,SITE 3,EXT
2026-04-08 04:00:00,38.364000000000004,36.02933333333333,33.89366666666667,30.53703703703704,18.31481481481482,48.7,971.7206666666666,SITE 3,EXT
2026-04-08 05:00:00,43.4415,42.16283333333333,39.87266666666667,30.462962962962965,18.240740740740744,48.43333333333333,971.8186666666667,SITE 3,EXT
2026-04-08 06:00:00,49.78916666666667,48.73800000000001,44.602333333333334,29.98148148148148,18.185185185185187,49.36666666666667,971.8143333333334,SITE 3,EXT
2026-04-08 07:00:00,47.084666666666664,46.406666666666666,42.771499999999996,30.425925925925927,18.25925925925926,48.46666666666667,972.6243333333333,SITE 3,EXT
2026-04-08 08:00:00,47.06933333333333,46.349000000000004,42.6695,30.75925925925926,18.185185185185187,47.3,973.617,SITE 3,EXT
2026-04-08 09:00:00,128.16616666666667,120.81733333333334,69.5285,32.351851851851855,18.03703703703704,42.9,973.6713333333333,SITE 3,EXT
2026-04-08 10:00:00,69.62733333333334,68.01016666666666,52.75533333333333,34.75925925925926,17.740740740740744,36.666666666666664,973.394,SITE 3,EXT
2026-04-08 11:00:00,48.15155172413793,47.66206896551724,44.98706896551724,37.1264367816092,17.471264367816094,31.586206896551722,972.8775862068966,SITE 3,EXT
2026-04-08 12:00:00,41.754,41.079166666666666,38.35066666666667,39.01851851851852,17.01851851851852,27.566666666666666,971.9333333333333,SITE 3,EXT
2026-04-08 13:00:00,42.396499999999996,41.3805,37.95916666666667,40.2962962962963,16.037037037037038,24.3,970.6669999999999,SITE 3,EXT
2026-04-08 14:00:00,45.6875,45.155166666666666,42.9435,41.94444444444445,14.61111111111111,20.233333333333334,969.9606666666666,SITE 3,EXT
2026-04-08 15:00:00,44.97633333333333,44.022000000000006,41.87283333333333,42.75925925925926,14.055555555555555,18.566666666666666,969.2620000000001,SITE 3,EXT
2026-04-08 16:00:00,54.595,53.714000000000006,49.514,42.77777777777778,14.425925925925926,19.0,968.9093333333333,SITE 3,EXT
2026-04-08 17:00:00,41.777166666666666,40.5015,37.850166666666674,42.2037037037037,14.518518518518517,19.666666666666668,969.0633333333334,SITE 3,EXT
2026-04-08 18:00:00,42.72862068965517,40.66396551724138,36.51775862068966,41.206896551724135,15.383141762452109,22.137931034482758,969.8662068965517,SITE 3,EXT
2026-04-08 19:00:00,65.02966666666666,62.528666666666666,50.265499999999996,39.92592592592593,16.555555555555557,25.5,970.3083333333333,SITE 3,EXT
2026-04-08 20:00:00,42.9125,42.038,38.251,38.277777777777786,17.0,28.766666666666666,971.1273333333334,SITE 3,EXT
2026-04-08 21:00:00,43.50566666666667,42.754666666666665,39.321000000000005,37.61111111111111,17.425925925925927,30.666666666666668,971.8623333333333,SITE 3,EXT
2026-04-08 22:00:00,39.652833333333334,38.37116666666667,35.41683333333333,36.666666666666664,18.51851851851852,34.56666666666667,972.5463333333333,SITE 3,EXT
2026-04-08 23:00:00,38.954166666666666,37.22716666666667,34.50083333333334,35.611111111111114,19.444444444444446,39.1,972.3386666666667,SITE 3,EXT
2026-04-09 00:00:00,43.241,42.6715,39.80416666666667,34.074074074074076,20.37037037037037,45.06666666666667,971.8386666666667,SITE 3,EXT
2026-04-09 01:00:00,36.44116666666666,32.908833333333334,30.353833333333334,32.5,18.5,43.9,971.7099999999999,SITE 3,EXT
2026-04-09 02:00:00,36.824666666666666,33.500166666666665,31.104333333333333,31.425925925925927,17.22222222222222,42.86666666666667,972.0336666666666,SITE 3,EXT
2026-04-09 03:00:00,38.712333333333326,36.8365,35.10816666666666,30.703703703703706,16.537037037037038,42.6,972.179,SITE 3,EXT
2026-04-09 04:00:00,47.66275862068966,47.28120689655172,45.70137931034483,30.07662835249042,16.340996168582375,43.86206896551724,971.7220689655172,SITE 3,EXT
2026-04-09 05:00:00,62.36566666666667,62.06550000000001,60.535,29.814814814814817,16.48148148148148,45.0,971.4830000000001,SITE 3,EXT
2026-04-09 06:00:00,65.29766666666667,60.6815,55.8945,29.444444444444446,16.61111111111111,45.96666666666667,971.681,SITE 3,EXT
2026-04-09 07:00:00,75.79233333333333,74.92816666666666,71.57333333333332,29.88888888888889,16.944444444444443,46.1,972.6273333333334,SITE 3,EXT
2026-04-09 08:00:00,45.821333333333335,44.665333333333336,41.95433333333334,30.518518518518523,17.185185185185183,45.3,973.5210000000001,SITE 3,EXT
2026-04-09 09:00:00,38.69683333333333,36.7225,34.58583333333333,31.333333333333336,17.48148148148148,43.63333333333333,973.8306666666666,SITE 3,EXT
2026-04-09 10:00:00,37.43034482758621,34.47706896551724,32.15137931034483,32.87356321839081,17.854406130268202,41.275862068965516,973.8958620689655,SITE 3,EXT
2026-04-09 11:00:00,40.47133333333333,39.27966666666667,37.10066666666667,34.87037037037037,18.222222222222225,37.56666666666667,973.4583333333334,SITE 3,EXT
2026-04-09 12:00:00,43.64816666666666,42.3425,40.54116666666666,37.7962962962963,18.333333333333336,32.2,972.4343333333333,SITE 3,EXT
2026-04-09 13:00:00,39.7625,38.57183333333333,36.66983333333334,40.01851851851852,17.962962962962965,27.9,971.435,SITE 3,EXT
2026-04-09 14:00:00,41.883,41.269,39.41283333333333,41.22222222222222,17.5,25.3,970.7973333333333,SITE 3,EXT
2026-04-09 15:00:00,47.01233333333333,46.493500000000004,44.791000000000004,41.81481481481482,17.592592592592595,24.533333333333335,970.3583333333333,SITE 3,EXT
2026-04-09 16:00:00,46.485517241379306,45.708103448275864,43.10603448275862,41.015325670498086,17.413793103448278,25.413793103448278,970.2531034482759,SITE 3,EXT
2026-04-09 17:00:00,41.4105,40.4855,37.90266666666666,40.092592592592595,17.37037037037037,26.633333333333333,970.4796666666666,SITE 3,EXT
2026-04-09 18:00:00,44.5795,43.63466666666667,39.96716666666667,38.90740740740741,17.314814814814817,28.333333333333332,970.7066666666667,SITE 3,EXT
2026-04-09 19:00:00,53.61300000000001,52.094166666666666,44.98966666666667,38.25925925925926,18.518518518518523,31.666666666666668,971.7066666666667,SITE 3,EXT
2026-04-09 20:00:00,47.344166666666666,46.248666666666665,41.235,37.72222222222222,18.64814814814815,32.93333333333333,972.347,SITE 3,EXT
2026-04-09 21:00:00,45.047000000000004,43.983333333333334,39.58233333333333,36.64814814814815,19.27777777777778,36.333333333333336,972.9463333333333,SITE 3,EXT
2026-04-09 22:00:00,39.69216666666667,38.26466666666667,35.0555,35.833333333333336,19.27777777777778,38.03333333333333,973.5843333333333,SITE 3,EXT
2026-04-09 23:00:00,41.245666666666665,40.0545,37.306333333333335,34.98148148148148,19.01851851851852,39.266666666666666,973.7443333333334,SITE 3,EXT
2026-04-10 00:00:00,43.41466666666667,42.60666666666667,39.357,33.98148148148148,19.14814814814815,41.86666666666667,973.4483333333334,SITE 3,EXT
2026-04-10 01:00:00,38.72655172413793,36.660862068965514,33.378793103448274,32.95019157088122,19.329501915708814,44.93103448275862,973.3458620689655,SITE 3,EXT
2026-04-10 02:00:00,36.75466666666667,33.324666666666666,30.560333333333332,32.592592592592595,19.518518518518523,46.53333333333333,973.0356666666667,SITE 3,EXT
2026-04-10 03:00:00,36.61783333333334,33.08233333333333,30.064833333333336,32.01851851851852,19.722222222222225,48.63333333333333,972.7289999999999,SITE 3,EXT
2026-04-10 04:00:00,38.477833333333336,36.2755,33.538666666666664,31.148148148148152,19.98148148148148,51.833333333333336,972.4903333333333,SITE 3,EXT
2026-04-10 05:00:00,41.94766666666667,41.00566666666667,37.89,30.61111111111111,19.98148148148148,53.46666666666667,972.8330000000001,SITE 3,EXT
2026-04-10 06:00:00,51.12966666666667,48.43966666666667,41.72666666666667,30.981481481481485,20.074074074074076,52.86666666666667,972.9746666666667,SITE 3,EXT
2026-04-10 07:00:00,43.6905,42.71566666666667,38.435500000000005,31.092592592592595,20.12962962962963,52.63333333333333,973.3273333333333,SITE 3,EXT
2026-04-10 08:00:00,42.375166666666665,41.39683333333333,37.51283333333333,31.740740740740744,19.666666666666668,49.06666666666667,973.7710000000001,SITE 3,EXT
2026-04-10 09:00:00,38.640517241379314,36.103793103448275,32.77379310344828,33.00766283524904,19.176245210727974,44.37931034482759,974.1193103448276,SITE 3,EXT
2026-04-10 10:00:00,43.024499999999996,41.9715,39.04683333333333,34.7037037037037,18.796296296296298,39.4,974.0623333333333,SITE 3,EXT
2026-04-10 11:00:00,44.93733333333333,43.92883333333334,40.91366666666667,36.55555555555556,18.944444444444446,35.8,973.4496666666668,SITE 3,EXT
2026-04-10 12:00:00,41.91883333333333,40.38516666666667,37.433166666666665,39.592592592592595,18.944444444444446,30.266666666666666,972.7626666666667,SITE 3,EXT
2026-04-10 13:00:00,48.29233333333333,47.46,44.71333333333334,41.537037037037045,18.351851851851855,26.4,971.6813333333333,SITE 3,EXT
2026-04-10 14:00:00,45.20183333333333,44.385,41.93283333333333,42.092592592592595,17.833333333333332,24.7,970.751,SITE 3,EXT
2026-04-10 15:00:00,48.22551724137931,47.25396551724138,44.750344827586204,43.14176245210728,17.56704980842912,22.93103448275862,970.0762068965516,SITE 3,EXT
2026-04-10 16:00:00,48.68884615384616,47.57692307692308,44.885384615384616,40.68376068376069,17.905982905982906,26.76923076923077,969.8438461538462,SITE 3,EXT
2026-04-10 18:00:00,42.09,39.6718,35.7578,32.06666666666667,18.355555555555558,44.44,970.8296,SITE 3,EXT
2026-04-10 19:00:00,38.54517857142857,36.236607142857146,33.14892857142857,32.99603174603175,17.8968253968254,41.07142857142857,971.4010714285714,SITE 3,EXT
2026-04-10 20:00:00,37.940576923076925,35.16442307692308,32.56961538461539,32.820512820512825,17.970085470085472,41.46153846153846,972.3388461538462,SITE 3,EXT
2026-04-10 21:00:00,37.23433333333333,33.83716666666667,31.0825,32.5,19.5,46.43333333333333,973.1236666666666,SITE 3,EXT
2026-04-10 22:00:00,36.00533333333333,31.796,29.565833333333334,32.7037037037037,19.425925925925927,45.7,973.9076666666666,SITE 3,EXT
2026-04-10 23:00:00,35.24966666666667,30.586333333333336,28.545333333333335,32.37037037037037,19.185185185185183,45.733333333333334,973.8086666666666,SITE 3,EXT
2026-04-11 00:00:00,35.1875,30.505666666666666,28.5835,31.75925925925926,19.351851851851855,48.06666666666667,973.3426666666667,SITE 3,EXT
2026-04-11 01:00:00,36.30383333333334,32.42266666666667,30.548000000000002,31.111111111111118,19.518518518518523,50.733333333333334,972.8023333333333,SITE 3,EXT
2026-04-11 02:00:00,36.23344827586207,32.21931034482758,30.241206896551724,31.111111111111114,19.885057471264368,51.310344827586206,972.2531034482759,SITE 3,EXT
2026-04-11 03:00:00,36.52333333333333,32.613,30.698333333333334,30.851851851851855,20.222222222222225,53.56666666666667,972.2306666666666,SITE 3,EXT
2026-04-11 04:00:00,36.910999999999994,33.06133333333334,31.03083333333333,30.555555555555557,20.11111111111111,54.3,972.6313333333333,SITE 3,EXT
2026-04-11 05:00:00,39.142833333333336,36.652,33.964,30.48148148148148,20.203703703703702,54.733333333333334,973.3349999999999,SITE 3,EXT
2026-04-11 06:00:00,50.549166666666665,44.23116666666667,40.36300000000001,30.074074074074073,20.12962962962963,55.9,973.9016666666666,SITE 3,EXT
2026-04-11 07:00:00,53.92716666666667,51.59183333333333,45.85933333333333,30.055555555555554,20.333333333333332,56.5,974.421,SITE 3,EXT
2026-04-11 08:00:00,51.003166666666665,48.84216666666667,43.62583333333334,30.722222222222225,20.5,55.13333333333333,975.2293333333333,SITE 3,EXT
2026-04-11 09:00:00,124.40716666666667,116.57766666666666,71.20916666666668,31.85185185185185,20.796296296296298,52.46666666666667,975.6133333333333,SITE 3,EXT
2026-04-11 10:00:00,43.77758620689655,41.97448275862069,38.00534482758621,33.544061302681996,20.804597701149426,47.827586206896555,975.3744827586207,SITE 3,EXT
2026-04-11 11:00:00,50.2955,49.6105,47.4385,35.37037037037037,20.962962962962965,43.333333333333336,974.5963333333333,SITE 3,EXT
2026-04-11 12:00:00,44.54383333333333,43.922333333333334,41.80766666666667,36.666666666666664,20.722222222222225,39.8,973.4486666666667,SITE 3,EXT
2026-04-11 13:00:00,38.50533333333333,36.42366666666667,34.502833333333335,38.2962962962963,20.444444444444446,35.7,972.255,SITE 3,EXT
2026-04-11 14:00:00,39.38316666666666,37.901666666666664,36.09733333333334,38.907407407407405,20.074074074074073,33.733333333333334,971.395,SITE 3,EXT
2026-04-11 15:00:00,40.755833333333335,39.96366666666667,38.1205,40.31481481481482,20.037037037037035,31.233333333333334,970.6743333333333,SITE 3,EXT
2026-04-11 16:00:00,42.44233333333333,41.63316666666666,39.314166666666665,40.166666666666664,19.296296296296298,30.066666666666666,970.3223333333333,SITE 3,EXT
2026-04-11 17:00:00,42.4945,41.50816666666666,38.86583333333333,39.092592592592595,19.055555555555557,31.366666666666667,969.9393333333334,SITE 3,EXT
2026-04-11 18:00:00,43.46224137931034,41.858620689655176,37.41637931034483,37.93103448275862,18.71647509578544,32.724137931034484,970.2848275862068,SITE 3,EXT
2026-04-11 19:00:00,49.285333333333334,48.158166666666666,42.99983333333333,36.96296296296296,20.092592592592595,37.56666666666667,971.121,SITE 3,EXT
2026-04-11 20:00:00,46.55431818181818,44.787045454545456,40.600227272727274,35.60606060606061,19.8989898989899,40.22727272727273,972.6086363636364,SITE 3,EXT
2026-04-11 21:00:00,36.886,34.215999999999994,32.78,28.111111111111114,18.333333333333336,56.6,973.6479999999999,SITE 3,EXT
2026-04-11 22:00:00,36.72724137931034,33.15931034482759,31.51603448275862,27.98850574712644,18.812260536398465,58.06896551724138,974.7803448275862,SITE 3,EXT
2026-04-11 23:00:00,36.044999999999995,31.737000000000002,30.31433333333333,28.462962962962965,18.592592592592595,55.63333333333333,974.397,SITE 3,EXT
2026-04-12 00:00:00,35.6105,31.2655,30.15716666666667,28.11111111111111,18.814814814814817,57.8,974.4206666666666,SITE 3,EXT
2026-04-12 01:00:00,34.813833333333335,29.975833333333334,28.692999999999998,27.222222222222225,18.740740740740744,60.3,974.5206666666667,SITE 3,EXT
2026-04-12 02:00:00,37.0465,34.1925,33.33833333333333,27.000000000000004,19.27777777777778,63.266666666666666,974.1023333333334,SITE 3,EXT
2026-04-12 03:00:00,37.7772,36.232600000000005,35.367,26.6,19.08888888888889,64.12,973.9548,SITE 3,EXT
2026-04-12 04:00:00,37.022000000000006,34.69983333333334,33.68383333333333,26.740740740740744,18.87037037037037,62.43333333333333,974.2033333333333,SITE 3,EXT
2026-04-12 05:00:00,40.35116666666667,39.274499999999996,36.53916666666667,26.666666666666668,18.925925925925927,62.833333333333336,974.4823333333334,SITE 3,EXT
2026-04-12 06:00:00,39.5198275862069,38.91637931034483,36.313448275862065,26.62835249042146,19.09961685823755,63.89655172413793,974.15,SITE 3,EXT
2026-04-12 07:00:00,43.36383333333333,42.99033333333333,39.315666666666665,27.16666666666667,18.90740740740741,61.3,974.3376666666667,SITE 3,EXT
2026-04-12 08:00:00,41.4805,40.32483333333334,36.593666666666664,28.35185185185185,18.796296296296298,56.733333333333334,974.6433333333333,SITE 3,EXT
2026-04-12 09:00:00,145.29483333333334,135.00333333333336,74.52016666666667,29.61111111111111,18.574074074074076,52.1,974.7623333333333,SITE 3,EXT
2026-04-12 10:00:00,95.00383333333335,88.8375,58.82716666666667,31.370370370370374,18.27777777777778,46.0,974.6166666666667,SITE 3,EXT
2026-04-12 11:00:00,46.493500000000004,44.147333333333336,39.522666666666666,33.01851851851852,18.12962962962963,41.53333333333333,974.5310000000001,SITE 3,EXT
2026-04-12 12:00:00,98.38799999999999,93.15333333333334,62.8635,34.666666666666664,17.27777777777778,35.7,973.629,SITE 3,EXT
2026-04-12 13:00:00,78.4215,76.66433333333333,59.75366666666666,36.5,17.296296296296298,32.36666666666667,972.16,SITE 3,EXT
2026-04-12 14:00:00,43.21431034482758,40.73241379310345,37.95844827586207,38.582375478927204,17.75862068965517,29.79310344827586,970.9603448275861,SITE 3,EXT
2026-04-12 15:00:00,37.647000000000006,35.14433333333333,34.100833333333334,39.22222222222222,17.51851851851852,28.133333333333333,970.19,SITE 3,EXT
2026-04-12 16:00:00,38.579166666666666,36.821333333333335,35.64233333333333,39.03703703703704,17.64814814814815,28.833333333333332,969.8863333333334,SITE 3,EXT
2026-04-12 17:00:00,38.73016666666667,37.108,36.022333333333336,38.94444444444445,17.685185185185183,28.966666666666665,970.0453333333334,SITE 3,EXT
2026-04-12 18:00:00,55.6395,54.07666666666667,45.7555,37.7962962962963,18.203703703703706,32.0,970.4986666666666,SITE 3,EXT
2026-04-12 19:00:00,56.67883333333334,55.66466666666667,48.6915,36.833333333333336,18.944444444444446,35.13333333333333,971.253,SITE 3,EXT
2026-04-12 20:00:00,55.01316666666666,53.79866666666667,46.75666666666667,36.12962962962963,19.185185185185183,37.233333333333334,971.482,SITE 3,EXT
2026-04-12 21:00:00,42.52766666666666,41.569833333333335,37.5485,34.851851851851855,19.240740740740744,40.166666666666664,971.9936666666667,SITE 3,EXT
2026-04-12 22:00:00,38.726724137931036,36.69586206896552,33.574137931034485,34.02298850574713,19.501915708812263,42.793103448275865,972.4872413793104,SITE 3,EXT
2026-04-12 23:00:00,38.158,35.8215,32.9675,33.870370370370374,19.98148148148148,44.1,972.402,SITE 3,EXT
2026-04-13 00:00:00,40.93683333333333,39.402,35.461666666666666,33.611111111111114,19.77777777777778,44.3,971.7983333333334,SITE 3,EXT
2026-04-13 01:00:00,40.211666666666666,38.71716666666667,35.30616666666666,33.148148148148145,19.833333333333332,46.06666666666667,971.3143333333334,SITE 3,EXT
2026-04-13 02:00:00,38.38183333333333,35.86033333333333,33.088166666666666,32.53703703703704,19.796296296296298,47.6,970.5863333333333,SITE 3,EXT
2026-04-13 03:00:00,37.06783333333333,33.9625,31.808666666666667,32.166666666666664,19.90740740740741,48.8,970.0626666666667,SITE 3,EXT
2026-04-13 04:00:00,37.53783333333333,34.785999999999994,32.536833333333334,31.703703703703702,20.092592592592595,50.46666666666667,970.1346666666667,SITE 3,EXT
2026-04-13 05:00:00,42.5235,40.595,37.29600000000001,30.62962962962963,20.35185185185185,54.6,970.4680000000001,SITE 3,EXT
2026-04-13 06:00:00,50.00258620689655,47.51275862068966,42.319310344827585,30.555555555555557,20.191570881226053,54.51724137931034,970.9362068965518,SITE 3,EXT
2026-04-13 07:00:00,51.660666666666664,48.5545,42.9745,31.14814814814815,19.814814814814817,51.233333333333334,971.1863333333333,SITE 3,EXT
2026-04-13 08:00:00,49.2505,45.97833333333333,38.916333333333334,32.07407407407407,19.962962962962965,49.43333333333333,971.662,SITE 3,EXT
2026-04-13 09:00:00,52.03483333333334,49.73383333333334,41.96383333333333,33.2962962962963,20.425925925925927,47.166666666666664,971.8066666666667,SITE 3,EXT
2026-04-13 10:00:00,49.101,47.73016666666667,43.49216666666667,35.092592592592595,19.27777777777778,39.8,971.514,SITE 3,EXT
2026-04-13 11:00:00,38.9315,37.257333333333335,35.32983333333333,37.03703703703704,18.62962962962963,34.166666666666664,971.0113333333334,SITE 3,EXT
2026-04-13 12:00:00,38.9425,37.08125,35.58625,37.91666666666667,17.36111111111111,30.0,970.6175,SITE 3,EXT
2026-04-13 13:00:00,38.57660714285714,36.10375,34.869107142857146,39.84126984126984,17.142857142857142,26.714285714285715,969.3064285714287,SITE 3,EXT
2026-04-13 14:00:00,41.67633333333333,40.89683333333333,39.586666666666666,41.07407407407408,16.72222222222222,24.266666666666666,968.4413333333334,SITE 3,EXT
2026-04-13 15:00:00,38.686,36.83983333333333,35.42516666666667,41.277777777777786,15.462962962962964,22.066666666666666,967.5063333333333,SITE 3,EXT
2026-04-13 16:00:00,39.07,37.464000000000006,35.882,40.98148148148149,16.074074074074073,23.3,966.7926666666666,SITE 3,EXT
2026-04-13 17:00:00,39.6825,38.201,36.36933333333333,40.75925925925926,16.462962962962965,24.266666666666666,966.7146666666666,SITE 3,EXT
2026-04-13 18:00:00,46.5455,45.34866666666667,41.3975,39.77777777777778,17.203703703703702,26.733333333333334,967.4206666666666,SITE 3,EXT
2026-04-13 19:00:00,52.598333333333336,51.22383333333333,45.141333333333336,39.03703703703704,17.77777777777778,29.166666666666668,968.572,SITE 3,EXT
2026-04-13 20:00:00,53.10133333333333,51.92266666666667,46.28966666666667,37.81481481481482,19.185185185185183,34.0,969.7189999999999,SITE 3,EXT
2026-04-13 21:00:00,47.16362068965517,46.24603448275862,42.74534482758621,36.321839080459775,20.076628352490424,38.86206896551724,970.1593103448275,SITE 3,EXT
2026-04-13 22:00:00,43.861,42.99983333333333,40.0095,35.407407407407405,19.962962962962965,40.9,970.8013333333333,SITE 3,EXT
2026-04-13 23:00:00,45.01933333333333,43.840333333333334,40.73116666666667,34.7037037037037,19.592592592592595,41.2,970.7543333333334,SITE 3,EXT
2026-04-14 00:00:00,39.272666666666666,36.93516666666667,34.290166666666664,34.42592592592593,19.796296296296298,42.46666666666667,970.2836666666666,SITE 3,EXT
2026-04-14 01:00:00,38.09583333333333,35.691833333333335,33.33383333333333,33.68518518518519,19.685185185185183,44.1,970.2916666666666,SITE 3,EXT
2026-04-14 02:00:00,35.158166666666666,30.60533333333333,29.080499999999997,32.51851851851852,19.240740740740744,45.96666666666667,970.372,SITE 3,EXT
2026-04-14 03:00:00,37.01016666666667,33.31033333333333,31.903000000000002,30.962962962962965,19.48148148148148,50.833333333333336,970.1669999999999,SITE 3,EXT
2026-04-14 04:00:00,37.943275862068965,34.858275862068965,33.44362068965517,29.96168582375479,19.482758620689655,53.96551724137931,970.1831034482759,SITE 3,EXT
2026-04-14 05:00:00,37.6945,34.62016666666667,32.87566666666667,29.425925925925927,19.592592592592595,55.93333333333333,970.4936666666667,SITE 3,EXT
2026-04-14 06:00:00,38.23800000000001,35.43266666666667,33.37233333333333,28.98148148148148,19.40740740740741,56.733333333333334,971.9486666666667,SITE 3,EXT
2026-04-14 07:00:00,38.81466666666667,36.599666666666664,34.415333333333336,29.574074074074076,19.5,55.333333333333336,972.5296666666667,SITE 3,EXT
2026-04-14 08:00:00,51.22183333333333,50.15533333333334,48.01683333333333,30.40740740740741,19.314814814814817,52.06666666666667,973.2723333333334,SITE 3,EXT
2026-04-14 09:00:00,41.6055,40.01133333333333,37.33566666666666,31.5,19.166666666666668,48.3,973.7123333333333,SITE 3,EXT
2026-04-14 10:00:00,36.958499999999994,33.1235,31.082333333333334,32.833333333333336,19.222222222222225,45.0,974.2819999999999,SITE 3,EXT
2026-04-14 11:00:00,37.07083333333333,33.934333333333335,32.39533333333333,34.648148148148145,19.12962962962963,40.4,973.9173333333333,SITE 3,EXT
2026-04-14 12:00:00,37.885666666666665,35.53616666666667,34.35433333333333,35.87037037037037,18.61111111111111,36.333333333333336,973.2326666666667,SITE 3,EXT
2026-04-14 13:00:00,38.215862068965514,36.35568965517241,35.42327586206897,36.45593869731801,19.09961685823755,36.44827586206897,972.3155172413793,SITE 3,EXT
2026-04-14 14:00:00,38.45965517241379,36.61086206896552,35.282413793103444,36.99233716475096,18.984674329501914,35.172413793103445,971.5862068965517,SITE 3,EXT
2026-04-14 15:00:00,38.531333333333336,36.70433333333334,35.06883333333334,35.98148148148149,19.12962962962963,37.266666666666666,970.952,SITE 3,EXT
2026-04-14 16:00:00,40.38733333333334,39.19833333333334,36.887166666666666,34.87037037037037,19.333333333333332,40.233333333333334,970.5213333333334,SITE 3,EXT
2026-04-14 17:00:00,38.282666666666664,36.282333333333334,34.096,34.12962962962963,19.518518518518523,42.56666666666667,970.5083333333333,SITE 3,EXT
2026-04-14 18:00:00,38.28327586206896,36.12706896551724,33.43689655172414,33.31417624521073,19.92337164750958,45.6551724137931,971.0313793103448,SITE 3,EXT
2026-04-14 19:00:00,38.41416666666667,36.11116666666667,33.500166666666665,32.37037037037037,19.592592592592595,47.4,971.9490000000001,SITE 3,EXT
2026-04-14 20:00:00,37.41983333333334,34.62116666666667,32.44433333333333,32.12962962962963,19.518518518518523,47.46666666666667,972.6163333333334,SITE 3,EXT
2026-04-14 21:00:00,38.531666666666666,36.585,34.22416666666666,31.48148148148148,19.574074074074076,49.63333333333333,973.0020000000001,SITE 3,EXT
2026-04-14 22:00:00,39.5955,38.22616666666667,35.71616666666667,30.851851851851855,19.296296296296298,50.766666666666666,973.2643333333333,SITE 3,EXT
2026-04-14 23:00:00,40.34766666666667,38.814,35.97083333333333,30.5,19.037037037037035,50.86666666666667,972.9963333333333,SITE 3,EXT
2026-04-15 00:00:00,38.67716666666667,36.659,34.515499999999996,30.01851851851852,18.90740740740741,52.03333333333333,972.4303333333334,SITE 3,EXT
2026-04-15 01:00:00,39.50689655172414,37.84431034482758,35.72327586206896,30.0,19.406130268199234,53.37931034482759,971.6879310344827,SITE 3,EXT
2026-04-15 02:00:00,37.907000000000004,35.147000000000006,33.20516666666666,29.62962962962963,19.555555555555557,55.46666666666667,971.0363333333333,SITE 3,EXT
2026-04-15 03:00:00,38.43966666666667,36.106,33.904333333333334,29.27777777777778,19.90740740740741,57.5,970.9946666666667,SITE 3,EXT
2026-04-15 04:00:00,39.850833333333334,38.51833333333333,36.05833333333333,29.0,20.074074074074073,58.833333333333336,971.3303333333333,SITE 3,EXT
2026-04-15 05:00:00,42.165333333333336,41.160999999999994,37.5965,28.77777777777778,20.27777777777778,60.5,971.5693333333332,SITE 3,EXT
2026-04-15 06:00:00,67.44133333333333,64.67716666666666,52.06666666666667,28.944444444444446,20.25925925925926,59.9,971.9446666666666,SITE 3,EXT
2026-04-15 07:00:00,63.89933333333333,61.08416666666667,51.4885,29.64814814814815,20.37037037037037,57.8,972.5406666666667,SITE 3,EXT
2026-04-15 08:00:00,70.79616666666666,66.97516666666667,53.501999999999995,30.925925925925927,20.685185185185183,55.0,973.2043333333334,SITE 3,EXT
2026-04-15 09:00:00,132.32068965517243,124.87310344827586,64.22586206896551,32.4904214559387,19.061302681992338,45.724137931034484,973.2210344827586,SITE 3,EXT
2026-04-15 10:00:00,49.435500000000005,46.31166666666666,38.82616666666667,34.833333333333336,17.074074074074073,35.2,973.0313333333332,SITE 3,EXT
2026-04-15 11:00:00,39.67433333333334,37.75566666666667,35.53633333333333,37.01851851851852,16.61111111111111,30.066666666666666,972.513,SITE 3,EXT
2026-04-15 12:00:00,52.853500000000004,51.8425,45.092,39.22222222222222,16.09259259259259,25.733333333333334,971.4546666666666,SITE 3,EXT
2026-04-15 13:00:00,40.32277777777777,39.08462962962963,36.989074074074075,41.15226337448559,15.905349794238683,22.925925925925927,970.182962962963,SITE 3,EXT
2026-04-15 14:00:00,38.724000000000004,36.33166666666667,34.35166666666667,42.7037037037037,13.462962962962964,17.9,969.3076666666667,SITE 3,EXT
2026-04-15 15:00:00,42.43283333333333,41.23983333333333,39.26583333333333,43.25925925925926,11.944444444444446,15.733333333333333,968.746,SITE 3,EXT
2026-04-15 16:00:00,43.642500000000005,42.658500000000004,39.972,42.7962962962963,11.962962962962964,16.1,968.395,SITE 3,EXT
2026-04-15 17:00:00,39.181724137931035,36.80655172413793,34.29551724137931,41.85823754789272,11.934865900383143,16.93103448275862,968.3020689655172,SITE 3,EXT
2026-04-15 18:00:00,49.04533333333334,46.85916666666667,40.2265,40.2037037037037,12.962962962962964,19.933333333333334,968.8046666666667,SITE 3,EXT
2026-04-15 19:00:00,77.54583333333333,74.46166666666666,59.34066666666667,39.351851851851855,15.12962962962963,24.1,969.414,SITE 3,EXT
2026-04-15 20:00:00,73.74849999999999,70.78083333333333,56.358666666666664,38.40740740740741,15.407407407407408,25.833333333333332,969.7900000000001,SITE 3,EXT
2026-04-15 21:00:00,51.51366666666667,49.871833333333335,43.0275,37.03703703703704,16.0,28.9,970.1863333333333,SITE 3,EXT
2026-04-15 22:00:00,53.384,51.7515,44.531,36.2962962962963,16.685185185185187,31.266666666666666,970.6736666666667,SITE 3,EXT
2026-04-15 23:00:00,43.1005,42.10033333333333,37.964166666666664,35.31481481481482,16.796296296296298,33.46666666666667,970.609,SITE 3,EXT
2026-04-16 00:00:00,41.38068965517241,40.51172413793103,37.21655172413793,34.559386973180075,17.049808429118773,35.44827586206897,970.143103448276,SITE 3,EXT
2026-04-16 01:00:00,40.086999999999996,38.7705,36.10733333333334,33.31481481481482,17.185185185185183,38.266666666666666,969.553,SITE 3,EXT
2026-04-16 02:00:00,37.365,34.43633333333333,32.081833333333336,32.48148148148148,17.64814814814815,41.6,969.096,SITE 3,EXT
2026-04-16 03:00:00,38.349000000000004,36.30333333333333,34.28433333333333,31.666666666666668,18.203703703703706,45.166666666666664,968.6423333333333,SITE 3,EXT
2026-04-16 04:00:00,38.319833333333335,35.99666666666667,33.922333333333334,31.129629629629633,18.462962962962965,47.266666666666666,968.7276666666666,SITE 3,EXT
2026-04-16 05:00:00,45.51,41.47233333333334,37.675666666666665,31.074074074074076,18.833333333333332,48.166666666666664,969.3826666666666,SITE 3,EXT
2026-04-16 06:00:00,56.49516666666667,53.8305,46.88483333333333,31.111111111111118,18.88888888888889,48.46666666666667,970.2606666666667,SITE 3,EXT
2026-04-16 07:00:00,63.06172413793103,58.883448275862065,49.81,31.475095785440615,19.080459770114945,48.310344827586206,970.8944827586206,SITE 3,EXT
2026-04-16 08:00:00,45.478500000000004,44.083333333333336,40.88699999999999,32.388888888888886,19.296296296296298,46.3,971.5756666666667,SITE 3,EXT
2026-04-16 09:00:00,40.734,39.424,37.297000000000004,33.51851851851852,19.703703703703702,44.63333333333333,971.9063333333332,SITE 3,EXT
2026-04-16 10:00:00,63.943666666666665,59.336666666666666,44.18233333333333,35.38888888888889,19.796296296296298,40.2,971.9596666666667,SITE 3,EXT
2026-04-16 11:00:00,73.64333333333335,70.35666666666665,52.338166666666666,37.72222222222222,19.0,33.833333333333336,971.3806666666666,SITE 3,EXT
2026-04-16 12:00:00,57.730000000000004,56.19689655172414,47.406724137931036,39.78927203065134,17.56704980842912,27.448275862068964,970.4255172413793,SITE 3,EXT
2026-04-16 13:00:00,38.74883333333333,36.98799999999999,35.33683333333333,40.88888888888889,16.296296296296298,23.9,969.3523333333334,SITE 3,EXT
2026-04-16 14:00:00,37.7935,35.19266666666667,33.5195,41.7962962962963,15.814814814814815,22.0,968.322,SITE 3,EXT
2026-04-16 15:00:00,44.0435,42.11066666666667,40.61300000000001,41.94444444444445,15.277777777777779,20.966666666666665,967.524,SITE 3,EXT
2026-04-16 16:00:00,39.54766666666667,37.917,36.222166666666666,42.092592592592595,14.185185185185185,19.433333333333334,967.0986666666666,SITE 3,EXT
2026-04-16 17:00:00,40.162166666666664,38.911833333333334,37.05733333333333,42.03703703703704,13.870370370370372,19.166666666666668,967.1,SITE 3,EXT
2026-04-16 18:00:00,62.74316666666667,61.46116666666667,53.666333333333334,40.90740740740741,14.833333333333334,21.733333333333334,967.4606666666666,SITE 3,EXT
2026-04-16 19:00:00,58.74766666666667,57.20516666666666,49.68383333333333,39.74074074074074,17.0,26.5,968.2143333333333,SITE 3,EXT
2026-04-16 20:00:00,59.80948275862069,58.17327586206897,49.74775862068965,38.793103448275865,17.586206896551722,29.0,968.7337931034482,SITE 3,EXT
2026-04-16 21:00:00,69.623,67.2205,55.466,37.833333333333336,18.592592592592595,32.53333333333333,969.3073333333334,SITE 3,EXT
2026-04-16 22:00:00,73.99966666666667,71.088,56.78283333333333,36.42592592592593,18.555555555555557,35.233333333333334,969.7553333333333,SITE 3,EXT
2026-04-16 23:00:00,68.113,65.3785,53.065666666666665,35.851851851851855,19.314814814814817,38.2,969.8266666666666,SITE 3,EXT
2026-04-17 00:00:00,53.15233333333333,51.71383333333333,44.89149999999999,34.55555555555556,18.962962962962965,40.166666666666664,969.3463333333333,SITE 3,EXT
2026-04-17 01:00:00,48.368500000000004,47.45733333333333,42.04766666666667,34.12962962962963,19.14814814814815,41.5,968.7009999999999,SITE 3,EXT
2026-04-17 02:00:00,44.725833333333334,43.93666666666666,39.98833333333334,32.92592592592593,18.814814814814817,43.46666666666667,967.9863333333334,SITE 3,EXT
2026-04-17 03:00:00,41.795344827586206,40.973965517241375,38.202586206896555,32.1455938697318,19.157088122605362,46.55172413793103,967.4934482758621,SITE 3,EXT
2026-04-17 04:00:00,45.210166666666666,44.51083333333334,42.187666666666665,31.685185185185183,19.388888888888893,48.7,967.6800000000001,SITE 3,EXT
2026-04-17 05:00:00,47.382,44.44116666666667,41.13583333333334,31.53703703703704,19.814814814814817,49.96666666666667,968.1626666666667,SITE 3,EXT
2026-04-17 06:00:00,49.854,47.265499999999996,41.374,31.388888888888893,19.925925925925927,51.06666666666667,969.5406666666667,SITE 3,EXT
2026-04-17 07:00:00,51.190000000000005,48.073499999999996,42.079166666666666,32.0,19.962962962962965,49.733333333333334,970.3963333333334,SITE 3,EXT
2026-04-17 08:00:00,44.21816666666667,42.343333333333334,39.04666666666667,32.77777777777778,20.592592592592595,49.06666666666667,970.8616666666666,SITE 3,EXT
2026-04-17 09:00:00,99.7985,87.82783333333333,52.708333333333336,33.81481481481482,20.833333333333332,47.03333333333333,971.0696666666666,SITE 3,EXT
2026-04-17 10:00:00,94.27466666666666,84.46883333333334,55.091499999999996,35.44444444444445,20.685185185185183,42.5,970.9246666666667,SITE 3,EXT
2026-04-17 11:00:00,43.383,42.661500000000004,39.734500000000004,38.03703703703704,20.074074074074076,35.46666666666667,970.3746666666667,SITE 3,EXT
2026-04-17 12:00:00,45.99366666666666,45.17966666666667,42.18483333333334,39.7962962962963,17.666666666666668,27.7,969.5196666666667,SITE 3,EXT
2026-04-17 13:00:00,45.614000000000004,44.86266666666667,42.12433333333333,40.92592592592593,16.62962962962963,24.5,968.2183333333334,SITE 3,EXT
2026-04-17 14:00:00,45.07551724137931,44.26689655172414,41.49206896551724,42.04980842911878,16.551724137931036,22.82758620689655,967.0124137931035,SITE 3,EXT
2026-04-17 15:00:00,41.997166666666665,41.141,38.64833333333333,42.64814814814815,15.611111111111112,20.7,966.2396666666666,SITE 3,EXT
2026-04-17 16:00:00,39.81235294117647,38.47176470588235,36.015,41.76470588235295,14.836601307189543,20.764705882352942,965.7364705882353,SITE 3,EXT
2026-04-17 19:00:00,57.77173076923077,55.51653846153847,46.86173076923077,38.376068376068375,17.264957264957268,29.26923076923077,966.9576923076924,SITE 3,EXT
2026-04-17 20:00:00,61.784666666666666,59.455666666666666,49.5975,38.64814814814815,18.240740740740744,30.6,967.9273333333333,SITE 3,EXT
2026-04-17 21:00:00,54.358333333333334,52.751666666666665,46.47183333333333,37.592592592592595,18.40740740740741,32.7,968.625,SITE 3,EXT
2026-04-17 22:00:00,46.83533333333333,45.84066666666667,42.140166666666666,36.351851851851855,19.314814814814817,37.06666666666667,968.953,SITE 3,EXT
2026-04-17 23:00:00,48.128166666666665,47.073166666666665,42.352833333333336,35.611111111111114,19.685185185185183,39.666666666666664,969.3960000000001,SITE 3,EXT
2026-04-18 00:00:00,41.25066666666667,40.232166666666664,36.98533333333333,34.38888888888889,19.62962962962963,42.266666666666666,968.9793333333333,SITE 3,EXT
2026-04-18 01:00:00,40.289655172413795,39.204655172413794,36.42206896551724,33.71647509578544,19.444444444444446,43.3448275862069,968.3596551724138,SITE 3,EXT
2026-04-18 02:00:00,41.574333333333335,39.97933333333334,37.25333333333333,33.01851851851852,19.370370370370374,44.733333333333334,967.8376666666667,SITE 3,EXT
2026-04-18 03:00:00,43.471333333333334,41.58166666666667,38.83183333333333,32.77777777777778,19.555555555555557,46.03333333333333,967.7093333333333,SITE 3,EXT
2026-04-18 04:00:00,43.76916666666667,42.46583333333333,39.508833333333335,31.88888888888889,19.85185185185185,49.233333333333334,967.8633333333333,SITE 3,EXT
2026-04-18 05:00:00,46.79833333333333,39.01033333333333,34.81616666666666,30.833333333333336,20.074074074074076,53.06666666666667,968.3353333333333,SITE 3,EXT
2026-04-18 06:00:00,43.99533333333333,41.03483333333334,36.6885,30.555555555555557,19.90740740740741,53.46666666666667,968.6476666666666,SITE 3,EXT
2026-04-18 07:00:00,40.75258620689655,38.807758620689654,35.79948275862069,30.440613026819925,19.233716475095786,51.51724137931034,968.7510344827585,SITE 3,EXT
2026-04-18 08:00:00,39.96566666666667,37.692,35.41383333333333,31.425925925925927,19.462962962962965,49.766666666666666,969.7896666666667,SITE 3,EXT
2026-04-18 09:00:00,42.86379310344827,41.10051724137931,38.60189655172414,33.10344827586207,19.96168582375479,46.41379310344828,970.34,SITE 3,EXT
2026-04-18 10:00:00,42.3455,40.690666666666665,38.49483333333333,34.96296296296296,20.185185185185183,42.36666666666667,970.4763333333334,SITE 3,EXT
2026-04-18 11:00:00,43.123333333333335,41.91616666666667,39.867333333333335,37.2962962962963,20.222222222222225,37.53333333333333,969.9256666666666,SITE 3,EXT
2026-04-18 12:00:00,45.24133333333334,44.599333333333334,42.65116666666667,40.12962962962963,19.185185185185183,30.166666666666668,968.9493333333334,SITE 3,EXT
2026-04-18 13:00:00,44.39083333333333,43.867666666666665,41.9905,42.01851851851852,17.85185185185185,24.9,967.7596666666667,SITE 3,EXT
2026-04-18 14:00:00,41.4,40.7455,38.76616666666666,42.07407407407408,17.092592592592595,23.533333333333335,967.0926666666667,SITE 3,EXT
2026-04-18 15:00:00,41.881499999999996,41.198166666666665,38.998000000000005,43.166666666666664,17.22222222222222,22.4,966.6376666666667,SITE 3,EXT
2026-04-18 16:00:00,45.80689655172414,45.16396551724138,43.30258620689656,42.31800766283525,15.823754789272032,21.379310344827587,966.2486206896551,SITE 3,EXT
2026-04-18 17:00:00,53.551500000000004,53.01166666666666,51.084833333333336,42.01851851851852,16.25925925925926,22.3,965.8733333333333,SITE 3,EXT
2026-04-18 18:00:00,51.780499999999996,49.11333333333334,42.775333333333336,40.51851851851852,16.72222222222222,25.1,966.418,SITE 3,EXT
2026-04-18 19:00:00,60.681666666666665,58.717333333333336,49.91833333333333,39.277777777777786,16.962962962962965,27.166666666666668,967.044,SITE 3,EXT
2026-04-18 20:00:00,48.3205,47.324,42.9565,37.98148148148149,17.870370370370374,31.233333333333334,967.734,SITE 3,EXT
2026-04-18 21:00:00,47.02383333333333,46.24366666666666,43.05583333333333,36.66666666666667,19.35185185185185,36.766666666666666,968.2896666666667,SITE 3,EXT
2026-04-18 22:00:00,44.501333333333335,43.708499999999994,40.36566666666667,35.90740740740741,19.703703703703702,39.03333333333333,969.0926666666667,SITE 3,EXT
2026-04-18 23:00:00,44.857,44.00266666666666,40.613166666666665,35.11111111111111,20.074074074074076,41.53333333333333,969.289,SITE 3,EXT
2026-04-19 00:00:00,45.823499999999996,44.967333333333336,41.35583333333333,34.38888888888889,20.12962962962963,43.8,969.1413333333334,SITE 3,EXT
2026-04-19 01:00:00,44.35310344827586,43.207931034482755,39.63327586206896,33.69731800766284,20.057471264367816,45.41379310344828,968.6810344827586,SITE 3,EXT
2026-04-19 02:00:00,44.094833333333334,42.724333333333334,39.214666666666666,33.333333333333336,20.425925925925927,46.833333333333336,968.1823333333334,SITE 3,EXT
2026-04-19 03:00:00,45.468666666666664,44.107166666666664,40.833,32.81481481481482,20.518518518518523,48.7,967.8413333333334,SITE 3,EXT
2026-04-19 04:00:00,45.13733333333333,43.81366666666667,40.91733333333333,32.18518518518518,20.48148148148148,50.46666666666667,967.673,SITE 3,EXT
2026-04-19 05:00:00,43.88916666666667,42.39433333333333,38.993500000000004,31.685185185185183,20.5,51.9,968.1039999999999,SITE 3,EXT
2026-04-19 06:00:00,52.47366666666667,46.512166666666666,40.7455,31.62962962962963,20.685185185185183,52.7,968.566,SITE 3,EXT
2026-04-19 07:00:00,48.62733333333333,46.10483333333333,41.18,31.592592592592595,20.925925925925927,53.63333333333333,969.3016666666666,SITE 3,EXT
2026-04-19 08:00:00,47.35758620689655,45.52413793103448,41.242413793103445,32.39463601532567,21.149425287356323,52.06896551724138,970.0268965517241,SITE 3,EXT
2026-04-19 09:00:00,48.16833333333333,46.13866666666667,41.78033333333334,33.592592592592595,21.055555555555554,48.4,970.453,SITE 3,EXT
2026-04-19 10:00:00,47.022000000000006,45.218666666666664,41.9985,35.81481481481482,21.01851851851852,42.56666666666667,970.3449999999999,SITE 3,EXT
2026-04-19 11:00:00,43.532666666666664,42.251999999999995,39.713166666666666,38.666666666666664,20.77777777777778,35.833333333333336,969.962,SITE 3,EXT
2026-04-19 12:00:00,42.37416666666666,41.745,39.411500000000004,41.05555555555556,19.888888888888893,29.766666666666666,969.1610000000001,SITE 3,EXT
2026-04-19 13:00:00,42.018166666666666,41.367333333333335,39.002833333333335,41.48148148148149,18.740740740740744,27.133333333333333,968.119,SITE 3,EXT
2026-04-19 14:00:00,47.5865,47.08183333333333,45.0765,42.92592592592593,17.555555555555554,23.2,967.1866666666666,SITE 3,EXT
2026-04-19 15:00:00,58.45916666666667,57.58383333333333,51.86333333333334,42.64814814814815,16.314814814814817,21.7,966.254,SITE 3,EXT
2026-04-19 16:00:00,51.785666666666664,51.14933333333333,48.358666666666664,42.44444444444444,15.944444444444445,21.4,965.731,SITE 3,EXT
2026-04-19 17:00:00,53.560517241379316,52.84948275862069,49.629482758620696,41.89655172413793,15.670498084291188,21.724137931034484,965.6844827586208,SITE 3,EXT
2026-04-19 18:00:00,59.325,58.47116666666667,55.118500000000004,40.92592592592593,16.851851851851855,24.6,966.3003333333334,SITE 3,EXT
2026-04-19 19:00:00,53.364333333333335,52.409666666666666,48.24283333333334,39.2962962962963,17.85185185185185,28.8,967.3003333333334,SITE 3,EXT
2026-04-19 20:00:00,52.84466666666666,51.973499999999994,47.718333333333334,37.907407407407405,17.666666666666668,30.7,968.1716666666667,SITE 3,EXT
2026-04-19 21:00:00,42.87,42.15683333333333,38.94016666666666,37.111111111111114,17.98148148148148,32.63333333333333,969.2046666666666,SITE 3,EXT
2026-04-19 22:00:00,52.285,51.29868421052631,49.206842105263156,32.6608187134503,19.912280701754387,48.73684210526316,970.7384210526316,SITE 3,EXT
2026-04-19 23:00:00,41.75603448275862,40.8853448275862,40.212758620689655,30.13409961685824,20.65134099616858,57.241379310344826,971.6762068965518,SITE 3,EXT
2026-04-20 00:00:00,38.630833333333335,37.0755,35.910833333333336,29.62962962962963,20.240740740740744,57.833333333333336,971.987,SITE 3,EXT
2026-04-20 01:00:00,38.53616666666667,37.08533333333333,35.81666666666667,28.796296296296298,19.87037037037037,59.166666666666664,971.3596666666667,SITE 3,EXT
2026-04-20 02:00:00,38.92183333333333,37.82483333333333,36.50666666666667,27.833333333333332,19.796296296296298,62.2,969.4406666666667,SITE 3,EXT
2026-04-20 03:00:00,39.973,39.483666666666664,38.310833333333335,27.77777777777778,19.796296296296298,62.03333333333333,968.7543333333334,SITE 3,EXT
2026-04-20 04:00:00,40.73266666666667,40.45216666666667,38.96133333333333,27.77777777777778,19.5,61.2,968.3533333333332,SITE 3,EXT
2026-04-20 05:00:00,40.700172413793105,40.35224137931034,37.922931034482765,28.160919540229887,19.348659003831422,59.172413793103445,968.7972413793103,SITE 3,EXT
2026-04-20 06:00:00,47.05266666666667,47.032333333333334,43.074,27.833333333333332,19.462962962962965,61.1,969.5826666666667,SITE 3,EXT
2026-04-20 07:00:00,46.5015,46.5015,43.89333333333333,27.62962962962963,19.685185185185183,62.4,970.1926666666666,SITE 3,EXT
2026-04-20 08:00:00,47.32483333333333,47.32483333333333,43.459666666666664,27.53703703703704,19.833333333333332,63.46666666666667,971.2173333333334,SITE 3,EXT
2026-04-20 09:00:00,162.83716666666666,162.782,72.93666666666667,28.870370370370374,20.037037037037035,59.36666666666667,971.7203333333333,SITE 3,EXT
2026-04-20 10:00:00,289.303,288.5765,106.9105,29.796296296296298,20.166666666666668,56.8,971.236,SITE 3,EXT
2026-04-20 11:00:00,84.59616666666668,84.0305,60.6705,31.27777777777778,20.462962962962965,53.166666666666664,970.8913333333334,SITE 3,EXT
2026-04-20 12:00:00,48.995666666666665,48.761833333333335,43.366166666666665,32.22222222222222,20.462962962962965,50.5,970.4986666666666,SITE 3,EXT
2026-04-20 13:00:00,43.86416666666666,43.205000000000005,40.4215,33.44444444444444,20.62962962962963,47.4,969.4563333333333,SITE 3,EXT
2026-04-20 14:00:00,40.017500000000005,38.491166666666665,35.73233333333334,35.44444444444445,20.666666666666668,42.43333333333333,968.6723333333334,SITE 3,EXT
2026-04-20 15:00:00,42.45133333333333,41.089666666666666,37.44166666666667,36.01851851851852,20.64814814814815,41.06666666666667,968.5796666666666,SITE 3,EXT
2026-04-20 16:00:00,45.3375,43.90533333333334,39.79766666666667,36.12962962962963,20.240740740740744,39.766666666666666,968.106,SITE 3,EXT
2026-04-20 17:00:00,45.315333333333335,43.67916666666667,39.12583333333334,35.37037037037037,20.962962962962965,43.43333333333333,968.158,SITE 3,EXT
2026-04-20 18:00:00,46.0251724137931,44.880172413793105,40.62758620689655,33.735632183908045,20.95785440613027,47.6551724137931,968.6551724137931,SITE 3,EXT
2026-04-20 19:00:00,47.4725,46.4655,41.68866666666667,32.68518518518518,21.203703703703702,51.36666666666667,969.3286666666667,SITE 3,EXT
2026-04-20 20:00:00,51.318,50.10666666666667,44.25816666666666,32.2037037037037,20.53703703703704,50.733333333333334,969.8596666666667,SITE 3,EXT
2026-04-20 21:00:00,53.038,51.910999999999994,45.40533333333334,32.407407407407405,20.85185185185185,50.6,970.689,SITE 3,EXT
2026-04-20 22:00:00,51.16916666666667,50.0575,43.67933333333334,32.333333333333336,21.48148148148148,53.233333333333334,971.2706666666667,SITE 3,EXT
2026-04-20 23:00:00,47.958333333333336,47.07333333333334,42.13966666666667,31.796296296296298,21.925925925925927,56.53333333333333,971.4643333333333,SITE 3,EXT
2026-04-21 00:00:00,48.87516666666667,48.089000000000006,43.7085,31.61111111111111,22.407407407407405,58.6,971.1659999999999,SITE 3,EXT
2026-04-21 01:00:00,49.16616666666666,48.483,43.89966666666667,31.111111111111118,22.22222222222222,59.96666666666667,970.737,SITE 3,EXT
2026-04-21 02:00:00,49.835,49.27166666666667,44.710166666666666,31.111111111111118,22.5,60.666666666666664,970.7306666666666,SITE 3,EXT
2026-04-21 03:00:00,51.79183333333334,51.447,47.5135,30.888888888888893,22.48148148148148,61.4,970.3533333333332,SITE 3,EXT
2026-04-21 04:00:00,51.40120689655173,50.94586206896552,47.980862068965514,30.536398467432953,21.99233716475096,60.793103448275865,970.3213793103448,SITE 3,EXT
2026-04-21 05:00:00,60.606833333333334,60.072,54.74366666666666,30.518518518518523,22.185185185185183,61.03333333333333,970.8343333333333,SITE 3,EXT
2026-04-21 06:00:00,62.189499999999995,61.66133333333333,55.58083333333333,30.53703703703704,22.203703703703702,61.53333333333333,971.296,SITE 3,EXT
2026-04-21 07:00:00,59.9145,59.392833333333336,53.8835,30.833333333333336,22.38888888888889,60.9,971.7503333333334,SITE 3,EXT
2026-04-21 08:00:00,54.36033333333333,54.04266666666667,50.04066666666667,31.833333333333332,22.407407407407405,58.03333333333333,972.5083333333333,SITE 3,EXT
2026-04-21 09:00:00,45.68633333333333,45.57333333333334,41.59616666666667,32.88888888888889,22.425925925925927,54.7,972.436,SITE 3,EXT
2026-04-21 10:00:00,40.8565,40.44916666666666,37.458999999999996,34.37037037037037,22.64814814814815,51.0,971.948,SITE 3,EXT
2026-04-21 11:00:00,44.482499999999995,43.79066666666667,41.550333333333334,36.777777777777786,22.592592592592595,44.56666666666667,971.5366666666666,SITE 3,EXT
2026-04-21 12:00:00,41.73896551724138,40.90931034482758,38.81879310344827,38.44827586206897,22.011494252873565,39.03448275862069,970.8062068965518,SITE 3,EXT
2026-04-21 13:00:00,41.518,40.73800000000001,38.90083333333334,39.851851851851855,21.38888888888889,34.833333333333336,969.5833333333334,SITE 3,EXT
2026-04-21 14:00:00,40.26383333333333,39.61583333333333,37.6625,39.75925925925926,21.537037037037035,35.43333333333333,968.8743333333333,SITE 3,EXT
2026-04-21 15:00:00,43.34733333333334,42.87983333333333,40.897333333333336,39.14814814814815,20.740740740740744,34.86666666666667,968.871,SITE 3,EXT
2026-04-21 16:00:00,45.25916666666667,42.69733333333333,37.4425,32.98148148148148,19.222222222222225,44.63333333333333,969.0296666666667,SITE 3,EXT
2026-04-21 17:00:00,49.7185,47.35966666666666,41.1525,33.70370370370371,19.25925925925926,42.93333333333333,968.7326666666667,SITE 3,EXT
2026-04-21 18:00:00,62.19775862068966,59.47275862068965,49.359655172413795,33.08429118773947,19.69348659003831,45.724137931034484,969.3062068965518,SITE 3,EXT
2026-04-21 19:00:00,56.19866666666667,53.719,44.88916666666667,32.92592592592593,19.666666666666668,45.96666666666667,970.234,SITE 3,EXT
2026-04-21 20:00:00,38.486999999999995,35.900666666666666,33.668166666666664,32.25925925925926,18.03703703703704,43.333333333333336,971.0063333333333,SITE 3,EXT
2026-04-21 21:00:00,38.93933333333334,36.77133333333334,34.17283333333333,32.5,18.666666666666668,44.2,971.7763333333334,SITE 3,EXT
2026-04-21 22:00:00,36.765499999999996,33.609,32.325833333333335,30.703703703703706,18.703703703703706,49.3,973.0483333333334,SITE 3,EXT
2026-04-21 23:00:00,42.35183333333334,41.093833333333336,40.022000000000006,30.055555555555554,18.203703703703706,49.5,972.1610000000001,SITE 3,EXT
2026-04-22 00:00:00,38.95016666666667,36.99883333333333,36.080000000000005,30.0,18.425925925925927,50.6,971.6156666666667,SITE 3,EXT
2026-04-22 01:00:00,39.713499999999996,38.28283333333333,37.498666666666665,29.87037037037037,18.31481481481482,50.4,971.1383333333334,SITE 3,EXT
2026-04-22 02:00:00,37.530166666666666,35.176833333333335,34.22833333333333,29.444444444444446,18.814814814814817,53.5,970.658,SITE 3,EXT
2026-04-22 03:00:00,39.915166666666664,38.843666666666664,37.68,29.85185185185185,19.296296296296298,53.46666666666667,970.9486666666667,SITE 3,EXT
2026-04-22 04:00:00,41.16172413793104,40.326206896551724,38.57568965517241,29.82758620689655,19.38697318007663,54.172413793103445,971.3358620689655,SITE 3,EXT
2026-04-22 05:00:00,40.712833333333336,38.535333333333334,36.981833333333334,28.5,19.11111111111111,57.266666666666666,972.859,SITE 3,EXT
2026-04-22 06:00:00,36.701,33.78883333333333,31.688666666666666,27.27777777777778,18.796296296296298,59.96666666666667,973.453,SITE 3,EXT
2026-04-22 07:00:00,39.06166666666666,37.95233333333333,34.87383333333333,27.962962962962965,19.074074074074076,58.93333333333333,973.6576666666666,SITE 3,EXT
2026-04-22 08:00:00,40.248333333333335,39.334666666666664,36.607166666666664,28.833333333333332,18.98148148148148,55.9,973.7766666666666,SITE 3,EXT
2026-04-22 09:00:00,40.32033333333333,39.26583333333333,36.92016666666667,30.666666666666668,18.25925925925926,48.13333333333333,973.0816666666667,SITE 3,EXT
2026-04-22 10:00:00,40.36583333333333,38.8885,36.76116666666667,32.98148148148148,17.814814814814817,40.766666666666666,972.6853333333333,SITE 3,EXT
2026-04-22 11:00:00,42.452666666666666,40.981833333333334,39.00533333333333,35.2962962962963,18.27777777777778,36.733333333333334,972.101,SITE 3,EXT
2026-04-22 12:00:00,44.68189655172414,43.93137931034483,42.85327586206896,37.4712643678161,17.413793103448278,30.896551724137932,971.1193103448276,SITE 3,EXT
2026-04-22 13:00:00,41.22966666666667,40.505,39.520999999999994,38.90740740740741,17.740740740740744,29.1,970.4116666666666,SITE 3,EXT
2026-04-22 14:00:00,40.275333333333336,39.54666666666667,38.461666666666666,39.44444444444444,18.555555555555557,29.7,969.4453333333333,SITE 3,EXT
2026-04-22 15:00:00,40.64183333333334,39.843666666666664,38.7485,39.31481481481481,18.48148148148148,29.866666666666667,968.8776666666668,SITE 3,EXT
2026-04-22 16:00:00,40.9475,39.747,38.217999999999996,39.35185185185185,16.98148148148148,27.2,968.668,SITE 3,EXT
2026-04-22 17:00:00,43.37116666666667,42.236,39.735,38.87037037037037,17.62962962962963,29.1,968.8439999999999,SITE 3,EXT
2026-04-22 18:00:00,45.91466666666667,44.70366666666666,41.9615,37.22222222222222,18.944444444444446,34.56666666666667,969.6593333333333,SITE 3,EXT
2026-04-22 19:00:00,46.41116666666667,45.4775,41.27016666666667,36.07407407407408,19.925925925925927,39.03333333333333,970.6103333333334,SITE 3,EXT
2026-04-22 20:00:00,44.218833333333336,42.61966666666667,38.370666666666665,34.64814814814815,20.388888888888893,43.833333333333336,971.329,SITE 3,EXT
2026-04-22 21:00:00,44.11033333333333,42.597,39.489000000000004,33.50000000000001,20.592592592592595,47.266666666666666,971.9726666666667,SITE 3,EXT
2026-04-22 22:00:00,43.025333333333336,41.52883333333333,38.90333333333333,33.148148148148145,21.11111111111111,49.63333333333333,972.1946666666666,SITE 3,EXT
2026-04-22 23:00:00,38.208275862068966,35.310172413793104,33.128103448275866,32.73946360153257,21.49425287356322,52.241379310344826,972.1310344827587,SITE 3,EXT
2026-04-23 00:00:00,37.31233333333333,33.7845,31.894000000000002,32.22222222222222,21.666666666666668,53.86666666666667,971.6173333333334,SITE 3,EXT
2026-04-23 01:00:00,38.94216666666667,36.99516666666667,35.224333333333334,31.962962962962965,21.703703703703702,55.266666666666666,971.1343333333333,SITE 3,EXT
2026-04-23 02:00:00,41.70116666666667,40.646166666666666,38.37766666666666,31.64814814814815,21.796296296296298,56.833333333333336,970.65,SITE 3,EXT
2026-04-23 03:00:00,41.38533333333333,40.46333333333334,38.39333333333333,31.351851851851855,21.85185185185185,57.63333333333333,970.4036666666667,SITE 3,EXT
2026-04-23 04:00:00,41.544,40.78916666666667,38.633500000000005,31.111111111111118,21.77777777777778,58.666666666666664,970.5493333333333,SITE 3,EXT
2026-04-23 05:00:00,44.560833333333335,43.53816666666667,40.4365,31.074074074074076,21.62962962962963,58.1,970.9323333333334,SITE 3,EXT
2026-04-23 06:00:00,52.8265,51.71133333333333,45.83883333333333,31.074074074074076,21.592592592592595,57.0,971.4213333333333,SITE 3,EXT
2026-04-23 07:00:00,51.927,50.84166666666667,45.65133333333333,31.333333333333336,21.314814814814817,55.93333333333333,971.88,SITE 3,EXT
2026-04-23 08:00:00,51.21758620689655,50.30637931034483,43.01396551724138,32.20306513409962,21.168582375478927,52.44827586206897,972.1751724137931,SITE 3,EXT
2026-04-23 09:00:00,53.7035,52.95316666666667,44.60316666666667,33.851851851851855,20.35185185185185,45.6,971.8203333333333,SITE 3,EXT
2026-04-23 10:00:00,43.593833333333336,42.42883333333334,39.912166666666664,35.96296296296296,19.64814814814815,38.833333333333336,971.3986666666666,SITE 3,EXT
2026-04-23 11:00:00,42.43533333333333,40.883,38.84866666666667,38.14814814814815,18.388888888888893,31.633333333333333,970.8403333333333,SITE 3,EXT
2026-04-23 12:00:00,41.99933333333333,40.61683333333334,38.9545,40.22222222222222,17.555555555555557,26.833333333333332,969.9943333333334,SITE 3,EXT
2026-04-23 13:00:00,41.54883333333333,40.852833333333336,39.227999999999994,41.611111111111114,17.037037037037035,24.1,968.818,SITE 3,EXT
2026-04-23 14:00:00,42.217413793103454,41.68431034482759,40.187413793103445,44.04214559386973,17.681992337164754,22.06896551724138,967.9134482758622,SITE 3,EXT
2026-04-23 15:00:00,47.00833333333333,46.6385,45.20466666666667,44.2037037037037,19.40740740740741,24.4,967.175,SITE 3,EXT
2026-04-23 16:00:00,46.98233333333334,46.556000000000004,44.70583333333333,42.092592592592595,19.314814814814817,27.133333333333333,966.732,SITE 3,EXT
2026-04-23 17:00:00,44.084666666666664,43.27133333333334,40.40716666666666,41.07407407407408,19.592592592592595,29.166666666666668,966.757,SITE 3,EXT
2026-04-23 18:00:00,44.94983333333334,43.35516666666667,38.401666666666664,39.72222222222222,20.074074074074076,32.233333333333334,967.2956666666666,SITE 3,EXT
2026-04-23 19:00:00,50.280166666666666,49.44949999999999,44.88,39.03703703703704,20.740740740740744,34.96666666666667,968.3449999999999,SITE 3,EXT
2026-04-23 20:00:00,49.5355,48.7575,45.732499999999995,37.851851851851855,20.703703703703702,37.4,968.8756666666667,SITE 3,EXT
2026-04-23 21:00:00,43.250499999999995,42.495,39.57266666666667,36.7962962962963,21.12962962962963,40.53333333333333,969.7426666666667,SITE 3,EXT
2026-04-23 22:00:00,41.55844827586207,40.793103448275865,37.9848275862069,35.421455938697314,21.053639846743295,43.37931034482759,970.1899999999999,SITE 3,EXT
2026-04-23 23:00:00,44.663333333333334,43.59133333333333,39.973166666666664,34.03703703703704,21.12962962962963,47.266666666666666,970.226,SITE 3,EXT
2026-04-24 00:00:00,46.234,44.92816666666667,41.13783333333333,33.12962962962963,21.166666666666668,49.833333333333336,969.9236666666667,SITE 3,EXT
2026-04-24 01:00:00,43.02616666666667,41.833999999999996,38.197,32.57407407407407,20.814814814814817,50.5,969.1043333333333,SITE 3,EXT
2026-04-24 02:00:00,39.57666666666667,38.219,35.48433333333333,31.944444444444446,20.074074074074076,49.86666666666667,969.0936666666668,SITE 3,EXT
2026-04-24 03:00:00,37.83633333333333,35.259,33.79866666666667,31.018518518518523,18.333333333333332,47.333333333333336,969.4883333333333,SITE 3,EXT
2026-04-24 04:00:00,37.656166666666664,34.926833333333335,33.686,30.53703703703704,17.740740740740744,46.96666666666667,969.4763333333334,SITE 3,EXT
2026-04-24 05:00:00,42.23016666666667,39.92283333333333,37.8715,30.222222222222225,18.092592592592595,48.43333333333333,970.3639999999999,SITE 3,EXT
2026-04-24 06:00:00,55.26086206896552,55.21172413793103,50.24224137931035,29.578544061302683,18.141762452107283,50.58620689655172,971.1672413793103,SITE 3,EXT
2026-04-24 07:00:00,59.549166666666665,59.39566666666666,48.399499999999996,30.166666666666668,18.722222222222225,50.7,971.7536666666667,SITE 3,EXT
2026-04-24 08:00:00,47.80416666666667,46.984500000000004,41.662,30.962962962962965,19.01851851851852,49.266666666666666,972.2996666666667,SITE 3,EXT
2026-04-24 09:00:00,71.7655,66.17966666666668,44.823499999999996,32.55555555555556,18.98148148148148,45.06666666666667,972.2253333333333,SITE 3,EXT
2026-04-24 10:00:00,43.553666666666665,42.34083333333333,39.74366666666666,34.74074074074074,18.925925925925927,39.733333333333334,971.5846666666667,SITE 3,EXT
2026-04-24 11:00:00,44.039,42.883833333333335,40.93216666666667,37.31481481481482,18.666666666666668,33.9,970.83,SITE 3,EXT
2026-04-24 12:00:00,41.37379310344827,40.4896551724138,38.75672413793103,39.90421455938697,18.52490421455939,28.93103448275862,969.9013793103449,SITE 3,EXT
2026-04-24 13:00:00,44.885666666666665,44.44383333333334,42.41866666666667,40.666666666666664,19.333333333333332,29.366666666666667,968.9633333333334,SITE 3,EXT
2026-04-24 14:00:00,44.767833333333336,44.35850000000001,42.51566666666667,40.833333333333336,20.01851851851852,30.3,968.266,SITE 3,EXT
2026-04-24 15:00:00,44.655,44.31783333333333,42.5705,41.166666666666664,20.074074074074076,30.0,968.0740000000001,SITE 3,EXT
2026-04-24 16:00:00,43.18816666666667,42.756166666666665,40.86116666666667,40.38888888888889,19.574074074074076,30.033333333333335,968.013,SITE 3,EXT
2026-04-24 17:00:00,43.841499999999996,42.51116666666667,39.725833333333334,39.333333333333336,19.462962962962965,31.766666666666666,968.0356666666667,SITE 3,EXT
2026-04-24 18:00:00,57.477,56.03966666666667,49.57216666666667,37.68518518518519,19.53703703703704,34.96666666666667,968.496,SITE 3,EXT
2026-04-24 19:00:00,50.128,49.337333333333326,45.738166666666665,36.777777777777786,20.166666666666668,38.166666666666664,969.4036666666667,SITE 3,EXT
2026-04-24 20:00:00,45.345,44.63983333333333,41.36683333333334,35.777777777777786,19.25925925925926,38.3,969.9306666666666,SITE 3,EXT
2026-04-24 21:00:00,44.791724137931034,44.09103448275862,40.46775862068966,35.15325670498084,18.96551724137931,38.758620689655174,970.7634482758621,SITE 3,EXT
2026-04-24 22:00:00,40.889,39.84133333333333,37.328833333333336,34.25925925925926,18.962962962962965,40.93333333333333,971.1686666666667,SITE 3,EXT
2026-04-24 23:00:00,39.224333333333334,37.356833333333334,35.099000000000004,33.611111111111114,19.444444444444446,43.53333333333333,970.9786666666666,SITE 3,EXT
2026-04-25 00:00:00,40.8695,39.450500000000005,36.71116666666667,32.90740740740741,19.88888888888889,46.5,970.51,SITE 3,EXT
2026-04-25 01:00:00,40.61033333333333,39.01166666666666,35.84283333333334,32.2037037037037,20.25925925925926,49.56666666666667,970.0493333333333,SITE 3,EXT
2026-04-25 02:00:00,40.563833333333335,39.07283333333333,36.02766666666666,31.53703703703704,20.27777777777778,51.7,969.65,SITE 3,EXT
2026-04-25 03:00:00,43.27066666666667,42.285,39.374,31.111111111111118,20.0,52.56666666666667,969.2683333333333,SITE 3,EXT
2026-04-25 04:00:00,45.669,44.828833333333336,41.54766666666667,31.03703703703704,20.185185185185183,52.93333333333333,969.678,SITE 3,EXT
2026-04-25 05:00:00,47.50431034482759,46.55534482758621,43.28034482758621,30.210727969348657,19.86590038314176,54.51724137931034,970.1668965517241,SITE 3,EXT
2026-04-25 06:00:00,53.33733333333334,52.73766666666667,48.12883333333333,29.90740740740741,19.90740740740741,55.46666666666667,970.6406666666667,SITE 3,EXT
2026-04-25 07:00:00,52.407333333333334,51.294333333333334,45.78,30.333333333333332,19.77777777777778,53.5,971.4456666666666,SITE 3,EXT
2026-04-25 08:00:00,51.239333333333335,49.8265,44.9225,30.98148148148148,20.0,52.56666666666667,971.9423333333333,SITE 3,EXT
2026-04-25 09:00:00,48.22183333333333,47.00416666666667,42.292,32.333333333333336,20.666666666666668,50.43333333333333,972.3009999999999,SITE 3,EXT
2026-04-25 10:00:00,46.833666666666666,45.254333333333335,41.223,34.64814814814815,20.77777777777778,44.833333333333336,972.289,SITE 3,EXT
2026-04-25 11:00:00,50.829827586206896,47.9598275862069,43.98948275862069,36.99233716475096,20.30651340996169,38.0,971.6127586206896,SITE 3,EXT
2026-04-25 12:00:00,52.77633333333333,51.84916666666666,48.33316666666667,39.2037037037037,20.092592592592595,33.36666666666667,970.6766666666666,SITE 3,EXT
2026-04-25 13:00:00,49.337833333333336,48.803999999999995,44.997,41.277777777777786,19.685185185185183,29.066666666666666,969.7133333333334,SITE 3,EXT
2026-04-25 14:00:00,52.882333333333335,52.357166666666664,48.71783333333334,42.18518518518519,19.074074074074076,26.6,968.755,SITE 3,EXT
2026-04-25 15:00:00,51.290499999999994,50.78366666666667,47.36666666666667,42.57407407407407,19.166666666666668,26.3,968.0699999999999,SITE 3,EXT
2026-04-25 16:00:00,50.761833333333335,50.17066666666667,46.79316666666667,41.94444444444445,19.03703703703704,26.866666666666667,967.8673333333334,SITE 3,EXT
2026-04-25 17:00:00,50.84433333333333,50.181000000000004,46.1605,40.42592592592593,19.01851851851852,29.166666666666668,967.9086666666666,SITE 3,EXT
2026-04-25 18:00:00,59.82879310344828,56.38879310344828,48.893103448275866,39.04214559386973,19.32950191570881,32.172413793103445,968.555172413793,SITE 3,EXT
2026-04-25 19:00:00,66.01216666666667,64.61866666666667,56.258,37.77777777777778,19.98148148148148,35.8,969.444,SITE 3,EXT
2026-04-25 20:00:00,58.684999999999995,57.542833333333334,50.361666666666665,36.537037037037045,20.37037037037037,39.2,970.243,SITE 3,EXT
2026-04-25 21:00:00,49.3375,48.32516666666666,42.96116666666667,35.611111111111114,20.5,41.46666666666667,970.8206666666666,SITE 3,EXT
2026-04-25 22:00:00,46.32716666666667,45.384,40.94116666666666,34.94444444444444,19.833333333333332,41.3,971.5196666666667,SITE 3,EXT
2026-04-25 23:00:00,47.44379310344827,46.23137931034483,41.639310344827585,34.252873563218394,19.75095785440613,42.86206896551724,971.4337931034484,SITE 3,EXT
2026-04-26 00:00:00,48.25233333333333,46.964666666666666,42.147166666666664,33.777777777777786,20.222222222222225,45.233333333333334,971.026,SITE 3,EXT
2026-04-26 01:00:00,47.801500000000004,46.51,41.12733333333333,33.148148148148145,20.462962962962965,47.9,970.5766666666666,SITE 3,EXT
2026-04-26 02:00:00,52.00116666666667,50.09,42.9715,32.48148148148148,20.5,49.733333333333334,970.2183333333334,SITE 3,EXT
2026-04-26 03:00:00,50.852,49.04716666666666,42.788333333333334,31.87037037037037,20.518518518518523,51.8,970.2406666666667,SITE 3,EXT
2026-04-26 04:00:00,57.02383333333333,55.449,49.82066666666666,31.370370370370374,20.75925925925926,53.63333333333333,970.6153333333333,SITE 3,EXT
2026-04-26 05:00:00,77.40650000000001,73.51516666666666,66.31216666666667,30.962962962962965,20.592592592592595,54.56666666666667,971.1393333333333,SITE 3,EXT
2026-04-26 06:00:00,72.01283333333335,69.68583333333332,60.384,30.53703703703704,20.592592592592595,56.1,971.557,SITE 3,EXT
2026-04-26 07:00:00,65.78620689655172,63.499655172413796,55.95431034482758,30.42145593869732,20.53639846743295,55.93103448275862,972.3227586206897,SITE 3,EXT
2026-04-26 08:00:00,51.8875,50.16283333333333,45.37883333333333,31.48148148148148,20.444444444444446,52.233333333333334,973.0426666666666,SITE 3,EXT
2026-04-26 09:00:00,47.69866666666667,45.91566666666667,41.2355,32.833333333333336,20.592592592592595,48.766666666666666,973.4653333333333,SITE 3,EXT
2026-04-26 10:00:00,48.833666666666666,46.85066666666667,42.184333333333335,35.22222222222222,20.555555555555557,42.8,973.2366666666666,SITE 3,EXT
2026-04-26 11:00:00,50.4,48.640499999999996,45.131499999999996,37.75925925925926,20.27777777777778,36.4,972.8233333333334,SITE 3,EXT
2026-04-26 12:00:00,47.35783333333333,46.588166666666666,43.593833333333336,40.01851851851852,20.296296296296298,32.266666666666666,972.0376666666667,SITE 3,EXT
2026-04-26 13:00:00,49.50183333333334,48.8435,46.29266666666667,41.277777777777786,19.833333333333332,29.4,971.0400000000001,SITE 3,EXT
2026-04-26 14:00:00,48.69766666666667,48.168,45.709500000000006,41.38888888888889,19.722222222222225,28.966666666666665,970.9863333333334,SITE 3,EXT
2026-04-26 15:00:00,46.16866666666667,45.544,42.848166666666664,41.42592592592593,19.666666666666668,28.766666666666666,970.5413333333333,SITE 3,EXT
2026-04-26 16:00:00,42.275666666666666,41.648,38.66883333333333,40.592592592592595,19.814814814814817,30.333333333333332,970.6893333333334,SITE 3,EXT
2026-04-26 17:00:00,42.673793103448276,41.868448275862065,38.33724137931034,38.88888888888889,19.82758620689655,33.310344827586206,970.96,SITE 3,EXT
2026-04-26 18:00:00,49.209500000000006,47.122,43.16433333333334,36.90740740740741,19.370370370370374,35.93333333333333,971.4313333333333,SITE 3,EXT
2026-04-26 19:00:00,47.92433333333334,46.708,42.745666666666665,36.62962962962964,19.592592592592595,37.266666666666666,972.3676666666667,SITE 3,EXT
2026-04-26 20:00:00,49.1195,47.88383333333333,43.9535,36.18518518518519,19.62962962962963,38.4,972.6136666666666,SITE 3,EXT
2026-04-26 21:00:00,45.41416666666667,44.231,40.632666666666665,35.2962962962963,19.555555555555557,39.9,973.2096666666667,SITE 3,EXT
2026-04-26 22:00:00,44.19949999999999,42.68766666666667,39.43216666666667,34.666666666666664,19.53703703703704,41.43333333333333,973.785,SITE 3,EXT
2026-04-26 23:00:00,44.037166666666664,42.422000000000004,39.631166666666665,33.870370370370374,19.48148148148148,43.36666666666667,973.592,SITE 3,EXT
2026-04-27 00:00:00,41.872166666666665,40.39116666666666,37.854,33.12962962962963,19.092592592592595,43.9,973.314,SITE 3,EXT
2026-04-27 01:00:00,40.525,38.88741379310345,36.432758620689654,32.701149425287355,19.195402298850578,45.37931034482759,972.9627586206897,SITE 3,EXT
2026-04-27 02:00:00,40.386833333333335,38.68666666666666,36.040333333333336,32.22222222222222,19.314814814814817,46.8,972.5833333333334,SITE 3,EXT
2026-04-27 03:00:00,39.6415,37.74483333333333,34.94783333333333,31.90740740740741,19.48148148148148,48.266666666666666,972.1556666666667,SITE 3,EXT
2026-04-27 04:00:00,40.717,39.065000000000005,36.050333333333334,31.425925925925927,19.53703703703704,49.7,973.1016666666667,SITE 3,EXT
2026-04-27 05:00:00,44.337333333333326,42.80583333333333,39.001999999999995,31.111111111111118,19.444444444444446,50.43333333333333,973.8646666666666,SITE 3,EXT
2026-04-27 06:00:00,76.44683333333333,62.3455,51.334666666666664,31.185185185185187,19.555555555555557,50.8,974.0583333333333,SITE 3,EXT
2026-04-27 07:00:00,59.0151724137931,56.506551724137935,51.14672413793104,31.16858237547893,19.329501915708814,50.13793103448276,975.1579310344828,SITE 3,EXT
2026-04-27 08:00:00,58.352333333333334,56.861666666666665,52.66983333333334,31.27777777777778,19.75925925925926,50.7,976.0826666666667,SITE 3,EXT
2026-04-27 09:00:00,183.81666666666666,168.45516666666666,80.57583333333334,32.46296296296296,19.703703703703702,47.3,976.5033333333333,SITE 3,EXT
2026-04-27 10:00:00,57.466,55.241166666666665,46.30766666666667,33.7962962962963,19.574074074074076,43.43333333333333,976.4036666666667,SITE 3,EXT
2026-04-27 11:00:00,41.74583333333333,40.32966666666667,38.263333333333335,33.27777777777778,19.240740740740744,43.96666666666667,976.121,SITE 3,EXT
2026-04-27 12:00:00,38.51199999999999,36.39516666666667,35.53483333333334,33.51851851851852,19.14814814814815,43.13333333333333,975.2,SITE 3,EXT
2026-04-27 13:00:00,42.02258620689655,41.01258620689655,40.01344827586207,36.09195402298851,18.448275862068964,35.62068965517241,973.484827586207,SITE 3,EXT
2026-04-27 14:00:00,40.797000000000004,39.746833333333335,38.59666666666667,37.833333333333336,17.75925925925926,31.0,972.2163333333334,SITE 3,EXT
2026-04-27 15:00:00,39.64816666666666,38.050666666666665,36.83166666666667,38.55555555555556,17.574074074074073,29.3,971.1333333333333,SITE 3,EXT
2026-04-27 16:00:00,38.03333333333333,35.68233333333333,34.3545,39.166666666666664,17.259259259259256,28.0,970.6416666666667,SITE 3,EXT
2026-04-27 17:00:00,39.41716666666667,37.678,35.525,38.75925925925926,17.01851851851852,28.133333333333333,970.5466666666667,SITE 3,EXT
2026-04-27 18:00:00,54.2845,51.76683333333333,45.492333333333335,37.7962962962963,17.055555555555557,29.7,971.0926666666667,SITE 3,EXT
2026-04-27 19:00:00,60.303,58.83583333333333,51.993,37.42592592592593,18.388888888888893,33.06666666666667,971.7666666666667,SITE 3,EXT
2026-04-27 20:00:00,47.512241379310346,46.592241379310344,42.72327586206896,35.708812260536405,19.846743295019156,39.758620689655174,972.308275862069,SITE 3,EXT
2026-04-27 21:00:00,46.069833333333335,44.87533333333333,41.658833333333334,35.27777777777778,19.666666666666668,40.166666666666664,973.0463333333333,SITE 3,EXT
2026-04-27 22:00:00,46.78966666666667,45.2855,41.99366666666666,34.666666666666664,19.425925925925927,40.9,973.3593333333333,SITE 3,EXT
2026-04-27 23:00:00,44.174,43.02383333333333,40.3715,34.18518518518519,19.666666666666668,42.46666666666667,973.3273333333333,SITE 3,EXT
2026-04-28 00:00:00,44.408,42.69833333333334,38.9565,33.68518518518519,19.814814814814817,44.46666666666667,972.9086666666667,SITE 3,EXT
2026-04-28 01:00:00,44.09166666666667,42.786833333333334,39.2295,33.092592592592595,20.074074074074076,46.96666666666667,972.1023333333334,SITE 3,EXT
2026-04-28 02:00:00,44.6775,43.343666666666664,39.30166666666666,32.42592592592593,20.240740740740744,48.8,971.8243333333334,SITE 3,EXT
2026-04-28 03:00:00,44.22603448275862,43.10793103448276,39.470000000000006,32.10727969348659,20.42145593869732,50.241379310344826,971.6544827586207,SITE 3,EXT
2026-04-28 04:00:00,46.3855,45.216,41.46,31.666666666666668,20.01851851851852,50.4,972.0773333333333,SITE 3,EXT
2026-04-28 05:00:00,57.452666666666666,49.7455,44.297000000000004,31.555555555555557,19.88888888888889,50.166666666666664,972.647,SITE 3,EXT
2026-04-28 06:00:00,63.342999999999996,61.39933333333333,55.155833333333334,30.944444444444446,19.740740740740744,51.46666666666667,973.315,SITE 3,EXT
2026-04-28 07:00:00,61.52433333333333,60.022166666666664,56.36066666666667,31.129629629629633,19.53703703703704,50.53333333333333,974.103,SITE 3,EXT
2026-04-28 08:00:00,46.51616666666666,45.245999999999995,42.03966666666667,31.90740740740741,19.685185185185183,48.8,974.6993333333334,SITE 3,EXT
2026-04-28 09:00:00,46.48316666666667,45.01466666666667,41.7015,33.22222222222222,20.074074074074073,46.43333333333333,974.7496666666667,SITE 3,EXT
2026-04-28 10:00:00,46.84827586206896,45.69827586206897,42.40689655172414,35.191570881226056,20.42145593869732,42.3448275862069,974.4244827586207,SITE 3,EXT
2026-04-28 11:00:00,51.11016666666667,49.800666666666665,47.25383333333333,37.592592592592595,20.555555555555557,37.43333333333333,973.8236666666667,SITE 3,EXT
2026-04-28 12:00:00,46.43516666666667,45.93533333333333,44.39983333333334,40.351851851851855,19.074074074074076,29.433333333333334,972.552,SITE 3,EXT
2026-04-28 13:00:00,47.76833333333333,47.30683333333333,45.89383333333333,42.38888888888889,18.055555555555557,24.733333333333334,971.2046666666666,SITE 3,EXT
2026-04-28 14:00:00,45.93233333333333,45.602333333333334,44.29566666666666,42.5,17.75925925925926,24.2,970.0753333333334,SITE 3,EXT
2026-04-28 15:00:00,50.08033333333333,49.641666666666666,47.463,42.94444444444445,17.666666666666668,23.433333333333334,968.9860000000001,SITE 3,EXT
2026-04-28 16:00:00,49.903,49.36133333333334,46.035833333333336,43.31481481481482,16.88888888888889,21.8,968.4336666666666,SITE 3,EXT
2026-04-28 17:00:00,49.65233333333333,48.94950000000001,45.9425,40.61111111111111,17.64814814814815,26.566666666666666,968.902,SITE 3,EXT
2026-04-28 18:00:00,42.09172413793104,40.98051724137931,38.75086206896552,35.498084291187745,18.582375478927204,37.3448275862069,970.4893103448276,SITE 3,EXT
2026-04-28 19:00:00,41.17016666666667,40.39566666666666,38.8185,34.55555555555556,18.98148148148148,40.233333333333334,971.3633333333333,SITE 3,EXT
2026-04-28 20:00:00,40.57066666666666,39.71366666666667,38.251666666666665,34.42592592592593,18.722222222222225,39.833333333333336,971.6186666666667,SITE 3,EXT
2026-04-28 21:00:00,40.551500000000004,39.72166666666667,38.41616666666666,33.833333333333336,18.722222222222225,41.03333333333333,973.0066666666667,SITE 3,EXT
2026-04-28 22:00:00,39.537,38.01716666666667,36.55466666666667,33.111111111111114,19.314814814814817,44.53333333333333,973.6643333333334,SITE 3,EXT
2026-04-28 23:00:00,38.8475,37.12133333333334,35.71,31.87037037037037,19.77777777777778,49.13333333333333,973.3496666666666,SITE 3,EXT
2026-04-29 00:00:00,41.546166666666664,40.7305,39.580333333333336,31.222222222222225,19.555555555555557,50.06666666666667,972.7336666666666,SITE 3,EXT
2026-04-29 01:00:00,47.294137931034484,46.84258620689655,45.62603448275862,31.01532567049809,19.38697318007663,50.55172413793103,972.198275862069,SITE 3,EXT
2026-04-29 02:00:00,46.22616666666667,45.84683333333333,44.956,30.61111111111111,19.555555555555557,52.0,971.8976666666666,SITE 3,EXT
2026-04-29 03:00:00,45.98966666666667,45.724666666666664,44.80616666666666,30.037037037037035,19.444444444444446,53.4,971.6126666666667,SITE 3,EXT
2026-04-29 04:00:00,45.07683333333333,44.8285,43.82983333333333,29.98148148148148,19.351851851851855,53.0,972.1623333333333,SITE 3,EXT
2026-04-29 05:00:00,50.60666666666667,48.803666666666665,45.473,29.833333333333332,19.370370370370374,54.2,972.638,SITE 3,EXT
2026-04-29 06:00:00,49.34116666666667,48.6575,45.593333333333334,29.5,19.11111111111111,54.266666666666666,972.9536666666667,SITE 3,EXT
2026-04-29 07:00:00,98.06103448275861,96.67827586206897,92.75775862068966,30.210727969348657,19.6360153256705,53.55172413793103,973.6744827586207,SITE 3,EXT
2026-04-29 08:00:00,82.89333333333335,81.87883333333333,79.70733333333332,30.925925925925927,19.75925925925926,51.8,974.2716666666668,SITE 3,EXT
2026-04-29 09:00:00,45.14516666666667,43.976,42.07233333333333,32.7962962962963,20.055555555555554,47.266666666666666,974.3273333333333,SITE 3,EXT
2026-04-29 10:00:00,43.68566666666666,43.019999999999996,41.424,34.94444444444445,19.85185185185185,41.46666666666667,973.7913333333333,SITE 3,EXT
2026-04-29 11:00:00,47.9625,47.08283333333333,45.561,36.92592592592593,19.833333333333332,37.3,973.4183333333333,SITE 3,EXT
2026-04-29 12:00:00,44.45016666666667,43.3765,41.925666666666665,38.14814814814815,19.796296296296298,34.7,972.881,SITE 3,EXT
2026-04-29 13:00:00,41.6205,40.590333333333334,38.961666666666666,39.01851851851852,19.592592592592595,32.6,971.9593333333333,SITE 3,EXT
2026-04-29 14:00:00,41.96913793103448,41.157758620689656,39.52741379310345,39.75095785440613,19.846743295019156,31.96551724137931,971.1358620689655,SITE 3,EXT
2026-04-29 15:00:00,42.857,42.323,40.619,40.11111111111111,19.88888888888889,31.366666666666667,970.4296666666667,SITE 3,EXT
2026-04-29 16:00:00,42.366499999999995,41.70133333333333,39.52316666666666,38.68518518518519,19.962962962962965,33.7,970.1560000000001,SITE 3,EXT
2026-04-29 17:00:00,45.817884615384614,44.490961538461534,41.35480769230769,35.534188034188034,17.970085470085472,35.53846153846154,971.1930769230769,SITE 3,EXT
2026-04-29 19:00:00,48.299107142857146,47.93142857142857,44.72428571428571,28.630952380952383,20.13888888888889,60.714285714285715,973.657142857143,SITE 3,EXT
2026-04-29 20:00:00,42.766,42.279833333333336,40.1585,29.98148148148148,20.185185185185183,56.06666666666667,973.9933333333333,SITE 3,EXT
2026-04-29 21:00:00,41.7795,41.062666666666665,39.20133333333333,30.5,19.814814814814817,53.4,974.3306666666666,SITE 3,EXT
2026-04-29 22:00:00,42.69416666666667,42.04083333333333,39.897166666666664,29.814814814814817,19.40740740740741,53.86666666666667,974.9666666666667,SITE 3,EXT
2026-04-29 23:00:00,44.05,43.65083333333334,41.348499999999994,29.185185185185183,19.87037037037037,57.833333333333336,975.5106666666667,SITE 3,EXT
2026-04-30 00:00:00,46.015,45.79844827586207,43.547758620689656,29.38697318007663,20.229885057471268,58.44827586206897,975.6168965517242,SITE 3,EXT
2026-04-30 01:00:00,46.785666666666664,46.47616666666667,44.31916666666667,29.425925925925927,20.314814814814817,58.93333333333333,974.941,SITE 3,EXT
2026-04-30 02:00:00,47.34983333333333,47.087333333333326,44.98166666666667,29.0,20.25925925925926,60.1,974.5223333333332,SITE 3,EXT
2026-04-30 03:00:00,49.37733333333333,49.06966666666666,46.814,29.333333333333332,20.444444444444446,59.7,974.2206666666666,SITE 3,EXT
2026-04-30 04:00:00,48.8735,48.483,45.5095,29.037037037037035,20.75925925925926,61.733333333333334,974.3463333333333,SITE 3,EXT
2026-04-30 05:00:00,49.050000000000004,48.32793103448276,44.001379310344824,28.869731800766285,21.13026819923372,64.13793103448276,974.6768965517242,SITE 3,EXT
2026-04-30 06:00:00,48.53483333333334,47.7575,43.798,28.87037037037037,21.09259259259259,63.9,975.0636666666667,SITE 3,EXT
2026-04-30 07:00:00,47.908,47.251,44.16833333333333,29.537037037037035,21.37037037037037,61.96666666666667,975.6793333333334,SITE 3,EXT
2026-04-30 08:00:00,55.871833333333335,55.15233333333333,51.542833333333334,30.37037037037037,21.75925925925926,60.53333333333333,976.3106666666666,SITE 3,EXT
2026-04-30 09:00:00,47.035999999999994,46.55116666666667,43.18116666666666,31.425925925925927,21.944444444444446,57.63333333333333,976.5646666666667,SITE 3,EXT
2026-04-30 10:00:00,51.30083333333334,50.618,46.827999999999996,33.24074074074074,22.185185185185183,52.9,976.274,SITE 3,EXT
2026-04-30 11:00:00,53.8615,53.47833333333333,51.05283333333333,35.592592592592595,21.51851851851852,44.43333333333333,975.8506666666667,SITE 3,EXT
2026-04-30 12:00:00,42.532758620689656,42.039482758620686,40.749310344827585,37.83524904214559,21.340996168582375,38.793103448275865,974.8075862068966,SITE 3,EXT
2026-04-30 13:00:00,46.37983333333333,46.032666666666664,44.97566666666667,39.03703703703704,20.814814814814817,35.1,973.6996666666668,SITE 3,EXT
2026-04-30 14:00:00,42.76233333333334,42.478500000000004,41.44533333333333,40.351851851851855,20.88888888888889,32.9,972.7226666666667,SITE 3,EXT
2026-04-30 15:00:00,41.1725,40.805,39.719166666666666,41.18518518518519,20.25925925925926,30.233333333333334,971.9586666666667,SITE 3,EXT
2026-04-30 16:00:00,39.49293103448276,38.73275862068966,37.52362068965517,40.900383141762454,19.846743295019156,30.0,971.3203448275863,SITE 3,EXT
2026-04-30 17:00:00,42.68516666666667,42.159666666666666,40.18683333333333,39.851851851851855,19.796296296296298,31.6,971.2156666666667,SITE 3,EXT
2026-04-30 18:00:00,50.77965517241379,49.74810344827586,45.984655172413795,38.390804597701155,20.325670498084293,35.241379310344826,971.5331034482758,SITE 3,EXT
2026-04-30 19:00:00,57.035333333333334,55.1735,49.484500000000004,37.42592592592593,20.51851851851852,37.7,971.9973333333332,SITE 3,EXT
2026-04-30 20:00:00,61.31444444444445,59.37833333333333,53.58888888888889,36.666666666666664,20.185185185185183,38.44444444444444,972.6922222222222,SITE 3,EXT
2026-04-30 21:00:00,52.42791666666667,51.70666666666667,49.109166666666674,32.5,21.25,52.083333333333336,973.58875,SITE 3,EXT
2026-04-30 22:00:00,53.642833333333336,52.949,49.33616666666667,33.7962962962963,21.925925925925927,50.43333333333333,973.6033333333332,SITE 3,EXT
2026-04-30 23:00:00,58.940666666666665,58.16866666666667,53.950833333333335,33.18518518518519,22.5,53.96666666666667,973.5536666666667,SITE 3,EXT
2026-05-01 00:00:00,47.86466666666667,47.236666666666665,45.43283333333333,32.77777777777778,21.01851851851852,50.733333333333334,973.2333333333333,SITE 3,EXT
2026-05-01 01:00:00,48.731,48.04600000000001,46.2065,32.46296296296296,21.14814814814815,51.833333333333336,972.6203333333334,SITE 3,EXT
2026-05-01 02:00:00,49.274499999999996,48.525166666666664,46.3565,31.75925925925926,21.444444444444446,54.833333333333336,971.9836666666666,SITE 3,EXT
2026-05-01 03:00:00,49.64155172413793,48.69379310344827,45.845862068965516,31.666666666666668,21.475095785440615,55.275862068965516,971.7606896551724,SITE 3,EXT
2026-05-01 04:00:00,45.7945,44.88466666666667,41.642,31.148148148148152,21.962962962962965,58.63333333333333,971.9136666666667,SITE 3,EXT
2026-05-01 05:00:00,54.75716666666666,53.6695,49.4965,31.000000000000004,21.0,55.7,972.0006666666667,SITE 3,EXT
2026-05-01 06:00:00,62.371,61.0535,54.2445,30.666666666666668,20.85185185185185,56.43333333333333,972.2686666666667,SITE 3,EXT
2026-05-01 07:00:00,60.86416666666666,59.52633333333333,53.035333333333334,31.03703703703704,20.592592592592595,54.3,973.224,SITE 3,EXT
2026-05-01 08:00:00,129.61266666666668,123.46516666666666,75.88216666666668,32.333333333333336,20.685185185185183,50.6,974.0286666666667,SITE 3,EXT
2026-05-01 09:00:00,67.16516666666666,65.501,54.94083333333333,33.64814814814815,20.796296296296298,47.333333333333336,973.967,SITE 3,EXT
2026-05-01 10:00:00,49.123275862068965,48.40637931034483,46.71758620689655,35.593869731800766,21.26436781609195,43.793103448275865,973.758275862069,SITE 3,EXT
2026-05-01 11:00:00,45.940333333333335,45.24333333333333,43.56966666666666,37.88888888888889,20.555555555555557,36.9,973.323,SITE 3,EXT
2026-05-01 12:00:00,42.844500000000004,42.1705,40.848499999999994,39.166666666666664,19.888888888888893,32.833333333333336,972.5083333333333,SITE 3,EXT
2026-05-01 13:00:00,45.381166666666665,44.94916666666666,43.51883333333333,40.05555555555556,19.98148148148148,31.666666666666668,971.4426666666666,SITE 3,EXT
2026-05-01 14:00:00,43.890166666666666,43.44316666666667,42.049,40.94444444444445,19.666666666666668,29.466666666666665,970.6306666666666,SITE 3,EXT
2026-05-01 15:00:00,43.31733333333333,42.95516666666666,41.6795,42.74074074074074,20.166666666666668,27.633333333333333,969.909,SITE 3,EXT
2026-05-01 16:00:00,46.426833333333335,46.0435,44.815666666666665,42.77777777777778,20.166666666666668,27.733333333333334,969.61,SITE 3,EXT
2026-05-01 17:00:00,49.172413793103445,48.73327586206897,46.499310344827585,42.37547892720307,20.3639846743295,28.448275862068964,969.6313793103449,SITE 3,EXT
2026-05-01 18:00:00,53.55433333333333,52.72366666666667,46.78933333333334,40.2962962962963,20.72222222222222,32.666666666666664,969.7743333333333,SITE 3,EXT
2026-05-01 19:00:00,54.327666666666666,53.3405,47.07166666666667,38.851851851851855,21.574074074074076,37.233333333333334,970.3696666666667,SITE 3,EXT
2026-05-01 20:00:00,49.22266666666667,48.42916666666667,43.9985,38.22222222222222,21.48148148148148,38.2,970.813,SITE 3,EXT
2026-05-01 21:00:00,55.25533333333333,54.137166666666666,48.81516666666666,37.666666666666664,21.537037037037035,39.93333333333333,971.311,SITE 3,EXT
2026-05-01 22:00:00,53.67933333333334,52.8795,48.855000000000004,37.12962962962963,21.425925925925927,40.733333333333334,971.5576666666667,SITE 3,EXT
2026-05-01 23:00:00,52.48866666666667,51.73133333333333,48.20233333333333,36.12962962962963,21.77777777777778,43.7,971.3063333333333,SITE 3,EXT
2026-05-02 00:00:00,53.51568965517241,52.79482758620689,49.16775862068965,35.191570881226056,21.685823754789272,45.86206896551724,971.0589655172414,SITE 3,EXT
2026-05-02 01:00:00,44.701,44.05416666666667,40.74433333333333,34.111111111111114,21.666666666666668,48.63333333333333,970.6743333333333,SITE 3,EXT
2026-05-02 02:00:00,44.18833333333334,43.62533333333333,40.75783333333333,33.40740740740741,21.64814814814815,50.36666666666667,970.3166666666667,SITE 3,EXT
2026-05-02 03:00:00,44.07083333333333,43.296166666666664,40.330333333333336,32.94444444444444,21.666666666666668,51.833333333333336,970.0593333333333,SITE 3,EXT
2026-05-02 04:00:00,43.65683333333333,42.783166666666666,40.02466666666667,32.2962962962963,21.333333333333332,52.766666666666666,970.393,SITE 3,EXT
2026-05-02 05:00:00,46.334666666666664,45.20583333333333,42.2815,31.685185185185183,21.12962962962963,53.733333333333334,970.6746666666667,SITE 3,EXT
2026-05-02 06:00:00,52.99516666666667,51.72266666666667,47.8095,31.518518518518523,20.98148148148148,54.166666666666664,971.1603333333334,SITE 3,EXT
2026-05-02 07:00:00,50.809666666666665,49.784666666666666,46.90333333333333,31.64814814814815,21.055555555555554,53.666666666666664,971.9306666666666,SITE 3,EXT
2026-05-02 08:00:00,45.45116666666667,44.41233333333333,41.86183333333334,32.092592592592595,21.037037037037035,52.5,972.6056666666666,SITE 3,EXT
2026-05-02 09:00:00,49.5865,46.8115,41.914833333333334,33.166666666666664,21.425925925925927,50.8,973.1859999999999,SITE 3,EXT
2026-05-02 10:00:00,48.381206896551724,47.54655172413793,45.255172413793105,34.44444444444444,21.781609195402297,48.172413793103445,973.3327586206897,SITE 3,EXT
2026-05-02 11:00:00,43.361,42.6455,40.609833333333334,35.96296296296296,21.88888888888889,44.53333333333333,973.0139999999999,SITE 3,EXT
2026-05-02 12:00:00,46.81583333333333,45.98266666666667,44.04483333333334,37.81481481481482,22.055555555555554,40.7,972.4333333333333,SITE 3,EXT
2026-05-02 13:00:00,43.549499999999995,43.29666666666667,41.6945,39.74074074074074,21.98148148148148,36.333333333333336,971.7416666666667,SITE 3,EXT
2026-05-02 14:00:00,44.67333333333333,44.39266666666666,42.67166666666667,40.37037037037037,21.962962962962965,35.2,971.013,SITE 3,EXT
2026-05-02 15:00:00,44.332166666666666,44.049499999999995,42.32449999999999,40.31481481481482,21.962962962962965,35.166666666666664,970.3216666666667,SITE 3,EXT
2026-05-02 16:00:00,45.17166666666667,44.881499999999996,42.97183333333333,40.351851851851855,21.722222222222225,34.6,969.939,SITE 3,EXT
2026-05-02 17:00:00,45.01116666666667,44.6265,42.065000000000005,38.96296296296296,21.462962962962965,36.86666666666667,969.7113333333333,SITE 3,EXT
2026-05-02 18:00:00,48.872068965517244,48.046379310344825,44.66258620689655,37.279693486590034,21.45593869731801,40.275862068965516,970.2679310344828,SITE 3,EXT
2026-05-02 19:00:00,50.02366666666667,49.36866666666666,46.47816666666667,36.24074074074075,21.61111111111111,43.06666666666667,970.849,SITE 3,EXT
2026-05-02 20:00:00,50.867666666666665,50.14883333333333,46.861,35.53703703703704,21.740740740740744,45.2,971.8863333333334,SITE 3,EXT
2026-05-02 21:00:00,46.22183333333333,45.544,42.98733333333334,35.0,21.833333333333332,46.666666666666664,972.3436666666668,SITE 3,EXT
2026-05-02 22:00:00,44.165333333333336,43.572,41.337833333333336,34.44444444444444,21.64814814814815,47.86666666666667,973.179,SITE 3,EXT
2026-05-02 23:00:00,42.86033333333333,42.23433333333333,40.174,34.092592592592595,21.61111111111111,48.7,973.7180000000001,SITE 3,EXT
2026-05-03 00:00:00,41.06616666666666,38.77166666666667,37.592,30.11111111111111,18.222222222222225,49.333333333333336,974.325,SITE 3,EXT
2026-05-03 01:00:00,36.71310344827587,33.333275862068966,32.5598275862069,29.291187739463602,18.103448275862068,51.44827586206897,972.29,SITE 3,EXT
2026-05-03 02:00:00,37.039,34.0475,33.298500000000004,28.796296296296298,18.0,52.5,971.694,SITE 3,EXT
2026-05-03 03:00:00,37.75066666666667,35.48383333333334,34.87,28.0,18.055555555555557,55.13333333333333,970.9416666666667,SITE 3,EXT
2026-05-03 04:00:00,38.085166666666666,36.18483333333334,35.539,27.888888888888893,17.944444444444446,55.3,970.4766666666667,SITE 3,EXT
2026-05-03 05:00:00,38.337333333333326,36.5465,35.63416666666667,28.27777777777778,17.722222222222225,53.4,971.0466666666667,SITE 3,EXT
2026-05-03 06:00:00,42.10433333333333,40.936166666666665,38.755833333333335,28.796296296296298,17.833333333333332,52.13333333333333,971.7676666666666,SITE 3,EXT
2026-05-03 07:00:00,47.757,47.0715,43.19016666666666,29.037037037037035,18.074074074074076,51.9,972.4376666666667,SITE 3,EXT
2026-05-03 08:00:00,55.586999999999996,54.801,52.911833333333334,30.240740740740744,17.90740740740741,47.96666666666667,973.8009999999999,SITE 3,EXT
2026-05-03 09:00:00,50.21431034482758,48.748620689655176,44.46431034482758,31.360153256704983,17.681992337164754,44.58620689655172,974.2151724137932,SITE 3,EXT
2026-05-03 10:00:00,40.402,39.50483333333333,38.49216666666667,33.333333333333336,17.962962962962965,40.5,973.966,SITE 3,EXT
2026-05-03 11:00:00,37.961666666666666,35.33266666666667,34.45116666666667,35.777777777777786,18.85185185185185,37.0,973.8313333333333,SITE 3,EXT
2026-05-03 12:00:00,39.527833333333334,38.44783333333333,37.57116666666666,38.166666666666664,19.740740740740744,34.233333333333334,972.8756666666667,SITE 3,EXT
2026-05-03 13:00:00,43.20233333333333,42.495,41.5875,39.833333333333336,20.037037037037035,32.06666666666667,971.8706666666666,SITE 3,EXT
2026-05-03 14:00:00,53.4425,53.217999999999996,52.283500000000004,41.22222222222222,20.055555555555557,29.666666666666668,971.1313333333333,SITE 3,EXT
2026-05-03 15:00:00,59.31896551724138,58.963793103448275,56.413275862068964,41.43678160919541,19.846743295019156,29.103448275862068,970.8748275862068,SITE 3,EXT
2026-05-03 16:00:00,51.720333333333336,51.45933333333333,50.24366666666666,40.90740740740741,19.85185185185185,29.866666666666667,970.4576666666667,SITE 3,EXT
2026-05-03 17:00:00,51.01366666666667,48.95683333333333,45.89483333333333,39.7962962962963,19.88888888888889,31.966666666666665,970.7756666666667,SITE 3,EXT
2026-05-03 18:00:00,50.560833333333335,49.959833333333336,45.89383333333333,38.2037037037037,19.944444444444446,34.733333333333334,971.376,SITE 3,EXT
2026-05-03 19:00:00,51.794666666666664,50.98533333333333,46.7205,37.44444444444444,20.425925925925927,37.5,972.175,SITE 3,EXT
2026-05-03 20:00:00,44.88133333333334,44.406,41.74933333333333,36.31481481481482,20.944444444444446,41.0,972.5766666666666,SITE 3,EXT
2026-05-03 21:00:00,42.71216666666667,42.225166666666674,39.94916666666666,35.62962962962963,20.62962962962963,42.06666666666667,973.1110000000001,SITE 3,EXT
2026-05-03 22:00:00,44.14833333333333,43.618500000000004,41.41833333333333,35.42592592592593,20.925925925925927,43.53333333333333,973.3803333333333,SITE 3,EXT
2026-05-03 23:00:00,46.60051724137931,45.88551724137931,43.27620689655173,35.09578544061303,21.0727969348659,44.62068965517241,973.7972413793103,SITE 3,EXT
2026-05-04 00:00:00,47.3945,46.376999999999995,42.907333333333334,34.75925925925926,21.444444444444446,46.166666666666664,973.8860000000001,SITE 3,EXT
2026-05-04 01:00:00,43.2575,42.45316666666667,39.98766666666667,33.70370370370371,21.24074074074074,48.56666666666667,973.5093333333333,SITE 3,EXT
2026-05-04 02:00:00,41.21383333333333,40.42516666666667,38.2,33.074074074074076,21.425925925925927,50.7,973.0623333333333,SITE 3,EXT
2026-05-04 03:00:00,40.903333333333336,40.214333333333336,38.03366666666667,32.666666666666664,21.555555555555557,52.5,972.638,SITE 3,EXT
2026-05-04 04:00:00,44.00533333333333,43.005833333333335,39.775666666666666,32.09259259259259,21.48148148148148,53.833333333333336,972.6656666666667,SITE 3,EXT
2026-05-04 05:00:00,46.25241379310344,45.44241379310345,42.58586206896552,31.62835249042146,21.475095785440615,55.10344827586207,973.0506896551725,SITE 3,EXT
2026-05-04 06:00:00,58.90566666666667,55.09683333333333,50.16766666666667,30.870370370370374,21.314814814814817,57.43333333333333,973.6206666666666,SITE 3,EXT
2026-05-04 07:00:00,56.11783333333334,54.963499999999996,51.428,31.03703703703704,21.037037037037035,55.86666666666667,974.3946666666667,SITE 3,EXT
2026-05-04 08:00:00,46.56783333333333,45.35583333333333,42.702999999999996,32.166666666666664,20.962962962962965,52.13333333333333,975.106,SITE 3,EXT
2026-05-04 09:00:00,56.46383333333333,54.69666666666667,48.352833333333336,33.62962962962963,21.037037037037035,48.266666666666666,975.3276666666666,SITE 3,EXT
2026-05-04 10:00:00,51.2635,50.479000000000006,48.533,35.5,21.0,43.36666666666667,975.1743333333333,SITE 3,EXT
2026-05-04 11:00:00,45.12716666666667,44.36466666666667,42.37516666666667,37.92592592592593,20.87037037037037,37.5,974.4056666666667,SITE 3,EXT
2026-05-04 12:00:00,47.133793103448276,46.710344827586205,45.21327586206896,40.47892720306513,20.613026819923373,32.172413793103445,973.4789655172414,SITE 3,EXT
2026-05-04 15:00:00,48.50607142857143,47.974642857142854,46.125,39.32539682539682,19.484126984126984,33.07142857142857,970.6071428571429,SITE 3,EXT
2026-05-04 16:00:00,42.193,41.22833333333333,40.08766666666667,32.092592592592595,19.814814814814817,48.5,971.743,SITE 3,EXT
2026-05-04 17:00:00,39.15948275862069,37.31637931034483,35.48844827586207,31.724137931034484,20.076628352490424,50.51724137931034,972.4137931034483,SITE 3,EXT
2026-05-04 18:00:00,25.475666666666665,23.94383333333333,22.796166666666668,30.796296296296298,19.62962962962963,51.63333333333333,972.8313333333333,SITE 3,EXT
2026-05-04 19:00:00,24.485833333333336,24.060333333333336,23.3245,30.0,19.444444444444446,53.666666666666664,972.9586666666668,SITE 3,EXT
2026-05-04 20:00:00,2.5313333333333334,2.5313333333333334,2.5088333333333335,29.666666666666668,19.11111111111111,53.56666666666667,973.8036666666667,SITE 3,EXT
2026-05-04 21:00:00,0.018000000000000002,0.018000000000000002,0.018000000000000002,29.740740740740744,18.53703703703704,51.6,974.145,SITE 3,EXT
2026-05-04 22:00:00,0.0,0.0,0.0,29.666666666666668,18.425925925925927,51.333333333333336,974.4113333333333,SITE 3,EXT
2026-05-04 23:00:00,0.0018333333333333333,0.0018333333333333333,0.0018333333333333333,29.98148148148148,18.055555555555557,49.13333333333333,974.1093333333333,SITE 3,EXT
2026-05-05 00:00:00,0.018275862068965518,0.018275862068965518,0.018275862068965518,30.0,18.141762452107283,49.206896551724135,973.3965517241379,SITE 3,EXT
2026-05-05 01:00:00,0.0,0.0,0.0,29.77777777777778,18.370370370370374,50.93333333333333,972.2863333333333,SITE 3,EXT
2026-05-05 02:00:00,6.7943333333333324,6.525499999999999,5.7026666666666666,29.703703703703702,19.166666666666668,53.766666666666666,971.3553333333333,SITE 3,EXT
2026-05-05 03:00:00,11.490666666666666,10.629999999999999,9.244499999999999,29.185185185185183,19.462962962962965,56.266666666666666,971.0073333333333,SITE 3,EXT
2026-05-05 04:00:00,0.8816666666666666,0.8816666666666666,0.8816666666666666,28.77777777777778,19.333333333333332,56.833333333333336,971.0536666666667,SITE 3,EXT
2026-05-05 05:00:00,0.03266666666666667,0.03266666666666667,0.03266666666666667,28.296296296296298,18.85185185185185,57.266666666666666,971.7646666666666,SITE 3,EXT
2026-05-05 06:00:00,0.0,0.0,0.0,28.25925925925926,18.888888888888893,57.56666666666667,972.2963333333333,SITE 3,EXT
2026-05-05 07:00:00,0.028333333333333332,0.028333333333333332,0.028333333333333332,28.75925925925926,18.462962962962965,54.4,972.9853333333334,SITE 3,EXT
2026-05-05 08:00:00,0.2885,0.2885,0.2885,29.962962962962965,18.14814814814815,49.5,974.1436666666667,SITE 3,EXT
2026-05-05 09:00:00,5.056333333333333,4.726166666666667,4.438166666666667,31.314814814814817,17.962962962962965,45.5,974.5696666666666,SITE 3,EXT
2026-05-05 10:00:00,0.7715,0.7385,0.6991666666666667,33.48148148148148,18.166666666666668,40.766666666666666,974.4246666666667,SITE 3,EXT
2026-05-05 11:00:00,33.51233333333333,33.439499999999995,32.633833333333335,36.407407407407405,17.38888888888889,32.733333333333334,974.077,SITE 3,EXT
2026-05-05 12:00:00,53.80833333333333,53.80833333333333,52.724333333333334,38.88888888888889,17.703703703703702,29.133333333333333,973.272,SITE 3,EXT
2026-05-05 13:00:00,49.170344827586206,49.0903448275862,47.95310344827587,40.80459770114943,18.448275862068964,27.344827586206897,972.145172413793,SITE 3,EXT
2026-05-05 14:00:00,45.726,45.2845,44.16283333333333,42.03703703703704,19.14814814814815,26.833333333333332,971.443,SITE 3,EXT
2026-05-05 15:00:00,48.50483333333333,48.00116666666667,46.940000000000005,41.81481481481482,18.98148148148148,27.0,970.9606666666666,SITE 3,EXT
2026-05-05 16:00:00,51.40383333333333,50.607499999999995,49.216499999999996,42.166666666666664,18.90740740740741,26.366666666666667,970.3663333333334,SITE 3,EXT
2026-05-05 17:00:00,55.16366666666667,53.912166666666664,51.8615,41.31481481481482,18.833333333333332,27.466666666666665,970.288,SITE 3,EXT
2026-05-05 18:00:00,61.781166666666664,58.3285,52.993,39.5,18.962962962962965,30.566666666666666,970.2956666666666,SITE 3,EXT
2026-05-05 19:00:00,53.5565,52.82383333333333,47.8675,38.40740740740741,19.722222222222225,34.03333333333333,971.4913333333334,SITE 3,EXT
2026-05-05 20:00:00,48.0301724137931,47.682758620689654,45.31775862068965,33.77394636015326,17.471264367816094,38.41379310344828,973.3900000000001,SITE 3,EXT
2026-05-05 21:00:00,50.30316666666667,50.30316666666667,49.387166666666666,31.666666666666668,17.703703703703702,43.6,972.4843333333333,SITE 3,EXT
2026-05-05 22:00:00,55.17333333333333,55.16916666666667,54.52166666666667,31.240740740740744,18.203703703703706,46.266666666666666,973.0346666666667,SITE 3,EXT
2026-05-05 23:00:00,53.674,53.674,52.98350000000001,31.555555555555557,18.370370370370374,45.86666666666667,972.9916666666667,SITE 3,EXT
2026-05-06 00:00:00,57.92666666666666,57.92666666666666,57.23566666666667,31.25925925925926,18.62962962962963,47.46666666666667,972.9526666666667,SITE 3,EXT
2026-05-06 01:00:00,45.98916666666666,45.41366666666667,44.82416666666666,30.555555555555557,18.592592592592595,49.3,972.3173333333333,SITE 3,EXT
2026-05-06 02:00:00,11.726666666666667,10.032333333333334,9.177833333333332,30.074074074074076,18.925925925925927,51.833333333333336,971.836,SITE 3,EXT
2026-05-06 03:00:00,0.822,0.822,0.8053333333333333,29.444444444444446,18.88888888888889,53.266666666666666,971.678,SITE 3,EXT
2026-05-06 04:00:00,1.1041666666666667,1.0886666666666664,1.0558333333333334,29.444444444444446,18.944444444444446,53.7,972.3596666666667,SITE 3,EXT
2026-05-06 05:00:00,15.270833333333334,14.084166666666667,12.623333333333333,29.351851851851855,19.51851851851852,55.7,973.138,SITE 3,EXT
2026-05-06 06:00:00,34.589827586206894,31.349999999999998,28.82465517241379,29.176245210727974,19.885057471264368,57.62068965517241,973.2703448275862,SITE 3,EXT
2026-05-06 07:00:00,19.849,17.465833333333332,16.73,29.388888888888893,19.62962962962963,56.233333333333334,973.6996666666666,SITE 3,EXT
2026-05-06 08:00:00,0.13933333333333334,0.13933333333333334,0.13666666666666666,29.833333333333332,18.53703703703704,51.03333333333333,973.9456666666666,SITE 3,EXT
2026-05-06 09:00:00,0.0006666666666666666,0.0006666666666666666,0.0006666666666666666,31.14814814814815,18.666666666666668,47.666666666666664,974.3916666666667,SITE 3,EXT
2026-05-06 10:00:00,0.10633333333333334,0.10633333333333334,0.10633333333333334,33.46296296296296,18.53703703703704,41.56666666666667,973.7226666666667,SITE 3,EXT
2026-05-06 11:00:00,34.86566666666667,34.60933333333333,33.719166666666666,35.51851851851852,18.296296296296298,36.43333333333333,973.1796666666667,SITE 3,EXT
2026-05-06 12:00:00,54.975833333333334,54.975833333333334,53.94283333333333,37.87037037037037,18.055555555555557,31.566666666666666,972.485,SITE 3,EXT
2026-05-06 13:00:00,56.850166666666674,56.680166666666665,55.86933333333333,39.87037037037037,17.90740740740741,27.866666666666667,971.1743333333333,SITE 3,EXT
2026-05-06 14:00:00,59.171166666666664,59.05616666666666,58.002500000000005,40.92592592592593,17.90740740740741,26.466666666666665,970.0726666666667,SITE 3,EXT
2026-05-06 15:00:00,53.16068965517242,52.64327586206896,51.43724137931035,41.7624521072797,17.81609195402299,25.0,969.2179310344827,SITE 3,EXT
2026-05-06 16:00:00,55.2205,54.64416666666667,53.17516666666667,41.111111111111114,17.888888888888893,26.133333333333333,968.8076666666667,SITE 3,EXT
2026-05-06 17:00:00,57.15566666666667,56.781666666666666,54.661833333333334,39.81481481481481,17.888888888888893,27.666666666666668,969.2083333333334,SITE 3,EXT
2026-05-06 18:00:00,59.382,59.05833333333333,53.95766666666667,38.37037037037037,18.77777777777778,32.0,969.6403333333333,SITE 3,EXT
2026-05-06 19:00:00,61.152166666666666,60.767833333333336,54.52516666666667,37.2962962962963,19.074074074074076,34.666666666666664,970.1416666666667,SITE 3,EXT
2026-05-06 20:00:00,53.03633333333333,52.86816666666667,49.67833333333333,36.092592592592595,19.64814814814815,38.43333333333333,970.5186666666667,SITE 3,EXT
2026-05-06 21:00:00,53.580666666666666,53.41833333333333,50.26016666666667,35.07407407407407,20.092592592592595,41.833333333333336,971.4576666666667,SITE 3,EXT
2026-05-06 22:00:00,47.63086206896552,47.60551724137931,45.086724137931036,34.44444444444444,20.229885057471268,43.37931034482759,972.278275862069,SITE 3,EXT
2026-05-06 23:00:00,49.532000000000004,49.532000000000004,47.618833333333335,33.75925925925926,20.51851851851852,46.4,972.2283333333332,SITE 3,EXT
2026-05-07 00:00:00,46.073166666666665,45.87583333333334,44.62016666666667,32.92592592592593,20.53703703703704,48.7,971.9513333333333,SITE 3,EXT
2026-05-07 01:00:00,43.25483333333333,43.041333333333334,41.95366666666666,32.2037037037037,20.40740740740741,50.2,971.8123333333333,SITE 3,EXT
2026-05-07 02:00:00,41.523823529411764,41.40588235294118,40.5,31.666666666666668,20.228758169934643,51.11764705882353,971.2617647058823,SITE 3,EXT
2026-05-07 17:00:00,51.7553125,51.7525,48.91375,38.19444444444444,19.09722222222222,33.0,969.721875,SITE 3,EXT
2026-05-07 18:00:00,55.74883333333333,55.74783333333333,50.2595,37.96296296296296,19.296296296296298,33.86666666666667,970.1659999999999,SITE 3,EXT
2026-05-07 19:00:00,57.628166666666665,57.62433333333333,53.589000000000006,36.81481481481482,19.40740740740741,36.46666666666667,970.7196666666666,SITE 3,EXT
2026-05-07 20:00:00,55.46965517241379,55.459999999999994,51.804482758620686,35.82375478927203,19.176245210727974,37.96551724137931,971.6120689655172,SITE 3,EXT
2026-05-07 21:00:00,57.89966666666667,57.89866666666667,54.91416666666667,34.88888888888889,19.11111111111111,39.733333333333334,972.6569999999999,SITE 3,EXT
2026-05-07 22:00:00,57.7575,57.756166666666665,55.137166666666666,34.0,19.518518518518523,42.733333333333334,973.035,SITE 3,EXT
2026-05-07 23:00:00,57.13866666666667,57.086666666666666,54.974333333333334,33.12962962962963,19.88888888888889,45.96666666666667,972.8186666666667,SITE 3,EXT
2026-05-08 00:00:00,60.373666666666665,60.3635,58.75683333333333,32.77777777777778,20.14814814814815,47.9,972.3343333333333,SITE 3,EXT
2026-05-08 01:00:00,60.298,60.298,58.67466666666667,32.7037037037037,20.203703703703702,48.4,971.8439999999999,SITE 3,EXT
2026-05-08 02:00:00,55.52816666666667,55.52816666666667,54.61333333333334,32.22222222222222,20.037037037037035,49.166666666666664,971.2216666666667,SITE 3,EXT
2026-05-08 03:00:00,53.277,53.277,52.57233333333333,31.925925925925927,19.925925925925927,49.53333333333333,970.967,SITE 3,EXT
2026-05-08 04:00:00,45.93833333333334,45.16816666666667,44.62316666666666,31.592592592592595,20.12962962962963,51.2,970.9770000000001,SITE 3,EXT
2026-05-08 05:00:00,19.23396551724138,16.91,14.252931034482758,31.09195402298851,20.440613026819925,53.13793103448276,971.2706896551724,SITE 3,EXT
2026-05-08 06:00:00,15.465,14.753666666666668,12.699833333333334,31.018518518518523,20.462962962962965,53.63333333333333,971.6376666666667,SITE 3,EXT
2026-05-08 07:00:00,17.959,16.758666666666667,14.4055,31.148148148148152,20.333333333333332,53.06666666666667,972.1736666666667,SITE 3,EXT
2026-05-08 08:00:00,51.0415,50.61116666666667,49.50083333333334,32.31481481481482,19.962962962962965,48.43333333333333,972.7503333333333,SITE 3,EXT
2026-05-08 09:00:00,58.91466666666667,58.899499999999996,57.737833333333334,33.851851851851855,20.25925925925926,45.166666666666664,973.1743333333333,SITE 3,EXT
2026-05-08 10:00:00,60.153965517241375,60.153965517241375,58.90568965517241,35.900383141762454,20.153256704980844,40.13793103448276,972.9231034482759,SITE 3,EXT
2026-05-08 11:00:00,55.216,55.216,53.91683333333334,38.38888888888889,19.888888888888893,34.36666666666667,972.6456666666667,SITE 3,EXT
2026-05-08 12:00:00,48.791333333333334,48.64383333333333,47.100833333333334,40.666666666666664,19.87037037037037,30.366666666666667,971.9866666666666,SITE 3,EXT
2026-05-08 13:00:00,50.6345,50.332,49.035999999999994,42.166666666666664,19.944444444444446,28.033333333333335,971.1923333333333,SITE 3,EXT
2026-05-08 14:00:00,48.48516666666667,47.776500000000006,46.54366666666667,42.42592592592593,19.77777777777778,27.333333333333332,970.071,SITE 3,EXT
2026-05-08 15:00:00,44.18516666666667,43.39533333333333,42.024,42.407407407407405,19.740740740740744,27.433333333333334,969.1346666666667,SITE 3,EXT
2026-05-08 16:00:00,46.88433333333333,45.7015,43.9475,42.277777777777786,19.444444444444446,27.3,968.5166666666667,SITE 3,EXT
2026-05-08 17:00:00,53.22533333333333,53.2,52.682,30.666666666666668,20.333333333333332,54.333333333333336,971.9426666666666,SITE 3,EXT
2026-05-08 18:00:00,56.98266666666667,56.952999999999996,55.719500000000004,32.166666666666664,20.555555555555557,50.53333333333333,972.0326666666666,SITE 3,EXT
2026-05-08 19:00:00,58.59166666666667,58.59166666666667,57.354166666666664,32.148148148148145,20.037037037037035,49.36666666666667,972.434,SITE 3,EXT
2026-05-08 20:00:00,53.36448275862069,53.36448275862069,52.57293103448276,31.37931034482759,19.348659003831422,49.241379310344826,972.5986206896551,SITE 3,EXT
2026-05-08 21:00:00,30.431333333333335,29.521,28.92866666666667,31.000000000000004,19.48148148148148,50.8,972.9793333333333,SITE 3,EXT
2026-05-08 22:00:00,0.965,0.965,0.9628333333333334,31.074074074074076,19.75925925925926,51.36666666666667,973.6516666666666,SITE 3,EXT
2026-05-08 23:00:00,0.3173333333333333,0.3173333333333333,0.3173333333333333,30.75925925925926,19.185185185185183,50.63333333333333,974.7379999999999,SITE 3,EXT
2026-05-09 00:00:00,0.022500000000000003,0.022500000000000003,0.022500000000000003,30.333333333333332,19.40740740740741,52.2,974.3066666666667,SITE 3,EXT
2026-05-09 01:00:00,0.004,0.004,0.004,30.01851851851852,19.01851851851852,52.43333333333333,974.1396666666666,SITE 3,EXT
2026-05-09 02:00:00,0.0,0.0,0.0,29.388888888888893,19.722222222222225,56.6,973.9266666666666,SITE 3,EXT
2026-05-09 03:00:00,0.0,0.0,0.0,29.40740740740741,20.01851851851852,57.96666666666667,974.1393333333333,SITE 3,EXT
2026-05-09 04:00:00,0.0,0.0,0.0,29.444444444444446,20.45977011494253,58.58620689655172,974.3865517241379,SITE 3,EXT
2026-05-09 05:00:00,0.0,0.0,0.0,29.166666666666668,20.27777777777778,59.6,974.4116666666666,SITE 3,EXT
2026-05-09 06:00:00,0.0003333333333333333,0.0003333333333333333,0.0003333333333333333,29.25925925925926,20.425925925925927,59.86666666666667,974.5416666666666,SITE 3,EXT
2026-05-09 07:00:00,0.0,0.0,0.0,29.555555555555557,20.574074074074076,59.53333333333333,975.0703333333333,SITE 3,EXT
2026-05-09 08:00:00,39.35666666666667,39.320166666666665,28.281499999999998,30.25925925925926,20.5,56.5,975.628,SITE 3,EXT
2026-05-09 09:00:00,86.81,86.81,69.29153846153847,31.02564102564103,20.555555555555557,54.46153846153846,975.7015384615386,SITE 3,EXT
2026-05-09 16:00:00,54.442499999999995,54.442499999999995,53.129999999999995,34.44444444444444,21.666666666666668,48.0,972.465,SITE 3,EXT
2026-05-09 17:00:00,54.43516666666667,54.43183333333333,53.102999999999994,36.01851851851852,21.5,43.36666666666667,972.6166666666667,SITE 3,EXT
2026-05-09 18:00:00,63.23379310344828,63.23379310344828,57.57689655172414,35.30651340996169,21.226053639846743,44.172413793103445,973.0303448275862,SITE 3,EXT
2026-05-09 19:00:00,66.554,66.554,61.43283333333333,34.851851851851855,21.25925925925926,45.63333333333333,973.8563333333333,SITE 3,EXT
2026-05-09 20:00:00,64.865,64.865,60.663,34.25925925925926,21.314814814814817,47.43333333333333,974.462,SITE 3,EXT
2026-05-09 21:00:00,63.914,63.914,59.16116666666667,33.2962962962963,21.537037037037035,50.666666666666664,974.8803333333333,SITE 3,EXT
2026-05-09 22:00:00,57.50333333333333,57.50333333333333,54.47083333333333,32.53703703703704,21.35185185185185,52.3,975.5386666666667,SITE 3,EXT
2026-05-09 23:00:00,58.275333333333336,58.275333333333336,55.41166666666666,31.85185185185185,21.166666666666668,53.8,975.6166666666667,SITE 3,EXT
2026-05-10 00:00:00,61.329827586206896,61.329827586206896,58.891379310344824,31.226053639846747,21.187739463601535,55.44827586206897,975.2158620689654,SITE 3,EXT
2026-05-10 01:00:00,60.98733333333333,60.98733333333333,57.8845,31.074074074074076,21.055555555555554,55.63333333333333,974.74,SITE 3,EXT
2026-05-10 02:00:00,58.287666666666674,58.18483333333334,55.858,30.555555555555557,21.09259259259259,57.4,974.187,SITE 3,EXT
2026-05-10 03:00:00,54.80016666666667,54.618833333333335,53.285999999999994,30.555555555555557,21.09259259259259,57.2,973.86,SITE 3,EXT
2026-05-10 04:00:00,56.33568965517241,56.33568965517241,54.00051724137931,30.478927203065133,20.95785440613027,57.0,973.8727586206898,SITE 3,EXT
2026-05-10 05:00:00,67.78833333333334,67.78833333333334,65.98666666666666,29.962962962962965,20.75925925925926,58.4,974.4893333333333,SITE 3,EXT
2026-05-10 06:00:00,76.18616666666667,76.18616666666667,73.1905,29.87037037037037,20.925925925925927,58.9,974.8486666666666,SITE 3,EXT
2026-05-10 07:00:00,63.10733333333334,63.10733333333334,61.40916666666667,30.240740740740744,20.98148148148148,58.06666666666667,975.4426666666666,SITE 3,EXT
2026-05-10 08:00:00,59.652833333333334,59.652833333333334,58.21966666666666,31.11111111111111,20.87037037037037,54.86666666666667,975.8746666666666,SITE 3,EXT
2026-05-10 09:00:00,37.23379310344828,36.89672413793104,35.39879310344828,32.73946360153257,21.149425287356323,50.96551724137931,976.0210344827586,SITE 3,EXT
2026-05-10 10:00:00,61.81283333333333,61.7825,56.85933333333333,34.98148148148149,20.61111111111111,43.56666666666667,975.607,SITE 3,EXT
2026-05-10 11:00:00,46.733,46.68983333333333,44.95683333333333,37.68518518518519,19.61111111111111,35.233333333333334,974.7066666666667,SITE 3,EXT
2026-05-10 12:00:00,47.3375,47.294999999999995,45.41166666666666,40.07407407407407,19.185185185185183,29.866666666666667,973.6293333333334,SITE 3,EXT
2026-05-10 13:00:00,47.656666666666666,47.31633333333333,45.908166666666666,41.64814814814815,18.61111111111111,26.566666666666666,972.494,SITE 3,EXT
2026-05-10 14:00:00,44.23120689655172,43.12551724137931,41.70396551724138,42.5287356321839,18.697318007662837,25.448275862068964,971.6786206896552,SITE 3,EXT
2026-05-10 15:00:00,48.55266666666667,47.165,44.39383333333333,42.62962962962963,18.388888888888893,25.1,971.1370000000001,SITE 3,EXT
2026-05-10 16:00:00,45.897000000000006,44.13333333333333,41.81766666666667,42.03703703703704,18.25925925925926,25.5,970.7043333333334,SITE 3,EXT
2026-05-10 17:00:00,71.79883333333333,65.4175,49.495,41.38888888888889,18.296296296296298,26.433333333333334,970.8773333333334,SITE 3,EXT
2026-05-10 18:00:00,67.96983333333334,57.59866666666667,50.908833333333334,40.18518518518519,18.11111111111111,27.866666666666667,971.2483333333333,SITE 3,EXT
2026-05-10 19:00:00,65.80413793103448,62.63068965517241,54.01862068965517,39.17624521072797,19.00383141762452,31.103448275862068,971.8413793103449,SITE 3,EXT
2026-05-10 20:00:00,75.09983333333334,71.77966666666666,61.057,38.42592592592593,19.370370370370374,33.233333333333334,972.3306666666666,SITE 3,EXT
2026-05-10 21:00:00,67.71266666666666,67.13833333333334,60.92,37.0,19.185185185185183,35.766666666666666,972.8443333333333,SITE 3,EXT
2026-05-10 22:00:00,62.323166666666665,62.314166666666665,57.914,36.351851851851855,19.425925925925927,37.333333333333336,973.2406666666667,SITE 3,EXT
2026-05-10 23:00:00,58.729,58.722166666666666,53.207,35.38888888888889,19.888888888888893,40.56666666666667,973.1516666666666,SITE 3,EXT
2026-05-11 00:00:00,52.39086206896552,52.286206896551725,48.19793103448276,34.23371647509579,20.574712643678165,45.48275862068966,972.9706896551725,SITE 3,EXT
2026-05-11 01:00:00,53.562,53.562,50.60433333333334,33.25925925925926,20.574074074074076,47.93333333333333,972.607,SITE 3,EXT
2026-05-11 02:00:00,51.15,51.15,48.93416666666667,32.55555555555556,20.35185185185185,49.166666666666664,972.0353333333334,SITE 3,EXT
2026-05-11 03:00:00,49.805,49.805,48.048,32.12962962962963,20.074074074074076,49.46666666666667,971.8546666666666,SITE 3,EXT
2026-05-11 04:00:00,47.107166666666664,47.107166666666664,45.410999999999994,31.64814814814815,19.98148148148148,50.3,972.1436666666667,SITE 3,EXT
2026-05-11 05:00:00,49.658793103448275,49.61362068965518,46.97862068965517,31.283524904214563,20.03831417624521,51.827586206896555,972.6255172413793,SITE 3,EXT
2026-05-11 06:00:00,54.382666666666665,54.342,51.36483333333333,31.03703703703704,20.51851851851852,54.2,973.082,SITE 3,EXT
2026-05-11 07:00:00,55.91616666666667,55.91616666666667,52.72933333333334,31.296296296296298,21.074074074074076,55.1,973.7016666666666,SITE 3,EXT
2026-05-11 08:00:00,54.88133333333334,54.881,53.37266666666667,32.01851851851852,21.703703703703702,55.13333333333333,974.3373333333333,SITE 3,EXT
2026-05-11 09:00:00,53.76362068965517,53.726724137931036,51.944310344827585,33.46743295019157,21.819923371647512,51.172413793103445,974.6103448275862,SITE 3,EXT
2026-05-11 10:00:00,52.70666666666667,52.70666666666667,50.68783333333333,35.11111111111111,21.685185185185183,46.3,974.4163333333332,SITE 3,EXT
2026-05-11 11:00:00,55.597166666666666,55.597166666666666,53.647000000000006,37.351851851851855,21.703703703703702,40.7,973.9883333333333,SITE 3,EXT
2026-05-11 12:00:00,51.27016666666667,51.2685,49.13066666666667,40.111111111111114,21.574074074074076,34.733333333333334,973.177,SITE 3,EXT
2026-05-11 13:00:00,51.005,50.908166666666666,48.9305,42.0,21.185185185185183,30.6,972.5276666666666,SITE 3,EXT
2026-05-11 14:00:00,49.15566666666667,48.837333333333326,46.98516666666667,42.333333333333336,20.87037037037037,29.566666666666666,971.919,SITE 3,EXT
2026-05-11 15:00:00,46.79233333333333,46.455666666666666,44.779833333333336,42.148148148148145,20.833333333333332,29.766666666666666,971.365,SITE 3,EXT
2026-05-11 16:00:00,47.82066666666667,47.4345,45.49033333333333,41.31481481481482,20.962962962962965,31.333333333333332,971.056,SITE 3,EXT
2026-05-11 17:00:00,57.82683333333333,57.05166666666666,52.18033333333334,39.37037037037037,20.962962962962965,34.666666666666664,971.1243333333333,SITE 3,EXT
2026-05-11 18:00:00,63.71086206896552,63.69344827586207,58.4698275862069,37.1455938697318,20.977011494252874,39.44827586206897,971.2682758620689,SITE 3,EXT
2026-05-11 19:00:00,58.016666666666666,57.899166666666666,52.50933333333333,35.611111111111114,20.98148148148148,42.86666666666667,971.872,SITE 3,EXT
2026-05-11 20:00:00,53.7215,53.67883333333334,50.041333333333334,35.407407407407405,20.962962962962965,43.6,972.8913333333334,SITE 3,EXT
2026-05-11 21:00:00,55.5535,55.54600000000001,51.45616666666667,35.2037037037037,21.055555555555554,44.46666666666667,973.7106666666666,SITE 3,EXT
2026-05-11 22:00:00,58.62916666666667,58.62916666666667,55.6285,34.592592592592595,21.09259259259259,45.8,974.045,SITE 3,EXT
2026-05-11 23:00:00,59.22866666666666,59.22866666666666,56.948,34.05555555555556,21.12962962962963,47.5,973.943,SITE 3,EXT
2026-05-12 00:00:00,59.50533333333333,59.50533333333333,56.475,33.574074074074076,21.11111111111111,48.7,973.7526666666668,SITE 3,EXT
2026-05-12 01:00:00,56.26116666666667,56.26116666666667,53.81933333333333,33.27777777777778,21.12962962962963,49.9,973.266,SITE 3,EXT
2026-05-12 02:00:00,53.76833333333333,53.76833333333333,51.8025,32.77777777777778,21.055555555555554,50.166666666666664,972.5756666666667,SITE 3,EXT
2026-05-12 03:00:00,51.809,51.809,49.897666666666666,32.18518518518518,21.055555555555554,52.233333333333334,972.6813333333333,SITE 3,EXT
2026-05-12 04:00:00,50.90064516129033,50.90064516129033,49.42032258064516,31.97132616487455,21.00358422939068,52.83870967741935,973.5212903225806,SITE 3,EXT
2026-05-12 05:00:00,48.20433333333334,48.19733333333333,46.01233333333333,31.425925925925927,21.092592592592595,54.666666666666664,973.9836666666666,SITE 3,EXT
2026-05-12 06:00:00,38.01,36.444833333333335,35.10466666666667,31.018518518518523,21.203703703703702,56.6,974.935,SITE 3,EXT
2026-05-12 07:00:00,32.255,29.351166666666664,27.642666666666667,31.148148148148152,21.425925925925927,56.733333333333334,975.6403333333333,SITE 3,EXT
2026-05-12 08:00:00,45.67550000000001,45.16983333333334,43.806000000000004,31.962962962962965,21.11111111111111,53.36666666666667,975.8996666666667,SITE 3,EXT
2026-05-12 09:00:00,54.919259259259256,54.36388888888889,50.430925925925926,33.45679012345679,19.77366255144033,45.0,975.9966666666667,SITE 3,EXT
2026-05-12 10:00:00,33.356500000000004,28.490000000000002,26.302666666666667,35.277777777777786,18.722222222222225,37.86666666666667,975.6406666666667,SITE 3,EXT
2026-05-12 11:00:00,33.166666666666664,27.81566666666667,26.436833333333333,37.592592592592595,18.5,32.93333333333333,975.3053333333334,SITE 3,EXT
2026-05-12 12:00:00,30.170833333333334,25.081500000000002,21.909666666666666,39.5,17.61111111111111,28.066666666666666,974.1093333333333,SITE 3,EXT
2026-05-12 13:00:00,32.14783333333333,27.449666666666666,25.171,42.407407407407405,17.12962962962963,23.266666666666666,973.0583333333333,SITE 3,EXT
2026-05-12 14:00:00,35.16266666666666,30.795166666666667,29.755666666666666,43.44444444444445,17.25925925925926,22.133333333333333,972.1859999999999,SITE 3,EXT
2026-05-12 15:00:00,34.43633333333333,29.4845,28.1325,42.05555555555556,16.5,22.7,971.4113333333333,SITE 3,EXT
2026-05-12 16:00:00,35.928,32.01016666666666,30.702833333333334,43.24074074074074,16.77777777777778,21.833333333333332,970.819,SITE 3,EXT
2026-05-12 17:00:00,36.437,32.78916666666667,30.58216666666667,42.38888888888889,17.314814814814817,23.766666666666666,970.9110000000001,SITE 3,EXT
2026-05-12 18:00:00,48.92833333333333,46.57566666666666,37.76466666666667,38.61111111111111,19.703703703703702,33.7,971.3436666666668,SITE 3,EXT
2026-05-12 19:00:00,38.567241379310346,36.2753448275862,31.980172413793102,36.30268199233716,19.770114942528735,38.37931034482759,972.2203448275861,SITE 3,EXT
2026-05-12 20:00:00,38.27366666666667,36.0705,31.941333333333333,35.05555555555556,19.85185185185185,41.266666666666666,973.1253333333333,SITE 3,EXT
2026-05-12 21:00:00,36.04566666666666,32.25783333333333,29.240333333333336,33.648148148148145,20.203703703703702,45.56666666666667,973.7136666666667,SITE 3,EXT
2026-05-12 22:00:00,36.853500000000004,33.64733333333333,31.131500000000003,33.0,20.40740740740741,47.766666666666666,974.7673333333333,SITE 3,EXT
2026-05-12 23:00:00,37.087666666666664,34.0935,31.63266666666667,32.666666666666664,20.462962962962965,49.0,974.5169999999999,SITE 3,EXT
2026-05-13 00:00:00,35.774,31.795666666666666,29.638333333333332,32.092592592592595,20.48148148148148,50.9,973.957,SITE 3,EXT
2026-05-13 01:00:00,35.211774193548386,30.898225806451613,29.083387096774196,31.70250896057348,20.376344086021508,51.516129032258064,973.4964516129032,SITE 3,EXT
2026-05-13 02:00:00,35.861,32.166333333333334,30.616,31.092592592592595,20.35185185185185,53.3,972.76,SITE 3,EXT
2026-05-13 03:00:00,32.95333333333333,27.449,25.823833333333333,30.574074074074076,20.222222222222225,54.6,972.2103333333333,SITE 3,EXT
2026-05-13 04:00:00,34.81883333333334,30.11116666666667,28.078500000000002,30.01851851851852,20.092592592592595,56.06666666666667,972.4063333333332,SITE 3,EXT
2026-05-13 05:00:00,35.341499999999996,29.270833333333332,26.33533333333333,29.98148148148148,20.203703703703702,56.36666666666667,972.7199999999999,SITE 3,EXT
2026-05-13 06:00:00,35.83983333333333,31.726333333333333,28.453166666666668,29.685185185185183,20.388888888888893,57.9,973.2553333333333,SITE 3,EXT
2026-05-13 07:00:00,40.72633333333333,38.97933333333334,35.45133333333333,30.203703703703702,20.85185185185185,57.86666666666667,974.4203333333334,SITE 3,EXT
2026-05-13 08:00:00,35.17362068965517,30.695344827586204,28.127758620689658,31.111111111111114,20.613026819923373,54.03448275862069,975.0379310344827,SITE 3,EXT
2026-05-13 09:00:00,36.14516666666667,32.037,28.946833333333334,32.833333333333336,20.462962962962965,48.666666666666664,975.178,SITE 3,EXT
2026-05-13 10:00:00,34.27066666666666,29.343833333333336,26.705666666666666,35.14814814814815,20.25925925925926,42.2,975.0646666666667,SITE 3,EXT
2026-05-13 11:00:00,33.729166666666664,28.427,26.438,37.51851851851852,20.296296296296298,37.0,974.4523333333333,SITE 3,EXT
2026-05-13 12:00:00,37.108666666666664,33.97933333333334,31.915333333333333,39.31481481481482,20.11111111111111,33.1,973.6446666666667,SITE 3,EXT
2026-05-13 13:00:00,34.949666666666666,30.119000000000003,28.286833333333334,41.72222222222222,19.944444444444446,28.766666666666666,972.7406666666667,SITE 3,EXT
2026-05-13 14:00:00,36.85466666666667,33.21516666666667,31.33716666666667,42.68518518518519,19.537037037037035,26.666666666666668,971.9423333333333,SITE 3,EXT
2026-05-13 15:00:00,38.838166666666666,36.894,35.009,42.62962962962963,19.314814814814817,26.466666666666665,971.3236666666667,SITE 3,EXT
2026-05-13 16:00:00,38.67983870967742,36.46983870967742,34.32467741935484,42.867383512544805,19.193548387096776,25.70967741935484,970.7919354838709,SITE 3,EXT
2026-05-13 17:00:00,39.5295,37.52383333333333,34.36083333333333,41.2037037037037,18.925925925925927,27.7,970.6726666666667,SITE 3,EXT
2026-05-13 18:00:00,45.9345,43.95233333333333,37.72683333333334,39.2037037037037,18.90740740740741,30.866666666666667,971.0993333333333,SITE 3,EXT
2026-05-13 19:00:00,45.1265,43.727333333333334,37.1945,38.40740740740741,19.240740740740744,32.93333333333333,971.7346666666667,SITE 3,EXT
2026-05-13 20:00:00,39.78766666666666,37.93933333333334,33.0565,37.62962962962963,19.351851851851855,34.833333333333336,972.6479999999999,SITE 3,EXT
2026-05-13 21:00:00,37.567,34.496833333333335,30.344333333333335,36.68518518518519,19.703703703703702,37.36666666666667,973.4123333333333,SITE 3,EXT
2026-05-13 22:00:00,37.07416666666666,33.73116666666667,29.8715,35.851851851851855,19.833333333333332,39.43333333333333,973.6116666666666,SITE 3,EXT
2026-05-13 23:00:00,38.087833333333336,35.32416666666666,30.762833333333333,35.407407407407405,20.222222222222225,41.266666666666666,973.7753333333333,SITE 3,EXT
2026-05-14 00:00:00,40.36416666666666,39.028999999999996,34.646166666666666,34.75925925925926,20.185185185185183,42.93333333333333,973.537,SITE 3,EXT
2026-05-14 01:00:00,41.07083333333333,40.17383333333333,36.276833333333336,33.94444444444445,20.166666666666668,44.7,972.88,SITE 3,EXT
2026-05-14 02:00:00,39.156333333333336,37.605000000000004,33.814499999999995,33.777777777777786,20.444444444444446,45.8,972.2023333333333,SITE 3,EXT
2026-05-14 03:00:00,38.20541666666667,35.95875,31.788750000000004,33.333333333333336,20.324074074074076,46.75,971.7800000000001,SITE 3,EXT
2026-05-14 19:00:00,41.396166666666666,39.9285,34.102666666666664,36.96296296296296,19.85185185185185,36.93333333333333,970.6026666666668,SITE 3,EXT
2026-05-14 20:00:00,37.26483333333333,34.06433333333334,30.0045,36.611111111111114,19.685185185185183,37.46666666666667,971.2236666666666,SITE 3,EXT
2026-05-14 21:00:00,36.06016666666667,32.01433333333333,28.42,35.98148148148149,19.88888888888889,39.1,972.1873333333333,SITE 3,EXT
2026-05-14 22:00:00,36.189,32.277,28.818666666666665,35.2037037037037,19.962962962962965,41.166666666666664,972.668,SITE 3,EXT
2026-05-14 23:00:00,37.1115,33.967166666666664,30.208833333333335,34.42592592592593,20.055555555555554,43.5,972.6293333333334,SITE 3,EXT
2026-05-15 00:00:00,36.952,33.64866666666667,29.83083333333333,33.7962962962963,20.166666666666668,45.1,972.3349999999999,SITE 3,EXT
2026-05-15 01:00:00,35.83883333333333,31.726,28.197499999999998,33.25925925925926,20.296296296296298,46.766666666666666,972.001,SITE 3,EXT
2026-05-15 02:00:00,34.10033333333333,28.954333333333334,26.201833333333333,32.74074074074074,20.25925925925926,48.166666666666664,971.6033333333332,SITE 3,EXT
2026-05-15 03:00:00,33.800333333333334,28.46966666666667,25.6755,31.90740740740741,20.11111111111111,50.36666666666667,971.323,SITE 3,EXT
2026-05-15 04:00:00,34.83716666666667,30.1495,27.342,31.53703703703704,20.296296296296298,51.86666666666667,971.5743333333334,SITE 3,EXT
2026-05-15 05:00:00,33.88516666666666,28.641166666666667,25.672,30.796296296296298,20.62962962962963,55.2,972.1346666666667,SITE 3,EXT
2026-05-15 06:00:00,35.8185,31.078166666666668,26.926666666666666,30.425925925925927,20.98148148148148,57.666666666666664,972.902,SITE 3,EXT
2026-05-15 07:00:00,35.98120689655172,31.518275862068965,27.146206896551725,30.900383141762454,21.11111111111111,56.37931034482759,973.8303448275863,SITE 3,EXT
2026-05-15 08:00:00,35.04383333333333,29.999833333333335,25.85666666666667,31.75925925925926,21.055555555555554,53.43333333333333,974.3439999999999,SITE 3,EXT
2026-05-15 09:00:00,45.94766666666667,41.52833333333333,33.02133333333333,32.98148148148148,21.0,49.86666666666667,974.2243333333333,SITE 3,EXT
2026-05-15 10:00:00,38.67716666666667,36.2445,32.2145,35.2037037037037,21.055555555555554,44.13333333333333,974.0246666666667,SITE 3,EXT
2026-05-15 11:00:00,38.913333333333334,37.017500000000005,32.62133333333333,37.42592592592593,20.64814814814815,37.96666666666667,973.605,SITE 3,EXT
2026-05-15 12:00:00,36.22983333333333,32.404,28.546333333333333,38.48148148148149,19.90740740740741,34.233333333333334,972.8103333333333,SITE 3,EXT
2026-05-15 13:00:00,36.45233333333333,32.835,29.265,39.92592592592593,19.574074074074076,31.066666666666666,971.95,SITE 3,EXT
2026-05-15 14:00:00,38.665499999999994,36.096333333333334,33.013,42.407407407407405,19.166666666666668,26.366666666666667,971.0210000000001,SITE 3,EXT
2026-05-15 15:00:00,49.994,49.2,46.30566666666667,42.72222222222222,18.833333333333332,25.533333333333335,970.172,SITE 3,EXT
2026-05-15 16:00:00,42.95433333333333,40.75683333333333,37.54600000000001,42.44444444444444,18.62962962962963,25.533333333333335,969.2403333333333,SITE 3,EXT
2026-05-15 17:00:00,37.09983333333333,33.505,29.493499999999997,40.666666666666664,18.814814814814817,28.3,969.0759999999999,SITE 3,EXT
2026-05-15 18:00:00,36.37,31.755333333333333,27.67716666666667,38.25925925925926,17.98148148148148,30.733333333333334,969.893,SITE 3,EXT
2026-05-15 19:00:00,37.10483333333333,33.79066666666667,30.296499999999998,36.777777777777786,17.98148148148148,33.266666666666666,971.1346666666667,SITE 3,EXT
2026-05-15 20:00:00,34.389,29.156,26.785833333333336,31.888888888888893,17.5,42.733333333333334,973.0463333333333,SITE 3,EXT
2026-05-15 21:00:00,44.75916666666667,42.06516666666666,35.87016666666667,32.03703703703704,17.592592592592595,42.266666666666666,973.7156666666667,SITE 3,EXT
2026-05-15 22:00:00,34.150999999999996,29.023666666666667,27.025,32.48148148148148,16.833333333333332,39.46666666666667,974.3753333333333,SITE 3,EXT
2026-05-15 23:00:00,35.32566666666666,31.072499999999998,29.35533333333333,30.962962962962965,17.25925925925926,44.233333333333334,973.8766666666667,SITE 3,EXT
2026-05-16 00:00:00,35.43983333333333,31.16166666666667,28.762,31.462962962962965,18.240740740740744,45.56666666666667,973.355,SITE 3,EXT
2026-05-16 01:00:00,34.0255,28.91166666666667,27.005333333333333,31.40740740740741,18.203703703703706,45.63333333333333,972.9240000000001,SITE 3,EXT
2026-05-16 02:00:00,34.42016666666667,29.76016666666667,27.711666666666666,30.0,19.314814814814817,53.333333333333336,973.2710000000001,SITE 3,EXT
2026-05-16 03:00:00,39.16206896551724,35.979827586206895,35.20620689655173,25.478927203065133,18.639846743295017,66.41379310344827,975.0972413793104,SITE 3,EXT
2026-05-16 04:00:00,30.292166666666667,25.24866666666667,23.401666666666664,25.425925925925927,18.64814814814815,66.36666666666666,974.8636666666666,SITE 3,EXT
2026-05-16 05:00:00,32.75533333333333,27.576166666666666,25.8755,25.703703703703702,18.64814814814815,65.5,975.1606666666667,SITE 3,EXT
2026-05-16 06:00:00,34.25116666666667,29.593166666666665,26.5585,26.51851851851852,19.074074074074076,64.3,974.4236666666667,SITE 3,EXT
2026-05-16 07:00:00,34.174499999999995,29.264166666666664,26.02583333333333,26.944444444444446,19.25925925925926,63.4,973.4723333333333,SITE 3,EXT
2026-05-16 08:00:00,34.03,28.821833333333334,25.752000000000002,27.796296296296298,19.314814814814817,60.53333333333333,973.7236666666666,SITE 3,EXT
2026-05-16 09:00:00,32.8975,27.827833333333334,24.935166666666667,28.888888888888893,19.98148148148148,59.166666666666664,974.4746666666667,SITE 3,EXT
2026-05-16 10:00:00,35.11116666666667,30.328,27.7565,29.666666666666668,20.425925925925927,58.2,974.8376666666667,SITE 3,EXT
2026-05-16 11:00:00,31.343666666666664,26.21783333333333,23.717,31.14814814814815,20.98148148148148,55.333333333333336,974.9436666666667,SITE 3,EXT
2026-05-16 12:00:00,29.283,24.318666666666665,21.1275,32.48148148148148,20.88888888888889,50.93333333333333,974.5043333333334,SITE 3,EXT
2026-05-16 13:00:00,29.617833333333333,24.590833333333332,21.8945,33.51851851851852,20.64814814814815,47.13333333333333,973.828,SITE 3,EXT
2026-05-16 14:00:00,31.517166666666665,26.105833333333333,24.386166666666668,35.148148148148145,20.5,42.93333333333333,973.269,SITE 3,EXT
2026-05-16 15:00:00,32.6905,27.36116666666667,25.91283333333333,36.2962962962963,20.666666666666668,40.53333333333333,972.563,SITE 3,EXT
2026-05-16 16:00:00,33.240500000000004,27.887333333333334,26.346333333333334,35.94444444444445,20.666666666666668,41.43333333333333,972.0103333333334,SITE 3,EXT
2026-05-16 17:00:00,33.80433333333333,28.77316666666667,26.723666666666666,34.98148148148148,20.75925925925926,43.766666666666666,972.3036666666667,SITE 3,EXT
2026-05-16 18:00:00,37.06966666666666,33.93566666666667,30.852500000000003,33.777777777777786,20.666666666666668,46.766666666666666,972.5743333333334,SITE 3,EXT
2026-05-16 19:00:00,41.3205,39.8375,34.730000000000004,33.12962962962963,20.944444444444446,49.03333333333333,973.1236666666666,SITE 3,EXT
2026-05-16 20:00:00,44.798,44.05466666666667,37.466166666666666,32.77777777777778,21.27777777777778,51.53333333333333,973.8483333333334,SITE 3,EXT
2026-05-16 21:00:00,41.3545,40.390499999999996,35.25633333333334,32.57407407407407,21.5,52.733333333333334,974.389,SITE 3,EXT
2026-05-16 22:00:00,40.87166666666667,39.7605,34.24533333333333,32.22222222222222,21.925925925925927,55.0,974.7183333333334,SITE 3,EXT
2026-05-16 23:00:00,40.248333333333335,39.28666666666666,33.84583333333333,32.22222222222222,21.98148148148148,55.1,974.859,SITE 3,EXT
2026-05-17 00:00:00,41.56933333333333,40.42016666666667,34.50683333333333,32.07407407407407,22.444444444444446,57.13333333333333,974.588,SITE 3,EXT
2026-05-17 01:00:00,34.525,29.753666666666668,26.766166666666667,31.48148148148148,22.333333333333332,59.0,974.4263333333333,SITE 3,EXT
2026-05-17 02:00:00,33.52583333333333,28.2215,25.684,30.925925925925927,22.425925925925927,60.96666666666667,974.077,SITE 3,EXT
2026-05-17 03:00:00,33.493833333333335,28.138666666666666,25.543499999999998,30.77777777777778,22.425925925925927,61.13333333333333,973.8403333333333,SITE 3,EXT
2026-05-17 04:00:00,32.892833333333336,27.34466666666667,24.816666666666666,30.90740740740741,22.14814814814815,60.3,973.9626666666667,SITE 3,EXT
2026-05-17 05:00:00,33.6965,28.520333333333333,25.647,30.62962962962963,22.01851851851852,60.56666666666667,974.4183333333333,SITE 3,EXT
2026-05-17 06:00:00,37.74816666666666,35.253166666666665,30.641000000000002,30.444444444444446,22.11111111111111,61.56666666666667,974.9110000000001,SITE 3,EXT
2026-05-17 07:00:00,37.546166666666664,34.662000000000006,30.082,30.53703703703704,21.925925925925927,60.666666666666664,975.4580000000001,SITE 3,EXT
2026-05-17 08:00:00,35.1845,30.610833333333336,27.2,31.092592592592595,21.592592592592595,57.3,975.9076666666666,SITE 3,EXT
2026-05-17 09:00:00,60.082166666666666,53.867666666666665,36.068,32.53703703703704,21.40740740740741,52.46666666666667,976.328,SITE 3,EXT
2026-05-17 10:00:00,41.89066666666667,38.426833333333335,33.86533333333333,34.5,21.314814814814817,46.86666666666667,976.177,SITE 3,EXT
2026-05-17 11:00:00,34.66466666666667,30.037166666666668,28.122666666666664,36.53703703703704,21.574074074074076,42.3,975.8103333333333,SITE 3,EXT
2026-05-17 12:00:00,33.797999999999995,28.706833333333336,26.869500000000002,38.14814814814815,21.037037037037035,37.36666666666667,974.9203333333334,SITE 3,EXT
2026-05-17 13:00:00,34.22266666666667,29.328333333333333,27.578833333333332,39.92592592592593,20.98148148148148,33.93333333333333,973.9806666666666,SITE 3,EXT
2026-05-17 14:00:00,34.92583333333334,30.473833333333335,28.906833333333335,41.37037037037037,21.314814814814817,31.933333333333334,973.1713333333333,SITE 3,EXT
2026-05-17 15:00:00,34.17433333333334,29.228333333333335,27.700333333333333,41.46296296296296,20.85185185185185,30.833333333333332,972.2936666666667,SITE 3,EXT
2026-05-17 16:00:00,34.39612903225807,29.58951612903226,28.018387096774195,40.86021505376344,20.17921146953405,30.677419354838708,971.37,SITE 3,EXT
2026-05-17 17:00:00,35.6195,31.589499999999997,29.555666666666664,40.351851851851855,20.685185185185183,32.46666666666667,971.1043333333333,SITE 3,EXT
2026-05-17 18:00:00,42.458333333333336,40.480000000000004,35.272000000000006,39.11111111111111,21.074074074074073,35.46666666666667,971.473,SITE 3,EXT
2026-05-17 19:00:00,48.03,47.06216666666667,39.5045,37.77777777777778,21.25925925925926,38.7,972.02,SITE 3,EXT
2026-05-17 20:00:00,38.7305,36.8885,32.52066666666666,35.96296296296296,20.685185185185183,41.266666666666666,973.1176666666667,SITE 3,EXT
2026-05-17 21:00:00,37.966499999999996,35.739333333333335,32.798833333333334,34.62962962962963,20.425925925925927,43.7,974.147,SITE 3,EXT
2026-05-17 22:00:00,37.91133333333333,35.669333333333334,33.41116666666667,34.18518518518519,20.388888888888893,44.766666666666666,974.5016666666667,SITE 3,EXT
2026-05-17 23:00:00,37.77916666666667,35.4405,33.22116666666667,33.2962962962963,20.11111111111111,46.36666666666667,974.4263333333333,SITE 3,EXT
2026-05-18 00:00:00,32.3395,26.8675,24.843,31.88888888888889,19.796296296296298,49.1,973.867,SITE 3,EXT
2026-05-18 01:00:00,35.15933333333333,30.874333333333333,28.820666666666668,31.370370370370374,20.38888888888889,52.733333333333334,973.3293333333334,SITE 3,EXT
2026-05-18 02:00:00,35.70166666666667,31.8085,29.663666666666664,29.925925925925927,21.296296296296298,60.7,975.116,SITE 3,EXT
2026-05-18 03:00:00,32.218333333333334,27.111333333333334,24.658833333333334,28.85185185185185,20.25925925925926,60.53333333333333,974.9580000000001,SITE 3,EXT
2026-05-18 04:00:00,27.90983333333333,23.334,19.694833333333335,27.425925925925927,18.870370370370374,60.4,973.5400000000001,SITE 3,EXT
2026-05-18 05:00:00,30.57,25.735517241379313,22.268620689655172,27.203065134099617,18.908045977011497,61.06896551724138,975.0096551724138,SITE 3,EXT
2026-05-18 06:00:00,30.671833333333332,25.485,22.133166666666668,27.462962962962965,19.61111111111111,62.56666666666667,974.5446666666667,SITE 3,EXT
2026-05-18 07:00:00,30.8475,25.808333333333334,22.420166666666667,26.64814814814815,19.314814814814817,64.9,976.8199999999999,SITE 3,EXT
2026-05-18 08:00:00,30.101666666666667,24.919666666666668,22.175166666666666,26.12962962962963,19.388888888888893,67.06666666666666,979.524,SITE 3,EXT
2026-05-18 09:00:00,29.37816666666667,24.456666666666667,21.412166666666668,26.61111111111111,19.314814814814817,65.03333333333333,980.1463333333334,SITE 3,EXT
2026-05-18 10:00:00,181.52866666666665,163.27766666666668,77.86733333333333,26.833333333333332,19.425925925925927,64.63333333333334,979.5743333333334,SITE 3,EXT
2026-05-18 11:00:00,39.37466666666667,36.3045,30.530166666666666,27.740740740740744,19.666666666666668,62.166666666666664,977.946,SITE 3,EXT
2026-05-18 12:00:00,34.02633333333333,29.218666666666667,27.805333333333333,29.64814814814815,19.574074074074076,55.233333333333334,975.663,SITE 3,EXT
2026-05-18 13:00:00,30.60216666666667,25.413666666666664,23.125166666666665,31.425925925925927,19.61111111111111,49.93333333333333,974.4216666666667,SITE 3,EXT
2026-05-18 14:00:00,32.13366666666666,26.965666666666667,24.801333333333332,33.370370370370374,18.574074074074076,41.8,973.2663333333333,SITE 3,EXT
2026-05-18 15:00:00,32.961666666666666,27.493166666666664,26.323833333333333,33.90740740740741,19.203703703703706,42.06666666666667,972.2810000000001,SITE 3,EXT
2026-05-18 16:00:00,34.04064516129032,28.99983870967742,27.236290322580647,34.121863799283155,19.695340501792113,43.03225806451613,971.8919354838711,SITE 3,EXT
2026-05-18 17:00:00,46.508500000000005,43.43966666666667,35.332,33.48148148148149,20.166666666666668,46.1,972.0716666666667,SITE 3,EXT
2026-05-18 18:00:00,47.93483333333334,47.25633333333334,39.781666666666666,32.666666666666664,21.62962962962963,52.833333333333336,972.798,SITE 3,EXT
2026-05-18 19:00:00,48.67266666666667,47.82866666666667,38.907333333333334,32.22222222222222,22.166666666666668,55.4,973.7900000000001,SITE 3,EXT
2026-05-18 20:00:00,45.05983333333334,44.265166666666666,36.76833333333333,32.2037037037037,22.203703703703702,56.733333333333334,974.976,SITE 3,EXT
2026-05-18 21:00:00,52.1965,51.24283333333334,42.12266666666667,31.592592592592595,22.37037037037037,58.7,975.4156666666667,SITE 3,EXT
2026-05-18 22:00:00,47.27833333333333,46.276833333333336,38.66916666666667,31.333333333333336,22.055555555555554,58.56666666666667,975.938,SITE 3,EXT
2026-05-18 23:00:00,38.565,36.45741379310345,31.806379310344827,31.206896551724142,22.126436781609193,59.0,976.0944827586206,SITE 3,EXT
2026-05-19 00:00:00,36.943333333333335,33.83566666666667,31.583833333333335,30.37037037037037,21.51851851851852,60.13333333333333,975.3173333333333,SITE 3,EXT
2026-05-19 01:00:00,37.542833333333334,34.5345,33.32333333333334,29.5,21.092592592592595,61.1,974.9226666666667,SITE 3,EXT
2026-05-19 02:00:00,32.87016666666667,27.425,26.4065,28.90740740740741,20.85185185185185,62.3,974.3080000000001,SITE 3,EXT
2026-05-19 03:00:00,34.08883333333333,29.215666666666667,28.16283333333333,28.75925925925926,20.98148148148148,63.266666666666666,973.902,SITE 3,EXT
2026-05-19 04:00:00,34.03103448275862,29.093103448275862,27.75913793103448,28.371647509578544,20.632183908045977,63.793103448275865,973.708275862069,SITE 3,EXT
2026-05-19 05:00:00,33.467666666666666,28.2785,26.798166666666667,28.333333333333336,20.555555555555557,63.5,973.825,SITE 3,EXT
2026-05-19 06:00:00,34.57633333333333,29.898500000000002,27.35,28.31481481481482,20.203703703703702,62.03333333333333,974.265,SITE 3,EXT
2026-05-19 07:00:00,34.675666666666665,29.964166666666664,27.270166666666668,28.5,20.055555555555554,60.6,975.112,SITE 3,EXT
2026-05-19 08:00:00,36.13316666666666,30.835166666666666,28.059666666666665,29.5,20.01851851851852,57.03333333333333,975.706,SITE 3,EXT
2026-05-19 09:00:00,35.505,30.8785,28.327,30.555555555555557,20.055555555555554,54.03333333333333,975.99,SITE 3,EXT
2026-05-19 10:00:00,31.393666666666668,26.103833333333334,23.925333333333334,31.90740740740741,19.796296296296298,49.36666666666667,976.1153333333333,SITE 3,EXT
2026-05-19 11:00:00,31.919500000000003,26.458833333333335,24.900333333333332,34.12962962962963,20.48148148148148,45.233333333333334,975.7533333333333,SITE 3,EXT
2026-05-19 12:00:00,31.325344827586203,25.92103448275862,23.90655172413793,36.321839080459775,20.727969348659002,40.41379310344828,975.3334482758621,SITE 3,EXT
2026-05-19 13:00:00,32.3185,26.766166666666667,25.49233333333333,37.25925925925926,20.444444444444446,37.9,974.4583333333334,SITE 3,EXT
2026-05-19 14:00:00,31.574333333333335,26.12816666666667,24.437166666666666,38.96296296296296,21.0,35.666666666666664,973.7263333333334,SITE 3,EXT
2026-05-19 15:00:00,31.971999999999998,26.561833333333333,25.081333333333337,40.351851851851855,21.537037037037035,34.2,973.0366666666666,SITE 3,EXT
2026-05-19 16:00:00,33.002833333333335,27.750999999999998,26.188499999999998,39.74074074074074,21.12962962962963,34.56666666666667,972.5586666666666,SITE 3,EXT
2026-05-19 17:00:00,40.117,36.348499999999994,32.611333333333334,38.88888888888889,21.203703703703702,36.36666666666667,972.4706666666666,SITE 3,EXT
2026-05-19 18:00:00,39.31862068965517,37.544137931034484,34.176206896551726,37.20306513409962,21.39846743295019,40.241379310344826,972.8255172413793,SITE 3,EXT
2026-05-19 19:00:00,51.82366666666667,50.82899999999999,43.73966666666667,36.07407407407408,21.592592592592595,43.733333333333334,973.568,SITE 3,EXT
2026-05-19 20:00:00,50.77366666666667,49.88466666666667,42.653,35.27777777777778,21.740740740740744,46.0,974.162,SITE 3,EXT
2026-05-19 21:00:00,41.35433333333334,40.428,34.85733333333334,34.55555555555555,21.592592592592595,47.13333333333333,974.6836666666667,SITE 3,EXT
2026-05-19 22:00:00,39.18083333333333,37.734,32.810833333333335,33.96296296296297,21.537037037037035,48.6,975.1163333333334,SITE 3,EXT
2026-05-19 23:00:00,44.04416666666667,42.31783333333333,34.851,33.25925925925926,21.592592592592595,50.8,975.029,SITE 3,EXT
2026-05-20 00:00:00,39.404833333333336,38.004,33.1145,32.42592592592593,21.444444444444446,52.666666666666664,974.528,SITE 3,EXT
2026-05-20 01:00:00,38.598333333333336,36.69016666666666,32.3095,31.40740740740741,21.14814814814815,54.8,973.803,SITE 3,EXT
2026-05-20 02:00:00,38.39116666666666,36.263,32.86083333333333,30.833333333333336,20.85185185185185,56.06666666666667,973.1496666666667,SITE 3,EXT
2026-05-20 03:00:00,36.61034482758621,33.27706896551724,30.537068965517243,30.555555555555557,20.90038314176245,56.793103448275865,972.9541379310344,SITE 3,EXT
2026-05-20 04:00:00,37.330666666666666,34.30433333333334,31.403833333333335,30.48148148148148,21.01851851851852,57.166666666666664,973.0163333333334,SITE 3,EXT
2026-05-20 05:00:00,42.67133333333334,41.171,38.39533333333333,30.074074074074073,20.62962962962963,57.9,973.3583333333333,SITE 3,EXT
2026-05-20 06:00:00,48.521,47.86183333333334,42.403999999999996,30.055555555555554,20.796296296296298,58.36666666666667,974.1656666666667,SITE 3,EXT
2026-05-20 07:00:00,48.92216666666666,47.36783333333334,41.69016666666666,30.14814814814815,21.203703703703702,59.0,974.9993333333333,SITE 3,EXT
2026-05-20 08:00:00,45.12516666666667,43.882333333333335,40.324666666666666,30.62962962962963,21.24074074074074,58.0,975.263,SITE 3,EXT
2026-05-20 09:00:00,35.52066666666666,31.37183333333333,28.684,31.77777777777778,21.38888888888889,54.9,975.583,SITE 3,EXT
2026-05-20 10:00:00,34.324,29.515,27.340333333333334,33.68518518518518,21.555555555555557,49.666666666666664,975.3676666666667,SITE 3,EXT
2026-05-20 11:00:00,33.67862068965517,28.520000000000003,26.788620689655172,36.14942528735633,21.283524904214563,42.6551724137931,975.2006896551724,SITE 3,EXT
2026-05-20 12:00:00,35.61516666666667,31.633,30.1785,38.351851851851855,20.90740740740741,36.733333333333334,974.7156666666667,SITE 3,EXT
2026-05-20 13:00:00,37.645833333333336,35.22816666666667,33.705,39.46296296296296,20.333333333333332,33.233333333333334,973.682,SITE 3,EXT
2026-05-20 14:00:00,33.04566666666667,27.709166666666665,26.159666666666666,41.166666666666664,20.462962962962965,30.733333333333334,973.0509999999999,SITE 3,EXT
2026-05-20 15:00:00,33.401666666666664,27.96916666666667,26.125333333333334,41.31481481481482,20.462962962962965,30.3,972.4259999999999,SITE 3,EXT
2026-05-20 16:00:00,33.89383333333333,28.716,27.0415,41.333333333333336,20.14814814814815,29.733333333333334,972.4,SITE 3,EXT
2026-05-20 17:00:00,35.04883333333333,30.598000000000003,28.289833333333334,36.18518518518519,20.75925925925926,41.0,972.8349999999999,SITE 3,EXT
2026-05-20 18:00:00,36.47666666666667,33.031,29.81683333333333,35.333333333333336,21.62962962962963,45.266666666666666,973.1586666666666,SITE 3,EXT
2026-05-20 19:00:00,45.19293103448276,44.14758620689655,37.269999999999996,34.92337164750958,21.954022988505745,47.51724137931034,973.4713793103448,SITE 3,EXT
2026-05-20 20:00:00,36.234833333333334,32.440000000000005,29.176166666666667,34.57407407407407,21.38888888888889,46.666666666666664,974.1426666666666,SITE 3,EXT
2026-05-20 21:00:00,37.04633333333334,33.9665,30.981,34.44444444444444,21.833333333333332,48.233333333333334,974.6616666666666,SITE 3,EXT
2026-05-20 22:00:00,37.60216666666667,35.07783333333334,32.20983333333333,33.92592592592593,21.88888888888889,49.93333333333333,975.3080000000001,SITE 3,EXT
2026-05-20 23:00:00,38.34616666666667,36.37233333333334,33.30733333333333,33.27777777777778,21.90740740740741,51.733333333333334,975.2286666666666,SITE 3,EXT
2026-05-21 00:00:00,39.146,37.83183333333333,34.68383333333334,32.5,21.77777777777778,53.6,974.8153333333333,SITE 3,EXT
2026-05-21 01:00:00,37.3225,34.63766666666666,31.752833333333335,31.75925925925926,21.574074074074076,55.13333333333333,974.0396666666667,SITE 3,EXT
2026-05-21 02:00:00,33.90833333333333,28.887,26.8455,31.000000000000004,21.555555555555557,57.5,973.4156666666667,SITE 3,EXT
2026-05-21 03:00:00,34.642758620689655,30.06844827586207,27.740172413793104,30.440613026819925,21.551724137931036,59.89655172413793,973.1679310344828,SITE 3,EXT
2026-05-21 04:00:00,35.48983333333333,31.401166666666665,29.123833333333334,29.98148148148148,21.425925925925927,60.666666666666664,973.6493333333333,SITE 3,EXT
2026-05-21 05:00:00,38.170833333333334,35.4235,32.72116666666667,29.98148148148148,21.64814814814815,61.06666666666667,974.319,SITE 3,EXT
2026-05-21 06:00:00,42.378,40.76483333333333,36.049166666666665,29.98148148148148,21.61111111111111,60.96666666666667,975.096,SITE 3,EXT
2026-05-21 07:00:00,40.757666666666665,38.84016666666666,35.130833333333335,30.35185185185185,21.24074074074074,59.0,975.8706666666666,SITE 3,EXT
2026-05-21 08:00:00,38.621833333333335,35.91016666666667,32.643166666666666,29.98148148148148,20.98148148148148,59.266666666666666,976.9063333333332,SITE 3,EXT
2026-05-21 09:00:00,83.34616666666668,74.59983333333334,43.037166666666664,30.574074074074076,21.27777777777778,58.166666666666664,977.3876666666667,SITE 3,EXT
2026-05-21 10:00:00,35.74066666666667,31.956666666666667,29.585833333333333,32.611111111111114,21.38888888888889,52.1,977.374,SITE 3,EXT
2026-05-21 11:00:00,35.4105,31.733,29.8445,34.833333333333336,21.64814814814815,47.0,976.4386666666667,SITE 3,EXT
2026-05-21 12:00:00,33.600344827586206,28.510517241379308,26.977931034482758,37.58620689655172,21.379310344827587,39.44827586206897,975.3993103448275,SITE 3,EXT
2026-05-21 13:00:00,33.91733333333333,29.1005,27.665833333333335,39.53703703703704,21.203703703703702,34.96666666666667,974.0613333333333,SITE 3,EXT
2026-05-21 14:00:00,42.71366666666667,39.357499999999995,35.21333333333334,40.81481481481482,20.962962962962965,32.266666666666666,972.7533333333333,SITE 3,EXT
2026-05-21 15:00:00,34.81016666666667,30.1725,28.408333333333335,41.111111111111114,20.574074074074076,30.9,971.868,SITE 3,EXT
2026-05-21 16:00:00,34.97866666666666,30.116833333333332,28.264333333333333,40.64814814814815,20.333333333333332,31.3,972.225,SITE 3,EXT
2026-05-21 17:00:00,34.20916666666667,29.26883333333333,27.698833333333333,39.46296296296296,20.240740740740744,33.1,972.3693333333334,SITE 3,EXT
2026-05-21 18:00:00,36.507666666666665,32.966,29.813166666666667,37.96296296296296,20.48148148148148,36.63333333333333,972.7816666666666,SITE 3,EXT
2026-05-21 19:00:00,39.855862068965514,38.14327586206896,32.58827586206897,37.1264367816092,20.842911877394638,39.03448275862069,972.7637931034483,SITE 3,EXT
2026-05-21 20:00:00,43.49183333333334,42.38733333333334,35.61516666666667,36.38888888888889,20.944444444444446,40.93333333333333,973.2276666666668,SITE 3,EXT
2026-05-21 21:00:00,44.318666666666665,43.407333333333334,36.68183333333333,35.62962962962963,21.22222222222222,43.7,973.8576666666667,SITE 3,EXT
2026-05-21 22:00:00,37.2705,34.2595,30.174166666666668,34.57407407407407,21.462962962962965,46.766666666666666,974.4703333333333,SITE 3,EXT
2026-05-21 23:00:00,36.67033333333333,33.358333333333334,30.585166666666666,33.44444444444444,21.22222222222222,49.2,974.5310000000001,SITE 3,EXT
2026-05-22 00:00:00,36.763000000000005,33.4985,30.339,32.57407407407407,21.166666666666668,51.3,974.2783333333333,SITE 3,EXT
2026-05-22 01:00:00,37.41416666666667,34.806666666666665,32.16916666666667,31.814814814814817,21.11111111111111,53.666666666666664,974.2769999999999,SITE 3,EXT
2026-05-22 02:00:00,37.06283333333333,34.19566666666666,31.772333333333332,31.148148148148152,21.0,55.2,974.3256666666667,SITE 3,EXT
2026-05-22 03:00:00,39.32116666666666,37.94166666666667,35.15716666666666,31.111111111111118,21.09259259259259,55.5,974.6370000000001,SITE 3,EXT
2026-05-22 04:00:00,37.5625,34.933166666666665,32.28216666666667,30.703703703703706,20.962962962962965,56.63333333333333,974.996,SITE 3,EXT
2026-05-22 05:00:00,35.34316666666667,31.1065,28.611333333333334,29.64814814814815,20.388888888888893,58.13333333333333,975.3080000000001,SITE 3,EXT
2026-05-22 06:00:00,46.327586206896555,44.30637931034483,35.57465517241379,29.406130268199234,20.49808429118774,59.13793103448276,975.793448275862,SITE 3,EXT
2026-05-22 07:00:00,37.64566666666666,34.820166666666665,31.649833333333333,29.925925925925927,20.518518518518523,57.36666666666667,976.0086666666667,SITE 3,EXT
2026-05-22 08:00:00,35.783,31.417666666666666,29.0845,30.62962962962963,20.40740740740741,54.93333333333333,976.278,SITE 3,EXT
2026-05-22 09:00:00,35.80166666666666,31.746,29.9865,31.685185185185187,20.5,51.833333333333336,976.3163333333334,SITE 3,EXT
2026-05-22 10:00:00,35.644666666666666,31.875333333333334,30.680166666666665,34.18518518518519,21.0,46.666666666666664,976.162,SITE 3,EXT
2026-05-22 11:00:00,33.7775,28.913666666666664,27.61433333333333,36.5,20.962962962962965,40.766666666666666,975.715,SITE 3,EXT
2026-05-22 12:00:00,34.90724137931034,30.345,28.910689655172412,38.71647509578544,20.862068965517242,35.827586206896555,974.5889655172415,SITE 3,EXT
2026-05-22 13:00:00,33.95816666666666,29.044,27.818833333333334,40.277777777777786,20.740740740740744,32.8,973.4686666666668,SITE 3,EXT
2026-05-22 14:00:00,33.99033333333333,28.981166666666663,27.865333333333336,41.5,20.333333333333332,29.833333333333332,972.7226666666667,SITE 3,EXT
2026-05-22 15:00:00,33.64233333333333,28.5115,27.360166666666665,41.537037037037045,20.333333333333332,29.8,972.087,SITE 3,EXT
2026-05-22 16:00:00,33.253166666666665,27.91783333333333,26.50633333333333,41.66666666666667,20.240740740740744,29.4,971.6026666666668,SITE 3,EXT
2026-05-22 17:00:00,36.680166666666665,33.2845,30.659499999999998,40.2962962962963,20.092592592592595,31.433333333333334,971.8876666666667,SITE 3,EXT
2026-05-22 18:00:00,33.21233333333333,27.98483333333333,25.46966666666667,38.277777777777786,20.074074074074076,35.13333333333333,972.5663333333334,SITE 3,EXT
2026-05-22 19:00:00,40.292833333333334,37.963166666666666,31.864333333333335,38.12962962962963,20.740740740740744,36.766666666666666,973.2956666666666,SITE 3,EXT
2026-05-22 20:00:00,44.060172413793104,42.86103448275862,36.040689655172415,37.337164750957854,20.938697318007662,38.86206896551724,973.9303448275862,SITE 3,EXT
2026-05-22 21:00:00,36.718333333333334,33.2825,29.8125,36.12962962962963,20.87037037037037,41.4,974.0400000000001,SITE 3,EXT
2026-05-22 22:00:00,35.859500000000004,31.988666666666667,29.717,34.88888888888889,20.85185185185185,44.3,974.4103333333334,SITE 3,EXT
2026-05-22 23:00:00,35.27883333333333,30.921166666666668,28.924166666666668,34.42592592592593,21.055555555555554,45.86666666666667,974.4573333333334,SITE 3,EXT
2026-05-23 00:00:00,37.075833333333335,33.907000000000004,30.683666666666667,33.611111111111114,20.87037037037037,47.7,974.1270000000001,SITE 3,EXT
2026-05-23 01:00:00,35.4855,31.389333333333333,29.939,33.31481481481482,21.055555555555554,48.666666666666664,973.5676666666666,SITE 3,EXT
2026-05-23 02:00:00,35.44583333333333,31.0675,29.615166666666667,31.962962962962965,21.12962962962963,53.1,973.1933333333333,SITE 3,EXT
2026-05-23 03:00:00,34.40983333333334,29.642999999999997,28.031,31.111111111111118,21.666666666666668,58.2,972.2330000000001,SITE 3,EXT
2026-05-23 04:00:00,33.8545,28.766666666666666,27.0605,31.111111111111118,21.87037037037037,58.833333333333336,972.487,SITE 3,EXT
2026-05-23 05:00:00,34.28516666666667,29.492166666666666,27.967,30.37037037037037,21.296296296296298,58.9,973.1669999999999,SITE 3,EXT
2026-05-23 06:00:00,34.61810344827586,29.57965517241379,27.632241379310347,29.482758620689655,20.842911877394638,60.48275862068966,974.4555172413793,SITE 3,EXT
2026-05-23 07:00:00,30.523666666666667,26.17233333333333,22.9815,27.27777777777778,19.03703703703704,61.5,976.1313333333333,SITE 3,EXT
2026-05-23 08:00:00,30.497333333333334,25.266833333333334,21.962,27.555555555555557,19.222222222222225,61.03333333333333,975.5783333333333,SITE 3,EXT
2026-05-23 09:00:00,31.134333333333334,25.836833333333335,22.62316666666667,27.703703703703702,19.40740740740741,61.06666666666667,975.9050000000001,SITE 3,EXT
2026-05-23 10:00:00,33.00983333333333,27.86733333333333,24.834,28.48148148148148,19.35185185185185,58.46666666666667,975.5983333333334,SITE 3,EXT
2026-05-23 11:00:00,34.76366666666667,30.081333333333337,28.095833333333335,31.51851851851852,20.203703703703702,51.63333333333333,975.2710000000001,SITE 3,EXT
2026-05-23 12:00:00,32.30133333333333,26.870333333333335,25.57633333333333,33.7037037037037,20.833333333333332,47.233333333333334,974.7286666666666,SITE 3,EXT
2026-05-23 13:00:00,32.057833333333335,26.601833333333335,25.2195,34.53703703703704,21.38888888888889,46.56666666666667,974.1363333333334,SITE 3,EXT
2026-05-23 14:00:00,31.082758620689653,25.75155172413793,24.154310344827586,36.321839080459775,21.800766283524908,43.275862068965516,973.5048275862068,SITE 3,EXT
2026-05-23 15:00:00,34.934333333333335,30.533833333333334,29.8615,37.92592592592593,21.61111111111111,39.233333333333334,973.052,SITE 3,EXT
2026-05-23 16:00:00,34.63466666666667,30.021166666666666,29.4465,37.92592592592593,21.38888888888889,38.766666666666666,972.4686666666668,SITE 3,EXT
2026-05-23 17:00:00,35.85733333333334,31.301666666666666,30.42983333333333,36.94444444444445,21.722222222222225,41.8,972.3096666666667,SITE 3,EXT
2026-05-23 18:00:00,34.912666666666674,30.546333333333333,27.972666666666665,35.2037037037037,21.814814814814817,46.3,972.859,SITE 3,EXT
2026-05-23 19:00:00,34.655,30.098000000000003,27.840833333333332,33.94444444444445,21.98148148148148,49.9,973.6713333333333,SITE 3,EXT
2026-05-23 20:00:00,35.94133333333333,31.756000000000004,29.48033333333333,33.44444444444444,21.75925925925926,50.733333333333334,974.0693333333334,SITE 3,EXT
2026-05-23 21:00:00,35.61816666666667,31.556166666666666,28.9305,32.81481481481482,21.40740740740741,51.53333333333333,974.3506666666667,SITE 3,EXT
2026-05-23 22:00:00,35.12733333333333,30.654666666666667,27.84416666666667,32.27777777777778,21.37037037037037,53.1,974.6976666666667,SITE 3,EXT
2026-05-23 23:00:00,34.811379310344826,30.19793103448276,27.673793103448276,31.590038314176248,21.45593869731801,55.48275862068966,975.0713793103448,SITE 3,EXT
2026-05-24 00:00:00,42.96266666666667,38.97716666666667,33.20033333333333,31.16666666666667,21.203703703703702,56.2,974.7436666666667,SITE 3,EXT
2026-05-24 01:00:00,34.8805,30.408166666666666,28.268666666666668,30.64814814814815,21.14814814814815,57.1,974.09,SITE 3,EXT
2026-05-24 02:00:00,35.7645,31.7365,29.09466666666667,30.75925925925926,21.314814814814817,57.53333333333333,973.5296666666667,SITE 3,EXT
2026-05-24 03:00:00,34.78066666666667,30.188499999999998,28.016833333333334,30.425925925925927,21.092592592592595,58.166666666666664,973.581,SITE 3,EXT
2026-05-24 04:00:00,33.91466666666667,28.872833333333332,26.571166666666667,30.0,21.555555555555557,60.833333333333336,974.0573333333334,SITE 3,EXT
2026-05-24 05:00:00,39.74583333333333,37.73083333333333,32.17,29.962962962962965,21.444444444444446,60.733333333333334,974.341,SITE 3,EXT
2026-05-24 06:00:00,42.17266666666667,40.495333333333335,34.05583333333333,30.0,21.64814814814815,61.06666666666667,974.9126666666667,SITE 3,EXT
2026-05-24 07:00:00,37.175862068965515,34.31189655172414,31.15155172413793,30.114942528735632,21.20689655172414,59.48275862068966,975.7044827586207,SITE 3,EXT
2026-05-24 08:00:00,37.41716666666667,34.57983333333333,31.30483333333333,30.90740740740741,21.333333333333332,57.2,976.5256666666667,SITE 3,EXT
2026-05-24 09:00:00,34.56883333333334,29.951166666666666,27.576,31.40740740740741,21.092592592592595,54.56666666666667,976.7053333333333,SITE 3,EXT
2026-05-24 10:00:00,35.45933333333333,31.252000000000002,28.783666666666665,33.5,21.740740740740744,50.666666666666664,976.4123333333333,SITE 3,EXT
2026-05-24 11:00:00,33.50083333333333,28.3205,26.360833333333336,35.2962962962963,21.62962962962963,45.53333333333333,975.9246666666667,SITE 3,EXT
2026-05-24 12:00:00,34.972833333333334,30.656333333333336,29.05,36.592592592592595,21.462962962962965,42.0,975.2713333333334,SITE 3,EXT
2026-05-24 13:00:00,35.19637931034483,31.303793103448278,29.80206896551724,38.67816091954023,21.45593869731801,37.206896551724135,974.2503448275861,SITE 3,EXT
2026-05-24 14:00:00,32.836666666666666,27.31566666666667,25.92983333333333,40.31481481481482,21.203703703703702,33.63333333333333,973.0036666666667,SITE 3,EXT
2026-05-24 15:00:00,33.87716666666667,28.870333333333335,27.3215,40.46296296296296,21.14814814814815,33.2,972.128,SITE 3,EXT
2026-05-24 16:00:00,34.85566666666667,30.371166666666667,28.600166666666667,40.27777777777778,21.074074074074076,33.4,971.9133333333334,SITE 3,EXT
2026-05-24 17:00:00,34.885,30.326666666666664,28.373,39.44444444444444,21.185185185185183,35.13333333333333,972.018,SITE 3,EXT
2026-05-24 18:00:00,38.104166666666664,34.655166666666666,30.31116666666667,36.74074074074074,20.14814814814815,38.36666666666667,972.638,SITE 3,EXT
2026-05-24 19:00:00,36.97616666666667,33.74033333333333,29.8905,34.777777777777786,20.314814814814817,43.233333333333334,974.0776666666667,SITE 3,EXT
2026-05-24 20:00:00,35.53862068965517,30.846551724137928,27.37,33.04597701149425,20.708812260536398,48.689655172413794,974.7555172413793,SITE 3,EXT
2026-05-24 21:00:00,33.162166666666664,27.701,25.617166666666666,32.22222222222222,20.555555555555557,50.46666666666667,975.0523333333333,SITE 3,EXT
2026-05-24 22:00:00,31.595166666666668,26.161,24.47533333333333,31.333333333333336,19.962962962962965,51.266666666666666,975.6326666666666,SITE 3,EXT
2026-05-24 23:00:00,31.869666666666667,26.32016666666667,24.9805,30.5,19.61111111111111,52.666666666666664,975.3836666666666,SITE 3,EXT
2026-05-25 00:00:00,33.958666666666666,29.187166666666666,28.14383333333333,30.48148148148148,20.037037037037035,54.56666666666667,975.399,SITE 3,EXT
2026-05-25 01:00:00,34.92666666666666,30.513333333333332,29.360833333333336,30.555555555555557,20.27777777777778,54.833333333333336,975.088,SITE 3,EXT
2026-05-25 02:00:00,33.30189655172414,28.396551724137932,27.198275862068964,30.555555555555557,20.555555555555557,55.758620689655174,974.5541379310345,SITE 3,EXT
2026-05-25 03:00:00,34.39516666666667,29.848833333333335,28.757833333333334,30.27777777777778,20.296296296296298,55.86666666666667,974.1129999999999,SITE 3,EXT
2026-05-25 04:00:00,34.500499999999995,29.937166666666666,28.398500000000002,30.314814814814817,20.5,56.43333333333333,974.4240000000001,SITE 3,EXT
2026-05-25 05:00:00,38.934333333333335,36.09566666666667,33.231500000000004,30.055555555555557,20.51851851851852,57.3,975.0740000000001,SITE 3,EXT
2026-05-25 06:00:00,37.20516666666666,33.856500000000004,30.666333333333334,29.444444444444446,20.40740740740741,58.7,975.598,SITE 3,EXT
2026-05-25 07:00:00,39.532333333333334,37.692,33.989666666666665,30.055555555555557,20.592592592592595,57.233333333333334,976.7379999999999,SITE 3,EXT
2026-05-25 08:00:00,36.02948275862069,31.808620689655175,27.98741379310345,27.413793103448278,19.655172413793103,63.44827586206897,979.5368965517241,SITE 3,EXT
2026-05-25 09:00:00,28.206333333333337,23.607000000000003,18.893833333333337,26.77777777777778,19.574074074074076,65.06666666666666,979.9903333333333,SITE 3,EXT
2026-05-25 10:00:00,218.12150000000003,186.93083333333334,65.84883333333333,27.296296296296298,19.90740740740741,64.53333333333333,979.1786666666667,SITE 3,EXT
2026-05-25 11:00:00,52.585,46.91,32.120666666666665,27.962962962962965,20.12962962962963,63.166666666666664,978.0246666666667,SITE 3,EXT
2026-05-25 12:00:00,32.34733333333333,27.131333333333334,23.771166666666666,29.444444444444446,20.388888888888893,58.666666666666664,976.7853333333334,SITE 3,EXT
2026-05-25 13:00:00,29.326166666666666,24.419833333333333,21.506833333333336,31.018518518518523,20.25925925925926,52.96666666666667,975.7379999999999,SITE 3,EXT
2026-05-25 14:00:00,30.478965517241377,25.357758620689655,22.54586206896552,32.509578544061306,20.30651340996169,48.96551724137931,974.7472413793103,SITE 3,EXT
2026-05-25 15:00:00,29.808666666666667,24.84,21.55366666666667,32.75925925925926,20.40740740740741,48.6,974.0046666666666,SITE 3,EXT
2026-05-25 16:00:00,34.91733333333333,29.931,27.282333333333334,34.18518518518519,20.40740740740741,44.833333333333336,973.9036666666667,SITE 3,EXT
2026-05-25 17:00:00,33.06816666666666,27.62933333333333,25.676166666666667,34.111111111111114,19.888888888888893,43.333333333333336,974.0443333333333,SITE 3,EXT
2026-05-25 18:00:00,34.637166666666666,30.161833333333334,27.62933333333333,33.24074074074074,19.75925925925926,45.56666666666667,974.4843333333333,SITE 3,EXT
2026-05-25 19:00:00,47.3085,46.18866666666667,38.259,32.81481481481482,20.296296296296298,48.266666666666666,975.1133333333333,SITE 3,EXT
2026-05-25 20:00:00,40.82103448275862,38.733620689655176,32.405344827586205,32.298850574712645,21.245210727969347,52.62068965517241,975.8989655172413,SITE 3,EXT
2026-05-25 21:00:00,42.037166666666664,40.46116666666667,33.501666666666665,31.740740740740744,21.185185185185183,54.233333333333334,976.7526666666668,SITE 3,EXT
2026-05-25 22:00:00,35.564,31.255999999999997,28.083666666666666,31.666666666666668,21.5,55.56666666666667,977.1483333333333,SITE 3,EXT
2026-05-25 23:00:00,31.8245,26.337833333333332,24.108333333333334,31.203703703703706,21.203703703703702,56.0,976.9076666666666,SITE 3,EXT
2026-05-26 00:00:00,31.53483333333333,26.0355,23.794333333333334,31.092592592592595,21.11111111111111,55.86666666666667,976.6336666666666,SITE 3,EXT
2026-05-26 01:00:00,32.68666666666667,27.442999999999998,26.0265,30.685185185185187,21.01851851851852,56.833333333333336,976.2826666666666,SITE 3,EXT
2026-05-26 02:00:00,33.908833333333334,29.146333333333335,27.845666666666666,30.53703703703704,20.703703703703702,56.56666666666667,976.0193333333334,SITE 3,EXT
2026-05-26 03:00:00,33.931666666666665,29.290833333333335,27.68316666666667,30.53703703703704,20.925925925925927,57.03333333333333,975.925,SITE 3,EXT
2026-05-26 04:00:00,33.70517241379311,28.56948275862069,26.46034482758621,30.191570881226053,20.747126436781613,57.48275862068966,976.0355172413792,SITE 3,EXT
2026-05-26 05:00:00,37.035833333333336,33.543166666666664,31.260833333333334,29.98148148148148,20.64814814814815,58.13333333333333,976.3676666666667,SITE 3,EXT
2026-05-26 06:00:00,47.583,46.4075,39.602,29.703703703703702,20.796296296296298,59.1,976.7086666666667,SITE 3,EXT
2026-05-26 07:00:00,37.74283333333334,35.071000000000005,30.983833333333333,30.01851851851852,20.796296296296298,58.13333333333333,976.9639999999999,SITE 3,EXT
2026-05-26 08:00:00,34.49216666666667,29.630499999999998,26.838,30.555555555555557,20.555555555555557,56.0,977.48,SITE 3,EXT
2026-05-26 09:00:00,32.42016666666667,26.999000000000002,24.509833333333333,30.814814814814817,21.166666666666668,56.86666666666667,977.6460000000001,SITE 3,EXT
2026-05-26 10:00:00,35.38883333333333,29.720000000000002,25.385833333333334,32.55555555555556,21.722222222222225,53.3,977.534,SITE 3,EXT
2026-05-26 11:00:00,33.335,28.040166666666668,26.826,33.98148148148149,21.37037037037037,48.2,977.52,SITE 3,EXT
2026-05-26 12:00:00,39.824,36.4305,35.048,30.425925925925927,20.98148148148148,57.6,977.2336666666666,SITE 3,EXT
2026-05-26 13:00:00,29.21379310344828,24.372241379310342,21.625344827586208,31.264367816091955,21.283524904214563,55.827586206896555,976.1158620689655,SITE 3,EXT
2026-05-26 14:00:00,28.15,23.487000000000002,20.322499999999998,33.611111111111114,20.37037037037037,46.4,974.9153333333333,SITE 3,EXT
2026-05-26 15:00:00,28.3055,23.59283333333333,20.478833333333334,34.592592592592595,20.722222222222225,44.63333333333333,973.9580000000001,SITE 3,EXT
2026-05-26 16:00:00,28.792333333333332,23.9665,20.837,35.38888888888889,20.425925925925927,42.06666666666667,973.2253333333333,SITE 3,EXT
2026-05-26 17:00:00,34.4445,29.714166666666664,25.948333333333334,34.12962962962963,20.27777777777778,44.766666666666666,973.7133333333334,SITE 3,EXT
2026-05-26 18:00:00,39.16583333333333,36.168,31.316,33.111111111111114,20.925925925925927,49.13333333333333,974.6026666666668,SITE 3,EXT
2026-05-26 19:00:00,45.37916666666667,43.710166666666666,36.041333333333334,32.98148148148148,21.11111111111111,50.36666666666667,975.5396666666667,SITE 3,EXT
2026-05-26 20:00:00,40.37316666666666,39.262166666666666,33.339166666666664,32.7037037037037,21.22222222222222,51.03333333333333,976.2133333333334,SITE 3,EXT
2026-05-26 21:00:00,40.022166666666664,37.542500000000004,31.760833333333334,32.092592592592595,21.092592592592595,52.6,976.6746666666667,SITE 3,EXT
2026-05-26 22:00:00,37.842333333333336,35.24366666666666,31.113833333333332,31.61111111111111,21.666666666666668,56.733333333333334,977.06,SITE 3,EXT
2026-05-26 23:00:00,37.581896551724135,34.93586206896552,30.537758620689655,31.111111111111114,21.800766283524908,58.172413793103445,977.0362068965517,SITE 3,EXT
2026-05-27 00:00:00,37.032833333333336,33.843833333333336,30.415333333333333,30.666666666666668,21.833333333333332,59.93333333333333,976.3533333333332,SITE 3,EXT
2026-05-27 01:00:00,36.705333333333336,33.382333333333335,29.974,30.37037037037037,22.037037037037035,61.3,975.3340000000001,SITE 3,EXT
2026-05-27 02:00:00,36.7559375,33.509375,29.9571875,29.895833333333332,21.666666666666668,62.3125,974.439375,SITE 3,EXT
2026-05-27 03:00:00,32.2545,27.083000000000002,24.203333333333333,28.77777777777778,21.092592592592595,63.93333333333333,973.4416666666667,SITE 3,EXT
2026-05-27 04:00:00,31.065833333333334,25.644833333333334,22.773833333333336,29.388888888888893,20.962962962962965,60.93333333333333,973.749,SITE 3,EXT
2026-05-27 05:00:00,34.266,29.618333333333332,26.589,29.444444444444446,21.166666666666668,62.1,974.2053333333333,SITE 3,EXT
2026-05-27 06:00:00,44.54983333333333,43.483333333333334,35.93283333333333,29.666666666666668,21.51851851851852,62.53333333333333,974.9056666666667,SITE 3,EXT
2026-05-27 07:00:00,35.38466666666667,31.005499999999998,27.923833333333334,30.222222222222225,21.814814814814817,61.166666666666664,975.9106666666667,SITE 3,EXT
2026-05-27 08:00:00,33.023275862068964,27.535689655172412,25.32396551724138,31.24521072796935,21.877394636015325,57.86206896551724,976.3958620689655,SITE 3,EXT
2026-05-27 09:00:00,32.82333333333334,27.2765,25.243,32.592592592592595,21.48148148148148,52.53333333333333,976.5286666666667,SITE 3,EXT
2026-05-27 10:00:00,33.726,28.802,26.330166666666667,34.333333333333336,21.40740740740741,47.233333333333334,976.6360000000001,SITE 3,EXT
2026-05-27 11:00:00,38.09133333333333,34.80766666666667,31.370333333333335,35.68518518518519,20.833333333333332,42.5,976.112,SITE 3,EXT
2026-05-27 12:00:00,37.40316666666667,33.795833333333334,30.976666666666667,36.870370370370374,20.925925925925927,40.13333333333333,975.2996666666666,SITE 3,EXT
2026-05-27 13:00:00,34.511833333333335,29.890666666666668,27.789166666666667,39.01851851851852,21.0,35.6,974.3520000000001,SITE 3,EXT
2026-05-27 14:00:00,34.21083333333333,29.3875,27.968833333333336,40.5,20.72222222222222,32.13333333333333,973.3936666666667,SITE 3,EXT
2026-05-27 15:00:00,33.964999999999996,29.133666666666667,27.5715,39.72222222222222,20.203703703703702,32.666666666666664,972.6956666666666,SITE 3,EXT
2026-05-27 16:00:00,35.06133333333333,30.637333333333334,29.0005,40.092592592592595,20.185185185185183,31.966666666666665,972.3259999999999,SITE 3,EXT
2026-05-27 17:00:00,34.423793103448276,29.664827586206897,27.886206896551727,39.17624521072797,20.019157088122604,33.275862068965516,972.4141379310345,SITE 3,EXT
2026-05-27 18:00:00,38.01583333333333,35.61933333333333,31.448833333333333,37.666666666666664,20.25925925925926,36.666666666666664,972.8003333333334,SITE 3,EXT
2026-05-27 19:00:00,47.09533333333333,46.0475,38.56266666666667,36.592592592592595,20.574074074074076,39.46666666666667,973.5593333333333,SITE 3,EXT
2026-05-27 20:00:00,36.18366666666667,32.062666666666665,28.617666666666665,35.81481481481482,21.037037037037035,42.7,974.3433333333334,SITE 3,EXT
2026-05-27 21:00:00,34.30413793103448,29.249310344827588,26.416551724137932,35.3448275862069,21.57088122605364,45.13793103448276,975.3024137931035,SITE 3,EXT
2026-05-27 22:00:00,36.33433333333333,32.66983333333334,29.483833333333333,34.72222222222222,21.62962962962963,46.86666666666667,975.6270000000001,SITE 3,EXT
2026-05-27 23:00:00,35.45333333333333,31.334333333333333,29.103,33.27777777777778,20.64814814814815,48.0,975.4436666666667,SITE 3,EXT
2026-05-28 00:00:00,32.76483333333333,27.194166666666668,25.5505,32.92592592592593,20.555555555555557,48.63333333333333,974.638,SITE 3,EXT
2026-05-28 01:00:00,31.91241379310345,26.33551724137931,24.019137931034482,32.03065134099617,20.45977011494253,50.793103448275865,973.8303448275863,SITE 3,EXT
2026-05-28 02:00:00,32.14416666666667,26.750833333333333,24.557666666666666,31.666666666666668,20.962962962962965,53.6,973.3876666666667,SITE 3,EXT
2026-05-28 03:00:00,32.681333333333335,27.396166666666666,25.217666666666666,31.27777777777778,21.092592592592595,55.3,973.7923333333333,SITE 3,EXT
2026-05-28 04:00:00,34.01866666666667,29.05816666666667,27.244833333333336,30.722222222222225,21.166666666666668,56.86666666666667,974.1356666666667,SITE 3,EXT
2026-05-28 05:00:00,33.95466666666667,28.697666666666667,26.0425,31.40740740740741,21.40740740740741,56.03333333333333,974.5776666666667,SITE 3,EXT
2026-05-28 06:00:00,35.76206896551724,31.67137931034483,28.42258620689655,31.16858237547893,21.168582375478927,56.03448275862069,974.9972413793104,SITE 3,EXT
2026-05-28 07:00:00,35.068,30.650333333333332,27.7885,31.574074074074076,21.40740740740741,55.333333333333336,975.3746666666667,SITE 3,EXT
2026-05-28 08:00:00,32.82116666666666,27.401666666666664,25.389,32.01851851851852,21.25925925925926,53.666666666666664,975.8016666666666,SITE 3,EXT
2026-05-28 09:00:00,32.673,27.122666666666664,25.286333333333335,33.27777777777778,21.64814814814815,50.93333333333333,976.216,SITE 3,EXT
2026-05-28 10:00:00,32.186166666666665,26.853333333333335,24.565,34.592592592592595,21.574074074074076,47.13333333333333,975.9513333333333,SITE 3,EXT
2026-05-28 11:00:00,34.973333333333336,30.869666666666667,29.2675,36.51851851851852,21.61111111111111,42.333333333333336,975.4736666666666,SITE 3,EXT
2026-05-28 12:00:00,33.78534482758621,28.69344827586207,26.8348275862069,37.8735632183908,20.804597701149426,37.48275862068966,974.741724137931,SITE 3,EXT
2026-05-28 13:00:00,32.7855,27.394000000000002,25.748,39.2037037037037,20.685185185185183,34.53333333333333,974.0716666666667,SITE 3,EXT
2026-05-28 14:00:00,35.26416666666667,30.761666666666667,28.9405,40.51851851851852,20.074074074074076,31.033333333333335,973.2669999999999,SITE 3,EXT
2026-05-28 15:00:00,38.541000000000004,34.47683333333334,31.253333333333334,40.68518518518519,19.40740740740741,29.333333333333332,972.059,SITE 3,EXT
2026-05-28 16:00:00,43.00533333333333,40.82266666666667,36.164,41.2962962962963,20.037037037037035,29.633333333333333,971.3259999999999,SITE 3,EXT
2026-05-28 17:00:00,39.67766666666667,37.31233333333333,33.25516666666667,40.0,20.40740740740741,32.53333333333333,971.509,SITE 3,EXT
2026-05-28 18:00:00,35.95166666666667,31.62683333333333,28.627833333333335,37.05555555555556,20.203703703703702,38.0,972.9066666666666,SITE 3,EXT
2026-05-28 19:00:00,35.919,31.774,28.084666666666667,35.53703703703704,20.462962962962965,41.833333333333336,973.4786666666666,SITE 3,EXT
2026-05-28 20:00:00,38.89224137931034,36.63637931034482,31.315862068965515,35.15325670498084,20.555555555555557,42.827586206896555,974.3231034482758,SITE 3,EXT
2026-05-28 21:00:00,34.67666666666666,29.774333333333335,26.694833333333335,33.55555555555556,20.12962962962963,45.733333333333334,974.581,SITE 3,EXT
2026-05-28 22:00:00,33.208666666666666,27.543,25.252166666666668,33.40740740740741,19.888888888888893,45.3,975.3,SITE 3,EXT
2026-05-28 23:00:00,32.527,26.832333333333334,24.884,32.51851851851852,20.11111111111111,48.5,975.2723333333332,SITE 3,EXT
2026-05-29 00:00:00,34.45316666666667,29.43883333333333,26.994833333333336,32.111111111111114,20.092592592592595,49.5,974.9693333333333,SITE 3,EXT
2026-05-29 01:00:00,33.429310344827584,27.975862068965515,26.408793103448275,31.839080459770116,19.942528735632184,49.724137931034484,974.501724137931,SITE 3,EXT
2026-05-29 02:00:00,32.23866666666667,26.5385,24.163333333333334,31.240740740740744,20.48148148148148,53.2,974.205,SITE 3,EXT
2026-05-29 03:00:00,34.5445,29.6205,27.46033333333333,30.055555555555557,20.425925925925927,56.8,974.687,SITE 3,EXT
2026-05-29 04:00:00,31.252000000000002,25.670666666666666,23.241666666666667,28.722222222222225,20.537037037037035,61.833333333333336,975.1056666666666,SITE 3,EXT
2026-05-29 05:00:00,30.571833333333334,25.1505,22.218166666666665,28.833333333333332,19.98148148148148,59.733333333333334,975.4123333333333,SITE 3,EXT
2026-05-29 06:00:00,34.391666666666666,29.42716666666667,26.047166666666666,29.037037037037035,19.98148148148148,58.666666666666664,975.7123333333333,SITE 3,EXT
2026-05-29 07:00:00,34.700500000000005,29.832666666666668,26.645833333333332,28.944444444444446,20.037037037037035,59.2,976.2966666666667,SITE 3,EXT
2026-05-29 08:00:00,33.878793103448274,28.51258620689655,26.025172413793104,29.616858237547895,20.268199233716476,57.793103448275865,976.8796551724138,SITE 3,EXT
2026-05-29 09:00:00,143.58233333333334,127.01050000000001,60.7,30.851851851851855,20.203703703703702,53.36666666666667,977.0493333333333,SITE 3,EXT
2026-05-29 10:00:00,55.9315,51.497166666666665,37.99666666666667,32.25925925925926,20.40740740740741,50.2,976.9753333333333,SITE 3,EXT
2026-05-29 11:00:00,32.726,27.0485,24.236,33.77777777777778,21.055555555555554,47.833333333333336,976.6376666666667,SITE 3,EXT
2026-05-29 12:00:00,42.60616666666667,38.7705,32.8745,35.611111111111114,21.092592592592595,43.3,976.019,SITE 3,EXT
2026-05-29 13:00:00,38.497166666666665,34.730000000000004,31.205333333333332,37.2962962962963,21.037037037037035,39.36666666666667,975.082,SITE 3,EXT
2026-05-29 14:00:00,32.977,27.323333333333334,25.172833333333333,38.94444444444445,21.24074074074074,36.3,974.186,SITE 3,EXT
2026-05-29 15:00:00,34.18233333333333,29.115666666666666,27.05366666666667,39.64814814814815,21.62962962962963,35.766666666666666,973.702,SITE 3,EXT
2026-05-29 16:00:00,34.333275862068966,29.48844827586207,27.450517241379313,38.86973180076628,21.340996168582375,36.689655172413794,973.5496551724137,SITE 3,EXT
2026-05-29 17:00:00,33.796166666666664,28.487000000000002,25.81383333333333,37.53703703703704,21.462962962962965,39.6,973.6569999999999,SITE 3,EXT
2026-05-29 18:00:00,37.76116666666667,34.848166666666664,30.207,36.70370370370371,21.11111111111111,40.8,974.152,SITE 3,EXT
2026-05-29 19:00:00,38.54683333333333,36.3365,31.543666666666663,35.81481481481482,21.074074074074073,42.766666666666666,974.7773333333333,SITE 3,EXT
2026-05-29 20:00:00,40.9475,39.60483333333333,33.66466666666666,35.31481481481482,21.35185185185185,44.666666666666664,975.4733333333334,SITE 3,EXT
2026-05-29 21:00:00,41.4,40.135999999999996,33.880833333333335,34.666666666666664,21.5,46.766666666666666,975.8136666666667,SITE 3,EXT
2026-05-29 22:00:00,42.5398275862069,41.14120689655172,34.39672413793103,33.88888888888889,21.647509578544064,48.89655172413793,975.971724137931,SITE 3,EXT
2026-05-29 23:00:00,38.443333333333335,36.147666666666666,31.795166666666667,33.42592592592593,21.61111111111111,50.333333333333336,976.0666666666667,SITE 3,EXT
2026-05-30 00:00:00,37.88933333333333,35.11216666666667,31.1175,33.0,21.722222222222225,51.96666666666667,975.722,SITE 3,EXT
2026-05-30 01:00:00,36.282333333333334,32.373333333333335,28.84016666666667,32.18518518518518,21.38888888888889,53.53333333333333,975.0226666666666,SITE 3,EXT
2026-05-30 02:00:00,35.05166666666666,30.362666666666666,26.702833333333334,31.666666666666668,21.666666666666668,55.8,974.216,SITE 3,EXT
2026-05-30 03:00:00,34.80433333333334,29.92983333333333,26.233333333333334,31.14814814814815,21.75925925925926,58.13333333333333,974.066,SITE 3,EXT
2026-05-30 04:00:00,36.34827586206896,32.454482758620685,28.560172413793104,30.574712643678165,21.685823754789272,59.6551724137931,974.2224137931034,SITE 3,EXT
2026-05-30 05:00:00,37.2035,34.11816666666667,29.924833333333332,30.53703703703704,21.703703703703702,59.833333333333336,974.6073333333334,SITE 3,EXT
2026-05-30 06:00:00,46.83833333333334,45.001999999999995,36.27366666666667,31.074074074074076,21.703703703703702,58.9,974.8856666666667,SITE 3,EXT
2026-05-30 07:00:00,44.143166666666666,42.74366666666666,35.2775,31.444444444444446,21.88888888888889,57.4,975.1013333333334,SITE 3,EXT
2026-05-30 08:00:00,35.473499999999994,30.98933333333333,27.493166666666664,32.55555555555556,21.62962962962963,52.96666666666667,975.3533333333332,SITE 3,EXT
2026-05-30 09:00:00,34.522000000000006,29.499166666666667,26.33533333333333,33.88888888888889,21.75925925925926,49.7,975.5306666666667,SITE 3,EXT
2026-05-30 10:00:00,38.76366666666667,34.78616666666667,31.449666666666666,36.333333333333336,21.64814814814815,42.96666666666667,975.418,SITE 3,EXT
2026-05-30 11:00:00,40.1075,36.27571428571429,32.63910714285714,38.333333333333336,21.36904761904762,37.857142857142854,975.0639285714286,SITE 3,EXT
2026-05-30 12:00:00,40.95916666666667,37.038000000000004,32.974333333333334,40.75925925925926,21.240740740740744,32.86666666666667,974.7233333333334,SITE 3,EXT
2026-05-30 13:00:00,42.013000000000005,39.3045,37.647333333333336,42.5,21.166666666666668,29.866666666666667,973.7786666666667,SITE 3,EXT
2026-05-30 14:00:00,36.868448275862065,33.20189655172414,31.424655172413797,42.8544061302682,20.59386973180077,28.275862068965516,972.7558620689655,SITE 3,EXT
2026-05-30 15:00:00,34.125166666666665,28.916166666666665,27.014666666666667,42.92592592592593,20.01851851851852,27.1,971.7993333333333,SITE 3,EXT
2026-05-30 16:00:00,33.356,27.813166666666667,26.158,42.24074074074074,19.64814814814815,27.466666666666665,971.0016666666667,SITE 3,EXT
2026-05-30 17:00:00,37.065000000000005,33.776833333333336,30.765,40.166666666666664,19.77777777777778,31.0,970.7553333333333,SITE 3,EXT
2026-05-30 18:00:00,48.52316666666666,47.21116666666667,39.544999999999995,39.22222222222222,20.666666666666668,34.63333333333333,971.2686666666667,SITE 3,EXT
2026-05-30 19:00:00,41.790166666666664,40.202666666666666,34.666500000000006,37.77777777777778,19.888888888888893,35.53333333333333,972.1576666666666,SITE 3,EXT
2026-05-30 20:00:00,46.7575,45.35883333333334,37.7295,37.2037037037037,19.85185185185185,36.5,972.6736666666667,SITE 3,EXT
2026-05-30 21:00:00,41.00016666666667,39.5925,34.08266666666667,36.53703703703704,19.425925925925927,37.03333333333333,973.534,SITE 3,EXT
2026-05-30 22:00:00,36.94379310344827,33.33034482758621,28.731206896551726,35.63218390804598,20.114942528735632,40.62068965517241,974.0144827586207,SITE 3,EXT
2026-05-30 23:00:00,35.781166666666664,31.36466666666667,27.322499999999998,35.166666666666664,20.75925925925926,43.3,974.9639999999999,SITE 3,EXT
2026-05-31 00:00:00,35.703863636363636,31.751363636363635,29.297954545454544,27.297979797979796,18.838383838383837,61.31818181818182,977.0377272727274,SITE 3,EXT
2026-05-31 01:00:00,27.769833333333334,23.170166666666667,19.418666666666663,27.64814814814815,18.944444444444446,59.8,975.4306666666666,SITE 3,EXT
2026-05-31 02:00:00,27.069000000000003,22.680999999999997,18.7545,27.296296296296298,18.703703703703706,60.1,975.739,SITE 3,EXT
2026-05-31 03:00:00,27.8095,23.183833333333332,19.531333333333336,26.38888888888889,18.814814814814817,63.46666666666667,975.2706666666667,SITE 3,EXT
2026-05-31 04:00:00,28.675689655172416,23.793793103448277,20.16896551724138,26.685823754789272,19.46360153256705,65.10344827586206,974.1493103448277,SITE 3,EXT
2026-05-31 05:00:00,27.562,22.969833333333334,18.808833333333332,27.185185185185187,19.833333333333332,64.83333333333333,974.0176666666666,SITE 3,EXT
2026-05-31 06:00:00,29.238666666666667,24.203833333333332,20.523000000000003,26.27777777777778,19.240740740740744,66.0,973.8903333333333,SITE 3,EXT
2026-05-31 07:00:00,31.942166666666665,26.332,23.279333333333334,26.185185185185183,19.314814814814817,66.4,974.0759999999999,SITE 3,EXT
2026-05-31 08:00:00,31.699333333333335,26.039499999999997,22.603166666666667,27.370370370370374,19.574074074074076,63.233333333333334,974.8583333333333,SITE 3,EXT
2026-05-31 09:00:00,31.9295,26.266833333333334,23.485500000000002,28.722222222222225,20.092592592592595,60.36666666666667,975.1953333333333,SITE 3,EXT
2026-05-31 10:00:00,34.2585,28.785833333333336,25.976666666666667,30.03703703703704,20.64814814814815,57.766666666666666,975.0503333333332,SITE 3,EXT
2026-05-31 11:00:00,31.100344827586206,25.56551724137931,22.88189655172414,33.275862068965516,21.62835249042146,51.03448275862069,974.7744827586207,SITE 3,EXT
2026-05-31 12:00:00,49.29366666666667,43.794999999999995,32.836,35.72222222222222,21.35185185185185,43.8,974.3233333333334,SITE 3,EXT
2026-05-31 13:00:00,91.49516666666666,81.386,47.37933333333333,37.7037037037037,21.444444444444446,39.4,973.6586666666667,SITE 3,EXT
2026-05-31 14:00:00,39.908793103448275,34.72051724137931,29.77706896551724,39.02298850574713,21.015325670498086,35.51724137931034,972.8527586206897,SITE 3,EXT
2026-05-31 15:00:00,31.4975,25.925666666666665,24.199166666666667,39.87037037037037,20.555555555555557,33.1,972.122,SITE 3,EXT
2026-05-31 16:00:00,32.89566666666666,27.346333333333334,26.029666666666667,40.05555555555556,20.77777777777778,33.266666666666666,971.9753333333333,SITE 3,EXT
2026-05-31 17:00:00,34.678666666666665,29.961666666666666,28.086666666666666,39.333333333333336,20.98148148148148,34.96666666666667,972.0943333333333,SITE 3,EXT
2026-05-31 18:00:00,36.966,32.9525,29.384166666666665,37.64814814814815,21.14814814814815,38.766666666666666,972.6153333333333,SITE 3,EXT
2026-05-31 19:00:00,62.14666666666667,60.5925,48.28933333333334,36.351851851851855,21.555555555555554,42.7,973.515,SITE 3,EXT
2026-05-31 20:00:00,73.94866666666667,72.16000000000001,55.944833333333335,35.05555555555556,22.37037037037037,48.266666666666666,974.0466666666667,SITE 3,EXT
2026-05-31 21:00:00,41.115,40.35310344827586,36.296379310344825,33.98467432950192,22.318007662835246,51.0,974.5655172413793,SITE 3,EXT
2026-05-31 22:00:00,38.881166666666665,36.88416666666667,33.044666666666664,32.81481481481482,21.592592592592595,52.333333333333336,974.6876666666667,SITE 3,EXT
2026-05-31 23:00:00,36.540499999999994,32.938833333333335,29.136166666666668,32.22222222222222,21.61111111111111,53.766666666666666,974.4213333333333,SITE 3,EXT
2026-06-01 00:00:00,34.35916666666667,29.453500000000002,26.766166666666667,31.88888888888889,21.35185185185185,54.4,973.9933333333333,SITE 3,EXT
2026-06-01 01:00:00,33.0285,27.535833333333336,25.840666666666667,31.074074074074076,21.12962962962963,56.0,973.6116666666666,SITE 3,EXT
2026-06-01 02:00:00,33.88283333333333,28.738833333333332,26.4335,30.555555555555557,21.11111111111111,57.666666666666664,973.302,SITE 3,EXT
2026-06-01 03:00:00,33.21216666666667,27.8145,26.3075,30.12962962962963,21.055555555555554,58.6,972.797,SITE 3,EXT
2026-06-01 04:00:00,34.086379310344824,28.97293103448276,26.82172413793103,30.114942528735632,21.168582375478927,59.06896551724138,972.8375862068966,SITE 3,EXT
2026-06-01 05:00:00,36.26116666666667,32.1175,29.455666666666666,29.77777777777778,21.074074074074073,60.233333333333334,973.2853333333334,SITE 3,EXT
2026-06-01 06:00:00,37.55716666666667,34.44616666666666,30.214,29.462962962962965,20.944444444444446,60.6,973.9036666666667,SITE 3,EXT
2026-06-01 07:00:00,37.9465,35.126333333333335,31.645,30.037037037037035,21.14814814814815,59.56666666666667,974.2826666666666,SITE 3,EXT
2026-06-01 08:00:00,34.81583333333333,30.173166666666667,27.769000000000002,31.092592592592595,21.27777777777778,56.3,974.5120000000001,SITE 3,EXT
2026-06-01 09:00:00,33.244827586206895,27.887758620689656,26.056724137931035,32.452107279693486,21.26436781609195,52.206896551724135,974.9331034482759,SITE 3,EXT
2026-06-01 10:00:00,31.851333333333333,26.312333333333335,24.303333333333335,34.2962962962963,21.35185185185185,47.36666666666667,975.1333333333333,SITE 3,EXT
2026-06-01 11:00:00,33.211,28.065166666666666,26.432666666666666,36.12962962962963,21.25925925925926,42.36666666666667,974.8520000000001,SITE 3,EXT
2026-06-01 12:00:00,32.93416666666666,27.597666666666665,26.052500000000002,38.44444444444445,21.01851851851852,36.733333333333334,974.5136666666666,SITE 3,EXT
2026-06-01 13:00:00,32.81066666666667,27.218166666666665,25.739166666666666,39.31481481481482,20.72222222222222,34.53333333333333,973.828,SITE 3,EXT
2026-06-01 14:00:00,33.052,27.489833333333333,25.615333333333336,38.666666666666664,21.055555555555554,36.4,973.2303333333333,SITE 3,EXT
2026-06-01 15:00:00,33.16466666666667,28.096333333333334,25.466333333333335,38.25925925925926,21.037037037037035,37.06666666666667,972.6336666666666,SITE 3,EXT
2026-06-01 16:00:00,33.35568965517241,27.865689655172414,25.819310344827585,38.62068965517241,20.862068965517242,35.96551724137931,971.9496551724138,SITE 3,EXT
2026-06-01 17:00:00,34.333064516129035,29.24483870967742,27.029032258064515,38.87096774193548,20.089605734767026,33.87096774193548,971.8190322580645,SITE 3,EXT
2026-06-01 18:00:00,36.63603448275862,32.8498275862069,29.149137931034485,37.62452107279693,20.49808429118774,37.275862068965516,972.1324137931034,SITE 3,EXT
2026-06-01 19:00:00,62.85216666666667,60.698166666666665,47.651500000000006,37.0,21.666666666666668,41.5,972.6433333333333,SITE 3,EXT
2026-06-01 20:00:00,39.56666666666667,36.600500000000004,31.66783333333333,35.777777777777786,21.85185185185185,44.8,973.394,SITE 3,EXT
2026-06-01 21:00:00,36.282333333333334,32.2505,28.275666666666666,34.38888888888889,22.074074074074073,49.2,974.029,SITE 3,EXT
2026-06-01 22:00:00,36.7885,32.946666666666665,28.404666666666667,33.7962962962963,22.12962962962963,50.766666666666666,974.6990000000001,SITE 3,EXT
2026-06-01 23:00:00,32.849833333333336,27.101666666666667,24.346333333333334,33.148148148148145,21.5,51.2,975.2653333333333,SITE 3,EXT
2026-06-02 00:00:00,32.52137931034483,26.7448275862069,24.01241379310345,32.298850574712645,21.26436781609195,52.58620689655172,974.9572413793103,SITE 3,EXT
2026-06-02 01:00:00,32.45433333333333,26.775666666666666,24.561,31.25925925925926,20.722222222222225,54.4,974.2923333333333,SITE 3,EXT
2026-06-02 02:00:00,33.16883333333333,27.586333333333336,25.544833333333333,31.074074074074076,21.01851851851852,55.56666666666667,973.765,SITE 3,EXT
2026-06-02 03:00:00,34.05766666666667,28.932333333333336,27.038333333333334,31.03703703703704,21.037037037037035,56.0,973.3639999999999,SITE 3,EXT
2026-06-02 04:00:00,35.736,31.512,29.214333333333332,30.518518518518523,20.814814814814817,57.03333333333333,973.2866666666666,SITE 3,EXT
2026-06-02 05:00:00,36.553333333333335,33.021166666666666,30.747833333333332,30.425925925925927,20.98148148148148,57.93333333333333,973.175,SITE 3,EXT
2026-06-02 06:00:00,41.140499999999996,39.3555,34.93266666666667,30.0,21.055555555555554,58.9,973.4523333333333,SITE 3,EXT
2026-06-02 07:00:00,37.55050000000001,34.66466666666667,30.806166666666666,30.055555555555554,21.12962962962963,59.0,974.4046666666667,SITE 3,EXT
2026-06-02 08:00:00,36.335344827586205,32.57879310344828,29.261724137931036,30.88122605363985,21.49425287356322,57.827586206896555,975.5355172413792,SITE 3,EXT
2026-06-02 09:00:00,35.25483333333333,30.776833333333332,27.442166666666665,31.75925925925926,21.85185185185185,56.36666666666667,975.9159999999999,SITE 3,EXT
2026-06-02 10:00:00,35.16816666666667,30.653666666666666,27.466166666666666,32.648148148148145,21.962962962962965,53.833333333333336,976.0056666666666,SITE 3,EXT
2026-06-02 11:00:00,35.39366666666667,30.915666666666667,27.651833333333332,33.611111111111114,21.833333333333332,50.9,975.8746666666667,SITE 3,EXT
2026-06-02 12:00:00,35.64533333333333,30.896333333333335,27.667166666666667,35.48148148148149,22.11111111111111,46.266666666666666,975.6123333333333,SITE 3,EXT
2026-06-02 13:00:00,35.15931034482759,30.730344827586208,28.268965517241377,37.758620689655174,22.049808429118773,40.6551724137931,974.9513793103448,SITE 3,EXT
2026-06-02 14:00:00,34.628166666666665,29.857166666666668,27.587,39.68518518518519,22.166666666666668,36.8,974.3713333333333,SITE 3,EXT
2026-06-02 15:00:00,35.940333333333335,32.03216666666667,29.804333333333332,40.351851851851855,22.055555555555554,35.2,973.7963333333333,SITE 3,EXT
2026-06-02 16:00:00,34.43933333333334,29.64466666666667,27.347166666666666,40.7962962962963,21.35185185185185,33.03333333333333,973.0493333333333,SITE 3,EXT
2026-06-02 17:00:00,37.10433333333333,33.62433333333333,30.467333333333332,39.75925925925926,21.166666666666668,34.63333333333333,973.1066666666667,SITE 3,EXT
2026-06-02 18:00:00,40.967999999999996,39.48066666666667,33.55733333333333,37.81481481481482,21.296296296296298,38.86666666666667,973.4023333333333,SITE 3,EXT
2026-06-02 19:00:00,44.217999999999996,43.22083333333333,35.89666666666667,36.48148148148149,22.055555555555554,43.6,974.597,SITE 3,EXT
2026-06-02 20:00:00,38.404310344827586,35.881551724137935,30.45,35.421455938697314,21.954022988505745,46.172413793103445,975.0496551724137,SITE 3,EXT
2026-06-02 21:00:00,37.06166666666666,33.54066666666667,28.65083333333333,35.0,21.98148148148148,47.3,975.882,SITE 3,EXT
2026-06-02 22:00:00,36.63816666666666,32.99666666666666,28.883166666666668,34.48148148148148,22.203703703703702,49.166666666666664,976.4879999999999,SITE 3,EXT
2026-06-02 23:00:00,36.3075,32.517,28.720833333333335,33.98148148148149,22.203703703703702,50.63333333333333,976.5323333333333,SITE 3,EXT
2026-06-03 00:00:00,35.700500000000005,31.469833333333334,28.062,33.074074074074076,22.27777777777778,53.7,976.0073333333333,SITE 3,EXT
2026-06-03 01:00:00,32.734833333333334,27.188166666666667,24.549833333333332,32.388888888888886,21.833333333333332,54.63333333333333,975.7396666666666,SITE 3,EXT
2026-06-03 02:00:00,31.387999999999998,25.767166666666665,22.884166666666665,31.77777777777778,21.833333333333332,56.13333333333333,975.4156666666667,SITE 3,EXT
2026-06-03 03:00:00,30.570689655172412,25.268275862068965,22.49827586206897,30.632183908045977,20.574712643678165,55.275862068965516,975.3534482758621,SITE 3,EXT
2026-06-03 04:00:00,30.38566666666667,25.19633333333333,22.772333333333332,30.35185185185185,20.333333333333332,55.06666666666667,975.5123333333333,SITE 3,EXT
2026-06-03 05:00:00,32.337,26.745333333333335,23.950666666666667,30.185185185185183,20.203703703703702,55.56666666666667,975.7066666666667,SITE 3,EXT
2026-06-03 06:00:00,34.329166666666666,29.524166666666666,26.853833333333334,29.98148148148148,19.962962962962965,55.333333333333336,976.15,SITE 3,EXT
2026-06-03 07:00:00,37.0225,33.174,29.474666666666668,30.185185185185183,19.75925925925926,54.3,976.6933333333333,SITE 3,EXT
2026-06-03 08:00:00,33.03516666666666,27.583166666666667,24.836166666666667,31.000000000000004,20.425925925925927,53.5,977.1966666666667,SITE 3,EXT
2026-06-03 09:00:00,33.82775862068966,28.43655172413793,25.446206896551725,32.279693486590034,20.881226053639846,51.51724137931034,977.2927586206896,SITE 3,EXT
2026-06-03 10:00:00,34.665,29.583833333333335,27.083333333333332,34.37037037037037,21.092592592592595,46.46666666666667,977.194,SITE 3,EXT
2026-06-03 11:00:00,34.24883333333333,29.367166666666666,27.262999999999998,37.2037037037037,21.314814814814817,40.266666666666666,976.9563333333333,SITE 3,EXT
2026-06-03 12:00:00,34.53633333333333,29.8145,27.793999999999997,39.57407407407407,21.0,34.6,976.482,SITE 3,EXT
2026-06-03 13:00:00,31.621,26.033333333333335,23.871,40.72222222222222,20.51851851851852,31.466666666666665,975.6816666666667,SITE 3,EXT
2026-06-03 14:00:00,32.01383333333333,26.435333333333332,24.383,40.96296296296296,20.62962962962963,31.366666666666667,974.9879999999999,SITE 3,EXT
2026-06-03 15:00:00,34.4375,29.6145,27.914166666666667,42.25925925925926,20.685185185185183,29.233333333333334,974.0063333333333,SITE 3,EXT
2026-06-03 16:00:00,37.84,34.3765,31.525333333333332,42.46296296296296,20.333333333333332,28.4,973.2479999999999,SITE 3,EXT
2026-06-03 17:00:00,37.31586206896552,34.18568965517241,31.177413793103447,41.321839080459775,20.842911877394638,31.103448275862068,972.8741379310344,SITE 3,EXT
2026-06-03 18:00:00,39.931333333333335,37.45183333333333,31.849,38.907407407407405,20.75925925925926,35.3,973.071,SITE 3,EXT
2026-06-03 19:00:00,43.03633333333333,41.7605,34.8085,36.833333333333336,21.01851851851852,40.1,974.0409999999999,SITE 3,EXT
2026-06-03 20:00:00,35.77833333333333,31.921,28.182000000000002,35.611111111111114,20.925925925925927,42.8,974.7360000000001,SITE 3,EXT
2026-06-03 21:00:00,33.4415,27.9585,25.12066666666667,34.01851851851852,20.90740740740741,46.833333333333336,975.2266666666667,SITE 3,EXT
2026-06-03 22:00:00,34.24116666666667,29.192,26.532333333333334,33.27777777777778,21.333333333333332,50.1,975.8166666666667,SITE 3,EXT
2026-06-03 23:00:00,33.75534482758621,28.58034482758621,26.108103448275862,32.56704980842912,21.62835249042146,52.793103448275865,975.8555172413794,SITE 3,EXT
2026-06-04 00:00:00,31.137999999999998,25.663333333333334,22.958166666666667,31.88888888888889,21.685185185185183,55.266666666666666,975.6666666666666,SITE 3,EXT
2026-06-04 01:00:00,31.084666666666667,25.648333333333333,23.204666666666665,31.53703703703704,21.537037037037035,55.733333333333334,975.0603333333333,SITE 3,EXT
2026-06-04 02:00:00,31.67137931034483,26.15448275862069,23.87620689655172,30.88122605363985,20.842911877394638,55.62068965517241,975.6606896551724,SITE 3,EXT
2026-06-04 03:00:00,42.491578947368424,39.13789473684211,37.17263157894737,26.257309941520468,19.5906432748538,67.36842105263158,976.8652631578947,SITE 3,EXT
2026-06-04 04:00:00,28.688666666666666,23.868666666666666,20.751666666666665,27.370370370370374,19.51851851851852,62.63333333333333,976.4266666666666,SITE 3,EXT
2026-06-04 05:00:00,30.69516666666667,25.443833333333334,22.8385,27.03703703703704,19.314814814814817,63.63333333333333,975.8753333333333,SITE 3,EXT
2026-06-04 06:00:00,31.925,26.728,23.894000000000002,27.11111111111111,19.370370370370374,63.733333333333334,976.2943333333334,SITE 3,EXT
2026-06-04 07:00:00,32.36266666666667,26.972166666666666,24.3505,27.5,19.75925925925926,63.5,976.6073333333334,SITE 3,EXT
2026-06-04 08:00:00,31.448103448275862,25.92310344827586,23.348275862068967,27.77777777777778,19.980842911877396,62.86206896551724,978.3762068965517,SITE 3,EXT
2026-06-04 09:00:00,31.311333333333334,26.627833333333335,24.221333333333334,27.296296296296298,19.685185185185183,64.23333333333333,979.859,SITE 3,EXT
2026-06-04 10:00:00,29.791333333333334,24.721,22.297,26.40740740740741,19.462962962962965,66.26666666666667,978.0323333333333,SITE 3,EXT
2026-06-04 11:00:00,31.18933333333333,25.783833333333334,24.0035,26.22222222222222,19.555555555555557,66.8,976.3913333333334,SITE 3,EXT
2026-06-04 12:00:00,28.646333333333335,23.851,20.882166666666667,27.703703703703706,20.037037037037035,63.733333333333334,975.9966666666667,SITE 3,EXT
2026-06-04 13:00:00,28.846724137931034,24.09896551724138,21.278793103448276,29.50191570881226,20.42145593869732,58.3448275862069,975.2875862068965,SITE 3,EXT
2026-06-04 14:00:00,31.408666666666665,26.136666666666667,24.729,30.62962962962963,20.25925925925926,54.46666666666667,975.2463333333333,SITE 3,EXT
2026-06-04 15:00:00,31.504166666666666,26.064,24.540666666666667,30.592592592592595,19.925925925925927,53.43333333333333,975.2173333333334,SITE 3,EXT
2026-06-04 16:00:00,31.24566666666667,25.783833333333334,24.065833333333334,30.833333333333336,19.944444444444446,52.63333333333333,974.7379999999999,SITE 3,EXT
2026-06-04 17:00:00,34.48583333333333,29.904999999999998,27.749000000000002,30.314814814814817,19.27777777777778,52.3,974.4546666666666,SITE 3,EXT
2026-06-04 18:00:00,37.72241379310345,34.960689655172416,31.155,29.82758620689655,19.233716475095786,53.44827586206897,974.3089655172414,SITE 3,EXT
2026-06-04 19:00:00,42.1355,40.76083333333334,34.67283333333333,29.01851851851852,19.944444444444446,58.766666666666666,974.6256666666667,SITE 3,EXT
2026-06-04 20:00:00,38.70399999999999,36.63216666666666,31.8445,28.88888888888889,20.0,59.733333333333334,975.3296666666666,SITE 3,EXT
2026-06-04 21:00:00,38.89566666666666,36.8395,31.9465,28.88888888888889,20.314814814814817,60.5,976.0513333333333,SITE 3,EXT
2026-06-04 22:00:00,35.475833333333334,31.247333333333334,27.759166666666665,28.27777777777778,20.388888888888893,63.0,976.323,SITE 3,EXT
2026-06-04 23:00:00,34.955666666666666,30.382166666666667,26.927333333333333,27.77777777777778,20.222222222222225,64.3,976.1800000000001,SITE 3,EXT
2026-06-05 00:00:00,33.72327586206897,28.66465517241379,25.95310344827586,27.56704980842912,20.191570881226053,64.6896551724138,975.6437931034482,SITE 3,EXT
2026-06-05 01:00:00,32.19383333333333,26.681500000000003,24.509666666666664,27.203703703703706,19.98148148148148,65.2,974.9206666666666,SITE 3,EXT
2026-06-05 02:00:00,32.280166666666666,26.633,24.473833333333335,27.222222222222225,20.0,65.16666666666667,974.4363333333333,SITE 3,EXT
2026-06-05 03:00:00,31.953833333333332,26.345000000000002,24.43116666666667,27.25925925925926,20.037037037037035,64.66666666666667,974.4436666666667,SITE 3,EXT
2026-06-05 04:00:00,32.066833333333335,26.486666666666668,24.964333333333336,27.222222222222225,20.0,64.9,974.4043333333334,SITE 3,EXT
2026-06-05 05:00:00,33.443333333333335,28.269833333333334,26.225833333333334,27.203703703703706,19.98148148148148,65.0,974.3953333333334,SITE 3,EXT
2026-06-05 06:00:00,37.084310344827585,34.04948275862069,30.29293103448276,27.203065134099617,19.980842911877396,64.93103448275862,974.6989655172414,SITE 3,EXT
2026-06-05 07:00:00,36.82416666666666,33.63366666666666,30.209166666666665,27.574074074074076,20.01851851851852,64.06666666666666,975.2803333333334,SITE 3,EXT
2026-06-05 08:00:00,34.54316666666667,29.3745,25.83,28.5,19.814814814814817,60.166666666666664,975.756,SITE 3,EXT
2026-06-05 09:00:00,41.81266666666667,36.61033333333333,30.610833333333336,29.90740740740741,19.555555555555557,54.4,975.8526666666666,SITE 3,EXT
2026-06-05 10:00:00,49.59466666666666,45.2555,36.587333333333326,31.888888888888893,19.740740740740744,49.06666666666667,975.6656666666667,SITE 3,EXT
2026-06-05 11:00:00,30.763965517241378,25.50293103448276,23.620689655172413,34.17624521072797,19.291187739463602,41.93103448275862,975.2648275862069,SITE 3,EXT
2026-06-05 12:00:00,35.134,29.941333333333333,27.738,36.01851851851852,18.222222222222225,35.43333333333333,974.5163333333333,SITE 3,EXT
2026-06-05 13:00:00,67.69983333333333,63.87383333333333,48.58766666666667,37.46296296296296,18.64814814814815,33.266666666666666,973.6273333333334,SITE 3,EXT
2026-06-05 14:00:00,60.43766666666667,56.34883333333333,44.39883333333333,38.98148148148149,19.314814814814817,31.9,972.6973333333333,SITE 3,EXT
2026-06-05 15:00:00,40.5095,36.11566666666667,32.1375,39.72222222222222,18.944444444444446,30.133333333333333,972.1983333333334,SITE 3,EXT
2026-06-05 16:00:00,65.7315,63.23983333333333,49.474000000000004,39.38888888888889,19.0,30.533333333333335,972.1023333333334,SITE 3,EXT
2026-06-05 17:00:00,45.814499999999995,42.833666666666666,37.50366666666666,38.833333333333336,19.14814814814815,31.966666666666665,972.1923333333333,SITE 3,EXT
2026-06-05 18:00:00,38.83793103448276,35.88775862068965,31.734827586206897,38.00766283524904,19.96168582375479,35.37931034482759,972.331724137931,SITE 3,EXT
2026-06-05 19:00:00,76.33133333333333,74.33850000000001,57.531333333333336,36.62962962962963,20.98148148148148,40.46666666666667,972.5873333333333,SITE 3,EXT
2026-06-05 20:00:00,91.9455,89.24433333333333,66.55,35.5,22.055555555555554,46.13333333333333,972.8153333333333,SITE 3,EXT
2026-06-05 21:00:00,86.8985,84.32166666666667,63.83583333333333,34.666666666666664,22.24074074074074,49.06666666666667,973.2913333333332,SITE 3,EXT
2026-06-05 22:00:00,57.211,56.09983333333333,46.04183333333334,33.96296296296297,22.259259259259256,50.833333333333336,973.8286666666667,SITE 3,EXT
2026-06-05 23:00:00,45.01266666666667,44.19949999999999,38.224000000000004,33.166666666666664,21.796296296296298,51.6,973.8353333333333,SITE 3,EXT
2026-06-06 00:00:00,35.217586206896556,30.93741379310345,28.355689655172412,31.800766283524908,20.95785440613027,53.241379310344826,973.5472413793103,SITE 3,EXT
2026-06-06 01:00:00,34.11816666666667,29.096666666666668,27.046499999999998,31.12962962962963,20.833333333333332,55.13333333333333,972.6793333333334,SITE 3,EXT
2026-06-06 02:00:00,33.16683333333334,27.746666666666666,26.104333333333333,30.555555555555557,20.925925925925927,56.833333333333336,972.393,SITE 3,EXT
2026-06-06 03:00:00,32.80133333333333,27.3575,26.028666666666666,30.53703703703704,21.09259259259259,57.63333333333333,972.4673333333334,SITE 3,EXT
2026-06-06 04:00:00,34.62689655172414,30.067586206896554,28.772758620689654,30.210727969348657,21.091954022988503,58.93103448275862,972.8217241379311,SITE 3,EXT
2026-06-06 05:00:00,33.00366666666667,27.618166666666664,26.192999999999998,29.685185185185183,21.037037037037035,60.46666666666667,973.1990000000001,SITE 3,EXT
2026-06-06 06:00:00,34.87266666666667,30.33566666666667,27.803833333333333,29.444444444444446,21.09259259259259,61.2,973.7943333333334,SITE 3,EXT
2026-06-06 07:00:00,36.85433333333333,33.68933333333333,30.696166666666667,29.833333333333332,21.27777777777778,60.56666666666667,974.397,SITE 3,EXT
2026-06-06 08:00:00,35.972,32.255833333333335,29.828,30.740740740740744,21.40740740740741,57.96666666666667,974.7236666666666,SITE 3,EXT
2026-06-06 09:00:00,33.57083333333333,28.363666666666667,26.357666666666667,32.44444444444444,21.61111111111111,53.266666666666666,975.1083333333333,SITE 3,EXT
2026-06-06 10:00:00,33.75672413793103,28.669999999999998,26.79637931034483,34.55938697318008,21.839080459770116,47.93103448275862,975.2986206896552,SITE 3,EXT
2026-06-06 11:00:00,34.2248275862069,29.39051724137931,27.608448275862067,36.16858237547893,21.762452107279692,43.724137931034484,974.9996551724139,SITE 3,EXT
2026-06-06 12:00:00,31.46642857142857,26.37,24.955000000000002,26.904761904761905,19.444444444444446,64.57142857142857,974.657142857143,SITE 3,EXT
2026-06-06 13:00:00,30.260333333333335,25.32633333333333,23.316166666666668,29.203703703703706,19.666666666666668,57.03333333333333,974.265,SITE 3,EXT
2026-06-06 14:00:00,31.786333333333335,26.587666666666667,25.320333333333334,31.12962962962963,19.77777777777778,51.2,972.7836666666666,SITE 3,EXT
2026-06-06 15:00:00,30.478965517241377,25.185344827586206,23.19896551724138,32.26053639846743,19.770114942528735,48.03448275862069,972.1024137931034,SITE 3,EXT
2026-06-06 16:00:00,64.72568965517242,59.36258620689655,41.945,31.954022988505745,19.69348659003831,48.758620689655174,972.2434482758621,SITE 3,EXT
2026-06-06 17:00:00,53.24983333333333,50.65083333333334,43.04366666666667,30.870370370370374,19.592592592592595,51.43333333333333,972.9836666666666,SITE 3,EXT
2026-06-06 18:00:00,43.76533333333334,42.58683333333333,37.99783333333333,30.40740740740741,19.925925925925927,53.96666666666667,973.5936666666668,SITE 3,EXT
2026-06-06 19:00:00,47.17483333333333,46.30083333333334,39.790499999999994,30.962962962962965,20.574074074074076,54.4,973.822,SITE 3,EXT
2026-06-06 20:00:00,42.39216666666667,41.5615,36.088166666666666,30.64814814814815,20.77777777777778,56.36666666666667,974.6596666666667,SITE 3,EXT
2026-06-06 21:00:00,46.54416666666667,45.73716666666667,39.414,30.388888888888893,20.90740740740741,57.56666666666667,975.6186666666667,SITE 3,EXT
2026-06-06 22:00:00,47.577068965517235,46.670344827586206,39.31844827586207,30.0,21.11111111111111,59.310344827586206,975.9468965517241,SITE 3,EXT
2026-06-06 23:00:00,48.409,47.368833333333335,39.274,29.90740740740741,21.25925925925926,60.46666666666667,976.1383333333334,SITE 3,EXT
2026-06-07 00:00:00,38.285666666666664,35.028999999999996,30.75766666666667,29.25925925925926,21.074074074074073,61.833333333333336,975.509,SITE 3,EXT
2026-06-07 01:00:00,34.07333333333334,29.019833333333334,27.035833333333336,28.740740740740744,21.0,63.93333333333333,974.7943333333334,SITE 3,EXT
2026-06-07 02:00:00,33.17333333333333,27.786166666666666,25.753,28.370370370370374,20.740740740740744,64.16666666666667,974.539,SITE 3,EXT
2026-06-07 03:00:00,33.034827586206895,27.62724137931034,25.8,28.333333333333336,20.555555555555557,63.44827586206897,974.3275862068965,SITE 3,EXT
2026-06-07 04:00:00,31.865833333333335,26.259333333333334,24.097833333333334,28.11111111111111,20.555555555555557,64.26666666666667,974.6993333333334,SITE 3,EXT
2026-06-07 05:00:00,30.931166666666666,25.52766666666667,23.003833333333333,27.77777777777778,20.40740740740741,64.43333333333334,975.4126666666667,SITE 3,EXT
2026-06-07 06:00:00,31.679666666666666,26.173833333333334,23.904333333333334,27.833333333333332,19.87037037037037,62.6,976.0413333333332,SITE 3,EXT
2026-06-07 07:00:00,32.603500000000004,27.349,25.291999999999998,28.48148148148148,19.203703703703706,57.9,976.8629999999999,SITE 3,EXT
2026-06-07 08:00:00,31.601499999999998,26.11733333333333,24.527833333333334,29.35185185185185,19.240740740740744,55.03333333333333,977.3683333333333,SITE 3,EXT
2026-06-07 09:00:00,31.257833333333334,25.833166666666667,24.021833333333333,30.666666666666668,19.61111111111111,52.233333333333334,977.5043333333334,SITE 3,EXT
2026-06-07 10:00:00,29.968103448275862,24.829655172413794,22.565,32.39463601532567,19.444444444444446,46.96551724137931,977.4593103448276,SITE 3,EXT
2026-06-07 11:00:00,30.897166666666667,25.490000000000002,23.7315,33.40740740740741,19.518518518518523,44.233333333333334,977.394,SITE 3,EXT
2026-06-07 12:00:00,31.088166666666666,25.721333333333334,23.889333333333333,34.68518518518519,19.61111111111111,41.5,977.0816666666667,SITE 3,EXT
2026-06-07 13:00:00,30.220666666666666,25.000833333333333,22.751166666666666,36.351851851851855,19.90740740740741,38.2,976.3176666666666,SITE 3,EXT
2026-06-07 14:00:00,32.108666666666664,26.768166666666666,25.117666666666665,36.98148148148149,20.055555555555557,37.4,975.572,SITE 3,EXT
2026-06-07 15:00:00,32.80758620689655,27.479482758620687,26.092586206896552,37.10727969348659,20.019157088122604,37.241379310344826,975.0024137931034,SITE 3,EXT
2026-06-07 16:00:00,34.62983333333333,29.882833333333334,28.030166666666666,38.0,19.62962962962963,34.5,974.7623333333333,SITE 3,EXT
2026-06-07 17:00:00,34.52483333333334,29.828833333333332,27.854499999999998,37.72222222222222,20.01851851851852,35.8,974.8963333333334,SITE 3,EXT
2026-06-07 18:00:00,38.01566666666667,35.089166666666664,30.737833333333334,36.333333333333336,20.14814814814815,39.166666666666664,975.3046666666667,SITE 3,EXT
2026-06-07 19:00:00,40.693333333333335,38.69083333333333,32.24466666666667,35.092592592592595,20.592592592592595,43.03333333333333,976.2996666666667,SITE 3,EXT
2026-06-07 20:00:00,37.997241379310346,35.48844827586207,30.936724137931034,34.214559386973185,20.689655172413794,45.44827586206897,977.1289655172413,SITE 3,EXT
2026-06-07 21:00:00,34.78283333333333,30.0935,27.075166666666668,33.50000000000001,20.333333333333332,46.43333333333333,977.7756666666667,SITE 3,EXT
2026-06-07 22:00:00,34.388333333333335,29.459333333333333,26.852500000000003,32.5,20.51851851851852,49.46666666666667,978.0796666666666,SITE 3,EXT
2026-06-07 23:00:00,33.41733333333333,28.093,26.369833333333336,31.53703703703704,20.64814814814815,52.96666666666667,977.9773333333334,SITE 3,EXT
2026-06-08 00:00:00,35.53866666666667,31.473666666666666,29.7125,30.722222222222225,20.518518518518523,54.8,977.4506666666667,SITE 3,EXT
2026-06-08 01:00:00,38.285,36.099666666666664,34.45133333333333,30.53703703703704,20.53703703703704,55.13333333333333,977.143,SITE 3,EXT
2026-06-08 02:00:00,39.25666666666667,37.007666666666665,34.11683333333333,30.37037037037037,20.37037037037037,55.766666666666666,976.7936666666667,SITE 3,EXT
2026-06-08 03:00:00,34.29,29.67683333333333,27.613833333333332,29.98148148148148,20.48148148148148,56.9,976.7343333333333,SITE 3,EXT
2026-06-08 04:00:00,34.94233333333333,30.373333333333335,27.7095,29.62962962962963,20.518518518518523,58.6,977.0093333333333,SITE 3,EXT
2026-06-08 05:00:00,37.86033333333333,34.8605,30.73033333333333,29.370370370370374,20.75925925925926,60.43333333333333,977.2763333333334,SITE 3,EXT
2026-06-08 06:00:00,42.271499999999996,40.76433333333333,35.0535,29.444444444444446,20.555555555555557,59.96666666666667,977.9333333333333,SITE 3,EXT
2026-06-08 07:00:00,38.190333333333335,35.23283333333334,31.07,29.85185185185185,20.90740740740741,58.86666666666667,978.6066666666667,SITE 3,EXT
2026-06-08 08:00:00,35.919310344827586,31.946551724137933,28.909655172413792,30.0,20.99616858237548,58.827586206896555,979.1327586206896,SITE 3,EXT
2026-06-08 09:00:00,34.67366666666667,29.968999999999998,27.696666666666665,30.462962962962965,20.64814814814815,56.46666666666667,979.2113333333333,SITE 3,EXT
2026-06-08 10:00:00,34.23733333333333,29.333333333333332,26.80666666666667,31.722222222222225,20.962962962962965,53.233333333333334,979.1623333333333,SITE 3,EXT
2026-06-08 11:00:00,33.36633333333334,27.996666666666666,26.112666666666666,32.96296296296296,20.962962962962965,49.733333333333334,978.6919999999999,SITE 3,EXT
2026-06-08 12:00:00,35.32241379310344,30.843620689655175,29.09258620689655,33.86973180076629,20.862068965517242,46.96551724137931,978.2113793103449,SITE 3,EXT
2026-06-08 13:00:00,32.946666666666665,27.708000000000002,25.9755,34.96296296296296,20.703703703703702,43.8,977.5256666666667,SITE 3,EXT
2026-06-08 14:00:00,31.814833333333336,26.2425,24.4805,37.277777777777786,20.833333333333332,38.766666666666666,976.732,SITE 3,EXT
2026-06-08 15:00:00,31.105833333333333,25.6615,23.3385,38.5,20.444444444444446,35.4,975.8986666666666,SITE 3,EXT
2026-06-08 16:00:00,33.09879310344827,27.897241379310344,25.682241379310344,39.310344827586206,20.13409961685824,33.03448275862069,975.2706896551724,SITE 3,EXT
2026-06-08 17:00:00,38.32366666666667,33.844833333333334,30.293833333333332,38.592592592592595,20.25925925925926,34.8,975.0646666666667,SITE 3,EXT
2026-06-08 18:00:00,38.04683333333333,35.20316666666667,31.3715,36.88888888888889,20.240740740740744,38.233333333333334,975.1913333333334,SITE 3,EXT
2026-06-08 19:00:00,49.59616666666667,48.51866666666667,40.3885,35.2962962962963,20.5,42.4,975.4696666666666,SITE 3,EXT
2026-06-08 20:00:00,57.09931034482758,55.48275862068966,44.25793103448276,34.67432950191571,20.727969348659002,44.793103448275865,976.0379310344827,SITE 3,EXT
2026-06-08 21:00:00,52.60850000000001,50.6955,39.6125,33.70370370370371,20.64814814814815,46.8,976.1763333333333,SITE 3,EXT
2026-06-08 22:00:00,50.787,48.27283333333333,37.564,33.0,20.77777777777778,49.13333333333333,976.4493333333334,SITE 3,EXT
2026-06-08 23:00:00,42.80883333333333,41.42033333333333,34.266,32.53703703703704,20.740740740740744,50.4,976.2656666666667,SITE 3,EXT
2026-06-09 00:00:00,38.01766666666666,35.08283333333334,29.601499999999998,31.77777777777778,20.574074074074076,52.13333333333333,975.7523333333334,SITE 3,EXT
2026-06-09 01:00:00,38.057758620689654,34.47793103448276,29.405689655172413,31.62835249042146,21.015325670498086,53.41379310344828,975.3024137931035,SITE 3,EXT
2026-06-09 02:00:00,38.493833333333335,36.2685,31.60183333333333,31.25925925925926,21.074074074074073,55.13333333333333,975.0423333333333,SITE 3,EXT
2026-06-09 03:00:00,38.38366666666666,36.524499999999996,32.73916666666667,30.851851851851855,21.14814814814815,57.0,975.1033333333332,SITE 3,EXT
2026-06-09 04:00:00,37.93566666666666,35.7355,32.0535,30.37037037037037,21.27777777777778,58.666666666666664,975.318,SITE 3,EXT
2026-06-09 05:00:00,39.89275862068966,38.185517241379316,33.09258620689655,30.03831417624521,21.149425287356323,59.62068965517241,975.8527586206897,SITE 3,EXT
2026-06-09 06:00:00,41.18033333333334,39.80883333333334,34.292,29.48148148148148,21.0,60.8,975.9663333333333,SITE 3,EXT
2026-06-09 07:00:00,37.19016666666666,34.18716666666667,30.3035,29.666666666666668,21.25925925925926,61.03333333333333,976.062,SITE 3,EXT
2026-06-09 08:00:00,37.22666666666667,34.26683333333333,30.730833333333333,30.444444444444446,21.462962962962965,59.36666666666667,976.2886666666667,SITE 3,EXT
2026-06-09 09:00:00,37.50224137931035,33.60172413793103,30.142586206896553,31.896551724137932,21.647509578544064,55.41379310344828,976.3472413793104,SITE 3,EXT
2026-06-09 10:00:00,35.989000000000004,31.805333333333333,29.264666666666667,33.648148148148145,21.51851851851852,49.46666666666667,976.3673333333334,SITE 3,EXT
2026-06-09 11:00:00,32.95316666666667,27.56383333333333,25.321666666666665,35.64814814814815,21.27777777777778,43.733333333333334,976.2346666666667,SITE 3,EXT
2026-06-09 12:00:00,35.22115384615385,31.01826923076923,29.04980769230769,37.35042735042735,21.41025641025641,39.65384615384615,975.8457692307693,SITE 3,EXT
2026-06-09 13:00:00,29.639999999999997,24.595,21.860000000000003,27.380952380952383,18.73015873015873,60.42857142857143,975.4757142857143,SITE 3,EXT
2026-06-09 14:00:00,28.528666666666666,23.736333333333334,20.301166666666667,28.018518518518523,18.592592592592595,56.96666666666667,975.1896666666667,SITE 3,EXT
2026-06-09 15:00:00,29.301499999999997,24.3615,20.9455,27.40740740740741,18.48148148148148,58.733333333333334,974.5946666666666,SITE 3,EXT
2026-06-09 16:00:00,29.935,24.780166666666666,21.731333333333335,27.40740740740741,18.90740740740741,60.43333333333333,973.8713333333333,SITE 3,EXT
2026-06-09 17:00:00,32.4545,27.479,24.116833333333332,28.518518518518523,19.074074074074076,57.2,973.9163333333333,SITE 3,EXT
2026-06-09 18:00:00,37.20879310344828,33.73086206896552,29.29913793103448,27.854406130268202,19.348659003831422,60.241379310344826,973.83,SITE 3,EXT
2026-06-09 19:00:00,38.0595,35.65233333333333,30.651999999999997,27.98148148148148,19.388888888888893,59.9,974.2136666666667,SITE 3,EXT
2026-06-09 20:00:00,41.75683333333333,40.7915,34.31316666666667,28.11111111111111,19.574074074074076,60.36666666666667,974.9756666666667,SITE 3,EXT
2026-06-09 21:00:00,35.833,31.830166666666667,28.09,28.31481481481482,19.98148148148148,60.9,975.2226666666667,SITE 3,EXT
2026-06-09 22:00:00,33.60466666666667,28.288,24.872166666666665,27.796296296296298,19.53703703703704,61.733333333333334,975.742,SITE 3,EXT
2026-06-09 23:00:00,37.40116666666667,33.504333333333335,27.840833333333332,27.77777777777778,19.87037037037037,62.233333333333334,975.3933333333333,SITE 3,EXT
2026-06-10 00:00:00,33.97120689655172,28.764655172413793,24.593793103448277,27.31800766283525,19.540229885057474,63.206896551724135,974.8710344827585,SITE 3,EXT
2026-06-10 01:00:00,31.363833333333332,25.759833333333333,22.037666666666667,27.203703703703706,19.425925925925927,63.46666666666667,974.6306666666667,SITE 3,EXT
2026-06-10 02:00:00,30.619000000000003,25.24233333333333,21.700499999999998,27.222222222222225,19.685185185185183,64.03333333333333,974.6166666666667,SITE 3,EXT
2026-06-10 03:00:00,30.25433333333333,24.933333333333334,21.0125,27.185185185185187,19.48148148148148,64.03333333333333,974.4803333333333,SITE 3,EXT
2026-06-10 04:00:00,31.415000000000003,25.859666666666666,22.235500000000002,27.203703703703706,19.962962962962965,64.76666666666667,974.6806666666668,SITE 3,EXT
2026-06-10 05:00:00,34.048793103448276,28.95879310344828,25.300172413793106,27.222222222222225,20.0,65.37931034482759,974.8448275862069,SITE 3,EXT
2026-06-10 06:00:00,39.2615,36.31166666666666,30.179166666666667,27.222222222222225,20.0,65.76666666666667,975.2090000000001,SITE 3,EXT
2026-06-10 07:00:00,33.819833333333335,28.634833333333333,25.11433333333333,27.592592592592595,20.240740740740744,65.03333333333333,975.6186666666667,SITE 3,EXT
2026-06-10 08:00:00,31.47683333333333,25.913666666666664,22.614166666666666,28.40740740740741,20.333333333333332,61.9,975.9693333333332,SITE 3,EXT
2026-06-10 09:00:00,32.18758620689655,26.636724137931036,24.1198275862069,29.310344827586206,20.191570881226053,58.55172413793103,976.2972413793103,SITE 3,EXT
2026-06-10 10:00:00,33.30533333333333,27.983333333333334,25.66166666666667,30.962962962962965,20.574074074074076,54.53333333333333,976.2173333333334,SITE 3,EXT
2026-06-10 11:00:00,32.70883333333333,27.394833333333334,25.849666666666668,33.18518518518519,20.796296296296298,48.7,975.8626666666667,SITE 3,EXT
2026-06-10 12:00:00,35.004333333333335,30.588166666666666,29.095833333333335,35.592592592592595,21.14814814814815,43.4,975.5836666666667,SITE 3,EXT
2026-06-10 13:00:00,31.260666666666665,25.804333333333332,23.77,37.55555555555556,21.25925925925926,39.233333333333334,974.9096666666667,SITE 3,EXT
2026-06-10 14:00:00,31.017666666666667,25.72283333333333,23.3485,39.111111111111114,21.314814814814817,36.13333333333333,974.312,SITE 3,EXT
2026-06-10 15:00:00,31.81448275862069,26.419999999999998,24.08189655172414,38.524904214559385,20.91954022988506,36.48275862068966,973.7072413793103,SITE 3,EXT
2026-06-10 16:00:00,31.536333333333335,26.041833333333333,23.6005,39.24074074074074,21.12962962962963,35.4,973.177,SITE 3,EXT
2026-06-10 17:00:00,33.35816666666667,28.057666666666666,25.509833333333333,38.2962962962963,20.87037037037037,36.733333333333334,973.0143333333333,SITE 3,EXT
2026-06-10 18:00:00,36.914,33.67883333333334,30.32016666666667,37.092592592592595,20.796296296296298,39.1,973.3,SITE 3,EXT
2026-06-10 19:00:00,45.14293103448276,43.93396551724138,36.4498275862069,35.689655172413794,20.862068965517242,42.48275862068966,973.6186206896551,SITE 3,EXT
2026-06-10 20:00:00,48.656666666666666,47.80216666666667,39.515,34.98148148148148,21.64814814814815,46.233333333333334,974.065,SITE 3,EXT
2026-06-10 21:00:00,59.198166666666665,57.772166666666664,45.56933333333333,34.18518518518519,21.814814814814817,48.93333333333333,974.7943333333334,SITE 3,EXT
2026-06-10 22:00:00,60.0105,58.33833333333334,45.02133333333334,33.20370370370371,22.333333333333332,53.36666666666667,975.2616666666667,SITE 3,EXT
2026-06-10 23:00:00,48.032000000000004,47.096,37.9615,32.75925925925926,21.925925925925927,53.36666666666667,975.327,SITE 3,EXT
2026-06-11 00:00:00,65.9295,64.843,55.32416666666666,32.2037037037037,21.833333333333332,54.86666666666667,975.2043333333334,SITE 3,EXT
2026-06-11 01:00:00,55.21896551724138,54.01603448275862,44.15637931034483,31.685823754789272,21.800766283524908,56.310344827586206,975.1134482758621,SITE 3,EXT
2026-06-11 02:00:00,46.56966666666666,45.614333333333335,36.99483333333333,31.203703703703706,21.444444444444446,56.8,974.8303333333333,SITE 3,EXT
2026-06-11 03:00:00,49.62433333333333,48.57666666666667,39.38816666666666,30.888888888888893,21.722222222222225,58.766666666666666,974.428,SITE 3,EXT
2026-06-11 04:00:00,48.399,47.410999999999994,38.59766666666667,30.48148148148148,21.722222222222225,60.233333333333334,974.1476666666666,SITE 3,EXT
2026-06-11 05:00:00,63.137166666666666,61.4995,47.19416666666667,29.98148148148148,21.703703703703702,61.56666666666667,974.0526666666667,SITE 3,EXT
2026-06-11 06:00:00,55.77620689655173,54.500344827586204,42.875344827586204,30.0,21.57088122605364,61.10344827586207,974.7810344827586,SITE 3,EXT
2026-06-11 07:00:00,43.09283333333334,42.22533333333333,34.8885,30.296296296296298,21.574074074074076,60.2,975.9686666666668,SITE 3,EXT
2026-06-11 08:00:00,38.15846153846154,35.831538461538464,30.907307692307693,30.555555555555557,21.41025641025641,58.53846153846154,976.5861538461538,SITE 3,EXT
2026-06-11 17:00:00,45.605,45.05666666666667,40.685,26.48148148148148,21.296296296296294,73.66666666666667,973.48,SITE 3,EXT
2026-06-11 18:00:00,38.62483333333333,36.227833333333336,32.55116666666667,28.462962962962965,21.38888888888889,66.3,974.0516666666666,SITE 3,EXT
2026-06-11 19:00:00,40.64266666666666,39.184666666666665,35.04883333333333,29.240740740740744,21.0,61.56666666666667,974.796,SITE 3,EXT
2026-06-11 20:00:00,41.12533333333333,38.10933333333333,32.1575,27.814814814814817,20.90740740740741,66.76666666666667,975.1303333333333,SITE 3,EXT
2026-06-11 21:00:00,34.27966666666667,29.289499999999997,26.566166666666668,28.055555555555557,20.87037037037037,65.46666666666667,975.1610000000001,SITE 3,EXT
2026-06-11 22:00:00,32.85333333333333,27.494500000000002,24.892166666666665,27.703703703703706,20.925925925925927,67.16666666666667,975.4753333333333,SITE 3,EXT
2026-06-11 23:00:00,33.72741379310345,28.691551724137934,26.432413793103446,28.12260536398468,20.862068965517242,65.27586206896552,975.2906896551724,SITE 3,EXT
2026-06-12 00:00:00,34.90566666666667,30.397333333333332,27.755666666666666,28.0,20.77777777777778,65.03333333333333,974.972,SITE 3,EXT
2026-06-12 01:00:00,35.3055,31.086000000000002,28.697999999999997,27.962962962962965,20.740740740740744,65.03333333333333,974.9643333333333,SITE 3,EXT
2026-06-12 02:00:00,34.301833333333335,29.485666666666667,27.2285,27.77777777777778,20.555555555555557,65.8,974.6553333333334,SITE 3,EXT
2026-06-12 03:00:00,34.0445,29.1135,26.811,27.77777777777778,20.555555555555557,65.8,974.537,SITE 3,EXT
2026-06-12 04:00:00,34.93706896551724,30.455000000000002,27.743448275862068,27.720306513409962,20.49808429118774,65.58620689655173,974.8913793103447,SITE 3,EXT
2026-06-12 05:00:00,37.292833333333334,34.1695,30.378833333333333,27.77777777777778,20.555555555555557,65.66666666666667,975.2516666666667,SITE 3,EXT
2026-06-12 06:00:00,43.38933333333333,42.519,36.70766666666667,27.77777777777778,20.555555555555557,65.46666666666667,976.1046666666666,SITE 3,EXT
2026-06-12 07:00:00,39.721000000000004,38.32233333333333,34.02766666666667,28.03703703703704,20.814814814814817,65.6,976.849,SITE 3,EXT
2026-06-12 08:00:00,41.27966666666667,39.528999999999996,34.73383333333334,29.092592592592595,21.055555555555554,62.766666666666666,977.3063333333333,SITE 3,EXT
2026-06-12 09:00:00,36.29383333333333,32.7775,30.019833333333334,30.314814814814817,21.425925925925927,59.46666666666667,977.6843333333333,SITE 3,EXT
2026-06-12 10:00:00,36.9896551724138,32.73586206896552,29.634999999999998,31.37931034482759,21.053639846743295,54.6551724137931,977.7003448275863,SITE 3,EXT
2026-06-12 11:00:00,36.01116666666667,32.2755,30.107833333333335,32.05555555555556,21.27777777777778,53.13333333333333,977.3733333333333,SITE 3,EXT
2026-06-12 12:00:00,35.84283333333334,32.02483333333333,30.187,33.94444444444444,21.64814814814815,49.166666666666664,976.7836666666666,SITE 3,EXT
2026-06-12 13:00:00,38.350166666666674,36.44633333333333,34.3475,35.407407407407405,21.907407407407405,45.96666666666667,976.3426666666667,SITE 3,EXT
2026-06-12 14:00:00,36.68033333333334,33.48616666666667,31.141833333333334,37.2037037037037,22.055555555555554,42.03333333333333,975.5773333333333,SITE 3,EXT
2026-06-12 15:00:00,35.227586206896554,30.91120689655172,27.806724137931035,37.96934865900383,21.93486590038314,39.89655172413793,974.8555172413794,SITE 3,EXT
2026-06-12 16:00:00,33.82266666666666,28.961333333333336,26.125999999999998,37.94444444444445,21.574074074074076,39.166666666666664,974.5360000000001,SITE 3,EXT
2026-06-12 17:00:00,38.13333333333333,35.260999999999996,31.342499999999998,36.98148148148149,21.314814814814817,40.6,974.6333333333333,SITE 3,EXT
2026-06-12 18:00:00,46.2245,45.248333333333335,38.217333333333336,35.92592592592593,21.074074074074073,42.46666666666667,975.0606666666666,SITE 3,EXT
2026-06-12 19:00:00,64.883,63.330000000000005,49.65866666666667,34.74074074074074,21.74074074074074,47.06666666666667,975.6636666666667,SITE 3,EXT
2026-06-12 20:00:00,81.95172413793104,79.88379310344828,60.17637931034483,34.13793103448276,22.049808429118773,49.86206896551724,976.298275862069,SITE 3,EXT
2026-06-12 21:00:00,40.46783333333334,39.3375,35.139,32.92592592592593,21.666666666666668,52.3,976.9886666666666,SITE 3,EXT
2026-06-12 22:00:00,38.313833333333335,36.44433333333333,33.330333333333336,32.25925925925926,21.64814814814815,53.8,977.4416666666667,SITE 3,EXT
2026-06-12 23:00:00,38.116499999999995,35.962833333333336,32.708333333333336,32.22222222222222,21.666666666666668,54.3,977.6593333333333,SITE 3,EXT
2026-06-13 00:00:00,38.13966666666667,36.03033333333334,32.6915,31.944444444444446,21.685185185185183,55.1,977.1763333333333,SITE 3,EXT
2026-06-13 01:00:00,39.17293103448275,37.66896551724138,33.68,31.647509578544064,21.647509578544064,55.827586206896555,976.3579310344828,SITE 3,EXT
2026-06-13 02:00:00,38.51166666666666,36.63333333333333,32.519,31.27777777777778,21.574074074074076,56.63333333333333,975.9093333333333,SITE 3,EXT
2026-06-13 03:00:00,38.25983333333333,36.1605,31.9965,30.833333333333336,21.61111111111111,58.333333333333336,975.597,SITE 3,EXT
2026-06-13 04:00:00,38.935833333333335,37.08716666666667,33.118833333333335,30.555555555555557,21.666666666666668,59.833333333333336,975.987,SITE 3,EXT
2026-06-13 05:00:00,42.3875,41.66733333333333,36.757333333333335,30.240740740740744,21.85185185185185,61.3,976.255,SITE 3,EXT
2026-06-13 06:00:00,48.9555,47.98516666666667,40.305,30.203703703703702,21.833333333333332,61.0,976.9606666666666,SITE 3,EXT
2026-06-13 07:00:00,57.995517241379304,56.639310344827585,44.821724137931035,30.555555555555557,21.762452107279692,60.13793103448276,977.0931034482759,SITE 3,EXT
2026-06-13 08:00:00,39.15466666666667,37.719,33.470333333333336,31.074074074074076,21.64814814814815,58.03333333333333,977.493,SITE 3,EXT
2026-06-13 09:00:00,49.79816666666667,48.3995,40.97866666666666,31.518518518518523,21.555555555555557,55.93333333333333,977.5226666666666,SITE 3,EXT
2026-06-13 10:00:00,49.92433333333334,47.97816666666667,40.38866666666667,33.148148148148145,21.703703703703702,51.666666666666664,977.3393333333333,SITE 3,EXT
2026-06-13 11:00:00,44.661500000000004,43.49483333333333,38.5805,34.77777777777778,21.407407407407405,46.3,977.4830000000001,SITE 3,EXT
2026-06-13 12:00:00,35.74982758620689,31.815,29.05706896551724,35.727969348659,21.762452107279692,44.689655172413794,977.2455172413793,SITE 3,EXT
2026-06-13 13:00:00,35.18,30.9665,28.563,36.92592592592593,21.5,41.06666666666667,976.255,SITE 3,EXT
2026-06-13 14:00:00,37.071333333333335,34.19016666666666,31.557166666666667,38.88888888888889,21.85185185185185,37.86666666666667,974.7506666666667,SITE 3,EXT
2026-06-13 15:00:00,34.391,29.567333333333334,26.8005,38.833333333333336,21.555555555555554,37.166666666666664,973.8586666666666,SITE 3,EXT
2026-06-13 16:00:00,38.16620689655172,35.602931034482765,31.27310344827586,35.0,20.05747126436782,42.03448275862069,974.173448275862,SITE 3,EXT
2026-06-13 17:00:00,39.233333333333334,37.09616666666667,32.459666666666664,32.24074074074074,20.592592592592595,50.666666666666664,974.8503333333333,SITE 3,EXT
2026-06-13 18:00:00,34.01232142857143,29.033035714285713,26.806071428571425,31.50793650793651,20.43650793650794,52.214285714285715,975.7685714285715,SITE 3,EXT
2026-06-13 19:00:00,35.397000000000006,30.92683333333333,29.01383333333333,29.444444444444446,19.87037037037037,56.766666666666666,978.272,SITE 3,EXT
2026-06-13 20:00:00,35.28433333333333,31.04416666666667,29.133333333333333,28.87037037037037,20.0,59.166666666666664,979.1886666666667,SITE 3,EXT
2026-06-13 21:00:00,33.685172413793104,28.611896551724136,27.41120689655172,28.678160919540232,20.13409961685824,60.724137931034484,979.3524137931034,SITE 3,EXT
2026-06-13 22:00:00,35.34733333333334,31.421499999999998,30.6995,29.166666666666668,20.27777777777778,59.9,979.1843333333333,SITE 3,EXT
2026-06-13 23:00:00,36.59466666666666,33.01133333333333,30.890833333333333,29.018518518518523,20.666666666666668,61.46666666666667,978.3340000000001,SITE 3,EXT
2026-06-14 00:00:00,35.604000000000006,31.54733333333333,29.026333333333334,28.333333333333336,20.53703703703704,63.03333333333333,977.1783333333333,SITE 3,EXT
2026-06-14 01:00:00,34.0958064516129,29.22403225806452,27.682419354838707,28.172043010752688,20.376344086021508,63.16129032258065,975.721935483871,SITE 3,EXT
2026-06-14 02:00:00,34.83583333333333,30.5555,28.4965,27.87037037037037,20.092592592592595,63.06666666666667,974.9083333333333,SITE 3,EXT
2026-06-14 03:00:00,32.259,26.747833333333332,25.729499999999998,27.77777777777778,20.0,63.266666666666666,974.7873333333333,SITE 3,EXT
2026-06-14 04:00:00,32.41066666666667,26.957333333333334,25.894000000000002,27.77777777777778,20.0,63.333333333333336,975.109,SITE 3,EXT
2026-06-14 05:00:00,33.5775,28.632,27.393666666666665,27.77777777777778,19.88888888888889,62.333333333333336,975.5133333333334,SITE 3,EXT
2026-06-14 06:00:00,35.8615,32.168,29.717,27.77777777777778,19.75925925925926,62.36666666666667,976.153,SITE 3,EXT
2026-06-14 07:00:00,35.239000000000004,31.13266666666667,29.329166666666666,28.074074074074076,19.740740740740744,61.8,977.034,SITE 3,EXT
2026-06-14 08:00:00,35.24166666666667,31.113,29.726666666666667,28.703703703703702,20.037037037037035,59.666666666666664,977.3729999999999,SITE 3,EXT
2026-06-14 09:00:00,37.5075,34.88816666666666,32.123333333333335,29.5,20.055555555555554,57.4,978.1923333333333,SITE 3,EXT
2026-06-14 10:00:00,35.482,31.521666666666665,29.913666666666664,30.27777777777778,20.203703703703702,55.3,978.4509999999999,SITE 3,EXT
2026-06-14 11:00:00,35.38516666666667,31.216,29.309166666666666,30.75925925925926,20.12962962962963,53.56666666666667,978.5333333333333,SITE 3,EXT
2026-06-14 12:00:00,30.888166666666667,25.5715,23.69516666666667,32.01851851851852,20.53703703703704,51.06666666666667,978.2313333333333,SITE 3,EXT
2026-06-14 13:00:00,32.309,27.200166666666668,25.924833333333332,34.24074074074074,20.814814814814817,45.766666666666666,977.2496666666667,SITE 3,EXT
2026-06-14 14:00:00,34.591,30.033833333333334,28.847666666666665,34.51851851851851,20.25925925925926,43.56666666666667,976.607,SITE 3,EXT
2026-06-14 15:00:00,35.39483870967742,31.430806451612902,30.29032258064516,34.82078853046595,20.23297491039427,42.83870967741935,976.0174193548387,SITE 3,EXT
2026-06-14 16:00:00,35.059,30.764833333333335,29.591833333333334,35.2962962962963,20.222222222222225,41.46666666666667,975.783,SITE 3,EXT
2026-06-14 17:00:00,35.31125,31.127142857142854,29.69482142857143,35.57539682539683,19.960317460317462,40.32142857142857,975.85,SITE 3,EXT
2026-06-14 18:00:00,42.20166666666667,41.22116666666667,37.440000000000005,34.25925925925926,20.092592592592595,43.7,975.9113333333333,SITE 3,EXT
2026-06-14 19:00:00,53.8295,52.929833333333335,44.4045,33.22222222222222,20.51851851851852,47.833333333333336,976.6853333333333,SITE 3,EXT
2026-06-14 20:00:00,55.676833333333335,54.42516666666667,43.272333333333336,32.148148148148145,20.77777777777778,51.5,977.4453333333333,SITE 3,EXT
2026-06-14 21:00:00,41.12483333333333,40.30233333333333,35.16766666666667,31.370370370370374,20.75925925925926,53.7,978.0366666666666,SITE 3,EXT
2026-06-14 22:00:00,37.3615,34.67483333333334,32.03816666666667,30.592592592592595,20.555555555555557,55.63333333333333,978.3173333333333,SITE 3,EXT
2026-06-14 23:00:00,38.03416666666667,35.91416666666667,33.605666666666664,30.27777777777778,20.592592592592595,56.63333333333333,978.4266666666666,SITE 3,EXT
2026-06-15 00:00:00,35.349833333333336,31.354666666666667,29.6505,29.88888888888889,20.444444444444446,57.4,978.0053333333333,SITE 3,EXT
2026-06-15 01:00:00,34.096666666666664,29.183,27.786,29.444444444444446,20.388888888888893,58.733333333333334,977.6093333333333,SITE 3,EXT
2026-06-15 02:00:00,34.30616666666666,29.535166666666665,28.2635,28.962962962962965,20.166666666666668,60.06666666666667,976.827,SITE 3,EXT
2026-06-15 03:00:00,33.779666666666664,28.7095,27.615166666666667,28.462962962962965,20.296296296296298,61.86666666666667,976.638,SITE 3,EXT
2026-06-15 04:00:00,34.23066666666667,29.440333333333335,28.133,28.388888888888893,20.296296296296298,62.3,976.9023333333333,SITE 3,EXT
2026-06-15 05:00:00,38.07,35.101290322580645,31.173387096774192,28.333333333333336,20.125448028673837,62.03225806451613,977.0722580645161,SITE 3,EXT
2026-06-15 06:00:00,39.54566666666667,37.155833333333334,32.099333333333334,28.27777777777778,20.53703703703704,63.666666666666664,977.4876666666667,SITE 3,EXT
2026-06-15 07:00:00,41.284,39.35216666666667,34.324333333333335,28.462962962962965,20.666666666666668,63.1,977.846,SITE 3,EXT
2026-06-15 08:00:00,40.98516666666667,38.9955,34.516666666666666,29.12962962962963,20.814814814814817,61.63333333333333,978.2046666666666,SITE 3,EXT
2026-06-15 09:00:00,37.71066666666666,34.7985,32.446999999999996,30.518518518518523,20.98148148148148,57.266666666666666,978.492,SITE 3,EXT
2026-06-15 10:00:00,68.71616666666667,64.2985,47.049,32.27777777777778,20.833333333333332,51.43333333333333,978.1923333333333,SITE 3,EXT
2026-06-15 11:00:00,45.160833333333336,41.49466666666667,37.22666666666667,34.5,20.814814814814817,45.333333333333336,977.2976666666667,SITE 3,EXT
2026-06-15 12:00:00,39.72533333333333,36.05166666666666,33.321666666666665,36.666666666666664,20.51851851851852,39.333333333333336,976.4073333333333,SITE 3,EXT
2026-06-15 13:00:00,33.762,28.738999999999997,27.839166666666664,38.351851851851855,20.48148148148148,35.833333333333336,975.3166666666667,SITE 3,EXT
2026-06-15 14:00:00,34.74033333333333,30.256333333333334,29.320833333333333,39.22222222222222,20.537037037037035,34.333333333333336,974.5696666666666,SITE 3,EXT
2026-06-15 15:00:00,33.95333333333333,29.048833333333334,28.16033333333333,39.907407407407405,20.12962962962963,31.966666666666665,974.0803333333333,SITE 3,EXT
2026-06-15 16:00:00,35.5725,31.425166666666666,29.887166666666666,39.851851851851855,20.425925925925927,32.833333333333336,973.9486666666667,SITE 3,EXT
2026-06-15 17:00:00,37.1065,34.17883333333334,31.823333333333334,39.351851851851855,20.5,33.666666666666664,973.7946666666667,SITE 3,EXT
2026-06-15 18:00:00,43.65316666666667,42.71066666666666,37.92766666666667,37.7037037037037,20.703703703703702,37.666666666666664,974.1363333333334,SITE 3,EXT
2026-06-15 19:00:00,55.332741935483874,53.98048387096774,44.00790322580645,36.702508960573475,21.236559139784948,41.16129032258065,975.0122580645161,SITE 3,EXT
2026-06-15 20:00:00,42.943,39.8095,34.46266666666667,35.166666666666664,20.296296296296298,42.06666666666667,975.7093333333333,SITE 3,EXT
2026-06-15 21:00:00,40.503166666666665,38.093666666666664,33.596333333333334,32.611111111111114,18.5,43.6,976.0903333333333,SITE 3,EXT
2026-06-15 22:00:00,35.147166666666664,30.648666666666667,28.906333333333333,31.222222222222225,18.722222222222225,47.7,976.253,SITE 3,EXT
2026-06-15 23:00:00,35.85933333333333,31.845666666666666,30.0085,31.11111111111111,19.296296296296298,49.5,976.4033333333333,SITE 3,EXT
2026-06-16 00:00:00,35.6685,31.581500000000002,30.217499999999998,31.555555555555557,19.62962962962963,49.56666666666667,976.285,SITE 3,EXT
2026-06-16 01:00:00,35.95733333333333,31.940166666666666,29.736333333333334,30.722222222222225,19.425925925925927,51.9,975.7593333333333,SITE 3,EXT
2026-06-16 02:00:00,34.99816666666666,30.243333333333332,27.97233333333333,30.574074074074076,19.77777777777778,53.333333333333336,975.3960000000001,SITE 3,EXT
2026-06-16 03:00:00,33.41166666666667,28.122666666666664,26.20633333333333,30.11111111111111,19.555555555555557,53.9,974.9733333333334,SITE 3,EXT
2026-06-16 04:00:00,33.26383333333333,27.879,26.150166666666667,30.0,19.444444444444446,53.5,974.8616666666666,SITE 3,EXT
2026-06-16 05:00:00,33.888,28.64,26.603166666666667,29.425925925925927,19.222222222222225,54.8,975.099,SITE 3,EXT
2026-06-16 06:00:00,37.24333333333333,34.242,30.704,29.462962962962965,19.87037037037037,56.666666666666664,975.4243333333333,SITE 3,EXT
2026-06-16 07:00:00,37.349333333333334,34.4165,31.128333333333334,29.98148148148148,20.48148148148148,56.9,975.875,SITE 3,EXT
2026-06-16 08:00:00,39.64083333333333,37.38583333333334,33.71383333333333,30.722222222222225,20.61111111111111,55.166666666666664,976.1633333333334,SITE 3,EXT
2026-06-16 09:00:00,37.822,34.724833333333336,32.369166666666665,32.18518518518518,21.055555555555554,52.266666666666666,976.694,SITE 3,EXT
2026-06-16 10:00:00,48.049193548387095,45.060806451612905,37.66241935483871,34.06810035842294,21.27240143369176,47.67741935483871,976.8938709677419,SITE 3,EXT
2026-06-16 11:00:00,34.05433333333333,29.359666666666666,27.8725,35.87037037037037,21.296296296296298,43.03333333333333,976.5323333333333,SITE 3,EXT
2026-06-16 12:00:00,35.410333333333334,31.301,29.7835,38.333333333333336,21.51851851851852,38.233333333333334,975.8553333333333,SITE 3,EXT
2026-06-16 13:00:00,35.4205,31.30483333333333,29.64316666666667,40.46296296296296,21.22222222222222,33.36666666666667,975.216,SITE 3,EXT
2026-06-16 14:00:00,36.371833333333335,32.96816666666667,31.15983333333333,41.351851851851855,21.333333333333332,32.03333333333333,974.465,SITE 3,EXT
2026-06-16 15:00:00,35.95116666666667,32.17616666666667,30.369333333333334,42.148148148148145,20.944444444444446,30.0,973.7523333333334,SITE 3,EXT
2026-06-16 16:00:00,40.60933333333333,38.103833333333334,34.85516666666667,39.98148148148149,20.222222222222225,32.36666666666667,973.5796666666666,SITE 3,EXT
2026-06-16 17:00:00,87.80433333333333,85.97733333333333,64.44866666666667,34.68518518518519,20.48148148148148,43.8,973.0026666666666,SITE 3,EXT
2026-06-16 18:00:00,70.682,69.785,56.1635,35.38888888888889,20.88888888888889,43.1,972.902,SITE 3,EXT
2026-06-16 19:00:00,61.25769230769231,59.19903846153846,45.42038461538462,33.05555555555556,21.474358974358974,51.07692307692308,974.6434615384616,SITE 3,EXT
2026-06-16 20:00:00,52.89790322580645,51.99709677419355,43.240645161290324,33.799283154121866,21.505376344086024,48.806451612903224,975.0609677419354,SITE 3,EXT
2026-06-16 21:00:00,47.3135,46.4405,39.50533333333333,33.81481481481482,21.962962962962965,50.166666666666664,975.8563333333333,SITE 3,EXT
2026-06-16 22:00:00,39.112833333333334,36.38700000000001,32.298,32.46296296296296,21.555555555555554,53.1,976.214,SITE 3,EXT
2026-06-16 23:00:00,34.138333333333335,29.269000000000002,27.2675,31.833333333333332,21.25925925925926,53.833333333333336,976.268,SITE 3,EXT
2026-06-17 00:00:00,33.313833333333335,28.07133333333333,26.060833333333335,31.388888888888893,21.092592592592595,54.9,975.9073333333333,SITE 3,EXT
2026-06-17 01:00:00,37.555166666666665,34.67516666666666,32.47566666666667,30.81481481481482,20.944444444444446,56.233333333333334,975.1333333333333,SITE 3,EXT
2026-06-17 02:00:00,38.88433333333333,36.523,34.35166666666667,30.555555555555557,20.962962962962965,56.9,974.6786666666667,SITE 3,EXT
2026-06-17 03:00:00,35.065333333333335,30.708166666666667,28.55483333333333,30.62962962962963,21.166666666666668,57.0,974.3433333333334,SITE 3,EXT
2026-06-17 04:00:00,36.727666666666664,33.577666666666666,31.166833333333333,30.01851851851852,20.814814814814817,58.3,974.4876666666667,SITE 3,EXT
2026-06-17 05:00:00,38.2975,36.209666666666664,33.0415,29.962962962962965,20.90740740740741,58.733333333333334,975.5133333333334,SITE 3,EXT
2026-06-17 06:00:00,45.482166666666664,44.83566666666666,39.1045,30.0,21.037037037037035,58.86666666666667,976.4906666666667,SITE 3,EXT
2026-06-17 07:00:00,52.0085,51.287,44.478500000000004,30.037037037037035,21.12962962962963,59.333333333333336,977.2296666666666,SITE 3,EXT
2026-06-17 08:00:00,45.05566666666667,44.53816666666667,39.05833333333333,29.925925925925927,21.037037037037035,59.6,977.7766666666666,SITE 3,EXT
2026-06-17 09:00:00,37.74533333333333,35.05166666666666,31.451,30.796296296296298,20.962962962962965,56.43333333333333,977.772,SITE 3,EXT
2026-06-17 10:00:00,35.52483870967742,31.48758064516129,28.919838709677418,32.67025089605735,20.93189964157706,50.45161290322581,977.7883870967743,SITE 3,EXT
2026-06-17 11:00:00,34.1065,29.168333333333333,27.104333333333333,34.46296296296296,20.77777777777778,45.233333333333334,978.1396666666666,SITE 3,EXT
2026-06-17 12:00:00,34.68633333333333,30.14,28.360166666666665,35.24074074074074,20.833333333333332,43.4,978.1743333333333,SITE 3,EXT
2026-06-17 13:00:00,34.97683333333334,30.60533333333333,28.770166666666668,36.92592592592593,20.98148148148148,39.86666666666667,977.3713333333333,SITE 3,EXT
2026-06-17 14:00:00,35.2775,31.162666666666667,29.571166666666667,38.22222222222222,20.35185185185185,35.766666666666666,976.1666666666666,SITE 3,EXT
2026-06-17 15:00:00,37.059333333333335,34.26566666666667,32.71633333333333,37.72222222222222,20.27777777777778,36.4,975.3870000000001,SITE 3,EXT
2026-06-17 16:00:00,35.325833333333335,31.108166666666666,29.1945,37.75925925925926,19.740740740740744,35.233333333333334,974.8206666666666,SITE 3,EXT
2026-06-17 17:00:00,38.21266666666667,36.20583333333333,33.62283333333333,37.77777777777778,20.35185185185185,36.6,974.5203333333334,SITE 3,EXT
2026-06-17 18:00:00,45.291666666666664,44.36133333333333,39.92916666666667,37.351851851851855,20.814814814814817,38.5,973.8996666666667,SITE 3,EXT
2026-06-17 19:00:00,56.765,55.566,45.955333333333336,36.31481481481482,20.722222222222225,40.63333333333333,974.277,SITE 3,EXT
2026-06-17 20:00:00,58.041666666666664,56.585,45.050666666666665,35.611111111111114,21.12962962962963,43.4,975.5006666666667,SITE 3,EXT
2026-06-17 21:00:00,57.943333333333335,56.473,44.81633333333333,34.72222222222222,21.925925925925927,47.56666666666667,976.3633333333333,SITE 3,EXT
2026-06-17 22:00:00,47.102333333333334,46.18483333333334,38.341,34.18518518518519,21.64814814814815,48.4,976.9153333333333,SITE 3,EXT
2026-06-17 23:00:00,57.5826,55.766999999999996,43.468599999999995,33.333333333333336,21.8,51.28,976.558,SITE 3,EXT
2026-06-18 00:00:00,56.23283333333333,54.415333333333336,42.82716666666667,32.96296296296296,21.296296296296298,50.96666666666667,976.2776666666666,SITE 3,EXT
2026-06-18 01:00:00,48.87564516129032,47.45822580645161,38.15725806451613,32.61648745519713,21.308243727598565,51.903225806451616,976.1551612903227,SITE 3,EXT
2026-06-18 02:00:00,42.262166666666666,41.477999999999994,34.8705,31.944444444444446,21.5,54.46666666666667,975.821,SITE 3,EXT
2026-06-18 03:00:00,40.287166666666664,39.087833333333336,33.32,31.592592592592595,21.5,55.4,975.431,SITE 3,EXT
2026-06-18 04:00:00,40.1605,39.24083333333333,34.49966666666667,31.111111111111118,21.11111111111111,56.13333333333333,975.569,SITE 3,EXT
2026-06-18 05:00:00,41.5095,40.788333333333334,35.962333333333326,31.092592592592595,21.09259259259259,56.1,975.9976666666666,SITE 3,EXT
2026-06-18 06:00:00,57.531333333333336,56.522000000000006,47.257666666666665,30.555555555555557,21.055555555555554,56.93333333333333,975.9356666666666,SITE 3,EXT
2026-06-18 07:00:00,48.7845,47.86133333333333,40.938833333333335,31.148148148148152,20.944444444444446,55.266666666666666,976.2836666666666,SITE 3,EXT
2026-06-18 08:00:00,39.31016666666667,37.8935,33.630500000000005,31.722222222222225,21.166666666666668,54.1,977.0526666666667,SITE 3,EXT
2026-06-18 09:00:00,37.57383333333333,34.91116666666667,31.7115,32.62962962962963,21.38888888888889,51.766666666666666,977.3446666666666,SITE 3,EXT
2026-06-18 10:00:00,38.199333333333335,34.49983333333333,30.937833333333334,34.166666666666664,21.14814814814815,47.1,977.3966666666668,SITE 3,EXT
2026-06-18 11:00:00,36.0225,32.375166666666665,30.138166666666667,36.38888888888889,21.14814814814815,41.6,977.099,SITE 3,EXT
2026-06-18 12:00:00,33.979166666666664,28.894333333333336,27.1425,38.333333333333336,21.055555555555554,37.2,976.462,SITE 3,EXT
2026-06-18 13:00:00,34.15783333333333,29.238333333333333,27.997833333333332,39.833333333333336,20.88888888888889,33.833333333333336,975.5253333333333,SITE 3,EXT
2026-06-18 14:00:00,34.30068965517241,29.495172413793103,28.221379310344826,40.21072796934866,20.268199233716476,32.03448275862069,974.4179310344828,SITE 3,EXT
2026-06-18 15:00:00,34.079354838709676,29.146935483870966,27.793387096774193,39.892473118279575,19.89247311827957,31.677419354838708,973.5548387096775,SITE 3,EXT
2026-06-18 16:00:00,42.32133333333333,38.766333333333336,34.12466666666667,40.333333333333336,20.055555555555557,31.1,973.018,SITE 3,EXT
2026-06-18 17:00:00,35.80233333333333,31.7875,28.866333333333333,37.907407407407405,19.944444444444446,35.5,973.0296666666667,SITE 3,EXT
2026-06-18 18:00:00,36.12083333333333,32.29816666666667,28.561666666666667,37.166666666666664,20.14814814814815,37.36666666666667,973.0846666666667,SITE 3,EXT
2026-06-18 19:00:00,41.832,40.402,35.42033333333333,37.092592592592595,20.796296296296298,39.13333333333333,973.6166666666667,SITE 3,EXT
2026-06-18 20:00:00,38.915499999999994,36.8305,32.817166666666665,36.25925925925926,21.01851851851852,41.63333333333333,974.1543333333334,SITE 3,EXT
2026-06-18 21:00:00,37.2045,33.97566666666667,30.3355,35.7037037037037,21.01851851851852,42.7,974.4506666666667,SITE 3,EXT
2026-06-18 22:00:00,36.38,32.736333333333334,29.457,34.92592592592593,20.77777777777778,44.13333333333333,974.6576666666666,SITE 3,EXT
2026-06-18 23:00:00,36.90933333333333,33.410833333333336,30.26066666666667,34.24074074074074,20.75925925925926,45.666666666666664,974.318,SITE 3,EXT
2026-06-19 00:00:00,37.989333333333335,35.40316666666667,32.91283333333333,33.42592592592593,20.666666666666668,47.53333333333333,973.855,SITE 3,EXT
2026-06-19 01:00:00,39.767833333333336,37.551500000000004,32.71066666666667,32.37037037037037,20.61111111111111,50.5,973.3563333333333,SITE 3,EXT
2026-06-19 02:00:00,34.69416666666667,29.981333333333335,27.482833333333335,31.518518518518523,20.944444444444446,53.96666666666667,972.8856666666667,SITE 3,EXT
2026-06-19 03:00:00,35.087333333333326,30.6925,28.419833333333333,30.77777777777778,21.27777777777778,57.2,973.2363333333334,SITE 3,EXT
2026-06-19 04:00:00,36.10316666666667,32.395833333333336,29.762999999999998,30.370370370370374,21.333333333333332,59.2,973.395,SITE 3,EXT
2026-06-19 05:00:00,37.066,33.942,30.581666666666667,29.740740740740744,21.35185185185185,61.46666666666667,973.6830000000001,SITE 3,EXT
2026-06-19 06:00:00,35.795,31.734516129032258,28.44435483870968,29.42652329749104,21.11111111111111,61.645161290322584,974.155806451613,SITE 3,EXT
2026-06-19 07:00:00,36.75,33.4175,30.731833333333334,29.64814814814815,20.592592592592595,58.766666666666666,974.7363333333334,SITE 3,EXT
2026-06-19 08:00:00,40.481833333333334,39.442,37.099666666666664,30.35185185185185,20.333333333333332,55.53333333333333,974.8726666666666,SITE 3,EXT
2026-06-19 09:00:00,37.800666666666665,35.2365,33.368833333333335,31.740740740740744,20.574074074074076,52.266666666666666,974.9336666666666,SITE 3,EXT
2026-06-19 10:00:00,35.0655,30.817,29.0895,33.648148148148145,20.88888888888889,47.63333333333333,974.8960000000001,SITE 3,EXT
2026-06-19 11:00:00,31.756500000000003,26.271833333333333,24.3385,36.01851851851852,20.85185185185185,41.7,974.3476666666667,SITE 3,EXT
2026-06-19 12:00:00,31.603166666666667,26.064166666666665,24.031833333333335,37.833333333333336,20.722222222222225,37.233333333333334,973.8516666666667,SITE 3,EXT
2026-06-19 13:00:00,32.100833333333334,26.610166666666665,24.967333333333332,39.98148148148148,20.814814814814817,33.3,972.965,SITE 3,EXT
2026-06-19 14:00:00,33.28583333333333,27.934,26.5745,40.7037037037037,20.462962962962965,31.433333333333334,972.3536666666666,SITE 3,EXT
2026-06-19 15:00:00,35.45466666666667,31.368999999999996,29.8345,40.90740740740741,20.48148148148148,31.066666666666666,971.8333333333334,SITE 3,EXT
2026-06-19 16:00:00,36.287666666666674,32.547999999999995,30.89,40.68518518518519,20.574074074074076,31.633333333333333,971.6486666666666,SITE 3,EXT
2026-06-19 17:00:00,37.3955,32.82983333333333,29.958833333333335,39.44444444444444,20.574074074074076,33.93333333333333,971.751,SITE 3,EXT
2026-06-19 18:00:00,37.7035,34.81933333333333,30.122833333333332,37.72222222222222,20.314814814814817,36.53333333333333,972.004,SITE 3,EXT
2026-06-19 19:00:00,36.482166666666664,32.994,29.7695,36.5,20.27777777777778,39.0,972.3653333333333,SITE 3,EXT
2026-06-19 20:00:00,35.90709677419355,31.941451612903226,29.160645161290322,35.68100358422939,20.448028673835125,41.25806451612903,972.6303225806452,SITE 3,EXT
2026-06-19 21:00:00,36.568333333333335,32.11116666666667,27.66166666666667,34.87037037037037,20.333333333333332,42.93333333333333,973.0686666666667,SITE 3,EXT
2026-06-19 22:00:00,35.242,30.786,27.170166666666667,33.907407407407405,20.388888888888893,45.3,973.7496666666667,SITE 3,EXT
2026-06-19 23:00:00,31.674,26.101333333333333,24.0825,31.722222222222225,19.333333333333332,48.2,973.4573333333334,SITE 3,EXT
2026-06-20 00:00:00,31.989166666666666,26.506333333333334,24.456,31.666666666666668,19.055555555555557,47.56666666666667,971.7903333333333,SITE 3,EXT
2026-06-20 01:00:00,30.874000000000002,25.551499999999997,23.323,31.5,19.51851851851852,49.46666666666667,971.409,SITE 3,EXT
2026-06-20 02:00:00,33.0775,27.921666666666667,26.251666666666665,31.000000000000004,20.27777777777778,53.333333333333336,971.5156666666667,SITE 3,EXT
2026-06-20 03:00:00,34.5695,29.91,28.060499999999998,30.518518518518523,20.77777777777778,56.6,971.279,SITE 3,EXT
2026-06-20 04:00:00,34.714166666666664,30.139499999999998,28.188666666666666,29.98148148148148,20.5,57.3,970.995,SITE 3,EXT
2026-06-20 05:00:00,36.783500000000004,32.9985,30.230666666666664,29.814814814814817,20.61111111111111,58.4,971.2253333333333,SITE 3,EXT
2026-06-20 06:00:00,37.33266666666667,34.540333333333336,31.448833333333333,29.77777777777778,20.833333333333332,58.96666666666667,972.2803333333334,SITE 3,EXT
2026-06-20 07:00:00,40.394999999999996,38.273,33.6175,30.01851851851852,20.75925925925926,58.266666666666666,973.2990000000001,SITE 3,EXT
2026-06-20 08:00:00,42.24133333333334,41.07616666666667,37.5015,30.25925925925926,20.75925925925926,57.266666666666666,973.9240000000001,SITE 3,EXT
2026-06-20 09:00:00,45.031,43.85883333333334,38.0805,30.666666666666668,20.703703703703702,55.833333333333336,974.4006666666667,SITE 3,EXT
2026-06-20 10:00:00,37.60322580645161,34.87177419354839,30.97467741935484,31.34408602150538,20.627240143369175,53.354838709677416,974.5383870967742,SITE 3,EXT
2026-06-20 11:00:00,41.29966666666667,37.8455,31.333666666666666,32.55555555555556,20.61111111111111,49.93333333333333,974.228,SITE 3,EXT
2026-06-20 12:00:00,37.17016666666667,33.013333333333335,29.47233333333333,34.03703703703704,20.555555555555557,45.733333333333334,973.6053333333333,SITE 3,EXT
2026-06-20 13:00:00,33.676,28.478166666666667,26.3295,36.12962962962963,20.796296296296298,41.266666666666666,972.797,SITE 3,EXT
2026-06-20 14:00:00,34.709833333333336,30.1285,28.157666666666668,37.27777777777778,20.61111111111111,38.266666666666666,972.5296666666667,SITE 3,EXT
2026-06-20 15:00:00,35.38733333333333,31.0695,29.151666666666664,38.40740740740741,20.703703703703702,36.13333333333333,972.0986666666666,SITE 3,EXT
2026-06-20 16:00:00,35.0895,30.643833333333337,28.660666666666668,38.666666666666664,20.425925925925927,35.03333333333333,971.7213333333333,SITE 3,EXT
2026-06-20 17:00:00,35.97383333333333,31.828500000000002,28.803833333333333,37.87037037037037,20.555555555555557,37.0,971.458,SITE 3,EXT
2026-06-20 18:00:00,37.61983333333333,33.59433333333333,28.951833333333333,36.57407407407408,20.722222222222225,40.0,971.9386666666667,SITE 3,EXT
2026-06-20 19:00:00,41.25183333333334,39.82483333333333,33.382666666666665,35.55555555555556,20.962962962962965,42.96666666666667,972.1270000000001,SITE 3,EXT
2026-06-20 20:00:00,45.82633333333333,44.646,37.12133333333334,34.98148148148148,21.01851851851852,44.63333333333333,972.948,SITE 3,EXT
2026-06-20 21:00:00,41.04366666666667,39.821000000000005,34.9425,34.5,21.074074074074073,45.766666666666666,973.4573333333334,SITE 3,EXT
2026-06-20 22:00:00,34.29266666666667,29.317166666666665,27.824333333333335,32.53703703703704,19.722222222222225,47.0,974.6413333333333,SITE 3,EXT
2026-06-20 23:00:00,36.63366666666666,32.56466666666667,31.8915,30.462962962962965,19.666666666666668,52.833333333333336,975.454,SITE 3,EXT
2026-06-21 00:00:00,29.440166666666666,24.480999999999998,22.051333333333332,26.962962962962965,19.240740740740744,63.5,975.7843333333333,SITE 3,EXT
2026-06-21 01:00:00,29.622333333333334,24.58,22.1755,27.444444444444446,19.351851851851855,61.833333333333336,974.8646666666666,SITE 3,EXT
2026-06-21 02:00:00,30.93951612903226,25.54209677419355,23.92322580645161,28.476702508960575,19.193548387096776,57.83870967741935,974.2993548387096,SITE 3,EXT
2026-06-21 03:00:00,33.04566666666667,27.782333333333334,26.942,28.88888888888889,19.48148148148148,57.96666666666667,973.3026666666667,SITE 3,EXT
2026-06-21 04:00:00,36.195,32.236666666666665,30.700499999999998,28.75925925925926,19.796296296296298,58.766666666666666,973.4296666666667,SITE 3,EXT
2026-06-21 05:00:00,38.424499999999995,34.028,30.725,28.31481481481482,19.518518518518523,60.0,974.0310000000001,SITE 3,EXT
2026-06-21 06:00:00,36.814166666666665,33.55916666666666,29.939833333333336,28.333333333333336,19.90740740740741,60.333333333333336,974.6403333333333,SITE 3,EXT
2026-06-21 07:00:00,37.015166666666666,33.92483333333333,30.267999999999997,28.870370370370374,19.925925925925927,59.2,975.4236666666667,SITE 3,EXT
2026-06-21 08:00:00,62.542833333333334,61.40116666666667,58.75716666666666,29.796296296296298,19.87037037037037,55.766666666666666,976.2566666666667,SITE 3,EXT
2026-06-21 09:00:00,52.8475,49.24433333333333,44.602666666666664,30.092592592592595,19.370370370370374,53.1,977.0273333333333,SITE 3,EXT
2026-06-21 10:00:00,32.94116666666667,27.583666666666666,26.264,31.703703703703702,19.75925925925926,49.733333333333334,976.9633333333334,SITE 3,EXT
2026-06-21 11:00:00,31.689666666666668,26.3745,24.644000000000002,34.333333333333336,20.240740740740744,43.96666666666667,976.5443333333334,SITE 3,EXT
2026-06-21 12:00:00,30.67716666666667,25.65583333333333,22.735500000000002,35.611111111111114,19.88888888888889,40.06666666666667,976.1836666666666,SITE 3,EXT
2026-06-21 13:00:00,30.816666666666666,25.472166666666666,23.271666666666665,36.64814814814815,19.53703703703704,37.06666666666667,975.3703333333334,SITE 3,EXT
2026-06-21 14:00:00,31.634999999999998,26.1255,24.409,36.611111111111114,19.555555555555557,37.166666666666664,974.6983333333334,SITE 3,EXT
2026-06-21 15:00:00,31.424166666666668,25.919333333333334,24.14816666666667,35.75925925925926,19.240740740740744,38.166666666666664,973.8773333333334,SITE 3,EXT
2026-06-21 16:00:00,32.395645161290325,26.979193548387098,24.99983870967742,35.59139784946237,19.60573476702509,39.45161290322581,973.7264516129032,SITE 3,EXT
2026-06-21 17:00:00,34.68666666666666,30.135166666666667,27.370333333333335,34.351851851851855,19.240740740740744,41.3,974.0603333333333,SITE 3,EXT
2026-06-21 18:00:00,43.13366666666666,41.30216666666667,35.57983333333333,32.51851851851852,19.75925925925926,47.3,974.6833333333333,SITE 3,EXT
2026-06-21 19:00:00,46.544666666666664,45.349000000000004,38.234,33.01851851851852,20.222222222222225,47.0,975.2263333333334,SITE 3,EXT
2026-06-21 20:00:00,46.213499999999996,45.216166666666666,38.53216666666667,33.092592592592595,20.185185185185183,46.93333333333333,976.046,SITE 3,EXT
2026-06-21 21:00:00,40.614000000000004,39.5035,34.8115,32.77777777777778,20.074074074074073,47.833333333333336,976.77,SITE 3,EXT
2026-06-21 22:00:00,38.50333333333333,36.592333333333336,33.004333333333335,32.407407407407405,20.388888888888893,49.4,976.8353333333333,SITE 3,EXT
2026-06-21 23:00:00,36.32933333333334,32.84583333333333,30.517999999999997,31.14814814814815,20.5,53.8,977.3873333333333,SITE 3,EXT
2026-06-22 00:00:00,31.654,26.269833333333334,25.164666666666665,29.444444444444446,20.555555555555557,59.36666666666667,977.2073333333334,SITE 3,EXT
2026-06-22 01:00:00,30.745333333333335,25.404333333333334,23.927,29.462962962962965,20.51851851851852,59.06666666666667,976.7653333333333,SITE 3,EXT
2026-06-22 02:00:00,30.42683333333333,25.168333333333333,23.446833333333334,29.592592592592595,20.53703703703704,58.7,976.3326666666667,SITE 3,EXT
2026-06-22 03:00:00,30.614166666666666,25.297833333333333,23.5945,29.444444444444446,20.574074074074076,59.833333333333336,976.331,SITE 3,EXT
2026-06-22 04:00:00,30.607666666666667,25.310833333333335,23.617166666666666,28.944444444444446,20.574074074074076,60.56666666666667,976.4506666666667,SITE 3,EXT
2026-06-22 05:00:00,32.139500000000005,26.748833333333334,25.563666666666666,28.5,20.166666666666668,61.266666666666666,976.8623333333333,SITE 3,EXT
2026-06-22 06:00:00,32.09316666666667,26.615666666666666,24.9755,28.333333333333336,20.0,61.666666666666664,977.3333333333334,SITE 3,EXT
2026-06-22 07:00:00,33.72483870967742,28.74306451612903,27.265806451612903,28.70967741935484,20.376344086021508,61.16129032258065,977.6729032258065,SITE 3,EXT
2026-06-22 08:00:00,35.08266666666667,30.867166666666666,29.4615,29.0,20.48148148148148,60.43333333333333,978.3036666666667,SITE 3,EXT
2026-06-22 09:00:00,35.345666666666666,31.3205,29.829,29.425925925925927,20.77777777777778,60.46666666666667,978.797,SITE 3,EXT
2026-06-22 10:00:00,31.576833333333333,26.3885,25.010166666666667,31.16666666666667,21.01851851851852,55.36666666666667,978.4496666666668,SITE 3,EXT
2026-06-22 11:00:00,31.65583333333333,26.289833333333334,25.033666666666665,32.77777777777778,20.796296296296298,49.86666666666667,977.9576666666667,SITE 3,EXT
2026-06-22 12:00:00,32.4945,27.014666666666667,26.319166666666668,33.92592592592593,20.5,45.93333333333333,977.6,SITE 3,EXT
2026-06-22 13:00:00,31.920166666666667,26.381500000000003,25.508,34.166666666666664,20.25925925925926,44.6,977.2406666666667,SITE 3,EXT
2026-06-22 14:00:00,32.3,26.996333333333332,25.442999999999998,35.51851851851852,20.314814814814817,41.233333333333334,976.7193333333333,SITE 3,EXT
2026-06-22 15:00:00,30.645666666666667,25.330666666666666,23.272166666666667,36.2037037037037,19.796296296296298,38.56666666666667,976.234,SITE 3,EXT
2026-06-22 16:00:00,32.641666666666666,27.37,25.6955,36.907407407407405,19.925925925925927,37.53333333333333,975.9253333333334,SITE 3,EXT
2026-06-22 17:00:00,33.01533333333334,27.813333333333333,25.866666666666667,36.38888888888889,19.87037037037037,38.36666666666667,975.706,SITE 3,EXT
2026-06-22 18:00:00,36.194833333333335,32.412,29.30666666666667,35.12962962962963,19.592592592592595,40.53333333333333,975.8993333333333,SITE 3,EXT
2026-06-22 19:00:00,44.82666666666667,44.108333333333334,38.2845,33.62962962962963,20.166666666666668,45.5,976.274,SITE 3,EXT
2026-06-22 20:00:00,42.208666666666666,41.430166666666665,35.92216666666666,32.31481481481482,20.574074074074076,50.43333333333333,976.9176666666666,SITE 3,EXT
2026-06-22 21:00:00,37.91596774193548,35.48516129032258,31.421935483870968,31.379928315412187,20.6989247311828,53.70967741935484,977.3270967741935,SITE 3,EXT
2026-06-22 22:00:00,36.67933333333334,33.285,30.3105,30.90740740740741,20.85185185185185,55.36666666666667,977.2796666666667,SITE 3,EXT
2026-06-22 23:00:00,39.12983333333333,37.487833333333334,34.1455,30.01851851851852,20.666666666666668,57.93333333333333,977.1693333333333,SITE 3,EXT
2026-06-23 00:00:00,37.118500000000004,34.038,30.802666666666667,29.296296296296298,20.685185185185183,60.266666666666666,976.501,SITE 3,EXT
2026-06-23 01:00:00,36.2395,32.59066666666667,29.801166666666667,28.85185185185185,20.444444444444446,60.733333333333334,976.082,SITE 3,EXT
2026-06-23 02:00:00,35.104166666666664,30.753333333333334,28.497166666666665,28.333333333333336,20.0,60.766666666666666,975.734,SITE 3,EXT
2026-06-23 03:00:00,32.91133333333333,27.520166666666668,25.752666666666666,28.222222222222225,20.01851851851852,61.5,975.6076666666667,SITE 3,EXT
2026-06-23 04:00:00,32.696666666666665,27.235166666666665,25.1205,27.77777777777778,20.0,63.333333333333336,975.6783333333333,SITE 3,EXT
2026-06-23 05:00:00,33.861333333333334,28.602833333333333,25.834666666666667,27.77777777777778,20.0,63.2,975.7116666666666,SITE 3,EXT
2026-06-23 06:00:00,37.16883333333333,34.21133333333333,30.163833333333333,27.77777777777778,20.0,63.3,976.1006666666667,SITE 3,EXT
2026-06-23 07:00:00,37.2825,34.37916666666667,30.3725,28.240740740740744,20.388888888888893,62.93333333333333,976.5313333333332,SITE 3,EXT
2026-06-23 08:00:00,36.7155,33.062333333333335,29.8485,28.90740740740741,20.222222222222225,60.2,977.034,SITE 3,EXT
2026-06-23 09:00:00,104.84466666666667,89.16983333333333,45.650166666666664,30.25925925925926,20.185185185185183,55.4,977.1270000000001,SITE 3,EXT
2026-06-23 10:00:00,37.29766666666667,33.112833333333334,30.304166666666667,32.38888888888889,20.444444444444446,49.766666666666666,976.904,SITE 3,EXT
2026-06-23 11:00:00,33.55032258064516,28.306129032258063,26.296612903225807,34.37275985663083,19.910394265232977,42.96774193548387,976.8409677419355,SITE 3,EXT
2026-06-23 12:00:00,33.2535,28.056500000000003,26.166833333333333,36.48148148148149,19.296296296296298,36.833333333333336,976.3446666666666,SITE 3,EXT
2026-06-23 13:00:00,33.174,27.952333333333335,26.25766666666667,38.14814814814815,19.074074074074076,33.266666666666666,975.6476666666666,SITE 3,EXT
2026-06-23 14:00:00,34.468333333333334,29.7405,28.130166666666664,37.81481481481482,18.796296296296298,33.333333333333336,974.6073333333334,SITE 3,EXT
2026-06-23 15:00:00,35.43233333333333,31.226,29.2595,39.05555555555556,19.074074074074076,31.4,973.629,SITE 3,EXT
2026-06-23 16:00:00,36.1595,32.39083333333333,30.4065,39.5,19.03703703703704,30.7,972.9466666666667,SITE 3,EXT
2026-06-23 17:00:00,37.39433333333333,34.45183333333333,31.165666666666667,37.98148148148149,19.11111111111111,33.6,972.8676666666667,SITE 3,EXT
2026-06-23 18:00:00,44.823,42.35633333333333,36.093833333333336,36.666666666666664,19.62962962962963,37.1,972.7713333333334,SITE 3,EXT
2026-06-23 19:00:00,58.419666666666664,56.37383333333333,44.4525,35.53703703703704,19.90740740740741,40.333333333333336,973.132,SITE 3,EXT
2026-06-23 20:00:00,45.380833333333335,44.64383333333333,38.614333333333335,35.18518518518519,20.14814814814815,41.766666666666666,974.5743333333334,SITE 3,EXT
2026-06-23 21:00:00,41.22833333333334,40.222166666666666,35.7015,34.51851851851852,20.296296296296298,43.666666666666664,975.5653333333333,SITE 3,EXT
2026-06-23 22:00:00,39.76866666666667,38.05116666666667,33.78566666666667,33.870370370370374,20.092592592592595,45.0,975.8656666666667,SITE 3,EXT
2026-06-23 23:00:00,38.505833333333335,36.506,33.4005,33.31481481481482,20.203703703703702,46.43333333333333,975.9083333333333,SITE 3,EXT
2026-06-24 00:00:00,35.11133333333333,30.819000000000003,29.616333333333333,30.5,19.425925925925927,52.2,975.5360000000001,SITE 3,EXT
2026-06-24 01:00:00,34.83112903225807,30.258064516129032,29.030483870967743,29.444444444444446,19.82078853046595,56.83870967741935,974.5851612903226,SITE 3,EXT
2026-06-24 02:00:00,35.062999999999995,30.757,29.534166666666668,29.25925925925926,19.722222222222225,57.0,973.8176666666666,SITE 3,EXT
2026-06-24 03:00:00,35.33283333333333,31.137833333333333,29.828333333333333,28.944444444444446,20.055555555555554,59.03333333333333,973.693,SITE 3,EXT
2026-06-24 04:00:00,35.44783333333333,31.316,29.588666666666665,29.203703703703706,20.314814814814817,59.166666666666664,973.8259999999999,SITE 3,EXT
2026-06-24 05:00:00,36.75466666666667,33.31583333333334,31.022499999999997,29.444444444444446,20.555555555555557,59.36666666666667,974.4986666666666,SITE 3,EXT
2026-06-24 06:00:00,39.70666666666667,38.65783333333333,34.804833333333335,29.425925925925927,20.61111111111111,60.06666666666667,975.2096666666667,SITE 3,EXT
2026-06-24 07:00:00,39.58116666666667,38.46066666666666,34.7295,29.037037037037035,20.90740740740741,61.8,975.811,SITE 3,EXT
2026-06-24 08:00:00,37.82033333333333,35.515166666666666,32.337666666666664,29.333333333333332,20.944444444444446,61.333333333333336,976.6020000000001,SITE 3,EXT
2026-06-24 09:00:00,37.330000000000005,34.66566666666667,32.095,30.740740740740744,21.037037037037035,56.86666666666667,976.9943333333333,SITE 3,EXT
2026-06-24 10:00:00,32.999,27.6465,25.709166666666665,32.40740740740741,21.14814814814815,52.03333333333333,977.2103333333333,SITE 3,EXT
2026-06-24 11:00:00,32.83116666666667,27.438,25.711166666666667,34.44444444444445,21.314814814814817,46.766666666666666,976.9023333333333,SITE 3,EXT
2026-06-24 12:00:00,32.96933333333333,27.7345,26.50583333333333,36.74074074074074,21.14814814814815,40.666666666666664,976.3056666666666,SITE 3,EXT
2026-06-24 13:00:00,32.21666666666667,26.783666666666665,25.375833333333333,38.92592592592593,20.722222222222225,35.2,975.4766666666667,SITE 3,EXT
2026-06-24 14:00:00,32.783,27.333333333333332,26.351666666666667,39.92592592592593,20.055555555555557,31.966666666666665,974.7466666666667,SITE 3,EXT
2026-06-24 15:00:00,35.82633333333333,31.507,29.219333333333335,40.22222222222222,19.77777777777778,30.933333333333334,974.2080000000001,SITE 3,EXT
2026-06-24 16:00:00,34.37725806451613,29.697580645161292,28.341290322580647,40.07168458781362,19.749103942652333,31.225806451612904,974.0296774193549,SITE 3,EXT
2026-06-24 17:00:00,34.9425,30.46966666666667,28.726333333333333,39.61111111111111,19.574074074074076,31.4,973.8933333333333,SITE 3,EXT
2026-06-24 18:00:00,44.406666666666666,42.822,35.946,37.68518518518519,19.51851851851852,34.9,974.5166666666667,SITE 3,EXT
2026-06-24 19:00:00,47.14783333333333,46.32383333333333,39.38433333333333,36.5,20.0,38.36666666666667,975.5523333333333,SITE 3,EXT
2026-06-24 20:00:00,40.67066666666666,39.104000000000006,34.24133333333334,35.62962962962963,20.444444444444446,41.43333333333333,976.6650000000001,SITE 3,EXT
2026-06-24 21:00:00,37.717333333333336,35.280499999999996,31.7675,35.0,20.5,42.93333333333333,977.1856666666666,SITE 3,EXT
2026-06-24 22:00:00,38.242333333333335,36.12383333333333,32.809,34.44444444444444,20.14814814814815,43.46666666666667,977.438,SITE 3,EXT
2026-06-24 23:00:00,39.28183333333333,37.2045,32.736000000000004,33.50000000000001,20.35185185185185,46.5,977.1606666666667,SITE 3,EXT
2026-06-25 00:00:00,41.20233333333333,39.779999999999994,34.083333333333336,32.37037037037037,20.796296296296298,51.06666666666667,976.8863333333334,SITE 3,EXT
2026-06-25 01:00:00,38.752500000000005,36.74783333333333,32.13616666666667,31.907407407407405,20.77777777777778,52.166666666666664,976.5083333333333,SITE 3,EXT
2026-06-25 02:00:00,40.5315,38.935833333333335,33.478500000000004,31.64814814814815,20.722222222222225,52.666666666666664,976.088,SITE 3,EXT
2026-06-25 03:00:00,39.43733333333333,38.098,32.973166666666664,31.092592592592595,20.592592592592595,54.5,975.9889999999999,SITE 3,EXT
2026-06-25 04:00:00,40.919,39.44433333333333,33.7955,31.000000000000004,20.518518518518523,54.46666666666667,976.203,SITE 3,EXT
2026-06-25 05:00:00,45.855333333333334,44.895833333333336,38.097166666666666,30.35185185185185,20.592592592592595,56.46666666666667,976.7866666666666,SITE 3,EXT
2026-06-25 06:00:00,54.573,53.457166666666666,44.18,30.074074074074076,20.62962962962963,57.63333333333333,977.2476666666666,SITE 3,EXT
2026-06-25 07:00:00,58.533166666666666,57.0915,46.68333333333333,30.666666666666668,20.77777777777778,55.96666666666667,977.5853333333333,SITE 3,EXT
2026-06-25 08:00:00,39.6408064516129,38.060806451612905,33.27209677419355,31.290322580645164,20.6989247311828,53.67741935483871,978.3009677419356,SITE 3,EXT
2026-06-25 09:00:00,41.60816666666667,38.836666666666666,32.51616666666667,32.81481481481482,21.037037037037035,50.3,978.5473333333333,SITE 3,EXT
2026-06-25 10:00:00,34.91583333333333,30.439,27.836000000000002,34.68518518518519,20.592592592592595,44.333333333333336,978.357,SITE 3,EXT
2026-06-25 11:00:00,35.647166666666664,31.726666666666667,29.59283333333333,36.68518518518519,20.37037037037037,38.86666666666667,978.0096666666667,SITE 3,EXT
2026-06-25 12:00:00,34.90233333333333,30.629666666666665,28.806166666666666,37.87037037037037,20.074074074074076,35.63333333333333,977.414,SITE 3,EXT
2026-06-25 13:00:00,33.89216666666667,28.89783333333333,27.279166666666665,39.75925925925926,19.666666666666668,31.433333333333334,976.4746666666666,SITE 3,EXT
2026-06-25 14:00:00,35.838499999999996,32.025,30.358666666666668,40.333333333333336,19.592592592592595,30.366666666666667,976.0163333333334,SITE 3,EXT
2026-06-25 15:00:00,35.967999999999996,32.310833333333335,30.68433333333333,40.75925925925926,19.314814814814817,29.066666666666666,975.1053333333333,SITE 3,EXT
2026-06-25 16:00:00,37.35116666666667,34.600833333333334,32.248666666666665,40.2962962962963,18.98148148148148,29.166666666666668,974.8973333333332,SITE 3,EXT
2026-06-25 17:00:00,39.28816666666667,37.79266666666667,34.2295,38.592592592592595,18.740740740740744,31.766666666666666,975.1153333333333,SITE 3,EXT
2026-06-25 18:00:00,40.059999999999995,38.138000000000005,33.654666666666664,37.51851851851852,18.98148148148148,34.266666666666666,975.7963333333333,SITE 3,EXT
2026-06-25 19:00:00,56.55416666666667,54.70733333333333,43.72816666666667,33.44444444444444,19.703703703703702,44.666666666666664,976.4913333333334,SITE 3,EXT
2026-06-25 20:00:00,40.086,38.87866666666666,35.265499999999996,33.092592592592595,19.666666666666668,45.63333333333333,976.8486666666666,SITE 3,EXT
2026-06-25 21:00:00,37.736999999999995,35.176833333333335,32.970333333333336,32.51851851851852,19.555555555555557,46.766666666666666,977.5103333333334,SITE 3,EXT
2026-06-25 22:00:00,38.43806451612903,36.36096774193548,33.12322580645161,32.77777777777778,19.695340501792113,46.225806451612904,977.8351612903226,SITE 3,EXT
2026-06-25 23:00:00,42.542833333333334,41.5705,36.809999999999995,33.092592592592595,19.88888888888889,46.06666666666667,977.2776666666667,SITE 3,EXT
2026-06-26 00:00:00,47.11833333333333,46.25116666666667,40.156666666666666,32.611111111111114,20.35185185185185,48.93333333333333,976.9096666666667,SITE 3,EXT
2026-06-26 01:00:00,46.316833333333335,45.4305,38.69683333333333,32.03703703703704,20.703703703703702,51.7,976.9663333333334,SITE 3,EXT
2026-06-26 02:00:00,40.53433333333333,39.3125,33.22116666666667,31.64814814814815,20.666666666666668,52.93333333333333,976.9703333333333,SITE 3,EXT
2026-06-26 03:00:00,38.30133333333333,36.122166666666665,31.584666666666667,31.666666666666668,20.666666666666668,52.666666666666664,977.1423333333333,SITE 3,EXT
2026-06-26 04:00:00,40.91983333333334,39.39433333333333,33.2755,31.16666666666667,20.61111111111111,53.86666666666667,977.0020000000001,SITE 3,EXT
2026-06-26 05:00:00,51.305166666666665,49.95233333333333,40.46583333333333,30.81481481481482,20.555555555555557,54.6,976.9846666666667,SITE 3,EXT
2026-06-26 06:00:00,51.53933333333334,50.80916666666667,43.84066666666667,30.53703703703704,20.592592592592595,56.13333333333333,977.4509999999999,SITE 3,EXT
2026-06-26 07:00:00,48.144666666666666,47.493833333333335,41.489000000000004,30.240740740740744,20.740740740740744,57.5,978.0306666666667,SITE 3,EXT
2026-06-26 08:00:00,46.215333333333334,45.47116666666667,38.794666666666664,30.685185185185187,21.11111111111111,57.13333333333333,978.2116666666666,SITE 3,EXT
2026-06-26 09:00:00,39.51166666666666,38.172333333333334,33.13033333333333,31.925925925925927,21.185185185185183,53.43333333333333,978.2926666666666,SITE 3,EXT
2026-06-26 10:00:00,39.11583333333333,37.565000000000005,33.412,34.18518518518519,21.37037037037037,47.666666666666664,978.0646666666667,SITE 3,EXT
2026-06-26 11:00:00,37.85066666666667,35.61633333333334,32.156166666666664,36.88888888888889,21.296296296296298,40.733333333333334,977.753,SITE 3,EXT
2026-06-26 12:00:00,37.22435483870967,34.39306451612903,31.103709677419356,38.207885304659506,21.129032258064516,37.54838709677419,977.2564516129032,SITE 3,EXT
2026-06-26 13:00:00,35.43266666666667,31.246666666666666,27.983333333333334,39.37037037037037,21.203703703703702,35.3,976.1523333333333,SITE 3,EXT
2026-06-26 14:00:00,36.2265,32.5805,29.127833333333335,39.81481481481481,21.166666666666668,34.43333333333333,975.3566666666667,SITE 3,EXT
2026-06-26 15:00:00,37.094,34.08233333333333,31.048833333333334,40.22222222222222,20.703703703703702,32.8,974.5256666666667,SITE 3,EXT
2026-06-26 16:00:00,37.56016666666667,34.997499999999995,32.12866666666667,40.166666666666664,20.14814814814815,31.366666666666667,974.0103333333334,SITE 3,EXT
2026-06-26 17:00:00,43.00183333333334,39.2215,32.98016666666667,38.81481481481482,19.833333333333332,33.43333333333333,974.0563333333333,SITE 3,EXT
2026-06-26 18:00:00,40.4215,38.20616666666667,32.19116666666667,37.31481481481482,19.37037037037037,35.166666666666664,974.724,SITE 3,EXT
2026-06-26 19:00:00,37.48983333333333,33.63533333333333,30.822833333333335,28.90740740740741,18.592592592592595,54.86666666666667,977.6103333333334,SITE 3,EXT
2026-06-26 20:00:00,35.41916666666667,31.276666666666664,29.542666666666666,28.814814814814817,20.48148148148148,61.4,975.7903333333333,SITE 3,EXT
2026-06-26 21:00:00,39.609833333333334,37.57666666666667,35.57183333333333,30.092592592592595,20.537037037037035,57.06666666666667,975.6006666666667,SITE 3,EXT
2026-06-26 22:00:00,37.483,34.22416666666666,32.1055,29.740740740740744,20.388888888888893,57.7,975.946,SITE 3,EXT
2026-06-26 23:00:00,36.559333333333335,33.1415,30.530166666666666,28.53703703703704,20.27777777777778,61.63333333333333,976.6216666666667,SITE 3,EXT
2026-06-27 00:00:00,34.946000000000005,30.411833333333334,28.946833333333334,29.40740740740741,20.11111111111111,57.9,976.8516666666667,SITE 3,EXT
2026-06-27 01:00:00,34.67716666666667,29.947166666666664,28.28083333333333,29.592592592592595,20.14814814814815,57.86666666666667,976.2596666666667,SITE 3,EXT
2026-06-27 02:00:00,35.57866666666666,31.508,29.8745,29.25925925925926,20.222222222222225,59.03333333333333,976.1990000000001,SITE 3,EXT
2026-06-27 03:00:00,35.88741935483871,32.10193548387097,30.605,28.88888888888889,19.85663082437276,58.806451612903224,975.4687096774193,SITE 3,EXT
2026-06-27 04:00:00,36.975,33.1405,31.265666666666668,28.685185185185183,19.25925925925926,57.43333333333333,974.8233333333334,SITE 3,EXT
2026-06-27 05:00:00,38.167,35.58866666666667,33.38033333333333,28.333333333333336,19.0,58.03333333333333,975.3946666666667,SITE 3,EXT
2026-06-27 06:00:00,40.339333333333336,39.28216666666666,35.723166666666664,28.333333333333336,19.77777777777778,60.4,975.9586666666667,SITE 3,EXT
2026-06-27 07:00:00,41.30583333333333,40.583666666666666,36.89116666666667,28.462962962962965,20.314814814814817,62.13333333333333,976.4196666666667,SITE 3,EXT
2026-06-27 08:00:00,44.1565,43.277,38.002500000000005,29.14814814814815,20.592592592592595,60.6,976.9423333333333,SITE 3,EXT
2026-06-27 09:00:00,50.47616666666667,49.43733333333333,43.13816666666666,30.203703703703702,20.703703703703702,57.4,977.2516666666667,SITE 3,EXT
2026-06-27 10:00:00,39.41283333333333,37.907666666666664,34.82966666666666,31.370370370370374,20.77777777777778,54.13333333333333,977.186,SITE 3,EXT
2026-06-27 11:00:00,38.567,36.67466666666667,33.6075,32.851851851851855,20.85185185185185,49.766666666666666,977.0106666666667,SITE 3,EXT
2026-06-27 12:00:00,36.99083333333333,33.877500000000005,31.522333333333332,34.88888888888889,20.685185185185183,44.0,976.4013333333334,SITE 3,EXT
2026-06-27 13:00:00,36.88816666666666,33.758833333333335,31.591833333333334,35.90740740740741,20.462962962962965,40.96666666666667,975.4503333333333,SITE 3,EXT
2026-06-27 14:00:00,36.775999999999996,33.5855,31.305833333333332,37.38888888888889,20.5,37.733333333333334,974.6053333333333,SITE 3,EXT
2026-06-27 15:00:00,38.061166666666665,35.86633333333334,33.324333333333335,37.333333333333336,20.5,37.8,974.2086666666667,SITE 3,EXT
2026-06-27 16:00:00,39.01166666666666,37.36333333333334,34.352,36.75925925925926,20.37037037037037,38.86666666666667,974.1166666666667,SITE 3,EXT
2026-06-27 17:00:00,38.56983870967742,36.7858064516129,33.811290322580646,36.16487455197133,20.215053763440864,39.54838709677419,974.3190322580645,SITE 3,EXT
2026-06-27 18:00:00,39.656666666666666,38.14966666666667,33.535833333333336,35.11111111111111,20.574074074074076,42.93333333333333,974.797,SITE 3,EXT
2026-06-27 19:00:00,45.49783333333333,44.686,38.32616666666667,34.407407407407405,20.796296296296298,45.5,975.5353333333334,SITE 3,EXT
2026-06-27 20:00:00,43.36366666666667,42.56583333333333,37.248666666666665,33.72222222222222,20.85185185185185,47.233333333333334,976.0306666666668,SITE 3,EXT
2026-06-27 21:00:00,41.33866666666667,40.48166666666667,35.86233333333333,33.333333333333336,21.11111111111111,48.9,976.849,SITE 3,EXT
2026-06-27 22:00:00,43.40116666666667,42.545833333333334,37.142,33.111111111111114,20.88888888888889,49.333333333333336,977.153,SITE 3,EXT
2026-06-27 23:00:00,39.782333333333334,38.52633333333333,34.28916666666667,32.46296296296296,20.77777777777778,50.53333333333333,977.236,SITE 3,EXT
2026-06-28 00:00:00,38.481833333333334,36.34433333333333,32.4135,32.03703703703704,20.796296296296298,52.0,976.7416666666667,SITE 3,EXT
2026-06-28 01:00:00,37.01233333333333,33.84466666666667,30.724,31.462962962962965,20.85185185185185,53.7,976.0703333333333,SITE 3,EXT
2026-06-28 02:00:00,37.97983333333333,35.653999999999996,32.301833333333335,30.833333333333336,20.814814814814817,55.63333333333333,975.395,SITE 3,EXT
2026-06-28 03:00:00,39.606,38.54933333333334,35.0285,30.574074074074076,20.87037037037037,56.7,975.41,SITE 3,EXT
2026-06-28 04:00:00,38.921166666666664,37.416666666666664,33.6625,29.555555555555557,20.740740740740744,59.733333333333334,975.734,SITE 3,EXT
2026-06-28 05:00:00,42.021,40.921166666666664,37.1795,28.88888888888889,20.5,60.8,975.806,SITE 3,EXT
2026-06-28 06:00:00,45.060833333333335,44.524833333333326,40.452,28.5,20.166666666666668,61.4,976.2903333333333,SITE 3,EXT
2026-06-28 07:00:00,45.968833333333336,45.300333333333334,41.195166666666665,28.88888888888889,20.37037037037037,60.7,976.8893333333333,SITE 3,EXT
2026-06-28 08:00:00,40.95596774193548,40.13532258064516,36.630322580645164,29.265232974910397,20.322580645161292,59.16129032258065,977.176129032258,SITE 3,EXT
2026-06-28 09:00:00,39.14883333333333,37.378,33.85133333333333,30.574074074074076,20.574074074074076,55.766666666666666,977.0646666666667,SITE 3,EXT
2026-06-28 10:00:00,36.47133333333333,32.28633333333333,29.1525,32.37037037037037,20.740740740740744,50.766666666666666,976.8729999999999,SITE 3,EXT
2026-06-28 11:00:00,35.81816666666667,31.83833333333333,29.09733333333333,34.5,20.814814814814817,45.333333333333336,976.515,SITE 3,EXT
2026-06-28 12:00:00,37.341166666666666,34.54416666666667,32.1295,37.2037037037037,20.90740740740741,39.13333333333333,975.938,SITE 3,EXT
2026-06-28 13:00:00,37.70683333333333,35.14933333333333,32.864,37.407407407407405,20.37037037037037,37.4,975.5836666666667,SITE 3,EXT
2026-06-28 14:00:00,37.406666666666666,34.64083333333333,32.480666666666664,38.57407407407408,20.37037037037037,35.0,974.5716666666667,SITE 3,EXT
2026-06-28 15:00:00,38.56466666666667,36.693666666666665,34.274499999999996,38.2962962962963,20.37037037037037,35.733333333333334,973.119,SITE 3,EXT
2026-06-28 16:00:00,41.59166666666667,40.369,36.60116666666667,38.57407407407407,20.64814814814815,35.666666666666664,972.4733333333334,SITE 3,EXT
2026-06-28 17:00:00,40.4075,38.8865,34.471000000000004,38.94444444444445,20.518518518518523,34.766666666666666,971.8323333333334,SITE 3,EXT
2026-06-28 18:00:00,44.481,42.843333333333334,38.25483333333333,37.25925925925926,20.574074074074076,38.2,972.2926666666666,SITE 3,EXT
2026-06-28 19:00:00,48.56183333333333,47.49616666666667,40.759,36.01851851851852,20.796296296296298,41.36666666666667,973.1650000000001,SITE 3,EXT
2026-06-28 20:00:00,40.42583333333334,39.27316666666666,35.131499999999996,35.22222222222222,20.574074074074076,42.86666666666667,974.3050000000001,SITE 3,EXT
2026-06-28 21:00:00,40.167419354838714,39.262903225806454,36.11790322580645,34.56989247311828,20.609318996415773,44.483870967741936,975.0454838709677,SITE 3,EXT
2026-06-28 22:00:00,39.76983333333333,38.331,35.01316666666666,33.92592592592593,20.703703703703702,46.3,975.5053333333333,SITE 3,EXT
2026-06-28 23:00:00,39.23433333333333,37.699333333333335,34.473499999999994,33.64814814814815,21.037037037037035,47.7,975.7106666666666,SITE 3,EXT
2026-06-29 00:00:00,40.40916666666667,39.34683333333333,35.507333333333335,32.851851851851855,20.87037037037037,50.03333333333333,975.3306666666667,SITE 3,EXT
2026-06-29 01:00:00,36.647333333333336,32.9485,31.63516666666667,28.444444444444446,18.666666666666668,56.1,976.8863333333334,SITE 3,EXT
2026-06-29 02:00:00,34.95466666666667,30.6065,30.151666666666664,27.185185185185187,18.685185185185183,60.13333333333333,975.152,SITE 3,EXT
2026-06-29 03:00:00,36.069833333333335,32.404333333333334,31.753666666666668,26.833333333333332,18.53703703703704,60.96666666666667,974.6476666666666,SITE 3,EXT
2026-06-29 04:00:00,36.7205,33.610166666666665,33.1925,25.90740740740741,18.425925925925927,64.0,974.741,SITE 3,EXT
2026-06-29 05:00:00,37.8805,35.7845,35.181666666666665,25.90740740740741,18.222222222222225,63.5,974.42,SITE 3,EXT
2026-06-29 06:00:00,39.78666666666666,38.57899999999999,37.14866666666667,26.11111111111111,18.333333333333336,62.833333333333336,974.9273333333333,SITE 3,EXT
2026-06-29 07:00:00,40.6055,39.9905,38.31233333333333,26.77777777777778,18.388888888888893,60.733333333333334,975.3576666666667,SITE 3,EXT
2026-06-29 08:00:00,37.90466666666667,35.64666666666667,34.11833333333333,27.796296296296298,18.64814814814815,58.3,975.682,SITE 3,EXT
2026-06-29 09:00:00,76.70533333333333,73.308,53.757666666666665,29.11111111111111,19.074074074074076,55.166666666666664,976.0426666666666,SITE 3,EXT
2026-06-29 10:00:00,54.55866666666667,49.3955,37.0525,31.0,19.85185185185185,51.833333333333336,975.708,SITE 3,EXT
2026-06-29 11:00:00,37.43816666666667,32.40383333333333,29.272499999999997,32.96296296296296,20.40740740740741,48.03333333333333,975.1740000000001,SITE 3,EXT
2026-06-29 12:00:00,34.81677419354838,29.651451612903223,28.479032258064517,34.40860215053764,20.6989247311828,45.193548387096776,975.1406451612903,SITE 3,EXT
2026-06-29 13:00:00,34.0995,29.46033333333333,28.894833333333334,36.166666666666664,20.40740740740741,40.1,974.5083333333333,SITE 3,EXT
2026-06-29 14:00:00,41.0225,38.526500000000006,36.20683333333333,37.277777777777786,20.462962962962965,37.9,973.8323333333334,SITE 3,EXT
2026-06-29 15:00:00,37.416000000000004,34.940333333333335,34.33716666666667,37.42592592592593,20.666666666666668,38.13333333333333,973.4056666666667,SITE 3,EXT
2026-06-29 16:00:00,37.134,34.44983333333333,33.85333333333333,36.851851851851855,20.703703703703702,39.13333333333333,973.1726666666667,SITE 3,EXT
2026-06-29 17:00:00,37.174499999999995,33.85,32.69566666666667,35.851851851851855,20.296296296296298,40.5,973.2693333333334,SITE 3,EXT
2026-06-29 18:00:00,40.157333333333334,38.62016666666667,35.699333333333335,34.111111111111114,20.0,43.93333333333333,973.6389999999999,SITE 3,EXT
2026-06-29 19:00:00,47.75833333333333,46.90333333333333,40.530499999999996,32.57407407407407,20.0,47.93333333333333,974.4633333333334,SITE 3,EXT
2026-06-29 20:00:00,38.766666666666666,36.76316666666666,33.42366666666667,31.685185185185183,19.88888888888889,50.06666666666667,974.9169999999999,SITE 3,EXT
2026-06-29 21:00:00,39.75816666666666,38.21633333333333,33.858333333333334,31.740740740740744,20.425925925925927,51.4,975.4336666666666,SITE 3,EXT
2026-06-29 22:00:00,39.05883333333334,36.70116666666667,32.396,31.61111111111111,20.5,52.0,975.9333333333333,SITE 3,EXT
2026-06-29 23:00:00,41.717999999999996,39.61866666666666,33.902833333333334,31.055555555555557,20.388888888888893,53.53333333333333,976.3856666666667,SITE 3,EXT
2026-06-30 00:00:00,38.75033333333333,36.8225,33.56016666666667,30.444444444444446,20.77777777777778,56.733333333333334,975.681,SITE 3,EXT
2026-06-30 01:00:00,38.79048387096775,37.310645161290324,34.255645161290325,30.07168458781362,20.627240143369175,57.903225806451616,975.3470967741935,SITE 3,EXT
2026-06-30 02:00:00,37.689499999999995,35.30266666666667,32.93516666666667,29.444444444444446,20.462962962962965,58.733333333333334,974.763,SITE 3,EXT
2026-06-30 03:00:00,37.18333333333333,34.31016666666667,32.130833333333335,29.01851851851852,20.25925925925926,59.733333333333334,974.8623333333333,SITE 3,EXT
2026-06-30 04:00:00,37.391666666666666,34.813833333333335,33.316833333333335,28.666666666666668,20.055555555555554,60.4,975.4526666666667,SITE 3,EXT
2026-06-30 05:00:00,36.910999999999994,34.00216666666667,33.1165,28.018518518518523,19.75925925925926,61.56666666666667,975.9966666666667,SITE 3,EXT
2026-06-30 06:00:00,38.086999999999996,36.03516666666667,34.08,27.740740740740744,19.40740740740741,60.86666666666667,976.2183333333334,SITE 3,EXT
2026-06-30 07:00:00,39.53066666666667,38.08233333333333,35.49216666666667,28.0,19.185185185185183,59.36666666666667,976.5866666666666,SITE 3,EXT
2026-06-30 08:00:00,35.32333333333334,30.84283333333333,29.345833333333335,28.925925925925927,19.425925925925927,57.13333333333333,976.987,SITE 3,EXT
2026-06-30 09:00:00,36.7455,33.576,31.911,30.388888888888893,19.90740740740741,53.86666666666667,977.2733333333333,SITE 3,EXT
2026-06-30 10:00:00,34.961999999999996,30.35033333333333,28.611833333333333,31.64814814814815,20.166666666666668,50.93333333333333,977.0543333333334,SITE 3,EXT
2026-06-30 11:00:00,35.74016666666667,31.334333333333333,29.904333333333334,33.44444444444444,20.555555555555557,47.1,976.4163333333333,SITE 3,EXT
2026-06-30 12:00:00,35.950833333333335,32.252833333333335,31.349333333333334,35.46296296296296,20.85185185185185,42.8,975.925,SITE 3,EXT
2026-06-30 13:00:00,37.16316666666667,34.52733333333333,33.756166666666665,37.07407407407407,21.0,39.56666666666667,975.1773333333333,SITE 3,EXT
2026-06-30 14:00:00,37.57216666666667,35.282666666666664,34.46333333333334,38.03703703703704,20.962962962962965,37.53333333333333,974.3623333333333,SITE 3,EXT
2026-06-30 15:00:00,32.347096774193545,26.897096774193546,25.654032258064515,39.21146953405018,20.967741935483872,35.064516129032256,973.4377419354838,SITE 3,EXT
2026-06-30 16:00:00,32.79966666666667,27.333333333333332,26.130666666666666,39.07407407407407,20.444444444444446,34.13333333333333,972.802,SITE 3,EXT
2026-06-30 17:00:00,38.682,35.3045,32.1175,38.18518518518519,20.61111111111111,36.266666666666666,972.715,SITE 3,EXT
2026-06-30 18:00:00,45.122166666666665,43.85133333333333,39.0595,35.7962962962963,20.592592592592595,41.63333333333333,973.173,SITE 3,EXT
2026-06-30 19:00:00,61.30466666666667,59.660833333333336,47.225166666666674,34.074074074074076,20.944444444444446,46.63333333333333,973.8373333333333,SITE 3,EXT
2026-06-30 20:00:00,44.685833333333335,43.25866666666666,36.16716666666667,33.81481481481482,21.296296296296298,48.46666666666667,975.0686666666667,SITE 3,EXT
2026-06-30 21:00:00,41.40116666666667,39.820166666666665,34.46333333333334,33.0,21.38888888888889,50.8,975.5939999999999,SITE 3,EXT
2026-06-30 22:00:00,39.37033333333333,36.99016666666667,32.303000000000004,32.12962962962963,21.037037037037035,52.333333333333336,976.1036666666666,SITE 3,EXT
2026-06-30 23:00:00,37.52571428571429,34.66857142857143,30.87517857142857,31.34920634920635,20.793650793650794,54.035714285714285,976.4817857142858,SITE 3,EXT
2026-07-01 00:00:00,36.541333333333334,33.097166666666666,29.797166666666666,31.111111111111118,20.796296296296298,54.766666666666666,976.5893333333333,SITE 3,EXT
2026-07-01 01:00:00,35.958333333333336,32.073166666666665,29.889833333333335,29.796296296296298,20.074074074074076,56.4,976.4106666666667,SITE 3,EXT
2026-07-01 02:00:00,33.31216666666667,28.005999999999997,27.211000000000002,28.40740740740741,19.62962962962963,59.46666666666667,975.724,SITE 3,EXT
2026-07-01 03:00:00,34.22183333333333,29.419666666666668,28.718500000000002,28.88888888888889,19.48148148148148,57.4,975.3443333333333,SITE 3,EXT
2026-07-01 04:00:00,35.491499999999995,31.426,29.831000000000003,28.48148148148148,19.64814814814815,59.4,974.894,SITE 3,EXT
2026-07-01 05:00:00,37.7065,35.341499999999996,32.882,28.296296296296298,20.240740740740744,62.46666666666667,975.3026666666667,SITE 3,EXT
2026-07-01 06:00:00,42.853500000000004,42.43283333333333,38.98316666666666,28.333333333333336,20.574074074074076,63.833333333333336,976.0543333333334,SITE 3,EXT
2026-07-01 07:00:00,42.40833333333333,41.99083333333333,38.458999999999996,28.703703703703702,20.814814814814817,62.86666666666667,976.2786666666667,SITE 3,EXT
2026-07-01 08:00:00,40.628,39.93366666666667,36.70016666666667,29.01851851851852,20.740740740740744,61.56666666666667,976.8056666666666,SITE 3,EXT
2026-07-01 09:00:00,39.0465,37.569833333333335,34.82783333333334,29.90740740740741,20.62962962962963,58.13333333333333,976.9416666666667,SITE 3,EXT
2026-07-01 10:00:00,49.7445,47.12866666666667,38.89933333333333,31.166666666666668,20.53703703703704,53.766666666666666,976.765,SITE 3,EXT
2026-07-01 11:00:00,37.8935,35.365,32.736333333333334,32.31481481481482,20.555555555555557,50.3,976.6116666666666,SITE 3,EXT
2026-07-01 12:00:00,36.193333333333335,32.34916666666667,30.019000000000002,34.38888888888889,20.64814814814815,45.0,976.0163333333334,SITE 3,EXT
2026-07-01 13:00:00,35.150000000000006,30.613870967741935,28.47193548387097,35.412186379928315,20.788530465949822,42.96774193548387,975.4525806451612,SITE 3,EXT
2026-07-01 14:00:00,34.028,29.0865,27.378333333333334,35.833333333333336,20.925925925925927,42.06666666666667,974.934,SITE 3,EXT
2026-07-01 15:00:00,36.76649999999999,33.672666666666665,32.19383333333333,37.12962962962963,20.72222222222222,38.63333333333333,974.4163333333333,SITE 3,EXT
2026-07-01 16:00:00,39.4795,38.2225,36.383,37.53703703703704,20.462962962962965,37.46666666666667,974.1866666666666,SITE 3,EXT
2026-07-01 17:00:00,40.98116666666667,39.0615,36.27183333333333,36.7962962962963,19.87037037037037,37.5,974.4176666666666,SITE 3,EXT
2026-07-01 18:00:00,38.634,36.275333333333336,33.416000000000004,35.27777777777778,20.0,41.1,974.6193333333334,SITE 3,EXT
2026-07-01 19:00:00,47.917833333333334,47.354166666666664,42.43666666666666,34.01851851851852,20.425925925925927,45.2,975.0073333333333,SITE 3,EXT
2026-07-01 20:00:00,51.482,49.016,40.44083333333333,32.96296296296296,20.25925925925926,47.53333333333333,975.6076666666667,SITE 3,EXT
2026-07-01 21:00:00,38.04383333333333,35.51616666666667,31.771,32.592592592592595,20.462962962962965,49.266666666666666,976.4136666666667,SITE 3,EXT
2026-07-01 22:00:00,37.82,35.21266666666667,31.3235,31.925925925925927,20.518518518518523,51.03333333333333,976.7703333333334,SITE 3,EXT
2026-07-01 23:00:00,36.8295,33.64516666666667,30.080499999999997,31.25925925925926,20.62962962962963,53.766666666666666,976.8096666666667,SITE 3,EXT
2026-07-02 00:00:00,38.375166666666665,36.15716666666666,32.31333333333333,31.03703703703704,20.77777777777778,54.86666666666667,976.5823333333334,SITE 3,EXT
2026-07-02 01:00:00,39.04116666666666,37.128166666666665,34.2555,30.388888888888893,20.62962962962963,56.6,976.0283333333333,SITE 3,EXT
2026-07-02 02:00:00,40.535833333333336,39.61833333333333,36.319833333333335,29.722222222222225,20.518518518518523,58.666666666666664,975.9713333333333,SITE 3,EXT
2026-07-02 03:00:00,38.40774193548387,36.58806451612903,33.858064516129026,29.31899641577061,20.6989247311828,60.38709677419355,975.9958064516129,SITE 3,EXT
2026-07-02 04:00:00,38.74466666666667,37.1705,34.199,28.425925925925927,20.53703703703704,62.96666666666667,976.056,SITE 3,EXT
2026-07-02 05:00:00,40.2935,39.468833333333336,36.08533333333333,28.31481481481482,20.518518518518523,62.53333333333333,976.5286666666667,SITE 3,EXT
2026-07-02 06:00:00,40.632,39.97866666666666,36.11,28.31481481481482,20.53703703703704,63.1,977.2446666666667,SITE 3,EXT
2026-07-02 07:00:00,48.18216666666667,47.24783333333333,39.881,28.555555555555557,20.48148148148148,62.03333333333333,977.553,SITE 3,EXT
2026-07-02 08:00:00,42.77383333333333,41.91566666666667,37.393,29.27777777777778,20.37037037037037,59.06666666666667,977.965,SITE 3,EXT
2026-07-02 09:00:00,38.455666666666666,36.089166666666664,32.7905,30.48148148148148,20.388888888888893,55.03333333333333,978.284,SITE 3,EXT
2026-07-02 10:00:00,35.216833333333334,30.852166666666665,28.22233333333333,31.555555555555557,20.27777777777778,51.733333333333334,978.181,SITE 3,EXT
2026-07-02 11:00:00,36.4,32.941833333333335,30.497166666666665,32.72222222222222,20.185185185185183,48.13333333333333,977.8870000000001,SITE 3,EXT
2026-07-02 12:00:00,36.669666666666664,33.51,31.399,35.24074074074074,20.462962962962965,42.333333333333336,977.4456666666666,SITE 3,EXT
2026-07-02 13:00:00,37.3735,34.91133333333333,33.0385,37.666666666666664,20.48148148148148,37.233333333333334,976.5446666666667,SITE 3,EXT
2026-07-02 14:00:00,36.18933333333334,32.406666666666666,30.298333333333336,37.88888888888889,20.333333333333332,36.266666666666666,975.6636666666667,SITE 3,EXT
2026-07-02 15:00:00,34.717,30.18933333333333,28.503333333333334,39.166666666666664,20.0,33.2,975.1686666666667,SITE 3,EXT
2026-07-02 16:00:00,35.808,31.940166666666666,30.0095,38.87037037037037,19.944444444444446,33.56666666666667,974.8330000000001,SITE 3,EXT
2026-07-02 17:00:00,36.457166666666666,33.0785,30.877166666666668,37.51851851851852,19.62962962962963,35.43333333333333,974.7180000000001,SITE 3,EXT
2026-07-02 18:00:00,40.64048387096774,39.145483870967745,34.79096774193548,36.487455197132626,20.0,38.483870967741936,974.6167741935484,SITE 3,EXT
2026-07-02 19:00:00,52.471000000000004,50.45633333333333,42.088499999999996,34.25925925925926,20.37037037037037,44.833333333333336,975.1246666666667,SITE 3,EXT
2026-07-02 20:00:00,40.958333333333336,39.57033333333333,34.73966666666667,32.07407407407407,22.25925925925926,56.6,975.8296666666666,SITE 3,EXT
2026-07-02 21:00:00,47.7255,47.0235,39.49216666666667,32.48148148148148,22.796296296296298,57.166666666666664,976.19,SITE 3,EXT
2026-07-02 22:00:00,39.02516666666667,37.468333333333334,32.911500000000004,32.03703703703704,22.037037037037035,56.1,976.6136666666666,SITE 3,EXT
2026-07-02 23:00:00,38.18816666666667,36.13033333333333,32.529833333333336,31.40740740740741,21.75925925925926,57.0,976.827,SITE 3,EXT
2026-07-03 00:00:00,37.896166666666666,35.596000000000004,32.657666666666664,30.722222222222225,21.27777777777778,57.733333333333334,976.6236666666666,SITE 3,EXT
2026-07-03 01:00:00,37.07983333333333,34.23016666666667,31.779833333333332,30.12962962962963,21.037037037037035,58.666666666666664,976.277,SITE 3,EXT
2026-07-03 02:00:00,36.18233333333333,32.64183333333333,30.468833333333336,29.333333333333332,20.62962962962963,60.03333333333333,975.7936666666667,SITE 3,EXT
2026-07-03 03:00:00,37.440000000000005,34.891666666666666,32.446,28.90740740740741,20.40740740740741,60.43333333333333,975.5456666666666,SITE 3,EXT
2026-07-03 04:00:00,37.71266666666667,35.357166666666664,32.931333333333335,28.88888888888889,20.555555555555557,61.06666666666667,975.88,SITE 3,EXT
2026-07-03 05:00:00,38.19883333333333,36.03366666666667,32.656666666666666,28.351851851851855,20.35185185185185,62.46666666666667,975.9813333333333,SITE 3,EXT
2026-07-03 06:00:00,40.44583333333333,39.69533333333333,35.321000000000005,27.833333333333332,20.11111111111111,63.96666666666667,976.1823333333334,SITE 3,EXT
2026-07-03 07:00:00,41.43216666666667,40.845166666666664,36.46816666666667,28.03703703703704,20.425925925925927,64.03333333333333,976.7236666666666,SITE 3,EXT
2026-07-03 08:00:00,40.21566666666667,39.428,35.538333333333334,28.925925925925927,20.61111111111111,61.53333333333333,976.9446666666666,SITE 3,EXT
2026-07-03 09:00:00,39.9045,38.044666666666664,34.18233333333333,30.48148148148148,20.925925925925927,57.233333333333334,977.1323333333333,SITE 3,EXT
2026-07-03 10:00:00,37.142500000000005,34.36516666666667,31.62,32.51851851851852,21.37037037037037,52.266666666666666,977.579,SITE 3,EXT
2026-07-03 11:00:00,35.950500000000005,32.4405,30.388333333333332,31.851851851851855,20.64814814814815,52.166666666666664,977.4566666666667,SITE 3,EXT
2026-07-03 12:00:00,33.351,28.12,27.046666666666667,30.62962962962963,20.037037037037035,53.766666666666666,976.437,SITE 3,EXT
2026-07-03 13:00:00,33.282833333333336,28.0575,27.303166666666666,33.74074074074074,19.833333333333332,44.5,975.294,SITE 3,EXT
2026-07-03 14:00:00,35.3365,31.3415,30.9375,36.22222222222222,20.037037037037035,39.06666666666667,974.6536666666667,SITE 3,EXT
2026-07-03 15:00:00,36.169,32.46216666666667,31.843,36.351851851851855,19.555555555555557,37.8,974.3713333333333,SITE 3,EXT
2026-07-03 16:00:00,37.674166666666665,34.35883333333334,32.907833333333336,35.57407407407407,19.85185185185185,39.93333333333333,973.9509999999999,SITE 3,EXT
2026-07-03 17:00:00,37.611774193548385,34.83032258064516,33.527741935483874,34.60573476702509,19.229390681003583,40.58064516129032,973.9693548387097,SITE 3,EXT
2026-07-03 18:00:00,38.57733333333333,36.34283333333334,34.206,33.66666666666667,20.685185185185183,46.93333333333333,974.169,SITE 3,EXT
2026-07-03 19:00:00,37.640166666666666,35.016,32.512166666666666,32.833333333333336,20.833333333333332,49.63333333333333,975.7253333333333,SITE 3,EXT
2026-07-03 20:00:00,31.804333333333332,26.52,25.115833333333335,29.314814814814817,18.740740740740744,53.3,977.9686666666668,SITE 3,EXT
2026-07-03 21:00:00,32.874,27.657666666666668,26.927500000000002,28.092592592592595,18.98148148148148,58.5,978.0436666666667,SITE 3,EXT
2026-07-03 22:00:00,33.72516666666667,28.735166666666668,28.349833333333333,27.592592592592595,19.48148148148148,61.9,978.3486666666666,SITE 3,EXT
2026-07-03 23:00:00,34.118,29.508,28.5595,28.203703703703706,19.296296296296298,58.86666666666667,977.552,SITE 3,EXT
2026-07-04 00:00:00,33.8285,28.815333333333335,28.1675,27.5,18.592592592592595,58.96666666666667,975.6436666666667,SITE 3,EXT
2026-07-04 01:00:00,34.32216666666667,29.56066666666667,28.8165,28.0,19.203703703703706,59.2,975.054,SITE 3,EXT
2026-07-04 02:00:00,34.200500000000005,29.365166666666667,28.632,27.944444444444446,19.314814814814817,60.233333333333334,973.9313333333333,SITE 3,EXT
2026-07-04 03:00:00,34.6975,30.206,29.075166666666668,27.740740740740744,19.425925925925927,61.93333333333333,974.3456666666666,SITE 3,EXT
2026-07-04 04:00:00,34.18233333333333,29.436,28.840666666666667,27.75925925925926,19.425925925925927,61.4,975.1413333333333,SITE 3,EXT
2026-07-04 05:00:00,34.10783333333333,29.2655,28.191,26.870370370370374,19.518518518518523,64.9,976.0526666666667,SITE 3,EXT
2026-07-04 06:00:00,37.18516666666667,34.30216666666667,31.799833333333332,26.98148148148148,19.685185185185183,65.13333333333334,976.6296666666666,SITE 3,EXT
2026-07-04 07:00:00,36.93370967741935,33.22548387096774,31.051774193548386,28.172043010752688,19.874551971326163,61.25806451612903,976.8451612903226,SITE 3,EXT
2026-07-04 08:00:00,35.162666666666674,30.8685,29.634166666666665,28.833333333333332,19.64814814814815,58.2,977.0813333333333,SITE 3,EXT
2026-07-04 09:00:00,36.277,32.7565,30.858833333333333,29.90740740740741,19.925925925925927,55.46666666666667,977.4473333333334,SITE 3,EXT
2026-07-04 10:00:00,35.743500000000004,31.764499999999998,30.29866666666667,29.722222222222225,19.85185185185185,55.733333333333334,977.518,SITE 3,EXT
2026-07-04 11:00:00,35.75233333333333,31.872166666666665,30.560166666666664,30.333333333333332,19.944444444444446,54.333333333333336,977.5003333333333,SITE 3,EXT
2026-07-04 12:00:00,34.5015,29.9025,28.388666666666666,31.425925925925927,20.12962962962963,51.63333333333333,977.1443333333334,SITE 3,EXT
2026-07-04 13:00:00,36.0755,32.47683333333334,31.36116666666667,32.44444444444444,20.240740740740744,48.96666666666667,976.6073333333334,SITE 3,EXT
2026-07-04 14:00:00,35.86333333333334,32.148,31.01516666666667,32.7962962962963,20.444444444444446,48.43333333333333,976.275,SITE 3,EXT
2026-07-04 15:00:00,34.77883333333333,30.3325,29.355166666666666,34.14814814814815,20.75925925925926,45.833333333333336,975.5823333333334,SITE 3,EXT
2026-07-04 16:00:00,37.8825,35.733666666666664,34.467666666666666,35.833333333333336,20.944444444444446,42.266666666666666,975.3259999999999,SITE 3,EXT
2026-07-04 17:00:00,36.83883333333333,33.811166666666665,32.42733333333333,34.87037037037037,20.814814814814817,44.333333333333336,975.635,SITE 3,EXT
2026-07-04 18:00:00,39.483,37.81033333333333,35.11483333333333,34.05555555555556,20.666666666666668,45.96666666666667,975.8696666666667,SITE 3,EXT
2026-07-04 19:00:00,49.00866666666666,48.28933333333334,42.0125,33.03703703703704,20.796296296296298,48.93333333333333,976.0783333333333,SITE 3,EXT
2026-07-04 20:00:00,62.95133333333333,61.26416666666667,50.3065,32.388888888888886,21.01851851851852,51.766666666666666,976.6263333333334,SITE 3,EXT
2026-07-04 21:00:00,78.765,76.55116666666666,59.54816666666667,32.07407407407407,21.25925925925926,53.36666666666667,977.0166666666667,SITE 3,EXT
2026-07-04 22:00:00,74.94583333333334,72.873,57.127833333333335,31.25925925925926,21.462962962962965,56.46666666666667,977.1453333333334,SITE 3,EXT
2026-07-04 23:00:00,41.19193548387097,39.95645161290323,35.25306451612904,30.64516129032258,20.87813620071685,56.54838709677419,977.2629032258066,SITE 3,EXT
2026-07-05 00:00:00,38.501666666666665,36.46033333333333,33.22366666666667,30.444444444444446,21.0,57.3,977.1383333333334,SITE 3,EXT
2026-07-05 01:00:00,37.82566666666666,35.535833333333336,32.713499999999996,29.64814814814815,20.685185185185183,59.266666666666666,976.745,SITE 3,EXT
2026-07-05 02:00:00,37.31766666666667,34.61333333333334,32.231,29.53703703703704,20.722222222222225,59.6,976.3513333333334,SITE 3,EXT
2026-07-05 03:00:00,37.480000000000004,34.975,32.45933333333333,29.444444444444446,20.925925925925927,60.43333333333333,976.185,SITE 3,EXT
2026-07-05 04:00:00,37.661500000000004,35.24983333333333,32.747,29.055555555555557,20.685185185185183,61.03333333333333,976.0333333333333,SITE 3,EXT
2026-07-05 05:00:00,41.30716666666667,40.04816666666667,35.86299999999999,28.88888888888889,20.25925925925926,60.46666666666667,976.2639999999999,SITE 3,EXT
2026-07-05 06:00:00,63.765,62.673,51.438,28.88888888888889,20.518518518518523,60.833333333333336,976.6426666666666,SITE 3,EXT
2026-07-05 07:00:00,57.11666666666667,56.321333333333335,47.9475,29.351851851851855,20.833333333333332,60.5,977.0310000000001,SITE 3,EXT
2026-07-05 08:00:00,40.85733333333334,38.8065,35.044,29.962962962962965,20.666666666666668,58.03333333333333,977.1113333333334,SITE 3,EXT
2026-07-05 09:00:00,75.47866666666667,70.84066666666666,48.29866666666667,31.11111111111111,20.425925925925927,53.56666666666667,977.4293333333334,SITE 3,EXT
2026-07-05 10:00:00,38.084666666666664,35.30866666666667,33.6585,33.148148148148145,20.37037037037037,47.5,977.025,SITE 3,EXT
2026-07-05 11:00:00,40.22533333333333,38.02833333333333,35.80383333333334,35.01851851851852,20.333333333333332,42.666666666666664,976.4926666666667,SITE 3,EXT
2026-07-05 12:00:00,39.45816666666666,38.512166666666666,37.29316666666667,36.62962962962963,20.37037037037037,39.2,975.8846666666667,SITE 3,EXT
2026-07-05 13:00:00,36.67645161290323,33.47161290322581,32.10354838709677,38.31541218637993,20.86021505376344,36.67741935483871,975.1035483870968,SITE 3,EXT
2026-07-05 14:00:00,34.93066666666667,30.5165,29.047,40.27777777777778,20.703703703703702,32.56666666666667,974.1616666666666,SITE 3,EXT
2026-07-05 15:00:00,35.885,32.11566666666667,30.663166666666665,40.777777777777786,20.296296296296298,31.033333333333335,973.5646666666667,SITE 3,EXT
2026-07-05 16:00:00,35.5235,31.426166666666667,29.726666666666667,39.81481481481481,20.055555555555554,32.166666666666664,973.453,SITE 3,EXT
2026-07-05 17:00:00,36.45883333333334,33.01416666666667,30.600666666666665,39.12962962962963,20.01851851851852,33.233333333333334,973.5676666666666,SITE 3,EXT
2026-07-05 18:00:00,43.18116666666666,41.42550000000001,37.07,37.833333333333336,19.85185185185185,35.53333333333333,974.0743333333334,SITE 3,EXT
2026-07-05 19:00:00,53.296166666666664,52.029,43.815333333333335,36.851851851851855,20.833333333333332,39.766666666666666,974.7463333333333,SITE 3,EXT
2026-07-05 20:00:00,42.2975,41.61866666666666,37.14833333333333,35.351851851851855,21.037037037037035,43.7,975.101,SITE 3,EXT
2026-07-05 21:00:00,40.403,39.556333333333335,35.90983333333334,34.37037037037037,21.35185185185185,47.1,975.619,SITE 3,EXT
2026-07-05 22:00:00,38.978833333333334,37.443,34.318666666666665,33.333333333333336,21.166666666666668,49.266666666666666,975.7626666666667,SITE 3,EXT
2026-07-05 23:00:00,37.150666666666666,34.22033333333333,31.3415,32.166666666666664,21.22222222222222,52.733333333333334,975.865,SITE 3,EXT
2026-07-06 00:00:00,35.377500000000005,31.125166666666665,28.419333333333334,31.666666666666668,21.11111111111111,54.63333333333333,975.8006666666666,SITE 3,EXT
2026-07-06 01:00:00,35.848,32.05566666666667,29.677666666666667,31.203703703703706,21.462962962962965,56.6,975.6176666666667,SITE 3,EXT
2026-07-06 02:00:00,36.3375,32.9845,30.758166666666668,31.055555555555557,21.61111111111111,57.233333333333334,975.4646666666666,SITE 3,EXT
2026-07-06 03:00:00,36.935967741935485,33.94161290322581,31.489032258064515,30.376344086021508,21.164874551971327,58.645161290322584,975.2035483870968,SITE 3,EXT
2026-07-06 04:00:00,39.5635,38.019,34.842666666666666,29.814814814814817,21.296296296296298,60.7,974.957,SITE 3,EXT
2026-07-06 05:00:00,40.70316666666667,39.82166666666667,36.872,29.40740740740741,21.12962962962963,61.8,974.9246666666667,SITE 3,EXT
2026-07-06 06:00:00,40.844500000000004,40.05216666666667,36.2105,28.833333333333332,21.037037037037035,63.53333333333333,975.0086666666667,SITE 3,EXT
2026-07-06 07:00:00,39.218666666666664,37.79083333333333,34.5955,29.074074074074076,21.0,62.56666666666667,976.163,SITE 3,EXT
2026-07-06 08:00:00,39.204166666666666,37.814166666666665,35.1535,29.962962962962965,21.11111111111111,59.666666666666664,976.4506666666667,SITE 3,EXT
2026-07-06 09:00:00,38.73350000000001,36.66433333333334,34.225833333333334,30.851851851851855,21.037037037037035,56.333333333333336,976.3046666666667,SITE 3,EXT
2026-07-06 10:00:00,37.04766666666667,33.913,31.737666666666666,31.25925925925926,22.01851851851852,58.5,976.2333333333333,SITE 3,EXT
2026-07-06 11:00:00,35.7015,31.876666666666665,29.931333333333335,31.796296296296298,21.740740740740744,55.8,975.7823333333333,SITE 3,EXT
2026-07-06 12:00:00,37.1595,34.392,32.467,33.31481481481482,21.925925925925927,51.56666666666667,975.4473333333333,SITE 3,EXT
2026-07-06 13:00:00,38.81783333333333,37.35916666666667,35.391,34.57407407407407,21.925925925925927,48.1,974.9259999999999,SITE 3,EXT
2026-07-06 14:00:00,36.37133333333334,33.00683333333333,31.148500000000002,35.11111111111111,21.24074074074074,44.86666666666667,974.548,SITE 3,EXT
2026-07-06 15:00:00,36.1065,32.499,30.699333333333335,36.907407407407405,21.296296296296298,40.733333333333334,973.288,SITE 3,EXT
2026-07-06 16:00:00,39.604,38.25466666666667,35.994,37.407407407407405,21.092592592592595,39.333333333333336,973.3430000000001,SITE 3,EXT
2026-07-06 17:00:00,41.9945,41.3195,37.7825,36.37037037037037,20.592592592592595,40.06666666666667,974.0453333333334,SITE 3,EXT
2026-07-06 18:00:00,47.83693548387097,46.91225806451613,40.58725806451613,34.82078853046595,20.627240143369175,43.903225806451616,974.8632258064515,SITE 3,EXT
2026-07-06 19:00:00,52.36816666666667,51.31583333333333,42.254333333333335,33.88888888888889,20.962962962962965,47.233333333333334,975.1536666666667,SITE 3,EXT
2026-07-06 20:00:00,42.767,42.04083333333333,36.01583333333333,33.074074074074076,20.703703703703702,48.6,975.6596666666667,SITE 3,EXT
2026-07-06 21:00:00,39.8425,38.459666666666664,33.903666666666666,32.44444444444444,20.685185185185183,50.36666666666667,976.121,SITE 3,EXT
2026-07-06 22:00:00,37.609,35.074,31.743666666666666,31.833333333333332,20.61111111111111,52.06666666666667,976.5346666666667,SITE 3,EXT
2026-07-06 23:00:00,39.1785,36.75333333333333,32.29833333333333,31.666666666666668,20.925925925925927,53.266666666666666,976.2643333333333,SITE 3,EXT
2026-07-07 00:00:00,39.04883333333333,37.178666666666665,32.32783333333334,31.351851851851855,21.074074074074073,54.53333333333333,976.3156666666667,SITE 3,EXT
2026-07-07 01:00:00,41.811166666666665,40.53066666666667,34.60616666666667,31.03703703703704,21.037037037037035,56.03333333333333,976.0550000000001,SITE 3,EXT
2026-07-07 02:00:00,40.09916666666666,38.746833333333335,34.618833333333335,30.555555555555557,20.64814814814815,56.6,975.9073333333333,SITE 3,EXT
2026-07-07 03:00:00,42.07516666666667,41.2035,37.062999999999995,30.53703703703704,21.09259259259259,57.266666666666666,976.053,SITE 3,EXT
2026-07-07 04:00:00,44.29516666666667,43.824,39.9655,29.88888888888889,20.90740740740741,59.13333333333333,976.228,SITE 3,EXT
2026-07-07 05:00:00,44.36483333333333,43.59683333333333,39.5145,29.40740740740741,20.592592592592595,60.03333333333333,976.7313333333333,SITE 3,EXT
2026-07-07 06:00:00,42.855,42.26717391304348,37.32826086956521,28.91304347826087,20.57971014492754,61.30434782608695,977.3973913043478,SITE 3,EXT
