datetime,PM10,PM25,PM1,temp_c,dewpoint_c,humidity,pressure_hpa,site,location
2026-02-14 14:00:00,30.121923076923075,27.891923076923078,18.618076923076924,38.80341880341881,14.18803418803419,23.53846153846154,966.2038461538461,SITE 10,EXT
2026-02-14 15:00:00,45.930166666666665,41.77133333333334,24.824333333333335,42.18518518518519,13.185185185185187,18.033333333333335,965.5753333333333,SITE 10,EXT
2026-02-14 16:00:00,32.585,30.04866666666667,20.5965,41.351851851851855,12.38888888888889,18.066666666666666,965.2983333333334,SITE 10,EXT
2026-02-14 17:00:00,34.92966666666666,31.505333333333333,21.367,40.7962962962963,12.462962962962964,18.7,965.3816666666667,SITE 10,EXT
2026-02-14 18:00:00,62.772666666666666,53.26116666666667,35.5285,39.407407407407405,12.962962962962964,20.766666666666666,965.992,SITE 10,EXT
2026-02-14 19:00:00,94.52338709677419,88.79064516129033,57.839838709677416,38.01075268817205,14.39068100358423,24.548387096774192,966.9251612903225,SITE 10,EXT
2026-02-14 20:00:00,94.59983333333334,89.627,58.939166666666665,37.0,13.74074074074074,24.933333333333334,967.8516666666667,SITE 10,EXT
2026-02-14 21:00:00,88.75583333333334,81.141,51.87316666666666,36.14814814814815,14.018518518518517,26.733333333333334,968.544,SITE 10,EXT
2026-02-14 22:00:00,47.30333333333333,40.242,26.540666666666667,35.18518518518519,14.074074074074074,28.333333333333332,968.6943333333334,SITE 10,EXT
2026-02-14 23:00:00,35.6265,32.14483333333333,21.282500000000002,34.18518518518519,13.925925925925926,29.566666666666666,968.6866666666666,SITE 10,EXT
2026-02-15 00:00:00,35.3545,32.0915,21.534499999999998,32.87037037037037,14.833333333333334,34.03333333333333,968.3216666666667,SITE 10,EXT
2026-02-15 01:00:00,40.89883333333333,35.51266666666666,23.591333333333335,31.833333333333332,16.11111111111111,39.03333333333333,968.1466666666668,SITE 10,EXT
2026-02-15 02:00:00,36.17967741935484,32.740645161290324,22.09983870967742,30.87813620071685,16.810035842293907,42.83870967741935,968.3403225806452,SITE 10,EXT
2026-02-15 03:00:00,31.9445,30.18566666666667,20.63266666666667,30.444444444444446,16.77777777777778,44.2,968.4733333333334,SITE 10,EXT
2026-02-15 04:00:00,30.078,28.176166666666667,18.968833333333336,29.833333333333332,16.90740740740741,46.233333333333334,968.524,SITE 10,EXT
2026-02-15 05:00:00,27.9815,26.979666666666667,18.492166666666666,29.444444444444446,17.166666666666668,47.733333333333334,968.7080000000001,SITE 10,EXT
2026-02-15 06:00:00,36.20816666666666,32.942166666666665,22.1155,28.944444444444446,17.203703703703702,49.5,969.26,SITE 10,EXT
2026-02-15 07:00:00,48.076,40.4995,26.315,29.333333333333332,17.574074074074073,49.733333333333334,969.9240000000001,SITE 10,EXT
2026-02-15 08:00:00,29.552166666666665,27.889166666666664,18.772,30.814814814814817,18.12962962962963,47.3,970.5266666666666,SITE 10,EXT
2026-02-15 09:00:00,25.67854838709677,24.774516129032257,16.73483870967742,32.45519713261648,18.942652329749105,45.193548387096776,970.9370967741935,SITE 10,EXT
2026-02-15 10:00:00,23.580666666666666,22.6725,15.324833333333334,32.98148148148148,19.0,44.13333333333333,971.1596666666667,SITE 10,EXT
2026-02-15 11:00:00,25.415333333333333,24.615333333333336,16.883,35.166666666666664,19.27777777777778,39.6,970.746,SITE 10,EXT
2026-02-15 12:00:00,27.073833333333333,26.110166666666665,17.91916666666667,37.44444444444444,19.092592592592595,34.266666666666666,969.7863333333333,SITE 10,EXT
2026-02-15 13:00:00,27.0065,25.98116666666667,17.90666666666667,39.2037037037037,18.5,30.166666666666668,968.9060000000001,SITE 10,EXT
2026-02-15 14:00:00,26.065333333333335,24.960833333333333,17.373,39.88888888888889,18.222222222222225,28.6,967.9363333333333,SITE 10,EXT
2026-02-15 15:00:00,32.36633333333334,28.0155,17.458000000000002,38.62962962962963,17.11111111111111,28.533333333333335,967.4846666666667,SITE 10,EXT
2026-02-15 16:00:00,36.54806451612903,32.163387096774194,21.031774193548387,31.218637992831543,18.745519713261647,48.32258064516129,969.0558064516129,SITE 10,EXT
2026-02-15 17:00:00,51.12133333333334,43.98516666666667,28.971666666666668,31.48148148148148,20.0,50.9,969.269,SITE 10,EXT
2026-02-15 18:00:00,18.679,18.052833333333336,12.415,28.425925925925927,18.333333333333332,54.9,969.8439999999999,SITE 10,EXT
2026-02-15 19:00:00,19.617,18.985166666666665,13.147,28.203703703703706,17.61111111111111,52.96666666666667,970.5693333333334,SITE 10,EXT
2026-02-15 20:00:00,25.233666666666668,24.165833333333335,16.328666666666667,27.11111111111111,18.222222222222225,58.766666666666666,972.6003333333333,SITE 10,EXT
2026-02-15 21:00:00,35.85766666666667,32.24316666666667,21.930999999999997,27.48148148148148,19.074074074074076,60.9,973.8073333333334,SITE 10,EXT
2026-02-15 22:00:00,27.371166666666667,26.215,17.727500000000003,27.64814814814815,19.62962962962963,62.13333333333333,974.8993333333333,SITE 10,EXT
2026-02-15 23:00:00,28.535,27.198870967741936,18.230483870967742,27.77777777777778,19.928315412186382,62.354838709677416,974.3167741935483,SITE 10,EXT
2026-02-16 00:00:00,40.466166666666666,36.915166666666664,24.141000000000002,27.77777777777778,19.98148148148148,62.63333333333333,972.564,SITE 10,EXT
2026-02-16 01:00:00,51.774166666666666,47.510999999999996,31.397,28.203703703703706,19.796296296296298,60.733333333333334,970.8433333333334,SITE 10,EXT
2026-02-16 02:00:00,40.389333333333326,35.36633333333334,23.49566666666667,28.333333333333336,19.703703703703702,60.233333333333334,970.1216666666667,SITE 10,EXT
2026-02-16 03:00:00,33.10033333333333,30.731333333333335,20.274333333333335,28.333333333333336,19.925925925925927,60.766666666666666,970.4266666666666,SITE 10,EXT
2026-02-16 04:00:00,32.113166666666665,30.264166666666664,20.3345,28.333333333333336,19.0,58.03333333333333,970.6893333333334,SITE 10,EXT
2026-02-16 05:00:00,44.99166666666667,39.11266666666667,26.20266666666667,28.018518518518523,17.925925925925927,54.53333333333333,971.0509999999999,SITE 10,EXT
2026-02-16 06:00:00,63.391129032258064,54.17370967741935,35.347419354838706,27.77777777777778,16.11111111111111,49.67741935483871,971.9848387096774,SITE 10,EXT
2026-02-16 07:00:00,67.50316666666667,57.888333333333335,37.187,27.888888888888893,13.851851851851853,42.56666666666667,972.869,SITE 10,EXT
2026-02-16 08:00:00,51.75033333333333,39.58016666666666,21.437,29.222222222222225,9.24074074074074,28.933333333333334,973.6293333333334,SITE 10,EXT
2026-02-16 09:00:00,54.275666666666666,39.899833333333326,19.586666666666666,30.703703703703706,6.444444444444445,21.666666666666668,974.2109999999999,SITE 10,EXT
2026-02-16 10:00:00,48.2705,35.861,17.077166666666667,32.40740740740741,6.944444444444445,20.433333333333334,974.1236666666666,SITE 10,EXT
2026-02-16 11:00:00,38.82633333333333,29.7415,12.917,34.53703703703704,5.296296296296296,16.2,973.4083333333333,SITE 10,EXT
2026-02-16 12:00:00,30.454,24.245333333333335,10.233166666666667,36.42592592592593,3.462962962962963,12.7,972.245,SITE 10,EXT
2026-02-16 13:00:00,27.475161290322582,22.10725806451613,9.613387096774193,37.93906810035842,2.867383512544803,11.03225806451613,971.0712903225806,SITE 10,EXT
2026-02-16 14:00:00,25.817166666666665,20.757333333333335,9.075,39.111111111111114,2.7222222222222223,10.3,970.186,SITE 10,EXT
2026-02-16 15:00:00,39.172333333333334,31.804166666666667,17.663999999999998,39.0,3.055555555555556,10.633333333333333,969.587,SITE 10,EXT
2026-02-16 16:00:00,55.290166666666664,44.196333333333335,27.326666666666664,38.40740740740741,3.8333333333333335,11.6,969.4583333333334,SITE 10,EXT
2026-02-16 17:00:00,54.5925,42.821333333333335,25.485166666666665,37.81481481481482,5.666666666666667,13.633333333333333,969.598,SITE 10,EXT
2026-02-16 18:00:00,62.2125,48.71633333333333,29.784,36.72222222222222,6.777777777777778,15.733333333333333,970.1076666666667,SITE 10,EXT
2026-02-16 19:00:00,71.65966666666667,58.48733333333334,35.75083333333334,35.351851851851855,7.777777777777778,18.266666666666666,970.8043333333334,SITE 10,EXT
2026-02-16 20:00:00,69.57225806451613,55.55096774193548,32.917580645161294,34.56989247311827,7.956989247311829,19.322580645161292,971.8596774193549,SITE 10,EXT
2026-02-16 21:00:00,58.39233333333333,45.10783333333333,26.533833333333334,34.111111111111114,8.24074074074074,20.3,972.4466666666667,SITE 10,EXT
2026-02-16 22:00:00,60.022666666666666,46.961999999999996,27.851333333333333,33.333333333333336,7.351851851851852,19.9,972.435,SITE 10,EXT
2026-02-16 23:00:00,44.52766666666666,33.82866666666667,16.842166666666667,32.77777777777778,3.5740740740740744,15.766666666666667,972.2833333333333,SITE 10,EXT
2026-02-17 00:00:00,44.997166666666665,33.86933333333334,16.158666666666665,32.22222222222222,0.9259259259259259,13.233333333333333,971.8826666666666,SITE 10,EXT
2026-02-17 01:00:00,44.61300000000001,33.60516666666667,15.797166666666667,31.722222222222225,0.42592592592592593,13.033333333333333,971.399,SITE 10,EXT
2026-02-17 02:00:00,43.57266666666667,32.916333333333334,15.302666666666669,31.185185185185187,1.4444444444444444,14.766666666666667,970.8953333333334,SITE 10,EXT
2026-02-17 03:00:00,45.650000000000006,34.74274193548387,17.272096774193546,30.376344086021508,3.8351254480286743,18.580645161290324,970.7074193548387,SITE 10,EXT
2026-02-17 04:00:00,51.841499999999996,39.80166666666666,21.948333333333334,29.592592592592595,3.648148148148148,19.1,971.0306666666667,SITE 10,EXT
2026-02-17 05:00:00,54.92433333333334,42.49966666666667,23.841833333333334,28.944444444444446,1.037037037037037,16.433333333333334,971.39,SITE 10,EXT
2026-02-17 06:00:00,56.468666666666664,43.482166666666664,24.798333333333336,28.333333333333336,0.6111111111111112,16.466666666666665,971.5936666666668,SITE 10,EXT
2026-02-17 07:00:00,60.943999999999996,46.852333333333334,27.058,28.31481481481482,0.5740740740740741,16.366666666666667,972.0366666666666,SITE 10,EXT
2026-02-17 08:00:00,55.65133333333333,42.68983333333333,23.61,28.75925925925926,-0.8333333333333334,14.466666666666667,972.73,SITE 10,EXT
2026-02-17 09:00:00,47.30983333333334,35.79866666666667,17.9065,29.87037037037037,-2.1296296296296293,12.3,973.1793333333334,SITE 10,EXT
2026-02-17 10:00:00,44.84596774193549,33.821774193548386,15.808064516129033,31.93548387096774,-1.827956989247312,11.129032258064516,972.9335483870967,SITE 10,EXT
2026-02-17 11:00:00,41.76833333333333,31.575,13.435166666666667,33.53703703703704,-2.648148148148148,9.433333333333334,972.1403333333333,SITE 10,EXT
2026-02-17 12:00:00,40.46083333333333,30.678333333333335,12.607666666666667,35.2962962962963,-2.7962962962962963,8.366666666666667,970.9746666666667,SITE 10,EXT
2026-02-17 13:00:00,39.53066666666667,29.979,12.066,37.166666666666664,-2.351851851851852,7.833333333333333,969.838,SITE 10,EXT
2026-02-17 14:00:00,39.25966666666667,29.72533333333333,11.968333333333334,38.092592592592595,-2.4074074074074074,7.266666666666667,968.8726666666666,SITE 10,EXT
2026-02-17 15:00:00,40.41016666666667,30.643666666666665,12.834833333333334,38.31481481481482,-2.037037037037037,7.566666666666666,968.4033333333333,SITE 10,EXT
2026-02-17 16:00:00,42.51133333333333,32.37833333333334,14.950666666666667,37.94444444444445,-1.7037037037037037,7.9,968.1616666666666,SITE 10,EXT
2026-02-17 17:00:00,49.67383333333333,38.00333333333333,20.703166666666668,37.12962962962963,-1.1666666666666667,8.566666666666666,968.319,SITE 10,EXT
2026-02-17 18:00:00,77.84200000000001,66.73349999999999,40.04516666666667,35.7962962962963,2.2962962962962963,12.233333333333333,969.0586666666667,SITE 10,EXT
2026-02-17 19:00:00,100.30629032258064,90.81629032258064,53.95564516129032,34.354838709677416,5.734767025089606,16.741935483870968,969.7687096774195,SITE 10,EXT
2026-02-17 20:00:00,81.78083333333333,72.45516666666667,42.499500000000005,33.31481481481482,5.537037037037037,17.6,970.388,SITE 10,EXT
2026-02-17 21:00:00,78.9795,68.153,40.02033333333333,32.31481481481482,5.944444444444445,19.066666666666666,970.8979999999999,SITE 10,EXT
2026-02-17 22:00:00,76.69366666666666,64.304,37.657333333333334,31.574074074074076,6.518518518518519,20.866666666666667,971.0166666666667,SITE 10,EXT
2026-02-17 23:00:00,100.53466666666667,90.65616666666666,53.62266666666667,30.77777777777778,8.055555555555555,24.2,970.7953333333334,SITE 10,EXT
2026-02-18 00:00:00,121.48150000000001,109.5245,63.743500000000004,30.0,8.666666666666666,26.533333333333335,970.5319999999999,SITE 10,EXT
2026-02-18 01:00:00,98.39399999999999,87.85766666666667,50.3735,29.444444444444446,7.796296296296297,25.8,970.1803333333334,SITE 10,EXT
2026-02-18 02:00:00,71.46338709677418,56.99903225806452,33.27161290322581,28.924731182795696,5.985663082437276,23.483870967741936,969.8993548387097,SITE 10,EXT
2026-02-18 03:00:00,57.92366666666667,44.55216666666667,25.720833333333335,28.425925925925927,2.7037037037037037,19.166666666666668,969.5360000000001,SITE 10,EXT
2026-02-18 04:00:00,60.88666666666666,46.0545,26.188,28.333333333333336,0.7592592592592593,16.666666666666668,969.4433333333333,SITE 10,EXT
2026-02-18 05:00:00,61.890499999999996,47.256499999999996,27.965833333333332,27.740740740740744,1.2037037037037037,17.8,969.7806666666667,SITE 10,EXT
2026-02-18 06:00:00,72.48366666666668,58.041000000000004,34.05316666666667,27.222222222222225,1.2222222222222223,18.366666666666667,970.108,SITE 10,EXT
2026-02-18 07:00:00,84.20016666666668,72.55416666666666,41.42133333333334,27.351851851851855,1.9444444444444444,19.233333333333334,970.5550000000001,SITE 10,EXT
2026-02-18 08:00:00,79.37083333333334,65.2635,36.613166666666665,28.314814814814817,0.8703703703703705,16.733333333333334,971.274,SITE 10,EXT
2026-02-18 09:00:00,68.71499999999999,52.18333333333333,28.3965,30.01851851851852,0.8148148148148149,15.266666666666667,971.5933333333334,SITE 10,EXT
2026-02-18 10:00:00,62.44887096774193,45.6808064516129,23.438870967741938,32.365591397849464,-0.23297491039426524,12.193548387096774,971.4938709677419,SITE 10,EXT
2026-02-18 11:00:00,59.0725,42.904333333333334,20.745833333333334,34.42592592592593,-0.7407407407407407,10.3,970.7793333333334,SITE 10,EXT
2026-02-18 12:00:00,56.828833333333336,41.06366666666667,18.9015,36.277777777777786,-1.8333333333333333,8.6,969.6956666666666,SITE 10,EXT
2026-02-18 13:00:00,55.38166666666667,40.089166666666664,18.325,37.666666666666664,-3.0185185185185186,7.166666666666667,968.6486666666666,SITE 10,EXT
2026-02-18 14:00:00,52.66366666666667,38.08566666666666,16.836333333333336,38.88888888888889,-2.962962962962963,6.7,967.7656666666667,SITE 10,EXT
2026-02-18 15:00:00,52.782000000000004,38.839333333333336,18.383666666666667,39.74074074074074,-2.3703703703703707,6.666666666666667,967.2113333333333,SITE 10,EXT
2026-02-18 16:00:00,55.04533333333333,40.925,21.200833333333332,39.03703703703704,-2.648148148148148,6.866666666666666,966.994,SITE 10,EXT
2026-02-18 17:00:00,59.16951612903226,44.34725806451613,24.53290322580645,38.11827956989247,-1.5770609318996418,7.935483870967742,967.3135483870968,SITE 10,EXT
2026-02-18 18:00:00,73.684,59.18033333333334,34.92316666666667,36.833333333333336,1.2962962962962965,10.566666666666666,967.851,SITE 10,EXT
2026-02-18 19:00:00,200.54466666666667,180.69716666666667,99.413,34.96296296296296,4.925925925925926,15.4,968.2063333333333,SITE 10,EXT
2026-02-18 20:00:00,146.25300000000001,131.37516666666667,75.2665,33.66666666666667,5.518518518518518,17.4,968.7213333333333,SITE 10,EXT
2026-02-18 21:00:00,106.0985,93.79166666666667,52.1595,32.7037037037037,5.481481481481482,18.066666666666666,969.5313333333332,SITE 10,EXT
2026-02-18 22:00:00,93.34966666666668,81.72533333333332,45.5925,31.85185185185185,5.351851851851851,19.0,969.7476666666666,SITE 10,EXT
2026-02-18 23:00:00,84.17566666666667,73.54433333333333,41.4655,31.055555555555557,5.592592592592593,20.133333333333333,969.7603333333334,SITE 10,EXT
2026-02-19 00:00:00,86.31467741935484,75.96096774193548,43.090161290322584,30.268817204301076,5.627240143369176,20.967741935483872,969.5532258064517,SITE 10,EXT
2026-02-19 01:00:00,78.63966666666667,66.9265,37.702,29.62962962962963,5.185185185185185,21.233333333333334,969.1569999999999,SITE 10,EXT
2026-02-19 02:00:00,69.20883333333333,53.15383333333333,31.1785,28.833333333333332,4.62962962962963,21.366666666666667,968.7080000000001,SITE 10,EXT
2026-02-19 03:00:00,66.244,51.1105,29.965333333333334,28.240740740740744,4.425925925925926,21.8,968.553,SITE 10,EXT
2026-02-19 04:00:00,100.50916666666667,87.00500000000001,50.26483333333333,27.722222222222225,4.685185185185186,22.966666666666665,968.5686666666667,SITE 10,EXT
2026-02-19 05:00:00,121.86116666666666,109.7925,63.58533333333333,27.222222222222225,4.685185185185186,23.6,968.774,SITE 10,EXT
2026-02-19 06:00:00,90.6975,80.86200000000001,47.14083333333333,27.11111111111111,4.296296296296296,22.933333333333334,969.2466666666667,SITE 10,EXT
2026-02-19 07:00:00,114.54290322580646,100.40709677419355,58.973225806451616,27.16845878136201,4.516129032258065,23.483870967741936,969.8516129032258,SITE 10,EXT
2026-02-19 08:00:00,95.40599999999999,85.1555,51.52066666666666,29.055555555555557,1.9444444444444444,17.566666666666666,970.5823333333334,SITE 10,EXT
2026-02-19 09:00:00,57.16133333333333,44.92833333333333,27.092,31.0,-0.09259259259259259,13.333333333333334,970.909,SITE 10,EXT
2026-02-19 10:00:00,39.658,32.9295,19.262999999999998,33.44444444444444,-2.555555555555556,9.666666666666666,970.8783333333333,SITE 10,EXT
2026-02-19 11:00:00,36.39883333333333,31.221833333333333,18.2495,35.5,-2.351851851851852,8.666666666666666,970.3026666666667,SITE 10,EXT
2026-02-19 12:00:00,26.906166666666664,23.222666666666665,12.658999999999999,37.62962962962963,-4.648148148148149,6.333333333333333,969.302,SITE 10,EXT
2026-02-19 13:00:00,24.120833333333334,20.7425,10.971,38.87037037037037,-6.481481481481482,5.033333333333333,968.3033333333333,SITE 10,EXT
2026-02-19 14:00:00,30.76467741935484,26.49467741935484,14.781935483870969,40.19713261648745,-5.376344086021505,5.064516129032258,967.3887096774193,SITE 10,EXT
2026-02-19 15:00:00,34.24216666666667,29.305166666666665,16.783166666666666,40.407407407407405,-5.333333333333333,5.1,966.6436666666667,SITE 10,EXT
2026-02-19 16:00:00,40.598166666666664,34.10316666666667,20.94183333333333,39.75925925925926,-5.166666666666667,5.233333333333333,966.414,SITE 10,EXT
2026-02-19 17:00:00,49.208666666666666,40.25483333333333,25.37,39.2037037037037,-3.0740740740740744,6.666666666666667,966.6636666666667,SITE 10,EXT
2026-02-19 18:00:00,60.641333333333336,48.76033333333333,31.59416666666667,37.75925925925926,0.9259259259259259,9.8,967.1686666666667,SITE 10,EXT
2026-02-19 19:00:00,79.60683333333333,72.2085,46.732499999999995,35.7037037037037,4.314814814814815,14.066666666666666,967.8773333333334,SITE 10,EXT
2026-02-19 20:00:00,88.1275,82.26233333333333,53.351,34.333333333333336,4.611111111111112,15.366666666666667,968.7556666666666,SITE 10,EXT
2026-02-19 21:00:00,72.78758064516128,61.43274193548387,39.3841935483871,33.028673835125446,4.24731182795699,16.193548387096776,969.5629032258065,SITE 10,EXT
2026-02-19 22:00:00,71.894,59.89633333333334,37.679833333333335,31.88888888888889,3.9074074074074074,16.933333333333334,969.909,SITE 10,EXT
2026-02-19 23:00:00,74.74816666666668,64.68033333333332,40.501333333333335,30.870370370370374,4.240740740740741,18.433333333333334,970.0176666666666,SITE 10,EXT
2026-02-20 00:00:00,72.27933333333334,60.645999999999994,38.00833333333333,29.796296296296298,3.7037037037037037,18.833333333333332,969.7546666666666,SITE 10,EXT
2026-02-20 01:00:00,64.43666666666667,51.09183333333333,32.278666666666666,29.037037037037035,3.537037037037037,19.566666666666666,969.2956666666666,SITE 10,EXT
2026-02-20 02:00:00,57.18816666666667,45.818333333333335,29.048,28.462962962962965,3.148148148148148,19.7,969.006,SITE 10,EXT
2026-02-20 03:00:00,64.70216666666667,51.62516666666667,32.58383333333333,27.703703703703706,3.981481481481482,21.866666666666667,969.0483333333334,SITE 10,EXT
2026-02-20 04:00:00,72.74596774193549,62.20870967741936,39.634838709677425,26.81003584229391,3.727598566308244,22.548387096774192,969.441935483871,SITE 10,EXT
2026-02-20 05:00:00,92.81733333333334,87.32866666666668,56.98266666666667,26.074074074074076,5.62962962962963,27.1,969.6196666666667,SITE 10,EXT
2026-02-20 06:00:00,90.10116666666666,83.92666666666668,52.087999999999994,25.555555555555557,4.203703703703704,25.333333333333332,970.008,SITE 10,EXT
2026-02-20 07:00:00,104.87316666666668,98.50533333333334,62.781,26.185185185185183,1.5185185185185186,20.166666666666668,970.7913333333333,SITE 10,EXT
2026-02-20 08:00:00,92.35633333333334,87.71983333333334,57.19116666666667,28.092592592592595,-0.29629629629629634,15.6,971.4706666666666,SITE 10,EXT
2026-02-20 09:00:00,67.297,56.440333333333335,36.78866666666667,30.796296296296298,2.6111111111111116,16.533333333333335,972.0423333333333,SITE 10,EXT
2026-02-20 10:00:00,51.42216666666666,41.44383333333334,25.884166666666665,33.666666666666664,11.185185185185187,25.4,972.0310000000001,SITE 10,EXT
2026-02-20 11:00:00,50.32725806451613,40.72387096774194,24.963064516129034,35.68100358422939,6.827956989247313,16.870967741935484,971.5022580645161,SITE 10,EXT
2026-02-20 12:00:00,51.19233333333333,41.535,25.286833333333334,37.38888888888889,3.6666666666666665,12.4,970.5933333333334,SITE 10,EXT
2026-02-20 13:00:00,27.867,24.260833333333334,13.448666666666666,39.11111111111111,-4.055555555555555,6.166666666666667,969.5433333333333,SITE 10,EXT
2026-02-20 14:00:00,31.516833333333334,27.35983333333333,15.9835,40.03703703703704,-5.907407407407407,5.0,968.7176666666667,SITE 10,EXT
2026-02-20 15:00:00,39.39566666666667,33.58866666666667,21.608333333333334,40.22222222222222,-6.12962962962963,4.9,968.0476666666667,SITE 10,EXT
2026-02-20 16:00:00,30.748,27.033166666666666,16.32133333333333,39.833333333333336,-6.111111111111112,4.966666666666667,967.7133333333334,SITE 10,EXT
2026-02-20 17:00:00,34.07933333333333,29.651166666666665,18.180166666666665,39.27777777777778,-4.592592592592593,5.8,967.6693333333334,SITE 10,EXT
2026-02-20 18:00:00,64.70645161290322,52.90903225806452,34.77612903225806,37.831541218637994,1.0035842293906811,9.935483870967742,967.9035483870967,SITE 10,EXT
2026-02-20 19:00:00,82.09366666666666,75.11933333333333,48.5785,35.777777777777786,4.407407407407407,14.133333333333333,968.5366666666666,SITE 10,EXT
2026-02-20 20:00:00,157.3375,145.988,87.62983333333334,34.407407407407405,4.833333333333333,15.666666666666666,969.4853333333334,SITE 10,EXT
2026-02-20 21:00:00,137.78466666666665,128.90166666666667,81.08366666666667,33.111111111111114,4.333333333333333,16.233333333333334,970.4276666666667,SITE 10,EXT
2026-02-20 22:00:00,132.13883333333334,124.08783333333332,78.973,32.01851851851852,4.796296296296296,18.0,970.772,SITE 10,EXT
2026-02-20 23:00:00,124.7145,116.49050000000001,73.34016666666666,30.833333333333336,4.703703703703704,19.2,970.69,SITE 10,EXT
2026-02-21 00:00:00,107.43183333333333,100.36283333333334,64.03416666666666,30.092592592592595,4.407407407407407,19.566666666666666,970.5693333333334,SITE 10,EXT
2026-02-21 01:00:00,76.43596774193549,66.7290322580645,42.752419354838715,29.42652329749104,4.014336917562725,19.70967741935484,970.1645161290322,SITE 10,EXT
2026-02-21 02:00:00,58.665333333333336,47.024166666666666,30.165666666666667,28.77777777777778,3.240740740740741,19.4,969.6503333333334,SITE 10,EXT
2026-02-21 03:00:00,74.93616666666667,64.746,40.392833333333336,28.27777777777778,1.962962962962963,18.233333333333334,969.7403333333333,SITE 10,EXT
2026-02-21 04:00:00,107.83833333333334,100.77216666666666,63.957499999999996,27.574074074074076,5.907407407407407,25.4,969.9723333333333,SITE 10,EXT
2026-02-21 05:00:00,98.218,90.7415,55.660333333333334,26.685185185185183,6.314814814814815,27.4,970.2109999999999,SITE 10,EXT
2026-02-21 06:00:00,83.45233333333334,76.87716666666667,49.57666666666667,26.666666666666668,3.5,22.466666666666665,970.954,SITE 10,EXT
2026-02-21 07:00:00,129.80133333333333,121.955,76.5655,27.074074074074076,6.037037037037037,26.233333333333334,971.6276666666668,SITE 10,EXT
2026-02-21 08:00:00,131.12370967741936,123.64854838709678,78.69725806451612,28.906810035842298,4.838709677419355,21.612903225806452,972.3709677419355,SITE 10,EXT
2026-02-21 09:00:00,72.84683333333334,64.236,41.313,31.25925925925926,10.037037037037038,27.266666666666666,972.8566666666667,SITE 10,EXT
2026-02-21 10:00:00,51.651833333333336,41.828833333333336,26.512999999999998,34.31481481481482,13.38888888888889,28.466666666666665,972.9233333333334,SITE 10,EXT
2026-02-21 11:00:00,40.12766666666666,33.651833333333336,20.758666666666667,36.351851851851855,10.333333333333334,20.766666666666666,972.2953333333334,SITE 10,EXT
2026-02-21 12:00:00,34.56766666666667,29.946166666666667,17.93,37.592592592592595,9.481481481481483,18.133333333333333,971.368,SITE 10,EXT
2026-02-21 13:00:00,30.211666666666666,26.425333333333334,15.465333333333332,39.01851851851852,8.0,15.266666666666667,970.4803333333333,SITE 10,EXT
2026-02-21 14:00:00,25.404833333333332,22.546666666666667,13.304,39.907407407407405,1.7407407407407407,9.2,969.4543333333334,SITE 10,EXT
2026-02-21 15:00:00,20.34967741935484,18.06435483870968,10.890645161290323,40.53763440860215,-3.494623655913979,5.935483870967742,968.7264516129032,SITE 10,EXT
2026-02-21 16:00:00,27.344333333333335,24.35033333333333,15.591000000000001,40.37037037037037,-3.9444444444444446,5.666666666666667,968.506,SITE 10,EXT
2026-02-21 17:00:00,37.61416666666666,32.3955,20.978333333333335,39.25925925925926,-1.7592592592592593,7.333333333333333,968.505,SITE 10,EXT
2026-02-21 18:00:00,71.79633333333332,64.06916666666667,42.84733333333334,37.777777777777786,2.388888888888889,11.033333333333333,968.7800000000001,SITE 10,EXT
2026-02-21 19:00:00,76.296,68.46633333333332,45.36866666666666,35.81481481481482,4.648148148148149,14.3,969.379,SITE 10,EXT
2026-02-21 20:00:00,75.51433333333333,67.18216666666667,44.26016666666667,34.38888888888889,4.462962962962963,15.366666666666667,970.0636666666667,SITE 10,EXT
2026-02-21 21:00:00,65.98433333333334,53.77633333333333,34.995,33.48148148148149,3.8333333333333335,15.4,970.712,SITE 10,EXT
2026-02-21 22:00:00,98.75112903225806,90.44870967741934,52.81548387096774,32.508960573476706,3.960573476702509,16.516129032258064,971.0880645161291,SITE 10,EXT
2026-02-21 23:00:00,66.91033333333333,55.285833333333336,34.13066666666667,31.53703703703704,4.37037037037037,17.833333333333332,971.1433333333333,SITE 10,EXT
2026-02-22 00:00:00,67.453,55.5345,34.64533333333334,30.722222222222225,4.481481481481482,18.9,970.7513333333334,SITE 10,EXT
2026-02-22 01:00:00,87.02533333333334,80.04883333333333,48.15816666666667,29.75925925925926,5.185185185185185,21.066666666666666,970.3449999999999,SITE 10,EXT
2026-02-22 02:00:00,105.99416666666666,98.70366666666668,58.7915,28.98148148148148,6.444444444444445,24.166666666666668,969.8716666666667,SITE 10,EXT
2026-02-22 03:00:00,98.74333333333334,91.556,53.79666666666667,28.03703703703704,6.907407407407407,26.366666666666667,969.5833333333334,SITE 10,EXT
2026-02-22 04:00:00,73.32633333333334,63.372499999999995,38.8715,27.666666666666668,6.12962962962963,25.5,969.5343333333333,SITE 10,EXT
2026-02-22 05:00:00,73.62306451612903,64.4874193548387,41.376935483870966,27.222222222222225,6.200716845878136,26.322580645161292,969.8100000000001,SITE 10,EXT
2026-02-22 06:00:00,79.55749999999999,70.39816666666667,45.624500000000005,26.666666666666668,5.555555555555555,25.933333333333334,970.466,SITE 10,EXT
2026-02-22 07:00:00,127.73716666666665,120.52383333333334,77.4225,26.90740740740741,4.462962962962963,23.7,971.3083333333333,SITE 10,EXT
2026-02-22 08:00:00,69.82116666666667,59.31333333333334,38.715333333333334,28.833333333333332,0.16666666666666666,15.433333333333334,972.0183333333333,SITE 10,EXT
2026-02-22 09:00:00,53.9175,44.333125,29.2309375,29.895833333333336,-0.3472222222222222,13.9375,972.32375,SITE 10,EXT
2026-02-22 10:00:00,33.65631578947369,29.86973684210526,18.70657894736842,32.63157894736842,-0.7602339181286549,11.421052631578947,972.198947368421,SITE 10,EXT
2026-02-22 11:00:00,25.7695,23.294333333333334,13.92,36.0,-1.8518518518518519,8.6,971.4933333333333,SITE 10,EXT
2026-02-22 12:00:00,19.884666666666664,17.656499999999998,10.039,38.24074074074074,-4.37037037037037,6.333333333333333,970.5523333333333,SITE 10,EXT
2026-02-22 13:00:00,17.16466666666667,15.287833333333333,8.774333333333335,39.98148148148148,-5.666666666666667,5.1,969.4656666666667,SITE 10,EXT
2026-02-22 14:00:00,35.217,32.2095,20.063333333333333,41.370370370370374,-5.944444444444445,4.566666666666666,968.4506666666667,SITE 10,EXT
2026-02-22 15:00:00,24.051333333333332,21.848666666666666,14.172,42.05555555555556,-5.481481481481482,4.733333333333333,967.7973333333333,SITE 10,EXT
2026-02-22 16:00:00,24.244193548387095,22.04564516129032,14.13516129032258,41.72043010752689,-4.372759856630825,5.225806451612903,967.6009677419355,SITE 10,EXT
2026-02-22 17:00:00,31.085833333333333,27.83066666666667,17.9815,40.2962962962963,-3.9629629629629632,5.766666666666667,967.6273333333334,SITE 10,EXT
2026-02-22 18:00:00,57.43717391304348,46.28130434782609,30.324347826086957,37.94685990338164,0.6280193236714975,9.521739130434783,967.9817391304347,SITE 10,EXT
2026-02-22 19:00:00,68.64016666666666,56.37616666666667,37.126333333333335,36.166666666666664,3.777777777777778,13.166666666666666,968.4553333333333,SITE 10,EXT
2026-02-22 20:00:00,83.76532258064516,77.85048387096774,51.00709677419355,34.82078853046595,3.566308243727599,13.903225806451612,969.1187096774194,SITE 10,EXT
2026-02-22 21:00:00,72.98333333333333,63.03916666666667,41.02066666666666,33.592592592592595,3.8518518518518525,15.266666666666667,969.8156666666667,SITE 10,EXT
2026-02-22 22:00:00,62.271166666666666,49.9065,32.569833333333335,32.7037037037037,3.4074074074074074,15.566666666666666,969.9903333333333,SITE 10,EXT
2026-02-22 23:00:00,54.98583333333333,44.633500000000005,28.7135,31.740740740740744,3.240740740740741,16.366666666666667,969.8516666666667,SITE 10,EXT
2026-02-23 00:00:00,51.64333333333333,42.40016666666667,27.5695,30.944444444444446,2.6666666666666665,16.4,969.49,SITE 10,EXT
2026-02-23 01:00:00,44.62566666666667,37.17016666666667,23.9875,30.203703703703702,2.7037037037037037,17.2,968.7913333333333,SITE 10,EXT
2026-02-23 02:00:00,45.247499999999995,38.22166666666667,24.517666666666667,29.240740740740744,2.888888888888889,18.266666666666666,968.2669999999999,SITE 10,EXT
2026-02-23 03:00:00,60.63548387096775,51.85258064516129,34.42564516129032,28.870967741935484,3.1182795698924735,19.129032258064516,967.8548387096774,SITE 10,EXT
2026-02-23 04:00:00,71.18216666666667,60.3055,38.52066666666666,28.203703703703706,2.648148148148148,19.2,967.6653333333333,SITE 10,EXT
2026-02-23 05:00:00,99.15833333333333,95.13183333333333,64.22816666666667,27.77777777777778,2.2962962962962963,19.266666666666666,967.913,SITE 10,EXT
2026-02-23 06:00:00,109.06716666666667,104.34116666666667,69.51383333333334,27.240740740740744,2.351851851851852,19.933333333333334,968.5403333333333,SITE 10,EXT
2026-02-23 07:00:00,90.06083333333332,81.43516666666666,53.119166666666665,26.61111111111111,3.2222222222222223,22.166666666666668,969.5286666666667,SITE 10,EXT
2026-02-23 08:00:00,63.61233333333333,51.56483333333333,34.22416666666666,28.25925925925926,2.6296296296296293,19.166666666666668,970.0986666666666,SITE 10,EXT
2026-02-23 09:00:00,44.067166666666665,37.394666666666666,24.775666666666666,31.53703703703704,-0.888888888888889,12.333333333333334,970.186,SITE 10,EXT
2026-02-23 10:00:00,38.88983870967742,33.85596774193549,22.307580645161288,34.354838709677416,-0.21505376344086022,10.838709677419354,969.9712903225807,SITE 10,EXT
2026-02-23 11:00:00,27.554666666666666,25.7585,17.28166666666667,37.03703703703704,-1.3518518518518519,8.466666666666667,969.2620000000001,SITE 10,EXT
2026-02-23 12:00:00,23.382833333333334,21.769000000000002,14.319166666666666,39.166666666666664,-1.574074074074074,7.366666666666666,968.294,SITE 10,EXT
2026-02-23 13:00:00,15.076500000000001,13.713500000000002,8.562833333333334,41.05555555555556,-3.592592592592593,5.733333333333333,967.0886666666667,SITE 10,EXT
2026-02-23 14:00:00,16.014333333333333,14.630833333333333,9.4855,43.03703703703704,-3.9444444444444446,4.866666666666666,966.1076666666667,SITE 10,EXT
2026-02-23 15:00:00,19.558833333333332,18.10983333333333,11.998,42.44444444444445,-5.0,4.6,965.4336666666666,SITE 10,EXT
2026-02-23 16:00:00,29.587333333333333,26.55616666666667,18.103666666666665,41.96296296296296,-3.3703703703703707,5.433333333333334,965.391,SITE 10,EXT
2026-02-23 17:00:00,29.08451612903226,26.53258064516129,18.028548387096773,40.645161290322584,-2.652329749103943,6.290322580645161,965.5209677419356,SITE 10,EXT
2026-02-23 18:00:00,64.7345,53.149,34.915333333333336,38.81481481481482,1.7962962962962965,9.966666666666667,965.9773333333334,SITE 10,EXT
2026-02-23 19:00:00,76.8985,68.75949999999999,45.4775,36.592592592592595,4.518518518518519,13.466666666666667,966.647,SITE 10,EXT
2026-02-23 20:00:00,101.16149999999999,95.526,63.588499999999996,35.148148148148145,4.018518518518518,14.133333333333333,967.14,SITE 10,EXT
2026-02-23 21:00:00,93.81283333333333,88.65933333333332,58.428333333333335,34.111111111111114,3.5,14.4,967.641,SITE 10,EXT
2026-02-23 22:00:00,74.29066666666667,65.15033333333334,41.39783333333333,33.166666666666664,3.0740740740740744,14.766666666666667,967.9226666666667,SITE 10,EXT
2026-02-23 23:00:00,60.53383333333333,48.69266666666667,31.175833333333333,32.05555555555556,2.7777777777777777,15.6,967.9516666666666,SITE 10,EXT
2026-02-24 00:00:00,48.829354838709676,40.46612903225807,26.137096774193548,31.362007168458785,2.2222222222222223,15.548387096774194,967.6435483870968,SITE 10,EXT
2026-02-24 01:00:00,61.38416666666667,53.818999999999996,34.327666666666666,30.444444444444446,3.7222222222222223,18.466666666666665,967.1893333333334,SITE 10,EXT
2026-02-24 02:00:00,72.23683333333334,62.66166666666666,38.13066666666667,29.48148148148148,3.666666666666667,19.1,966.7266666666667,SITE 10,EXT
2026-02-24 03:00:00,74.32950000000001,62.952,40.302,28.796296296296298,3.555555555555556,19.8,966.4183333333333,SITE 10,EXT
2026-02-24 04:00:00,83.64450000000001,76.387,50.41833333333333,28.12962962962963,4.796296296296296,22.633333333333333,966.2646666666666,SITE 10,EXT
2026-02-24 05:00:00,97.62016666666666,92.77216666666666,61.465,27.444444444444446,4.574074074074074,23.166666666666668,966.6463333333334,SITE 10,EXT
2026-02-24 06:00:00,140.14666666666665,133.0885,85.95566666666667,27.222222222222225,3.7592592592592595,22.166666666666668,967.5020000000001,SITE 10,EXT
2026-02-24 07:00:00,75.2033870967742,66.34629032258064,43.58032258064516,26.039426523297493,4.318996415770609,24.870967741935484,968.573870967742,SITE 10,EXT
2026-02-24 08:00:00,69.92699999999999,60.562,40.434666666666665,29.40740740740741,2.2962962962962967,17.8,968.9576666666667,SITE 10,EXT
2026-02-24 09:00:00,54.1865,44.574333333333335,29.576,32.18518518518518,-0.46296296296296297,12.133333333333333,968.9833333333333,SITE 10,EXT
2026-02-24 10:00:00,46.542,39.208333333333336,26.314,34.333333333333336,0.6296296296296297,11.566666666666666,968.9046666666667,SITE 10,EXT
2026-02-24 11:00:00,32.115,29.368166666666664,19.463,36.98148148148149,1.0,10.366666666666667,968.1216666666667,SITE 10,EXT
2026-02-24 12:00:00,30.983833333333333,28.621,18.839333333333332,38.57407407407407,4.962962962962963,12.433333333333334,967.0889999999999,SITE 10,EXT
2026-02-24 13:00:00,26.786833333333334,24.460166666666666,15.626166666666668,40.12962962962963,4.722222222222223,11.166666666666666,965.851,SITE 10,EXT
2026-02-24 14:00:00,22.47258064516129,20.662096774193547,13.13258064516129,40.86021505376344,3.512544802867384,10.03225806451613,965.0596774193548,SITE 10,EXT
2026-02-24 15:00:00,27.44066666666667,24.84416666666667,16.195833333333333,41.537037037037045,3.4074074074074074,9.366666666666667,964.4546666666666,SITE 10,EXT
2026-02-24 16:00:00,31.909,29.052333333333333,19.572166666666664,40.62962962962963,3.7962962962962967,10.333333333333334,964.4586666666667,SITE 10,EXT
2026-02-24 17:00:00,37.55733333333333,32.790333333333336,21.68316666666667,39.666666666666664,3.5185185185185186,10.666666666666666,964.7366666666666,SITE 10,EXT
2026-02-24 18:00:00,59.374,48.674499999999995,31.896166666666666,38.666666666666664,4.888888888888888,12.333333333333334,965.2086666666667,SITE 10,EXT
2026-02-24 19:00:00,77.61633333333334,68.35966666666667,44.900333333333336,37.2037037037037,6.518518518518519,14.966666666666667,966.1323333333333,SITE 10,EXT
2026-02-24 20:00:00,78.77199999999999,72.4525,48.01133333333333,35.90740740740741,7.833333333333334,17.7,967.0110000000001,SITE 10,EXT
2026-02-24 21:00:00,88.52887096774194,82.94500000000001,54.942903225806454,34.946236559139784,7.759856630824373,18.70967741935484,967.6664516129032,SITE 10,EXT
2026-02-24 22:00:00,74.89216666666667,66.16583333333332,43.698,33.92592592592593,8.055555555555555,20.233333333333334,967.9323333333334,SITE 10,EXT
2026-02-24 23:00:00,69.70450000000001,57.711999999999996,37.39183333333334,33.0,7.666666666666668,20.8,967.8076666666667,SITE 10,EXT
2026-02-25 00:00:00,64.60866666666666,52.019666666666666,33.99916666666667,32.0,7.222222222222223,21.266666666666666,967.6263333333334,SITE 10,EXT
2026-02-25 01:00:00,69.39283333333333,58.092666666666666,38.44716666666667,31.03703703703704,6.574074074074074,21.433333333333334,967.1156666666667,SITE 10,EXT
2026-02-25 02:00:00,62.227333333333334,50.12716666666667,32.93183333333333,30.240740740740744,5.981481481481482,21.7,966.6723333333333,SITE 10,EXT
2026-02-25 03:00:00,60.38666666666666,48.47983333333333,31.547,29.64814814814815,5.425925925925926,21.566666666666666,966.7403333333333,SITE 10,EXT
2026-02-25 04:00:00,61.751333333333335,50.36516666666667,33.332,28.962962962962965,4.388888888888889,20.833333333333332,966.876,SITE 10,EXT
2026-02-25 05:00:00,64.73693548387097,52.475967741935484,34.93677419354839,28.49462365591398,4.874551971326165,22.225806451612904,967.5735483870967,SITE 10,EXT
2026-02-25 06:00:00,84.0475,75.07033333333334,49.722166666666666,28.333333333333336,6.481481481481482,25.333333333333332,968.171,SITE 10,EXT
2026-02-25 07:00:00,74.01133333333334,63.62083333333333,41.902,28.5,7.62962962962963,26.9,968.8286666666667,SITE 10,EXT
2026-02-25 08:00:00,57.83533333333333,46.96266666666667,30.930833333333332,29.75925925925926,13.092592592592592,36.4,969.448,SITE 10,EXT
2026-02-25 09:00:00,42.99333333333333,36.179833333333335,23.449166666666667,31.740740740740744,16.88888888888889,41.3,969.9166666666666,SITE 10,EXT
2026-02-25 10:00:00,39.992666666666665,34.271166666666666,22.358999999999998,34.55555555555556,17.425925925925927,36.43333333333333,970.0409999999999,SITE 10,EXT
2026-02-25 11:00:00,35.107166666666664,30.762666666666668,19.218166666666665,36.42592592592593,13.648148148148149,25.9,969.3416666666667,SITE 10,EXT
2026-02-25 12:00:00,29.519354838709678,26.68596774193548,16.22774193548387,38.028673835125446,13.530465949820789,23.29032258064516,968.2900000000001,SITE 10,EXT
2026-02-25 13:00:00,28.02316666666667,25.107666666666667,15.263,38.90740740740741,11.277777777777779,19.1,967.3356666666666,SITE 10,EXT
2026-02-25 14:00:00,29.398833333333336,26.580499999999997,16.444666666666667,39.53703703703704,9.518518518518517,16.2,966.5873333333333,SITE 10,EXT
2026-02-25 15:00:00,31.638333333333332,28.33216666666667,17.987666666666666,39.81481481481481,9.0,15.533333333333333,965.8743333333333,SITE 10,EXT
2026-02-25 16:00:00,34.42550000000001,30.495333333333335,19.755666666666666,39.648148148148145,7.481481481481482,14.166666666666666,965.7063333333333,SITE 10,EXT
2026-02-25 17:00:00,38.1395,32.71066666666667,20.755666666666666,39.07407407407407,6.333333333333333,13.366666666666667,966.0256666666667,SITE 10,EXT
2026-02-25 18:00:00,61.082499999999996,48.833,31.694000000000003,38.111111111111114,7.25925925925926,15.066666666666666,966.687,SITE 10,EXT
2026-02-25 19:00:00,75.33467741935483,66.62838709677419,44.05467741935484,36.774193548387096,8.154121863799284,17.483870967741936,967.6648387096774,SITE 10,EXT
2026-02-25 20:00:00,77.33116666666666,69.46350000000001,45.83416666666667,35.72222222222222,8.333333333333334,18.6,968.5120000000001,SITE 10,EXT
2026-02-25 21:00:00,90.47966666666666,84.68966666666667,54.94216666666667,34.74074074074074,8.518518518518519,19.866666666666667,969.1876666666667,SITE 10,EXT
2026-02-25 22:00:00,75.29050000000001,65.74533333333333,42.51916666666667,33.611111111111114,8.481481481481483,21.2,969.149,SITE 10,EXT
2026-02-25 23:00:00,64.99166666666666,53.135,33.91916666666667,32.74074074074074,7.296296296296296,20.433333333333334,968.7996666666667,SITE 10,EXT
2026-02-26 00:00:00,57.87316666666666,46.536500000000004,30.0115,31.944444444444446,6.62962962962963,20.566666666666666,968.3816666666667,SITE 10,EXT
2026-02-26 01:00:00,51.57266666666667,41.95483333333333,26.717666666666666,31.16666666666667,5.537037037037037,19.833333333333332,967.8146666666667,SITE 10,EXT
2026-02-26 02:00:00,47.92741935483871,39.40451612903226,24.88274193548387,30.555555555555557,4.982078853046596,19.870967741935484,967.3003225806452,SITE 10,EXT
2026-02-26 03:00:00,46.510666666666665,37.74166666666667,23.2525,30.0,3.7962962962962967,18.866666666666667,967.3016666666666,SITE 10,EXT
2026-02-26 04:00:00,50.22266666666667,41.343666666666664,27.028166666666667,29.240740740740744,3.8333333333333335,19.766666666666666,967.5776666666667,SITE 10,EXT
2026-02-26 05:00:00,50.6795,41.521499999999996,26.807833333333335,28.388888888888893,6.703703703703704,25.666666666666668,968.2923333333333,SITE 10,EXT
2026-02-26 06:00:00,50.688333333333325,41.533,26.7915,28.27777777777778,12.166666666666668,37.166666666666664,968.9383333333334,SITE 10,EXT
2026-02-26 07:00:00,55.150666666666666,44.86366666666667,28.970000000000002,28.12962962962963,13.037037037037038,39.7,969.6569999999999,SITE 10,EXT
2026-02-26 08:00:00,53.312,43.55466666666667,28.3165,28.962962962962965,15.777777777777779,45.166666666666664,970.5310000000001,SITE 10,EXT
2026-02-26 09:00:00,48.95596774193548,40.49241935483871,26.238387096774193,30.93189964157706,16.36200716845878,41.935483870967744,971.2532258064516,SITE 10,EXT
2026-02-26 10:00:00,44.688833333333335,37.406166666666664,24.205666666666666,33.46296296296296,18.14814814814815,40.53333333333333,971.2456666666666,SITE 10,EXT
2026-02-26 11:00:00,40.397666666666666,34.0665,21.584166666666665,35.72222222222222,16.75925925925926,32.666666666666664,970.3976666666666,SITE 10,EXT
2026-02-26 12:00:00,36.494,31.270833333333332,19.009999999999998,36.92592592592593,14.444444444444445,26.2,969.304,SITE 10,EXT
2026-02-26 13:00:00,34.0625,29.6435,17.613333333333333,38.166666666666664,13.944444444444445,23.8,968.4766666666667,SITE 10,EXT
2026-02-26 14:00:00,31.569833333333335,27.09916666666667,14.620666666666667,39.333333333333336,10.055555555555555,17.266666666666666,967.673,SITE 10,EXT
2026-02-26 15:00:00,35.269999999999996,29.807333333333336,16.9345,40.0,9.38888888888889,15.9,966.8323333333334,SITE 10,EXT
2026-02-26 16:00:00,41.35516129032258,33.97725806451613,20.144193548387097,39.551971326164875,8.279569892473118,14.838709677419354,966.7232258064516,SITE 10,EXT
2026-02-26 17:00:00,49.89633333333334,40.112833333333334,24.767333333333333,38.2037037037037,8.185185185185185,15.933333333333334,966.6606666666667,SITE 10,EXT
2026-02-26 18:00:00,64.27366666666667,51.37466666666667,32.59283333333333,37.75925925925926,9.111111111111112,17.433333333333334,967.606,SITE 10,EXT
2026-02-26 19:00:00,79.503,69.32766666666666,42.2645,36.92592592592593,10.25925925925926,20.0,968.631,SITE 10,EXT
2026-02-26 20:00:00,81.32266666666666,72.71333333333334,45.23516666666667,36.07407407407408,10.777777777777777,21.533333333333335,969.4283333333333,SITE 10,EXT
2026-02-26 21:00:00,93.02833333333334,85.76866666666666,54.538333333333334,35.31481481481482,10.666666666666666,22.433333333333334,969.9643333333333,SITE 10,EXT
2026-02-26 22:00:00,104.1305,96.12716666666667,60.919666666666664,34.333333333333336,11.759259259259261,25.566666666666666,970.2843333333333,SITE 10,EXT
2026-02-26 23:00:00,117.59677419354838,108.48887096774195,68.19048387096775,33.54838709677419,11.863799283154124,26.838709677419356,970.0674193548388,SITE 10,EXT
2026-02-27 00:00:00,100.23183333333333,90.96283333333334,54.57366666666667,32.851851851851855,11.092592592592592,26.533333333333335,969.4336666666666,SITE 10,EXT
2026-02-27 01:00:00,63.23566666666667,52.258833333333335,31.874666666666666,32.0,11.962962962962964,29.666666666666668,968.9173333333333,SITE 10,EXT
2026-02-27 02:00:00,47.620333333333335,38.642833333333336,23.897166666666667,30.833333333333336,16.055555555555557,41.233333333333334,968.797,SITE 10,EXT
2026-02-27 03:00:00,48.281666666666666,39.308166666666665,24.570833333333333,30.25925925925926,16.925925925925927,45.06666666666667,968.9946666666667,SITE 10,EXT
2026-02-27 04:00:00,42.53666666666666,35.458999999999996,22.316666666666666,29.666666666666668,17.722222222222225,48.86666666666667,968.9786666666666,SITE 10,EXT
2026-02-27 05:00:00,41.373333333333335,34.74366666666666,21.824833333333334,29.444444444444446,17.98148148148148,50.8,969.1436666666667,SITE 10,EXT
2026-02-27 06:00:00,45.138225806451615,37.39629032258064,23.74209677419355,28.96057347670251,17.903225806451612,51.54838709677419,969.7306451612903,SITE 10,EXT
2026-02-27 07:00:00,47.24966666666667,38.95016666666667,24.670833333333334,29.185185185185183,18.203703703703706,52.233333333333334,970.2946666666667,SITE 10,EXT
2026-02-27 08:00:00,41.041333333333334,34.78916666666667,22.083000000000002,30.01851851851852,18.870370370370374,51.56666666666667,970.9456666666666,SITE 10,EXT
2026-02-27 09:00:00,34.0355,30.484166666666667,19.076833333333333,31.75925925925926,19.25925925925926,47.833333333333336,970.9680000000001,SITE 10,EXT
2026-02-27 10:00:00,33.75233333333333,30.064,18.6965,33.77777777777778,19.25925925925926,42.733333333333334,970.7036666666667,SITE 10,EXT
2026-02-27 11:00:00,33.68083333333333,29.67983333333333,17.9415,36.25925925925926,18.685185185185183,35.86666666666667,970.1126666666667,SITE 10,EXT
2026-02-27 12:00:00,34.967999999999996,30.438666666666666,18.334166666666665,37.7962962962963,18.03703703703704,31.566666666666666,969.258,SITE 10,EXT
2026-02-27 13:00:00,36.41935483870968,31.153387096774193,18.683225806451613,38.763440860215056,17.311827956989244,28.483870967741936,968.1551612903227,SITE 10,EXT
2026-02-27 14:00:00,38.9345,32.76016666666667,19.9875,38.42592592592593,16.75925925925926,28.133333333333333,967.312,SITE 10,EXT
2026-02-27 15:00:00,45.517,37.56666666666667,23.333166666666667,37.77777777777778,16.59259259259259,28.866666666666667,966.5699999999999,SITE 10,EXT
2026-02-27 16:00:00,45.234833333333334,36.900999999999996,23.0575,36.92592592592593,16.074074074074073,29.166666666666668,966.3123333333333,SITE 10,EXT
2026-02-27 17:00:00,51.94766666666667,42.1305,26.66916666666667,36.64814814814815,16.24074074074074,29.933333333333334,966.5536666666667,SITE 10,EXT
2026-02-27 18:00:00,53.63733333333334,43.06583333333333,26.875833333333333,36.277777777777786,16.27777777777778,30.966666666666665,967.0093333333333,SITE 10,EXT
2026-02-27 19:00:00,52.20283333333334,41.8625,25.907333333333334,35.96296296296296,16.85185185185185,32.3,968.0306666666667,SITE 10,EXT
2026-02-27 20:00:00,43.42370967741935,35.60645161290322,22.001451612903224,35.19713261648745,17.096774193548388,34.41935483870968,969.2838709677419,SITE 10,EXT
2026-02-27 21:00:00,44.029333333333334,35.82516666666667,22.09016666666667,34.46296296296296,16.703703703703706,34.86666666666667,969.7106666666666,SITE 10,EXT
2026-02-27 22:00:00,44.550333333333334,36.33283333333333,22.193666666666665,34.44444444444444,17.01851851851852,35.63333333333333,969.6496666666667,SITE 10,EXT
2026-02-27 23:00:00,45.99016666666667,37.44233333333333,23.31116666666667,33.7962962962963,17.09259259259259,37.2,969.4106666666667,SITE 10,EXT
2026-02-28 00:00:00,44.42483333333333,36.41433333333334,22.5245,33.333333333333336,17.22222222222222,38.766666666666666,969.2826666666666,SITE 10,EXT
2026-02-28 01:00:00,40.74466666666667,34.0895,20.84,32.96296296296296,17.537037037037035,40.06666666666667,969.0419999999999,SITE 10,EXT
2026-02-28 02:00:00,36.635999999999996,31.488666666666667,19.28966666666667,32.7037037037037,17.703703703703702,41.06666666666667,968.6926666666666,SITE 10,EXT
2026-02-28 03:00:00,36.58370967741936,31.599032258064515,19.363387096774193,31.881720430107528,17.706093189964157,43.193548387096776,968.3658064516129,SITE 10,EXT
2026-02-28 04:00:00,45.213,37.01416666666667,22.45583333333333,31.351851851851855,18.092592592592595,45.56666666666667,968.3563333333333,SITE 10,EXT
2026-02-28 05:00:00,35.300333333333334,31.018666666666665,19.358166666666666,30.555555555555557,18.722222222222225,49.36666666666667,969.0093333333333,SITE 10,EXT
2026-02-28 06:00:00,32.75783333333333,29.414166666666667,18.543833333333335,30.055555555555554,18.388888888888893,49.86666666666667,969.6286666666667,SITE 10,EXT
2026-02-28 07:00:00,44.63633333333333,37.34916666666666,23.75,29.666666666666668,18.203703703703706,50.86666666666667,970.26,SITE 10,EXT
2026-02-28 08:00:00,38.29566666666666,33.466,21.819833333333335,29.64814814814815,18.185185185185187,50.56666666666667,970.61,SITE 10,EXT
2026-02-28 09:00:00,31.637999999999998,28.93883333333333,18.796666666666667,30.27777777777778,17.98148148148148,48.03333333333333,970.9426666666666,SITE 10,EXT
2026-02-28 10:00:00,33.91306451612903,30.54758064516129,19.67032258064516,32.1326164874552,18.63799283154122,45.12903225806452,970.9129032258064,SITE 10,EXT
2026-02-28 11:00:00,32.2835,29.171499999999998,18.382333333333335,34.68518518518519,18.962962962962965,39.86666666666667,970.1903333333333,SITE 10,EXT
2026-02-28 12:00:00,32.04833333333333,29.001666666666665,18.4475,37.333333333333336,18.592592592592595,33.63333333333333,969.0776666666666,SITE 10,EXT
2026-02-28 13:00:00,34.87466666666667,30.913166666666665,19.6735,38.81481481481482,18.518518518518523,30.7,967.807,SITE 10,EXT
2026-02-28 14:00:00,31.5215,28.568666666666665,17.884333333333334,39.77777777777778,18.074074074074076,28.533333333333335,966.4996666666667,SITE 10,EXT
2026-02-28 15:00:00,33.663666666666664,29.7515,18.197166666666664,39.51851851851851,17.092592592592595,27.033333333333335,965.6576666666666,SITE 10,EXT
2026-02-28 16:00:00,37.57716666666667,32.1875,20.090833333333332,38.64814814814815,16.87037037037037,27.966666666666665,965.4169999999999,SITE 10,EXT
2026-02-28 17:00:00,44.105645161290326,36.42967741935484,22.881612903225808,37.31182795698925,17.043010752688172,30.483870967741936,965.8416129032258,SITE 10,EXT
2026-02-28 18:00:00,54.397333333333336,43.837833333333336,27.927833333333336,36.01851851851852,17.90740740740741,34.43333333333333,966.634,SITE 10,EXT
2026-02-28 19:00:00,56.1845,45.1025,28.772666666666666,35.53703703703704,17.77777777777778,35.166666666666664,966.978,SITE 10,EXT
2026-02-28 20:00:00,58.357499999999995,46.751666666666665,30.064666666666664,34.94444444444444,17.75925925925926,36.36666666666667,967.5596666666667,SITE 10,EXT
2026-02-28 21:00:00,51.893,42.19583333333333,26.980666666666664,34.111111111111114,17.925925925925927,38.53333333333333,968.2686666666667,SITE 10,EXT
2026-02-28 22:00:00,47.742,39.099333333333334,24.538,33.833333333333336,17.14814814814815,37.2,968.64,SITE 10,EXT
2026-02-28 23:00:00,50.82666666666667,41.32933333333334,26.126166666666666,33.40740740740741,17.0,37.766666666666666,968.5883333333334,SITE 10,EXT
2026-03-01 00:00:00,46.29516129032258,38.20822580645161,24.259354838709676,32.65232974910394,16.863799283154123,39.064516129032256,968.2332258064516,SITE 10,EXT
2026-03-01 01:00:00,46.16166666666666,38.059333333333335,24.094333333333335,31.592592592592595,17.833333333333332,44.03333333333333,967.6653333333333,SITE 10,EXT
2026-03-01 02:00:00,46.87983333333333,38.698166666666665,24.632166666666667,30.64814814814815,18.351851851851855,47.9,967.1903333333333,SITE 10,EXT
2026-03-01 03:00:00,46.2385,38.14433333333333,24.099833333333333,30.055555555555554,17.833333333333332,48.0,966.9733333333334,SITE 10,EXT
2026-03-01 04:00:00,47.515499999999996,39.17733333333333,25.127333333333333,29.518518518518523,17.296296296296298,48.2,966.9056666666668,SITE 10,EXT
2026-03-01 05:00:00,46.199666666666666,38.04183333333334,23.834166666666665,28.98148148148148,16.77777777777778,48.233333333333334,967.475,SITE 10,EXT
2026-03-01 06:00:00,46.196000000000005,38.32683333333333,24.221333333333334,28.88888888888889,15.925925925925926,45.9,968.2613333333334,SITE 10,EXT
2026-03-01 07:00:00,47.65116666666667,39.21633333333333,24.763166666666667,29.01851851851852,13.981481481481483,40.13333333333333,968.6763333333333,SITE 10,EXT
2026-03-01 08:00:00,43.21806451612903,36.25774193548387,22.800967741935484,30.0,13.440860215053764,36.54838709677419,969.2087096774194,SITE 10,EXT
2026-03-01 09:00:00,40.2935,34.256499999999996,21.799666666666667,31.88888888888889,12.833333333333334,31.266666666666666,969.6139999999999,SITE 10,EXT
2026-03-01 10:00:00,34.527166666666666,30.615833333333335,19.466166666666666,34.22222222222222,12.037037037037038,26.366666666666667,969.8613333333334,SITE 10,EXT
2026-03-01 11:00:00,35.184666666666665,31.241333333333333,19.99683333333333,36.53703703703704,11.555555555555555,22.166666666666668,969.3983333333333,SITE 10,EXT
2026-03-01 12:00:00,32.43366666666667,29.20633333333333,18.194333333333336,38.57407407407407,11.24074074074074,19.333333333333332,968.4273333333333,SITE 10,EXT
2026-03-01 13:00:00,32.57866666666667,29.324333333333335,18.5115,40.81481481481482,11.722222222222223,17.633333333333333,967.0876666666667,SITE 10,EXT
2026-03-01 14:00:00,35.75833333333333,31.336333333333336,19.96033333333333,40.81481481481482,12.685185185185187,18.9,965.7323333333334,SITE 10,EXT
2026-03-01 15:00:00,36.26112903225807,31.714193548387097,20.134032258064515,41.0573476702509,13.35125448028674,19.322580645161292,964.7877419354838,SITE 10,EXT
2026-03-01 16:00:00,39.107499999999995,33.81666666666667,21.506166666666665,40.72222222222222,13.055555555555555,19.466666666666665,964.5400000000001,SITE 10,EXT
2026-03-01 17:00:00,42.852333333333334,35.64183333333334,22.610833333333336,39.5,13.25925925925926,21.1,964.796,SITE 10,EXT
2026-03-01 18:00:00,53.3505,43.2125,27.800333333333334,38.22222222222222,13.722222222222223,23.333333333333332,965.5473333333333,SITE 10,EXT
2026-03-01 19:00:00,48.299499999999995,39.792,25.71516666666667,37.27777777777778,13.666666666666666,24.466666666666665,966.6993333333334,SITE 10,EXT
2026-03-01 20:00:00,48.21816666666667,39.75233333333333,25.629166666666666,36.48148148148149,14.037037037037038,26.133333333333333,967.5866666666666,SITE 10,EXT
2026-03-01 21:00:00,41.211999999999996,34.88533333333333,22.282500000000002,34.87037037037037,14.166666666666666,28.833333333333332,968.8143333333334,SITE 10,EXT
2026-03-01 22:00:00,39.43274193548387,33.76129032258064,21.55548387096774,33.60215053763441,16.827956989247312,37.064516129032256,969.5548387096775,SITE 10,EXT
2026-03-01 23:00:00,33.644666666666666,30.369000000000003,19.319333333333336,32.5,17.944444444444446,42.1,969.8976666666666,SITE 10,EXT
2026-03-02 00:00:00,29.802833333333336,27.634999999999998,17.4455,32.07407407407407,17.537037037037035,41.93333333333333,969.035,SITE 10,EXT
2026-03-02 01:00:00,25.5475,24.0095,15.310833333333333,31.48148148148148,16.51851851851852,40.9,968.6606666666667,SITE 10,EXT
2026-03-02 02:00:00,26.677500000000002,24.883333333333333,15.703333333333335,30.388888888888893,16.61111111111111,43.86666666666667,968.875,SITE 10,EXT
2026-03-02 03:00:00,34.839000000000006,31.044500000000003,19.593166666666665,28.944444444444446,17.98148148148148,51.833333333333336,968.95,SITE 10,EXT
2026-03-02 04:00:00,37.273,32.651666666666664,20.703666666666667,28.388888888888893,18.5,55.5,968.7793333333334,SITE 10,EXT
2026-03-02 05:00:00,23.68983870967742,22.29790322580645,14.24741935483871,27.67025089605735,18.154121863799286,56.83870967741935,969.0503225806452,SITE 10,EXT
2026-03-02 06:00:00,18.911333333333335,17.688499999999998,11.711166666666665,27.222222222222225,17.77777777777778,56.9,969.6473333333334,SITE 10,EXT
2026-03-02 07:00:00,24.4105,22.5475,14.799833333333334,27.48148148148148,17.85185185185185,56.0,970.1536666666667,SITE 10,EXT
2026-03-02 08:00:00,21.458333333333332,20.281833333333335,13.268,28.77777777777778,17.85185185185185,52.03333333333333,970.4936666666667,SITE 10,EXT
2026-03-02 09:00:00,19.581,18.515,12.080166666666665,29.722222222222225,17.722222222222225,48.9,970.5223333333332,SITE 10,EXT
2026-03-02 10:00:00,29.13566666666667,26.790166666666668,17.191666666666666,31.40740740740741,17.85185185185185,44.6,970.3996666666667,SITE 10,EXT
2026-03-02 11:00:00,22.248833333333334,20.805833333333332,13.471,32.96296296296296,17.5,40.06666666666667,970.09,SITE 10,EXT
2026-03-02 12:00:00,27.95709677419355,25.774677419354838,16.354032258064517,33.87096774193548,14.444444444444445,31.451612903225808,969.3919354838711,SITE 10,EXT
2026-03-02 13:00:00,26.966666666666665,24.81,15.556833333333334,34.666666666666664,11.962962962962964,25.333333333333332,968.7993333333333,SITE 10,EXT
2026-03-02 14:00:00,35.04383333333333,30.9235,19.824333333333335,35.0,11.851851851851853,24.666666666666668,968.2506666666667,SITE 10,EXT
2026-03-02 15:00:00,36.208666666666666,32.1495,21.386666666666667,35.53703703703704,12.407407407407408,24.7,967.787,SITE 10,EXT
2026-03-02 16:00:00,35.3175,31.237333333333332,20.307000000000002,35.42592592592593,12.592592592592593,25.333333333333332,967.757,SITE 10,EXT
2026-03-02 17:00:00,44.522166666666664,37.457499999999996,24.476333333333333,34.44444444444444,11.851851851851853,25.4,967.9236666666667,SITE 10,EXT
2026-03-02 18:00:00,58.193666666666665,47.318,31.307833333333335,33.88888888888889,12.222222222222223,26.966666666666665,968.4186666666667,SITE 10,EXT
2026-03-02 19:00:00,66.44193548387096,54.97774193548387,36.05451612903226,33.333333333333336,12.455197132616489,28.29032258064516,968.9745161290323,SITE 10,EXT
2026-03-02 20:00:00,74.19883333333334,64.6925,42.14666666666667,32.833333333333336,12.685185185185187,29.566666666666666,969.6023333333334,SITE 10,EXT
2026-03-02 21:00:00,72.16283333333334,62.42916666666667,40.660333333333334,32.7037037037037,13.24074074074074,30.8,970.394,SITE 10,EXT
2026-03-02 22:00:00,72.39683333333332,62.412166666666664,40.4675,32.0,13.148148148148149,31.9,970.8743333333333,SITE 10,EXT
2026-03-02 23:00:00,56.775999999999996,46.167,30.063166666666667,31.62962962962963,13.277777777777779,32.86666666666667,970.9653333333333,SITE 10,EXT
2026-03-03 00:00:00,57.338166666666666,46.61016666666667,30.233999999999998,31.129629629629633,13.111111111111112,33.3,970.7990000000001,SITE 10,EXT
2026-03-03 01:00:00,47.62283333333333,39.255833333333335,24.803833333333333,31.092592592592595,12.074074074074074,31.166666666666668,970.7153333333333,SITE 10,EXT
2026-03-03 02:00:00,38.76790322580646,32.69725806451613,19.378548387096775,30.555555555555557,9.03225806451613,26.29032258064516,970.233870967742,SITE 10,EXT
2026-03-03 03:00:00,43.6955,35.823166666666665,21.492666666666665,30.555555555555557,8.351851851851853,25.033333333333335,970.134,SITE 10,EXT
2026-03-03 04:00:00,49.865,40.247166666666665,24.5155,30.185185185185183,7.944444444444445,24.933333333333334,969.7313333333333,SITE 10,EXT
2026-03-03 05:00:00,52.98708333333334,42.324999999999996,25.775833333333335,29.90740740740741,7.986111111111112,25.416666666666668,969.7654166666666,SITE 10,EXT
2026-03-03 06:00:00,57.73291666666666,43.72145833333334,23.121041666666667,28.796296296296294,8.148148148148149,27.333333333333332,970.14,SITE 10,EXT
2026-03-03 07:00:00,60.612096774193546,47.76774193548387,29.462741935483873,29.06810035842294,8.387096774193548,27.451612903225808,970.4219354838709,SITE 10,EXT
2026-03-03 08:00:00,67.72533333333334,57.537,35.655499999999996,30.351851851851855,9.481481481481483,27.366666666666667,971.0633333333334,SITE 10,EXT
2026-03-03 09:00:00,44.3195,36.14483333333333,21.853833333333334,31.85185185185185,9.333333333333334,24.833333333333332,971.296,SITE 10,EXT
2026-03-03 10:00:00,34.66137931034483,29.726724137931036,17.227758620689656,33.83141762452107,8.524904214559387,20.862068965517242,971.1875862068965,SITE 10,EXT
2026-03-03 11:00:00,27.705333333333332,24.361,13.815666666666667,36.48148148148149,7.907407407407407,17.3,970.6826666666667,SITE 10,EXT
2026-03-03 12:00:00,27.99416666666667,24.439833333333336,14.117166666666666,37.61111111111111,7.629629629629631,16.033333333333335,969.6926666666666,SITE 10,EXT
2026-03-03 13:00:00,37.29783333333333,31.748833333333334,18.430999999999997,38.777777777777786,7.648148148148149,14.966666666666667,968.606,SITE 10,EXT
2026-03-03 14:00:00,23.563,20.955666666666666,12.178666666666667,39.57407407407407,8.000000000000002,14.733333333333333,967.517,SITE 10,EXT
2026-03-03 15:00:00,26.012333333333334,23.425,14.206666666666667,39.57407407407407,9.092592592592592,15.866666666666667,966.7963333333333,SITE 10,EXT
2026-03-03 16:00:00,29.686290322580643,26.524516129032257,16.070806451612903,38.566308243727605,9.480286738351255,17.161290322580644,966.5806451612904,SITE 10,EXT
2026-03-03 17:00:00,41.115,34.657833333333336,22.055166666666665,37.92592592592593,9.296296296296298,17.6,966.8536666666666,SITE 10,EXT
2026-03-03 18:00:00,56.833333333333336,46.133833333333335,29.862333333333332,36.94444444444445,9.722222222222223,19.033333333333335,967.4830000000001,SITE 10,EXT
2026-03-03 19:00:00,62.54783333333333,51.21633333333333,33.26916666666667,36.2962962962963,10.629629629629628,21.133333333333333,968.0926666666667,SITE 10,EXT
2026-03-03 20:00:00,53.897000000000006,43.663000000000004,28.394,35.62962962962963,10.833333333333334,22.166666666666668,969.1893333333334,SITE 10,EXT
2026-03-03 21:00:00,55.642,45.33416666666667,29.236,35.11111111111111,10.296296296296298,21.966666666666665,969.897,SITE 10,EXT
2026-03-03 22:00:00,52.69133333333333,43.0795,27.727833333333333,34.7037037037037,10.981481481481483,23.666666666666668,969.9693333333333,SITE 10,EXT
2026-03-03 23:00:00,68.82741935483871,56.34241935483871,36.14274193548387,34.121863799283155,11.935483870967744,26.032258064516128,969.9503225806451,SITE 10,EXT
2026-03-04 00:00:00,66.22616666666667,52.972833333333334,34.111333333333334,33.12962962962963,12.000000000000002,27.8,969.5426666666666,SITE 10,EXT
2026-03-04 01:00:00,48.19766666666667,39.658166666666666,25.397499999999997,32.53703703703704,11.203703703703704,27.233333333333334,968.693,SITE 10,EXT
2026-03-04 02:00:00,33.721333333333334,29.71033333333333,18.1285,32.148148148148145,10.537037037037036,26.466666666666665,967.8503333333333,SITE 10,EXT
2026-03-04 03:00:00,35.106833333333334,30.606166666666663,18.950166666666668,31.666666666666668,10.74074074074074,27.666666666666668,967.444,SITE 10,EXT
2026-03-04 04:00:00,42.984833333333334,36.260666666666665,23.243,31.129629629629633,11.518518518518517,30.166666666666668,967.569,SITE 10,EXT
2026-03-04 05:00:00,49.42766666666667,42.528666666666666,26.531166666666664,30.555555555555557,11.333333333333334,30.7,967.922,SITE 10,EXT
2026-03-04 06:00:00,68.015,50.942741935483866,28.11032258064516,30.107526881720432,11.738351254480287,32.45161290322581,968.511935483871,SITE 10,EXT
2026-03-04 07:00:00,68.80799999999999,58.72233333333334,37.368500000000004,29.592592592592595,12.259259259259261,34.56666666666667,969.3633333333333,SITE 10,EXT
2026-03-04 08:00:00,55.23316666666666,44.83633333333333,28.946166666666667,30.11111111111111,13.38888888888889,36.13333333333333,970.0113333333334,SITE 10,EXT
2026-03-04 09:00:00,45.86566666666667,37.9145,24.252666666666666,32.03703703703704,14.074074074074074,33.96666666666667,970.402,SITE 10,EXT
2026-03-04 10:00:00,38.0535,32.73316666666667,20.828166666666668,34.907407407407405,14.055555555555555,28.733333333333334,970.5313333333332,SITE 10,EXT
2026-03-04 11:00:00,33.948,30.08216666666667,19.077333333333335,37.75925925925926,12.796296296296298,22.566666666666666,970.0126666666667,SITE 10,EXT
2026-03-04 12:00:00,29.6055,26.774,16.689333333333334,40.18518518518519,11.74074074074074,18.366666666666667,969.0816666666667,SITE 10,EXT
2026-03-04 13:00:00,27.970333333333333,25.293166666666664,15.444833333333332,41.611111111111114,10.833333333333334,15.966666666666667,968.3833333333333,SITE 10,EXT
2026-03-04 14:00:00,27.67983333333333,24.67983333333333,14.702,41.537037037037045,8.833333333333334,13.833333333333334,967.5550000000001,SITE 10,EXT
2026-03-04 15:00:00,25.9835,23.118333333333332,13.871666666666666,42.24074074074074,9.12962962962963,13.733333333333333,966.8853333333334,SITE 10,EXT
2026-03-04 16:00:00,28.091,25.074666666666666,15.010666666666667,41.70370370370371,9.851851851851851,14.733333333333333,966.694,SITE 10,EXT
2026-03-04 17:00:00,29.761774193548387,26.369032258064514,15.913064516129033,41.0573476702509,10.232974910394265,15.612903225806452,966.8096774193548,SITE 10,EXT
2026-03-04 18:00:00,44.832,36.39483333333333,22.533666666666665,39.407407407407405,10.851851851851851,17.933333333333334,967.274,SITE 10,EXT
2026-03-04 19:00:00,70.72716666666666,60.99966666666667,39.72683333333334,38.14814814814815,11.074074074074074,19.6,968.0756666666667,SITE 10,EXT
2026-03-04 20:00:00,69.92833333333333,59.3315,38.53516666666667,37.25925925925926,10.833333333333334,20.166666666666668,969.063,SITE 10,EXT
2026-03-04 21:00:00,65.22566666666667,52.035666666666664,33.95316666666667,36.40740740740741,12.037037037037038,23.133333333333333,969.4843333333333,SITE 10,EXT
2026-03-04 22:00:00,52.25983333333333,42.344500000000004,27.1315,36.0,11.685185185185187,23.0,969.8733333333333,SITE 10,EXT
2026-03-04 23:00:00,46.744166666666665,38.64333333333333,25.085333333333335,34.87037037037037,12.425925925925927,25.733333333333334,969.8353333333333,SITE 10,EXT
2026-03-05 00:00:00,45.41887096774193,37.90048387096774,24.828064516129032,33.530465949820794,14.56989247311828,32.12903225806452,970.1690322580646,SITE 10,EXT
2026-03-05 01:00:00,45.94983333333333,38.43066666666667,25.365166666666667,32.31481481481482,15.481481481481483,36.666666666666664,970.0553333333334,SITE 10,EXT
2026-03-05 02:00:00,47.152833333333334,39.51133333333333,26.44066666666667,31.25925925925926,16.85185185185185,42.43333333333333,969.644,SITE 10,EXT
2026-03-05 03:00:00,46.86583333333333,39.373333333333335,26.426166666666667,30.518518518518523,17.296296296296298,45.6,969.225,SITE 10,EXT
2026-03-05 04:00:00,43.607166666666664,37.17466666666667,25.007833333333334,29.666666666666668,17.925925925925927,49.63333333333333,969.427,SITE 10,EXT
2026-03-05 05:00:00,42.44466666666666,36.4655,24.372166666666665,29.333333333333332,18.62962962962963,53.03333333333333,969.4123333333333,SITE 10,EXT
2026-03-05 06:00:00,46.0755,39.006,26.165166666666668,28.833333333333332,18.592592592592595,54.53333333333333,969.7623333333333,SITE 10,EXT
2026-03-05 07:00:00,43.365483870967736,37.18838709677419,24.970000000000002,28.978494623655916,18.85304659498208,54.903225806451616,970.3180645161291,SITE 10,EXT
2026-03-05 08:00:00,35.5145,32.267833333333336,21.667333333333332,30.11111111111111,19.240740740740744,52.666666666666664,970.9426666666666,SITE 10,EXT
2026-03-05 09:00:00,33.109833333333334,30.329333333333334,20.15583333333333,32.22222222222222,19.5,47.43333333333333,971.2136666666667,SITE 10,EXT
2026-03-05 10:00:00,27.362166666666667,25.8055,17.459833333333332,34.88888888888889,19.388888888888893,40.53333333333333,971.3093333333333,SITE 10,EXT
2026-03-05 11:00:00,25.447,24.17716666666667,16.464833333333335,37.7037037037037,19.27777777777778,34.3,970.6406666666667,SITE 10,EXT
2026-03-05 12:00:00,26.584,24.97416666666667,16.936333333333334,38.94444444444444,18.40740740740741,30.466666666666665,969.3406666666667,SITE 10,EXT
2026-03-05 13:00:00,26.553166666666666,24.885833333333334,16.604166666666668,40.092592592592595,17.092592592592595,26.233333333333334,968.2773333333333,SITE 10,EXT
2026-03-05 14:00:00,28.65583333333333,26.324333333333335,17.350666666666665,41.037037037037045,16.40740740740741,23.9,967.4086666666666,SITE 10,EXT
2026-03-05 15:00:00,28.745,26.47435483870968,17.353225806451615,40.16129032258065,15.806451612903226,24.161290322580644,966.6619354838709,SITE 10,EXT
2026-03-05 16:00:00,33.538333333333334,30.176499999999997,20.011833333333335,39.62962962962963,15.74074074074074,24.7,966.2546666666666,SITE 10,EXT
2026-03-05 17:00:00,39.37116666666667,34.501333333333335,22.567333333333334,38.98148148148149,15.222222222222223,24.633333333333333,966.3923333333333,SITE 10,EXT
2026-03-05 18:00:00,41.785,35.755833333333335,23.730999999999998,37.12962962962963,17.092592592592595,31.0,967.154,SITE 10,EXT
2026-03-05 19:00:00,40.32283333333333,34.809999999999995,23.064833333333336,35.68518518518519,17.796296296296298,34.93333333333333,967.9726666666667,SITE 10,EXT
2026-03-05 20:00:00,46.56883333333334,38.949,25.80633333333333,35.62962962962963,17.85185185185185,35.13333333333333,968.4449999999999,SITE 10,EXT
2026-03-05 21:00:00,45.154333333333334,38.06033333333333,25.1255,35.55555555555556,18.14814814814815,36.0,968.8956666666667,SITE 10,EXT
2026-03-05 22:00:00,35.73612903225806,32.09241935483871,21.32758064516129,35.0,18.225806451612907,37.25806451612903,969.2264516129032,SITE 10,EXT
2026-03-05 23:00:00,34.273,31.133,20.803,34.61111111111111,18.11111111111111,38.03333333333333,969.3346666666667,SITE 10,EXT
2026-03-06 00:00:00,35.474333333333334,31.956500000000002,21.459833333333332,33.62962962962963,18.092592592592595,40.03333333333333,968.9516666666666,SITE 10,EXT
2026-03-06 01:00:00,37.91466666666667,33.376666666666665,22.296666666666667,32.87037037037037,18.03703703703704,41.7,968.173,SITE 10,EXT
2026-03-06 02:00:00,34.0445,31.16283333333333,20.978666666666665,32.24074074074074,17.98148148148148,42.86666666666667,967.7703333333334,SITE 10,EXT
2026-03-06 03:00:00,35.19616666666666,31.889333333333333,21.457333333333334,32.22222222222222,18.333333333333336,43.6,967.5913333333333,SITE 10,EXT
2026-03-06 04:00:00,32.61566666666667,30.227833333333333,20.235166666666668,31.722222222222225,18.40740740740741,45.5,967.514,SITE 10,EXT
2026-03-06 05:00:00,28.94645161290323,27.511935483870968,18.636451612903226,31.218637992831543,18.70967741935484,47.516129032258064,967.4987096774194,SITE 10,EXT
2026-03-06 06:00:00,37.727999999999994,33.571,22.254666666666665,30.925925925925927,18.814814814814817,48.8,967.816,SITE 10,EXT
2026-03-06 07:00:00,43.40416666666667,36.94183333333333,24.55666666666667,30.574074074074076,18.90740740740741,50.46666666666667,968.487,SITE 10,EXT
2026-03-06 08:00:00,40.94566666666666,35.424,23.57266666666667,31.61111111111111,19.64814814814815,49.46666666666667,969.0523333333333,SITE 10,EXT
2026-03-06 09:00:00,43.290499999999994,38.18783333333333,25.636833333333335,33.40740740740741,20.092592592592595,46.06666666666667,969.5863333333333,SITE 10,EXT
2026-03-06 10:00:00,33.37166666666666,30.858166666666666,20.826,35.37037037037037,20.12962962962963,41.233333333333334,969.6536666666667,SITE 10,EXT
2026-03-06 11:00:00,28.812666666666665,27.4405,18.83083333333333,37.98148148148149,19.77777777777778,34.833333333333336,969.024,SITE 10,EXT
2026-03-06 12:00:00,28.115000000000002,26.47274193548387,18.22193548387097,39.157706093189965,18.799283154121866,30.870967741935484,967.9941935483871,SITE 10,EXT
2026-03-06 13:00:00,26.808333333333334,25.223166666666668,17.039166666666667,40.90740740740741,17.51851851851852,25.833333333333332,967.0433333333333,SITE 10,EXT
2026-03-06 14:00:00,28.345666666666666,26.354,17.578833333333332,41.01851851851852,16.59259259259259,24.2,965.8953333333334,SITE 10,EXT
2026-03-06 15:00:00,33.35433333333334,29.983666666666668,20.0575,40.46296296296296,16.351851851851855,24.533333333333335,964.6936666666667,SITE 10,EXT
2026-03-06 16:00:00,36.36233333333334,32.41983333333334,21.65216666666667,39.62962962962963,15.851851851851851,24.9,964.643,SITE 10,EXT
2026-03-06 17:00:00,33.912166666666664,30.826833333333333,20.688499999999998,38.092592592592595,17.22222222222222,29.5,964.895,SITE 10,EXT
2026-03-06 18:00:00,43.68983333333333,37.299499999999995,25.064500000000002,37.22222222222222,17.77777777777778,32.06666666666667,965.6746666666666,SITE 10,EXT
2026-03-06 19:00:00,46.604193548387094,39.053548387096775,25.523709677419355,37.204301075268816,18.10035842293907,32.70967741935484,966.456129032258,SITE 10,EXT
2026-03-06 20:00:00,51.6195,42.473499999999994,27.40983333333333,36.68518518518519,18.166666666666668,33.766666666666666,967.4979999999999,SITE 10,EXT
2026-03-06 21:00:00,38.34866666666667,33.356500000000004,21.850666666666665,35.74074074074074,19.11111111111111,37.96666666666667,968.4626666666667,SITE 10,EXT
2026-03-06 22:00:00,36.525333333333336,32.55283333333333,21.6925,33.98148148148149,19.685185185185183,43.36666666666667,968.312,SITE 10,EXT
2026-03-06 23:00:00,29.52716666666667,27.636833333333335,18.378666666666668,33.370370370370374,18.925925925925927,42.733333333333334,968.4046666666667,SITE 10,EXT
2026-03-07 00:00:00,24.271,23.157,15.646333333333333,32.31481481481482,18.12962962962963,43.233333333333334,968.1666666666666,SITE 10,EXT
2026-03-07 01:00:00,25.051166666666667,23.779833333333332,15.816166666666668,32.22222222222222,17.537037037037035,41.96666666666667,967.689,SITE 10,EXT
2026-03-07 02:00:00,27.352166666666665,24.655166666666666,15.7555,32.148148148148145,17.462962962962965,41.766666666666666,967.982,SITE 10,EXT
2026-03-07 03:00:00,32.26064516129032,29.468548387096774,19.90064516129032,30.537634408602152,18.745519713261647,50.0,969.0180645161291,SITE 10,EXT
2026-03-07 04:00:00,33.309666666666665,31.2485,19.923000000000002,26.814814814814817,18.444444444444446,60.7,969.9069999999999,SITE 10,EXT
2026-03-07 05:00:00,29.697666666666667,27.47416666666667,18.4855,26.38888888888889,19.462962962962965,66.63333333333334,970.5716666666667,SITE 10,EXT
2026-03-07 06:00:00,25.436333333333334,24.35,15.925666666666666,27.222222222222225,19.88888888888889,64.73333333333333,971.106,SITE 10,EXT
2026-03-07 14:00:00,23.490714285714287,22.209285714285716,14.974285714285713,30.357142857142858,19.563492063492067,52.714285714285715,967.9014285714286,SITE 10,EXT
2026-03-07 15:00:00,30.9395,29.082,19.858,32.48148148148148,19.592592592592595,47.0,967.388,SITE 10,EXT
2026-03-07 16:00:00,36.34983333333333,32.24333333333333,22.050666666666665,33.24074074074074,19.25925925925926,44.03333333333333,967.12,SITE 10,EXT
2026-03-07 17:00:00,58.98466666666666,48.72683333333334,32.91983333333334,32.407407407407405,19.537037037037035,47.03333333333333,967.1443333333333,SITE 10,EXT
2026-03-07 18:00:00,67.54116666666667,57.41616666666666,38.963166666666666,31.833333333333332,19.740740740740744,49.266666666666666,967.2286666666666,SITE 10,EXT
2026-03-07 19:00:00,76.30533333333332,70.46266666666666,48.17166666666667,31.62962962962963,20.12962962962963,50.833333333333336,967.8273333333333,SITE 10,EXT
2026-03-07 20:00:00,74.63283333333334,67.2045,45.1055,31.055555555555557,20.27777777777778,53.266666666666666,968.7763333333334,SITE 10,EXT
2026-03-07 21:00:00,76.87016129032257,71.6975806451613,48.41854838709677,30.555555555555557,20.448028673835125,55.064516129032256,969.706129032258,SITE 10,EXT
2026-03-07 22:00:00,98.99216666666666,95.8995,63.84616666666667,30.14814814814815,20.555555555555557,57.03333333333333,970.029,SITE 10,EXT
2026-03-07 23:00:00,62.983666666666664,54.43333333333333,35.81883333333334,29.98148148148148,20.092592592592595,55.733333333333334,970.1843333333333,SITE 10,EXT
2026-03-08 00:00:00,50.09633333333333,42.385,28.376166666666666,29.740740740740744,19.703703703703702,55.2,969.4316666666667,SITE 10,EXT
2026-03-08 01:00:00,39.41833333333333,34.89033333333334,23.069166666666668,29.444444444444446,19.444444444444446,55.833333333333336,968.6383333333334,SITE 10,EXT
2026-03-08 02:00:00,27.342499999999998,26.148,17.403333333333332,29.0,19.074074074074076,55.63333333333333,968.0930000000001,SITE 10,EXT
2026-03-08 03:00:00,57.41316666666667,48.305166666666665,31.92,28.88888888888889,19.48148148148148,57.56666666666667,967.7520000000001,SITE 10,EXT
2026-03-08 04:00:00,68.6609677419355,58.012741935483874,37.87435483870968,28.70967741935484,19.946236559139788,59.61290322580645,967.6906451612903,SITE 10,EXT
2026-03-08 05:00:00,82.16349999999998,77.24,51.58483333333333,28.333333333333336,19.98148148148148,61.2,968.1583333333333,SITE 10,EXT
2026-03-08 06:00:00,111.488,108.29666666666667,72.318,28.166666666666668,19.833333333333332,61.93333333333333,968.8,SITE 10,EXT
2026-03-08 07:00:00,85.71516666666666,80.26016666666666,53.18266666666667,28.703703703703706,19.740740740740744,59.13333333333333,969.341,SITE 10,EXT
2026-03-08 08:00:00,43.5615,37.474333333333334,24.849333333333334,30.61111111111111,19.12962962962963,51.13333333333333,969.9043333333334,SITE 10,EXT
2026-03-08 09:00:00,28.613833333333332,27.27583333333333,18.247166666666665,33.22222222222222,18.40740740740741,41.8,970.3,SITE 10,EXT
2026-03-08 10:00:00,25.75603448275862,24.93155172413793,17.105862068965518,35.47892720306513,19.272030651340998,38.827586206896555,970.2613793103449,SITE 10,EXT
2026-03-08 11:00:00,24.296666666666667,23.39016666666667,15.874500000000001,37.68518518518519,19.222222222222225,34.3,969.534,SITE 10,EXT
2026-03-08 12:00:00,26.671290322580642,25.59967741935484,17.212903225806453,39.06810035842294,18.49462365591398,30.193548387096776,968.6541935483871,SITE 10,EXT
2026-03-08 13:00:00,29.5675,28.049666666666667,18.7745,40.37037037037037,17.888888888888893,27.133333333333333,967.583,SITE 10,EXT
2026-03-08 14:00:00,30.227833333333333,28.147,18.904833333333332,42.24074074074074,17.555555555555554,24.033333333333335,966.5383333333334,SITE 10,EXT
2026-03-08 15:00:00,25.782333333333334,24.354833333333332,16.305833333333332,41.2037037037037,16.055555555555557,23.133333333333333,965.884,SITE 10,EXT
2026-03-08 16:00:00,29.294833333333333,27.31683333333333,18.212833333333332,40.777777777777786,16.87037037037037,24.933333333333334,965.6806666666666,SITE 10,EXT
2026-03-08 17:00:00,37.0555,32.940333333333335,22.034499999999998,40.092592592592595,16.59259259259259,25.566666666666666,965.7479999999999,SITE 10,EXT
2026-03-08 18:00:00,46.45816666666667,39.44716666666667,26.4165,38.68518518518519,16.51851851851852,27.2,966.1813333333333,SITE 10,EXT
2026-03-08 19:00:00,74.1183870967742,64.66403225806452,43.248064516129034,37.54480286738352,17.688172043010756,31.35483870967742,966.9754838709678,SITE 10,EXT
2026-03-08 20:00:00,82.389,76.6905,52.01266666666667,36.74074074074075,17.333333333333332,32.06666666666667,967.5226666666666,SITE 10,EXT
2026-03-08 21:00:00,76.28316666666666,68.81283333333333,45.3065,35.90740740740741,18.12962962962963,35.36666666666667,968.1366666666667,SITE 10,EXT
2026-03-08 22:00:00,68.008,59.72633333333333,39.3085,35.22222222222222,17.888888888888893,36.13333333333333,968.487,SITE 10,EXT
2026-03-08 23:00:00,106.15599999999999,99.83300000000001,64.88266666666667,34.53703703703704,17.592592592592595,36.9,968.4723333333334,SITE 10,EXT
2026-03-09 00:00:00,59.8695,52.4705,34.92066666666666,34.12962962962963,16.925925925925927,36.233333333333334,968.066,SITE 10,EXT
2026-03-09 01:00:00,41.526833333333336,35.94383333333334,23.465833333333332,33.31481481481482,17.203703703703702,38.666666666666664,967.7383333333333,SITE 10,EXT
2026-03-09 02:00:00,42.395806451612906,36.28064516129032,23.569032258064517,31.810035842293907,18.70967741935484,46.483870967741936,967.2409677419355,SITE 10,EXT
2026-03-09 03:00:00,38.910666666666664,34.31216666666667,22.608333333333334,31.444444444444446,19.055555555555557,48.03333333333333,966.7426666666667,SITE 10,EXT
2026-03-09 04:00:00,40.782333333333334,35.3855,23.127666666666666,31.111111111111118,19.27777777777778,49.96666666666667,967.2813333333332,SITE 10,EXT
2026-03-09 05:00:00,50.604166666666664,42.37416666666666,27.836666666666666,31.111111111111118,19.444444444444446,50.63333333333333,968.3123333333333,SITE 10,EXT
2026-03-09 06:00:00,49.845666666666666,41.715,27.2495,30.722222222222225,19.27777777777778,50.9,969.0916666666667,SITE 10,EXT
2026-03-09 07:00:00,52.263000000000005,43.49666666666667,28.597666666666665,30.53703703703704,19.592592592592595,52.733333333333334,969.644,SITE 10,EXT
2026-03-09 08:00:00,47.274833333333326,39.932,26.272166666666667,31.31481481481482,19.833333333333332,51.166666666666664,969.9789999999999,SITE 10,EXT
2026-03-09 09:00:00,43.391935483870974,37.204354838709676,24.526451612903223,33.01075268817205,20.537634408602152,48.25806451612903,970.3970967741936,SITE 10,EXT
2026-03-09 10:00:00,37.54533333333334,33.6335,22.517333333333333,35.37037037037037,20.740740740740744,42.93333333333333,970.2860000000001,SITE 10,EXT
2026-03-09 11:00:00,31.902166666666666,30.083000000000002,20.320666666666668,38.25925925925926,20.462962962962965,36.03333333333333,969.7360000000001,SITE 10,EXT
2026-03-09 12:00:00,28.675,27.401999999999997,18.553333333333335,40.166666666666664,19.12962962962963,29.766666666666666,968.8240000000001,SITE 10,EXT
2026-03-09 13:00:00,25.211333333333336,23.769166666666667,15.864666666666666,42.2037037037037,15.62962962962963,21.333333333333332,967.902,SITE 10,EXT
2026-03-09 14:00:00,23.949666666666666,22.629166666666666,14.9965,42.648148148148145,14.722222222222223,19.533333333333335,966.9613333333333,SITE 10,EXT
2026-03-09 15:00:00,23.813166666666667,22.397666666666666,14.764833333333334,42.333333333333336,14.111111111111112,19.1,966.444,SITE 10,EXT
2026-03-09 16:00:00,29.318064516129034,26.88806451612903,17.909032258064514,41.25448028673835,14.39068100358423,20.612903225806452,966.3406451612904,SITE 10,EXT
2026-03-09 17:00:00,35.58533333333333,31.708833333333335,21.077166666666667,40.24074074074074,14.38888888888889,21.866666666666667,966.409,SITE 10,EXT
2026-03-09 18:00:00,51.297333333333334,42.56466666666667,28.358166666666666,39.2037037037037,14.851851851851851,23.766666666666666,966.5756666666667,SITE 10,EXT
2026-03-09 19:00:00,52.349333333333334,43.271,28.686333333333334,38.03703703703704,16.0,27.333333333333332,967.39,SITE 10,EXT
2026-03-09 20:00:00,51.494166666666665,42.67133333333334,28.4345,36.666666666666664,17.51851851851852,32.56666666666667,968.1626666666667,SITE 10,EXT
2026-03-09 21:00:00,37.38433333333333,33.19466666666667,21.897333333333332,35.2962962962963,18.27777777777778,37.0,968.7616666666667,SITE 10,EXT
2026-03-09 22:00:00,35.00116666666667,31.7425,20.985500000000002,34.407407407407405,18.62962962962963,39.6,969.047,SITE 10,EXT
2026-03-09 23:00:00,41.42883333333334,35.730000000000004,23.564166666666665,32.92592592592593,20.166666666666668,47.5,969.003,SITE 10,EXT
2026-03-10 00:00:00,40.2358064516129,35.04677419354839,23.19725806451613,31.881720430107528,20.681003584229394,51.903225806451616,968.6622580645161,SITE 10,EXT
2026-03-10 01:00:00,36.49366666666666,32.85583333333333,21.8335,31.333333333333336,20.222222222222225,52.166666666666664,968.3503333333334,SITE 10,EXT
2026-03-10 02:00:00,33.08866666666667,30.805833333333332,20.322333333333333,30.574074074074076,19.462962962962965,52.1,967.9546666666666,SITE 10,EXT
2026-03-10 03:00:00,31.996666666666666,30.064833333333336,20.017166666666665,30.555555555555557,19.703703703703702,52.86666666666667,967.822,SITE 10,EXT
2026-03-10 04:00:00,35.9475,33.04716666666666,21.898500000000002,30.27777777777778,19.925925925925927,54.4,968.0443333333334,SITE 10,EXT
2026-03-10 05:00:00,35.017500000000005,32.077000000000005,21.16,30.0,20.0,55.53333333333333,968.3016666666666,SITE 10,EXT
2026-03-10 06:00:00,46.82683333333333,39.967999999999996,25.653666666666666,29.462962962962965,19.61111111111111,56.13333333333333,968.8826666666666,SITE 10,EXT
2026-03-10 07:00:00,49.16016129032258,41.704193548387096,26.731774193548386,30.14336917562724,19.96415770609319,55.193548387096776,969.5967741935484,SITE 10,EXT
2026-03-10 08:00:00,44.0105,37.594,24.554333333333332,31.12962962962963,20.25925925925926,53.03333333333333,970.1673333333333,SITE 10,EXT
2026-03-10 09:00:00,35.814499999999995,32.42316666666667,21.576666666666664,33.574074074074076,20.574074074074076,46.766666666666666,970.1896666666667,SITE 10,EXT
2026-03-10 10:00:00,36.2245,32.72783333333333,22.012999999999998,36.03703703703704,20.240740740740744,40.03333333333333,969.7076666666667,SITE 10,EXT
2026-03-10 11:00:00,34.07533333333333,31.193499999999997,21.127333333333336,38.77777777777778,18.537037037037035,30.8,969.0323333333333,SITE 10,EXT
2026-03-10 12:00:00,28.372666666666667,26.6005,17.860833333333336,40.666666666666664,15.462962962962964,22.833333333333332,968.2813333333332,SITE 10,EXT
2026-03-10 13:00:00,24.468666666666667,22.968,15.600999999999999,42.2037037037037,15.018518518518517,20.366666666666667,967.5333333333333,SITE 10,EXT
2026-03-10 14:00:00,24.94693548387097,23.50741935483871,15.793225806451614,42.25806451612903,15.07168458781362,20.580645161290324,966.5329032258064,SITE 10,EXT
2026-03-10 15:00:00,27.514833333333335,25.503833333333333,17.1675,41.851851851851855,14.277777777777779,19.8,966.028,SITE 10,EXT
2026-03-10 16:00:00,35.92216666666666,32.037333333333336,21.6135,40.96296296296296,14.814814814814815,21.6,965.9313333333333,SITE 10,EXT
2026-03-10 17:00:00,45.849666666666664,38.660999999999994,25.738999999999997,39.57407407407407,14.944444444444446,23.366666666666667,965.9966666666667,SITE 10,EXT
2026-03-10 18:00:00,64.63483333333333,55.374500000000005,36.63283333333333,38.03703703703704,15.481481481481483,26.466666666666665,966.2766666666666,SITE 10,EXT
2026-03-10 19:00:00,70.8005,61.85433333333334,40.291333333333334,36.62962962962963,15.537037037037038,28.566666666666666,966.8916666666667,SITE 10,EXT
2026-03-10 20:00:00,52.51983333333333,43.26383333333333,28.400333333333332,35.72222222222222,15.074074074074074,29.1,967.5806666666667,SITE 10,EXT
2026-03-10 21:00:00,45.744516129032256,38.51629032258065,25.422096774193548,35.0,14.56989247311828,29.612903225806452,968.1554838709677,SITE 10,EXT
2026-03-10 22:00:00,36.972833333333334,32.803000000000004,21.83983333333333,34.2037037037037,14.018518518518517,29.833333333333332,968.2526666666668,SITE 10,EXT
2026-03-10 23:00:00,39.29083333333333,34.2015,22.789499999999997,32.90740740740741,15.277777777777779,34.93333333333333,968.4830000000001,SITE 10,EXT
2026-03-11 00:00:00,46.80333333333333,39.379666666666665,26.229166666666668,31.40740740740741,17.796296296296298,44.63333333333333,968.3330000000001,SITE 10,EXT
2026-03-11 01:00:00,43.412666666666674,36.966499999999996,24.46033333333333,30.81481481481482,18.5,48.36666666666667,967.8873333333333,SITE 10,EXT
2026-03-11 02:00:00,45.195166666666665,38.27616666666667,25.3535,30.203703703703702,19.388888888888893,52.666666666666664,967.7546666666666,SITE 10,EXT
2026-03-11 03:00:00,47.93816666666667,40.401666666666664,26.894333333333336,30.0,20.0,55.733333333333334,967.7056666666667,SITE 10,EXT
2026-03-11 04:00:00,49.4515,41.571000000000005,27.360999999999997,29.685185185185183,20.240740740740744,57.4,967.6533333333333,SITE 10,EXT
2026-03-11 05:00:00,55.651774193548384,46.205,30.437580645161294,29.444444444444446,20.537634408602152,59.064516129032256,968.4974193548386,SITE 10,EXT
2026-03-11 06:00:00,63.86666666666667,52.89266666666666,34.656666666666666,29.0,20.62962962962963,61.13333333333333,969.581,SITE 10,EXT
2026-03-11 07:00:00,62.64033333333334,51.503,33.32266666666666,28.740740740740744,20.88888888888889,63.13333333333333,970.7003333333333,SITE 10,EXT
2026-03-11 08:00:00,53.480333333333334,44.39633333333333,28.822833333333335,29.555555555555557,20.944444444444446,60.36666666666667,971.1343333333333,SITE 10,EXT
2026-03-11 09:00:00,46.95233333333333,39.692,25.906166666666664,31.240740740740744,20.796296296296298,54.2,971.4286666666667,SITE 10,EXT
2026-03-11 10:00:00,44.580333333333336,37.9305,24.763333333333332,32.46296296296296,20.722222222222225,50.266666666666666,971.592,SITE 10,EXT
2026-03-11 11:00:00,43.54383333333333,37.31933333333333,24.6265,33.68518518518519,20.64814814814815,46.766666666666666,971.0576666666667,SITE 10,EXT
2026-03-11 12:00:00,35.149032258064516,32.046290322580646,21.38193548387097,35.98566308243728,20.591397849462368,41.12903225806452,969.5235483870968,SITE 10,EXT
2026-03-11 13:00:00,30.833833333333335,29.032500000000002,19.68933333333333,38.31481481481482,19.48148148148148,33.63333333333333,967.935,SITE 10,EXT
2026-03-11 14:00:00,30.579666666666665,28.773833333333336,19.388333333333332,39.25925925925926,18.351851851851855,29.8,966.7620000000001,SITE 10,EXT
2026-03-11 15:00:00,26.259833333333333,25.158666666666665,17.059,40.12962962962963,17.555555555555554,27.0,965.9169999999999,SITE 10,EXT
2026-03-11 16:00:00,31.538,29.191,19.887,39.37037037037037,16.37037037037037,26.0,965.867,SITE 10,EXT
2026-03-11 17:00:00,37.864000000000004,33.6965,22.63566666666667,38.092592592592595,16.944444444444443,29.0,966.2506666666667,SITE 10,EXT
2026-03-11 18:00:00,47.80233333333333,40.2595,27.0455,36.96296296296296,17.074074074074073,31.1,966.6903333333333,SITE 10,EXT
2026-03-11 19:00:00,68.07516129032258,57.13870967741936,37.33709677419355,36.32616487455198,17.903225806451612,34.0,967.336129032258,SITE 10,EXT
2026-03-11 20:00:00,66.93900000000001,56.24366666666666,37.530833333333334,35.64814814814815,18.370370370370374,36.266666666666666,968.0396666666667,SITE 10,EXT
2026-03-11 21:00:00,56.79183333333333,46.81483333333333,31.119833333333336,34.68518518518518,18.925925925925927,39.766666666666666,968.6156666666667,SITE 10,EXT
2026-03-11 22:00:00,56.6525,46.57816666666667,30.935833333333335,34.2962962962963,19.333333333333332,41.53333333333333,968.9963333333333,SITE 10,EXT
2026-03-11 23:00:00,86.42016666666667,78.204,46.859,33.75925925925926,19.314814814814817,43.1,969.1196666666667,SITE 10,EXT
2026-03-12 00:00:00,54.5785,45.47666666666667,29.186833333333333,33.0,18.962962962962965,43.86666666666667,968.7056666666666,SITE 10,EXT
2026-03-12 01:00:00,48.056333333333335,40.5565,26.905666666666665,31.61111111111111,19.462962962962965,48.833333333333336,968.0173333333333,SITE 10,EXT
2026-03-12 02:00:00,49.44283333333333,41.46716666666667,27.313333333333333,30.796296296296298,19.685185185185183,52.03333333333333,967.4113333333333,SITE 10,EXT
2026-03-12 03:00:00,54.02161290322581,44.72774193548387,28.80548387096774,30.017921146953405,20.322580645161292,56.38709677419355,967.2996774193549,SITE 10,EXT
2026-03-12 04:00:00,50.83866666666667,42.642500000000005,27.811833333333333,29.370370370370374,20.75925925925926,60.3,967.33,SITE 10,EXT
2026-03-12 05:00:00,54.877500000000005,45.40916666666667,29.657,28.88888888888889,20.64814814814815,62.0,967.8626666666667,SITE 10,EXT
2026-03-12 06:00:00,56.07083333333333,46.232,30.122166666666665,29.240740740740744,20.98148148148148,61.2,968.848,SITE 10,EXT
2026-03-12 07:00:00,59.0625,49.157333333333334,32.335166666666666,29.518518518518523,20.77777777777778,59.7,969.6830000000001,SITE 10,EXT
2026-03-12 08:00:00,51.96566666666667,43.991166666666665,28.917666666666666,30.833333333333332,20.37037037037037,54.166666666666664,970.2976666666667,SITE 10,EXT
2026-03-12 09:00:00,44.85633333333333,38.445166666666665,25.227333333333334,32.851851851851855,20.574074074074076,48.833333333333336,970.6603333333334,SITE 10,EXT
2026-03-12 10:00:00,37.85967741935484,33.73161290322581,22.684354838709677,35.26881720430108,20.41218637992832,42.29032258064516,970.6412903225806,SITE 10,EXT
2026-03-12 11:00:00,32.216166666666666,30.046333333333333,20.493166666666664,38.0,19.48148148148148,34.233333333333334,969.9456666666666,SITE 10,EXT
2026-03-12 12:00:00,31.614166666666666,29.726333333333333,20.326,40.07407407407407,18.62962962962963,29.133333333333333,968.994,SITE 10,EXT
2026-03-12 13:00:00,30.548166666666667,28.956166666666665,19.838666666666665,41.277777777777786,17.796296296296298,25.8,967.8003333333334,SITE 10,EXT
2026-03-12 14:00:00,29.958833333333335,28.298,19.4125,41.592592592592595,17.0,24.1,966.664,SITE 10,EXT
2026-03-12 15:00:00,26.699,25.515833333333333,17.577166666666667,41.22222222222222,17.074074074074076,24.566666666666666,966.0643333333334,SITE 10,EXT
2026-03-12 16:00:00,33.519,30.628333333333334,20.939,40.96296296296296,16.25925925925926,23.6,965.7353333333334,SITE 10,EXT
2026-03-12 17:00:00,43.708387096774196,37.79032258064516,26.02532258064516,39.516129032258064,16.684587813620073,26.258064516129032,965.9254838709677,SITE 10,EXT
2026-03-12 18:00:00,58.969833333333334,48.3285,32.21116666666667,38.72222222222222,17.22222222222222,28.466666666666665,966.566,SITE 10,EXT
2026-03-12 19:00:00,52.741499999999995,43.62866666666667,28.908,37.55555555555556,17.11111111111111,30.166666666666668,967.357,SITE 10,EXT
2026-03-12 20:00:00,58.98083333333333,48.27516666666667,32.11516666666667,36.42592592592593,16.833333333333332,31.6,967.8336666666667,SITE 10,EXT
2026-03-12 21:00:00,57.4925,47.026666666666664,31.421333333333333,36.0,17.333333333333332,33.266666666666666,968.4193333333334,SITE 10,EXT
2026-03-12 22:00:00,51.52333333333333,42.622,27.61916666666667,35.25925925925926,17.240740740740744,34.666666666666664,968.8933333333333,SITE 10,EXT
2026-03-12 23:00:00,34.176500000000004,31.290333333333333,20.516833333333334,34.00000000000001,17.685185185185183,37.9,968.9326666666667,SITE 10,EXT
2026-03-13 00:00:00,33.904666666666664,31.237666666666666,21.067666666666664,33.166666666666664,17.574074074074073,39.7,968.384,SITE 10,EXT
2026-03-13 01:00:00,30.238064516129032,28.87,19.558548387096774,32.31182795698925,17.652329749103945,41.774193548387096,967.6096774193549,SITE 10,EXT
2026-03-13 02:00:00,28.291166666666665,27.237333333333332,18.575333333333333,32.12962962962963,17.888888888888893,43.03333333333333,967.306,SITE 10,EXT
2026-03-13 03:00:00,30.58,28.566,19.293,32.22222222222222,17.962962962962965,42.9,967.4153333333333,SITE 10,EXT
2026-03-13 04:00:00,52.6265,44.03783333333333,28.790833333333335,31.722222222222225,17.277777777777775,42.9,967.751,SITE 10,EXT
2026-03-13 05:00:00,29.826666666666664,28.194000000000003,19.090333333333334,31.166666666666668,17.296296296296298,43.733333333333334,968.2180000000001,SITE 10,EXT
2026-03-13 06:00:00,30.152666666666665,28.130166666666664,19.018666666666665,29.666666666666668,17.61111111111111,48.7,969.073,SITE 10,EXT
2026-03-13 07:00:00,32.5905,30.435,20.482666666666667,29.814814814814817,18.14814814814815,50.36666666666667,969.9026666666666,SITE 10,EXT
2026-03-13 08:00:00,30.486290322580647,28.586612903225806,19.411129032258064,30.98566308243728,19.211469534050178,49.806451612903224,970.4732258064515,SITE 10,EXT
2026-03-13 09:00:00,25.32016666666667,24.558,16.929333333333332,32.51851851851852,19.666666666666668,47.06666666666667,970.872,SITE 10,EXT
2026-03-13 10:00:00,25.196,24.2475,16.824666666666666,35.22222222222222,20.01851851851852,41.3,970.856,SITE 10,EXT
2026-03-13 11:00:00,23.830499999999997,23.136333333333333,16.158666666666665,38.03703703703704,19.98148148148148,35.2,970.1356666666667,SITE 10,EXT
2026-03-13 12:00:00,44.429310344827584,42.46655172413793,26.327758620689654,40.86206896551724,19.233716475095786,29.0,969.2020689655172,SITE 10,EXT
2026-03-13 13:00:00,38.528999999999996,36.64516666666667,25.1415,41.98148148148149,18.166666666666668,25.533333333333335,967.9036666666667,SITE 10,EXT
2026-03-13 14:00:00,23.08716666666667,22.274,16.021333333333335,43.55555555555556,16.88888888888889,21.466666666666665,966.7286666666666,SITE 10,EXT
2026-03-13 15:00:00,25.207833333333333,24.02266666666667,17.011499999999998,42.25925925925926,15.481481481481483,21.066666666666666,965.7786666666667,SITE 10,EXT
2026-03-13 16:00:00,29.296,27.556499999999996,19.567,41.7962962962963,15.444444444444446,21.433333333333334,965.2576666666666,SITE 10,EXT
2026-03-13 17:00:00,33.87566666666667,30.86733333333333,21.521,41.01851851851852,15.351851851851853,22.2,965.4623333333333,SITE 10,EXT
2026-03-13 18:00:00,51.31396551724138,42.73051724137931,28.929827586206898,39.827586206896555,15.593869731800767,24.03448275862069,965.9044827586207,SITE 10,EXT
2026-03-13 19:00:00,60.3895,49.7275,33.19083333333334,38.57407407407408,16.037037037037038,26.733333333333334,966.4879999999999,SITE 10,EXT
2026-03-13 20:00:00,49.38699999999999,41.59733333333334,28.113999999999997,36.592592592592595,17.38888888888889,32.4,967.5006666666667,SITE 10,EXT
2026-03-13 21:00:00,34.225833333333334,31.4835,21.34783333333333,34.92592592592593,17.462962962962965,35.833333333333336,967.8976666666666,SITE 10,EXT
2026-03-13 22:00:00,30.659166666666668,29.216333333333335,20.037,34.01851851851852,17.203703703703702,37.06666666666667,968.1803333333334,SITE 10,EXT
2026-03-13 23:00:00,27.772333333333332,26.776333333333334,18.5745,33.2962962962963,17.462962962962965,39.2,968.2713333333334,SITE 10,EXT
2026-03-14 00:00:00,27.080172413793104,26.182586206896552,18.17551724137931,32.509578544061306,17.681992337164754,41.41379310344828,967.856551724138,SITE 10,EXT
2026-03-14 01:00:00,25.079,24.322499999999998,16.901500000000002,31.796296296296298,17.685185185185183,43.3,967.1370000000001,SITE 10,EXT
2026-03-14 02:00:00,22.957333333333334,22.283666666666665,15.532833333333334,31.240740740740744,17.87037037037037,45.2,966.5686666666667,SITE 10,EXT
2026-03-14 03:00:00,26.370333333333335,25.456166666666668,17.598166666666664,31.111111111111118,18.333333333333336,47.2,966.0296666666667,SITE 10,EXT
2026-03-14 04:00:00,25.793499999999998,25.041666666666668,17.162333333333333,30.48148148148148,18.5,49.13333333333333,966.1276666666668,SITE 10,EXT
2026-03-14 05:00:00,27.677000000000003,26.712666666666667,18.276999999999997,29.90740740740741,18.685185185185183,51.56666666666667,966.723,SITE 10,EXT
2026-03-14 06:00:00,37.429310344827584,33.30655172413793,21.66344827586207,29.444444444444446,18.88888888888889,53.310344827586206,967.4920689655172,SITE 10,EXT
2026-03-14 07:00:00,42.279,36.52366666666667,24.164833333333334,30.074074074074076,19.425925925925927,53.0,968.3626666666667,SITE 10,EXT
2026-03-14 08:00:00,40.88666666666666,35.73983333333333,23.5885,31.055555555555557,19.703703703703702,51.166666666666664,969.2323333333334,SITE 10,EXT
2026-03-14 09:00:00,33.438,31.086833333333335,20.9785,32.94444444444444,20.0,46.8,969.9296666666667,SITE 10,EXT
2026-03-14 10:00:00,31.316,29.656499999999998,20.424666666666667,36.25925925925926,20.5,40.233333333333334,969.8183333333333,SITE 10,EXT
2026-03-14 11:00:00,30.901724137931033,29.364827586206896,20.38448275862069,39.559386973180075,20.28735632183908,33.172413793103445,969.066551724138,SITE 10,EXT
2026-03-14 12:00:00,31.033,29.36916666666667,20.543499999999998,41.92592592592593,19.222222222222225,27.3,967.8843333333333,SITE 10,EXT
2026-03-14 13:00:00,23.888666666666666,23.071,16.693166666666666,43.666666666666664,15.981481481481483,20.266666666666666,966.5853333333333,SITE 10,EXT
2026-03-14 14:00:00,22.785166666666665,21.83216666666667,15.83,43.81481481481482,15.01851851851852,18.6,965.4543333333334,SITE 10,EXT
2026-03-14 15:00:00,22.743499999999997,22.07283333333333,15.8805,43.611111111111114,14.703703703703704,18.533333333333335,964.403,SITE 10,EXT
2026-03-14 16:00:00,31.936833333333333,29.567,20.860333333333333,43.18518518518519,13.277777777777779,17.333333333333332,963.8736666666666,SITE 10,EXT
2026-03-14 17:00:00,37.712758620689655,33.67862068965517,23.469655172413795,42.04980842911878,13.984674329501916,19.275862068965516,964.1082758620689,SITE 10,EXT
2026-03-14 18:00:00,48.403999999999996,40.753166666666665,27.835500000000003,40.38888888888889,14.055555555555555,21.166666666666668,964.8043333333334,SITE 10,EXT
2026-03-14 19:00:00,67.397,58.52433333333333,39.5325,39.25925925925926,14.555555555555555,23.366666666666667,965.6243333333333,SITE 10,EXT
2026-03-14 20:00:00,73.73049999999999,65.36466666666666,45.05333333333333,38.31481481481482,15.018518518518517,25.133333333333333,966.7316666666667,SITE 10,EXT
2026-03-14 21:00:00,47.463166666666666,40.631166666666665,27.563666666666666,36.166666666666664,16.814814814814817,31.966666666666665,967.7206666666666,SITE 10,EXT
2026-03-14 22:00:00,42.489333333333335,36.709666666666664,24.918333333333333,34.72222222222222,17.35185185185185,35.96666666666667,967.9596666666667,SITE 10,EXT
2026-03-14 23:00:00,49.02655172413793,41.61706896551724,27.722241379310347,33.88888888888889,17.490421455938698,38.10344827586207,968.0189655172413,SITE 10,EXT
2026-03-15 00:00:00,41.41833333333333,36.6055,24.434166666666666,33.51851851851852,17.407407407407405,38.36666666666667,967.6723333333333,SITE 10,EXT
2026-03-15 01:00:00,34.44166666666667,31.758,21.69783333333333,32.57407407407407,17.203703703703702,40.43333333333333,967.3683333333333,SITE 10,EXT
2026-03-15 02:00:00,35.348166666666664,32.28933333333333,22.11116666666667,31.85185185185185,17.51851851851852,42.833333333333336,966.8433333333334,SITE 10,EXT
2026-03-15 03:00:00,37.44283333333333,33.575833333333335,22.5875,31.77777777777778,18.092592592592595,44.333333333333336,966.3706666666666,SITE 10,EXT
2026-03-15 04:00:00,42.797586206896554,36.7801724137931,23.619655172413793,31.226053639846747,18.237547892720308,46.275862068965516,966.7165517241378,SITE 10,EXT
2026-03-15 05:00:00,48.857499999999995,40.97716666666667,27.1905,31.000000000000004,18.27777777777778,47.13333333333333,967.769,SITE 10,EXT
2026-03-15 06:00:00,61.05716666666667,50.415499999999994,33.7685,30.166666666666668,18.444444444444446,49.833333333333336,968.9523333333333,SITE 10,EXT
2026-03-15 07:00:00,63.85116666666667,53.83416666666667,35.964000000000006,30.592592592592595,18.75925925925926,49.5,969.8430000000001,SITE 10,EXT
2026-03-15 08:00:00,49.49966666666667,41.760666666666665,27.948833333333333,31.88888888888889,19.592592592592595,48.733333333333334,970.3746666666667,SITE 10,EXT
2026-03-15 09:00:00,52.26931034482759,43.79189655172414,29.356896551724137,33.71647509578544,19.86590038314176,44.41379310344828,970.5703448275863,SITE 10,EXT
2026-03-15 10:00:00,53.786500000000004,44.768166666666666,30.190833333333334,35.27777777777778,19.925925925925927,41.03333333333333,970.4806666666667,SITE 10,EXT
2026-03-15 11:00:00,51.774166666666666,43.446333333333335,29.328333333333333,37.092592592592595,19.962962962962965,37.1,969.6873333333333,SITE 10,EXT
2026-03-15 12:00:00,47.06616666666666,39.88966666666667,27.075666666666667,38.62962962962963,19.185185185185183,32.53333333333333,968.5156666666667,SITE 10,EXT
2026-03-15 13:00:00,40.92549999999999,35.70933333333333,24.410833333333336,40.01851851851852,18.055555555555557,28.066666666666666,967.3816666666667,SITE 10,EXT
2026-03-15 14:00:00,35.35916666666667,32.3055,22.217499999999998,40.42592592592593,17.24074074074074,26.133333333333333,966.5483333333334,SITE 10,EXT
2026-03-15 15:00:00,31.058620689655175,29.186896551724136,20.15706896551724,40.191570881226056,16.513409961685824,25.17241379310345,965.9434482758621,SITE 10,EXT
2026-03-15 16:00:00,31.27583333333333,29.162333333333333,20.216166666666666,39.74074074074074,15.462962962962964,24.0,965.7723333333332,SITE 10,EXT
2026-03-15 17:00:00,41.07233333333333,35.93633333333333,24.6915,39.25925925925926,15.777777777777779,25.3,966.0023333333334,SITE 10,EXT
2026-03-15 18:00:00,43.1295,37.08283333333334,25.028833333333335,38.37037037037037,16.185185185185183,27.166666666666668,966.568,SITE 10,EXT
2026-03-15 19:00:00,45.73916666666666,38.760999999999996,26.17866666666667,37.407407407407405,17.444444444444446,31.066666666666666,967.2180000000001,SITE 10,EXT
2026-03-15 20:00:00,51.172333333333334,42.788333333333334,28.7755,36.38888888888889,17.87037037037037,33.733333333333334,968.259,SITE 10,EXT
2026-03-15 21:00:00,49.246206896551726,41.455862068965516,27.893793103448274,35.51724137931034,18.12260536398468,36.10344827586207,969.0548275862069,SITE 10,EXT
2026-03-15 22:00:00,43.172333333333334,37.01533333333334,24.933333333333334,34.81481481481481,18.296296296296298,37.833333333333336,969.4063333333332,SITE 10,EXT
2026-03-15 23:00:00,40.39083333333333,35.221333333333334,23.427166666666665,33.574074074074076,18.518518518518523,41.233333333333334,969.4150000000001,SITE 10,EXT
2026-03-16 00:00:00,41.162166666666664,35.727999999999994,23.83,33.24074074074074,18.87037037037037,43.06666666666667,969.2243333333333,SITE 10,EXT
2026-03-16 01:00:00,36.613166666666665,33.015166666666666,22.286833333333334,32.592592592592595,18.703703703703702,43.96666666666667,968.4770000000001,SITE 10,EXT
2026-03-16 02:00:00,32.43533333333333,30.5865,20.805999999999997,32.0,18.12962962962963,44.06666666666667,967.9639999999999,SITE 10,EXT
2026-03-16 03:00:00,31.91783333333333,30.214499999999997,20.624833333333335,31.203703703703706,18.0,45.63333333333333,967.9363333333333,SITE 10,EXT
2026-03-16 04:00:00,36.11586206896552,32.859310344827584,22.121896551724138,30.977011494252874,18.218390804597703,47.13793103448276,967.9120689655173,SITE 10,EXT
2026-03-16 05:00:00,35.97533333333333,32.720166666666664,22.206333333333337,30.53703703703704,17.85185185185185,47.2,968.1073333333334,SITE 10,EXT
2026-03-16 06:00:00,49.282666666666664,42.67816666666667,27.785333333333334,30.296296296296298,17.98148148148148,48.3,968.7836666666667,SITE 10,EXT
2026-03-16 07:00:00,57.535333333333334,47.791500000000006,31.991333333333333,31.092592592592595,18.296296296296298,46.96666666666667,970.3256666666667,SITE 10,EXT
2026-03-16 08:00:00,55.455,45.70016666666667,30.252833333333335,32.75925925925926,18.592592592592595,43.333333333333336,970.9733333333334,SITE 10,EXT
2026-03-16 09:00:00,46.88758620689655,39.64931034482758,26.840344827586208,35.47892720306513,18.371647509578544,36.86206896551724,971.1820689655171,SITE 10,EXT
2026-03-16 10:00:00,39.552,34.76233333333333,23.628666666666668,38.24074074074074,17.537037037037035,29.9,971.044,SITE 10,EXT
2026-03-16 11:00:00,32.89383333333333,30.425666666666665,20.8335,40.833333333333336,15.333333333333334,22.533333333333335,970.2036666666667,SITE 10,EXT
2026-03-16 12:00:00,25.594833333333334,23.860000000000003,16.089166666666667,41.94444444444445,11.370370370370372,16.4,969.0273333333333,SITE 10,EXT
2026-03-16 13:00:00,16.819166666666668,15.235208333333333,9.644375,42.66203703703704,6.9907407407407405,11.5,967.775,SITE 10,EXT
2026-03-16 14:00:00,17.630689655172414,16.02,10.37396551724138,43.18007662835249,5.881226053639847,10.275862068965518,966.5210344827586,SITE 10,EXT
2026-03-16 15:00:00,21.366666666666667,19.439000000000004,12.678666666666667,44.166666666666664,6.092592592592593,10.0,965.6800000000001,SITE 10,EXT
2026-03-16 16:00:00,24.78983333333333,22.78483333333333,15.498333333333333,43.92592592592593,6.962962962962963,10.766666666666667,965.3143333333334,SITE 10,EXT
2026-03-16 17:00:00,33.82516666666667,30.168166666666664,20.81,42.37037037037037,6.722222222222223,11.466666666666667,965.3816666666667,SITE 10,EXT
2026-03-16 18:00:00,46.786500000000004,39.17316666666667,25.917666666666666,40.7037037037037,7.388888888888889,13.366666666666667,965.95,SITE 10,EXT
2026-03-16 19:00:00,75.86655172413793,67.46293103448275,45.37413793103448,38.96551724137931,9.482758620689655,16.82758620689655,966.5310344827586,SITE 10,EXT
2026-03-16 20:00:00,82.31676470588235,77.18205882352942,51.41117647058824,37.712418300653596,11.11111111111111,20.058823529411764,967.2776470588236,SITE 10,EXT
2026-03-16 23:00:00,79.68,69.17863636363637,42.28931818181818,33.131313131313135,9.747474747474747,23.59090909090909,968.4454545454545,SITE 10,EXT
2026-03-17 00:00:00,61.808793103448274,52.685,33.446379310344824,33.582375478927204,8.371647509578544,20.96551724137931,968.2389655172414,SITE 10,EXT
2026-03-17 01:00:00,46.28637931034483,39.00810344827586,26.201551724137932,32.337164750957854,14.348659003831418,34.10344827586207,968.0855172413793,SITE 10,EXT
2026-03-17 02:00:00,48.068333333333335,40.474000000000004,27.295166666666667,31.53703703703704,16.12962962962963,39.766666666666666,967.795,SITE 10,EXT
2026-03-17 03:00:00,48.3805,40.824,27.4175,30.888888888888893,16.98148148148148,43.7,967.5336666666666,SITE 10,EXT
2026-03-17 04:00:00,48.405833333333334,40.877500000000005,27.55366666666667,30.40740740740741,17.888888888888893,47.6,967.635,SITE 10,EXT
2026-03-17 05:00:00,44.654333333333334,38.227333333333334,25.766333333333332,30.0,18.53703703703704,50.8,968.4996666666667,SITE 10,EXT
2026-03-17 06:00:00,46.834833333333336,39.553999999999995,26.353166666666667,30.0,18.88888888888889,51.766666666666666,969.0409999999999,SITE 10,EXT
2026-03-17 07:00:00,52.456896551724135,43.753793103448274,29.075172413793105,30.17241379310345,19.157088122605362,52.58620689655172,970.0310344827586,SITE 10,EXT
2026-03-17 08:00:00,38.236999999999995,34.07966666666667,23.06066666666667,31.03703703703704,19.75925925925926,51.4,970.7043333333334,SITE 10,EXT
2026-03-17 09:00:00,32.173833333333334,30.21916666666667,20.61916666666667,32.77777777777778,19.88888888888889,47.06666666666667,971.0866666666666,SITE 10,EXT
2026-03-17 10:00:00,29.86466666666667,28.431833333333334,19.6525,35.05555555555556,19.925925925925927,41.43333333333333,971.0110000000001,SITE 10,EXT
2026-03-17 11:00:00,34.332941176470584,31.652647058823533,21.85470588235294,37.05882352941177,20.0,37.1764705882353,970.3717647058824,SITE 10,EXT
2026-03-17 12:00:00,32.88055555555556,30.475277777777777,21.048333333333332,38.08641975308642,18.3641975308642,31.88888888888889,969.2116666666667,SITE 10,EXT
2026-03-17 13:00:00,30.813,28.918666666666663,20.59733333333333,39.77777777777778,17.833333333333332,27.933333333333334,968.1170000000001,SITE 10,EXT
2026-03-17 14:00:00,26.430833333333332,25.476333333333333,18.24383333333333,40.18518518518519,17.203703703703702,26.333333333333332,967.0550000000001,SITE 10,EXT
2026-03-17 15:00:00,31.37,29.299310344827585,20.360000000000003,39.00383141762452,16.551724137931036,27.03448275862069,966.4782758620689,SITE 10,EXT
2026-03-17 16:00:00,35.33266666666667,32.1355,22.27733333333333,39.27777777777778,16.574074074074073,26.633333333333333,966.4050000000001,SITE 10,EXT
2026-03-17 17:00:00,32.94733333333333,30.6145,21.111333333333334,38.18518518518519,16.14814814814815,27.333333333333332,966.7173333333334,SITE 10,EXT
2026-03-17 18:00:00,44.85033333333333,38.71333333333334,26.176,36.87037037037037,16.074074074074073,29.233333333333334,967.1170000000001,SITE 10,EXT
2026-03-17 19:00:00,47.89,40.3365,26.581833333333336,36.092592592592595,16.166666666666668,30.733333333333334,967.766,SITE 10,EXT
2026-03-17 20:00:00,47.96851851851852,40.35277777777778,26.738518518518518,35.39094650205761,16.152263374485596,31.962962962962962,968.7107407407407,SITE 10,EXT
2026-03-17 21:00:00,40.51983333333333,35.42216666666666,23.540666666666667,34.7037037037037,16.11111111111111,33.266666666666666,969.5053333333333,SITE 10,EXT
2026-03-17 22:00:00,41.8725,36.51839285714286,24.539464285714285,34.20634920634921,16.25,34.42857142857143,969.8260714285715,SITE 10,EXT
2026-03-17 23:00:00,37.426153846153845,33.394999999999996,22.535,32.863247863247864,16.21794871794872,37.23076923076923,969.6776923076923,SITE 10,EXT
2026-03-18 00:00:00,38.7555,34.3075,23.358166666666666,32.592592592592595,16.90740740740741,39.36666666666667,969.1693333333334,SITE 10,EXT
2026-03-18 01:00:00,35.755833333333335,32.495333333333335,22.182666666666666,31.962962962962965,17.333333333333332,42.0,968.3396666666666,SITE 10,EXT
2026-03-18 02:00:00,34.78879310344828,31.703793103448273,21.517931034482757,31.570881226053643,17.643678160919542,43.51724137931034,967.6203448275861,SITE 10,EXT
2026-03-18 03:00:00,33.169333333333334,30.918,21.158,31.111111111111118,17.75925925925926,45.233333333333334,967.3453333333333,SITE 10,EXT
2026-03-18 04:00:00,33.99433333333334,31.511166666666668,21.574333333333335,30.592592592592595,18.055555555555557,47.43333333333333,967.5173333333333,SITE 10,EXT
2026-03-18 05:00:00,35.090333333333334,32.192166666666665,21.8625,29.85185185185185,18.370370370370374,50.4,967.956,SITE 10,EXT
2026-03-18 06:00:00,37.146,33.3,22.063499999999998,29.240740740740744,19.0,54.63333333333333,968.5013333333334,SITE 10,EXT
2026-03-18 07:00:00,38.01016666666667,33.88483333333333,22.721999999999998,29.796296296296298,19.5,54.4,969.0390000000001,SITE 10,EXT
2026-03-18 08:00:00,28.400344827586206,27.131206896551724,18.567586206896554,31.49425287356322,19.597701149425287,49.689655172413794,969.726551724138,SITE 10,EXT
2026-03-18 09:00:00,27.880499999999998,26.848000000000003,18.658833333333334,33.55555555555556,19.740740740740744,44.63333333333333,970.329,SITE 10,EXT
2026-03-18 10:00:00,26.345000000000002,25.4815,18.008,35.666666666666664,19.61111111111111,39.3,970.438,SITE 10,EXT
2026-03-18 11:00:00,31.948333333333334,29.868499999999997,20.441166666666668,37.25925925925926,19.888888888888893,36.56666666666667,969.9363333333333,SITE 10,EXT
2026-03-18 12:00:00,32.24366666666666,30.089166666666664,20.954166666666666,38.64814814814815,19.888888888888893,33.86666666666667,969.0939999999999,SITE 10,EXT
2026-03-18 13:00:00,28.940689655172413,27.66965517241379,19.685862068965516,40.78544061302682,19.38697318007663,29.310344827586206,967.9734482758621,SITE 10,EXT
2026-03-18 14:00:00,24.891333333333332,24.009333333333334,17.245,40.88888888888889,17.814814814814817,26.3,967.0366666666666,SITE 10,EXT
2026-03-18 15:00:00,25.561,24.107666666666667,16.825,40.2962962962963,16.055555555555557,24.233333333333334,966.365,SITE 10,EXT
2026-03-18 16:00:00,26.366666666666667,24.915000000000003,17.888166666666667,39.7962962962963,15.407407407407408,23.933333333333334,965.8456666666666,SITE 10,EXT
2026-03-18 17:00:00,23.226666666666667,22.163,15.3665,39.407407407407405,15.592592592592593,24.666666666666668,965.8186666666667,SITE 10,EXT
2026-03-18 18:00:00,33.99816666666667,30.448333333333334,20.37066666666667,38.592592592592595,15.74074074074074,26.0,966.1726666666667,SITE 10,EXT
2026-03-18 19:00:00,52.108620689655176,43.62603448275862,28.105172413793102,37.58620689655172,16.340996168582375,28.551724137931036,966.8555172413794,SITE 10,EXT
2026-03-18 20:00:00,42.2395,36.52133333333334,24.21966666666667,37.0,16.40740740740741,29.766666666666666,967.7256666666667,SITE 10,EXT
2026-03-18 21:00:00,35.49583333333333,32.2125,21.914833333333334,36.50000000000001,16.40740740740741,30.6,968.1863333333333,SITE 10,EXT
2026-03-18 22:00:00,58.94866666666667,53.457,34.1165,35.833333333333336,16.425925925925927,31.733333333333334,968.4003333333333,SITE 10,EXT
2026-03-18 23:00:00,42.4765,36.717333333333336,24.986833333333333,34.37037037037037,16.74074074074074,35.2,968.515,SITE 10,EXT
2026-03-19 00:00:00,42.17316666666667,36.363166666666665,24.519166666666663,33.31481481481482,17.462962962962965,38.766666666666666,968.1176666666667,SITE 10,EXT
2026-03-19 01:00:00,34.61724137931034,31.736896551724136,21.526206896551724,32.87356321839081,17.452107279693486,40.13793103448276,967.6265517241379,SITE 10,EXT
2026-03-19 02:00:00,30.98,29.473166666666668,20.09283333333333,32.53703703703704,17.666666666666668,41.333333333333336,967.3113333333333,SITE 10,EXT
2026-03-19 03:00:00,30.1365,28.705499999999997,19.69066666666667,31.796296296296298,17.61111111111111,43.06666666666667,967.0573333333334,SITE 10,EXT
2026-03-19 04:00:00,30.750833333333333,29.206166666666665,19.9335,31.12962962962963,17.77777777777778,45.333333333333336,967.2033333333333,SITE 10,EXT
2026-03-19 05:00:00,37.51199999999999,33.5595,22.700333333333333,30.12962962962963,18.12962962962963,48.9,967.5996666666667,SITE 10,EXT
2026-03-19 06:00:00,37.7575,33.59166666666667,22.591,29.574074074074076,18.685185185185183,52.4,968.288,SITE 10,EXT
2026-03-19 07:00:00,35.55566666666667,32.23316666666667,21.559833333333334,29.62962962962963,19.370370370370374,54.53333333333333,968.9076666666666,SITE 10,EXT
2026-03-19 08:00:00,25.667333333333332,24.7675,16.842833333333335,30.740740740740744,19.796296296296298,52.5,969.6436666666667,SITE 10,EXT
2026-03-19 09:00:00,22.363666666666667,21.544333333333334,15.062166666666666,32.90740740740741,19.962962962962965,46.86666666666667,970.2883333333334,SITE 10,EXT
2026-03-19 10:00:00,23.03896551724138,21.776379310344826,14.930344827586207,35.593869731800766,20.153256704980844,40.724137931034484,970.5944827586208,SITE 10,EXT
2026-03-19 11:00:00,23.703833333333332,22.732333333333333,16.096166666666665,36.351851851851855,19.574074074074076,37.666666666666664,969.9523333333333,SITE 10,EXT
2026-03-19 12:00:00,33.386,31.313666666666666,22.0915,38.11111111111111,19.074074074074076,33.06666666666667,968.62,SITE 10,EXT
2026-03-19 13:00:00,27.549,26.182833333333335,18.679666666666666,40.01851851851852,18.12962962962963,28.2,967.3673333333334,SITE 10,EXT
2026-03-19 14:00:00,29.009666666666664,27.546166666666668,19.409166666666668,40.07407407407407,18.092592592592595,27.9,966.3683333333333,SITE 10,EXT
2026-03-19 15:00:00,28.0845,26.770166666666668,19.12933333333333,39.92592592592593,17.555555555555554,27.366666666666667,965.5509999999999,SITE 10,EXT
2026-03-19 16:00:00,30.2525,28.322666666666667,19.943500000000004,40.0,17.35185185185185,26.833333333333332,965.0973333333333,SITE 10,EXT
2026-03-19 17:00:00,36.69083333333333,33.0795,22.76883333333333,39.5,17.185185185185183,27.133333333333333,964.9966666666667,SITE 10,EXT
2026-03-19 18:00:00,49.83866666666667,41.82533333333333,28.290166666666668,38.611111111111114,16.796296296296298,27.9,965.378,SITE 10,EXT
2026-03-19 19:00:00,57.239000000000004,47.70783333333334,31.993166666666664,37.87037037037037,16.796296296296298,29.033333333333335,966.015,SITE 10,EXT
2026-03-19 20:00:00,57.619827586206895,47.67982758620689,32.18551724137931,37.088122605363985,16.81992337164751,30.344827586206897,966.7382758620689,SITE 10,EXT
2026-03-19 21:00:00,63.190666666666665,54.49216666666666,36.524,36.611111111111114,17.166666666666668,31.8,967.2853333333334,SITE 10,EXT
2026-03-19 22:00:00,49.053,40.91883333333333,27.09733333333333,35.851851851851855,17.51851851851852,33.96666666666667,967.4583333333334,SITE 10,EXT
2026-03-19 23:00:00,40.79966666666667,35.449333333333335,23.796499999999998,34.907407407407405,17.722222222222225,36.5,967.7006666666667,SITE 10,EXT
2026-03-20 00:00:00,35.3205,32.186166666666665,21.833833333333335,34.12962962962963,17.90740740740741,38.53333333333333,967.1139999999999,SITE 10,EXT
2026-03-20 01:00:00,33.44416666666667,30.9285,20.84333333333333,33.72222222222222,17.833333333333332,39.333333333333336,966.597,SITE 10,EXT
2026-03-20 02:00:00,35.32083333333333,32.142,21.5605,32.90740740740741,17.90740740740741,41.266666666666666,966.564,SITE 10,EXT
2026-03-20 03:00:00,26.642586206896553,24.58603448275862,16.15706896551724,31.39846743295019,18.371647509578544,46.6551724137931,967.35,SITE 10,EXT
2026-03-20 04:00:00,20.481,19.119000000000003,12.671333333333333,28.962962962962965,18.425925925925927,53.333333333333336,966.6659999999999,SITE 10,EXT
2026-03-20 05:00:00,24.422166666666666,23.061666666666667,15.947166666666668,29.0,18.27777777777778,52.7,967.278,SITE 10,EXT
2026-03-20 06:00:00,24.911,23.566666666666666,15.996333333333332,29.12962962962963,18.296296296296298,52.46666666666667,967.6859999999999,SITE 10,EXT
2026-03-20 07:00:00,28.434833333333334,26.886666666666667,18.253,29.444444444444446,18.62962962962963,52.5,968.4166666666666,SITE 10,EXT
2026-03-20 08:00:00,24.4885,23.4805,16.045666666666666,29.870370370370374,18.555555555555557,51.1,969.2336666666667,SITE 10,EXT
2026-03-20 09:00:00,28.99448275862069,27.652758620689653,19.091724137931035,32.52873563218391,19.942528735632184,47.827586206896555,969.5813793103448,SITE 10,EXT
2026-03-20 10:00:00,30.300833333333333,29.065833333333334,20.246333333333332,35.72222222222222,21.14814814814815,42.86666666666667,969.7163333333334,SITE 10,EXT
2026-03-20 11:00:00,29.8725,28.794833333333333,20.335333333333335,38.88888888888889,21.388888888888893,36.733333333333334,968.9776666666668,SITE 10,EXT
2026-03-20 12:00:00,27.186,26.294,18.875666666666667,41.092592592592595,20.75925925925926,31.4,967.8729999999999,SITE 10,EXT
2026-03-20 13:00:00,27.824666666666666,26.7905,19.2475,42.62962962962963,20.203703703703702,27.866666666666667,966.7676666666666,SITE 10,EXT
2026-03-20 14:00:00,28.991,27.526833333333332,19.378,42.333333333333336,19.166666666666668,26.466666666666665,965.7156666666667,SITE 10,EXT
2026-03-20 15:00:00,23.6495,22.522666666666666,15.557833333333333,37.18518518518519,17.666666666666668,31.866666666666667,965.2286666666666,SITE 10,EXT
2026-03-20 16:00:00,31.6665,29.673333333333336,20.703833333333332,40.0,19.240740740740744,30.166666666666668,964.535,SITE 10,EXT
2026-03-20 17:00:00,38.94166666666667,35.32516666666666,23.871166666666667,40.05555555555556,18.296296296296298,28.433333333333334,964.634,SITE 10,EXT
2026-03-20 18:00:00,36.88586206896552,32.991379310344826,22.69,38.02681992337165,16.647509578544064,28.517241379310345,965.0593103448276,SITE 10,EXT
2026-03-20 19:00:00,37.74666666666667,33.873333333333335,23.290000000000003,36.31481481481482,17.62962962962963,33.6,965.5816666666667,SITE 10,EXT
2026-03-20 20:00:00,26.428833333333333,25.59333333333333,18.16033333333333,34.74074074074074,18.333333333333336,37.833333333333336,966.2810000000001,SITE 10,EXT
2026-03-20 21:00:00,27.511166666666668,26.625166666666665,18.801,34.24074074074074,18.074074074074076,38.3,966.5603333333333,SITE 10,EXT
2026-03-20 22:00:00,38.31916666666667,33.6075,22.2085,33.88888888888889,17.24074074074074,37.733333333333334,966.8713333333333,SITE 10,EXT
2026-03-20 23:00:00,28.5005,27.2405,18.6085,33.88888888888889,17.296296296296298,37.4,966.8686666666667,SITE 10,EXT
2026-03-21 00:00:00,27.480833333333333,26.671833333333332,18.589833333333335,33.44444444444444,17.888888888888893,39.833333333333336,966.6606666666667,SITE 10,EXT
2026-03-21 01:00:00,29.4225,28.334166666666665,19.678,32.31481481481482,18.388888888888893,44.2,966.4346666666667,SITE 10,EXT
2026-03-21 02:00:00,29.744666666666667,28.7125,19.924500000000002,31.27777777777778,18.75925925925926,47.6,965.938,SITE 10,EXT
2026-03-21 03:00:00,42.72741379310345,37.139482758620694,22.62896551724138,31.111111111111114,18.60153256704981,47.86206896551724,965.67,SITE 10,EXT
2026-03-21 04:00:00,33.956833333333336,31.506833333333336,21.5975,30.870370370370374,19.055555555555557,49.766666666666666,965.7336666666666,SITE 10,EXT
2026-03-21 05:00:00,36.0015,32.7795,22.392166666666665,30.555555555555557,19.222222222222225,51.0,965.9770000000001,SITE 10,EXT
2026-03-21 06:00:00,37.896166666666666,33.900333333333336,23.178833333333333,30.555555555555557,19.444444444444446,51.9,966.4693333333333,SITE 10,EXT
2026-03-21 07:00:00,38.185500000000005,34.049,23.093666666666664,30.703703703703706,19.592592592592595,51.93333333333333,967.0550000000001,SITE 10,EXT
2026-03-21 08:00:00,36.2175,32.8325,22.324833333333334,32.2037037037037,20.203703703703702,49.5,967.7723333333332,SITE 10,EXT
2026-03-21 09:00:00,31.361666666666668,29.815833333333334,20.525333333333332,34.2037037037037,20.574074074074076,45.2,968.4096666666667,SITE 10,EXT
2026-03-21 10:00:00,30.044500000000003,28.907333333333334,19.911166666666666,36.2037037037037,20.462962962962965,40.166666666666664,968.3033333333333,SITE 10,EXT
2026-03-21 11:00:00,28.63383333333333,27.616333333333333,19.547666666666665,38.37037037037037,20.240740740740744,35.1,967.8243333333334,SITE 10,EXT
2026-03-21 12:00:00,27.3145,26.4575,19.119833333333336,41.0,20.11111111111111,30.3,966.9476666666667,SITE 10,EXT
2026-03-21 13:00:00,25.949827586206894,25.256551724137932,18.28293103448276,41.95402298850575,19.42528735632184,27.586206896551722,965.9203448275862,SITE 10,EXT
2026-03-21 14:00:00,22.71783333333333,22.013666666666666,16.0945,42.592592592592595,17.5,23.533333333333335,964.838,SITE 10,EXT
2026-03-21 15:00:00,27.525666666666666,25.778000000000002,18.546333333333333,42.24074074074074,17.074074074074073,23.333333333333332,963.982,SITE 10,EXT
2026-03-21 16:00:00,26.495333333333335,25.398166666666665,18.245,42.46296296296296,17.092592592592595,23.1,963.5840000000001,SITE 10,EXT
2026-03-21 17:00:00,31.31383333333333,29.111666666666668,20.271,41.777777777777786,16.462962962962965,23.1,963.4680000000001,SITE 10,EXT
2026-03-21 18:00:00,32.49183333333333,29.633,20.271333333333335,38.94444444444445,16.555555555555557,27.033333333333335,964.0013333333334,SITE 10,EXT
2026-03-21 19:00:00,28.496333333333332,27.318166666666666,18.955,37.5,17.055555555555557,30.1,964.8483333333334,SITE 10,EXT
2026-03-21 20:00:00,31.243499999999997,29.407833333333333,20.34766666666667,37.77777777777778,17.24074074074074,30.1,965.8563333333333,SITE 10,EXT
2026-03-21 21:00:00,45.967413793103454,39.49413793103448,26.764310344827585,36.685823754789276,17.81609195402299,33.06896551724138,966.7462068965517,SITE 10,EXT
2026-03-21 22:00:00,38.223333333333336,34.099666666666664,23.290000000000003,35.333333333333336,18.166666666666668,36.46666666666667,967.4473333333333,SITE 10,EXT
2026-03-21 23:00:00,30.113166666666665,28.618499999999997,19.6285,34.18518518518519,18.75925925925926,40.3,967.5076666666666,SITE 10,EXT
2026-03-22 00:00:00,30.8465,28.945333333333334,19.637999999999998,33.48148148148149,18.722222222222225,41.9,967.2270000000001,SITE 10,EXT
2026-03-22 01:00:00,24.852333333333334,24.1205,16.937166666666666,33.092592592592595,18.64814814814815,42.666666666666664,966.5133333333334,SITE 10,EXT
2026-03-22 02:00:00,24.109333333333332,23.453333333333333,16.6245,32.68518518518518,18.722222222222225,43.96666666666667,965.943,SITE 10,EXT
2026-03-22 03:00:00,24.612166666666667,23.899333333333335,16.939333333333334,32.148148148148145,18.88888888888889,45.666666666666664,965.9883333333333,SITE 10,EXT
2026-03-22 04:00:00,26.085500000000003,25.253333333333334,17.763166666666667,30.925925925925927,19.166666666666668,49.86666666666667,966.1683333333333,SITE 10,EXT
2026-03-22 05:00:00,29.500166666666665,28.346166666666665,19.536833333333334,30.5,19.796296296296298,53.4,966.4313333333333,SITE 10,EXT
2026-03-22 06:00:00,37.76416666666667,33.8795,23.004166666666666,30.0,20.0,55.266666666666666,967.0253333333333,SITE 10,EXT
2026-03-22 07:00:00,37.08983333333333,33.441833333333335,22.639333333333333,30.240740740740744,20.62962962962963,56.7,967.8889999999999,SITE 10,EXT
2026-03-22 08:00:00,35.72603448275862,32.674827586206895,22.280172413793103,31.45593869731801,21.091954022988503,54.6551724137931,968.7493103448276,SITE 10,EXT
2026-03-22 09:00:00,37.553,33.779,23.117833333333333,33.05555555555556,21.09259259259259,50.0,968.9733333333334,SITE 10,EXT
2026-03-22 10:00:00,45.477333333333334,38.773,26.562333333333335,35.44444444444445,20.98148148148148,43.43333333333333,968.77,SITE 10,EXT
2026-03-22 11:00:00,42.153999999999996,36.6015,25.421833333333332,37.72222222222222,20.592592592592595,37.233333333333334,967.9763333333334,SITE 10,EXT
2026-03-22 12:00:00,38.54866666666667,34.35333333333333,23.787333333333333,39.74074074074074,20.092592592592595,32.36666666666667,966.876,SITE 10,EXT
2026-03-22 13:00:00,37.376,33.670833333333334,23.445,40.51851851851852,19.61111111111111,30.266666666666666,965.9306666666666,SITE 10,EXT
2026-03-22 14:00:00,36.497166666666665,33.154333333333334,23.186500000000002,40.64814814814815,19.53703703703704,29.7,965.0016666666667,SITE 10,EXT
2026-03-22 15:00:00,38.49016666666667,34.473499999999994,24.0305,41.111111111111114,18.944444444444446,27.966666666666665,964.0756666666667,SITE 10,EXT
2026-03-22 16:00:00,37.27051724137931,33.714827586206894,23.511034482758618,40.593869731800766,19.042145593869733,28.862068965517242,963.476551724138,SITE 10,EXT
2026-03-22 17:00:00,37.889,33.98266666666667,23.575833333333332,39.333333333333336,19.166666666666668,30.966666666666665,963.626,SITE 10,EXT
2026-03-22 18:00:00,41.936,36.48833333333334,25.10033333333333,38.092592592592595,19.092592592592595,33.1,964.2793333333334,SITE 10,EXT
2026-03-22 19:00:00,56.60916666666667,46.83866666666667,31.74566666666667,37.2962962962963,19.370370370370374,35.46666666666667,965.1676666666666,SITE 10,EXT
2026-03-22 20:00:00,54.425333333333334,45.237833333333334,30.829166666666666,36.68518518518519,19.53703703703704,36.833333333333336,966.1133333333333,SITE 10,EXT
2026-03-22 21:00:00,48.767833333333336,41.14066666666667,27.982000000000003,36.277777777777786,19.944444444444446,38.6,966.9246666666667,SITE 10,EXT
2026-03-22 22:00:00,38.28344827586207,34.04810344827586,23.321034482758623,35.727969348659,19.061302681992338,37.93103448275862,967.7834482758622,SITE 10,EXT
2026-03-22 23:00:00,27.772499999999997,26.534499999999998,18.4815,34.88888888888889,17.5,35.96666666666667,967.903,SITE 10,EXT
2026-03-23 00:00:00,26.285666666666664,25.2885,17.581500000000002,34.24074074074074,17.48148148148148,37.03333333333333,967.621,SITE 10,EXT
2026-03-23 01:00:00,31.44183333333333,29.791666666666668,20.413166666666665,33.50000000000001,18.055555555555557,40.0,966.5833333333334,SITE 10,EXT
2026-03-23 02:00:00,22.404333333333334,21.220166666666668,14.275833333333333,32.370370370370374,18.055555555555557,43.13333333333333,966.94,SITE 10,EXT
2026-03-23 03:00:00,19.247413793103448,18.00155172413793,11.109655172413794,27.98850574712644,18.96551724137931,58.58620689655172,969.8813793103449,SITE 10,EXT
2026-03-23 04:00:00,9.836166666666665,9.182500000000001,6.404166666666667,25.685185185185183,18.77777777777778,66.3,970.9383333333334,SITE 10,EXT
2026-03-23 05:00:00,20.002666666666666,18.440833333333334,12.810166666666667,25.796296296296298,18.740740740740744,65.46666666666667,970.8856666666667,SITE 10,EXT
2026-03-23 06:00:00,11.402666666666667,11.093666666666667,7.9425,26.22222222222222,18.814814814814817,64.3,971.197,SITE 10,EXT
2026-03-23 07:00:00,18.214333333333332,17.551166666666667,12.186666666666667,26.27777777777778,18.48148148148148,62.46666666666667,971.126,SITE 10,EXT
2026-03-23 08:00:00,15.369166666666667,14.8525,10.518666666666666,27.12962962962963,18.370370370370374,59.666666666666664,971.4083333333333,SITE 10,EXT
2026-03-23 09:00:00,10.013333333333332,9.683833333333332,6.905166666666667,27.740740740740744,18.814814814814817,58.333333333333336,971.3853333333334,SITE 10,EXT
2026-03-23 10:00:00,9.234,8.926833333333333,6.360666666666666,28.185185185185187,18.85185185185185,57.266666666666666,971.215,SITE 10,EXT
2026-03-23 11:00:00,8.991379310344827,8.772931034482758,6.275517241379311,30.076628352490424,19.118773946360154,52.3448275862069,970.2624137931035,SITE 10,EXT
2026-03-23 12:00:00,9.675666666666666,9.371166666666666,6.807166666666666,32.111111111111114,19.370370370370374,47.36666666666667,968.9916666666667,SITE 10,EXT
2026-03-23 13:00:00,8.734,8.4445,6.111666666666666,32.88888888888889,19.12962962962963,44.43333333333333,967.9803333333333,SITE 10,EXT
2026-03-23 14:00:00,8.896333333333333,8.616999999999999,6.212166666666667,34.14814814814815,19.370370370370374,42.06666666666667,967.513,SITE 10,EXT
2026-03-23 15:00:00,10.483333333333333,10.156166666666667,7.337000000000001,34.44444444444444,19.185185185185183,40.833333333333336,967.272,SITE 10,EXT
2026-03-23 16:00:00,16.045166666666667,15.589666666666666,11.188833333333333,34.77777777777778,19.425925925925927,40.8,966.9123333333333,SITE 10,EXT
2026-03-23 17:00:00,23.35033333333333,21.770666666666667,15.111833333333333,33.851851851851855,19.40740740740741,42.93333333333333,966.6943333333334,SITE 10,EXT
2026-03-23 18:00:00,46.66866666666667,39.505833333333335,26.268166666666666,32.611111111111114,19.90740740740741,47.46666666666667,967.0473333333334,SITE 10,EXT
2026-03-23 19:00:00,63.533620689655166,52.72827586206896,35.58344827586207,31.724137931034484,20.727969348659002,52.51724137931034,967.8348275862069,SITE 10,EXT
2026-03-23 20:00:00,82.89283333333333,77.23033333333333,50.37533333333333,30.981481481481485,20.518518518518523,54.233333333333334,968.6053333333333,SITE 10,EXT
2026-03-23 21:00:00,104.02250000000001,100.62133333333333,69.21233333333333,30.574074074074076,20.796296296296298,56.4,969.4403333333333,SITE 10,EXT
2026-03-23 22:00:00,68.34133333333332,60.13216666666666,40.960166666666666,30.555555555555557,20.833333333333332,56.7,969.9886666666666,SITE 10,EXT
2026-03-23 23:00:00,57.674,47.89883333333333,32.9145,30.166666666666668,20.666666666666668,57.3,969.774,SITE 10,EXT
2026-03-24 00:00:00,30.301499999999997,28.652333333333335,19.595833333333335,29.703703703703702,20.037037037037035,56.766666666666666,969.6773333333333,SITE 10,EXT
2026-03-24 01:00:00,29.889499999999998,28.68883333333333,19.54733333333333,29.055555555555557,20.40740740740741,60.4,969.0753333333333,SITE 10,EXT
2026-03-24 02:00:00,35.1485,32.233333333333334,21.8055,28.88888888888889,20.425925925925927,60.4,968.6356666666667,SITE 10,EXT
2026-03-24 03:00:00,42.137166666666666,36.8045,24.482333333333333,28.88888888888889,20.27777777777778,60.333333333333336,968.728,SITE 10,EXT
2026-03-24 04:00:00,31.946833333333334,30.103166666666667,20.409,28.703703703703702,20.01851851851852,59.9,968.6643333333334,SITE 10,EXT
2026-03-24 05:00:00,27.382333333333335,26.025333333333332,17.991833333333332,28.333333333333336,19.092592592592595,57.86666666666667,968.85,SITE 10,EXT
2026-03-24 06:00:00,36.11413793103448,32.21706896551724,21.395862068965517,28.333333333333336,18.88888888888889,57.0,969.3506896551723,SITE 10,EXT
2026-03-24 07:00:00,36.60433333333333,33.67016666666667,22.697499999999998,28.518518518518523,19.074074074074076,56.93333333333333,970.0033333333333,SITE 10,EXT
2026-03-24 08:00:00,28.53516666666667,27.212,18.9515,29.722222222222225,19.703703703703702,55.2,970.4693333333333,SITE 10,EXT
2026-03-24 09:00:00,28.365166666666667,27.556166666666666,19.358166666666666,31.98148148148148,20.574074074074076,51.4,970.6156666666667,SITE 10,EXT
2026-03-24 10:00:00,27.8385,27.104333333333333,19.330499999999997,34.87037037037037,20.87037037037037,44.6,970.6126666666667,SITE 10,EXT
2026-03-24 11:00:00,26.071166666666667,25.339666666666666,18.250833333333333,38.24074074074074,20.685185185185183,36.53333333333333,970.216,SITE 10,EXT
2026-03-24 12:00:00,23.477666666666668,22.88266666666667,16.693166666666666,40.07407407407407,20.370370370370374,32.3,969.253,SITE 10,EXT
2026-03-24 13:00:00,26.740666666666666,25.455,18.322999999999997,40.24074074074074,19.314814814814817,30.1,968.133,SITE 10,EXT
2026-03-24 14:00:00,25.30155172413793,24.273275862068967,17.445862068965518,40.84291187739464,18.984674329501914,28.344827586206897,967.1855172413793,SITE 10,EXT
2026-03-24 15:00:00,21.872833333333332,21.12066666666667,15.093166666666667,41.01851851851852,17.796296296296298,26.1,966.4933333333333,SITE 10,EXT
2026-03-24 16:00:00,20.723833333333335,19.9785,14.343833333333333,39.96296296296296,17.87037037037037,27.933333333333334,965.973,SITE 10,EXT
2026-03-24 17:00:00,31.883,29.177666666666667,19.950499999999998,39.24074074074074,18.388888888888893,29.666666666666668,966.0266666666666,SITE 10,EXT
2026-03-24 18:00:00,48.743500000000004,41.801,28.676666666666666,38.05555555555556,17.75925925925926,30.633333333333333,966.5736666666667,SITE 10,EXT
2026-03-24 19:00:00,71.77250000000001,62.431000000000004,41.74,36.96296296296296,18.685185185185187,34.63333333333333,967.4233333333334,SITE 10,EXT
2026-03-24 20:00:00,55.529333333333334,47.26833333333333,32.1395,35.92592592592593,18.48148148148148,36.266666666666666,968.4293333333334,SITE 10,EXT
2026-03-24 21:00:00,37.08866666666667,33.233666666666664,22.863666666666667,33.25925925925926,18.462962962962965,41.8,969.2446666666667,SITE 10,EXT
2026-03-24 22:00:00,25.2875,24.355833333333333,17.201,32.72222222222222,18.333333333333336,42.7,969.8063333333333,SITE 10,EXT
2026-03-24 23:00:00,20.84051724137931,20.33051724137931,14.513275862068966,31.666666666666668,18.333333333333336,45.13793103448276,969.7655172413794,SITE 10,EXT
2026-03-25 00:00:00,17.217166666666667,16.809833333333334,12.065333333333333,30.796296296296298,17.98148148148148,46.766666666666666,969.2776666666667,SITE 10,EXT
2026-03-25 01:00:00,17.565166666666666,17.13566666666667,12.432833333333333,30.48148148148148,18.240740740740744,48.233333333333334,968.91,SITE 10,EXT
2026-03-25 02:00:00,16.176833333333335,15.839333333333334,11.426666666666668,30.0,18.333333333333336,50.0,968.4263333333333,SITE 10,EXT
2026-03-25 03:00:00,17.304,16.795166666666667,12.006333333333334,29.62962962962963,18.240740740740744,50.6,967.848,SITE 10,EXT
2026-03-25 04:00:00,19.19,18.619833333333336,13.295333333333334,29.055555555555557,17.944444444444446,51.733333333333334,967.713,SITE 10,EXT
2026-03-25 05:00:00,22.392999999999997,21.488,15.2185,28.88888888888889,18.203703703703706,52.8,967.864,SITE 10,EXT
2026-03-25 06:00:00,28.480833333333333,26.795666666666666,18.057666666666666,28.555555555555557,18.48148148148148,54.93333333333333,968.2686666666667,SITE 10,EXT
2026-03-25 07:00:00,34.723166666666664,31.863166666666665,21.411,29.055555555555557,18.703703703703702,53.833333333333336,968.795,SITE 10,EXT
2026-03-25 08:00:00,27.396896551724137,26.265689655172416,18.343103448275862,29.540229885057474,18.448275862068964,51.275862068965516,969.2058620689655,SITE 10,EXT
2026-03-25 09:00:00,30.707,29.036166666666666,20.00133333333333,30.574074074074076,19.203703703703702,51.4,969.928,SITE 10,EXT
2026-03-25 10:00:00,36.964318181818186,33.610454545454544,23.10340909090909,32.97979797979798,19.924242424242426,46.72727272727273,969.9204545454545,SITE 10,EXT
2026-03-25 14:00:00,26.81041666666667,25.886875,18.586458333333333,38.54166666666667,19.050925925925927,32.083333333333336,966.3029166666666,SITE 10,EXT
2026-03-25 15:00:00,30.233166666666666,28.439166666666665,19.901999999999997,38.88888888888889,18.98148148148148,31.4,965.7796666666667,SITE 10,EXT
2026-03-25 16:00:00,36.169,32.4885,22.27,38.22222222222222,18.685185185185183,32.233333333333334,965.588,SITE 10,EXT
2026-03-25 17:00:00,38.6,34.01983333333333,22.960500000000003,37.592592592592595,18.61111111111111,33.2,965.8666666666667,SITE 10,EXT
2026-03-25 18:00:00,56.651833333333336,47.6235,32.48416666666667,36.72222222222222,18.962962962962965,35.56666666666667,966.4816666666667,SITE 10,EXT
2026-03-25 19:00:00,52.629999999999995,43.754,29.297166666666666,35.62962962962963,19.314814814814817,38.766666666666666,967.337,SITE 10,EXT
2026-03-25 20:00:00,41.15566666666667,36.030166666666666,24.715333333333334,34.62962962962963,18.88888888888889,39.733333333333334,967.9886666666666,SITE 10,EXT
2026-03-25 21:00:00,37.82551724137931,33.90689655172414,23.310172413793104,33.98467432950192,18.88888888888889,41.310344827586206,968.7455172413793,SITE 10,EXT
2026-03-25 22:00:00,40.91433333333334,35.906333333333336,24.37316666666667,33.25925925925926,19.055555555555557,43.5,968.996,SITE 10,EXT
2026-03-25 23:00:00,85.6095,78.45516666666667,46.94949999999999,32.75925925925926,19.166666666666668,45.03333333333333,968.884,SITE 10,EXT
2026-03-26 00:00:00,38.431333333333335,34.29383333333333,23.292333333333332,32.01851851851852,19.61111111111111,48.4,968.4123333333333,SITE 10,EXT
2026-03-26 01:00:00,32.594166666666666,30.804333333333332,21.243666666666666,31.11111111111111,19.518518518518523,50.56666666666667,967.5893333333333,SITE 10,EXT
2026-03-26 02:00:00,32.66583333333333,30.846333333333334,21.363,30.462962962962965,19.425925925925927,52.4,967.3439999999999,SITE 10,EXT
2026-03-26 03:00:00,32.915333333333336,31.002,21.37066666666667,30.0,19.444444444444446,53.0,967.1866666666667,SITE 10,EXT
2026-03-26 04:00:00,33.58083333333333,31.401333333333334,21.651666666666664,29.944444444444446,19.388888888888893,53.13333333333333,967.3743333333333,SITE 10,EXT
2026-03-26 05:00:00,37.46083333333333,33.7485,23.022833333333335,29.388888888888893,19.185185185185183,54.8,967.9283333333333,SITE 10,EXT
2026-03-26 06:00:00,47.921379310344825,40.71293103448276,27.205,28.88888888888889,19.348659003831422,56.58620689655172,968.4079310344828,SITE 10,EXT
2026-03-26 07:00:00,44.409,38.056666666666665,25.414499999999997,29.5,19.388888888888893,55.13333333333333,969.088,SITE 10,EXT
2026-03-26 08:00:00,36.275333333333336,32.9075,22.404833333333332,31.03703703703704,19.61111111111111,51.0,969.618,SITE 10,EXT
2026-03-26 09:00:00,33.963499999999996,31.581833333333336,21.802833333333336,32.611111111111114,19.592592592592595,46.53333333333333,969.8753333333333,SITE 10,EXT
2026-03-26 10:00:00,37.5285,33.81616666666667,23.426333333333332,34.51851851851852,19.77777777777778,42.5,969.5646666666667,SITE 10,EXT
2026-03-26 11:00:00,38.90883333333333,34.7505,24.031833333333335,36.592592592592595,19.925925925925927,38.03333333333333,968.849,SITE 10,EXT
2026-03-26 12:00:00,37.76333333333333,33.9085,23.5245,38.25925925925926,19.796296296296298,34.56666666666667,967.7756666666667,SITE 10,EXT
2026-03-26 13:00:00,34.654333333333334,31.737166666666667,21.569000000000003,39.72222222222222,19.814814814814817,31.8,966.485,SITE 10,EXT
2026-03-26 14:00:00,37.53516666666667,33.060833333333335,21.915666666666667,40.407407407407405,19.40740740740741,29.8,965.5763333333333,SITE 10,EXT
2026-03-26 15:00:00,37.24741379310345,32.659137931034486,21.306206896551725,40.47892720306513,18.869731800766285,28.82758620689655,964.8968965517241,SITE 10,EXT
2026-03-26 16:00:00,31.613666666666667,29.742166666666666,19.055,40.38888888888889,18.685185185185183,28.666666666666668,964.65,SITE 10,EXT
2026-03-26 17:00:00,34.24083333333333,30.755499999999998,20.129,39.2962962962963,18.388888888888893,29.7,964.5116666666667,SITE 10,EXT
2026-03-26 18:00:00,44.87266666666667,37.791666666666664,24.901999999999997,38.166666666666664,18.314814814814817,31.466666666666665,965.1423333333333,SITE 10,EXT
2026-03-26 19:00:00,61.42133333333333,49.98883333333333,33.477333333333334,37.25925925925926,18.722222222222225,34.13333333333333,965.8646666666666,SITE 10,EXT
2026-03-26 20:00:00,54.45183333333333,44.935500000000005,29.92983333333333,36.53703703703704,19.037037037037035,35.93333333333333,966.6773333333333,SITE 10,EXT
2026-03-26 21:00:00,48.75183333333334,40.751,27.127333333333333,35.03703703703704,18.814814814814817,38.733333333333334,967.4116666666666,SITE 10,EXT
2026-03-26 22:00:00,43.981833333333334,37.491,24.945,34.14814814814815,19.11111111111111,41.36666666666667,967.8903333333333,SITE 10,EXT
2026-03-26 23:00:00,40.12916666666667,34.90383333333333,23.524166666666666,33.74074074074074,19.425925925925927,43.233333333333334,968.103,SITE 10,EXT
2026-03-27 00:00:00,38.05566666666667,33.83166666666667,22.983166666666666,33.03703703703704,19.333333333333332,44.7,967.4083333333333,SITE 10,EXT
2026-03-27 01:00:00,39.167068965517245,34.55293103448276,23.513620689655173,32.241379310344826,19.42528735632184,47.172413793103445,966.8689655172413,SITE 10,EXT
2026-03-27 02:00:00,42.1815,36.4145,24.818499999999997,31.666666666666668,19.555555555555557,48.96666666666667,966.5943333333332,SITE 10,EXT
2026-03-27 03:00:00,40.175,35.1925,23.91433333333333,31.148148148148152,19.740740740740744,50.93333333333333,966.588,SITE 10,EXT
2026-03-27 04:00:00,39.93966666666667,35.046166666666664,23.8455,30.462962962962965,19.555555555555557,52.833333333333336,966.878,SITE 10,EXT
2026-03-27 05:00:00,41.95066666666666,36.351,24.71466666666667,30.0,19.462962962962965,54.13333333333333,967.4060000000001,SITE 10,EXT
2026-03-27 06:00:00,45.193333333333335,38.44716666666667,25.913166666666665,30.0,19.77777777777778,54.766666666666666,967.956,SITE 10,EXT
2026-03-27 07:00:00,49.0,41.239333333333335,27.60666666666667,30.11111111111111,19.87037037037037,54.56666666666667,969.0123333333333,SITE 10,EXT
2026-03-27 08:00:00,42.251333333333335,36.43416666666667,24.534,31.14814814814815,20.14814814814815,52.46666666666667,969.947,SITE 10,EXT
2026-03-27 09:00:00,37.67224137931034,33.64586206896552,22.967413793103447,32.911877394636015,20.30651340996169,47.89655172413793,970.0796551724138,SITE 10,EXT
2026-03-27 10:00:00,31.493166666666664,29.812,20.551333333333332,35.592592592592595,20.574074074074076,41.9,970.0663333333334,SITE 10,EXT
2026-03-27 11:00:00,30.540833333333335,29.118666666666666,20.417666666666666,38.31481481481482,20.51851851851852,35.96666666666667,969.7046666666666,SITE 10,EXT
2026-03-27 12:00:00,29.93,28.583333333333332,20.207333333333334,39.68518518518519,20.055555555555557,32.3,968.7856666666667,SITE 10,EXT
2026-03-27 13:00:00,42.041666666666664,36.99783333333333,25.10233333333333,38.18518518518519,19.77777777777778,34.333333333333336,967.6273333333334,SITE 10,EXT
2026-03-27 14:00:00,38.762166666666666,34.038,22.990166666666667,37.77777777777778,19.814814814814817,35.43333333333333,966.444,SITE 10,EXT
2026-03-27 15:00:00,38.32183333333333,34.0075,23.437333333333335,39.5,19.185185185185183,31.066666666666666,965.7763333333334,SITE 10,EXT
2026-03-27 16:00:00,34.9815,31.774,21.372666666666664,32.592592592592595,19.722222222222225,47.3,966.2753333333333,SITE 10,EXT
2026-03-27 17:00:00,43.044999999999995,37.29816666666667,25.450166666666668,31.61111111111111,20.333333333333332,52.0,966.787,SITE 10,EXT
2026-03-27 18:00:00,44.006,38.1635,25.896833333333333,30.796296296296298,19.35185185185185,50.833333333333336,967.8876666666667,SITE 10,EXT
2026-03-27 19:00:00,42.9825,36.976,24.695333333333334,31.222222222222225,20.185185185185183,52.233333333333334,968.5153333333333,SITE 10,EXT
2026-03-27 20:00:00,43.53633333333333,37.413000000000004,24.942,30.77777777777778,20.555555555555554,54.833333333333336,969.359,SITE 10,EXT
2026-03-27 21:00:00,35.68034482758621,32.44793103448276,22.03620689655172,30.555555555555557,20.440613026819925,55.55172413793103,970.0175862068965,SITE 10,EXT
2026-03-27 22:00:00,36.358666666666664,32.81883333333333,22.18,30.40740740740741,20.5,55.766666666666666,970.495,SITE 10,EXT
2026-03-27 23:00:00,39.4005,34.75833333333333,23.451,29.444444444444446,20.64814814814815,60.03333333333333,970.288,SITE 10,EXT
2026-03-28 00:00:00,24.997666666666664,24.1115,16.7395,28.962962962962965,20.055555555555554,59.2,970.3303333333333,SITE 10,EXT
2026-03-28 01:00:00,22.602833333333333,21.8045,15.195666666666666,28.333333333333336,19.53703703703704,59.8,969.6366666666667,SITE 10,EXT
2026-03-28 02:00:00,23.863166666666665,23.057000000000002,16.035999999999998,28.462962962962965,19.574074074074076,58.8,969.1856666666666,SITE 10,EXT
2026-03-28 03:00:00,22.798333333333336,21.985333333333337,15.2105,28.88888888888889,18.88888888888889,55.7,969.6696666666667,SITE 10,EXT
2026-03-28 04:00:00,21.673333333333336,20.845166666666668,14.436666666666667,28.87037037037037,19.055555555555557,55.9,969.9533333333333,SITE 10,EXT
2026-03-28 05:00:00,26.41,25.452333333333335,17.492166666666666,28.27777777777778,19.333333333333332,58.96666666666667,970.215,SITE 10,EXT
2026-03-28 06:00:00,31.900333333333332,29.506333333333334,19.975666666666665,28.240740740740744,19.592592592592595,59.9,970.6446666666667,SITE 10,EXT
2026-03-28 07:00:00,31.634655172413794,29.728275862068966,19.91948275862069,28.295019157088127,19.406130268199234,59.827586206896555,970.9648275862069,SITE 10,EXT
2026-03-28 08:00:00,26.334166666666665,25.21833333333333,17.296499999999998,29.35185185185185,19.592592592592595,56.2,971.4789999999999,SITE 10,EXT
2026-03-28 09:00:00,29.178833333333333,27.641833333333334,19.066166666666668,30.425925925925927,19.314814814814817,52.13333333333333,972.349,SITE 10,EXT
2026-03-28 10:00:00,27.9465,26.6955,18.6005,31.222222222222225,19.370370370370374,49.86666666666667,973.0636666666667,SITE 10,EXT
2026-03-28 11:00:00,23.2085,22.4325,15.769166666666667,32.333333333333336,19.314814814814817,46.53333333333333,972.7566666666667,SITE 10,EXT
2026-03-28 12:00:00,33.661833333333334,30.8295,20.718,32.53703703703704,19.388888888888893,46.03333333333333,971.5306666666667,SITE 10,EXT
2026-03-28 13:00:00,18.9545,18.381500000000003,13.141,34.2962962962963,19.425925925925927,41.833333333333336,969.8063333333333,SITE 10,EXT
2026-03-28 14:00:00,15.345333333333334,14.672,10.417666666666666,36.96296296296296,19.25925925925926,35.7,968.5046666666666,SITE 10,EXT
2026-03-28 15:00:00,17.742833333333333,17.011833333333335,12.279166666666667,37.88888888888889,18.703703703703706,32.766666666666666,967.3716666666667,SITE 10,EXT
2026-03-28 16:00:00,28.3325,25.456333333333337,16.8945,37.38888888888889,18.685185185185183,33.7,967.2533333333333,SITE 10,EXT
2026-03-28 17:00:00,26.866206896551724,25.48396551724138,17.33241379310345,36.18773946360154,19.118773946360154,36.89655172413793,967.4924137931034,SITE 10,EXT
2026-03-28 18:00:00,43.3425,39.794999999999995,26.319666666666667,35.07407407407407,18.351851851851855,37.36666666666667,967.9420000000001,SITE 10,EXT
2026-03-28 19:00:00,133.44833333333332,124.384,71.021,34.092592592592595,19.12962962962963,41.56666666666667,968.5113333333334,SITE 10,EXT
2026-03-28 20:00:00,120.28833333333334,109.5655,61.52033333333333,33.148148148148145,19.240740740740744,44.36666666666667,969.1516666666666,SITE 10,EXT
2026-03-28 21:00:00,63.918,52.06166666666666,33.60933333333333,32.77777777777778,19.740740740740744,46.46666666666667,969.5376666666667,SITE 10,EXT
2026-03-28 22:00:00,56.93816666666667,46.649499999999996,30.525166666666667,32.12962962962963,19.48148148148148,47.53333333333333,969.9226666666667,SITE 10,EXT
2026-03-28 23:00:00,67.359,59.050333333333334,37.0315,31.666666666666668,19.51851851851852,48.9,969.8753333333333,SITE 10,EXT
2026-03-29 00:00:00,60.359,51.3705,32.90983333333333,31.351851851851855,19.722222222222225,50.733333333333334,969.4419999999999,SITE 10,EXT
2026-03-29 01:00:00,39.425000000000004,34.62551724137931,22.92448275862069,31.24521072796935,19.09961685823755,49.06896551724138,968.8468965517242,SITE 10,EXT
2026-03-29 02:00:00,34.65416666666667,31.818166666666666,21.316333333333333,30.722222222222225,19.388888888888893,51.0,968.161,SITE 10,EXT
2026-03-29 03:00:00,35.591,32.38433333333333,21.760166666666667,30.37037037037037,19.48148148148148,52.666666666666664,967.8413333333333,SITE 10,EXT
2026-03-29 04:00:00,33.24216666666667,31.063166666666667,21.0875,29.740740740740744,19.703703703703702,55.266666666666666,968.033,SITE 10,EXT
2026-03-29 05:00:00,32.00233333333333,30.17983333333333,20.48,29.074074074074076,19.722222222222225,57.5,968.367,SITE 10,EXT
2026-03-29 06:00:00,37.9385,33.994166666666665,22.678833333333333,28.925925925925927,19.574074074074076,57.43333333333333,968.8639999999999,SITE 10,EXT
2026-03-29 07:00:00,43.910666666666664,37.61266666666667,24.967166666666667,29.555555555555557,19.5,55.43333333333333,969.685,SITE 10,EXT
2026-03-29 08:00:00,37.01,33.044,22.4465,30.85185185185185,19.444444444444446,51.3,970.2423333333334,SITE 10,EXT
2026-03-29 09:00:00,22.706833333333336,21.899166666666666,15.302666666666665,32.98148148148148,18.722222222222225,43.13333333333333,970.2766666666666,SITE 10,EXT
2026-03-29 10:00:00,24.4825,23.656833333333335,16.637166666666666,34.75925925925926,19.333333333333332,40.63333333333333,970.2576666666666,SITE 10,EXT
2026-03-29 11:00:00,21.25155172413793,20.373620689655173,14.427758620689655,37.26053639846744,19.731800766283527,36.241379310344826,969.3413793103449,SITE 10,EXT
2026-03-29 12:00:00,18.616333333333333,17.702833333333334,12.356833333333332,39.592592592592595,19.48148148148148,31.4,967.8629999999999,SITE 10,EXT
2026-03-29 13:00:00,21.145517241379313,19.439655172413794,12.862931034482758,40.689655172413794,18.984674329501914,28.551724137931036,966.2813793103448,SITE 10,EXT
2026-03-29 14:00:00,22.283166666666666,20.606499999999997,13.349333333333334,40.96296296296296,19.0,28.266666666666666,964.8496666666667,SITE 10,EXT
2026-03-29 15:00:00,31.7815,27.783,17.433,39.03703703703704,18.296296296296298,30.233333333333334,964.9243333333333,SITE 10,EXT
2026-03-29 16:00:00,18.583666666666666,16.852,10.804,30.03703703703704,19.0,52.3,967.3436666666668,SITE 10,EXT
2026-03-29 17:00:00,26.009666666666664,23.640666666666668,15.826333333333334,28.51851851851852,19.25925925925926,57.86666666666667,969.5753333333333,SITE 10,EXT
2026-03-29 18:00:00,34.632333333333335,30.78533333333333,19.8865,27.12962962962963,19.77777777777778,64.9,969.8993333333333,SITE 10,EXT
2026-03-29 19:00:00,36.760666666666665,31.241666666666667,18.360666666666667,26.814814814814817,19.518518518518523,65.26666666666667,969.7466666666667,SITE 10,EXT
2026-03-29 20:00:00,39.896166666666666,33.22816666666667,19.37183333333333,26.944444444444446,19.25925925925926,63.766666666666666,970.553,SITE 10,EXT
2026-03-29 21:00:00,40.05833333333333,33.35333333333333,19.208333333333332,27.222222222222225,19.53703703703704,63.8,970.669,SITE 10,EXT
2026-03-29 22:00:00,29.818275862068965,25.408620689655173,13.059655172413795,27.222222222222225,20.0,65.0,971.9506896551724,SITE 10,EXT
2026-03-29 23:00:00,18.93933333333333,16.353166666666667,8.328,26.75925925925926,19.53703703703704,65.73333333333333,971.0183333333333,SITE 10,EXT
2026-03-30 00:00:00,12.350666666666665,11.044833333333335,6.213333333333334,26.666666666666668,19.444444444444446,65.23333333333333,969.6669999999999,SITE 10,EXT
2026-03-30 01:00:00,19.0795,17.2425,10.0615,27.148148148148152,19.40740740740741,63.166666666666664,968.3533333333332,SITE 10,EXT
2026-03-30 02:00:00,12.439166666666667,11.369166666666667,7.106,27.16666666666667,19.01851851851852,61.96666666666667,967.7829999999999,SITE 10,EXT
2026-03-30 03:00:00,9.561666666666667,8.788666666666666,5.4351666666666665,26.888888888888893,19.388888888888893,63.86666666666667,967.5673333333333,SITE 10,EXT
2026-03-30 04:00:00,16.49716666666667,15.031833333333333,9.387,26.666666666666668,19.314814814814817,64.6,967.3726666666666,SITE 10,EXT
2026-03-30 05:00:00,34.76083333333334,31.142833333333336,20.1105,27.185185185185187,19.40740740740741,63.06666666666667,968.003,SITE 10,EXT
2026-03-30 06:00:00,36.553275862068965,32.3748275862069,20.45137931034483,27.222222222222225,19.329501915708814,62.96551724137931,968.4048275862068,SITE 10,EXT
2026-03-30 07:00:00,21.250666666666667,19.7215,12.304666666666666,27.425925925925927,19.037037037037035,60.93333333333333,968.9023333333333,SITE 10,EXT
2026-03-30 08:00:00,19.436333333333334,18.088666666666665,11.502999999999998,28.870370370370374,19.5,57.4,969.4383333333334,SITE 10,EXT
2026-03-30 09:00:00,37.144999999999996,34.0525,22.049500000000002,30.685185185185187,20.240740740740744,54.1,970.054,SITE 10,EXT
2026-03-30 10:00:00,21.467499999999998,19.9,12.9565,32.833333333333336,20.61111111111111,49.1,970.181,SITE 10,EXT
2026-03-30 11:00:00,18.055166666666665,16.912666666666667,11.484666666666667,34.907407407407405,20.740740740740744,44.1,969.7533333333333,SITE 10,EXT
2026-03-30 12:00:00,15.616166666666667,14.7745,10.039,35.44444444444445,20.666666666666668,42.43333333333333,968.8946666666667,SITE 10,EXT
2026-03-30 13:00:00,12.144166666666667,11.453000000000001,7.9126666666666665,36.5,19.962962962962965,38.46666666666667,967.811,SITE 10,EXT
2026-03-30 14:00:00,10.574137931034482,9.965862068965517,6.8743103448275855,37.4712643678161,19.195402298850578,34.793103448275865,966.8106896551724,SITE 10,EXT
2026-03-30 15:00:00,8.986833333333333,8.395,5.584,37.72222222222222,18.222222222222225,32.03333333333333,966.2596666666667,SITE 10,EXT
2026-03-30 16:00:00,14.825333333333333,13.69,9.135,37.48148148148148,17.925925925925927,31.9,966.1516666666666,SITE 10,EXT
2026-03-30 17:00:00,18.962333333333333,17.827166666666667,11.985833333333334,36.57407407407408,17.722222222222225,33.266666666666666,966.2646666666666,SITE 10,EXT
2026-03-30 18:00:00,36.72983333333333,32.60066666666667,21.747999999999998,35.92592592592593,17.90740740740741,34.733333333333334,966.6873333333333,SITE 10,EXT
2026-03-30 19:00:00,41.760666666666665,36.019,24.231166666666663,35.55555555555556,18.814814814814817,37.5,967.3163333333334,SITE 10,EXT
2026-03-30 20:00:00,36.609,32.68516666666667,21.924333333333333,35.05555555555556,19.351851851851855,40.166666666666664,967.9076666666666,SITE 10,EXT
2026-03-30 21:00:00,33.90266666666667,30.564500000000002,20.275166666666667,34.2962962962963,19.574074074074076,42.36666666666667,968.5563333333333,SITE 10,EXT
2026-03-30 22:00:00,31.403793103448276,29.07758620689655,19.308103448275862,33.31417624521073,19.770114942528735,45.37931034482759,969.1224137931034,SITE 10,EXT
2026-03-30 23:00:00,21.038333333333334,19.679,12.870166666666668,32.51851851851852,20.90740740740741,50.86666666666667,969.1326666666666,SITE 10,EXT
2026-03-31 00:00:00,22.787333333333333,21.081833333333336,13.938833333333333,32.05555555555556,20.944444444444446,52.233333333333334,968.5656666666667,SITE 10,EXT
2026-03-31 01:00:00,16.44516666666667,15.309,10.065500000000002,31.666666666666668,20.555555555555557,52.03333333333333,968.0423333333333,SITE 10,EXT
2026-03-31 02:00:00,14.461500000000001,13.458499999999999,8.868333333333334,31.462962962962965,20.35185185185185,51.833333333333336,967.5936666666668,SITE 10,EXT
2026-03-31 03:00:00,13.991333333333333,13.096499999999999,8.627166666666666,30.944444444444446,19.98148148148148,52.46666666666667,967.1936666666667,SITE 10,EXT
2026-03-31 04:00:00,16.413333333333334,15.4775,10.272333333333334,30.25925925925926,20.333333333333332,55.86666666666667,967.132,SITE 10,EXT
2026-03-31 05:00:00,19.360833333333336,18.3445,12.241999999999999,29.685185185185183,19.12962962962963,54.0,967.3166666666667,SITE 10,EXT
2026-03-31 06:00:00,23.079833333333333,22.03783333333333,15.049166666666668,29.27777777777778,19.51851851851852,56.03333333333333,967.902,SITE 10,EXT
2026-03-31 07:00:00,26.209999999999997,24.925833333333333,17.092666666666666,29.444444444444446,20.0,57.43333333333333,968.8996666666667,SITE 10,EXT
2026-03-31 08:00:00,28.137166666666666,26.947666666666667,18.638166666666667,29.925925925925927,20.203703703703702,56.5,970.256,SITE 10,EXT
2026-03-31 09:00:00,28.167166666666667,26.379666666666665,17.96966666666667,30.75925925925926,20.5,54.7,971.056,SITE 10,EXT
2026-03-31 10:00:00,20.6925,19.893166666666666,13.934666666666665,32.77777777777778,20.796296296296298,49.766666666666666,971.3506666666667,SITE 10,EXT
2026-03-31 11:00:00,18.259666666666664,17.769000000000002,12.696,34.74074074074074,20.925925925925927,44.96666666666667,971.017,SITE 10,EXT
2026-03-31 12:00:00,17.831666666666667,17.26016666666667,12.430666666666667,34.68518518518518,20.64814814814815,44.5,970.1253333333333,SITE 10,EXT
2026-03-31 13:00:00,26.313793103448276,25.162068965517243,16.885862068965515,36.45593869731801,21.187739463601535,41.37931034482759,969.1493103448275,SITE 10,EXT
2026-03-31 14:00:00,48.61333333333334,44.72183333333333,27.17983333333333,36.7962962962963,21.0,40.3,967.9406666666667,SITE 10,EXT
2026-03-31 15:00:00,27.981166666666663,26.470333333333333,18.43433333333333,36.31481481481482,21.574074074074076,42.766666666666666,967.3076666666667,SITE 10,EXT
2026-03-31 16:00:00,28.540666666666667,26.618166666666664,18.466666666666665,36.24074074074075,20.962962962962965,41.5,966.8140000000001,SITE 10,EXT
2026-03-31 17:00:00,22.0885,20.6005,13.651833333333334,33.166666666666664,18.14814814814815,41.233333333333334,968.0026666666666,SITE 10,EXT
2026-03-31 18:00:00,31.8445,29.168666666666663,19.547833333333333,31.833333333333332,17.38888888888889,42.46666666666667,968.3726666666666,SITE 10,EXT
2026-03-31 19:00:00,63.499,55.072,33.059,31.944444444444446,17.666666666666668,42.96666666666667,968.5263333333334,SITE 10,EXT
2026-03-31 20:00:00,45.81706896551724,40.63275862068965,25.887758620689656,31.666666666666668,17.528735632183906,43.172413793103445,968.803448275862,SITE 10,EXT
2026-03-31 21:00:00,37.10133333333333,32.51283333333333,21.120166666666666,31.111111111111118,16.925925925925927,42.96666666666667,969.379,SITE 10,EXT
2026-03-31 22:00:00,26.429655172413796,24.30551724137931,15.743793103448276,31.111111111111114,16.7816091954023,42.55172413793103,969.7003448275863,SITE 10,EXT
2026-03-31 23:00:00,20.259833333333333,19.2115,12.711666666666668,30.092592592592595,17.37037037037037,46.9,970.0363333333333,SITE 10,EXT
2026-04-01 00:00:00,15.679166666666667,14.865,10.1405,29.388888888888893,18.03703703703704,50.9,969.7196666666666,SITE 10,EXT
2026-04-01 01:00:00,15.988666666666665,15.227,10.465166666666667,29.11111111111111,18.740740740740744,53.733333333333334,969.503,SITE 10,EXT
2026-04-01 02:00:00,17.346999999999998,16.5435,11.421,28.88888888888889,18.703703703703702,54.46666666666667,969.425,SITE 10,EXT
2026-04-01 03:00:00,17.758333333333333,16.922833333333333,11.594833333333334,28.88888888888889,18.90740740740741,55.4,969.0643333333334,SITE 10,EXT
2026-04-01 04:00:00,21.786166666666666,20.764166666666664,13.952833333333333,28.88888888888889,19.074074074074076,56.13333333333333,969.1726666666667,SITE 10,EXT
2026-04-01 05:00:00,27.40716666666667,26.0505,18.029666666666667,28.88888888888889,18.90740740740741,55.63333333333333,969.5603333333333,SITE 10,EXT
2026-04-01 06:00:00,48.89783333333333,41.33133333333333,27.4635,28.666666666666668,18.77777777777778,55.833333333333336,970.0926666666667,SITE 10,EXT
2026-04-01 07:00:00,48.55683333333333,40.95233333333333,27.048166666666667,29.555555555555557,18.703703703703702,52.5,970.7606666666667,SITE 10,EXT
2026-04-01 08:00:00,45.005,37.2045,23.16283333333333,30.518518518518523,17.092592592592595,44.9,971.2606666666667,SITE 10,EXT
2026-04-01 09:00:00,35.15586206896552,29.380862068965516,16.07689655172414,31.20689655172414,14.118773946360154,35.6551724137931,971.5655172413793,SITE 10,EXT
2026-04-01 10:00:00,32.746,27.133166666666668,14.212333333333333,33.40740740740741,12.796296296296298,28.6,971.4173333333333,SITE 10,EXT
2026-04-01 11:00:00,31.661333333333335,26.2625,12.731,35.38888888888889,11.611111111111112,23.7,970.8456666666666,SITE 10,EXT
2026-04-01 12:00:00,27.801333333333332,22.262833333333333,9.3025,36.64814814814815,10.407407407407408,20.4,969.7846666666667,SITE 10,EXT
2026-04-01 13:00:00,25.669833333333333,20.285666666666668,8.028333333333332,37.74074074074074,10.037037037037036,18.6,968.4473333333333,SITE 10,EXT
2026-04-01 14:00:00,29.033666666666665,22.98166666666667,9.793333333333333,38.40740740740741,9.907407407407408,17.8,967.689,SITE 10,EXT
2026-04-01 15:00:00,30.1415,24.36,10.810166666666667,39.31481481481481,10.25925925925926,17.366666666666667,967.1406666666667,SITE 10,EXT
2026-04-01 16:00:00,29.283620689655173,23.778620689655174,10.592586206896552,39.17624521072797,10.153256704980844,17.448275862068964,966.918275862069,SITE 10,EXT
2026-04-01 17:00:00,40.6325,32.5795,17.56833333333333,38.2037037037037,10.648148148148149,18.933333333333334,967.0743333333334,SITE 10,EXT
2026-04-01 18:00:00,45.88866666666667,36.23633333333333,20.455,36.851851851851855,10.851851851851851,20.8,967.7736666666666,SITE 10,EXT
2026-04-01 19:00:00,62.95716666666667,50.04183333333333,31.101,35.833333333333336,11.074074074074074,22.3,968.5876666666667,SITE 10,EXT
2026-04-01 20:00:00,68.44233333333334,56.58383333333334,34.811,34.851851851851855,12.018518518518517,25.2,969.524,SITE 10,EXT
2026-04-01 21:00:00,57.103500000000004,44.99916666666666,27.523000000000003,34.111111111111114,13.38888888888889,28.7,969.993,SITE 10,EXT
2026-04-01 22:00:00,54.811166666666665,43.336999999999996,26.39816666666667,33.18518518518519,14.0,31.533333333333335,970.4259999999999,SITE 10,EXT
2026-04-01 23:00:00,80.33300000000001,69.35716666666667,42.841833333333334,32.2962962962963,15.38888888888889,36.3,970.349,SITE 10,EXT
2026-04-02 00:00:00,75.18051724137932,62.88189655172414,38.25931034482758,31.436781609195403,15.862068965517242,39.51724137931034,970.0334482758622,SITE 10,EXT
2026-04-02 01:00:00,68.2085,54.409666666666666,33.859,30.703703703703706,15.462962962962964,39.766666666666666,969.603,SITE 10,EXT
2026-04-02 02:00:00,65.47866666666667,51.265499999999996,31.920833333333334,30.037037037037035,15.185185185185185,40.96666666666667,969.1376666666667,SITE 10,EXT
2026-04-02 03:00:00,61.115,47.922000000000004,29.331166666666665,29.62962962962963,14.925925925925926,41.13333333333333,968.9166666666666,SITE 10,EXT
2026-04-02 04:00:00,48.6395,38.153666666666666,21.841,29.444444444444446,12.944444444444446,36.4,968.975,SITE 10,EXT
2026-04-02 05:00:00,51.830666666666666,40.538333333333334,23.562,29.166666666666668,13.037037037037038,37.266666666666666,969.5463333333333,SITE 10,EXT
2026-04-02 06:00:00,74.68633333333334,62.72083333333333,38.26283333333333,28.444444444444446,13.38888888888889,39.733333333333334,970.0253333333333,SITE 10,EXT
2026-04-02 07:00:00,71.523,59.67666666666666,36.779833333333336,28.944444444444446,11.944444444444446,35.43333333333333,970.7203333333333,SITE 10,EXT
2026-04-02 08:00:00,54.05833333333333,43.06466666666667,26.246333333333332,30.53703703703704,8.722222222222223,25.833333333333332,971.4699999999999,SITE 10,EXT
2026-04-02 09:00:00,38.777931034482755,31.70310344827586,17.68706896551724,31.896551724137932,6.973180076628353,21.103448275862068,971.96,SITE 10,EXT
2026-04-02 10:00:00,32.591,27.648166666666665,14.949333333333334,33.77777777777778,6.611111111111112,18.366666666666667,971.7483333333333,SITE 10,EXT
2026-04-02 11:00:00,26.96033333333333,22.9335,11.809,35.31481481481482,5.907407407407407,16.1,971.3956666666667,SITE 10,EXT
2026-04-02 12:00:00,25.776333333333334,21.619000000000003,10.228333333333333,37.111111111111114,4.981481481481482,13.633333333333333,970.4766666666667,SITE 10,EXT
2026-04-02 13:00:00,27.697666666666667,23.075833333333332,11.0685,38.833333333333336,5.648148148148149,12.866666666666667,969.4449999999999,SITE 10,EXT
2026-04-02 14:00:00,27.349827586206896,22.638965517241378,10.629137931034483,40.84291187739464,6.360153256704981,12.137931034482758,968.5344827586207,SITE 10,EXT
2026-04-02 15:00:00,25.8915,21.3915,9.804,41.092592592592595,6.574074074074074,12.166666666666666,967.7383333333333,SITE 10,EXT
2026-04-02 16:00:00,26.492166666666666,22.349,11.290166666666666,40.22222222222222,6.351851851851852,12.633333333333333,967.2246666666666,SITE 10,EXT
2026-04-02 17:00:00,34.44433333333333,28.918,16.359333333333336,38.74074074074074,6.87037037037037,14.266666666666667,967.2923333333333,SITE 10,EXT
2026-04-02 18:00:00,71.52633333333333,62.337333333333326,40.115,36.92592592592593,7.296296296296297,16.233333333333334,968.1003333333333,SITE 10,EXT
2026-04-02 19:00:00,110.12155172413793,103.23810344827585,65.99189655172414,35.727969348659,8.697318007662835,19.137931034482758,969.1651724137931,SITE 10,EXT
2026-04-02 20:00:00,90.87349999999999,83.77366666666667,51.969166666666666,34.407407407407405,10.296296296296298,22.866666666666667,970.2126666666667,SITE 10,EXT
2026-04-02 21:00:00,121.90816666666666,108.27183333333332,62.208,33.148148148148145,11.407407407407408,26.5,970.9036666666667,SITE 10,EXT
2026-04-02 22:00:00,110.46633333333332,97.86316666666667,56.91416666666667,32.27777777777778,11.722222222222223,28.533333333333335,971.232,SITE 10,EXT
2026-04-02 23:00:00,80.46433333333334,69.68233333333333,42.073166666666665,31.5,11.351851851851851,29.033333333333335,971.2246666666666,SITE 10,EXT
2026-04-03 00:00:00,85.02810344827586,74.97844827586206,45.70603448275862,30.78544061302682,11.417624521072797,30.379310344827587,970.7434482758621,SITE 10,EXT
2026-04-03 01:00:00,71.66616666666667,60.229,37.780499999999996,30.037037037037035,11.074074074074074,31.2,970.092,SITE 10,EXT
2026-04-03 02:00:00,69.648,57.144,34.315666666666665,29.370370370370374,10.74074074074074,31.466666666666665,969.4699999999999,SITE 10,EXT
2026-04-03 03:00:00,73.34633333333333,61.993,37.18716666666667,28.77777777777778,11.944444444444446,35.5,968.9693333333333,SITE 10,EXT
2026-04-03 04:00:00,66.5125,52.574,31.733333333333334,28.333333333333336,12.24074074074074,37.06666666666667,968.8666666666667,SITE 10,EXT
2026-04-03 05:00:00,102.91916666666665,94.53733333333334,54.487,27.888888888888893,11.944444444444446,37.5,969.1643333333334,SITE 10,EXT
2026-04-03 06:00:00,82.07241379310345,73.82620689655172,44.98051724137931,27.77777777777778,10.842911877394636,35.06896551724138,969.5251724137931,SITE 10,EXT
2026-04-03 07:00:00,92.41633333333333,84.37666666666668,51.731833333333334,27.962962962962965,10.11111111111111,33.0,970.4083333333333,SITE 10,EXT
2026-04-03 08:00:00,58.76883333333333,46.69983333333334,29.1515,29.0,11.148148148148149,33.13333333333333,971.2283333333332,SITE 10,EXT
2026-04-03 09:00:00,49.256166666666665,39.792833333333334,24.043666666666663,31.388888888888893,9.481481481481483,26.0,971.608,SITE 10,EXT
2026-04-03 10:00:00,34.650999999999996,29.571666666666665,16.6755,34.27777777777778,7.518518518518519,19.166666666666668,971.568,SITE 10,EXT
2026-04-03 11:00:00,30.6295,26.346666666666668,14.371333333333332,36.7037037037037,7.944444444444445,17.233333333333334,971.1393333333333,SITE 10,EXT
2026-04-03 12:00:00,30.6345,26.1675,13.9785,38.166666666666664,6.666666666666667,14.466666666666667,970.4586666666667,SITE 10,EXT
2026-04-03 13:00:00,26.798166666666663,22.76966666666667,11.760833333333332,38.777777777777786,6.222222222222223,13.466666666666667,969.5243333333333,SITE 10,EXT
2026-04-03 14:00:00,25.165344827586207,21.496379310344828,10.776206896551724,38.94636015325671,6.0344827586206895,13.068965517241379,968.6889655172414,SITE 10,EXT
2026-04-03 15:00:00,24.294,20.449666666666666,10.046,38.92592592592593,5.851851851851852,13.0,968.154,SITE 10,EXT
2026-04-03 16:00:00,26.38206896551724,22.368793103448276,11.447931034482759,38.697318007662844,6.436781609195403,13.655172413793103,967.8303448275863,SITE 10,EXT
2026-04-03 17:00:00,32.81733333333333,27.966666666666665,15.560166666666667,37.851851851851855,7.018518518518519,15.1,967.9786666666666,SITE 10,EXT
2026-04-03 18:00:00,58.59466666666666,48.02,30.592666666666666,36.62962962962963,8.296296296296296,17.766666666666666,968.7516666666667,SITE 10,EXT
2026-04-03 19:00:00,63.80333333333333,52.01283333333333,32.0155,35.5,10.592592592592592,22.0,969.4586666666667,SITE 10,EXT
2026-04-03 20:00:00,49.53033333333334,39.69216666666667,24.1925,34.61111111111111,10.648148148148149,23.266666666666666,970.4646666666666,SITE 10,EXT
2026-04-03 21:00:00,51.077999999999996,40.97933333333334,25.1645,33.870370370370374,10.685185185185185,24.266666666666666,971.4863333333334,SITE 10,EXT
2026-04-03 22:00:00,50.84983333333333,40.9895,25.232666666666667,33.22222222222222,10.74074074074074,25.366666666666667,971.8783333333333,SITE 10,EXT
2026-04-03 23:00:00,49.35066666666667,39.964166666666664,24.7245,32.833333333333336,10.61111111111111,25.6,971.9136666666667,SITE 10,EXT
2026-04-04 00:00:00,52.07933333333334,41.87133333333334,25.891666666666666,31.88888888888889,12.185185185185187,30.166666666666668,971.3713333333333,SITE 10,EXT
2026-04-04 01:00:00,89.00775862068966,79.52482758620691,47.74793103448276,31.24521072796935,11.85823754789272,30.79310344827586,970.6999999999999,SITE 10,EXT
2026-04-04 02:00:00,38.4455,32.407833333333336,19.448166666666665,30.90740740740741,11.537037037037038,30.466666666666665,970.2536666666667,SITE 10,EXT
2026-04-04 03:00:00,38.41683333333334,32.71233333333333,20.340666666666667,29.240740740740744,14.88888888888889,42.06666666666667,970.38,SITE 10,EXT
2026-04-04 04:00:00,38.06266666666667,32.76833333333333,20.745166666666666,28.12962962962963,16.24074074074074,48.96666666666667,970.5333333333333,SITE 10,EXT
2026-04-04 05:00:00,34.521499999999996,30.849333333333334,19.871,27.61111111111111,17.75925925925926,55.333333333333336,970.9713333333333,SITE 10,EXT
2026-04-04 06:00:00,36.82233333333333,32.59683333333333,21.285333333333334,27.222222222222225,18.87037037037037,60.833333333333336,971.6426666666666,SITE 10,EXT
2026-04-04 07:00:00,41.1685,35.4865,23.634666666666664,27.703703703703706,19.48148148148148,61.9,972.2919999999999,SITE 10,EXT
2026-04-04 08:00:00,30.840666666666667,28.642666666666667,19.336833333333335,28.62962962962963,20.11111111111111,60.5,972.934,SITE 10,EXT
2026-04-04 09:00:00,25.240333333333336,23.973166666666668,16.36616666666667,30.14814814814815,20.333333333333332,56.233333333333334,973.5173333333333,SITE 10,EXT
2026-04-04 10:00:00,22.815166666666666,21.5,14.449333333333334,32.53703703703704,20.592592592592595,49.733333333333334,973.4103333333334,SITE 10,EXT
2026-04-04 11:00:00,23.195689655172412,21.611896551724136,14.543965517241379,35.30651340996169,20.3639846743295,42.13793103448276,972.885172413793,SITE 10,EXT
2026-04-04 12:00:00,23.3365,21.5265,14.256499999999999,37.333333333333336,19.796296296296298,36.3,971.7973333333333,SITE 10,EXT
2026-04-04 13:00:00,25.285999999999998,22.835500000000003,14.721666666666666,39.092592592592595,18.40740740740741,30.2,970.5923333333334,SITE 10,EXT
2026-04-04 14:00:00,27.675833333333333,25.159499999999998,16.559,40.31481481481482,17.814814814814817,26.966666666666665,969.402,SITE 10,EXT
2026-04-04 15:00:00,26.46833333333333,24.418333333333333,16.069333333333333,39.111111111111114,17.22222222222222,27.866666666666667,968.6773333333333,SITE 10,EXT
2026-04-04 16:00:00,29.635,26.929,18.022,38.53703703703704,16.61111111111111,27.633333333333333,968.3836666666667,SITE 10,EXT
2026-04-04 17:00:00,36.79533333333333,32.043166666666664,21.017,38.03703703703704,15.851851851851853,27.1,968.6046666666666,SITE 10,EXT
2026-04-04 18:00:00,60.6975,51.73233333333334,33.718333333333334,37.166666666666664,14.962962962962964,26.866666666666667,969.2963333333333,SITE 10,EXT
2026-04-04 19:00:00,81.27250000000001,73.89683333333333,47.640166666666666,36.166666666666664,15.944444444444446,30.166666666666668,970.194,SITE 10,EXT
2026-04-04 20:00:00,78.7751724137931,69.6751724137931,44.80034482758621,35.30651340996169,16.015325670498086,31.79310344827586,970.9744827586206,SITE 10,EXT
2026-04-04 21:00:00,64.07233333333333,51.551,32.567,34.68518518518518,16.09259259259259,33.233333333333334,971.568,SITE 10,EXT
2026-04-04 22:00:00,61.62016666666667,49.44949999999999,31.172166666666666,34.00000000000001,16.055555555555557,34.43333333333333,971.902,SITE 10,EXT
2026-04-04 23:00:00,63.48533333333333,51.76683333333333,33.27,33.22222222222222,16.074074074074073,36.0,971.7919999999999,SITE 10,EXT
2026-04-05 00:00:00,58.54083333333333,47.31183333333333,30.344166666666663,32.68518518518518,16.203703703703706,37.233333333333334,971.4076666666666,SITE 10,EXT
2026-04-05 01:00:00,52.47366666666667,43.035666666666664,27.35,32.0,15.444444444444446,37.1,970.6873333333333,SITE 10,EXT
2026-04-05 02:00:00,50.09766666666667,40.85933333333333,25.496,31.27777777777778,15.351851851851853,38.43333333333333,969.9903333333333,SITE 10,EXT
2026-04-05 03:00:00,33.00216666666667,29.4445,18.291666666666668,30.61111111111111,14.462962962962964,37.666666666666664,969.539,SITE 10,EXT
2026-04-05 04:00:00,30.2395,27.72533333333333,17.5305,30.092592592592595,14.444444444444445,38.733333333333334,969.5183333333333,SITE 10,EXT
2026-04-05 05:00:00,32.79533333333333,29.5545,19.140666666666668,29.87037037037037,14.814814814814815,40.2,969.777,SITE 10,EXT
2026-04-05 06:00:00,44.56637931034483,37.276896551724136,24.43448275862069,29.444444444444446,15.574712643678161,43.37931034482759,970.1968965517241,SITE 10,EXT
2026-04-05 07:00:00,64.35416666666667,50.937000000000005,31.589166666666664,30.388888888888893,16.62962962962963,43.96666666666667,971.1606666666667,SITE 10,EXT
2026-04-05 08:00:00,55.741499999999995,45.73166666666667,29.173,32.31481481481482,17.24074074074074,40.833333333333336,971.9726666666667,SITE 10,EXT
2026-04-05 09:00:00,45.384,37.61033333333333,24.060166666666664,34.62962962962963,17.407407407407405,36.2,972.336,SITE 10,EXT
2026-04-05 10:00:00,39.806666666666665,34.35766666666667,22.630333333333333,36.75925925925926,17.35185185185185,32.06666666666667,972.059,SITE 10,EXT
2026-04-05 11:00:00,30.711666666666666,28.02466666666667,18.286333333333335,38.42592592592593,17.203703703703702,28.9,971.4603333333333,SITE 10,EXT
2026-04-05 12:00:00,25.434666666666665,23.118333333333332,14.834166666666668,40.92592592592593,16.537037037037035,24.033333333333335,970.499,SITE 10,EXT
2026-04-05 13:00:00,22.339499999999997,20.355166666666666,12.797833333333333,41.833333333333336,14.166666666666666,19.8,969.3183333333333,SITE 10,EXT
2026-04-05 14:00:00,20.7515,18.851499999999998,12.004666666666667,41.70370370370371,12.537037037037038,17.833333333333332,968.4443333333334,SITE 10,EXT
2026-04-05 15:00:00,20.565862068965515,18.844310344827587,11.922758620689654,41.87739463601533,12.164750957854405,17.20689655172414,967.878275862069,SITE 10,EXT
2026-04-05 16:00:00,19.126166666666666,17.273833333333336,10.8715,41.66666666666667,9.962962962962964,14.933333333333334,967.5846666666667,SITE 10,EXT
2026-04-05 17:00:00,21.2285,19.517666666666667,12.552,40.74074074074074,8.796296296296298,14.566666666666666,967.3016666666666,SITE 10,EXT
2026-04-05 18:00:00,50.54966666666667,43.589000000000006,27.711666666666666,38.98148148148149,10.37037037037037,17.833333333333332,967.6363333333334,SITE 10,EXT
2026-04-05 19:00:00,71.28733333333334,60.328833333333336,39.675,37.2962962962963,12.462962962962964,22.633333333333333,968.3580000000001,SITE 10,EXT
2026-04-05 20:00:00,85.55066666666667,78.6195,50.506499999999996,35.92592592592593,11.148148148148149,22.3,968.9420000000001,SITE 10,EXT
2026-04-05 21:00:00,93.51716666666667,87.443,56.81616666666666,34.61111111111111,10.685185185185185,23.233333333333334,969.6606666666667,SITE 10,EXT
2026-04-05 22:00:00,85.59733333333334,80.60566666666666,53.885,33.51851851851852,11.074074074074074,25.466666666666665,970.0766666666666,SITE 10,EXT
2026-04-05 23:00:00,64.42464285714286,54.12392857142857,36.066964285714285,32.46031746031746,10.297619047619047,25.571428571428573,970.0107142857142,SITE 10,EXT
2026-04-06 00:00:00,55.9645,45.785833333333336,30.758166666666668,31.462962962962965,9.61111111111111,26.0,969.6293333333334,SITE 10,EXT
2026-04-06 01:00:00,57.2603448275862,46.64103448275862,30.719827586206897,30.747126436781613,10.057471264367816,27.862068965517242,969.0086206896551,SITE 10,EXT
2026-04-06 02:00:00,41.91733333333333,35.8435,23.410166666666665,30.185185185185183,9.481481481481483,27.7,968.4206666666666,SITE 10,EXT
2026-04-06 03:00:00,36.83283333333334,32.84583333333333,21.088166666666666,29.5,10.0,29.866666666666667,968.2973333333333,SITE 10,EXT
2026-04-06 04:00:00,47.028,39.29533333333333,25.40666666666667,28.870370370370374,10.481481481481483,32.0,968.9016666666666,SITE 10,EXT
2026-04-06 05:00:00,44.73433333333333,37.73633333333333,24.837,27.90740740740741,13.870370370370372,42.63333333333333,969.7886666666667,SITE 10,EXT
2026-04-06 06:00:00,48.035333333333334,40.098,26.516666666666666,27.222222222222225,16.35185185185185,51.833333333333336,970.0853333333333,SITE 10,EXT
2026-04-06 07:00:00,55.45933333333333,45.329166666666666,29.7665,28.351851851851855,17.555555555555554,52.53333333333333,971.3243333333334,SITE 10,EXT
2026-04-06 08:00:00,40.589666666666666,35.26716666666667,23.607833333333335,30.444444444444446,18.444444444444446,49.266666666666666,971.9150000000001,SITE 10,EXT
2026-04-06 09:00:00,32.373000000000005,29.996333333333332,20.2315,31.90740740740741,19.222222222222225,47.46666666666667,971.9896666666666,SITE 10,EXT
2026-04-06 10:00:00,29.966206896551725,28.030689655172413,19.38396551724138,34.272030651341,19.96168582375479,43.3448275862069,971.6962068965516,SITE 10,EXT
2026-04-06 11:00:00,23.57633333333333,22.22233333333333,15.204666666666666,37.14814814814815,17.462962962962965,31.8,971.173,SITE 10,EXT
2026-04-06 12:00:00,22.95583333333333,21.592166666666667,14.712166666666667,40.42592592592593,15.296296296296298,23.033333333333335,970.319,SITE 10,EXT
2026-04-06 13:00:00,22.735,21.25583333333333,14.657,41.38888888888889,14.092592592592592,20.166666666666668,969.418,SITE 10,EXT
2026-04-06 14:00:00,18.70583333333333,17.449,11.929,41.777777777777786,13.555555555555555,19.033333333333335,968.5763333333333,SITE 10,EXT
2026-04-06 15:00:00,20.18883333333333,18.739666666666665,12.719166666666666,41.31481481481482,11.722222222222223,17.266666666666666,967.927,SITE 10,EXT
2026-04-06 16:00:00,16.190833333333334,14.916666666666666,9.652666666666667,40.44444444444445,10.148148148148149,16.133333333333333,967.4986666666666,SITE 10,EXT
2026-04-06 17:00:00,21.026999999999997,19.275,12.871,39.7962962962963,10.703703703703702,17.466666666666665,967.5986666666666,SITE 10,EXT
2026-04-06 18:00:00,41.74316666666667,35.85850000000001,24.053833333333333,38.592592592592595,12.0,20.466666666666665,968.0656666666667,SITE 10,EXT
2026-04-06 19:00:00,70.23516666666666,59.39866666666667,40.61633333333334,37.407407407407405,13.962962962962964,24.9,968.663,SITE 10,EXT
2026-04-06 20:00:00,93.71068965517242,87.4005172413793,57.1998275862069,36.4176245210728,14.329501915708812,27.0,969.2320689655172,SITE 10,EXT
2026-04-06 21:00:00,110.76866666666666,104.96433333333333,67.32633333333334,35.38888888888889,14.703703703703702,29.033333333333335,969.672,SITE 10,EXT
2026-04-06 22:00:00,74.619,67.13783333333333,43.67166666666667,34.61111111111111,13.74074074074074,28.6,969.9906666666667,SITE 10,EXT
2026-04-06 23:00:00,36.20016666666667,32.1745,21.23166666666667,33.88888888888889,13.148148148148149,28.7,970.0646666666667,SITE 10,EXT
2026-04-07 00:00:00,40.61866666666666,35.32899999999999,23.017166666666665,33.351851851851855,14.574074074074074,32.56666666666667,969.7496666666667,SITE 10,EXT
2026-04-07 01:00:00,29.166999999999998,27.194666666666667,18.128333333333334,32.42592592592593,15.351851851851853,36.0,969.0643333333334,SITE 10,EXT
2026-04-07 02:00:00,26.268166666666666,24.821166666666667,16.766833333333334,31.64814814814815,16.037037037037035,39.1,968.5816666666667,SITE 10,EXT
2026-04-07 03:00:00,32.0015,29.806166666666666,20.112666666666666,30.75925925925926,16.38888888888889,42.333333333333336,968.505,SITE 10,EXT
2026-04-07 04:00:00,35.689,32.1955,21.788666666666664,29.833333333333332,17.37037037037037,47.53333333333333,968.9393333333334,SITE 10,EXT
2026-04-07 05:00:00,40.25983333333333,35.029333333333334,23.283833333333334,29.166666666666668,18.5,53.1,969.4456666666666,SITE 10,EXT
2026-04-07 06:00:00,45.14327586206896,38.209999999999994,25.498620689655173,28.88888888888889,19.75095785440613,58.44827586206897,970.0424137931034,SITE 10,EXT
2026-04-07 07:00:00,40.492666666666665,35.169666666666664,23.5115,29.592592592592595,20.685185185185183,59.0,970.7563333333333,SITE 10,EXT
2026-04-07 08:00:00,31.701666666666664,29.677666666666664,19.9985,31.537037037037035,21.203703703703702,55.0,972.0413333333333,SITE 10,EXT
2026-04-07 09:00:00,32.577000000000005,30.3635,20.658,33.44444444444444,21.425925925925927,49.733333333333334,972.1666666666666,SITE 10,EXT
2026-04-07 10:00:00,30.579166666666666,28.811500000000002,19.807000000000002,35.22222222222222,21.333333333333332,44.833333333333336,971.8633333333333,SITE 10,EXT
2026-04-07 11:00:00,26.164666666666665,24.960833333333333,17.46016666666667,37.407407407407405,20.814814814814817,38.5,971.3233333333334,SITE 10,EXT
2026-04-07 12:00:00,23.028166666666667,21.939666666666668,15.4705,39.81481481481482,19.62962962962963,31.233333333333334,970.4143333333334,SITE 10,EXT
2026-04-07 13:00:00,21.96216666666667,20.899166666666666,14.750499999999999,41.370370370370374,18.092592592592595,26.033333333333335,969.467,SITE 10,EXT
2026-04-07 14:00:00,23.549333333333333,22.383333333333333,15.611833333333333,41.666666666666664,16.88888888888889,23.7,968.5453333333334,SITE 10,EXT
2026-04-07 15:00:00,23.62633333333333,22.376500000000004,15.471,41.277777777777786,16.11111111111111,23.2,967.9653333333333,SITE 10,EXT
2026-04-07 16:00:00,23.686666666666667,22.451999999999998,15.520833333333334,40.611111111111114,15.537037037037038,23.033333333333335,967.3016666666666,SITE 10,EXT
2026-04-07 17:00:00,32.561206896551724,29.655689655172413,20.098793103448276,39.63601532567049,15.842911877394636,24.724137931034484,967.5734482758621,SITE 10,EXT
2026-04-07 18:00:00,52.288000000000004,42.38466666666667,27.430833333333332,39.0,16.61111111111111,27.133333333333333,968.3729999999999,SITE 10,EXT
2026-04-07 19:00:00,70.57666666666667,59.91283333333333,39.81933333333333,38.03703703703704,16.814814814814817,28.8,968.621,SITE 10,EXT
2026-04-07 20:00:00,50.30383333333334,42.29533333333333,28.360666666666663,36.7962962962963,17.64814814814815,32.733333333333334,968.7683333333333,SITE 10,EXT
2026-04-07 21:00:00,45.14933333333333,38.26883333333333,25.853333333333335,35.25925925925926,18.88888888888889,38.13333333333333,969.7973333333333,SITE 10,EXT
2026-04-07 22:00:00,43.48983333333333,37.12,25.076833333333337,34.42592592592593,18.5,39.3,970.0446666666667,SITE 10,EXT
2026-04-07 23:00:00,40.255,35.1245,23.811333333333334,33.72222222222222,17.75925925925926,38.8,969.9503333333333,SITE 10,EXT
2026-04-08 00:00:00,31.323500000000003,29.273333333333333,20.085500000000003,32.98148148148148,17.48148148148148,39.666666666666664,969.6,SITE 10,EXT
2026-04-08 01:00:00,29.43793103448276,27.956206896551723,19.32103448275862,31.379310344827587,17.89272030651341,45.172413793103445,969.6396551724138,SITE 10,EXT
2026-04-08 02:00:00,23.399166666666666,22.582,16.0945,30.388888888888893,18.462962962962965,49.333333333333336,969.379,SITE 10,EXT
2026-04-08 03:00:00,22.741333333333333,21.932833333333335,15.731166666666667,30.0,18.722222222222225,50.833333333333336,969.3266666666666,SITE 10,EXT
2026-04-08 04:00:00,21.759333333333334,21.1175,15.211833333333335,30.0,18.444444444444446,50.766666666666666,969.0836666666668,SITE 10,EXT
2026-04-08 05:00:00,23.003666666666668,21.538666666666664,15.159166666666666,29.814814814814817,18.333333333333336,50.666666666666664,969.1453333333334,SITE 10,EXT
2026-04-08 06:00:00,24.74866666666667,23.0715,16.061666666666667,29.444444444444446,18.333333333333336,51.43333333333333,969.1586666666666,SITE 10,EXT
2026-04-08 07:00:00,29.89466666666667,27.977500000000003,19.116666666666667,29.833333333333332,18.462962962962965,51.13333333333333,969.9966666666667,SITE 10,EXT
2026-04-08 08:00:00,29.9825,28.068499999999997,18.9305,31.814814814814817,18.85185185185185,46.43333333333333,970.9926666666667,SITE 10,EXT
2026-04-08 09:00:00,25.309166666666666,24.017,16.680166666666665,33.94444444444444,18.77777777777778,41.13333333333333,971.0723333333334,SITE 10,EXT
2026-04-08 10:00:00,21.146166666666666,20.177500000000002,14.158833333333332,36.75925925925926,18.61111111111111,34.733333333333334,970.7723333333332,SITE 10,EXT
2026-04-08 11:00:00,27.277758620689657,25.520000000000003,17.893620689655172,39.827586206896555,18.697318007662837,29.379310344827587,970.2396551724138,SITE 10,EXT
2026-04-08 12:00:00,27.039499999999997,25.843166666666665,18.255,41.94444444444445,18.203703703703706,25.466666666666665,969.2743333333333,SITE 10,EXT
2026-04-08 13:00:00,25.001833333333334,23.9585,17.085833333333333,43.351851851851855,17.14814814814815,22.1,967.999,SITE 10,EXT
2026-04-08 14:00:00,24.58216666666667,23.53933333333333,16.7085,43.351851851851855,14.75925925925926,18.833333333333332,967.2270000000001,SITE 10,EXT
2026-04-08 15:00:00,23.3715,22.337,15.777833333333332,43.111111111111114,14.074074074074074,18.2,966.5736666666667,SITE 10,EXT
2026-04-08 16:00:00,22.664833333333334,21.55483333333333,15.166500000000001,42.2962962962963,14.666666666666666,19.966666666666665,966.1923333333333,SITE 10,EXT
2026-04-08 17:00:00,25.9375,24.426666666666666,16.899833333333333,41.14814814814815,14.722222222222223,21.266666666666666,966.374,SITE 10,EXT
2026-04-08 18:00:00,43.477666666666664,37.75,25.633,39.46296296296296,15.148148148148149,24.0,967.1343333333333,SITE 10,EXT
2026-04-08 19:00:00,51.30189655172414,42.89431034482759,28.815344827586205,38.35249042145595,16.47509578544061,27.689655172413794,967.6058620689655,SITE 10,EXT
2026-04-08 20:00:00,40.81466666666667,35.50683333333333,23.978166666666667,36.38888888888889,17.537037037037035,33.06666666666667,968.431,SITE 10,EXT
2026-04-08 21:00:00,35.657000000000004,32.215333333333334,22.081500000000002,35.611111111111114,17.740740740740744,34.96666666666667,969.1923333333333,SITE 10,EXT
2026-04-08 22:00:00,35.784666666666666,32.403,22.122666666666664,34.72222222222222,18.425925925925927,38.4,969.8726666666666,SITE 10,EXT
2026-04-08 23:00:00,30.226166666666664,28.547666666666668,19.781333333333336,33.92592592592593,19.462962962962965,42.9,969.6766666666666,SITE 10,EXT
2026-04-09 00:00:00,27.359666666666666,26.238333333333333,18.359166666666667,32.37037037037037,20.574074074074076,50.3,969.145,SITE 10,EXT
2026-04-09 01:00:00,31.984666666666666,29.901833333333336,20.648666666666667,30.51851851851852,19.462962962962965,51.96666666666667,968.9903333333333,SITE 10,EXT
2026-04-09 02:00:00,27.837666666666667,26.512666666666668,18.1725,29.444444444444446,17.925925925925927,50.266666666666666,969.3026666666667,SITE 10,EXT
2026-04-09 03:00:00,18.244833333333336,17.34,11.882833333333334,28.87037037037037,16.62962962962963,48.03333333333333,969.5253333333333,SITE 10,EXT
2026-04-09 04:00:00,15.754999999999999,14.966333333333333,10.280666666666667,28.351851851851855,16.462962962962965,48.833333333333336,969.129,SITE 10,EXT
2026-04-09 05:00:00,17.3735,16.325,10.649,28.333333333333336,16.666666666666668,49.0,968.825,SITE 10,EXT
2026-04-09 06:00:00,24.827833333333334,22.343833333333336,14.447833333333334,28.833333333333332,16.90740740740741,49.0,969.0276666666667,SITE 10,EXT
2026-04-09 07:00:00,28.356551724137933,26.265172413793106,17.579827586206896,28.908045977011497,17.10727969348659,49.172413793103445,969.9958620689656,SITE 10,EXT
2026-04-09 08:00:00,27.689166666666665,25.3995,16.411833333333334,29.77777777777778,17.425925925925927,47.766666666666666,970.8203333333333,SITE 10,EXT
2026-04-09 09:00:00,20.403666666666666,19.124833333333335,12.784833333333333,30.944444444444446,17.61111111111111,45.2,971.1663333333333,SITE 10,EXT
2026-04-09 10:00:00,19.5305,18.574666666666666,12.733166666666667,31.740740740740744,17.925925925925927,44.06666666666667,971.2333333333333,SITE 10,EXT
2026-04-09 11:00:00,17.894000000000002,16.805666666666667,11.5175,34.88888888888889,18.425925925925927,38.2,970.784,SITE 10,EXT
2026-04-09 12:00:00,15.701500000000001,14.820500000000001,10.092166666666666,37.166666666666664,18.370370370370374,33.43333333333333,969.7710000000001,SITE 10,EXT
2026-04-09 13:00:00,16.8115,15.654166666666667,10.390833333333335,38.96296296296296,18.333333333333332,30.033333333333335,968.7756666666667,SITE 10,EXT
2026-04-09 14:00:00,21.93448275862069,20.138103448275864,13.13103448275862,39.94252873563218,17.873563218390807,27.96551724137931,968.0951724137931,SITE 10,EXT
2026-04-09 15:00:00,18.793166666666664,17.465333333333334,11.645333333333333,39.62962962962963,17.703703703703702,27.9,967.7116666666666,SITE 10,EXT
2026-04-09 16:00:00,21.796833333333332,20.355666666666664,13.315,39.22222222222222,17.814814814814817,28.966666666666665,967.5716666666667,SITE 10,EXT
2026-04-09 17:00:00,28.88883333333333,26.22233333333333,17.507333333333335,38.166666666666664,17.592592592592595,30.133333333333333,967.7983333333334,SITE 10,EXT
2026-04-09 18:00:00,38.83616666666667,33.769666666666666,21.887666666666668,37.25925925925926,17.62962962962963,31.9,968.1816666666667,SITE 10,EXT
2026-04-09 19:00:00,56.407000000000004,48.57216666666667,31.731833333333334,36.537037037037045,17.888888888888893,33.666666666666664,969.0939999999999,SITE 10,EXT
2026-04-09 20:00:00,46.1385,38.7065,24.983833333333333,35.96296296296296,18.75925925925926,36.666666666666664,969.7453333333334,SITE 10,EXT
2026-04-09 21:00:00,33.258620689655174,30.306896551724137,19.650517241379312,35.05747126436781,19.38697318007663,39.96551724137931,970.3303448275863,SITE 10,EXT
2026-04-09 22:00:00,30.388666666666666,27.9295,18.326999999999998,33.81481481481482,19.296296296296298,42.6,970.9743333333333,SITE 10,EXT
2026-04-09 23:00:00,27.931333333333335,26.26383333333333,17.581,32.592592592592595,19.11111111111111,45.43333333333333,971.0836666666667,SITE 10,EXT
2026-04-10 00:00:00,22.949,21.568499999999997,14.4395,31.87037037037037,19.351851851851855,47.6,970.7803333333334,SITE 10,EXT
2026-04-10 01:00:00,22.731166666666663,21.530666666666665,14.472333333333333,31.222222222222225,19.27777777777778,49.6,970.6193333333334,SITE 10,EXT
2026-04-10 02:00:00,22.833666666666666,21.782333333333334,14.856666666666666,30.555555555555557,19.592592592592595,52.36666666666667,970.3216666666667,SITE 10,EXT
2026-04-10 03:00:00,26.281379310344825,25.152241379310343,17.31948275862069,30.057471264367816,19.731800766283527,54.51724137931034,970.0803448275861,SITE 10,EXT
2026-04-10 04:00:00,27.82,26.642833333333332,18.1065,30.0,20.166666666666668,56.3,969.8476666666667,SITE 10,EXT
2026-04-10 05:00:00,31.6545,28.866333333333333,18.567333333333334,29.944444444444446,20.5,57.0,970.19,SITE 10,EXT
2026-04-10 06:00:00,31.670666666666666,29.443666666666665,19.662666666666667,29.5,20.074074074074073,57.733333333333334,970.3433333333334,SITE 10,EXT
2026-04-10 07:00:00,31.466833333333334,29.28083333333333,19.6185,30.01851851851852,20.240740740740744,56.2,970.64,SITE 10,EXT
2026-04-10 08:00:00,28.351333333333333,26.878666666666668,18.170166666666667,30.666666666666668,19.722222222222225,52.833333333333336,971.1063333333333,SITE 10,EXT
2026-04-10 09:00:00,29.189833333333336,27.505666666666666,18.579333333333334,31.77777777777778,19.370370370370374,48.06666666666667,971.44,SITE 10,EXT
2026-04-10 10:00:00,27.038999999999998,25.324833333333334,16.950333333333333,33.51851851851852,19.11111111111111,43.06666666666667,971.4336666666666,SITE 10,EXT
2026-04-10 11:00:00,24.67310344827586,23.029655172413793,15.01603448275862,35.172413793103445,18.869731800766285,38.48275862068966,970.8396551724137,SITE 10,EXT
2026-04-10 12:00:00,22.8585,21.205666666666666,13.7765,37.851851851851855,18.962962962962965,33.5,970.1716666666667,SITE 10,EXT
2026-04-10 13:00:00,21.630666666666666,19.893833333333337,12.508333333333333,39.68518518518519,18.814814814814817,29.833333333333332,969.054,SITE 10,EXT
2026-04-10 14:00:00,22.148000000000003,20.072166666666664,12.403833333333333,41.01851851851852,18.462962962962965,27.2,968.1956666666666,SITE 10,EXT
2026-04-10 15:00:00,24.63883333333333,22.19,13.844833333333334,41.31481481481482,18.01851851851852,25.966666666666665,967.5036666666667,SITE 10,EXT
2026-04-10 16:00:00,30.28083333333333,27.071666666666665,17.165666666666667,39.037037037037045,19.203703703703706,32.266666666666666,967.1786666666667,SITE 10,EXT
2026-04-10 17:00:00,19.865666666666666,18.119666666666667,10.993500000000001,34.31481481481482,18.240740740740744,38.93333333333333,967.909,SITE 10,EXT
2026-04-10 18:00:00,25.611666666666668,23.404833333333332,14.198166666666667,32.592592592592595,18.333333333333332,43.166666666666664,968.1113333333334,SITE 10,EXT
2026-04-10 19:00:00,27.180344827586207,24.13241379310345,14.956551724137931,32.52873563218391,18.084291187739463,42.55172413793103,968.7206896551725,SITE 10,EXT
2026-04-10 20:00:00,22.413333333333334,20.511333333333333,12.638833333333334,32.77777777777778,18.25925925925926,42.43333333333333,969.504,SITE 10,EXT
2026-04-10 21:00:00,30.09416666666667,27.082,17.164833333333334,31.814814814814817,19.77777777777778,49.4,970.4443333333334,SITE 10,EXT
2026-04-10 22:00:00,34.13583333333334,29.999000000000002,19.555666666666664,31.666666666666668,20.12962962962963,50.666666666666664,971.26,SITE 10,EXT
2026-04-10 23:00:00,16.805,15.398833333333332,9.593333333333334,31.666666666666668,19.62962962962963,49.0,971.164,SITE 10,EXT
2026-04-11 00:00:00,15.102333333333332,13.684166666666666,8.391666666666667,31.11111111111111,19.240740740740744,49.733333333333334,970.6646666666667,SITE 10,EXT
2026-04-11 01:00:00,14.905,13.585166666666668,8.311333333333334,30.555555555555557,19.48148148148148,52.13333333333333,970.0726666666667,SITE 10,EXT
2026-04-11 02:00:00,15.046333333333333,13.687166666666666,8.3395,30.555555555555557,19.962962962962965,53.1,969.522,SITE 10,EXT
2026-04-11 03:00:00,16.022241379310344,14.782586206896552,9.30844827586207,29.980842911877396,20.17241379310345,56.37931034482759,969.5220689655172,SITE 10,EXT
2026-04-11 04:00:00,16.645833333333332,15.342333333333332,9.7425,29.796296296296298,20.296296296296298,56.9,969.9063333333332,SITE 10,EXT
2026-04-11 05:00:00,18.636666666666667,17.5025,11.332666666666666,29.53703703703704,20.222222222222225,57.63333333333333,970.64,SITE 10,EXT
2026-04-11 06:00:00,23.7235,22.214333333333332,14.707500000000001,29.444444444444446,20.53703703703704,58.9,971.1886666666667,SITE 10,EXT
2026-04-11 07:00:00,31.506833333333336,29.06116666666667,19.323333333333334,29.444444444444446,20.53703703703704,58.833333333333336,971.6636666666667,SITE 10,EXT
2026-04-11 08:00:00,27.08533333333333,25.8055,17.386166666666668,30.166666666666668,20.703703703703702,57.4,972.5093333333333,SITE 10,EXT
2026-04-11 09:00:00,22.916166666666665,21.943499999999997,15.027666666666667,31.666666666666668,21.185185185185183,54.36666666666667,972.8683333333333,SITE 10,EXT
2026-04-11 10:00:00,25.421166666666668,23.4225,16.06,34.42592592592593,21.555555555555557,47.5,972.659,SITE 10,EXT
2026-04-11 11:00:00,21.158333333333335,19.944166666666668,13.845666666666666,35.94444444444445,21.37037037037037,43.0,971.8753333333334,SITE 10,EXT
2026-04-11 12:00:00,20.326,19.3715,13.457166666666666,37.092592592592595,21.333333333333332,40.333333333333336,970.7289999999999,SITE 10,EXT
2026-04-11 13:00:00,16.53344827586207,15.698620689655172,10.692586206896552,38.81226053639847,20.938697318007662,35.96551724137931,969.4934482758621,SITE 10,EXT
2026-04-11 14:00:00,19.000666666666667,17.55366666666667,11.639999999999999,39.18518518518519,20.814814814814817,34.833333333333336,968.6663333333333,SITE 10,EXT
2026-04-11 15:00:00,17.13566666666667,16.016000000000002,10.716833333333334,39.31481481481482,20.166666666666668,33.36666666666667,967.9696666666666,SITE 10,EXT
2026-04-11 16:00:00,18.473333333333336,17.151666666666664,11.124666666666666,38.14814814814815,19.87037037037037,34.5,967.5786666666667,SITE 10,EXT
2026-04-11 17:00:00,22.904333333333334,20.863666666666667,13.1855,37.5,19.574074074074076,35.2,967.2386666666666,SITE 10,EXT
2026-04-11 18:00:00,24.623833333333334,22.641666666666666,14.148166666666667,36.50000000000001,19.5,37.06666666666667,967.6993333333334,SITE 10,EXT
2026-04-11 19:00:00,42.50517857142857,36.50017857142857,23.942857142857143,35.81349206349206,20.496031746031747,41.285714285714285,968.4128571428572,SITE 10,EXT
2026-04-11 20:00:00,36.291000000000004,31.45716666666667,19.584833333333332,34.61111111111111,20.222222222222225,43.13333333333333,969.7800000000001,SITE 10,EXT
2026-04-11 21:00:00,17.381666666666668,14.313333333333333,7.402833333333334,27.703703703703706,18.444444444444446,58.233333333333334,971.3476666666667,SITE 10,EXT
2026-04-11 22:00:00,15.129166666666666,13.9545,8.6565,28.296296296296298,19.722222222222225,60.56666666666667,972.0503333333332,SITE 10,EXT
2026-04-11 23:00:00,10.478,9.408833333333332,5.498333333333333,28.03703703703704,19.092592592592595,58.86666666666667,971.6116666666666,SITE 10,EXT
2026-04-12 00:00:00,17.783833333333334,15.692166666666667,9.017,28.0,19.61111111111111,61.03333333333333,971.6666666666666,SITE 10,EXT
2026-04-12 01:00:00,19.2355,17.914333333333335,10.123333333333333,27.77777777777778,19.740740740740744,62.233333333333334,971.698,SITE 10,EXT
2026-04-12 02:00:00,13.188833333333333,11.630333333333333,6.592833333333333,27.351851851851855,19.944444444444446,64.43333333333334,971.312,SITE 10,EXT
2026-04-12 03:00:00,18.3705,16.195,9.339333333333334,27.222222222222225,19.833333333333332,64.5,971.1543333333334,SITE 10,EXT
2026-04-12 04:00:00,9.322413793103449,8.664655172413793,5.431724137931035,27.222222222222225,19.540229885057474,64.0,971.4044827586207,SITE 10,EXT
2026-04-12 05:00:00,16.644333333333332,15.642333333333333,10.454166666666667,27.12962962962963,19.40740740740741,63.63333333333333,971.7096666666667,SITE 10,EXT
2026-04-12 06:00:00,30.675,28.061666666666667,18.665333333333333,26.666666666666668,19.333333333333332,64.33333333333333,971.4156666666667,SITE 10,EXT
2026-04-12 07:00:00,43.828833333333336,39.787,27.121166666666667,27.388888888888893,19.27777777777778,61.93333333333333,971.537,SITE 10,EXT
2026-04-12 08:00:00,30.139499999999998,27.7585,18.401333333333334,28.53703703703704,19.203703703703706,57.56666666666667,971.8346666666667,SITE 10,EXT
2026-04-12 09:00:00,24.725166666666667,23.001333333333335,15.408,30.77777777777778,19.40740740740741,51.233333333333334,971.9473333333333,SITE 10,EXT
2026-04-12 10:00:00,16.994333333333334,16.051666666666666,11.049666666666667,33.7037037037037,19.222222222222225,42.86666666666667,971.8423333333334,SITE 10,EXT
2026-04-12 11:00:00,15.830166666666665,14.936666666666667,10.389666666666667,35.44444444444445,19.166666666666668,38.833333333333336,971.7296666666666,SITE 10,EXT
2026-04-12 12:00:00,8.704655172413792,8.049827586206897,5.385689655172414,37.43295019157088,18.773946360153257,33.827586206896555,970.7875862068965,SITE 10,EXT
2026-04-12 13:00:00,8.192666666666666,7.443166666666667,4.743833333333333,39.42592592592593,19.092592592592595,30.8,969.3573333333334,SITE 10,EXT
2026-04-12 14:00:00,9.423666666666666,8.665666666666665,5.769666666666667,40.407407407407405,18.62962962962963,28.533333333333335,968.168,SITE 10,EXT
2026-04-12 15:00:00,10.380666666666666,9.567666666666668,6.205166666666667,40.351851851851855,18.722222222222225,28.333333333333332,967.3743333333333,SITE 10,EXT
2026-04-12 16:00:00,9.924833333333334,9.033666666666667,5.847333333333333,40.0,19.074074074074076,29.9,967.1006666666667,SITE 10,EXT
2026-04-12 17:00:00,15.449000000000002,14.346833333333333,9.442833333333335,38.851851851851855,18.925925925925927,31.566666666666666,967.2176666666667,SITE 10,EXT
2026-04-12 18:00:00,30.0915,27.6345,19.05816666666667,36.851851851851855,18.11111111111111,33.4,967.7296666666666,SITE 10,EXT
2026-04-12 19:00:00,31.858103448275862,28.87913793103448,19.22241379310345,35.689655172413794,19.157088122605362,38.06896551724138,968.4586206896552,SITE 10,EXT
2026-04-12 20:00:00,47.63416666666667,42.39033333333334,26.473,35.42592592592593,20.185185185185187,41.2,968.6686666666667,SITE 10,EXT
2026-04-12 21:00:00,26.9445,25.076166666666666,16.6175,34.666666666666664,19.90740740740741,42.333333333333336,969.1906666666667,SITE 10,EXT
2026-04-12 22:00:00,32.8925,30.066166666666668,19.986333333333334,33.592592592592595,20.166666666666668,45.9,969.7270000000001,SITE 10,EXT
2026-04-12 23:00:00,28.806833333333334,26.841,17.785833333333336,33.01851851851852,20.203703703703702,47.13333333333333,969.6226666666666,SITE 10,EXT
2026-04-13 00:00:00,25.50583333333333,23.889833333333332,15.937999999999999,32.351851851851855,19.85185185185185,48.03333333333333,969.0416666666666,SITE 10,EXT
2026-04-13 01:00:00,20.315333333333335,18.906333333333336,12.702666666666666,31.962962962962965,19.185185185185187,47.03333333333333,968.5383333333334,SITE 10,EXT
2026-04-13 02:00:00,19.568166666666666,18.409333333333333,12.349,31.351851851851855,19.333333333333332,49.3,967.798,SITE 10,EXT
2026-04-13 03:00:00,16.208833333333335,15.246999999999998,10.067166666666667,31.111111111111118,19.314814814814817,49.733333333333334,967.2486666666666,SITE 10,EXT
2026-04-13 04:00:00,20.096379310344826,19.04758620689655,13.135172413793104,30.517241379310345,19.52107279693487,52.3448275862069,967.3517241379311,SITE 10,EXT
2026-04-13 05:00:00,21.33133333333333,20.196833333333334,13.567666666666666,29.222222222222225,20.12962962962963,58.8,967.6633333333334,SITE 10,EXT
2026-04-13 06:00:00,42.63866666666667,36.412333333333336,23.771,29.314814814814817,20.222222222222225,58.6,968.162,SITE 10,EXT
2026-04-13 07:00:00,27.6115,25.006666666666668,16.300833333333333,30.518518518518523,19.85185185185185,53.2,968.38,SITE 10,EXT
2026-04-13 08:00:00,44.03783333333333,39.23350000000001,25.626666666666665,31.740740740740744,20.35185185185185,51.333333333333336,968.8596666666667,SITE 10,EXT
2026-04-13 09:00:00,29.806833333333334,26.153833333333335,15.678500000000001,33.833333333333336,20.962962962962965,47.333333333333336,969.0336666666666,SITE 10,EXT
2026-04-13 10:00:00,16.868666666666666,15.185666666666666,9.511,37.166666666666664,20.333333333333332,37.93333333333333,968.7306666666666,SITE 10,EXT
2026-04-13 11:00:00,15.950000000000001,14.456724137931035,9.113965517241379,39.86590038314176,19.904214559386975,31.689655172413794,968.1858620689655,SITE 10,EXT
2026-04-13 12:00:00,13.410166666666667,12.163333333333332,7.697333333333334,41.68518518518519,18.48148148148148,26.3,967.4873333333333,SITE 10,EXT
2026-04-13 13:00:00,11.055666666666667,9.906,6.1145000000000005,42.351851851851855,17.75925925925926,24.2,966.5273333333333,SITE 10,EXT
2026-04-13 14:00:00,11.820166666666667,10.680333333333333,6.591166666666667,42.77777777777778,18.055555555555557,24.133333333333333,965.647,SITE 10,EXT
2026-04-13 15:00:00,13.141666666666667,11.569666666666668,6.803,42.98148148148149,16.90740740740741,22.233333333333334,964.698,SITE 10,EXT
2026-04-13 16:00:00,14.580666666666668,13.047833333333333,8.113666666666667,42.14814814814815,17.5,24.1,963.9926666666667,SITE 10,EXT
2026-04-13 17:00:00,21.855999999999998,19.765,12.679,41.037037037037045,18.018518518518523,26.366666666666667,963.9419999999999,SITE 10,EXT
2026-04-13 18:00:00,36.818275862068965,32.045344827586206,21.24603448275862,39.48275862068966,18.467432950191576,29.79310344827586,964.653448275862,SITE 10,EXT
2026-04-13 19:00:00,51.32416666666666,43.07066666666666,28.544833333333333,38.333333333333336,18.666666666666668,31.933333333333334,965.7573333333333,SITE 10,EXT
2026-04-13 20:00:00,37.6885,32.95783333333333,21.739833333333333,37.01851851851852,19.314814814814817,35.733333333333334,966.9536666666667,SITE 10,EXT
2026-04-13 21:00:00,28.43133333333333,26.092333333333332,17.100166666666667,35.24074074074074,20.055555555555554,41.36666666666667,967.3296666666666,SITE 10,EXT
2026-04-13 22:00:00,27.357166666666668,25.3455,16.8665,33.75925925925926,19.833333333333332,44.53333333333333,967.9933333333333,SITE 10,EXT
2026-04-13 23:00:00,29.783833333333334,27.332,17.658,32.833333333333336,19.62962962962963,45.833333333333336,967.9176666666666,SITE 10,EXT
2026-04-14 00:00:00,26.486333333333334,24.872833333333332,16.22433333333333,32.22222222222222,19.444444444444446,47.36666666666667,967.5013333333334,SITE 10,EXT
2026-04-14 01:00:00,22.809666666666665,21.310333333333332,13.848166666666666,31.703703703703702,19.75925925925926,49.7,967.5353333333334,SITE 10,EXT
2026-04-14 02:00:00,13.875,12.574166666666667,7.8341666666666665,30.240740740740744,19.37037037037037,52.6,967.5183333333333,SITE 10,EXT
2026-04-14 03:00:00,13.239137931034483,12.043965517241379,7.346206896551724,28.390804597701152,19.54022988505747,59.55172413793103,967.2831034482758,SITE 10,EXT
2026-04-14 04:00:00,15.704166666666667,14.5455,9.403333333333334,27.77777777777778,20.0,63.5,967.4513333333333,SITE 10,EXT
2026-04-14 05:00:00,21.18883333333333,19.6065,13.193833333333334,28.03703703703704,20.12962962962963,62.333333333333336,967.8126666666667,SITE 10,EXT
2026-04-14 06:00:00,19.2115,17.735666666666667,11.9015,28.333333333333336,19.962962962962965,60.666666666666664,969.197,SITE 10,EXT
2026-04-14 07:00:00,17.069166666666668,16.3675,11.269166666666667,28.5,20.037037037037035,60.333333333333336,969.75,SITE 10,EXT
2026-04-14 08:00:00,18.486333333333334,17.474333333333334,12.204666666666666,29.14814814814815,19.5,56.56666666666667,970.535,SITE 10,EXT
2026-04-14 09:00:00,15.070500000000001,14.336,9.9415,29.77777777777778,19.055555555555557,53.233333333333334,971.0206666666667,SITE 10,EXT
2026-04-14 10:00:00,16.779333333333334,15.913833333333335,10.0895,31.25925925925926,19.166666666666668,49.13333333333333,971.4786666666666,SITE 10,EXT
2026-04-14 11:00:00,11.993,11.365,7.735666666666666,33.166666666666664,19.462962962962965,44.666666666666664,971.1016666666667,SITE 10,EXT
2026-04-14 12:00:00,10.701833333333333,10.114666666666666,6.740666666666667,34.12962962962963,19.092592592592595,41.4,970.493,SITE 10,EXT
2026-04-14 13:00:00,9.272666666666668,8.689,5.884333333333333,34.51851851851851,19.444444444444446,41.36666666666667,969.5356666666667,SITE 10,EXT
2026-04-14 14:00:00,11.97655172413793,11.359827586206897,7.86551724137931,35.32567049808429,19.597701149425287,39.89655172413793,968.8337931034483,SITE 10,EXT
2026-04-14 15:00:00,14.340166666666667,13.6455,9.4835,34.53703703703704,19.77777777777778,42.166666666666664,968.246,SITE 10,EXT
2026-04-14 16:00:00,17.276500000000002,16.267833333333332,11.1145,34.01851851851852,19.75925925925926,43.63333333333333,967.838,SITE 10,EXT
2026-04-14 17:00:00,34.568999999999996,31.050666666666665,19.781833333333335,33.592592592592595,20.166666666666668,45.86666666666667,967.8303333333333,SITE 10,EXT
2026-04-14 18:00:00,28.39016666666667,26.00183333333333,17.112000000000002,32.611111111111114,20.518518518518523,49.36666666666667,968.3903333333333,SITE 10,EXT
2026-04-14 19:00:00,26.190333333333335,24.314,16.2455,31.722222222222225,20.11111111111111,50.733333333333334,969.2416666666667,SITE 10,EXT
2026-04-14 20:00:00,22.5535,21.135333333333335,14.214166666666667,31.62962962962963,20.425925925925927,51.43333333333333,969.9159999999999,SITE 10,EXT
2026-04-14 21:00:00,20.3625,19.455,13.271166666666666,30.870370370370374,20.14814814814815,53.06666666666667,970.3216666666667,SITE 10,EXT
2026-04-14 22:00:00,18.00316666666667,17.141000000000002,11.604000000000001,30.48148148148148,19.64814814814815,52.86666666666667,970.526,SITE 10,EXT
2026-04-14 23:00:00,24.314166666666665,23.175666666666665,15.965833333333334,30.0,19.75925925925926,54.766666666666666,970.276,SITE 10,EXT
2026-04-15 00:00:00,21.195,20.29103448275862,13.861034482758619,29.578544061302683,19.82758620689655,56.41379310344828,969.7051724137931,SITE 10,EXT
2026-04-15 01:00:00,19.587833333333332,18.740333333333336,12.577166666666667,29.444444444444446,20.037037037037035,57.8,968.941,SITE 10,EXT
2026-04-15 02:00:00,21.143666666666668,20.235666666666667,13.826166666666667,28.944444444444446,20.055555555555554,59.233333333333334,968.316,SITE 10,EXT
2026-04-15 03:00:00,21.795,20.922666666666665,14.058666666666666,28.77777777777778,20.37037037037037,61.3,968.2596666666667,SITE 10,EXT
2026-04-15 04:00:00,26.162666666666667,24.7635,16.93,28.425925925925927,20.53703703703704,62.63333333333333,968.6103333333334,SITE 10,EXT
2026-04-15 05:00:00,43.5935,37.57833333333333,25.3415,28.333333333333336,20.555555555555557,62.96666666666667,968.88,SITE 10,EXT
2026-04-15 06:00:00,54.38396551724138,45.139482758620694,30.03793103448276,28.333333333333336,20.45977011494253,62.758620689655174,969.218275862069,SITE 10,EXT
2026-04-15 07:00:00,50.19983333333333,42.071000000000005,28.040666666666667,29.296296296296298,20.444444444444446,59.63333333333333,969.7900000000001,SITE 10,EXT
2026-04-15 08:00:00,54.92666666666666,46.97633333333333,31.86433333333333,30.870370370370374,20.425925925925927,54.266666666666666,970.4259999999999,SITE 10,EXT
2026-04-15 09:00:00,42.098,36.347,24.958000000000002,33.25925925925926,19.85185185185185,45.93333333333333,970.4456666666666,SITE 10,EXT
2026-04-15 10:00:00,11.9985,11.451666666666666,7.9703333333333335,36.666666666666664,17.90740740740741,33.43333333333333,970.246,SITE 10,EXT
2026-04-15 11:00:00,15.135666666666667,14.284833333333333,9.860000000000001,39.38888888888889,17.388888888888893,27.733333333333334,969.689,SITE 10,EXT
2026-04-15 12:00:00,19.898500000000002,18.706500000000002,12.700833333333332,40.27777777777778,16.75925925925926,25.366666666666667,968.6283333333333,SITE 10,EXT
2026-04-15 13:00:00,15.811333333333334,14.716166666666668,9.648666666666665,40.98148148148149,15.944444444444446,23.233333333333334,967.4423333333333,SITE 10,EXT
2026-04-15 14:00:00,14.437333333333333,13.381166666666667,8.667166666666667,41.333333333333336,15.333333333333334,21.833333333333332,966.5013333333334,SITE 10,EXT
2026-04-15 15:00:00,13.677,12.3765,7.730166666666666,41.31481481481482,13.055555555555555,18.833333333333332,965.9706666666666,SITE 10,EXT
2026-04-15 16:00:00,15.29896551724138,13.945862068965518,8.649827586206897,40.55555555555556,13.39080459770115,20.17241379310345,965.6248275862068,SITE 10,EXT
2026-04-15 17:00:00,22.640666666666668,20.3595,12.729666666666667,40.12962962962963,14.222222222222223,21.7,965.5746666666668,SITE 10,EXT
2026-04-15 18:00:00,47.04533333333333,39.244,25.33216666666667,38.64814814814815,15.222222222222223,25.1,966.0409999999999,SITE 10,EXT
2026-04-15 19:00:00,84.28866666666666,77.15133333333333,49.46133333333333,37.2037037037037,16.314814814814817,29.2,966.6523333333333,SITE 10,EXT
2026-04-15 20:00:00,63.313833333333335,55.24816666666666,35.39383333333333,36.22222222222222,15.851851851851853,30.0,967.0916666666667,SITE 10,EXT
2026-04-15 21:00:00,36.49966666666667,32.153,20.897333333333332,35.333333333333336,16.62962962962963,33.166666666666664,967.463,SITE 10,EXT
2026-04-15 22:00:00,38.9196551724138,34.13913793103448,22.392413793103447,34.348659003831415,16.685823754789272,35.10344827586207,967.9341379310345,SITE 10,EXT
2026-04-15 23:00:00,34.77333333333333,31.1115,20.394000000000002,33.40740740740741,16.72222222222222,37.3,967.88,SITE 10,EXT
2026-04-16 00:00:00,27.546166666666668,25.985166666666665,17.579,32.75925925925926,17.092592592592595,39.266666666666666,967.3946666666667,SITE 10,EXT
2026-04-16 01:00:00,26.531166666666664,25.00583333333333,16.783,32.148148148148145,17.35185185185185,41.56666666666667,966.7873333333333,SITE 10,EXT
2026-04-16 02:00:00,22.739833333333333,21.538999999999998,14.846666666666666,31.48148148148148,17.98148148148148,44.733333333333334,966.402,SITE 10,EXT
2026-04-16 03:00:00,20.895517241379313,19.76551724137931,13.382931034482759,30.804597701149426,18.35249042145594,47.89655172413793,965.9248275862069,SITE 10,EXT
2026-04-16 04:00:00,19.34916666666667,18.427333333333333,12.586166666666665,30.11111111111111,18.64814814814815,50.7,965.9863333333334,SITE 10,EXT
2026-04-16 05:00:00,21.03783333333333,19.994833333333336,13.582666666666666,29.685185185185183,18.88888888888889,52.833333333333336,966.6163333333333,SITE 10,EXT
2026-04-16 06:00:00,33.71516666666667,30.635333333333335,20.104499999999998,29.722222222222225,19.12962962962963,53.63333333333333,967.508,SITE 10,EXT
2026-04-16 07:00:00,32.980333333333334,29.957,19.526999999999997,30.81481481481482,19.462962962962965,51.166666666666664,968.109,SITE 10,EXT
2026-04-16 08:00:00,24.724833333333333,23.6625,16.514833333333332,31.796296296296298,19.518518518518523,48.63333333333333,968.8366666666666,SITE 10,EXT
2026-04-16 09:00:00,19.987000000000002,19.1375,13.397333333333334,32.98148148148148,19.62962962962963,45.8,969.1830000000001,SITE 10,EXT
2026-04-16 10:00:00,17.740833333333335,16.92716666666667,11.910333333333334,35.37037037037037,19.814814814814817,40.6,969.2316666666667,SITE 10,EXT
2026-04-16 11:00:00,17.742833333333333,16.799500000000002,11.277333333333333,38.72222222222222,19.462962962962965,33.06666666666667,968.6273333333334,SITE 10,EXT
2026-04-16 12:00:00,17.333166666666667,16.274,11.222166666666668,40.74074074074074,18.314814814814817,27.433333333333334,967.6270000000001,SITE 10,EXT
2026-04-16 13:00:00,18.072068965517243,16.853103448275863,11.337758620689655,42.20306513409962,17.375478927203066,23.896551724137932,966.5444827586207,SITE 10,EXT
2026-04-16 14:00:00,17.1165,15.989833333333333,10.485166666666666,42.851851851851855,17.537037037037035,23.3,965.566,SITE 10,EXT
2026-04-16 15:00:00,17.172,15.835833333333333,10.311666666666667,42.907407407407405,17.055555555555557,22.466666666666665,964.7963333333333,SITE 10,EXT
2026-04-16 16:00:00,17.88566666666667,16.472,10.619,41.7962962962963,15.703703703703702,21.8,964.412,SITE 10,EXT
2026-04-16 17:00:00,24.1635,22.101499999999998,14.210666666666667,40.7037037037037,15.148148148148149,22.4,964.355,SITE 10,EXT
2026-04-16 18:00:00,32.728500000000004,29.317999999999998,19.090666666666667,39.25925925925926,15.574074074074074,24.866666666666667,964.7729999999999,SITE 10,EXT
2026-04-16 19:00:00,57.072,48.36083333333333,31.651833333333336,37.87037037037037,17.38888888888889,30.166666666666668,965.5163333333334,SITE 10,EXT
2026-04-16 20:00:00,57.79783333333333,47.38966666666667,30.736833333333333,36.81481481481482,18.166666666666668,33.56666666666667,966.0513333333333,SITE 10,EXT
2026-04-16 21:00:00,50.211,41.720166666666664,27.77466666666667,35.72222222222222,18.462962962962965,36.43333333333333,966.6560000000001,SITE 10,EXT
2026-04-16 22:00:00,50.335166666666666,41.671166666666664,27.873833333333334,34.72222222222222,18.87037037037037,39.53333333333333,967.0713333333333,SITE 10,EXT
2026-04-16 23:00:00,40.931724137931035,35.323965517241376,23.15448275862069,33.98467432950192,16.934865900383144,36.51724137931034,967.0872413793103,SITE 10,EXT
2026-04-17 00:00:00,42.26416666666667,36.30116666666667,24.317666666666664,33.27777777777778,17.722222222222225,39.96666666666667,966.631,SITE 10,EXT
2026-04-17 01:00:00,33.63316666666667,30.9695,21.13083333333333,32.27777777777778,18.574074074074076,44.766666666666666,965.948,SITE 10,EXT
2026-04-17 02:00:00,31.043833333333332,29.090333333333334,19.925666666666665,31.351851851851855,18.62962962962963,47.2,965.2583333333333,SITE 10,EXT
2026-04-17 03:00:00,25.806,24.642999999999997,17.1555,31.055555555555557,19.5,50.53333333333333,964.7946666666667,SITE 10,EXT
2026-04-17 04:00:00,23.676499999999997,22.671499999999998,16.028666666666666,30.555555555555557,19.48148148148148,52.333333333333336,964.9943333333334,SITE 10,EXT
2026-04-17 05:00:00,26.329333333333334,25.362000000000002,17.773500000000002,30.53703703703704,20.074074074074073,54.1,965.4796666666666,SITE 10,EXT
2026-04-17 06:00:00,55.96783333333334,46.73416666666667,30.710833333333333,30.833333333333336,20.314814814814817,54.0,966.8466666666667,SITE 10,EXT
2026-04-17 07:00:00,52.74189655172414,43.83362068965517,29.385344827586206,31.62835249042146,20.191570881226053,51.44827586206897,967.6889655172414,SITE 10,EXT
2026-04-17 08:00:00,32.75366666666667,30.358666666666668,20.992833333333333,32.592592592592595,20.85185185185185,50.13333333333333,968.112,SITE 10,EXT
2026-04-17 09:00:00,29.047666666666665,27.769166666666667,19.6375,33.92592592592593,21.25925925925926,47.8,968.3123333333333,SITE 10,EXT
2026-04-17 10:00:00,29.264333333333333,27.927,19.741333333333333,36.2037037037037,21.25925925925926,42.233333333333334,968.1919999999999,SITE 10,EXT
2026-04-17 11:00:00,25.744000000000003,24.424166666666668,17.221833333333333,39.05555555555556,19.64814814814815,32.666666666666664,967.6226666666666,SITE 10,EXT
2026-04-17 12:00:00,28.0555,26.454166666666666,18.269833333333334,40.90740740740741,18.388888888888893,27.1,966.7476666666666,SITE 10,EXT
2026-04-17 13:00:00,28.936833333333333,26.624333333333333,17.68616666666667,42.407407407407405,17.203703703703702,23.366666666666667,965.4233333333334,SITE 10,EXT
2026-04-17 14:00:00,25.454166666666666,23.596166666666665,15.598833333333333,43.351851851851855,16.796296296296298,21.566666666666666,964.2713333333334,SITE 10,EXT
2026-04-17 15:00:00,26.79,24.650689655172414,16.338793103448275,43.25670498084292,16.839080459770113,21.724137931034484,963.4686206896552,SITE 10,EXT
2026-04-17 16:00:00,24.043499999999998,22.108666666666668,14.198333333333332,42.24074074074074,16.12962962962963,21.9,962.9473333333333,SITE 10,EXT
2026-04-17 17:00:00,28.829166666666666,26.262166666666666,16.505499999999998,41.18518518518519,16.35185185185185,23.6,962.8896666666666,SITE 10,EXT
2026-04-17 18:00:00,40.31616666666666,34.26533333333334,21.980166666666666,39.77777777777778,16.12962962962963,24.966666666666665,963.1043333333333,SITE 10,EXT
2026-04-17 19:00:00,50.84645833333334,41.78729166666667,27.18625,38.35648148148149,17.47685185185185,29.625,964.0420833333333,SITE 10,EXT
2026-04-17 20:00:00,49.167500000000004,40.53933333333334,26.267166666666665,37.22222222222222,18.388888888888893,33.2,965.215,SITE 10,EXT
2026-04-17 21:00:00,48.596034482758625,40.20413793103449,26.426896551724138,36.03448275862069,18.103448275862068,35.0,965.8955172413794,SITE 10,EXT
2026-04-17 22:00:00,47.04,39.618,26.437333333333335,34.592592592592595,19.685185185185183,41.86666666666667,966.2520000000001,SITE 10,EXT
2026-04-17 23:00:00,35.449333333333335,31.796333333333333,21.388166666666667,33.48148148148149,19.77777777777778,44.9,966.6173333333334,SITE 10,EXT
2026-04-18 00:00:00,27.910166666666665,26.168166666666664,17.7385,32.648148148148145,19.685185185185183,46.666666666666664,966.2636666666666,SITE 10,EXT
2026-04-18 01:00:00,25.854166666666668,24.289499999999997,16.202833333333334,31.944444444444446,19.518518518518523,48.2,965.598,SITE 10,EXT
2026-04-18 02:00:00,25.778833333333335,24.20266666666667,16.128833333333333,31.666666666666668,19.48148148148148,49.06666666666667,965.0606666666666,SITE 10,EXT
2026-04-18 03:00:00,28.3345,26.634833333333333,17.95716666666667,31.12962962962963,19.685185185185183,51.03333333333333,964.929,SITE 10,EXT
2026-04-18 04:00:00,30.243499999999997,28.393666666666665,19.291333333333334,30.12962962962963,20.074074074074076,55.3,965.1523333333333,SITE 10,EXT
2026-04-18 05:00:00,27.304333333333332,25.526666666666664,17.389,29.40740740740741,20.0,57.46666666666667,965.535,SITE 10,EXT
2026-04-18 06:00:00,18.93655172413793,18.018275862068965,12.459999999999999,28.88888888888889,19.042145593869733,56.0,965.8599999999999,SITE 10,EXT
2026-04-18 07:00:00,19.252833333333335,18.456833333333336,12.815,29.388888888888893,19.388888888888893,55.8,966.0143333333333,SITE 10,EXT
2026-04-18 08:00:00,18.528666666666666,17.8045,12.508999999999999,30.48148148148148,19.722222222222225,53.266666666666666,967.0116666666667,SITE 10,EXT
2026-04-18 09:00:00,18.598666666666666,17.872833333333332,12.906166666666667,32.12962962962963,20.0,49.233333333333334,967.6053333333333,SITE 10,EXT
2026-04-18 10:00:00,20.033666666666665,19.225166666666667,13.658999999999999,34.31481481481482,20.388888888888893,44.46666666666667,967.7223333333334,SITE 10,EXT
2026-04-18 11:00:00,19.286,18.41166666666667,13.013333333333332,36.48148148148149,20.592592592592595,39.8,967.2046666666666,SITE 10,EXT
2026-04-18 12:00:00,19.173333333333336,17.942,12.235333333333333,38.68518518518519,19.5,33.2,966.179,SITE 10,EXT
2026-04-18 13:00:00,19.136000000000003,17.817666666666664,11.849166666666667,40.51851851851852,17.796296296296298,26.833333333333332,965.0146666666666,SITE 10,EXT
2026-04-18 14:00:00,28.191666666666666,25.4705,16.498166666666666,40.72222222222222,16.98148148148148,25.033333333333335,964.356,SITE 10,EXT
2026-04-18 15:00:00,21.816896551724135,20.308620689655175,13.735689655172413,40.727969348659,17.18390804597701,25.448275862068964,963.8844827586207,SITE 10,EXT
2026-04-18 16:00:00,23.293833333333335,21.729499999999998,14.526666666666667,40.44444444444445,16.925925925925927,25.5,963.5393333333334,SITE 10,EXT
2026-04-18 17:00:00,34.672000000000004,31.009833333333333,20.429333333333332,39.25925925925926,15.962962962962964,25.466666666666665,963.2216666666667,SITE 10,EXT
2026-04-18 18:00:00,38.089166666666664,33.36483333333333,22.029999999999998,38.31481481481482,16.88888888888889,28.466666666666665,963.743,SITE 10,EXT
2026-04-18 19:00:00,46.144,38.66316666666667,25.117,37.407407407407405,17.22222222222222,30.7,964.3613333333334,SITE 10,EXT
2026-04-18 20:00:00,38.397166666666664,33.54116666666667,22.105666666666664,36.48148148148149,17.796296296296298,33.63333333333333,965.0536666666667,SITE 10,EXT
2026-04-18 21:00:00,30.242166666666666,28.3915,19.356333333333332,34.94444444444444,19.53703703703704,40.733333333333334,965.6229999999999,SITE 10,EXT
2026-04-18 22:00:00,32.56816666666666,30.190333333333335,20.5695,33.96296296296296,20.01851851851852,44.233333333333334,966.3683333333333,SITE 10,EXT
2026-04-18 23:00:00,32.16266666666667,29.953666666666667,20.48166666666667,33.27777777777778,20.12962962962963,46.5,966.5859999999999,SITE 10,EXT
2026-04-19 00:00:00,35.9855,32.362833333333334,21.990333333333336,32.53703703703704,20.222222222222225,48.96666666666667,966.4096666666667,SITE 10,EXT
2026-04-19 01:00:00,37.73066666666667,33.494166666666665,22.806833333333334,31.85185185185185,20.40740740740741,51.06666666666667,965.9373333333333,SITE 10,EXT
2026-04-19 02:00:00,36.35316666666667,32.67033333333333,22.218,31.666666666666668,20.796296296296298,52.733333333333334,965.4493333333334,SITE 10,EXT
2026-04-19 03:00:00,33.34775862068965,30.8348275862069,20.925172413793106,31.13026819923372,20.574712643678165,54.0,965.1165517241379,SITE 10,EXT
2026-04-19 04:00:00,31.528666666666666,29.529333333333334,20.081500000000002,30.77777777777778,20.592592592592595,55.266666666666666,964.9606666666666,SITE 10,EXT
2026-04-19 05:00:00,31.9425,29.8665,20.56683333333333,30.388888888888893,20.685185185185183,56.93333333333333,965.4023333333333,SITE 10,EXT
2026-04-19 06:00:00,38.7425,34.16866666666667,23.127833333333335,30.0,20.944444444444446,58.7,965.9,SITE 10,EXT
2026-04-19 07:00:00,40.359833333333334,35.14366666666667,23.7975,30.25925925925926,21.055555555555554,58.43333333333333,966.5169999999999,SITE 10,EXT
2026-04-19 08:00:00,38.287,33.905499999999996,23.169833333333333,31.25925925925926,21.12962962962963,55.6,967.3756666666667,SITE 10,EXT
2026-04-19 09:00:00,33.82066666666667,31.136833333333335,21.477666666666668,33.18518518518518,21.37037037037037,50.43333333333333,967.7706666666667,SITE 10,EXT
2026-04-19 10:00:00,27.52655172413793,26.221896551724136,18.405344827586205,35.67049808429119,20.919540229885055,42.55172413793103,967.6220689655173,SITE 10,EXT
2026-04-19 11:00:00,25.424833333333332,24.2165,17.118666666666666,38.277777777777786,20.685185185185183,36.333333333333336,967.2363333333334,SITE 10,EXT
2026-04-19 12:00:00,24.00766666666667,22.942166666666665,16.21816666666667,39.72222222222222,20.314814814814817,32.766666666666666,966.457,SITE 10,EXT
2026-04-19 13:00:00,23.70716666666667,22.307166666666667,15.453166666666668,41.72222222222222,19.740740740740744,28.5,965.401,SITE 10,EXT
2026-04-19 14:00:00,23.2715,22.103833333333334,15.365333333333332,41.62962962962963,18.40740740740741,26.233333333333334,964.4706666666666,SITE 10,EXT
2026-04-19 15:00:00,23.915333333333333,22.6385,15.704166666666667,42.74074074074074,17.703703703703702,23.666666666666668,963.5466666666667,SITE 10,EXT
2026-04-19 16:00:00,24.58133333333333,23.073,15.831999999999999,42.22222222222222,16.72222222222222,22.9,963.064,SITE 10,EXT
2026-04-19 17:00:00,25.134999999999998,23.557166666666667,15.957833333333333,41.037037037037045,17.01851851851852,24.766666666666666,962.9973333333334,SITE 10,EXT
2026-04-19 18:00:00,39.098333333333336,35.14416666666667,23.857833333333335,39.57407407407407,17.27777777777778,27.533333333333335,963.652,SITE 10,EXT
2026-04-19 19:00:00,46.723,39.50516666666667,26.38883333333333,37.44444444444444,18.092592592592595,32.43333333333333,964.6333333333333,SITE 10,EXT
2026-04-19 20:00:00,29.490689655172414,27.86396551724138,19.07586206896552,36.66666666666667,18.218390804597703,33.89655172413793,965.5048275862068,SITE 10,EXT
2026-04-19 21:00:00,32.644666666666666,29.91783333333333,20.279999999999998,36.01851851851852,18.388888888888893,35.7,966.4873333333333,SITE 10,EXT
2026-04-19 22:00:00,19.86433333333333,18.469,12.152666666666667,30.98148148148148,19.90740740740741,53.36666666666667,968.1623333333333,SITE 10,EXT
2026-04-19 23:00:00,8.573666666666666,8.066166666666668,5.325666666666667,26.833333333333332,20.574074074074076,69.4,968.9493333333334,SITE 10,EXT
2026-04-20 00:00:00,12.901333333333334,12.332500000000001,8.603333333333333,26.851851851851855,20.53703703703704,68.83333333333333,969.3366666666666,SITE 10,EXT
2026-04-20 01:00:00,11.520000000000001,10.907166666666665,7.593166666666666,26.64814814814815,19.796296296296298,66.96666666666667,968.5686666666667,SITE 10,EXT
2026-04-20 02:00:00,9.658166666666666,9.1855,6.392666666666667,25.592592592592595,19.48148148148148,70.16666666666667,966.7099999999999,SITE 10,EXT
2026-04-20 03:00:00,9.914137931034482,9.410689655172416,6.561206896551725,25.555555555555557,19.42528735632184,69.24137931034483,966.0886206896552,SITE 10,EXT
2026-04-20 04:00:00,23.92716666666667,22.139666666666663,12.935,26.25925925925926,19.425925925925927,66.73333333333333,965.7403333333333,SITE 10,EXT
2026-04-20 05:00:00,20.6725,19.296666666666667,13.261500000000002,27.166666666666668,19.592592592592595,63.53333333333333,966.0556666666666,SITE 10,EXT
2026-04-20 06:00:00,38.13166666666667,33.73833333333333,22.743333333333332,27.77777777777778,19.77777777777778,62.43333333333333,966.832,SITE 10,EXT
2026-04-20 07:00:00,35.91916666666667,32.516333333333336,21.83833333333333,27.98148148148148,19.925925925925927,62.233333333333334,967.4706666666666,SITE 10,EXT
2026-04-20 08:00:00,42.767,37.34083333333333,25.022333333333332,28.592592592592595,20.14814814814815,60.6,968.4533333333333,SITE 10,EXT
2026-04-20 09:00:00,34.735,31.579666666666665,21.4015,29.333333333333332,20.388888888888893,58.733333333333334,968.9826666666667,SITE 10,EXT
2026-04-20 10:00:00,28.272666666666666,27.078833333333332,18.860833333333336,30.61111111111111,20.77777777777778,56.266666666666666,968.503,SITE 10,EXT
2026-04-20 11:00:00,33.402931034482755,30.939310344827586,21.50741379310345,33.04597701149425,20.977011494252874,49.58620689655172,968.1803448275862,SITE 10,EXT
2026-04-20 12:00:00,30.905166666666666,28.9425,20.219,33.42592592592593,21.166666666666668,49.06666666666667,967.7683333333333,SITE 10,EXT
2026-04-20 13:00:00,36.232499999999995,32.981500000000004,22.421666666666667,34.55555555555556,21.5,47.1,966.7223333333333,SITE 10,EXT
2026-04-20 14:00:00,30.455,28.680333333333333,19.91466666666667,37.01851851851852,21.37037037037037,40.833333333333336,965.9803333333333,SITE 10,EXT
2026-04-20 15:00:00,30.406206896551723,28.713448275862067,19.647068965517242,37.01149425287357,21.226053639846743,40.172413793103445,965.8237931034482,SITE 10,EXT
2026-04-20 16:00:00,29.270833333333332,27.83716666666667,19.187166666666666,36.66666666666667,21.12962962962963,40.9,965.376,SITE 10,EXT
2026-04-20 17:00:00,37.74816666666666,33.64516666666667,22.973666666666666,35.611111111111114,21.796296296296298,45.266666666666666,965.3873333333333,SITE 10,EXT
2026-04-20 18:00:00,48.4545,40.919666666666664,27.886333333333333,34.27777777777778,21.98148148148148,49.233333333333334,965.901,SITE 10,EXT
2026-04-20 19:00:00,48.86033333333333,41.165499999999994,27.985833333333336,32.96296296296296,21.88888888888889,52.733333333333334,966.55,SITE 10,EXT
2026-04-20 20:00:00,55.26948275862069,45.77206896551724,31.15758620689655,32.41379310344828,21.647509578544064,53.62068965517241,967.0962068965517,SITE 10,EXT
2026-04-20 21:00:00,46.02766666666666,39.033,26.765833333333333,32.22222222222222,21.703703703703702,54.56666666666667,967.8936666666667,SITE 10,EXT
2026-04-20 22:00:00,43.41683333333334,37.27033333333333,25.551,31.722222222222225,21.5,55.4,968.4746666666667,SITE 10,EXT
2026-04-20 23:00:00,43.084500000000006,37.117,25.270833333333332,31.25925925925926,22.074074074074073,58.8,968.652,SITE 10,EXT
2026-04-21 00:00:00,36.104166666666664,32.72816666666667,22.427500000000002,30.740740740740744,22.37037037037037,61.733333333333334,968.3643333333333,SITE 10,EXT
2026-04-21 01:00:00,33.3945,31.107833333333335,21.300333333333334,30.092592592592595,22.314814814814817,63.93333333333333,967.928,SITE 10,EXT
2026-04-21 02:00:00,32.18866666666666,30.344833333333334,20.834,30.0,22.277777777777775,64.5,967.909,SITE 10,EXT
2026-04-21 03:00:00,31.4475,29.812333333333335,20.548166666666667,30.0,22.37037037037037,64.56666666666666,967.5496666666666,SITE 10,EXT
2026-04-21 04:00:00,29.2655,28.0875,19.3915,29.796296296296298,22.01851851851852,64.0,967.5206666666667,SITE 10,EXT
2026-04-21 05:00:00,32.36931034482759,30.079310344827583,20.62965517241379,29.444444444444446,21.800766283524908,64.3103448275862,968.0262068965517,SITE 10,EXT
2026-04-21 06:00:00,43.0005,37.216833333333334,25.3605,29.444444444444446,22.22222222222222,65.56666666666666,968.4366666666667,SITE 10,EXT
2026-04-21 07:00:00,36.036500000000004,32.4545,22.248833333333334,29.98148148148148,22.11111111111111,63.5,968.9376666666667,SITE 10,EXT
2026-04-21 08:00:00,31.451666666666664,29.4515,20.552,31.333333333333336,22.203703703703702,58.9,969.6610000000001,SITE 10,EXT
2026-04-21 09:00:00,30.1275,28.430333333333333,19.913833333333333,32.01851851851852,22.11111111111111,56.4,969.581,SITE 10,EXT
2026-04-21 10:00:00,27.399166666666666,26.35033333333333,18.632833333333334,33.72222222222222,22.462962962962965,52.333333333333336,969.1383333333334,SITE 10,EXT
2026-04-21 11:00:00,28.56,26.767068965517243,18.770000000000003,35.78544061302682,22.337164750957857,46.44827586206897,968.6493103448277,SITE 10,EXT
2026-04-21 12:00:00,22.964666666666666,22.084166666666665,15.827333333333334,36.94444444444445,21.85185185185185,42.1,968.0243333333333,SITE 10,EXT
2026-04-21 13:00:00,21.242166666666666,20.383333333333333,14.485000000000001,37.64814814814815,21.12962962962963,38.7,966.7616666666667,SITE 10,EXT
2026-04-21 14:00:00,29.174833333333332,27.0385,18.466,37.51851851851852,21.12962962962963,39.06666666666667,966.0550000000001,SITE 10,EXT
2026-04-21 15:00:00,21.585333333333335,20.6625,14.559333333333335,37.98148148148149,20.944444444444446,37.5,966.0400000000001,SITE 10,EXT
2026-04-21 16:00:00,32.89533333333333,29.82016666666667,20.285333333333334,35.74074074074074,20.574074074074076,41.63333333333333,966.2146666666666,SITE 10,EXT
2026-04-21 17:00:00,31.41033333333333,29.348,19.743333333333332,34.44444444444444,19.962962962962965,42.833333333333336,965.9053333333334,SITE 10,EXT
2026-04-21 18:00:00,69.73241379310345,60.14948275862069,39.185344827586206,34.38697318007662,20.383141762452105,44.3448275862069,966.4496551724138,SITE 10,EXT
2026-04-21 19:00:00,52.31483333333333,43.31633333333333,28.118333333333332,33.351851851851855,20.425925925925927,46.96666666666667,967.3616666666666,SITE 10,EXT
2026-04-21 20:00:00,20.436333333333334,19.168,12.733,31.055555555555557,18.055555555555557,46.46666666666667,968.1456666666667,SITE 10,EXT
2026-04-21 21:00:00,16.181833333333334,15.248666666666667,10.087833333333332,31.03703703703704,18.53703703703704,47.733333333333334,968.8686666666667,SITE 10,EXT
2026-04-21 22:00:00,12.166,11.426333333333334,7.5906666666666665,28.962962962962965,18.75925925925926,54.733333333333334,970.2716666666668,SITE 10,EXT
2026-04-21 23:00:00,9.509333333333332,8.822666666666667,5.7844999999999995,28.85185185185185,18.61111111111111,54.333333333333336,969.298,SITE 10,EXT
2026-04-22 00:00:00,6.894666666666667,6.4295,4.12,28.944444444444446,18.48148148148148,53.8,968.7176666666667,SITE 10,EXT
2026-04-22 01:00:00,5.590344827586207,5.161379310344828,3.245862068965517,28.333333333333336,18.42911877394636,55.41379310344828,968.2624137931035,SITE 10,EXT
2026-04-22 02:00:00,7.992,7.462999999999999,4.921166666666666,28.333333333333336,19.074074074074076,57.733333333333334,967.7476666666666,SITE 10,EXT
2026-04-22 03:00:00,10.435666666666666,9.834333333333332,6.718333333333334,28.333333333333336,19.444444444444446,59.1,968.0446666666667,SITE 10,EXT
2026-04-22 04:00:00,19.71066666666667,18.71216666666667,12.550166666666666,28.31481481481482,19.796296296296298,59.93333333333333,968.474,SITE 10,EXT
2026-04-22 05:00:00,15.238499999999998,14.461333333333332,9.5695,26.722222222222225,19.092592592592595,63.53333333333333,970.034,SITE 10,EXT
2026-04-22 06:00:00,18.010833333333334,16.981,11.307500000000001,25.462962962962965,18.796296296296298,66.53333333333333,970.5713333333333,SITE 10,EXT
2026-04-22 07:00:00,21.838833333333334,20.695666666666668,14.045666666666667,26.22222222222222,18.75925925925926,64.06666666666666,970.8056666666666,SITE 10,EXT
2026-04-22 08:00:00,14.986333333333333,14.152,9.531,27.425925925925927,18.40740740740741,58.766666666666666,970.9046666666667,SITE 10,EXT
2026-04-22 09:00:00,15.985000000000001,14.755166666666666,9.250166666666667,29.703703703703706,17.592592592592595,48.53333333333333,970.2596666666667,SITE 10,EXT
2026-04-22 10:00:00,14.87293103448276,13.530172413793103,8.46706896551724,32.18390804597701,17.18390804597701,40.96551724137931,969.8344827586208,SITE 10,EXT
2026-04-22 11:00:00,13.845166666666668,12.818833333333334,8.128166666666667,35.22222222222222,17.87037037037037,36.06666666666667,969.2556666666667,SITE 10,EXT
2026-04-22 12:00:00,10.5955,9.757833333333334,6.343999999999999,38.351851851851855,17.944444444444446,30.6,968.306,SITE 10,EXT
2026-04-22 13:00:00,9.324166666666667,8.694666666666667,5.754833333333334,38.64814814814815,16.72222222222222,27.9,967.516,SITE 10,EXT
2026-04-22 14:00:00,14.132166666666667,12.778666666666668,8.162833333333333,37.62962962962963,17.88888888888889,31.6,966.575,SITE 10,EXT
2026-04-22 15:00:00,9.629833333333332,8.645999999999999,5.354666666666666,36.94444444444445,18.12962962962963,33.36666666666667,966.0893333333333,SITE 10,EXT
2026-04-22 16:00:00,23.88083333333333,21.4635,13.781833333333333,37.03703703703704,16.35185185185185,29.633333333333333,965.7656666666667,SITE 10,EXT
2026-04-22 17:00:00,47.8148275862069,42.416896551724136,27.67086206896552,36.206896551724135,17.337164750957854,33.06896551724138,966.015172413793,SITE 10,EXT
2026-04-22 18:00:00,47.70216666666667,40.605333333333334,26.4755,35.07407407407407,18.722222222222225,38.333333333333336,966.8349999999999,SITE 10,EXT
2026-04-22 19:00:00,43.83183333333333,37.49733333333334,24.6635,34.14814814814815,19.666666666666668,42.9,967.7963333333333,SITE 10,EXT
2026-04-22 20:00:00,28.742666666666665,26.498833333333334,17.9115,33.01851851851852,20.35185185185185,47.9,968.5383333333334,SITE 10,EXT
2026-04-22 21:00:00,27.276833333333332,25.528333333333332,16.935166666666667,32.22222222222222,20.77777777777778,51.36666666666667,969.2016666666666,SITE 10,EXT
2026-04-22 22:00:00,23.6435,22.233,14.605500000000001,32.07407407407407,21.38888888888889,53.96666666666667,969.412,SITE 10,EXT
2026-04-22 23:00:00,18.288333333333334,17.33516666666667,11.643666666666666,31.75925925925926,21.592592592592595,55.56666666666667,969.292,SITE 10,EXT
2026-04-23 00:00:00,16.824666666666666,15.8235,10.263666666666667,31.25925925925926,21.666666666666668,56.86666666666667,968.7836666666666,SITE 10,EXT
2026-04-23 01:00:00,17.500333333333334,16.456666666666667,10.546333333333333,31.018518518518523,21.685185185185183,57.86666666666667,968.2763333333334,SITE 10,EXT
2026-04-23 02:00:00,16.132833333333334,15.252,10.002166666666666,30.555555555555557,21.666666666666668,60.0,967.8086666666667,SITE 10,EXT
2026-04-23 03:00:00,17.905666666666665,16.873666666666665,10.973666666666666,30.296296296296298,21.77777777777778,60.96666666666667,967.5893333333333,SITE 10,EXT
2026-04-23 04:00:00,17.593793103448274,16.647068965517242,11.189310344827586,30.0,21.60919540229885,61.3448275862069,967.6941379310346,SITE 10,EXT
2026-04-23 05:00:00,20.88566666666667,19.5485,12.956833333333332,30.0,21.24074074074074,60.233333333333334,968.097,SITE 10,EXT
2026-04-23 06:00:00,36.13,32.5045,20.9925,29.98148148148148,21.5,60.733333333333334,968.6473333333332,SITE 10,EXT
2026-04-23 07:00:00,34.83983333333333,31.514499999999998,20.797666666666665,30.592592592592595,21.444444444444446,58.56666666666667,969.0033333333333,SITE 10,EXT
2026-04-23 08:00:00,23.9255,22.718999999999998,15.362666666666666,32.62962962962963,21.685185185185183,53.1,969.3473333333333,SITE 10,EXT
2026-04-23 09:00:00,18.867666666666665,17.840666666666667,11.946,35.111111111111114,21.01851851851852,44.266666666666666,969.0143333333333,SITE 10,EXT
2026-04-23 10:00:00,17.4295,16.356,10.887,38.407407407407405,20.740740740740744,36.2,968.606,SITE 10,EXT
2026-04-23 11:00:00,15.56,14.509666666666668,9.730666666666668,40.592592592592595,19.962962962962965,30.666666666666668,968.1986666666667,SITE 10,EXT
2026-04-23 12:00:00,18.384347826086955,17.19891304347826,11.885434782608696,42.29468599033817,19.347826086956523,26.869565217391305,967.034347826087,SITE 10,EXT
2026-04-23 13:00:00,16.5375,15.430833333333334,10.4025,42.77777777777778,18.27777777777778,24.433333333333334,965.9933333333333,SITE 10,EXT
2026-04-23 14:00:00,16.363666666666667,15.353166666666668,10.434500000000002,43.44444444444445,18.12962962962963,23.433333333333334,965.0466666666667,SITE 10,EXT
2026-04-23 15:00:00,18.488833333333332,17.379166666666666,12.045333333333334,41.092592592592595,19.35185185185185,28.8,964.3056666666666,SITE 10,EXT
2026-04-23 16:00:00,22.190833333333334,20.685166666666664,14.001166666666668,39.81481481481481,19.814814814814817,31.766666666666666,963.9176666666666,SITE 10,EXT
2026-04-23 17:00:00,22.165333333333333,20.844,14.058333333333334,39.2962962962963,20.203703703703702,33.53333333333333,963.9666666666667,SITE 10,EXT
2026-04-23 18:00:00,27.759333333333334,25.817999999999998,17.604666666666667,37.666666666666664,20.37037037037037,36.9,964.4973333333334,SITE 10,EXT
2026-04-23 19:00:00,45.92266666666667,39.681000000000004,26.3055,36.7962962962963,20.555555555555557,39.36666666666667,965.5436666666667,SITE 10,EXT
2026-04-23 20:00:00,37.57083333333333,33.382333333333335,22.56066666666667,35.81481481481482,20.796296296296298,41.86666666666667,966.1346666666667,SITE 10,EXT
2026-04-23 21:00:00,30.400517241379312,28.325689655172415,19.284827586206895,34.6551724137931,21.245210727969347,46.13793103448276,966.9586206896552,SITE 10,EXT
2026-04-23 22:00:00,27.854166666666668,26.4885,18.078833333333332,33.44444444444444,21.092592592592595,48.666666666666664,967.4273333333333,SITE 10,EXT
2026-04-23 23:00:00,35.00483333333333,31.876166666666666,21.585166666666666,32.37037037037037,21.38888888888889,52.8,967.4886666666666,SITE 10,EXT
2026-04-24 00:00:00,37.294,33.3525,22.55,31.61111111111111,21.462962962962965,55.5,967.152,SITE 10,EXT
2026-04-24 01:00:00,34.862833333333334,31.854666666666667,21.6295,31.185185185185187,20.888888888888893,54.86666666666667,966.3173333333333,SITE 10,EXT
2026-04-24 02:00:00,23.21051724137931,22.332241379310343,15.50344827586207,30.42145593869732,19.597701149425287,52.793103448275865,966.2827586206897,SITE 10,EXT
2026-04-24 03:00:00,15.218166666666667,14.622166666666667,10.050666666666666,29.64814814814815,18.666666666666668,52.233333333333334,966.6243333333333,SITE 10,EXT
2026-04-24 04:00:00,11.423499999999999,10.855333333333334,7.519166666666666,29.055555555555557,17.833333333333332,51.4,966.6286666666667,SITE 10,EXT
2026-04-24 05:00:00,13.813333333333333,13.1485,8.963,28.87037037037037,18.31481481481482,53.63333333333333,967.556,SITE 10,EXT
2026-04-24 06:00:00,25.306499999999996,23.583000000000002,16.2,29.055555555555557,18.574074074074076,54.0,968.34,SITE 10,EXT
2026-04-24 07:00:00,28.557166666666667,26.606333333333335,17.788333333333334,29.88888888888889,19.240740740740744,53.13333333333333,968.9396666666667,SITE 10,EXT
2026-04-24 08:00:00,23.308793103448277,22.281724137931032,15.207241379310345,30.900383141762454,19.367816091954026,50.827586206896555,969.5231034482758,SITE 10,EXT
2026-04-24 09:00:00,26.350166666666667,24.968,16.998666666666665,32.87037037037037,19.53703703703704,45.7,969.443,SITE 10,EXT
2026-04-24 10:00:00,22.50583333333333,21.521166666666666,14.928500000000001,35.7037037037037,19.592592592592595,39.1,968.8103333333333,SITE 10,EXT
2026-04-24 11:00:00,19.722166666666666,18.896166666666666,13.221666666666666,37.648148148148145,19.296296296296298,34.5,968.0493333333333,SITE 10,EXT
2026-04-24 12:00:00,19.382833333333334,18.461666666666666,12.843,39.51851851851852,19.425925925925927,31.4,967.0346666666667,SITE 10,EXT
2026-04-24 13:00:00,20.502000000000002,19.569833333333335,13.753833333333334,39.01851851851852,19.685185185185183,32.93333333333333,966.1196666666667,SITE 10,EXT
2026-04-24 14:00:00,21.360689655172415,20.460172413793103,14.54896551724138,38.44827586206897,20.114942528735632,34.689655172413794,965.4810344827587,SITE 10,EXT
2026-04-24 15:00:00,22.75433333333333,21.796499999999998,15.410666666666666,38.51851851851852,20.296296296296298,34.9,965.2810000000001,SITE 10,EXT
2026-04-24 16:00:00,23.244333333333334,22.177500000000002,15.633000000000001,37.351851851851855,20.222222222222225,37.1,965.2626666666667,SITE 10,EXT
2026-04-24 17:00:00,25.242833333333333,23.822499999999998,16.602999999999998,36.55555555555556,20.01851851851852,38.36666666666667,965.3056666666666,SITE 10,EXT
2026-04-24 18:00:00,29.629,27.43933333333333,18.5045,35.57407407407407,19.833333333333332,40.166666666666664,965.8256666666667,SITE 10,EXT
2026-04-24 19:00:00,46.2165,41.9005,27.133666666666667,34.51851851851851,20.425925925925927,44.03333333333333,966.6883333333334,SITE 10,EXT
2026-04-24 20:00:00,40.992586206896554,35.88913793103448,24.31344827586207,33.73563218390805,19.616858237547895,43.758620689655174,967.1999999999999,SITE 10,EXT
2026-04-24 21:00:00,28.016166666666667,26.35666666666667,18.282500000000002,32.96296296296296,19.296296296296298,44.833333333333336,968.0296666666667,SITE 10,EXT
2026-04-24 22:00:00,25.037666666666667,24.041,16.677,32.05555555555556,19.40740740740741,47.56666666666667,968.4563333333333,SITE 10,EXT
2026-04-24 23:00:00,23.366,22.369333333333334,15.397666666666668,31.388888888888893,19.574074074074076,50.03333333333333,968.232,SITE 10,EXT
2026-04-25 00:00:00,23.147931034482756,22.17103448275862,15.32603448275862,30.727969348659006,19.885057471264368,52.793103448275865,967.7831034482758,SITE 10,EXT
2026-04-25 01:00:00,25.20583333333333,24.1545,16.541833333333333,30.166666666666668,20.25925925925926,55.9,967.2810000000001,SITE 10,EXT
2026-04-25 02:00:00,29.119000000000003,27.75316666666667,18.9415,30.0,20.518518518518523,57.266666666666666,966.8553333333333,SITE 10,EXT
2026-04-25 03:00:00,29.26066666666667,27.999333333333333,19.079666666666665,29.53703703703704,20.185185185185183,57.833333333333336,966.4363333333333,SITE 10,EXT
2026-04-25 04:00:00,30.517333333333333,28.904833333333332,19.495,28.98148148148148,20.12962962962963,59.46666666666667,966.8876666666667,SITE 10,EXT
2026-04-25 05:00:00,32.86706896551724,30.57637931034483,20.526206896551724,28.48659003831418,20.153256704980844,61.310344827586206,967.3848275862069,SITE 10,EXT
2026-04-25 06:00:00,38.8355,34.26616666666667,23.040000000000003,28.055555555555557,19.87037037037037,61.733333333333334,967.8553333333333,SITE 10,EXT
2026-04-25 07:00:00,47.58583333333333,40.165,27.1115,28.462962962962965,19.740740740740744,59.733333333333334,968.7096666666667,SITE 10,EXT
2026-04-25 08:00:00,43.402,37.274,25.20133333333333,29.592592592592595,20.03703703703704,57.233333333333334,969.1866666666666,SITE 10,EXT
2026-04-25 09:00:00,40.50483333333333,35.33683333333333,23.965,31.64814814814815,20.77777777777778,53.03333333333333,969.5143333333333,SITE 10,EXT
2026-04-25 10:00:00,36.97533333333333,33.16316666666667,22.715833333333332,34.22222222222222,20.85185185185185,45.93333333333333,969.5396666666667,SITE 10,EXT
2026-04-25 11:00:00,34.06241379310345,31.288103448275862,21.496896551724138,36.111111111111114,20.076628352490424,39.44827586206897,968.8762068965517,SITE 10,EXT
2026-04-25 12:00:00,40.39633333333334,35.389,24.23483333333333,37.46296296296296,19.90740740740741,36.266666666666666,967.9639999999999,SITE 10,EXT
2026-04-25 13:00:00,45.458,38.649166666666666,26.61733333333333,38.31481481481482,19.574074074074076,33.96666666666667,966.9599999999999,SITE 10,EXT
2026-04-25 14:00:00,43.91916666666667,37.544999999999995,25.802833333333336,39.07407407407407,19.462962962962965,32.3,966.0253333333333,SITE 10,EXT
2026-04-25 15:00:00,42.785666666666664,36.71566666666667,25.310833333333335,39.01851851851852,19.296296296296298,31.933333333333334,965.388,SITE 10,EXT
2026-04-25 16:00:00,40.29383333333333,35.252500000000005,24.201833333333333,38.666666666666664,19.092592592592595,32.233333333333334,965.1796666666667,SITE 10,EXT
2026-04-25 17:00:00,45.89666666666667,38.84166666666667,26.600166666666667,37.61111111111111,19.40740740740741,34.63333333333333,965.191,SITE 10,EXT
2026-04-25 18:00:00,49.160833333333336,41.274166666666666,27.978666666666665,36.777777777777786,19.98148148148148,37.833333333333336,965.8846666666667,SITE 10,EXT
2026-04-25 19:00:00,53.32844827586207,44.303275862068965,29.941206896551723,35.76628352490421,20.229885057471268,40.724137931034484,966.7979310344828,SITE 10,EXT
2026-04-25 20:00:00,49.745999999999995,41.723166666666664,28.312,34.61111111111111,20.61111111111111,44.36666666666667,967.533,SITE 10,EXT
2026-04-25 21:00:00,47.29216666666666,39.847166666666666,27.061666666666667,33.72222222222222,20.5,46.266666666666666,968.0916666666667,SITE 10,EXT
2026-04-25 22:00:00,51.11116666666667,42.750166666666665,28.71,32.90740740740741,20.425925925925927,48.0,968.8283333333333,SITE 10,EXT
2026-04-25 23:00:00,46.923,39.59183333333333,26.699333333333335,32.351851851851855,20.203703703703702,49.166666666666664,968.7513333333334,SITE 10,EXT
2026-04-26 00:00:00,50.033793103448275,41.995,28.013448275862068,31.666666666666668,20.65134099616858,52.37931034482759,968.3320689655172,SITE 10,EXT
2026-04-26 01:00:00,52.59133333333333,43.842999999999996,29.15,30.90740740740741,20.685185185185183,55.03333333333333,967.8636666666666,SITE 10,EXT
2026-04-26 02:00:00,54.652,45.2945,30.098833333333335,30.425925925925927,20.85185185185185,57.1,967.5076666666666,SITE 10,EXT
2026-04-26 03:00:00,53.844500000000004,44.7085,29.593666666666664,30.0,20.90740740740741,58.63333333333333,967.5383333333334,SITE 10,EXT
2026-04-26 04:00:00,54.2965,45.029333333333334,29.831666666666667,29.388888888888893,20.796296296296298,60.6,967.879,SITE 10,EXT
2026-04-26 05:00:00,56.7248275862069,46.60896551724138,30.834655172413793,28.908045977011497,20.613026819923373,62.0,968.3941379310345,SITE 10,EXT
2026-04-26 06:00:00,63.03516666666667,52.036500000000004,34.02366666666667,28.88888888888889,21.11111111111111,63.0,968.793,SITE 10,EXT
2026-04-26 07:00:00,50.41883333333333,42.111999999999995,27.7415,29.037037037037035,20.462962962962965,60.46666666666667,969.6343333333333,SITE 10,EXT
2026-04-26 08:00:00,37.507666666666665,33.304,21.784333333333333,30.185185185185187,20.203703703703702,55.63333333333333,970.337,SITE 10,EXT
2026-04-26 09:00:00,39.96333333333334,34.8765,23.136166666666668,32.01851851851852,20.685185185185183,51.56666666666667,970.726,SITE 10,EXT
2026-04-26 10:00:00,39.4375,34.71566666666667,23.3275,34.333333333333336,20.444444444444446,44.63333333333333,970.527,SITE 10,EXT
2026-04-26 11:00:00,37.7065,33.643,22.484333333333332,36.31481481481482,20.37037037037037,39.7,970.0976666666667,SITE 10,EXT
2026-04-26 12:00:00,56.45396551724138,50.91241379310345,32.13448275862069,37.701149425287355,20.440613026819925,37.0,969.3441379310344,SITE 10,EXT
2026-04-26 13:00:00,45.529333333333334,41.6025,26.129166666666666,38.2962962962963,20.11111111111111,34.96666666666667,968.3389999999999,SITE 10,EXT
2026-04-26 14:00:00,32.166000000000004,29.794833333333333,20.095000000000002,38.166666666666664,19.925925925925927,34.86666666666667,968.2733333333333,SITE 10,EXT
2026-04-26 15:00:00,34.683499999999995,31.64,20.916166666666665,38.01851851851852,19.77777777777778,34.93333333333333,967.8463333333333,SITE 10,EXT
2026-04-26 16:00:00,27.98616666666667,26.456833333333336,17.688166666666667,37.07407407407407,20.01851851851852,37.233333333333334,968.0300000000001,SITE 10,EXT
2026-04-26 17:00:00,35.15379310344828,32.17982758620689,21.451034482758622,35.593869731800766,19.904214559386975,40.03448275862069,968.286551724138,SITE 10,EXT
2026-04-26 18:00:00,33.09133333333333,30.390333333333334,20.288333333333334,34.351851851851855,19.518518518518523,42.166666666666664,968.721,SITE 10,EXT
2026-04-26 19:00:00,56.39233333333333,48.17933333333334,30.739833333333333,34.111111111111114,19.666666666666668,43.0,969.6643333333334,SITE 10,EXT
2026-04-26 20:00:00,78.45133333333334,70.15616666666666,41.39683333333333,33.75925925925926,19.555555555555557,43.8,969.9443333333334,SITE 10,EXT
2026-04-26 21:00:00,42.342166666666664,37.065000000000005,23.936333333333334,33.25925925925926,19.61111111111111,45.1,970.557,SITE 10,EXT
2026-04-26 22:00:00,27.600666666666665,26.238166666666665,17.53483333333333,32.77777777777778,19.833333333333332,46.833333333333336,971.0883333333334,SITE 10,EXT
2026-04-26 23:00:00,25.181206896551725,23.850344827586206,15.792241379310346,32.20306513409962,19.55938697318008,47.724137931034484,970.8496551724138,SITE 10,EXT
2026-04-27 00:00:00,22.659833333333335,21.492833333333333,14.277,31.666666666666668,19.40740740740741,48.43333333333333,970.588,SITE 10,EXT
2026-04-27 01:00:00,25.466,23.740166666666664,15.276166666666667,31.129629629629633,19.074074074074076,49.2,970.2256666666667,SITE 10,EXT
2026-04-27 02:00:00,23.307166666666667,22.105,14.668833333333334,30.90740740740741,19.40740740740741,50.666666666666664,969.8389999999999,SITE 10,EXT
2026-04-27 03:00:00,33.95466666666667,30.502166666666668,19.794500000000003,30.40740740740741,19.462962962962965,52.56666666666667,969.4173333333333,SITE 10,EXT
2026-04-27 04:00:00,29.477666666666668,27.474,18.269333333333336,29.722222222222225,19.5,54.5,970.3856666666667,SITE 10,EXT
2026-04-27 05:00:00,38.122241379310346,33.49534482758621,21.982068965517243,29.444444444444446,19.444444444444446,55.86206896551724,971.1327586206896,SITE 10,EXT
2026-04-27 06:00:00,45.85183333333334,38.80783333333333,25.6615,29.944444444444446,19.944444444444446,55.1,971.2926666666666,SITE 10,EXT
2026-04-27 07:00:00,37.17516666666667,33.13916666666667,22.058666666666667,30.425925925925927,19.88888888888889,53.56666666666667,972.397,SITE 10,EXT
2026-04-27 08:00:00,41.506166666666665,35.854166666666664,23.615833333333335,31.685185185185187,20.296296296296298,51.4,973.3016666666666,SITE 10,EXT
2026-04-27 09:00:00,32.073,29.501166666666666,19.68883333333333,33.72222222222222,20.333333333333332,45.86666666666667,973.7103333333333,SITE 10,EXT
2026-04-27 10:00:00,30.390833333333333,28.3785,19.23166666666667,35.05555555555556,19.90740740740741,41.43333333333333,973.6406666666667,SITE 10,EXT
2026-04-27 11:00:00,26.849310344827586,25.293275862068967,17.08655172413793,34.099616858237546,19.482758620689655,42.51724137931034,973.2534482758621,SITE 10,EXT
2026-04-27 12:00:00,17.959666666666667,16.759833333333333,11.302166666666666,33.851851851851855,19.388888888888893,43.03333333333333,972.4556666666667,SITE 10,EXT
2026-04-27 13:00:00,14.263,13.506833333333333,9.349,36.07407407407408,19.0,36.9,970.6923333333333,SITE 10,EXT
2026-04-27 14:00:00,15.54,14.812833333333334,10.515666666666666,37.907407407407405,18.53703703703704,32.56666666666667,969.4156666666667,SITE 10,EXT
2026-04-27 15:00:00,13.577166666666667,12.859666666666667,8.871833333333333,38.851851851851855,18.425925925925927,30.566666666666666,968.3259999999999,SITE 10,EXT
2026-04-27 16:00:00,14.5495,13.581666666666667,9.386,38.46296296296296,17.90740740740741,30.133333333333333,967.867,SITE 10,EXT
2026-04-27 17:00:00,17.929655172413796,16.959137931034483,11.521724137931034,37.720306513409966,18.27586206896552,32.3448275862069,967.7613793103449,SITE 10,EXT
2026-04-27 18:00:00,37.9645,33.10216666666667,21.363666666666667,36.592592592592595,18.03703703703704,33.86666666666667,968.3493333333333,SITE 10,EXT
2026-04-27 19:00:00,49.0285,43.39683333333333,28.802500000000002,35.37037037037037,18.833333333333332,37.9,968.9533333333333,SITE 10,EXT
2026-04-27 20:00:00,29.626166666666666,27.5985,18.978333333333335,33.7962962962963,19.98148148148148,44.5,969.5436666666667,SITE 10,EXT
2026-04-27 21:00:00,28.7635,26.0005,17.627166666666668,33.31481481481482,19.98148148148148,45.333333333333336,970.3306666666666,SITE 10,EXT
2026-04-27 22:00:00,27.322333333333333,25.733333333333334,17.181333333333335,32.7962962962963,19.5,46.1,970.591,SITE 10,EXT
2026-04-27 23:00:00,27.541,25.907833333333333,17.706666666666667,32.53703703703704,19.574074074074076,46.733333333333334,970.4813333333333,SITE 10,EXT
2026-04-28 00:00:00,43.792826086956524,37.533478260869565,24.695217391304347,31.73913043478261,19.782608695652176,49.52173913043478,970.1378260869565,SITE 10,EXT
2026-04-28 06:00:00,37.08386363636364,33.29681818181818,22.58159090909091,28.207070707070706,19.772727272727273,61.0,970.6404545454545,SITE 10,EXT
2026-04-28 07:00:00,33.085,30.482166666666668,20.812166666666666,29.40740740740741,19.222222222222225,54.766666666666666,971.3516666666667,SITE 10,EXT
2026-04-28 08:00:00,29.85216666666667,28.092333333333332,19.511666666666667,30.203703703703702,19.64814814814815,53.86666666666667,971.9576666666667,SITE 10,EXT
2026-04-28 09:00:00,28.273000000000003,26.94333333333333,18.916666666666668,31.90740740740741,20.092592592592595,50.166666666666664,971.9593333333333,SITE 10,EXT
2026-04-28 10:00:00,25.872413793103448,24.913103448275862,17.70258620689655,33.793103448275865,20.249042145593872,45.37931034482759,971.6789655172413,SITE 10,EXT
2026-04-28 11:00:00,23.512166666666666,22.732333333333333,16.3705,35.81481481481482,20.388888888888893,40.9,971.0816666666667,SITE 10,EXT
2026-04-28 12:00:00,18.874333333333333,18.171666666666667,13.199166666666667,38.18518518518519,19.240740740740744,33.233333333333334,969.7833333333333,SITE 10,EXT
2026-04-28 13:00:00,16.952666666666666,16.176333333333336,11.547833333333333,39.92592592592593,18.61111111111111,29.233333333333334,968.4243333333333,SITE 10,EXT
2026-04-28 14:00:00,17.089333333333332,16.325666666666667,11.553666666666667,40.42592592592593,18.351851851851855,27.866666666666667,967.3246666666668,SITE 10,EXT
2026-04-28 15:00:00,16.1425,15.3505,10.979000000000001,41.24074074074075,18.740740740740744,27.333333333333332,966.2753333333333,SITE 10,EXT
2026-04-28 16:00:00,19.617241379310343,18.496896551724138,13.114310344827587,40.05747126436782,17.89272030651341,27.551724137931036,965.7331034482758,SITE 10,EXT
2026-04-28 17:00:00,26.140833333333333,24.790166666666664,17.302833333333336,38.40740740740741,17.85185185185185,30.233333333333334,966.1066666666667,SITE 10,EXT
2026-04-28 18:00:00,25.3365,23.370333333333335,15.568166666666666,34.51851851851852,18.61111111111111,39.6,967.723,SITE 10,EXT
2026-04-28 19:00:00,27.017333333333333,25.279333333333334,16.879,32.22222222222222,19.037037037037035,45.9,968.7046666666666,SITE 10,EXT
2026-04-28 20:00:00,14.7675,14.048499999999999,9.7645,32.18518518518518,19.296296296296298,46.7,968.932,SITE 10,EXT
2026-04-28 21:00:00,14.243833333333333,13.674000000000001,9.7625,31.296296296296298,19.03703703703704,48.46666666666667,970.202,SITE 10,EXT
2026-04-28 22:00:00,14.22844827586207,13.666724137931034,9.613275862068967,30.49808429118774,19.597701149425287,52.724137931034484,970.8796551724138,SITE 10,EXT
2026-04-28 23:00:00,11.9765,11.4385,7.9193333333333324,29.703703703703702,19.962962962962965,56.233333333333334,970.6183333333333,SITE 10,EXT
2026-04-29 00:00:00,9.801666666666668,9.357166666666666,6.554666666666666,29.12962962962963,19.666666666666668,57.1,969.971,SITE 10,EXT
2026-04-29 01:00:00,11.832666666666666,11.361833333333333,7.8293333333333335,28.98148148148148,19.61111111111111,57.733333333333334,969.4633333333334,SITE 10,EXT
2026-04-29 02:00:00,17.055666666666667,15.481166666666669,10.151333333333334,29.444444444444446,19.666666666666668,56.166666666666664,969.103,SITE 10,EXT
2026-04-29 03:00:00,11.701166666666666,11.218166666666667,7.774,29.444444444444446,19.814814814814817,56.6,968.8253333333334,SITE 10,EXT
2026-04-29 04:00:00,14.908666666666667,14.333,10.1265,29.444444444444446,19.5,56.03333333333333,969.4263333333333,SITE 10,EXT
2026-04-29 05:00:00,32.76034482758621,28.932931034482756,17.841206896551725,29.42528735632184,19.980842911877396,56.86206896551724,969.8220689655172,SITE 10,EXT
2026-04-29 06:00:00,25.377833333333335,22.189500000000002,14.303666666666667,29.240740740740744,19.740740740740744,56.833333333333336,970.1623333333333,SITE 10,EXT
2026-04-29 07:00:00,20.666166666666665,19.755,13.464,29.425925925925927,19.61111111111111,56.266666666666666,970.8960000000001,SITE 10,EXT
2026-04-29 08:00:00,18.952,18.204333333333334,12.9495,29.944444444444446,19.722222222222225,55.06666666666667,971.4773333333334,SITE 10,EXT
2026-04-29 09:00:00,17.098166666666668,16.495833333333334,11.799666666666667,31.61111111111111,19.90740740740741,50.46666666666667,971.5316666666666,SITE 10,EXT
2026-04-29 10:00:00,15.723,15.191833333333333,10.944333333333333,33.75925925925926,19.925925925925927,44.6,970.996,SITE 10,EXT
2026-04-29 11:00:00,19.237758620689654,18.523793103448277,13.489827586206896,35.0,19.904214559386975,41.44827586206897,970.6365517241379,SITE 10,EXT
2026-04-29 12:00:00,20.456666666666667,19.532500000000002,14.029333333333334,35.666666666666664,19.925925925925927,39.9,970.0713333333333,SITE 10,EXT
2026-04-29 13:00:00,16.229833333333332,15.611166666666666,11.339666666666666,36.64814814814815,20.11111111111111,38.43333333333333,969.2276666666668,SITE 10,EXT
2026-04-29 14:00:00,17.990833333333335,17.442333333333334,12.687999999999999,37.333333333333336,20.25925925925926,37.266666666666666,968.4326666666667,SITE 10,EXT
2026-04-29 15:00:00,19.920833333333334,19.344,13.918333333333333,37.37037037037037,20.074074074074076,36.733333333333334,967.711,SITE 10,EXT
2026-04-29 16:00:00,25.943833333333334,24.298833333333334,17.011166666666664,36.64814814814815,20.27777777777778,38.766666666666666,967.4889999999999,SITE 10,EXT
2026-04-29 17:00:00,30.076666666666668,27.447916666666668,18.29104166666667,35.34722222222222,19.00462962962963,38.25,968.4279166666666,SITE 10,EXT
2026-04-30 05:00:00,35.94724137931035,32.65844827586207,21.109137931034482,27.24137931034483,21.45593869731801,71.58620689655173,971.856551724138,SITE 10,EXT
2026-04-30 06:00:00,31.43051724137931,29.389655172413793,19.80034482758621,28.409961685823756,21.340996168582375,66.13793103448276,972.2779310344828,SITE 10,EXT
2026-04-30 07:00:00,29.1175,26.484333333333332,17.012166666666666,29.48148148148148,21.574074074074076,63.46666666666667,972.8946666666667,SITE 10,EXT
2026-04-30 08:00:00,24.758166666666668,24.031833333333335,16.7165,29.98148148148148,21.685185185185183,62.03333333333333,973.4979999999999,SITE 10,EXT
2026-04-30 09:00:00,31.95931034482759,30.101551724137927,20.33189655172414,30.440613026819925,21.839080459770116,60.6551724137931,973.7427586206896,SITE 10,EXT
2026-04-30 10:00:00,23.4975,22.771166666666666,16.146166666666666,32.592592592592595,21.98148148148148,54.03333333333333,973.4590000000001,SITE 10,EXT
2026-04-30 11:00:00,20.233166666666666,19.506166666666665,14.187000000000001,34.94444444444444,21.425925925925927,45.666666666666664,973.0676666666666,SITE 10,EXT
2026-04-30 12:00:00,16.208000000000002,15.776000000000002,11.535333333333334,36.592592592592595,21.407407407407405,41.86666666666667,972.0363333333333,SITE 10,EXT
2026-04-30 13:00:00,18.859166666666667,18.094,12.125499999999999,38.0,20.796296296296298,37.166666666666664,970.8353333333333,SITE 10,EXT
2026-04-30 14:00:00,17.265666666666668,16.649833333333333,11.835166666666668,38.51851851851852,20.64814814814815,35.8,969.8883333333334,SITE 10,EXT
2026-04-30 15:00:00,15.88655172413793,15.411379310344827,10.661551724137931,39.291187739463595,20.708812260536398,34.55172413793103,969.1334482758621,SITE 10,EXT
2026-04-30 16:00:00,23.852333333333334,22.28533333333333,15.120666666666667,38.666666666666664,20.203703703703702,34.46666666666667,968.4699999999999,SITE 10,EXT
2026-04-30 17:00:00,17.852833333333333,17.182833333333335,12.371833333333333,37.38888888888889,20.388888888888893,37.56666666666667,968.4443333333334,SITE 10,EXT
2026-04-30 18:00:00,30.972500000000004,28.245333333333335,18.766166666666667,36.40740740740741,20.75925925925926,40.266666666666666,968.7343333333333,SITE 10,EXT
2026-04-30 19:00:00,34.784666666666666,31.468,21.2345,35.68518518518519,20.962962962962965,42.56666666666667,969.2256666666667,SITE 10,EXT
2026-04-30 20:00:00,25.229833333333332,22.459166666666665,15.031333333333333,32.72222222222222,20.555555555555557,49.56666666666667,970.2296666666666,SITE 10,EXT
2026-04-30 21:00:00,26.38448275862069,24.649482758620692,17.068275862068965,30.84291187739464,21.915708812260537,59.758620689655174,970.7296551724138,SITE 10,EXT
2026-04-30 22:00:00,44.022166666666664,37.87266666666667,25.6095,31.240740740740744,22.314814814814817,59.46666666666667,970.8009999999999,SITE 10,EXT
2026-04-30 23:00:00,42.27966666666667,36.349666666666664,24.569833333333335,31.111111111111118,22.537037037037035,60.86666666666667,970.7066666666667,SITE 10,EXT
2026-05-01 00:00:00,20.493499999999997,19.342,13.031,30.666666666666668,20.814814814814817,56.166666666666664,970.358,SITE 10,EXT
2026-05-01 01:00:00,24.79866666666667,23.17366666666667,15.997666666666667,30.0,20.962962962962965,58.96666666666667,969.7623333333333,SITE 10,EXT
2026-05-01 02:00:00,35.54362068965518,31.669655172413794,21.08103448275862,30.0,21.360153256704983,60.48275862068966,969.1706896551724,SITE 10,EXT
2026-05-01 03:00:00,37.65983333333334,33.087,22.1005,30.0,21.592592592592595,61.3,968.9473333333333,SITE 10,EXT
2026-05-01 04:00:00,34.36683333333334,31.436666666666667,21.295666666666666,30.0,21.24074074074074,59.96666666666667,969.1233333333333,SITE 10,EXT
2026-05-01 05:00:00,52.79366666666667,48.220666666666666,31.836,29.518518518518523,20.722222222222225,59.53333333333333,969.2173333333334,SITE 10,EXT
2026-05-01 06:00:00,28.83066666666667,27.08833333333333,18.615333333333336,29.555555555555557,20.203703703703702,57.63333333333333,969.4223333333333,SITE 10,EXT
2026-05-01 07:00:00,36.02916666666667,32.57733333333333,22.1425,30.75925925925926,21.037037037037035,56.86666666666667,970.4236666666667,SITE 10,EXT
2026-05-01 08:00:00,28.16293103448276,26.519655172413795,18.525689655172414,32.26053639846743,20.90038314176245,51.55172413793103,971.1531034482758,SITE 10,EXT
2026-05-01 09:00:00,21.790666666666667,20.613666666666667,14.435833333333333,33.77777777777778,21.0,47.7,971.163,SITE 10,EXT
2026-05-01 10:00:00,18.293499999999998,17.573333333333334,12.649833333333333,35.88888888888889,21.074074074074076,42.7,970.9073333333333,SITE 10,EXT
2026-05-01 11:00:00,17.714,17.016000000000002,12.29,38.53703703703704,21.333333333333332,37.4,970.4486666666667,SITE 10,EXT
2026-05-01 12:00:00,18.554166666666667,17.7085,12.568166666666666,40.092592592592595,20.537037037037035,32.6,969.599,SITE 10,EXT
2026-05-01 13:00:00,17.623965517241377,16.67844827586207,11.85655172413793,40.86206896551724,20.42145593869732,31.03448275862069,968.5741379310346,SITE 10,EXT
2026-05-01 14:00:00,16.151833333333332,15.295833333333333,10.6755,41.20370370370371,19.925925925925927,29.666666666666668,967.7633333333334,SITE 10,EXT
2026-05-01 15:00:00,15.201500000000001,14.218666666666667,9.8865,40.68518518518519,19.75925925925926,30.133333333333333,967.0740000000001,SITE 10,EXT
2026-05-01 16:00:00,16.558833333333332,15.489166666666668,10.503166666666667,40.55555555555556,20.333333333333332,31.4,966.7763333333334,SITE 10,EXT
2026-05-01 17:00:00,22.653000000000002,21.0195,14.479000000000001,39.46296296296296,20.40740740740741,33.43333333333333,966.772,SITE 10,EXT
2026-05-01 18:00:00,26.8515,24.729666666666667,16.785333333333334,38.07407407407407,21.166666666666668,37.86666666666667,966.9496666666666,SITE 10,EXT
2026-05-01 19:00:00,39.304833333333335,34.37133333333334,23.028166666666667,37.0,21.314814814814817,40.63333333333333,967.566,SITE 10,EXT
2026-05-01 20:00:00,35.575833333333335,31.942999999999998,21.468833333333333,36.46296296296296,21.09259259259259,41.233333333333334,968.043,SITE 10,EXT
2026-05-01 21:00:00,39.42327586206897,34.673793103448276,23.45258620689655,35.88122605363985,20.881226053639846,42.0,968.458275862069,SITE 10,EXT
2026-05-01 22:00:00,37.07033333333333,32.84866666666667,22.392999999999997,35.333333333333336,20.61111111111111,42.8,968.696,SITE 10,EXT
2026-05-01 23:00:00,33.940333333333335,31.979666666666667,21.2285,34.27777777777778,21.24074074074074,47.1,968.4453333333333,SITE 10,EXT
2026-05-02 00:00:00,46.537166666666664,41.818333333333335,27.03666666666667,33.72222222222222,21.37037037037037,48.733333333333334,968.179,SITE 10,EXT
2026-05-02 01:00:00,30.25583333333333,27.816,18.81833333333333,32.57407407407407,21.537037037037035,52.666666666666664,967.8423333333334,SITE 10,EXT
2026-05-02 02:00:00,29.85,27.556833333333334,18.735166666666668,31.88888888888889,21.796296296296298,55.6,967.4546666666666,SITE 10,EXT
2026-05-02 03:00:00,26.855862068965518,25.885344827586206,18.12896551724138,31.187739463601538,21.340996168582375,56.48275862068966,967.2172413793103,SITE 10,EXT
2026-05-02 04:00:00,28.27583333333333,27.224833333333333,19.087833333333332,30.75925925925926,21.48148148148148,58.13333333333333,967.5490000000001,SITE 10,EXT
2026-05-02 05:00:00,29.68,28.04733333333333,19.491833333333332,30.166666666666668,21.27777777777778,59.233333333333334,967.8136666666667,SITE 10,EXT
2026-05-02 06:00:00,32.48733333333333,30.381666666666668,20.959666666666667,29.814814814814817,21.0,59.93333333333333,968.265,SITE 10,EXT
2026-05-02 07:00:00,26.305833333333332,25.295,17.814166666666665,29.925925925925927,20.98148148148148,59.06666666666667,969.0786666666667,SITE 10,EXT
2026-05-02 08:00:00,25.814166666666665,24.58833333333333,17.432000000000002,30.81481481481482,21.09259259259259,56.9,969.7286666666666,SITE 10,EXT
2026-05-02 09:00:00,24.50465517241379,23.541206896551724,16.8801724137931,31.839080459770116,21.436781609195403,54.6551724137931,970.3365517241378,SITE 10,EXT
2026-05-02 10:00:00,25.617833333333333,24.739500000000003,17.492666666666665,33.22222222222222,21.833333333333332,51.833333333333336,970.5293333333334,SITE 10,EXT
2026-05-02 11:00:00,24.026333333333334,23.208166666666667,16.340666666666667,34.51851851851852,22.055555555555554,48.666666666666664,970.2176666666667,SITE 10,EXT
2026-05-02 12:00:00,20.7045,20.102,14.500833333333333,35.592592592592595,22.074074074074073,45.766666666666666,969.6096666666667,SITE 10,EXT
2026-05-02 13:00:00,20.005999999999997,19.439,14.110000000000001,36.62962962962963,22.092592592592595,43.46666666666667,968.9713333333333,SITE 10,EXT
2026-05-02 14:00:00,20.83086206896552,20.17103448275862,14.767586206896551,37.1264367816092,22.24137931034483,42.37931034482759,968.2410344827587,SITE 10,EXT
2026-05-02 15:00:00,26.342333333333332,25.210833333333333,17.682666666666666,37.38888888888889,22.14814814814815,42.0,967.5203333333334,SITE 10,EXT
2026-05-02 16:00:00,29.091333333333335,27.260166666666667,19.124833333333335,37.11111111111111,21.75925925925926,41.46666666666667,967.214,SITE 10,EXT
2026-05-02 17:00:00,58.30499999999999,52.32866666666666,27.026166666666665,36.092592592592595,21.740740740740744,43.8,967.024,SITE 10,EXT
2026-05-02 18:00:00,82.43366666666665,73.694,44.69466666666666,35.27777777777778,21.685185185185183,45.766666666666666,967.536,SITE 10,EXT
2026-05-02 19:00:00,117.8755,113.1335,73.1505,34.407407407407405,21.814814814814817,48.13333333333333,968.1223333333332,SITE 10,EXT
2026-05-02 20:00:00,76.28068965517241,69.52827586206897,43.47741379310345,33.65900383141763,21.877394636015325,50.689655172413794,969.1313793103449,SITE 10,EXT
2026-05-02 21:00:00,48.67616666666667,41.769,27.761000000000003,32.75925925925926,21.962962962962965,53.666666666666664,969.5993333333333,SITE 10,EXT
2026-05-02 22:00:00,38.469166666666666,34.3425,23.1635,32.22222222222222,21.740740740740744,54.733333333333334,970.4083333333333,SITE 10,EXT
2026-05-02 23:00:00,44.468833333333336,38.504333333333335,25.879666666666665,32.03703703703704,22.01851851851852,55.63333333333333,970.904,SITE 10,EXT
2026-05-03 00:00:00,31.018500000000003,27.874166666666667,18.109666666666666,29.833333333333332,18.40740740740741,50.93333333333333,971.548,SITE 10,EXT
2026-05-03 01:00:00,30.32844827586207,27.648793103448277,17.886379310344825,27.75862068965517,18.045977011494255,55.96551724137931,969.548275862069,SITE 10,EXT
2026-05-03 02:00:00,15.266724137931035,14.670344827586208,9.379137931034483,27.183908045977013,17.31800766283525,55.41379310344828,968.8286206896552,SITE 10,EXT
2026-05-03 03:00:00,7.1080000000000005,6.7345,4.574666666666667,26.22222222222222,17.77777777777778,60.46666666666667,968.1076666666667,SITE 10,EXT
2026-05-03 04:00:00,5.5435,5.309166666666667,3.6388333333333334,26.12962962962963,17.98148148148148,61.3,967.6733333333334,SITE 10,EXT
2026-05-03 05:00:00,20.81083333333333,19.331666666666667,12.984333333333332,27.018518518518523,17.796296296296298,57.7,968.3013333333333,SITE 10,EXT
2026-05-03 06:00:00,20.507333333333335,19.2565,13.108833333333333,27.77777777777778,18.333333333333336,56.766666666666666,968.9903333333333,SITE 10,EXT
2026-05-03 07:00:00,20.56735294117647,19.509705882352943,13.34529411764706,28.0718954248366,18.366013071895427,55.94117647058823,969.1894117647059,SITE 10,EXT
2026-05-03 10:00:00,9.739,9.306999999999999,6.3469999999999995,31.0,18.111111111111114,46.6,971.128,SITE 10,EXT
2026-05-03 11:00:00,8.425166666666666,8.1155,5.7855,33.55555555555556,18.685185185185187,41.666666666666664,971.077,SITE 10,EXT
2026-05-03 12:00:00,10.566833333333333,10.163,7.335333333333334,35.55555555555556,19.64814814814815,39.53333333333333,970.1023333333334,SITE 10,EXT
2026-05-03 13:00:00,14.300172413793103,13.42448275862069,9.317413793103448,37.06896551724138,20.03831417624521,37.3448275862069,969.1658620689656,SITE 10,EXT
2026-05-03 14:00:00,14.361166666666666,13.756499999999999,9.876166666666668,37.77777777777778,19.833333333333332,35.3,968.4060000000001,SITE 10,EXT
2026-05-03 15:00:00,12.5125,11.946499999999999,8.675833333333333,38.07407407407407,20.037037037037035,35.36666666666667,968.1403333333333,SITE 10,EXT
2026-05-03 16:00:00,13.75,13.208,9.365666666666666,37.648148148148145,20.222222222222225,36.63333333333333,967.7766666666666,SITE 10,EXT
2026-05-03 17:00:00,16.129,15.373,10.905499999999998,36.851851851851855,20.333333333333332,38.333333333333336,968.1256666666667,SITE 10,EXT
2026-05-03 18:00:00,18.840344827586208,18.193103448275863,13.006896551724138,36.03448275862069,20.383141762452105,40.310344827586206,968.6731034482759,SITE 10,EXT
2026-05-03 19:00:00,31.555666666666664,29.390666666666668,20.093666666666664,35.27777777777778,20.722222222222225,43.0,969.4496666666668,SITE 10,EXT
2026-05-03 20:00:00,23.104499999999998,22.306500000000003,15.901333333333334,34.57407407407407,21.314814814814817,46.5,969.9086666666666,SITE 10,EXT
2026-05-03 21:00:00,22.21216666666667,21.238333333333333,14.859499999999999,34.111111111111114,21.12962962962963,47.03333333333333,970.4383333333334,SITE 10,EXT
2026-05-03 22:00:00,22.67716666666667,21.746,14.884666666666668,33.44444444444444,21.055555555555554,48.8,970.6993333333334,SITE 10,EXT
2026-05-03 23:00:00,23.040000000000003,22.055166666666665,15.172500000000001,32.98148148148148,21.166666666666668,50.36666666666667,971.1186666666667,SITE 10,EXT
2026-05-04 00:00:00,23.373333333333335,22.519000000000002,15.712333333333333,32.51851851851852,21.37037037037037,52.06666666666667,971.1560000000001,SITE 10,EXT
2026-05-04 01:00:00,22.53741379310345,21.771206896551725,15.504310344827585,31.85823754789272,21.302681992337167,54.10344827586207,970.7503448275861,SITE 10,EXT
2026-05-04 02:00:00,23.431500000000003,22.66433333333333,15.995666666666667,31.592592592592595,21.740740740740744,56.36666666666667,970.3036666666667,SITE 10,EXT
2026-05-04 03:00:00,23.48033333333333,22.8435,16.243166666666667,31.111111111111118,21.666666666666668,57.86666666666667,969.902,SITE 10,EXT
2026-05-04 04:00:00,25.267333333333333,24.354499999999998,17.092499999999998,30.592592592592595,21.425925925925927,58.8,969.8883333333334,SITE 10,EXT
2026-05-04 05:00:00,25.875333333333334,25.055333333333333,17.744666666666667,30.037037037037035,21.5,60.733333333333334,970.3216666666667,SITE 10,EXT
2026-05-04 06:00:00,32.553275862068965,30.42189655172414,20.862758620689654,29.195402298850578,21.49425287356322,63.724137931034484,970.8900000000001,SITE 10,EXT
2026-05-04 07:00:00,31.895,29.642666666666667,20.2325,29.537037037037035,21.462962962962965,62.6,971.639,SITE 10,EXT
2026-05-04 08:00:00,27.610500000000002,26.387,18.585166666666666,31.018518518518523,21.27777777777778,56.666666666666664,972.3643333333333,SITE 10,EXT
2026-05-04 09:00:00,21.988,21.223166666666664,15.207833333333333,32.96296296296296,21.425925925925927,51.46666666666667,972.5386666666667,SITE 10,EXT
2026-05-04 10:00:00,20.865833333333335,20.268166666666666,14.808166666666667,35.092592592592595,21.27777777777778,44.9,972.4313333333333,SITE 10,EXT
2026-05-04 11:00:00,20.663103448275862,19.719137931034485,14.215,37.10727969348659,21.053639846743295,39.58620689655172,971.6831034482759,SITE 10,EXT
2026-05-04 12:00:00,21.574333333333335,20.690166666666666,15.100833333333332,38.72222222222222,20.51851851851852,35.13333333333333,970.755,SITE 10,EXT
2026-05-04 15:00:00,20.95,19.310000000000002,12.665,32.77777777777778,22.22222222222222,54.0,968.83,SITE 10,EXT
2026-05-04 16:00:00,25.177083333333332,23.721249999999998,16.123749999999998,32.26851851851852,22.037037037037038,55.25,968.7575,SITE 10,EXT
2026-05-04 18:00:00,29.637999999999998,28.217000000000002,18.617,29.22222222222222,20.444444444444446,59.8,969.8100000000001,SITE 10,EXT
2026-05-04 19:00:00,23.381833333333336,22.536833333333334,15.723833333333333,30.462962962962965,20.35185185185185,55.3,970.178,SITE 10,EXT
2026-05-04 20:00:00,17.720344827586207,17.069827586206895,12.052758620689655,30.555555555555557,20.0,54.10344827586207,970.9689655172414,SITE 10,EXT
2026-05-04 21:00:00,17.153166666666667,16.266166666666667,11.586,30.185185185185183,19.62962962962963,53.166666666666664,971.3169999999999,SITE 10,EXT
2026-05-04 22:00:00,12.31,11.783999999999999,8.130666666666666,29.833333333333332,19.27777777777778,53.56666666666667,971.5186666666667,SITE 10,EXT
2026-05-04 23:00:00,11.956999999999999,11.343166666666667,7.8215,29.444444444444446,18.88888888888889,53.46666666666667,971.2586666666667,SITE 10,EXT
2026-05-05 00:00:00,18.157500000000002,17.045166666666667,11.607000000000001,29.444444444444446,18.833333333333332,53.0,970.548,SITE 10,EXT
2026-05-05 01:00:00,15.058620689655172,14.451896551724138,10.086206896551724,29.42528735632184,18.88888888888889,53.51724137931034,969.4113793103448,SITE 10,EXT
2026-05-05 02:00:00,13.133000000000001,12.576500000000001,8.870000000000001,28.48148148148148,19.055555555555557,57.2,968.5056666666666,SITE 10,EXT
2026-05-05 03:00:00,18.173833333333334,17.130499999999998,11.672166666666667,27.62962962962963,19.64814814814815,62.36666666666667,968.1616666666666,SITE 10,EXT
2026-05-05 04:00:00,15.688666666666666,15.124333333333334,10.594666666666667,27.092592592592595,19.314814814814817,63.06666666666667,968.235,SITE 10,EXT
2026-05-05 05:00:00,20.647499999999997,19.930666666666664,13.8285,26.666666666666668,19.166666666666668,63.96666666666667,968.938,SITE 10,EXT
2026-05-05 06:00:00,23.88758620689655,22.92103448275862,15.861206896551725,27.145593869731805,19.272030651340998,62.62068965517241,969.4286206896552,SITE 10,EXT
2026-05-05 07:00:00,18.2625,17.637999999999998,12.326166666666666,27.61111111111111,18.666666666666668,58.53333333333333,970.1123333333333,SITE 10,EXT
2026-05-05 08:00:00,14.911,14.3835,10.0355,29.240740740740744,18.666666666666668,53.53333333333333,971.2926666666666,SITE 10,EXT
2026-05-05 09:00:00,16.221833333333333,15.627999999999998,11.020666666666667,31.796296296296298,19.370370370370374,48.3,971.7483333333333,SITE 10,EXT
2026-05-05 10:00:00,13.282833333333334,12.7745,9.304333333333334,35.03703703703704,19.740740740740744,40.96666666666667,971.5963333333333,SITE 10,EXT
2026-05-05 11:00:00,12.349166666666667,11.739833333333333,8.368500000000001,37.2962962962963,18.722222222222225,33.96666666666667,971.2456666666666,SITE 10,EXT
2026-05-05 12:00:00,10.249655172413794,9.801206896551724,7.031724137931034,39.02298850574713,18.71647509578544,30.93103448275862,970.4668965517242,SITE 10,EXT
2026-05-05 13:00:00,9.533166666666666,8.984,6.378833333333334,40.351851851851855,18.888888888888893,28.966666666666665,969.3593333333333,SITE 10,EXT
2026-05-05 14:00:00,10.948333333333332,10.410833333333333,7.546333333333333,40.07407407407407,19.203703703703706,30.066666666666666,968.5753333333333,SITE 10,EXT
2026-05-05 15:00:00,13.586833333333335,13.056666666666667,9.531666666666666,38.88888888888889,19.796296296296298,33.03333333333333,968.0993333333333,SITE 10,EXT
2026-05-05 16:00:00,16.221833333333333,15.5075,10.9815,38.88888888888889,19.351851851851855,32.36666666666667,967.5920000000001,SITE 10,EXT
2026-05-05 17:00:00,22.44103448275862,21.361896551724136,15.020172413793103,38.333333333333336,19.310344827586206,33.241379310344826,967.4951724137932,SITE 10,EXT
2026-05-05 18:00:00,26.717166666666667,25.374666666666666,17.517833333333332,37.14814814814815,19.685185185185183,36.333333333333336,967.5163333333334,SITE 10,EXT
2026-05-05 19:00:00,28.65533333333333,27.03033333333333,18.902833333333334,36.24074074074075,20.48148148148148,40.166666666666664,968.6136666666666,SITE 10,EXT
2026-05-05 20:00:00,18.541833333333333,17.151833333333332,10.913,30.074074074074076,18.27777777777778,50.03333333333333,970.6156666666667,SITE 10,EXT
2026-05-05 21:00:00,8.889000000000001,8.416333333333334,5.753,28.48148148148148,18.48148148148148,55.1,969.6823333333334,SITE 10,EXT
2026-05-05 22:00:00,9.987333333333334,9.478166666666668,6.405833333333333,28.53703703703704,18.77777777777778,56.03333333333333,970.2323333333334,SITE 10,EXT
2026-05-05 23:00:00,11.609310344827588,10.999310344827586,7.489310344827586,29.233716475095786,18.9272030651341,54.13793103448276,970.143103448276,SITE 10,EXT
2026-05-06 00:00:00,12.534833333333333,11.940833333333334,8.319833333333333,28.833333333333332,19.12962962962963,56.166666666666664,970.1643333333334,SITE 10,EXT
2026-05-06 01:00:00,12.1815,11.604166666666666,8.02,27.925925925925927,19.074074074074076,59.1,969.5833333333334,SITE 10,EXT
2026-05-06 02:00:00,13.770666666666667,13.186333333333334,9.315166666666666,27.48148148148148,19.425925925925927,61.666666666666664,969.1196666666667,SITE 10,EXT
2026-05-06 03:00:00,12.651833333333334,12.040833333333333,8.344333333333333,27.222222222222225,19.166666666666668,62.1,968.8963333333334,SITE 10,EXT
2026-05-06 04:00:00,22.229499999999998,20.421833333333332,14.017166666666666,27.03703703703704,18.944444444444446,61.93333333333333,969.573,SITE 10,EXT
2026-05-06 05:00:00,23.097068965517245,22.037586206896552,15.221551724137932,26.685823754789272,19.482758620689655,65.58620689655173,970.3596551724138,SITE 10,EXT
2026-05-06 06:00:00,27.256833333333336,26.050166666666666,17.852500000000003,27.203703703703706,20.48148148148148,66.9,970.4783333333332,SITE 10,EXT
2026-05-06 07:00:00,24.563499999999998,23.765666666666668,16.6535,27.425925925925927,19.90740740740741,64.06666666666666,970.8960000000001,SITE 10,EXT
2026-05-06 08:00:00,24.47416666666667,22.916666666666668,14.380166666666666,28.35185185185185,18.61111111111111,55.96666666666667,971.1763333333333,SITE 10,EXT
2026-05-06 09:00:00,12.83103448275862,12.387413793103448,8.830172413793104,30.05747126436782,18.79310344827586,51.241379310344826,971.6513793103449,SITE 10,EXT
2026-05-06 10:00:00,13.104999999999999,12.6295,9.054666666666666,32.7037037037037,19.074074074074076,44.96666666666667,970.9789999999999,SITE 10,EXT
2026-05-06 11:00:00,11.833166666666667,11.300166666666666,8.020833333333334,36.42592592592593,19.88888888888889,38.233333333333334,970.4733333333334,SITE 10,EXT
2026-05-06 12:00:00,10.9765,10.528500000000001,7.617500000000001,38.14814814814815,18.944444444444446,32.666666666666664,969.7366666666666,SITE 10,EXT
2026-05-06 13:00:00,10.4745,9.991833333333334,7.201333333333333,39.03703703703704,19.222222222222225,31.766666666666666,968.4403333333333,SITE 10,EXT
2026-05-06 14:00:00,10.911896551724137,10.440862068965519,7.6000000000000005,40.32567049808429,19.272030651340998,29.79310344827586,967.3227586206897,SITE 10,EXT
2026-05-06 15:00:00,12.527166666666666,12.058666666666666,8.684833333333334,40.38888888888889,19.314814814814817,29.733333333333334,966.535,SITE 10,EXT
2026-05-06 16:00:00,14.875166666666667,14.330833333333334,10.345,39.42592592592593,19.296296296296298,31.333333333333332,966.087,SITE 10,EXT
2026-05-06 17:00:00,20.73966666666667,19.932000000000002,14.228166666666668,38.333333333333336,18.870370370370374,32.233333333333334,966.4613333333333,SITE 10,EXT
2026-05-06 18:00:00,22.83533333333333,21.937,15.606833333333332,36.42592592592593,19.166666666666668,36.6,966.9333333333333,SITE 10,EXT
2026-05-06 19:00:00,43.586551724137934,38.51206896551724,25.173793103448276,35.3448275862069,19.578544061302683,39.93103448275862,967.4265517241379,SITE 10,EXT
2026-05-06 20:00:00,43.18933333333334,37.0135,24.54,34.407407407407405,20.203703703703702,43.766666666666666,967.7256666666667,SITE 10,EXT
2026-05-06 21:00:00,32.1385,30.1995,20.996166666666667,33.24074074074074,20.48148148148148,47.3,968.6963333333333,SITE 10,EXT
2026-05-06 22:00:00,30.962,29.00316666666667,20.049333333333333,32.148148148148145,20.444444444444446,50.4,969.5053333333333,SITE 10,EXT
2026-05-06 23:00:00,21.894833333333334,21.060833333333335,14.802666666666665,31.333333333333336,20.64814814814815,53.53333333333333,969.4493333333334,SITE 10,EXT
2026-05-07 00:00:00,17.74416666666667,17.23,12.389000000000001,30.62962962962963,20.740740740740744,56.53333333333333,969.1743333333333,SITE 10,EXT
2026-05-07 01:00:00,14.29293103448276,13.882931034482757,10.054137931034482,30.325670498084293,20.881226053639846,57.10344827586207,969.0351724137931,SITE 10,EXT
2026-05-07 02:00:00,10.410833333333333,10.129999999999999,7.3021666666666665,29.61111111111111,20.555555555555557,59.0,968.38,SITE 10,EXT
2026-05-07 03:00:00,10.661333333333333,10.365166666666665,7.509166666666667,29.351851851851855,20.61111111111111,60.233333333333334,968.341,SITE 10,EXT
2026-05-07 04:00:00,10.679,10.370166666666668,7.476166666666667,28.88888888888889,19.64814814814815,57.93333333333333,968.5646666666667,SITE 10,EXT
2026-05-07 05:00:00,14.145166666666666,13.7065,9.677833333333332,28.685185185185183,19.25925925925926,57.833333333333336,968.8439999999999,SITE 10,EXT
2026-05-07 06:00:00,18.28655172413793,17.544827586206896,12.39844827586207,28.045977011494255,18.908045977011497,58.241379310344826,969.2772413793103,SITE 10,EXT
2026-05-07 07:00:00,31.968166666666665,29.84016666666667,20.447666666666667,28.203703703703706,19.814814814814817,60.833333333333336,970.121,SITE 10,EXT
2026-05-07 08:00:00,43.25566666666667,37.85133333333333,25.685,29.85185185185185,20.703703703703702,58.6,970.6143333333333,SITE 10,EXT
2026-05-07 09:00:00,51.678000000000004,46.23266666666667,31.247333333333334,32.03703703703704,20.740740740740744,51.766666666666666,970.8013333333333,SITE 10,EXT
2026-05-07 10:00:00,31.939666666666668,29.2665,19.953166666666668,34.44444444444444,21.092592592592595,46.0,970.684,SITE 10,EXT
2026-05-07 11:00:00,21.024,20.5595,13.436,36.07407407407408,21.37037037037037,42.733333333333334,970.0656666666667,SITE 10,EXT
2026-05-07 12:00:00,21.338620689655173,20.82103448275862,13.925172413793103,37.509578544061306,21.015325670498086,38.58620689655172,969.0544827586208,SITE 10,EXT
2026-05-07 13:00:00,22.386166666666668,21.9165,13.824166666666667,38.18518518518519,20.203703703703702,35.5,968.0903333333333,SITE 10,EXT
2026-05-07 14:00:00,22.197666666666667,21.443166666666666,14.239166666666668,38.333333333333336,20.333333333333332,35.5,967.2233333333334,SITE 10,EXT
2026-05-07 15:00:00,28.39783333333333,25.955166666666667,17.815833333333334,38.333333333333336,20.074074074074073,35.0,966.6583333333333,SITE 10,EXT
2026-05-07 16:00:00,30.842166666666667,27.598166666666668,18.743833333333335,37.75925925925926,19.962962962962965,35.766666666666666,966.5166666666667,SITE 10,EXT
2026-05-07 17:00:00,24.160500000000003,22.612666666666666,15.740499999999999,36.68518518518519,19.462962962962965,36.93333333333333,966.8073333333334,SITE 10,EXT
2026-05-07 18:00:00,28.146896551724137,26.29206896551724,17.75758620689655,35.61302681992338,19.82758620689655,39.93103448275862,967.3137931034482,SITE 10,EXT
2026-05-07 19:00:00,33.1715,30.420833333333334,19.887666666666668,34.74074074074074,19.77777777777778,41.86666666666667,967.8403333333333,SITE 10,EXT
2026-05-07 20:00:00,30.625,28.766333333333332,19.150166666666667,33.75925925925926,19.462962962962965,43.233333333333334,968.7563333333333,SITE 10,EXT
2026-05-07 21:00:00,26.220000000000002,25.037,16.947666666666667,33.01851851851852,19.425925925925927,45.166666666666664,969.8386666666667,SITE 10,EXT
2026-05-07 22:00:00,24.153000000000002,23.219833333333334,16.402166666666666,32.22222222222222,19.722222222222225,48.03333333333333,970.1853333333333,SITE 10,EXT
2026-05-07 23:00:00,21.578166666666668,20.784333333333333,14.457833333333333,31.53703703703704,20.203703703703702,51.5,969.941,SITE 10,EXT
2026-05-08 00:00:00,18.824137931034482,18.173275862068966,12.754999999999999,30.804597701149426,20.28735632183908,53.96551724137931,969.4455172413792,SITE 10,EXT
2026-05-08 01:00:00,19.887666666666668,19.142,12.945666666666666,30.518518518518523,20.518518518518523,55.8,968.9876666666667,SITE 10,EXT
2026-05-08 02:00:00,36.912000000000006,32.989333333333335,21.715,30.0,20.0,56.0,968.3240000000001,SITE 10,EXT
2026-05-08 03:00:00,43.301833333333335,38.271499999999996,25.429166666666667,29.962962962962965,20.203703703703702,56.43333333333333,968.1026666666666,SITE 10,EXT
2026-05-08 04:00:00,47.11783333333334,41.60433333333334,27.59766666666667,29.444444444444446,20.055555555555554,57.666666666666664,968.1283333333333,SITE 10,EXT
2026-05-08 05:00:00,64.09137931034483,57.268103448275866,37.40172413793104,29.444444444444446,20.555555555555557,59.10344827586207,968.4427586206897,SITE 10,EXT
2026-05-08 06:00:00,64.483,56.979000000000006,36.43283333333333,29.296296296296298,20.85185185185185,60.7,968.8026666666666,SITE 10,EXT
2026-05-08 07:00:00,29.076999999999998,26.986,18.022166666666667,29.64814814814815,20.574074074074076,58.8,969.35,SITE 10,EXT
2026-05-08 08:00:00,19.542333333333332,18.805833333333332,13.307333333333334,31.14814814814815,20.0,52.36666666666667,969.9406666666667,SITE 10,EXT
2026-05-08 09:00:00,23.793833333333335,22.901166666666665,16.021833333333333,32.98148148148148,20.61111111111111,48.4,970.4,SITE 10,EXT
2026-05-08 10:00:00,18.607241379310345,18.031379310344825,12.866724137931033,34.86590038314176,20.30651340996169,42.758620689655174,970.2003448275863,SITE 10,EXT
2026-05-08 11:00:00,22.370833333333334,21.444833333333335,14.469,36.98148148148149,20.055555555555557,37.4,969.8729999999999,SITE 10,EXT
2026-05-08 12:00:00,19.266833333333334,18.65533333333333,12.787833333333333,38.611111111111114,19.925925925925927,34.13333333333333,969.2426666666667,SITE 10,EXT
2026-05-08 13:00:00,17.899833333333333,17.325499999999998,12.441,39.666666666666664,20.14814814814815,32.766666666666666,968.4490000000001,SITE 10,EXT
2026-05-08 14:00:00,15.624166666666667,15.048499999999999,11.017333333333333,40.24074074074074,20.25925925925926,31.733333333333334,967.3623333333333,SITE 10,EXT
2026-05-08 15:00:00,16.72137931034483,16.10655172413793,11.64655172413793,39.59770114942528,20.057471264367816,32.55172413793103,966.471724137931,SITE 10,EXT
2026-05-08 16:00:00,18.7165,17.836166666666667,12.581333333333333,39.407407407407405,19.833333333333332,32.43333333333333,965.7646666666666,SITE 10,EXT
2026-05-08 17:00:00,18.068500000000004,15.537,9.280833333333334,31.48148148148148,19.48148148148148,50.36666666666667,968.7773333333333,SITE 10,EXT
2026-05-08 18:00:00,35.89379310344828,33.40206896551724,22.26241379310345,30.30651340996169,20.78544061302682,57.37931034482759,969.3068965517242,SITE 10,EXT
2026-05-08 19:00:00,20.583000000000002,19.772,13.584166666666667,29.814814814814817,20.14814814814815,56.833333333333336,969.628,SITE 10,EXT
2026-05-08 20:00:00,14.140833333333335,13.350999999999999,8.9475,29.444444444444446,19.944444444444446,57.1,969.7663333333334,SITE 10,EXT
2026-05-08 21:00:00,10.525833333333333,9.999833333333333,6.762333333333333,29.444444444444446,20.0,57.166666666666664,970.2333333333333,SITE 10,EXT
2026-05-08 22:00:00,15.570166666666667,14.748999999999999,9.526666666666667,29.444444444444446,19.666666666666668,55.96666666666667,970.9183333333333,SITE 10,EXT
2026-05-08 23:00:00,10.713275862068965,10.149137931034483,6.411724137931034,29.444444444444446,19.55938697318008,55.62068965517241,971.9579310344827,SITE 10,EXT
2026-05-09 00:00:00,10.4645,9.864666666666666,6.365333333333334,29.370370370370374,19.388888888888893,55.666666666666664,971.5393333333334,SITE 10,EXT
2026-05-09 01:00:00,9.620166666666668,9.128833333333334,6.340166666666667,29.40740740740741,19.703703703703706,56.46666666666667,971.3313333333333,SITE 10,EXT
2026-05-09 02:00:00,12.573833333333333,12.066333333333334,8.637833333333333,29.0,20.203703703703702,60.06666666666667,971.1343333333333,SITE 10,EXT
2026-05-09 03:00:00,11.238166666666666,10.819833333333332,7.702833333333333,28.88888888888889,20.462962962962965,60.8,971.3233333333334,SITE 10,EXT
2026-05-09 04:00:00,14.596896551724138,13.975344827586207,9.68637931034483,28.88888888888889,20.555555555555557,61.724137931034484,971.5806896551724,SITE 10,EXT
2026-05-09 05:00:00,18.856333333333332,18.2595,12.948666666666666,28.88888888888889,20.555555555555557,61.13333333333333,971.626,SITE 10,EXT
2026-05-09 06:00:00,36.232,32.455999999999996,21.976166666666664,29.12962962962963,20.796296296296298,61.233333333333334,971.7683333333333,SITE 10,EXT
2026-05-09 07:00:00,20.490166666666664,19.496166666666667,13.573833333333333,29.444444444444446,20.722222222222225,60.0,972.2856666666667,SITE 10,EXT
2026-05-09 08:00:00,16.1095,15.521166666666666,10.783,30.333333333333332,20.75925925925926,57.266666666666666,972.8066666666667,SITE 10,EXT
2026-05-09 09:00:00,17.378793103448277,16.771379310344827,11.818793103448275,31.32183908045977,21.130268199233715,55.06896551724138,972.8672413793104,SITE 10,EXT
2026-05-09 10:00:00,15.065000000000001,14.680000000000001,10.453,31.666666666666668,21.11111111111111,53.6,972.766,SITE 10,EXT
2026-05-09 11:00:00,15.883888888888889,15.302222222222223,10.928703703703704,31.584362139917697,21.213991769547327,54.7037037037037,972.2822222222222,SITE 10,EXT
2026-05-09 12:00:00,15.417,14.8005,10.506,32.92592592592593,20.90740740740741,49.56666666666667,971.7023333333333,SITE 10,EXT
2026-05-09 13:00:00,17.59,16.908275862068965,12.153448275862068,33.83141762452107,21.091954022988503,47.89655172413793,970.7989655172414,SITE 10,EXT
2026-05-09 14:00:00,18.191,17.434166666666666,12.216666666666667,34.18518518518519,21.203703703703702,47.2,969.8553333333333,SITE 10,EXT
2026-05-09 15:00:00,17.485166666666668,16.709166666666665,11.949333333333334,35.01851851851852,21.462962962962965,45.63333333333333,969.456,SITE 10,EXT
2026-05-09 16:00:00,24.101999999999997,22.563666666666666,15.866999999999999,35.166666666666664,21.425925925925927,45.233333333333334,969.3286666666667,SITE 10,EXT
2026-05-09 17:00:00,21.603666666666665,20.852500000000003,14.910666666666666,33.88888888888889,21.333333333333332,48.2,969.7336666666666,SITE 10,EXT
2026-05-09 18:00:00,28.249827586206898,26.202241379310344,17.40448275862069,33.00766283524904,21.187739463601535,50.10344827586207,970.181724137931,SITE 10,EXT
2026-05-09 19:00:00,59.38916666666667,48.36666666666667,30.108833333333333,32.77777777777778,21.11111111111111,50.6,970.9493333333334,SITE 10,EXT
2026-05-09 20:00:00,53.02066666666666,43.97083333333333,28.65083333333333,32.611111111111114,21.37037037037037,52.233333333333334,971.5496666666666,SITE 10,EXT
2026-05-09 21:00:00,36.95633333333333,32.967166666666664,22.184833333333334,31.85185185185185,21.740740740740744,55.4,972.0113333333334,SITE 10,EXT
2026-05-09 22:00:00,26.36483333333333,25.4175,17.7405,31.296296296296298,21.61111111111111,56.666666666666664,972.6836666666666,SITE 10,EXT
2026-05-09 23:00:00,25.189166666666665,24.4005,17.247,30.81481481481482,21.37037037037037,57.06666666666667,972.7626666666667,SITE 10,EXT
2026-05-10 00:00:00,22.79758620689655,22.153793103448276,15.691379310344828,30.325670498084293,20.90038314176245,58.03448275862069,972.3379310344827,SITE 10,EXT
2026-05-10 01:00:00,21.014833333333332,20.340666666666667,14.352333333333332,29.944444444444446,20.685185185185183,58.56666666666667,971.8823333333333,SITE 10,EXT
2026-05-10 02:00:00,22.543666666666663,21.85033333333333,15.187166666666666,29.444444444444446,21.09259259259259,60.9,971.3076666666667,SITE 10,EXT
2026-05-10 03:00:00,22.0005,21.3035,14.887666666666666,29.388888888888893,21.055555555555554,61.46666666666667,970.9593333333333,SITE 10,EXT
2026-05-10 04:00:00,22.73033333333333,22.081666666666663,15.507000000000001,28.77777777777778,20.666666666666668,62.5,970.9866666666666,SITE 10,EXT
2026-05-10 05:00:00,32.98637931034483,30.314310344827586,20.688103448275864,28.582375478927204,20.804597701149426,63.827586206896555,971.5751724137931,SITE 10,EXT
2026-05-10 06:00:00,28.793,27.360166666666668,18.784666666666666,28.88888888888889,21.11111111111111,63.03333333333333,971.9143333333334,SITE 10,EXT
2026-05-10 07:00:00,35.4005,31.9115,21.506333333333334,29.35185185185185,21.09259259259259,61.63333333333333,972.4966666666667,SITE 10,EXT
2026-05-10 08:00:00,21.2215,20.30666666666667,14.421666666666669,30.77777777777778,21.203703703703702,57.333333333333336,972.978,SITE 10,EXT
2026-05-10 09:00:00,17.633166666666668,16.86133333333333,12.059,32.44444444444444,21.14814814814815,52.06666666666667,973.0916666666667,SITE 10,EXT
2026-05-10 10:00:00,21.915344827586207,20.073793103448274,13.998965517241379,35.30651340996169,20.727969348659002,43.206896551724135,972.713448275862,SITE 10,EXT
2026-05-10 11:00:00,10.0155,9.464,6.575,37.94444444444445,20.203703703703702,35.93333333333333,971.804,SITE 10,EXT
2026-05-10 12:00:00,10.769833333333334,10.116333333333333,7.113166666666667,39.5,19.87037037037037,32.4,970.725,SITE 10,EXT
2026-05-10 13:00:00,14.184833333333334,13.270000000000001,9.174166666666668,41.87037037037037,19.685185185185183,28.066666666666666,969.6056666666667,SITE 10,EXT
2026-05-10 14:00:00,14.23448275862069,13.505862068965518,9.434655172413795,40.78544061302682,19.118773946360154,28.75862068965517,968.7344827586206,SITE 10,EXT
2026-05-10 15:00:00,12.3005,11.607333333333333,8.057833333333333,39.96296296296296,18.944444444444446,29.6,968.2103333333333,SITE 10,EXT
2026-05-10 16:00:00,12.786166666666666,12.017333333333333,8.156166666666667,39.48148148148148,18.722222222222225,30.066666666666666,967.8053333333334,SITE 10,EXT
2026-05-10 17:00:00,28.404999999999998,25.040166666666664,16.743833333333335,38.88888888888889,18.962962962962965,31.466666666666665,968.0336666666666,SITE 10,EXT
2026-05-10 18:00:00,36.53933333333334,32.690666666666665,21.7395,38.14814814814815,18.85185185185185,32.6,968.4263333333333,SITE 10,EXT
2026-05-10 19:00:00,52.552,43.747166666666665,28.694833333333335,37.092592592592595,19.166666666666668,35.13333333333333,969.0286666666667,SITE 10,EXT
2026-05-10 20:00:00,57.2748275862069,47.291724137931034,31.755344827586207,36.283524904214566,19.406130268199234,37.44827586206897,969.4879310344828,SITE 10,EXT
2026-05-10 21:00:00,71.58633333333334,63.53283333333333,42.745999999999995,35.53703703703704,19.11111111111111,38.266666666666666,969.9920000000001,SITE 10,EXT
2026-05-10 22:00:00,68.73316666666666,61.11333333333334,41.3605,34.94444444444444,19.388888888888893,40.166666666666664,970.3953333333334,SITE 10,EXT
2026-05-10 23:00:00,57.31133333333333,49.29483333333334,33.014500000000005,33.90740740740741,19.87037037037037,44.166666666666664,970.3423333333334,SITE 10,EXT
2026-05-11 00:00:00,53.23166666666667,45.0775,29.925833333333333,32.5,20.833333333333332,50.7,970.131,SITE 10,EXT
2026-05-11 01:00:00,42.91637931034483,37.178620689655176,24.786724137931035,31.590038314176248,20.842911877394638,53.58620689655172,969.7358620689655,SITE 10,EXT
2026-05-11 02:00:00,29.712833333333332,28.16483333333333,19.4085,30.870370370370374,20.314814814814817,53.96666666666667,969.1873333333333,SITE 10,EXT
2026-05-11 03:00:00,26.590333333333334,25.599833333333333,17.7815,30.555555555555557,20.35185185185185,54.7,969.0243333333333,SITE 10,EXT
2026-05-11 04:00:00,24.9745,24.004833333333334,16.712,30.425925925925927,20.40740740740741,55.4,969.3359999999999,SITE 10,EXT
2026-05-11 05:00:00,23.993666666666666,23.035,16.254666666666665,29.77777777777778,20.296296296296298,57.3,969.7683333333333,SITE 10,EXT
2026-05-11 06:00:00,33.43362068965517,30.770862068965517,20.767068965517243,29.444444444444446,20.766283524904217,59.827586206896555,970.2410344827587,SITE 10,EXT
2026-05-11 07:00:00,31.630999999999997,29.582833333333333,20.213,29.77777777777778,21.444444444444446,61.0,970.923,SITE 10,EXT
2026-05-11 08:00:00,24.592166666666667,23.7415,16.737000000000002,31.055555555555557,21.722222222222225,58.266666666666666,971.5136666666666,SITE 10,EXT
2026-05-11 09:00:00,23.820666666666668,22.946,16.2465,32.51851851851852,21.88888888888889,54.2,971.7866666666666,SITE 10,EXT
2026-05-11 10:00:00,23.444655172413793,22.528620689655174,16.193793103448275,34.367816091954026,21.99233716475096,48.93103448275862,971.6348275862069,SITE 10,EXT
2026-05-11 11:00:00,22.714166666666664,21.887999999999998,15.792833333333334,35.92592592592593,21.98148148148148,44.56666666666667,971.189,SITE 10,EXT
2026-05-11 12:00:00,22.158166666666666,21.248833333333334,15.467833333333335,37.12962962962963,21.592592592592595,41.0,970.3913333333334,SITE 10,EXT
2026-05-11 13:00:00,22.671833333333332,21.578666666666667,15.445833333333333,36.90740740740741,21.38888888888889,41.0,969.7353333333334,SITE 10,EXT
2026-05-11 14:00:00,18.986333333333334,18.270666666666667,13.1005,37.48148148148148,21.14814814814815,39.233333333333334,969.1903333333333,SITE 10,EXT
2026-05-11 15:00:00,18.779137931034484,17.968793103448277,13.142758620689655,37.5287356321839,21.11111111111111,38.86206896551724,968.6420689655172,SITE 10,EXT
2026-05-11 16:00:00,22.639666666666667,21.776166666666665,15.867833333333333,36.833333333333336,20.88888888888889,39.93333333333333,968.397,SITE 10,EXT
2026-05-11 17:00:00,27.453666666666667,25.87633333333333,18.105,35.44444444444445,20.944444444444446,43.0,968.4466666666667,SITE 10,EXT
2026-05-11 18:00:00,35.52833333333333,32.0355,21.738833333333332,34.48148148148148,21.185185185185183,46.266666666666666,968.59,SITE 10,EXT
2026-05-11 19:00:00,37.274499999999996,33.528333333333336,22.967166666666667,33.50000000000001,21.074074074074073,48.666666666666664,969.2273333333334,SITE 10,EXT
2026-05-11 20:00:00,37.583499999999994,33.6085,23.124000000000002,32.833333333333336,21.11111111111111,50.56666666666667,970.275,SITE 10,EXT
2026-05-11 21:00:00,45.672931034482765,38.861551724137925,26.267931034482757,32.56704980842912,21.149425287356323,51.6551724137931,971.0827586206897,SITE 10,EXT
2026-05-11 22:00:00,35.970666666666666,32.5865,22.10533333333333,32.09259259259259,21.22222222222222,53.333333333333336,971.3043333333334,SITE 10,EXT
2026-05-11 23:00:00,30.252,28.691666666666666,19.705333333333332,31.666666666666668,21.11111111111111,54.3,971.2283333333332,SITE 10,EXT
2026-05-12 00:00:00,28.131333333333334,27.183666666666667,19.061833333333333,31.296296296296298,21.25925925925926,55.7,971.068,SITE 10,EXT
2026-05-12 01:00:00,27.6795,26.57283333333333,18.658666666666665,31.111111111111118,21.11111111111111,56.1,970.5669999999999,SITE 10,EXT
2026-05-12 02:00:00,26.08310344827586,25.08810344827586,17.685344827586206,30.7088122605364,21.091954022988503,56.96551724137931,969.8975862068966,SITE 10,EXT
2026-05-12 03:00:00,26.646166666666666,25.747166666666665,18.137166666666666,30.388888888888893,21.055555555555554,57.766666666666666,969.9853333333334,SITE 10,EXT
2026-05-12 04:00:00,30.232666666666667,28.892333333333333,20.063499999999998,30.0,21.11111111111111,59.733333333333334,970.8223333333334,SITE 10,EXT
2026-05-12 05:00:00,36.32233333333333,32.9625,22.467666666666666,29.666666666666668,21.24074074074074,61.266666666666666,971.3729999999999,SITE 10,EXT
2026-05-12 06:00:00,42.04316666666667,36.416666666666664,24.346166666666665,29.11111111111111,21.333333333333332,63.56666666666667,972.2476666666666,SITE 10,EXT
2026-05-12 07:00:00,36.181551724137925,32.74568965517241,21.965344827586208,29.616858237547895,21.60919540229885,62.62068965517241,972.9458620689655,SITE 10,EXT
2026-05-12 08:00:00,29.8265,27.826833333333333,19.13083333333333,30.98148148148148,21.25925925925926,56.96666666666667,973.2283333333332,SITE 10,EXT
2026-05-12 09:00:00,19.758333333333333,18.9835,13.200166666666666,32.77777777777778,19.944444444444446,47.333333333333336,973.268,SITE 10,EXT
2026-05-12 10:00:00,14.93611111111111,14.34962962962963,9.904814814814815,34.77366255144033,19.03292181069959,39.7037037037037,972.9548148148148,SITE 10,EXT
2026-05-12 11:00:00,7.721500000000001,7.373833333333334,5.1695,36.75925925925926,17.87037037037037,33.13333333333333,972.6043333333333,SITE 10,EXT
2026-05-12 12:00:00,11.989482758620689,11.300172413793103,7.815689655172414,39.348659003831415,18.160919540229887,29.310344827586206,971.3624137931034,SITE 10,EXT
2026-05-12 13:00:00,10.226666666666667,9.7295,6.893833333333333,40.68518518518519,16.851851851851855,24.966666666666665,970.2479999999999,SITE 10,EXT
2026-05-12 14:00:00,10.873666666666667,10.1805,6.9590000000000005,40.7037037037037,16.88888888888889,24.966666666666665,969.4146666666667,SITE 10,EXT
2026-05-12 15:00:00,11.908999999999999,11.368166666666667,8.060166666666667,39.68518518518518,16.88888888888889,26.5,968.5946666666666,SITE 10,EXT
2026-05-12 16:00:00,17.785833333333336,16.960666666666665,12.251000000000001,39.851851851851855,16.85185185185185,26.1,968.019,SITE 10,EXT
2026-05-12 17:00:00,26.529,24.155666666666665,17.219833333333334,38.2962962962963,17.703703703703702,30.3,968.184,SITE 10,EXT
2026-05-12 18:00:00,50.04137931034483,42.14258620689655,29.022413793103446,35.593869731800766,20.17241379310345,40.793103448275865,968.6493103448277,SITE 10,EXT
2026-05-12 19:00:00,45.233666666666664,38.62833333333333,26.503,33.72222222222222,20.01851851851852,45.06666666666667,969.5493333333333,SITE 10,EXT
2026-05-12 20:00:00,45.57416666666666,38.901666666666664,26.750666666666667,32.68518518518518,20.055555555555554,47.833333333333336,970.3863333333334,SITE 10,EXT
2026-05-12 21:00:00,40.177,35.272166666666664,24.339333333333332,31.685185185185183,20.425925925925927,51.7,970.986,SITE 10,EXT
2026-05-12 22:00:00,31.370166666666666,29.52333333333333,20.5285,31.111111111111118,20.53703703703704,53.833333333333336,972.0156666666667,SITE 10,EXT
2026-05-12 23:00:00,26.242,25.2625,17.46333333333333,30.592592592592595,20.574074074074076,55.86666666666667,971.7446666666667,SITE 10,EXT
2026-05-13 00:00:00,19.60189655172414,18.951034482758622,13.25258620689655,30.0,20.555555555555557,57.48275862068966,971.2334482758621,SITE 10,EXT
2026-05-13 01:00:00,16.447166666666668,15.7805,10.978333333333333,30.0,20.555555555555557,57.666666666666664,970.7456666666666,SITE 10,EXT
2026-05-13 02:00:00,16.333333333333332,15.6945,10.664666666666667,29.796296296296298,20.48148148148148,58.2,969.987,SITE 10,EXT
2026-05-13 03:00:00,16.380666666666666,15.675833333333333,10.777333333333333,29.240740740740744,20.35185185185185,59.333333333333336,969.4506666666667,SITE 10,EXT
2026-05-13 04:00:00,17.6855,17.04266666666667,11.731333333333334,28.88888888888889,20.166666666666668,60.03333333333333,969.6336666666666,SITE 10,EXT
2026-05-13 05:00:00,21.255,20.426896551724138,13.945689655172414,28.639846743295017,20.30651340996169,61.37931034482759,969.96,SITE 10,EXT
2026-05-13 06:00:00,27.145333333333333,25.812333333333335,17.767166666666665,28.185185185185187,20.444444444444446,63.36666666666667,970.4746666666666,SITE 10,EXT
2026-05-13 07:00:00,29.534166666666668,27.889166666666664,19.256833333333336,29.03703703703704,21.037037037037035,62.63333333333333,971.6316666666667,SITE 10,EXT
2026-05-13 08:00:00,26.892999999999997,25.619500000000002,17.959999999999997,30.61111111111111,20.87037037037037,56.56666666666667,972.304,SITE 10,EXT
2026-05-13 09:00:00,21.76833333333333,20.91433333333333,14.667833333333334,32.44444444444444,20.51851851851852,49.9,972.435,SITE 10,EXT
2026-05-13 10:00:00,20.360166666666665,19.743166666666664,14.145833333333334,34.62962962962963,20.51851851851852,44.166666666666664,972.3356666666666,SITE 10,EXT
2026-05-13 11:00:00,18.804827586206898,18.162241379310345,13.03948275862069,37.26053639846744,20.689655172413794,38.37931034482759,971.6820689655171,SITE 10,EXT
2026-05-13 12:00:00,19.594333333333335,18.874666666666666,13.552666666666665,38.666666666666664,20.5,35.2,970.9096666666667,SITE 10,EXT
2026-05-13 13:00:00,20.36916666666667,19.536,14.002999999999998,39.46296296296296,20.12962962962963,32.833333333333336,970.0383333333334,SITE 10,EXT
2026-05-13 14:00:00,20.430833333333332,19.527333333333335,13.831,39.87037037037037,19.814814814814817,31.466666666666665,969.1696666666667,SITE 10,EXT
2026-05-13 15:00:00,23.541666666666668,22.317666666666664,15.870166666666666,39.75925925925926,19.64814814814815,31.333333333333332,968.5473333333333,SITE 10,EXT
2026-05-13 16:00:00,23.36689655172414,22.365344827586206,15.771206896551725,39.44444444444444,19.655172413793103,31.93103448275862,968.0451724137931,SITE 10,EXT
2026-05-13 17:00:00,26.762833333333333,25.33533333333333,17.84333333333333,38.2962962962963,19.370370370370374,33.46666666666667,967.8996666666667,SITE 10,EXT
2026-05-13 18:00:00,36.344500000000004,32.653333333333336,22.045,37.27777777777778,19.592592592592595,35.7,968.365,SITE 10,EXT
2026-05-13 19:00:00,52.92916666666667,43.88316666666666,29.067333333333334,36.75925925925926,19.796296296296298,37.36666666666667,969.019,SITE 10,EXT
2026-05-13 20:00:00,49.90716666666666,41.719166666666666,27.776999999999997,35.96296296296296,19.722222222222225,39.0,969.9066666666666,SITE 10,EXT
2026-05-13 21:00:00,45.82931034482758,38.720000000000006,26.009310344827586,35.24904214559387,19.96168582375479,41.03448275862069,970.6575862068966,SITE 10,EXT
2026-05-13 22:00:00,39.933,34.94316666666667,23.81066666666667,34.12962962962963,20.01851851851852,43.766666666666666,970.8846666666667,SITE 10,EXT
2026-05-13 23:00:00,40.35766666666667,35.2535,23.997999999999998,33.333333333333336,20.48148148148148,46.9,971.0550000000001,SITE 10,EXT
2026-05-14 00:00:00,38.52616666666667,34.0965,23.16433333333333,32.851851851851855,20.425925925925927,48.333333333333336,970.7773333333333,SITE 10,EXT
2026-05-14 01:00:00,39.7415,35.001666666666665,23.2115,32.77777777777778,20.555555555555557,49.0,970.1343333333333,SITE 10,EXT
2026-05-14 02:00:00,57.33155172413793,51.85120689655172,29.964655172413792,32.77777777777778,20.574712643678165,49.41379310344828,969.4389655172414,SITE 10,EXT
2026-05-14 03:00:00,28.73933333333333,27.678333333333335,18.9915,32.01851851851852,20.555555555555557,51.13333333333333,969.0543333333334,SITE 10,EXT
2026-05-14 04:00:00,28.665833333333335,27.479,18.950833333333332,31.222222222222225,20.592592592592595,53.733333333333334,969.0956666666666,SITE 10,EXT
2026-05-14 05:00:00,31.168999999999997,29.2615,20.06883333333333,30.90740740740741,20.592592592592595,54.666666666666664,969.3983333333333,SITE 10,EXT
2026-05-14 06:00:00,41.626999999999995,36.18816666666667,24.255333333333333,30.48148148148148,20.62962962962963,56.06666666666667,969.789,SITE 10,EXT
2026-05-14 07:00:00,33.365344827586206,30.849310344827586,20.718620689655175,30.613026819923373,20.82375478927203,56.44827586206897,970.4282758620689,SITE 10,EXT
2026-05-14 08:00:00,33.88133333333333,31.1215,21.088666666666665,31.62962962962963,21.166666666666668,54.3,971.1006666666667,SITE 10,EXT
2026-05-14 09:00:00,31.386333333333333,29.256500000000003,20.046499999999998,33.5,21.592592592592595,50.3,971.5443333333334,SITE 10,EXT
2026-05-14 10:00:00,31.130499999999998,29.269166666666667,20.096666666666668,35.592592592592595,21.5,44.43333333333333,971.2710000000001,SITE 10,EXT
2026-05-14 11:00:00,27.283333333333335,26.010833333333334,18.467166666666667,36.592592592592595,21.185185185185183,41.233333333333334,970.618,SITE 10,EXT
2026-05-14 12:00:00,28.755333333333333,27.101166666666664,19.301,37.77777777777778,21.333333333333332,39.0,969.7183333333334,SITE 10,EXT
2026-05-14 13:00:00,24.137758620689656,23.233103448275862,16.477241379310342,38.85057471264368,20.766283524904217,35.48275862068966,968.8055172413793,SITE 10,EXT
2026-05-14 14:00:00,24.85216666666667,23.490666666666666,16.435166666666667,39.24074074074074,20.01851851851852,33.03333333333333,968.1466666666668,SITE 10,EXT
2026-05-14 15:00:00,25.642166666666665,24.500833333333333,17.192166666666665,39.55555555555556,19.814814814814817,32.1,967.2136666666667,SITE 10,EXT
2026-05-14 16:00:00,23.76066666666667,22.73,16.139666666666667,38.7962962962963,19.425925925925927,32.6,966.499,SITE 10,EXT
2026-05-14 17:00:00,24.99116666666667,23.919,16.9895,37.96296296296296,19.703703703703706,34.86666666666667,966.463,SITE 10,EXT
2026-05-14 18:00:00,41.077241379310344,35.77034482758621,23.86293103448276,36.91570881226054,19.808429118773947,37.172413793103445,966.7944827586207,SITE 10,EXT
2026-05-14 19:00:00,48.756,40.9185,27.302500000000002,35.94444444444445,20.037037037037035,39.8,967.7056666666667,SITE 10,EXT
2026-05-14 20:00:00,36.57633333333333,32.86683333333333,22.356166666666663,35.01851851851852,20.11111111111111,41.9,968.3483333333334,SITE 10,EXT
2026-05-14 21:00:00,32.690666666666665,30.390666666666668,20.808,34.14814814814815,20.037037037037035,44.1,969.309,SITE 10,EXT
2026-05-14 22:00:00,35.5475,32.27633333333333,22.01833333333333,33.25925925925926,20.12962962962963,46.5,969.8523333333334,SITE 10,EXT
2026-05-14 23:00:00,33.13620689655173,30.879310344827587,21.07810344827586,32.64367816091954,20.325670498084293,48.48275862068966,969.7862068965517,SITE 10,EXT
2026-05-15 00:00:00,32.195166666666665,29.815,20.295166666666667,31.98148148148148,20.27777777777778,50.5,969.4873333333333,SITE 10,EXT
2026-05-15 01:00:00,24.858333333333334,23.89016666666667,16.516166666666667,31.666666666666668,20.055555555555554,51.0,969.129,SITE 10,EXT
2026-05-15 02:00:00,25.7455,24.788333333333334,17.163166666666665,31.61111111111111,20.425925925925927,52.06666666666667,968.7139999999999,SITE 10,EXT
2026-05-15 03:00:00,26.282500000000002,25.2815,17.4125,31.018518518518523,20.314814814814817,53.7,968.4300000000001,SITE 10,EXT
2026-05-15 04:00:00,28.664827586206897,27.564310344827586,18.939655172413794,30.30651340996169,20.536398467432953,56.3448275862069,968.7327586206897,SITE 10,EXT
2026-05-15 05:00:00,25.205666666666666,24.323833333333333,16.828,29.592592592592595,20.944444444444446,60.1,969.2626666666667,SITE 10,EXT
2026-05-15 06:00:00,27.237000000000002,25.690833333333334,17.43566666666667,29.444444444444446,21.11111111111111,61.766666666666666,970.0356666666667,SITE 10,EXT
2026-05-15 07:00:00,23.898833333333336,23.0585,15.901166666666667,29.944444444444446,21.166666666666668,60.0,970.9866666666666,SITE 10,EXT
2026-05-15 08:00:00,22.832833333333333,21.686500000000002,14.989833333333333,31.14814814814815,21.185185185185183,55.86666666666667,971.4786666666666,SITE 10,EXT
2026-05-15 09:00:00,25.668275862068967,24.54,17.1198275862069,32.911877394636015,21.49425287356322,51.48275862068966,971.3506896551723,SITE 10,EXT
2026-05-15 10:00:00,39.19766666666667,34.64666666666667,23.821,35.407407407407405,21.314814814814817,44.3,971.225,SITE 10,EXT
2026-05-15 11:00:00,42.18633333333333,36.47383333333333,25.342666666666666,37.88888888888889,21.166666666666668,38.333333333333336,970.7819999999999,SITE 10,EXT
2026-05-15 12:00:00,40.274499999999996,35.28516666666667,24.3645,38.31481481481482,20.333333333333332,35.53333333333333,969.9513333333333,SITE 10,EXT
2026-05-15 13:00:00,40.2825,35.47866666666666,24.351999999999997,38.40740740740741,20.074074074074076,34.733333333333334,969.145,SITE 10,EXT
2026-05-15 14:00:00,37.04448275862069,33.376379310344824,23.0451724137931,39.25287356321839,19.482758620689655,32.13793103448276,968.1893103448276,SITE 10,EXT
2026-05-15 15:00:00,37.4625,33.728,23.550833333333333,39.68518518518518,19.240740740740744,30.833333333333332,967.3539999999999,SITE 10,EXT
2026-05-15 16:00:00,39.32416666666666,35.08166666666667,24.154,38.62962962962963,18.90740740740741,31.866666666666667,966.463,SITE 10,EXT
2026-05-15 17:00:00,37.757333333333335,33.688,23.229666666666667,37.7037037037037,19.240740740740744,34.2,966.3176666666666,SITE 10,EXT
2026-05-15 18:00:00,36.370333333333335,32.8225,22.432000000000002,35.592592592592595,18.703703703703706,37.0,967.2133333333334,SITE 10,EXT
2026-05-15 19:00:00,37.062586206896555,33.18551724137931,22.527931034482762,34.08045977011494,18.544061302681992,40.44827586206897,968.3589655172414,SITE 10,EXT
2026-05-15 20:00:00,22.333333333333332,21.022166666666667,14.060666666666666,32.62962962962963,18.240740740740744,42.7,970.2773333333333,SITE 10,EXT
2026-05-15 21:00:00,44.68716666666667,39.54183333333333,25.307333333333336,32.09259259259259,18.12962962962963,43.666666666666664,970.9449999999999,SITE 10,EXT
2026-05-15 22:00:00,20.707333333333334,19.199,12.5985,31.796296296296298,17.555555555555554,42.8,971.5826666666667,SITE 10,EXT
2026-05-15 23:00:00,14.068000000000001,13.385166666666667,9.0995,30.518518518518523,18.12962962962963,47.86666666666667,971.0113333333334,SITE 10,EXT
2026-05-16 00:00:00,16.254827586206897,15.60344827586207,10.68948275862069,29.789272030651343,18.639846743295017,51.3448275862069,970.5203448275862,SITE 10,EXT
2026-05-16 01:00:00,17.1175,16.445833333333333,11.495166666666668,29.444444444444446,18.425925925925927,52.03333333333333,970.153,SITE 10,EXT
2026-05-16 02:00:00,17.384166666666665,16.795166666666667,11.4925,29.666666666666668,19.555555555555557,55.0,970.404,SITE 10,EXT
2026-05-16 03:00:00,6.7065,6.092,3.72,26.092592592592595,19.0,65.83333333333333,972.3546666666666,SITE 10,EXT
2026-05-16 04:00:00,5.303833333333333,5.109,3.591833333333333,25.77777777777778,19.092592592592595,66.86666666666666,972.0889999999999,SITE 10,EXT
2026-05-16 05:00:00,10.161206896551725,9.69551724137931,6.610172413793103,26.11111111111111,18.869731800766285,65.3103448275862,972.38,SITE 10,EXT
2026-05-16 06:00:00,18.950666666666667,18.1115,12.4695,26.555555555555557,19.333333333333332,65.1,971.693,SITE 10,EXT
2026-05-16 07:00:00,23.621333333333332,22.380999999999997,15.576833333333333,26.722222222222225,19.11111111111111,63.36666666666667,970.6536666666667,SITE 10,EXT
2026-05-16 08:00:00,15.340833333333334,14.844333333333333,10.339833333333333,27.296296296296298,19.14814814814815,61.56666666666667,970.9956666666666,SITE 10,EXT
2026-05-16 09:00:00,16.762,16.170166666666667,11.355833333333333,28.388888888888893,19.61111111111111,59.233333333333334,971.644,SITE 10,EXT
2026-05-16 10:00:00,14.283666666666667,13.778666666666668,9.675833333333333,29.01851851851852,20.074074074074076,58.6,972.0076666666666,SITE 10,EXT
2026-05-16 11:00:00,11.137758620689656,10.776379310344828,7.650862068965517,30.747126436781613,20.842911877394638,55.793103448275865,972.1624137931034,SITE 10,EXT
2026-05-16 12:00:00,9.878166666666665,9.543166666666668,6.796,31.666666666666668,20.35185185185185,51.53333333333333,971.7203333333333,SITE 10,EXT
2026-05-16 13:00:00,9.091000000000001,8.630833333333333,5.9965,32.88888888888889,20.61111111111111,49.06666666666667,971.0229999999999,SITE 10,EXT
2026-05-16 14:00:00,8.351666666666667,8.005166666666666,5.6985,34.24074074074074,20.62962962962963,45.233333333333334,970.4953333333334,SITE 10,EXT
2026-05-16 15:00:00,9.329,8.9795,6.531333333333333,34.407407407407405,20.462962962962965,44.56666666666667,969.7196666666666,SITE 10,EXT
2026-05-16 16:00:00,10.316896551724138,9.933275862068966,7.1193103448275865,33.88888888888889,20.517241379310345,45.93103448275862,969.1903448275863,SITE 10,EXT
2026-05-16 17:00:00,11.504,11.072666666666667,7.937333333333333,33.42592592592593,20.740740740740744,47.7,969.548,SITE 10,EXT
2026-05-16 18:00:00,24.872666666666667,23.068499999999997,15.552166666666666,32.77777777777778,20.98148148148148,50.3,969.8359999999999,SITE 10,EXT
2026-05-16 19:00:00,47.08383333333334,40.03483333333334,27.142,32.351851851851855,21.333333333333332,52.63333333333333,970.3433333333334,SITE 10,EXT
2026-05-16 20:00:00,45.68666666666666,38.92266666666667,26.604833333333332,32.18518518518518,21.64814814814815,54.4,971.033,SITE 10,EXT
2026-05-16 21:00:00,39.89810344827586,35.259827586206896,24.291034482758622,31.666666666666668,21.724137931034484,56.13793103448276,971.6110344827587,SITE 10,EXT
2026-05-16 22:00:00,40.274166666666666,35.29483333333334,24.221666666666668,31.666666666666668,21.962962962962965,57.0,971.9246666666667,SITE 10,EXT
2026-05-16 23:00:00,39.73916666666666,34.983,23.850833333333334,31.25925925925926,21.796296296296298,57.7,972.0356666666667,SITE 10,EXT
2026-05-17 00:00:00,24.831,22.737833333333334,15.463666666666667,31.111111111111118,21.48148148148148,57.333333333333336,971.819,SITE 10,EXT
2026-05-17 01:00:00,21.168,20.557666666666666,14.633666666666667,30.518518518518523,21.833333333333332,60.63333333333333,971.5773333333333,SITE 10,EXT
2026-05-17 02:00:00,29.730517241379314,28.153620689655174,19.618793103448276,30.0,22.375478927203066,64.51724137931035,971.2841379310346,SITE 10,EXT
2026-05-17 03:00:00,24.734333333333332,24.01966666666667,16.875,30.0,22.22222222222222,64.0,971.0503333333332,SITE 10,EXT
2026-05-17 04:00:00,26.266166666666667,25.557333333333336,17.961000000000002,29.722222222222225,21.944444444444446,63.96666666666667,971.1543333333334,SITE 10,EXT
2026-05-17 05:00:00,30.388666666666666,28.95,20.082666666666668,29.444444444444446,21.666666666666668,64.06666666666666,971.62,SITE 10,EXT
2026-05-17 06:00:00,49.457,43.01566666666667,29.022499999999997,29.444444444444446,21.833333333333332,64.83333333333333,972.0699999999999,SITE 10,EXT
2026-05-17 07:00:00,37.51533333333334,33.772999999999996,23.062333333333335,29.75925925925926,21.722222222222225,62.56666666666667,972.6336666666667,SITE 10,EXT
2026-05-17 08:00:00,32.79689655172414,30.625,21.105344827586205,31.072796934865902,21.704980842911876,58.03448275862069,973.078275862069,SITE 10,EXT
2026-05-17 09:00:00,30.822666666666667,29.081666666666667,20.320833333333333,32.7962962962963,21.72222222222222,52.666666666666664,973.4563333333333,SITE 10,EXT
2026-05-17 10:00:00,45.109833333333334,40.49766666666667,28.8715,35.46296296296296,22.074074074074073,46.2,973.3346666666667,SITE 10,EXT
2026-05-17 11:00:00,28.275166666666667,26.588833333333334,18.726166666666664,37.72222222222222,22.037037037037035,40.833333333333336,972.91,SITE 10,EXT
2026-05-17 12:00:00,21.453,20.691166666666668,14.817666666666666,39.592592592592595,22.185185185185183,37.03333333333333,972.0503333333332,SITE 10,EXT
2026-05-17 13:00:00,17.67810344827586,17.24586206896552,12.696034482758622,40.40229885057472,21.4367816091954,33.86206896551724,971.0451724137931,SITE 10,EXT
2026-05-17 14:00:00,17.2455,16.787166666666668,12.360333333333333,39.7962962962963,21.22222222222222,34.6,970.2246666666667,SITE 10,EXT
2026-05-17 15:00:00,19.759833333333333,19.072499999999998,13.923666666666666,40.64814814814815,21.574074074074076,33.733333333333334,969.3763333333334,SITE 10,EXT
2026-05-17 16:00:00,18.093500000000002,17.610500000000002,12.786333333333333,39.75925925925926,21.37037037037037,35.0,968.4466666666667,SITE 10,EXT
2026-05-17 17:00:00,18.87183333333333,18.3215,13.166,38.666666666666664,21.14814814814815,36.6,968.2166666666667,SITE 10,EXT
2026-05-17 18:00:00,34.283833333333334,32.056000000000004,20.817999999999998,37.5,21.12962962962963,39.1,968.6753333333332,SITE 10,EXT
2026-05-17 19:00:00,43.50775862068965,37.759655172413794,25.11051724137931,36.43678160919541,21.513409961685824,42.37931034482759,969.153448275862,SITE 10,EXT
2026-05-17 20:00:00,37.630833333333335,33.701166666666666,23.211166666666667,34.81481481481482,20.90740740740741,44.93333333333333,970.2360000000001,SITE 10,EXT
2026-05-17 21:00:00,25.932333333333336,25.0085,17.64466666666667,33.31481481481482,20.5,47.4,971.2916666666666,SITE 10,EXT
2026-05-17 22:00:00,23.4575,22.682333333333336,16.073,32.62962962962963,20.462962962962965,49.13333333333333,971.601,SITE 10,EXT
2026-05-17 23:00:00,25.508166666666668,23.949833333333334,16.450333333333333,32.01851851851852,19.925925925925927,49.63333333333333,971.553,SITE 10,EXT
2026-05-18 00:00:00,15.784833333333333,15.249166666666667,10.752833333333333,30.814814814814817,19.833333333333332,52.36666666666667,970.9923333333334,SITE 10,EXT
2026-05-18 01:00:00,17.74706896551724,17.19551724137931,12.068793103448275,30.49808429118774,20.402298850574716,55.41379310344828,970.4013793103449,SITE 10,EXT
2026-05-18 02:00:00,23.6155,22.93316666666667,15.739333333333333,29.12962962962963,21.592592592592595,64.66666666666667,972.159,SITE 10,EXT
2026-05-18 03:00:00,13.958833333333333,13.433333333333334,9.234666666666667,26.98148148148148,20.25925925925926,67.2,972.2053333333333,SITE 10,EXT
2026-05-18 04:00:00,18.89966666666667,17.38,11.613166666666666,26.962962962962965,19.555555555555557,64.7,970.7643333333333,SITE 10,EXT
2026-05-18 05:00:00,18.945833333333333,17.759999999999998,12.067833333333335,26.666666666666668,18.888888888888893,62.96666666666667,972.0123333333333,SITE 10,EXT
2026-05-18 06:00:00,31.06051724137931,27.82293103448276,17.641551724137933,26.839080459770116,19.540229885057474,64.89655172413794,971.6975862068965,SITE 10,EXT
2026-05-18 07:00:00,22.4635,21.183333333333334,14.767166666666666,26.11111111111111,19.388888888888893,67.13333333333334,973.8676666666667,SITE 10,EXT
2026-05-18 08:00:00,29.531000000000002,26.913,18.583666666666666,25.740740740740744,19.62962962962963,69.2,976.587,SITE 10,EXT
2026-05-18 09:00:00,19.590666666666667,18.709999999999997,13.085833333333333,25.555555555555557,19.333333333333332,68.8,977.2566666666667,SITE 10,EXT
2026-05-18 10:00:00,35.12416666666666,31.020333333333333,21.276833333333332,26.61111111111111,19.75925925925926,66.93333333333334,976.684,SITE 10,EXT
2026-05-18 11:00:00,35.278103448275864,31.54362068965517,21.680689655172415,27.950191570881227,20.210727969348657,63.275862068965516,975.0844827586208,SITE 10,EXT
2026-05-18 12:00:00,16.093833333333333,14.871,10.2625,29.64814814814815,19.944444444444446,56.46666666666667,972.7716666666668,SITE 10,EXT
2026-05-18 13:00:00,6.956833333333333,6.629833333333334,4.510833333333333,31.203703703703702,19.944444444444446,51.63333333333333,971.5526666666667,SITE 10,EXT
2026-05-18 14:00:00,7.4575,7.117333333333334,4.997166666666667,33.55555555555556,19.796296296296298,44.7,970.3706666666666,SITE 10,EXT
2026-05-18 15:00:00,12.553166666666668,12.064166666666667,8.385,34.77777777777778,20.388888888888893,43.46666666666667,969.3889999999999,SITE 10,EXT
2026-05-18 16:00:00,14.709833333333334,14.104000000000001,9.962666666666667,34.81481481481481,20.296296296296298,43.03333333333333,969.0423333333333,SITE 10,EXT
2026-05-18 17:00:00,28.594655172413795,26.44103448275862,18.451206896551724,33.69731800766284,21.091954022988503,48.10344827586207,969.2334482758621,SITE 10,EXT
2026-05-18 18:00:00,48.40466666666667,41.24966666666667,27.907,32.62962962962963,21.61111111111111,52.63333333333333,969.9206666666666,SITE 10,EXT
2026-05-18 19:00:00,49.79633333333334,41.848,28.323333333333334,31.87037037037037,22.11111111111111,56.56666666666667,970.8923333333333,SITE 10,EXT
2026-05-18 20:00:00,54.101,45.0685,30.5985,31.16666666666667,21.962962962962965,58.7,972.128,SITE 10,EXT
2026-05-18 21:00:00,62.779833333333336,51.434333333333335,34.75033333333333,31.111111111111118,22.296296296296298,60.1,972.5666666666667,SITE 10,EXT
2026-05-18 22:00:00,42.25224137931035,36.67224137931034,24.901379310344826,30.59386973180077,22.260536398467433,61.3448275862069,973.0937931034483,SITE 10,EXT
2026-05-18 23:00:00,26.709166666666665,25.026999999999997,17.326999999999998,30.12962962962963,21.90740740740741,61.766666666666666,973.1583333333333,SITE 10,EXT
2026-05-19 00:00:00,14.686166666666667,14.338,10.197333333333335,29.425925925925927,21.38888888888889,62.53333333333333,972.4156666666667,SITE 10,EXT
2026-05-19 01:00:00,9.693000000000001,9.437166666666666,6.640166666666667,28.814814814814817,21.037037037037035,63.833333333333336,971.9686666666668,SITE 10,EXT
2026-05-19 02:00:00,9.651,9.378166666666667,6.6075,28.333333333333336,21.037037037037035,64.86666666666666,971.3703333333334,SITE 10,EXT
2026-05-19 03:00:00,10.594,10.268833333333333,7.202,28.296296296296298,21.074074074074073,65.33333333333333,970.9973333333332,SITE 10,EXT
2026-05-19 04:00:00,14.094310344827587,13.503793103448276,9.629655172413793,27.77777777777778,20.555555555555557,65.65517241379311,970.7355172413794,SITE 10,EXT
2026-05-19 05:00:00,16.601,15.800166666666666,10.957166666666666,27.77777777777778,20.555555555555557,65.56666666666666,970.8456666666666,SITE 10,EXT
2026-05-19 06:00:00,23.569166666666668,21.557000000000002,14.7345,27.77777777777778,20.11111111111111,63.6,971.3520000000001,SITE 10,EXT
2026-05-19 07:00:00,23.994500000000002,22.203666666666667,15.051666666666668,28.0,19.98148148148148,61.833333333333336,972.2,SITE 10,EXT
2026-05-19 08:00:00,13.459,13.104666666666667,9.325833333333332,29.85185185185185,20.40740740740741,57.4,972.7826666666666,SITE 10,EXT
2026-05-19 09:00:00,11.003833333333334,10.705833333333334,7.752166666666667,30.90740740740741,20.222222222222225,53.53333333333333,973.0543333333334,SITE 10,EXT
2026-05-19 10:00:00,12.671896551724139,12.300344827586208,8.799827586206897,31.685823754789272,19.885057471264368,50.0,973.1944827586207,SITE 10,EXT
2026-05-19 11:00:00,9.635833333333332,9.362833333333333,6.820166666666666,33.72222222222222,20.444444444444446,46.06666666666667,972.8186666666667,SITE 10,EXT
2026-05-19 12:00:00,10.934166666666666,10.655666666666667,7.831666666666666,35.666666666666664,20.796296296296298,42.36666666666667,972.3796666666666,SITE 10,EXT
2026-05-19 13:00:00,12.371,12.069833333333332,8.938833333333333,35.92592592592593,20.61111111111111,41.2,971.51,SITE 10,EXT
2026-05-19 14:00:00,10.9635,10.656166666666667,7.7781666666666665,37.0,20.87037037037037,39.5,970.766,SITE 10,EXT
2026-05-19 15:00:00,14.50603448275862,14.12758620689655,10.447068965517243,36.70498084291188,20.78544061302682,40.06896551724138,970.1155172413793,SITE 10,EXT
2026-05-19 16:00:00,18.662333333333333,18.010833333333334,13.095,36.14814814814815,20.61111111111111,40.766666666666666,969.659,SITE 10,EXT
2026-05-19 17:00:00,30.03589285714286,27.337142857142858,19.03607142857143,35.21825396825397,20.416666666666668,42.392857142857146,969.5421428571428,SITE 10,EXT
2026-05-19 18:00:00,53.432,45.908,31.078666666666667,33.851851851851855,20.87037037037037,47.06666666666667,969.95,SITE 10,EXT
2026-05-19 19:00:00,62.373620689655176,53.778103448275864,35.28689655172413,33.333333333333336,21.091954022988503,48.93103448275862,970.7306896551723,SITE 10,EXT
2026-05-19 20:00:00,49.60566666666667,41.839666666666666,28.490333333333336,32.81481481481482,20.88888888888889,50.43333333333333,971.278,SITE 10,EXT
2026-05-19 21:00:00,48.6505,41.11266666666667,27.938499999999998,32.25925925925926,20.592592592592595,51.0,971.7826666666666,SITE 10,EXT
2026-05-19 22:00:00,44.472,38.218333333333334,26.146666666666665,31.833333333333332,20.75925925925926,52.5,972.223,SITE 10,EXT
2026-05-19 23:00:00,43.89,37.90366666666667,25.934166666666666,31.185185185185187,21.01851851851852,55.1,972.1523333333333,SITE 10,EXT
2026-05-20 00:00:00,37.56844827586207,33.86431034482759,23.222068965517245,30.440613026819925,21.11111111111111,58.0,971.6255172413793,SITE 10,EXT
2026-05-20 01:00:00,32.8515,30.8985,21.406999999999996,29.944444444444446,21.055555555555554,59.333333333333336,970.9843333333333,SITE 10,EXT
2026-05-20 02:00:00,28.586166666666667,27.726666666666667,19.472166666666666,29.296296296296298,20.833333333333332,61.0,970.2896666666667,SITE 10,EXT
2026-05-20 03:00:00,25.967333333333332,25.434166666666666,17.977833333333333,28.88888888888889,20.574074074074076,62.0,970.072,SITE 10,EXT
2026-05-20 04:00:00,28.407833333333333,27.15533333333333,18.924500000000002,28.685185185185183,20.814814814814817,62.833333333333336,970.159,SITE 10,EXT
2026-05-20 05:00:00,31.12034482758621,29.583793103448276,20.284655172413792,28.333333333333336,20.842911877394638,64.34482758620689,970.5062068965517,SITE 10,EXT
2026-05-20 06:00:00,41.69533333333334,36.3955,24.410166666666665,28.333333333333336,21.11111111111111,65.23333333333333,971.2273333333334,SITE 10,EXT
2026-05-20 07:00:00,42.84683333333333,37.2355,25.351499999999998,28.48148148148148,21.0,64.5,972.0766666666666,SITE 10,EXT
2026-05-20 08:00:00,35.65116666666667,32.4015,22.273000000000003,29.814814814814817,21.27777777777778,60.86666666666667,972.4143333333334,SITE 10,EXT
2026-05-20 09:00:00,27.604166666666668,26.733999999999998,18.819833333333335,31.555555555555557,21.5,55.733333333333334,972.6936666666667,SITE 10,EXT
2026-05-20 10:00:00,23.7165,22.848666666666666,16.22533333333333,33.351851851851855,21.25925925925926,49.7,972.4449999999999,SITE 10,EXT
2026-05-20 11:00:00,16.612758620689654,16.171206896551723,11.758793103448276,35.019157088122604,20.90038314176245,44.172413793103445,972.3793103448276,SITE 10,EXT
2026-05-20 12:00:00,15.429,14.971833333333333,10.935166666666667,37.0,21.166666666666668,40.3,971.8066666666667,SITE 10,EXT
2026-05-20 13:00:00,13.801833333333333,13.246333333333332,9.492333333333333,38.05555555555556,21.11111111111111,37.666666666666664,970.8176666666666,SITE 10,EXT
2026-05-20 14:00:00,15.200999999999999,14.515833333333335,10.297333333333334,38.351851851851855,20.14814814814815,35.1,970.185,SITE 10,EXT
2026-05-20 15:00:00,17.642333333333333,16.93,12.122833333333334,37.7037037037037,19.98148148148148,35.8,969.5783333333333,SITE 10,EXT
2026-05-20 16:00:00,20.681500000000003,19.82316666666667,14.004333333333333,37.666666666666664,19.796296296296298,35.733333333333334,969.5326666666666,SITE 10,EXT
2026-05-20 17:00:00,33.73034482758621,30.74258620689655,20.702241379310344,34.367816091954026,21.03448275862069,46.241379310344826,969.9751724137931,SITE 10,EXT
2026-05-20 18:00:00,47.782666666666664,40.618500000000004,27.482000000000003,33.333333333333336,21.37037037037037,49.9,970.4069999999999,SITE 10,EXT
2026-05-20 19:00:00,79.13216666666668,71.88550000000001,48.76616666666666,33.2962962962963,21.61111111111111,50.833333333333336,970.6833333333333,SITE 10,EXT
2026-05-20 20:00:00,49.51844827586207,41.549827586206895,27.77310344827586,32.39463601532567,20.842911877394638,51.0,971.3031034482759,SITE 10,EXT
2026-05-20 21:00:00,47.358333333333334,40.133,26.94333333333333,31.77777777777778,21.074074074074073,53.5,971.803,SITE 10,EXT
2026-05-20 22:00:00,36.74103448275862,33.23948275862069,22.446206896551725,31.513409961685824,21.39846743295019,55.41379310344828,972.4313793103448,SITE 10,EXT
2026-05-20 23:00:00,33.56948275862069,31.215344827586208,21.375344827586208,31.111111111111114,21.551724137931036,56.96551724137931,972.3506896551723,SITE 10,EXT
2026-05-21 00:00:00,25.346,24.497666666666667,17.068666666666665,30.574074074074076,21.333333333333332,58.4,971.9806666666666,SITE 10,EXT
2026-05-21 01:00:00,22.145833333333332,21.55966666666667,15.151,29.90740740740741,21.27777777777778,60.46666666666667,971.2266666666667,SITE 10,EXT
2026-05-21 02:00:00,21.608999999999998,20.983999999999998,14.662666666666667,29.12962962962963,21.38888888888889,63.7,970.5506666666666,SITE 10,EXT
2026-05-21 03:00:00,22.580499999999997,22.076999999999998,15.2745,28.703703703703702,21.48148148148148,65.73333333333333,970.3243333333334,SITE 10,EXT
2026-05-21 04:00:00,25.66810344827586,24.974999999999998,17.360689655172415,28.333333333333336,21.26436781609195,66.62068965517241,970.8572413793104,SITE 10,EXT
2026-05-21 05:00:00,33.2705,31.076,21.120833333333334,28.27777777777778,21.61111111111111,67.86666666666666,971.4186666666667,SITE 10,EXT
2026-05-21 06:00:00,37.41857142857143,33.75964285714286,22.79714285714286,27.896825396825395,21.23015873015873,68.0,972.0264285714285,SITE 10,EXT
2026-05-21 08:00:00,36.17,32.865,21.672142857142855,27.380952380952383,21.26984126984127,70.28571428571429,974.3014285714286,SITE 10,EXT
2026-05-21 09:00:00,31.182000000000002,29.2615,19.869333333333334,29.61111111111111,21.5,62.3,974.5013333333334,SITE 10,EXT
2026-05-21 10:00:00,25.163833333333333,24.19816666666667,16.583333333333332,30.77777777777778,21.203703703703702,57.166666666666664,974.5216666666668,SITE 10,EXT
2026-05-21 11:00:00,18.424482758620687,17.992241379310343,12.645,32.35632183908046,21.226053639846743,52.275862068965516,973.6027586206897,SITE 10,EXT
2026-05-21 12:00:00,16.687833333333334,16.229833333333332,11.619666666666665,34.42592592592593,20.98148148148148,45.766666666666666,972.5823333333334,SITE 10,EXT
2026-05-21 13:00:00,16.30816666666667,15.735666666666667,11.265833333333335,35.53703703703704,20.796296296296298,42.56666666666667,971.2153333333333,SITE 10,EXT
2026-05-21 14:00:00,15.353666666666667,14.887,10.740499999999999,36.111111111111114,20.62962962962963,40.9,969.94,SITE 10,EXT
2026-05-21 15:00:00,21.669500000000003,20.180333333333333,13.746333333333332,36.111111111111114,20.48148148148148,40.13333333333333,969.0836666666667,SITE 10,EXT
2026-05-21 16:00:00,14.630517241379309,14.111206896551725,9.96448275862069,35.421455938697314,20.03831417624521,40.758620689655174,969.4644827586208,SITE 10,EXT
2026-05-21 17:00:00,18.782,18.139499999999998,12.795166666666667,34.907407407407405,19.85185185185185,41.53333333333333,969.6436666666667,SITE 10,EXT
2026-05-21 18:00:00,38.816833333333335,34.516,23.072666666666667,34.44444444444444,20.203703703703702,43.63333333333333,970.0813333333333,SITE 10,EXT
2026-05-21 19:00:00,50.537,43.063833333333335,28.383666666666667,33.88888888888889,20.203703703703702,45.0,970.0853333333333,SITE 10,EXT
2026-05-21 20:00:00,53.693666666666665,44.6695,29.007,33.851851851851855,20.796296296296298,46.766666666666666,970.5973333333333,SITE 10,EXT
2026-05-21 21:00:00,51.199137931034485,42.87137931034483,28.774655172413794,33.065134099616856,21.03448275862069,49.793103448275865,971.1641379310345,SITE 10,EXT
2026-05-21 22:00:00,33.805166666666665,31.279,21.47716666666667,31.925925925925927,21.01851851851852,53.0,971.7613333333334,SITE 10,EXT
2026-05-21 23:00:00,29.701,28.6545,19.7025,31.203703703703706,21.185185185185183,55.86666666666667,971.8266666666666,SITE 10,EXT
2026-05-22 00:00:00,33.217666666666666,30.912333333333333,21.180999999999997,31.03703703703704,21.38888888888889,57.166666666666664,971.55,SITE 10,EXT
2026-05-22 01:00:00,25.576166666666666,25.00766666666667,17.909333333333333,30.48148148148148,21.296296296296298,58.6,971.548,SITE 10,EXT
2026-05-22 02:00:00,25.018793103448274,24.49051724137931,17.35448275862069,30.0,21.11111111111111,59.37931034482759,971.5610344827586,SITE 10,EXT
2026-05-22 03:00:00,24.751666666666665,24.28033333333333,17.299,29.53703703703704,21.11111111111111,60.766666666666666,971.9159999999999,SITE 10,EXT
2026-05-22 04:00:00,26.99383333333333,26.395500000000002,18.755499999999998,29.037037037037035,21.055555555555554,62.766666666666666,972.2556666666667,SITE 10,EXT
2026-05-22 05:00:00,22.73116666666667,22.267999999999997,15.800999999999998,28.333333333333336,20.555555555555557,64.0,972.5106666666667,SITE 10,EXT
2026-05-22 06:00:00,19.5795,19.135833333333334,13.619333333333334,27.77777777777778,20.0,63.96666666666667,972.963,SITE 10,EXT
2026-05-22 07:00:00,17.55366666666667,17.098833333333335,12.207333333333334,28.425925925925927,20.388888888888893,62.333333333333336,973.2096666666667,SITE 10,EXT
2026-05-22 08:00:00,12.739827586206896,12.425862068965518,9.074137931034484,29.616858237547895,20.383141762452105,58.275862068965516,973.4493103448275,SITE 10,EXT
2026-05-22 09:00:00,12.340166666666667,12.020333333333333,8.746333333333332,31.314814814814817,20.814814814814817,54.2,973.5419999999999,SITE 10,EXT
2026-05-22 10:00:00,10.647833333333333,10.373833333333332,7.585,33.42592592592593,20.962962962962965,48.5,973.3816666666667,SITE 10,EXT
2026-05-22 11:00:00,10.919655172413794,10.62758620689655,7.820344827586206,35.13409961685824,20.95785440613027,44.0,972.9372413793103,SITE 10,EXT
2026-05-22 12:00:00,13.8605,13.365833333333335,9.595833333333333,36.53703703703704,20.75925925925926,40.166666666666664,971.7796666666667,SITE 10,EXT
2026-05-22 13:00:00,13.730166666666666,13.298166666666667,9.604000000000001,37.18518518518519,20.592592592592595,38.36666666666667,970.6733333333334,SITE 10,EXT
2026-05-22 14:00:00,17.523793103448277,16.815689655172413,11.84948275862069,37.241379310344826,20.45977011494253,38.0,969.9362068965518,SITE 10,EXT
2026-05-22 15:00:00,17.883,17.037666666666667,12.092333333333332,37.68518518518519,20.25925925925926,36.666666666666664,969.3430000000001,SITE 10,EXT
2026-05-22 16:00:00,16.423333333333332,15.845333333333334,11.5375,37.46296296296296,20.240740740740744,36.96666666666667,968.8603333333334,SITE 10,EXT
2026-05-22 17:00:00,25.512333333333334,24.391000000000002,16.94183333333333,36.351851851851855,20.074074074074076,38.833333333333336,969.133,SITE 10,EXT
2026-05-22 18:00:00,37.810500000000005,33.5115,22.499666666666666,35.592592592592595,20.185185185185183,40.733333333333334,969.8340000000001,SITE 10,EXT
2026-05-22 19:00:00,48.5275,41.73983333333333,28.227500000000003,35.07407407407407,20.425925925925927,42.63333333333333,970.5863333333333,SITE 10,EXT
2026-05-22 20:00:00,65.13172413793103,56.36120689655172,38.59172413793103,34.808429118773944,20.59386973180077,43.793103448275865,971.2155172413793,SITE 10,EXT
2026-05-22 21:00:00,39.932833333333335,35.24483333333333,23.853666666666665,33.68518518518519,20.88888888888889,47.5,971.3493333333333,SITE 10,EXT
2026-05-22 22:00:00,23.7635,22.776333333333334,15.579833333333333,32.57407407407407,20.740740740740744,50.5,971.6896666666667,SITE 10,EXT
2026-05-22 23:00:00,21.587333333333333,20.649833333333333,14.322333333333335,32.18518518518518,21.11111111111111,52.56666666666667,971.7156666666667,SITE 10,EXT
2026-05-23 00:00:00,15.606833333333332,15.096333333333332,10.836166666666665,31.592592592592595,21.037037037037035,53.46666666666667,971.3466666666667,SITE 10,EXT
2026-05-23 01:00:00,15.734833333333334,15.304666666666666,10.978,30.888888888888893,20.722222222222225,55.46666666666667,970.7936666666667,SITE 10,EXT
2026-05-23 02:00:00,16.852931034482758,16.331206896551723,11.531379310344828,30.440613026819925,21.015325670498086,57.86206896551724,970.4510344827586,SITE 10,EXT
2026-05-23 03:00:00,14.173,13.807166666666667,9.91,29.61111111111111,21.12962962962963,61.06666666666667,969.4773333333334,SITE 10,EXT
2026-05-23 04:00:00,15.059666666666667,14.7095,10.578,29.11111111111111,21.092592592592595,62.46666666666667,969.7199999999999,SITE 10,EXT
2026-05-23 05:00:00,22.344833333333334,21.303833333333333,15.165,28.61111111111111,21.12962962962963,64.33333333333333,970.4423333333333,SITE 10,EXT
2026-05-23 06:00:00,25.56833333333333,24.226333333333333,16.675666666666665,28.27777777777778,21.055555555555554,65.2,971.6826666666667,SITE 10,EXT
2026-05-23 07:00:00,11.93293103448276,11.446896551724137,7.852758620689655,25.881226053639846,19.176245210727974,67.20689655172414,973.4586206896552,SITE 10,EXT
2026-05-23 08:00:00,18.38,17.387,11.877333333333333,26.37037037037037,19.240740740740744,65.86666666666666,972.8050000000001,SITE 10,EXT
2026-05-23 09:00:00,17.994666666666667,17.329,11.9745,26.11111111111111,18.88888888888889,65.7,973.1096666666667,SITE 10,EXT
2026-05-23 10:00:00,21.8375,19.699166666666667,13.4375,27.48148148148148,19.592592592592595,62.96666666666667,972.7983333333334,SITE 10,EXT
2026-05-23 11:00:00,23.830666666666666,22.226999999999997,15.456833333333332,30.796296296296298,19.703703703703702,52.06666666666667,972.5313333333332,SITE 10,EXT
2026-05-23 12:00:00,11.171379310344829,10.793275862068965,7.665344827586207,32.26053639846743,20.325670498084293,49.689655172413794,971.9458620689655,SITE 10,EXT
2026-05-23 13:00:00,10.876333333333333,10.484333333333334,7.400166666666666,32.407407407407405,20.685185185185183,50.4,971.3396666666666,SITE 10,EXT
2026-05-23 14:00:00,8.894166666666667,8.559499999999998,6.137833333333333,33.70370370370371,21.166666666666668,48.166666666666664,970.7666666666667,SITE 10,EXT
2026-05-23 15:00:00,7.915166666666666,7.5023333333333335,5.2669999999999995,34.25925925925926,20.907407407407405,45.96666666666667,970.2479999999999,SITE 10,EXT
2026-05-23 16:00:00,9.52344827586207,9.112413793103448,6.445862068965518,33.86973180076629,21.091954022988503,47.51724137931034,969.7003448275863,SITE 10,EXT
2026-05-23 17:00:00,15.915166666666666,15.379833333333332,11.313666666666666,33.18518518518519,21.27777777777778,50.13333333333333,969.5930000000001,SITE 10,EXT
2026-05-23 18:00:00,27.031,25.34416666666667,17.676,32.0,21.62962962962963,54.7,970.1123333333333,SITE 10,EXT
2026-05-23 19:00:00,46.55916666666667,41.41016666666667,27.361833333333333,31.111111111111118,21.666666666666668,57.6,970.9216666666667,SITE 10,EXT
2026-05-23 20:00:00,38.66862068965517,34.34724137931034,23.291724137931034,30.632183908045977,21.4367816091954,58.62068965517241,971.2603448275862,SITE 10,EXT
2026-05-23 21:00:00,19.730999999999998,18.980666666666664,13.304666666666666,30.203703703703702,21.314814814814817,59.2,971.6076666666667,SITE 10,EXT
2026-05-23 22:00:00,24.129666666666665,23.220333333333333,15.881499999999999,30.0,21.11111111111111,59.266666666666666,971.9303333333334,SITE 10,EXT
2026-05-23 23:00:00,20.5155,19.98983333333333,13.914,29.518518518518523,21.074074074074073,60.9,972.2896666666667,SITE 10,EXT
2026-05-24 00:00:00,19.064,18.593833333333336,12.825833333333332,29.444444444444446,21.185185185185183,62.13333333333333,971.9423333333333,SITE 10,EXT
2026-05-24 01:00:00,23.254310344827587,22.694827586206895,15.871724137931034,29.444444444444446,21.11111111111111,61.172413793103445,971.298275862069,SITE 10,EXT
2026-05-24 02:00:00,13.9185,13.475666666666665,9.505500000000001,29.185185185185183,20.77777777777778,60.9,970.7623333333333,SITE 10,EXT
2026-05-24 03:00:00,13.417333333333334,13.098166666666666,9.374500000000001,28.88888888888889,20.85185185185185,62.266666666666666,970.7993333333333,SITE 10,EXT
2026-05-24 04:00:00,18.267166666666665,17.81433333333333,12.629833333333332,28.88888888888889,21.074074074074073,62.96666666666667,971.2330000000001,SITE 10,EXT
2026-05-24 05:00:00,32.00683333333333,29.953666666666667,20.286,28.5,21.11111111111111,64.96666666666667,971.562,SITE 10,EXT
2026-05-24 06:00:00,42.24879310344827,37.743793103448276,25.385689655172413,28.639846743295017,21.39846743295019,65.24137931034483,972.0558620689654,SITE 10,EXT
2026-05-24 07:00:00,28.201,26.862333333333332,18.749333333333333,29.0,21.11111111111111,62.833333333333336,972.8903333333333,SITE 10,EXT
2026-05-24 08:00:00,27.848333333333336,26.470833333333335,18.740666666666666,29.444444444444446,21.11111111111111,61.4,973.6523333333333,SITE 10,EXT
2026-05-24 09:00:00,23.784166666666668,22.88516666666667,15.996833333333335,29.87037037037037,21.0,59.7,973.868,SITE 10,EXT
2026-05-24 10:00:00,25.783666666666665,24.56683333333333,17.145,31.98148148148148,21.444444444444446,54.1,973.5626666666667,SITE 10,EXT
2026-05-24 11:00:00,21.592241379310344,20.930344827586207,14.840172413793104,33.544061302681996,21.379310344827587,49.41379310344828,973.0975862068966,SITE 10,EXT
2026-05-24 12:00:00,19.34,18.633666666666667,13.4215,34.88888888888889,21.27777777777778,45.5,972.4639999999999,SITE 10,EXT
2026-05-24 13:00:00,18.4925,17.841666666666665,12.783999999999999,35.42592592592593,20.925925925925927,43.166666666666664,971.395,SITE 10,EXT
2026-05-24 14:00:00,18.624833333333335,17.951166666666666,12.869833333333332,36.31481481481482,20.87037037037037,40.86666666666667,970.142,SITE 10,EXT
2026-05-24 15:00:00,17.936666666666667,17.43,12.643166666666668,36.22222222222222,20.64814814814815,40.7,969.2883333333334,SITE 10,EXT
2026-05-24 16:00:00,25.06,23.975172413793103,16.984137931034482,35.86206896551724,20.67049808429119,41.44827586206897,969.0913793103449,SITE 10,EXT
2026-05-24 17:00:00,23.802333333333333,23.087333333333333,16.55,35.27777777777778,20.925925925925927,43.53333333333333,969.2756666666667,SITE 10,EXT
2026-05-24 18:00:00,34.31616666666667,31.278333333333332,21.546333333333333,34.25925925925926,20.5,44.766666666666666,969.8520000000001,SITE 10,EXT
2026-05-24 19:00:00,28.7785,26.770500000000002,18.377833333333335,32.42592592592593,20.35185185185185,49.7,971.2986666666667,SITE 10,EXT
2026-05-24 20:00:00,14.6475,14.159166666666666,9.834666666666667,30.944444444444446,20.75925925925926,55.266666666666666,971.9826666666667,SITE 10,EXT
2026-05-24 21:00:00,9.851896551724137,9.45603448275862,6.485,30.30651340996169,20.30651340996169,56.03448275862069,972.3172413793104,SITE 10,EXT
2026-05-24 22:00:00,7.4795,7.176166666666666,4.857166666666667,29.703703703703702,20.185185185185183,56.766666666666666,972.8126666666667,SITE 10,EXT
2026-05-24 23:00:00,6.0728333333333335,5.832333333333334,3.9168333333333334,29.0,19.740740740740744,58.03333333333333,972.5733333333334,SITE 10,EXT
2026-05-25 00:00:00,9.070500000000001,8.741166666666667,6.073833333333334,29.40740740740741,20.48148148148148,58.9,972.5613333333333,SITE 10,EXT
2026-05-25 01:00:00,10.0035,9.622166666666667,6.642833333333333,29.685185185185183,20.722222222222225,59.03333333333333,972.2926666666666,SITE 10,EXT
2026-05-25 02:00:00,10.428275862068967,10.045344827586208,6.902586206896552,29.444444444444446,20.555555555555557,60.0,971.7413793103449,SITE 10,EXT
2026-05-25 03:00:00,9.598833333333333,9.253666666666668,6.4784999999999995,29.166666666666668,20.537037037037035,60.166666666666664,971.342,SITE 10,EXT
2026-05-25 04:00:00,9.597333333333333,9.307166666666665,6.494,28.75925925925926,20.425925925925927,61.6,971.5963333333333,SITE 10,EXT
2026-05-25 05:00:00,13.3985,12.961833333333335,8.982666666666667,28.222222222222225,20.203703703703702,62.4,972.223,SITE 10,EXT
2026-05-25 06:00:00,22.7245,21.649333333333335,14.973666666666668,27.77777777777778,20.0,63.93333333333333,972.702,SITE 10,EXT
2026-05-25 07:00:00,21.242241379310343,20.30655172413793,14.01551724137931,28.35249042145594,20.344827586206897,62.689655172413794,973.793448275862,SITE 10,EXT
2026-05-25 08:00:00,19.899137931034485,18.87896551724138,12.792586206896551,26.513409961685824,20.038314176245215,68.48275862068965,976.6403448275862,SITE 10,EXT
2026-05-25 09:00:00,16.211833333333335,15.562166666666666,10.705,25.98148148148148,19.87037037037037,69.53333333333333,977.1669999999999,SITE 10,EXT
2026-05-25 10:00:00,15.865,15.3125,10.641833333333333,26.77777777777778,20.12962962962963,67.93333333333334,976.3226666666667,SITE 10,EXT
2026-05-25 11:00:00,19.30366666666667,18.4835,12.818166666666666,27.796296296296298,20.685185185185183,66.03333333333333,975.1556666666667,SITE 10,EXT
2026-05-25 12:00:00,12.340166666666667,11.800666666666666,8.120166666666668,28.61111111111111,20.388888888888893,61.833333333333336,973.919,SITE 10,EXT
2026-05-25 13:00:00,7.696206896551724,7.288965517241379,5.076379310344827,30.038314176245215,20.440613026819925,56.86206896551724,972.8920689655172,SITE 10,EXT
2026-05-25 14:00:00,10.033999999999999,9.353166666666665,6.151333333333333,31.796296296296298,20.703703703703702,52.46666666666667,971.9159999999999,SITE 10,EXT
2026-05-25 15:00:00,16.080166666666667,15.2585,10.6175,33.074074074074076,21.092592592592595,49.9,971.2063333333333,SITE 10,EXT
2026-05-25 16:00:00,16.995,15.870166666666668,10.505333333333335,33.22222222222222,20.64814814814815,47.833333333333336,971.0453333333334,SITE 10,EXT
2026-05-25 17:00:00,12.849333333333334,11.952499999999999,7.847666666666667,32.5,19.98148148148148,48.13333333333333,971.2063333333333,SITE 10,EXT
2026-05-25 18:00:00,34.8585,30.765833333333333,20.5795,31.90740740740741,19.90740740740741,49.56666666666667,971.6363333333334,SITE 10,EXT
2026-05-25 19:00:00,84.1444827586207,75.42103448275863,49.69741379310344,31.666666666666668,20.708812260536398,52.827586206896555,972.3000000000001,SITE 10,EXT
2026-05-25 20:00:00,66.41466666666666,55.72616666666667,38.07516666666666,31.203703703703706,20.925925925925927,55.0,973.0856666666666,SITE 10,EXT
2026-05-25 21:00:00,61.267500000000005,51.40983333333334,34.337833333333336,30.77777777777778,21.24074074074074,57.53333333333333,973.94,SITE 10,EXT
2026-05-25 22:00:00,40.08866666666667,34.74183333333334,23.301833333333335,30.296296296296298,21.25925925925926,59.233333333333334,974.2796666666667,SITE 10,EXT
2026-05-25 23:00:00,21.171166666666668,19.898000000000003,13.112333333333334,29.444444444444446,20.87037037037037,60.43333333333333,974.0329999999999,SITE 10,EXT
2026-05-26 00:00:00,15.663793103448276,14.748275862068965,9.510000000000002,29.444444444444446,20.747126436781613,60.10344827586207,973.7606896551724,SITE 10,EXT
2026-05-26 01:00:00,19.33966666666667,17.810166666666664,10.860333333333333,29.166666666666668,20.833333333333332,61.06666666666667,973.4163333333333,SITE 10,EXT
2026-05-26 02:00:00,28.708166666666667,25.843666666666664,15.1695,29.351851851851855,20.703703703703702,60.333333333333336,973.1343333333333,SITE 10,EXT
2026-05-26 03:00:00,11.948833333333333,10.923,6.5,28.88888888888889,20.37037037037037,60.233333333333334,973.0403333333333,SITE 10,EXT
2026-05-26 04:00:00,9.401166666666667,8.674000000000001,5.292,28.85185185185185,20.53703703703704,61.5,973.1646666666667,SITE 10,EXT
2026-05-26 05:00:00,22.84551724137931,21.304310344827588,14.096034482758622,28.390804597701152,20.517241379310345,62.827586206896555,973.4858620689655,SITE 10,EXT
2026-05-26 06:00:00,58.167833333333334,51.340500000000006,31.975166666666667,28.87037037037037,21.092592592592595,63.5,973.8473333333333,SITE 10,EXT
2026-05-26 07:00:00,26.089833333333335,24.079333333333334,15.966000000000001,29.444444444444446,20.90740740740741,60.8,974.1316666666667,SITE 10,EXT
2026-05-26 08:00:00,27.1335,25.33,16.922333333333334,29.444444444444446,20.555555555555557,59.4,974.568,SITE 10,EXT
2026-05-26 09:00:00,23.045,22.078166666666668,15.016666666666667,29.53703703703704,21.12962962962963,61.166666666666664,974.7246666666667,SITE 10,EXT
2026-05-26 10:00:00,19.563103448275864,18.694655172413793,12.84051724137931,31.379310344827587,21.590038314176244,56.51724137931034,974.656551724138,SITE 10,EXT
2026-05-26 11:00:00,16.457833333333333,15.709,10.835166666666668,33.24074074074074,21.51851851851852,50.63333333333333,974.6323333333333,SITE 10,EXT
2026-05-26 12:00:00,30.431166666666666,27.315,18.174500000000002,30.77777777777778,21.685185185185183,58.86666666666667,974.3513333333334,SITE 10,EXT
2026-05-26 13:00:00,31.0255,27.675833333333333,18.871166666666667,30.666666666666668,21.48148148148148,58.666666666666664,973.2673333333333,SITE 10,EXT
2026-05-26 14:00:00,10.758333333333333,10.2275,7.1255,32.111111111111114,20.462962962962965,50.666666666666664,972.0303333333334,SITE 10,EXT
2026-05-26 15:00:00,18.880862068965516,17.735862068965517,12.158275862068965,33.23754789272031,20.574712643678165,47.689655172413794,971.0893103448276,SITE 10,EXT
2026-05-26 16:00:00,20.839833333333335,19.668833333333335,13.798499999999999,33.88888888888889,20.925925925925927,47.2,970.3976666666666,SITE 10,EXT
2026-05-26 17:00:00,54.346333333333334,47.940666666666665,32.93816666666667,33.70370370370371,21.24074074074074,48.46666666666667,970.857,SITE 10,EXT
2026-05-26 18:00:00,76.94583333333334,70.196,48.86,32.98148148148148,21.51851851851852,51.6,971.7223333333333,SITE 10,EXT
2026-05-26 19:00:00,81.2935,76.47783333333334,52.425333333333334,32.07407407407407,21.462962962962965,54.06666666666667,972.6503333333333,SITE 10,EXT
2026-05-26 20:00:00,73.72716666666666,64.52483333333333,44.070166666666665,31.61111111111111,20.77777777777778,53.233333333333334,973.4206666666666,SITE 10,EXT
2026-05-26 21:00:00,42.22706896551724,37.040689655172415,25.156724137931032,31.034482758620694,20.708812260536398,54.827586206896555,973.8331034482759,SITE 10,EXT
2026-05-26 22:00:00,30.221833333333333,28.077333333333332,18.954166666666666,30.555555555555557,22.037037037037035,60.833333333333336,974.172,SITE 10,EXT
2026-05-26 23:00:00,40.243500000000004,35.338,23.80566666666667,30.555555555555557,22.166666666666668,61.53333333333333,974.1453333333334,SITE 10,EXT
2026-05-27 00:00:00,31.734666666666666,29.920833333333334,20.41166666666667,30.185185185185183,22.259259259259256,62.8,973.4313333333333,SITE 10,EXT
2026-05-27 01:00:00,36.873666666666665,33.217666666666666,22.497,29.703703703703702,22.0,64.13333333333334,972.4236666666667,SITE 10,EXT
2026-05-27 02:00:00,35.79233333333333,32.34316666666667,21.956666666666667,29.444444444444446,22.037037037037035,64.73333333333333,971.276,SITE 10,EXT
2026-05-27 03:00:00,18.410344827586208,17.857586206896553,12.710172413793103,29.214559386973182,21.4367816091954,63.13793103448276,970.5144827586207,SITE 10,EXT
2026-05-27 04:00:00,28.506333333333334,25.500166666666665,17.118666666666666,28.88888888888889,21.24074074074074,64.1,970.8483333333334,SITE 10,EXT
2026-05-27 05:00:00,50.0285,42.219166666666666,27.727500000000003,28.88888888888889,21.666666666666668,65.2,971.2993333333333,SITE 10,EXT
2026-05-27 06:00:00,96.24183333333333,90.4935,59.579166666666666,28.88888888888889,21.666666666666668,65.83333333333333,971.9686666666668,SITE 10,EXT
2026-05-27 07:00:00,62.3215,54.69183333333333,38.26716666666667,29.333333333333332,21.87037037037037,64.66666666666667,972.9826666666667,SITE 10,EXT
2026-05-27 08:00:00,31.980517241379314,29.40396551724138,20.603275862068966,30.59386973180077,21.57088122605364,59.03448275862069,973.4672413793103,SITE 10,EXT
2026-05-27 09:00:00,20.91166666666667,20.342166666666667,14.586666666666668,31.77777777777778,21.14814814814815,53.766666666666666,973.5866666666666,SITE 10,EXT
2026-05-27 10:00:00,19.778833333333335,19.204333333333334,13.736333333333333,33.42592592592593,20.77777777777778,48.03333333333333,973.6766666666666,SITE 10,EXT
2026-05-27 11:00:00,18.360166666666665,17.765666666666668,12.789333333333333,34.27777777777778,20.703703703703702,45.4,973.169,SITE 10,EXT
2026-05-27 12:00:00,20.389666666666667,19.19816666666667,13.479333333333333,35.98148148148149,20.685185185185183,41.266666666666666,972.388,SITE 10,EXT
2026-05-27 13:00:00,25.768620689655172,23.67310344827586,16.410862068965518,36.91570881226054,20.440613026819925,38.6551724137931,971.4320689655171,SITE 10,EXT
2026-05-27 14:00:00,30.078833333333332,27.5375,19.170333333333335,37.648148148148145,20.12962962962963,36.46666666666667,970.5543333333334,SITE 10,EXT
2026-05-27 15:00:00,29.357666666666667,27.138166666666667,19.484333333333332,37.48148148148148,19.537037037037035,35.266666666666666,969.832,SITE 10,EXT
2026-05-27 16:00:00,40.94316666666667,36.811,26.0115,37.2962962962963,19.666666666666668,35.833333333333336,969.4603333333333,SITE 10,EXT
2026-05-27 17:00:00,41.9,37.5465,26.217,36.20370370370371,19.48148148148148,37.8,969.5603333333333,SITE 10,EXT
2026-05-27 18:00:00,72.89166666666667,66.08333333333333,45.14683333333333,35.407407407407405,19.62962962962963,39.9,969.9266666666666,SITE 10,EXT
2026-05-27 19:00:00,99.5894827586207,94.09413793103448,62.57241379310344,35.0,20.057471264367816,41.93103448275862,970.7320689655172,SITE 10,EXT
2026-05-27 20:00:00,57.77833333333333,52.607166666666664,34.973333333333336,34.42592592592593,20.833333333333332,45.666666666666664,971.526,SITE 10,EXT
2026-05-27 21:00:00,43.049166666666665,37.185500000000005,24.501666666666665,33.46296296296296,21.14814814814815,48.96666666666667,972.4026666666667,SITE 10,EXT
2026-05-27 22:00:00,38.54866666666667,34.327,23.261333333333333,33.148148148148145,21.27777777777778,50.2,972.7623333333333,SITE 10,EXT
2026-05-27 23:00:00,21.757166666666667,21.111,15.079166666666667,31.88888888888889,20.77777777777778,52.5,972.5296666666667,SITE 10,EXT
2026-05-28 00:00:00,17.204655172413794,16.7551724137931,11.972586206896551,31.283524904214563,20.727969348659002,54.0,971.7510344827585,SITE 10,EXT
2026-05-28 01:00:00,28.924166666666668,26.70133333333333,17.8785,31.092592592592595,21.166666666666668,56.53333333333333,970.9726666666667,SITE 10,EXT
2026-05-28 02:00:00,44.72413043478261,39.43891304347826,25.274130434782606,30.652173913043477,21.183574879227052,57.608695652173914,970.4808695652174,SITE 10,EXT
2026-05-28 04:00:00,21.608999999999998,20.932166666666667,14.384833333333335,29.0,21.185185185185183,63.63333333333333,971.3273333333333,SITE 10,EXT
2026-05-28 05:00:00,18.686,18.224833333333333,12.791166666666667,29.27777777777778,21.166666666666668,62.36666666666667,971.7423333333334,SITE 10,EXT
2026-05-28 06:00:00,22.0985,21.582833333333333,15.245833333333334,29.222222222222225,21.14814814814815,62.43333333333333,972.159,SITE 10,EXT
2026-05-28 07:00:00,21.093999999999998,20.418666666666663,14.076166666666667,30.185185185185183,21.444444444444446,59.86666666666667,972.5759999999999,SITE 10,EXT
2026-05-28 08:00:00,17.055,16.555,11.629999999999999,30.555555555555557,21.666666666666668,59.0,972.84,SITE 10,EXT
2026-05-28 12:00:00,17.96125,17.31625,11.9125,35.0,21.38888888888889,45.25,971.705,SITE 10,EXT
2026-05-28 13:00:00,20.417166666666667,19.413666666666664,13.684833333333334,36.57407407407408,20.833333333333332,40.166666666666664,971.2806666666667,SITE 10,EXT
2026-05-28 14:00:00,24.325499999999998,22.63266666666667,15.896833333333332,37.72222222222222,19.925925925925927,35.766666666666666,970.4626666666667,SITE 10,EXT
2026-05-28 15:00:00,22.340862068965517,21.124310344827588,14.831379310344827,38.16091954022989,19.597701149425287,34.06896551724138,969.2993103448276,SITE 10,EXT
2026-05-28 16:00:00,32.78033333333333,29.926666666666666,20.732333333333333,37.851851851851855,19.64814814814815,34.9,968.638,SITE 10,EXT
2026-05-28 17:00:00,49.53216666666666,42.46683333333333,28.326166666666666,35.75925925925926,20.203703703703702,40.6,968.7506666666667,SITE 10,EXT
2026-05-28 18:00:00,42.590333333333334,36.865,24.636333333333333,33.40740740740741,20.314814814814817,46.666666666666664,970.1596666666667,SITE 10,EXT
2026-05-28 19:00:00,39.475,34.89066666666667,23.345333333333333,32.37037037037037,20.25925925925926,49.3,970.7263333333334,SITE 10,EXT
2026-05-28 20:00:00,36.07155172413793,32.35310344827586,21.750172413793102,32.20306513409962,20.095785440613028,49.51724137931034,971.6079310344828,SITE 10,EXT
2026-05-28 21:00:00,19.826999999999998,18.83833333333333,12.598999999999998,31.185185185185187,20.0,51.86666666666667,971.8056666666666,SITE 10,EXT
2026-05-28 22:00:00,19.257333333333335,18.238333333333333,12.122666666666667,30.833333333333336,19.925925925925927,52.766666666666666,972.5283333333333,SITE 10,EXT
2026-05-28 23:00:00,17.044,16.153666666666666,10.825333333333333,30.333333333333332,20.222222222222225,55.56666666666667,972.5966666666667,SITE 10,EXT
2026-05-29 00:00:00,14.585333333333333,13.822833333333334,9.257333333333333,30.555555555555557,20.444444444444446,55.43333333333333,972.2736666666666,SITE 10,EXT
2026-05-29 01:00:00,17.890833333333333,17.049,11.359,30.555555555555557,20.185185185185183,54.56666666666667,971.775,SITE 10,EXT
2026-05-29 02:00:00,22.75448275862069,21.56948275862069,14.07655172413793,30.478927203065133,20.862068965517242,56.758620689655174,971.4575862068966,SITE 10,EXT
2026-05-29 03:00:00,18.0715,17.166833333333333,11.490333333333332,30.425925925925927,21.09259259259259,57.6,971.937,SITE 10,EXT
2026-05-29 04:00:00,11.8355,11.020000000000001,7.142333333333334,29.185185185185183,20.35185185185185,59.96666666666667,972.3623333333333,SITE 10,EXT
2026-05-29 05:00:00,18.649,17.375833333333333,11.547166666666667,28.88888888888889,20.092592592592595,60.0,972.644,SITE 10,EXT
2026-05-29 06:00:00,28.573666666666668,26.736333333333334,17.733333333333334,28.88888888888889,20.35185185185185,60.43333333333333,972.9433333333333,SITE 10,EXT
2026-05-29 07:00:00,32.162241379310345,29.688275862068966,19.814310344827586,29.09961685823755,20.383141762452105,60.03448275862069,973.501724137931,SITE 10,EXT
2026-05-29 08:00:00,31.225666666666665,28.944833333333335,19.266166666666667,29.814814814814817,20.537037037037035,57.9,974.0693333333334,SITE 10,EXT
2026-05-29 09:00:00,24.342499999999998,22.7455,15.046666666666669,31.296296296296298,20.25925925925926,52.63333333333333,974.2316666666667,SITE 10,EXT
2026-05-29 10:00:00,27.591333333333335,25.13383333333333,16.718833333333333,31.666666666666668,19.796296296296298,49.6,974.1356666666667,SITE 10,EXT
2026-05-29 11:00:00,23.357833333333335,22.089499999999997,14.765333333333333,32.77777777777778,20.574074074074076,49.03333333333333,973.7833333333333,SITE 10,EXT
2026-05-29 12:00:00,22.966724137931035,21.461724137931036,14.412586206896552,34.75095785440613,21.091954022988503,45.241379310344826,973.2072413793103,SITE 10,EXT
2026-05-29 13:00:00,18.522499999999997,17.322166666666664,11.418333333333333,36.12962962962963,21.11111111111111,42.06666666666667,972.2556666666666,SITE 10,EXT
2026-05-29 14:00:00,22.273500000000002,20.426666666666666,13.355333333333334,36.92592592592593,21.0,39.8,971.3656666666667,SITE 10,EXT
2026-05-29 15:00:00,29.467333333333332,26.465500000000002,17.4305,36.166666666666664,20.796296296296298,41.03333333333333,970.8566666666667,SITE 10,EXT
2026-05-29 16:00:00,31.372666666666664,28.709,19.113333333333333,35.31481481481482,21.092592592592595,44.0,970.725,SITE 10,EXT
2026-05-29 17:00:00,31.70551724137931,29.53655172413793,19.856206896551726,34.67432950191571,21.149425287356323,45.827586206896555,970.8575862068965,SITE 10,EXT
2026-05-29 18:00:00,42.50883333333333,36.5795,24.642166666666665,33.96296296296297,21.0,46.9,971.4113333333333,SITE 10,EXT
2026-05-29 19:00:00,51.753,43.143,28.648333333333333,33.333333333333336,20.666666666666668,47.733333333333334,972.0176666666666,SITE 10,EXT
2026-05-29 20:00:00,48.81283333333333,40.791000000000004,26.683666666666667,33.0,21.22222222222222,50.2,972.6483333333333,SITE 10,EXT
2026-05-29 21:00:00,43.044,36.814499999999995,24.297,32.7037037037037,21.24074074074074,51.333333333333336,973.0183333333333,SITE 10,EXT
2026-05-29 22:00:00,37.20724137931035,33.27448275862069,22.272931034482756,32.12643678160919,21.168582375478927,52.724137931034484,973.1731034482759,SITE 10,EXT
2026-05-29 23:00:00,27.938333333333333,26.606833333333334,18.0485,31.666666666666668,21.38888888888889,55.13333333333333,973.2633333333334,SITE 10,EXT
2026-05-30 00:00:00,27.320833333333333,25.8,17.365666666666666,31.240740740740744,21.35185185185185,56.43333333333333,972.941,SITE 10,EXT
2026-05-30 01:00:00,26.661333333333335,25.451,17.103166666666667,31.111111111111118,21.685185185185183,57.766666666666666,972.1966666666667,SITE 10,EXT
2026-05-30 02:00:00,30.834333333333333,29.07633333333333,19.50583333333333,30.574074074074076,21.35185185185185,58.5,971.4036666666667,SITE 10,EXT
2026-05-30 03:00:00,33.578448275862065,30.775172413793104,20.66396551724138,30.478927203065133,21.724137931034484,60.0,971.233103448276,SITE 10,EXT
2026-05-30 04:00:00,38.061166666666665,34.47983333333333,23.770666666666667,30.0,21.666666666666668,61.63333333333333,971.4256666666666,SITE 10,EXT
2026-05-30 05:00:00,36.40683333333333,32.77016666666667,22.066666666666666,30.0,21.87037037037037,62.43333333333333,971.8006666666666,SITE 10,EXT
2026-05-30 06:00:00,54.64983333333334,48.725500000000004,32.80133333333333,30.11111111111111,21.925925925925927,62.13333333333333,972.077,SITE 10,EXT
2026-05-30 07:00:00,37.883,33.67133333333333,22.55616666666667,30.61111111111111,21.685185185185183,59.86666666666667,972.294,SITE 10,EXT
2026-05-30 08:00:00,25.540344827586207,24.25,16.555,31.724137931034484,21.513409961685824,55.172413793103445,972.5255172413794,SITE 10,EXT
2026-05-30 09:00:00,22.073,20.853,13.982333333333335,33.092592592592595,21.5,51.13333333333333,972.6919999999999,SITE 10,EXT
2026-05-30 10:00:00,18.167666666666666,17.197166666666664,11.640666666666666,34.98148148148149,21.61111111111111,46.0,972.5936666666668,SITE 10,EXT
2026-05-30 11:00:00,16.9955,16.0385,10.923499999999999,36.94444444444445,21.12962962962963,40.333333333333336,972.2,SITE 10,EXT
2026-05-30 12:00:00,18.611666666666668,17.681833333333334,12.1235,38.22222222222222,21.074074074074073,37.266666666666666,971.859,SITE 10,EXT
2026-05-30 13:00:00,20.009666666666664,18.954666666666665,12.975333333333333,38.592592592592595,20.88888888888889,36.2,970.9436666666667,SITE 10,EXT
2026-05-30 14:00:00,20.904310344827586,19.645862068965517,13.36896551724138,39.099616858237546,20.766283524904217,34.86206896551724,969.9151724137931,SITE 10,EXT
2026-05-30 15:00:00,25.636,23.712,15.968833333333333,39.44444444444444,20.240740740740744,33.3,968.981,SITE 10,EXT
2026-05-30 16:00:00,21.108666666666668,19.926499999999997,13.472833333333334,39.092592592592595,20.0,33.233333333333334,968.205,SITE 10,EXT
2026-05-30 17:00:00,34.44083333333333,30.67866666666667,20.6995,37.7037037037037,19.98148148148148,35.8,968.0296666666667,SITE 10,EXT
2026-05-30 18:00:00,46.9295,39.719500000000004,26.026,36.87037037037037,21.40740740740741,41.0,968.5863333333333,SITE 10,EXT
2026-05-30 19:00:00,40.53396551724138,35.561206896551724,23.16689655172414,35.32567049808429,19.846743295019156,40.86206896551724,969.3837931034483,SITE 10,EXT
2026-05-30 20:00:00,64.71516666666666,55.38066666666667,34.213499999999996,34.94444444444444,19.462962962962965,40.53333333333333,969.89,SITE 10,EXT
2026-05-30 21:00:00,54.566833333333335,45.487,28.465833333333332,34.27777777777778,19.203703703703706,41.56666666666667,970.7693333333334,SITE 10,EXT
2026-05-30 22:00:00,52.126666666666665,42.983333333333334,27.463833333333334,33.46296296296296,19.90740740740741,45.4,971.2746666666667,SITE 10,EXT
2026-05-30 23:00:00,44.30120689655172,37.81655172413793,24.677241379310345,33.122605363984675,20.49808429118774,47.724137931034484,972.1748275862069,SITE 10,EXT
2026-05-31 00:00:00,18.996,16.613,10.290333333333333,26.925925925925927,19.40740740740741,65.66666666666667,973.6020000000001,SITE 10,EXT
2026-05-31 01:00:00,10.785333333333334,10.163666666666668,6.623833333333334,26.425925925925927,19.62962962962963,66.93333333333334,972.6653333333333,SITE 10,EXT
2026-05-31 02:00:00,10.340714285714286,9.644464285714287,6.095,26.726190476190478,19.523809523809526,65.25,972.97,SITE 10,EXT
2026-05-31 03:00:00,8.220666666666666,7.595,4.659666666666666,27.000000000000004,19.77777777777778,65.53333333333333,972.621,SITE 10,EXT
2026-05-31 04:00:00,10.036166666666666,9.314166666666667,5.8555,26.77777777777778,19.85185185185185,66.4,971.4146666666667,SITE 10,EXT
2026-05-31 05:00:00,10.788,10.078333333333335,6.3275,26.296296296296298,19.703703703703702,67.76666666666667,971.2046666666666,SITE 10,EXT
2026-05-31 06:00:00,12.046,11.284666666666668,7.325333333333333,25.037037037037035,19.333333333333332,70.93333333333334,971.107,SITE 10,EXT
2026-05-31 07:00:00,12.974666666666668,12.226833333333333,7.884833333333333,25.388888888888893,19.240740740740744,69.83333333333333,971.332,SITE 10,EXT
2026-05-31 08:00:00,15.334827586206895,14.356206896551724,9.467241379310344,26.973180076628356,19.731800766283527,65.58620689655173,972.0106896551724,SITE 10,EXT
2026-05-31 09:00:00,14.013833333333334,13.09,8.565833333333334,28.40740740740741,20.055555555555554,61.03333333333333,972.3713333333333,SITE 10,EXT
2026-05-31 10:00:00,12.8025,11.9735,7.88,29.61111111111111,20.333333333333332,58.1,972.2473333333334,SITE 10,EXT
2026-05-31 11:00:00,11.389166666666666,10.663666666666668,6.968,32.62962962962963,20.833333333333332,50.53333333333333,971.9386666666667,SITE 10,EXT
2026-05-31 12:00:00,14.396166666666666,13.353,8.790166666666666,34.88888888888889,20.77777777777778,44.0,971.505,SITE 10,EXT
2026-05-31 13:00:00,21.996379310344828,20.330000000000002,13.839655172413794,36.22605363984675,20.45977011494253,40.3448275862069,970.8168965517241,SITE 10,EXT
2026-05-31 14:00:00,16.785666666666668,15.690833333333334,10.912833333333333,36.62962962962964,19.85185185185185,37.86666666666667,970.0316666666666,SITE 10,EXT
2026-05-31 15:00:00,17.760166666666667,16.695666666666668,11.882,36.66666666666667,19.814814814814817,37.5,969.298,SITE 10,EXT
2026-05-31 16:00:00,18.791999999999998,17.640833333333333,11.7875,36.25925925925926,20.074074074074076,39.1,969.1756666666666,SITE 10,EXT
2026-05-31 17:00:00,24.046,22.255166666666664,14.711166666666665,35.55555555555556,20.61111111111111,41.93333333333333,969.3103333333333,SITE 10,EXT
2026-05-31 18:00:00,20.426206896551726,19.304137931034486,13.057413793103446,35.0,21.053639846743295,44.41379310344828,969.8413793103449,SITE 10,EXT
2026-05-31 19:00:00,45.62766666666666,38.76933333333333,25.919833333333333,34.166666666666664,21.425925925925927,47.86666666666667,970.7393333333333,SITE 10,EXT
2026-05-31 20:00:00,49.219166666666666,42.38783333333333,29.348833333333335,33.48148148148149,21.425925925925927,49.766666666666666,971.2710000000001,SITE 10,EXT
2026-05-31 21:00:00,26.848333333333336,25.768666666666665,17.838666666666665,32.27777777777778,21.722222222222225,54.333333333333336,971.7676666666666,SITE 10,EXT
2026-05-31 22:00:00,22.841833333333334,22.0455,15.536666666666665,31.555555555555557,21.51851851851852,55.53333333333333,971.8866666666667,SITE 10,EXT
2026-05-31 23:00:00,17.981206896551726,17.28603448275862,12.201379310344826,31.09195402298851,21.091954022988503,56.3448275862069,971.5875862068966,SITE 10,EXT
2026-06-01 00:00:00,15.664333333333333,14.9985,10.435833333333333,30.62962962962963,21.09259259259259,57.43333333333333,971.178,SITE 10,EXT
2026-06-01 01:00:00,13.5565,12.901833333333334,8.829166666666667,30.074074074074076,21.055555555555554,59.0,970.8216666666667,SITE 10,EXT
2026-06-01 02:00:00,13.212,12.581999999999999,8.634333333333334,29.444444444444446,21.055555555555554,60.9,970.5273333333333,SITE 10,EXT
2026-06-01 03:00:00,12.389833333333334,11.7175,7.953833333333334,29.388888888888893,21.055555555555554,61.6,970.0103333333334,SITE 10,EXT
2026-06-01 04:00:00,13.260172413793104,12.638275862068966,8.626896551724139,28.88888888888889,21.015325670498086,62.689655172413794,970.0165517241379,SITE 10,EXT
2026-06-01 05:00:00,16.953166666666668,15.919666666666668,10.901833333333334,28.833333333333332,21.055555555555554,63.666666666666664,970.463,SITE 10,EXT
2026-06-01 06:00:00,18.291166666666665,17.345833333333335,11.746666666666666,28.370370370370374,20.592592592592595,63.5,971.022,SITE 10,EXT
2026-06-01 07:00:00,20.170666666666666,19.18883333333333,13.1165,29.11111111111111,20.88888888888889,61.93333333333333,971.4069999999999,SITE 10,EXT
2026-06-01 08:00:00,17.7805,17.00316666666667,11.646166666666666,30.370370370370374,21.055555555555554,58.233333333333334,971.6843333333333,SITE 10,EXT
2026-06-01 09:00:00,13.31189655172414,12.730862068965518,8.767931034482759,31.93486590038314,20.99616858237548,52.96551724137931,972.1017241379311,SITE 10,EXT
2026-06-01 10:00:00,13.321833333333334,12.708833333333333,8.892833333333334,34.03703703703704,21.166666666666668,47.333333333333336,972.3526666666668,SITE 10,EXT
2026-06-01 11:00:00,12.309833333333334,11.748999999999999,8.077333333333334,36.01851851851852,21.61111111111111,43.666666666666664,972.0360000000001,SITE 10,EXT
2026-06-01 12:00:00,12.581,11.938833333333333,8.18,38.166666666666664,21.592592592592595,38.46666666666667,971.6333333333333,SITE 10,EXT
2026-06-01 13:00:00,13.042166666666667,12.402333333333333,8.554666666666666,38.01851851851852,21.166666666666668,38.2,970.9846666666667,SITE 10,EXT
2026-06-01 14:00:00,14.661896551724137,13.980344827586206,9.562931034482759,37.98850574712644,21.475095785440615,38.93103448275862,970.3541379310345,SITE 10,EXT
2026-06-01 15:00:00,18.768166666666666,17.96783333333333,12.373166666666666,38.05555555555556,21.51851851851852,38.833333333333336,969.7976666666667,SITE 10,EXT
2026-06-01 16:00:00,21.50766666666667,20.550666666666665,14.302666666666665,38.31481481481482,21.27777777777778,37.7,969.112,SITE 10,EXT
2026-06-01 17:00:00,20.592,19.508,13.450833333333332,37.44444444444444,20.314814814814817,37.266666666666666,968.9963333333333,SITE 10,EXT
2026-06-01 18:00:00,43.896,40.29066666666667,27.532500000000002,36.53703703703704,20.35185185185185,39.1,969.2683333333333,SITE 10,EXT
2026-06-01 19:00:00,49.20316666666667,41.57983333333333,27.689,35.37037037037037,21.574074074074076,45.2,969.8439999999999,SITE 10,EXT
2026-06-01 20:00:00,43.29862068965517,37.295344827586206,25.236896551724136,33.735632183908045,21.877394636015325,50.3448275862069,970.5689655172414,SITE 10,EXT
2026-06-01 21:00:00,30.901,28.994666666666667,19.803,32.12962962962963,21.88888888888889,55.3,971.175,SITE 10,EXT
2026-06-01 22:00:00,25.410666666666668,24.12816666666667,16.338,31.444444444444446,20.962962962962965,54.6,971.8283333333333,SITE 10,EXT
2026-06-01 23:00:00,21.240666666666666,20.19816666666667,13.738,30.925925925925927,20.814814814814817,55.46666666666667,972.3753333333333,SITE 10,EXT
2026-06-02 00:00:00,20.574833333333334,19.613999999999997,13.377833333333333,30.27777777777778,20.85185185185185,57.46666666666667,972.1066666666667,SITE 10,EXT
2026-06-02 01:00:00,17.692241379310346,16.803793103448275,11.222931034482757,29.904214559386975,20.862068965517242,58.793103448275865,971.4282758620689,SITE 10,EXT
2026-06-02 02:00:00,18.412666666666667,17.581833333333336,11.932833333333333,29.11111111111111,20.703703703703702,61.333333333333336,970.9333333333333,SITE 10,EXT
2026-06-02 03:00:00,17.780666666666665,16.939333333333334,11.468666666666667,28.88888888888889,20.85185185185185,62.266666666666666,970.5176666666666,SITE 10,EXT
2026-06-02 04:00:00,17.946,17.118499999999997,11.530666666666667,28.88888888888889,21.037037037037035,62.733333333333334,970.5086666666666,SITE 10,EXT
2026-06-02 05:00:00,23.078333333333333,22.002833333333335,14.776833333333334,28.425925925925927,20.703703703703702,64.03333333333333,970.3449999999999,SITE 10,EXT
2026-06-02 06:00:00,28.17362068965517,26.647931034482756,17.87103448275862,28.333333333333336,21.11111111111111,64.93103448275862,970.5644827586207,SITE 10,EXT
2026-06-02 07:00:00,29.338166666666666,27.374833333333335,18.351333333333333,28.61111111111111,20.90740740740741,64.0,971.5253333333333,SITE 10,EXT
2026-06-02 08:00:00,29.316166666666668,27.539499999999997,18.503,29.75925925925926,21.51851851851852,61.86666666666667,972.689,SITE 10,EXT
2026-06-02 09:00:00,32.77333333333333,30.146666666666665,19.985833333333336,31.074074074074076,22.0,59.03333333333333,973.1206666666666,SITE 10,EXT
2026-06-02 10:00:00,27.898000000000003,26.726333333333333,17.867666666666665,32.092592592592595,22.055555555555554,56.03333333333333,973.1713333333333,SITE 10,EXT
2026-06-02 11:00:00,27.33216666666667,26.285333333333334,17.687666666666665,32.77777777777778,21.85185185185185,53.3,973.0556666666666,SITE 10,EXT
2026-06-02 12:00:00,25.63103448275862,24.66241379310345,16.48,33.71647509578544,22.06896551724138,50.793103448275865,972.7379310344828,SITE 10,EXT
2026-06-02 13:00:00,26.058333333333334,24.915666666666667,16.830166666666667,35.44444444444445,22.12962962962963,46.36666666666667,972.109,SITE 10,EXT
2026-06-02 14:00:00,29.5115,27.576999999999998,18.705666666666666,36.50000000000001,22.01851851851852,43.56666666666667,971.538,SITE 10,EXT
2026-06-02 15:00:00,27.705499999999997,26.164833333333334,17.603833333333334,36.537037037037045,21.740740740740744,42.833333333333336,970.9680000000001,SITE 10,EXT
2026-06-02 16:00:00,22.35033333333333,21.52716666666667,14.844666666666665,36.18518518518519,21.14814814814815,41.8,970.2203333333333,SITE 10,EXT
2026-06-02 17:00:00,25.57551724137931,24.513793103448275,16.79741379310345,35.67049808429119,20.977011494252874,42.758620689655174,970.3310344827586,SITE 10,EXT
2026-06-02 18:00:00,42.08183333333333,36.42966666666667,24.197,34.851851851851855,21.296296296296298,45.6,970.6156666666667,SITE 10,EXT
2026-06-02 19:00:00,49.48283333333333,41.532333333333334,27.476833333333335,34.44444444444444,22.037037037037035,49.03333333333333,971.878,SITE 10,EXT
2026-06-02 20:00:00,42.0385,36.57,24.362666666666666,33.92592592592593,22.259259259259256,51.0,972.3113333333333,SITE 10,EXT
2026-06-02 21:00:00,31.308793103448274,29.41568965517241,19.750172413793102,33.35249042145594,21.99233716475096,52.0,973.0872413793103,SITE 10,EXT
2026-06-02 22:00:00,36.863166666666665,33.06066666666667,22.223000000000003,33.05555555555556,22.185185185185183,53.36666666666667,973.7326666666667,SITE 10,EXT
2026-06-02 23:00:00,32.428666666666665,30.388333333333332,20.48966666666667,32.333333333333336,22.24074074074074,55.666666666666664,973.7416666666667,SITE 10,EXT
2026-06-03 00:00:00,27.6445,26.714499999999997,18.121333333333332,31.574074074074076,22.22222222222222,58.43333333333333,973.2646666666666,SITE 10,EXT
2026-06-03 01:00:00,19.234166666666667,18.526166666666665,12.460666666666667,31.111111111111118,21.77777777777778,58.233333333333334,972.9853333333334,SITE 10,EXT
2026-06-03 02:00:00,16.203500000000002,15.525,10.321,30.90740740740741,21.833333333333332,59.03333333333333,972.6236666666666,SITE 10,EXT
2026-06-03 03:00:00,12.735344827586207,12.147758620689654,8.186724137931034,29.597701149425287,20.708812260536398,59.48275862068966,972.5193103448277,SITE 10,EXT
2026-06-03 04:00:00,9.216166666666668,8.834833333333334,5.7705,29.222222222222225,20.166666666666668,58.766666666666666,972.6773333333333,SITE 10,EXT
2026-06-03 05:00:00,10.451333333333334,9.967,6.629166666666666,28.88888888888889,20.25925925925926,59.96666666666667,972.8203333333333,SITE 10,EXT
2026-06-03 06:00:00,14.137,13.528,9.002166666666666,28.88888888888889,20.0,59.53333333333333,973.339,SITE 10,EXT
2026-06-03 07:00:00,40.123666666666665,37.06183333333333,23.2625,29.51851851851852,20.35185185185185,58.6,973.8306666666666,SITE 10,EXT
2026-06-03 08:00:00,28.450166666666668,26.164166666666667,17.102500000000003,30.81481481481482,20.944444444444446,56.3,974.3506666666667,SITE 10,EXT
2026-06-03 09:00:00,22.966896551724137,21.772068965517242,14.630172413793103,31.85823754789272,21.302681992337167,54.0,974.4799999999999,SITE 10,EXT
2026-06-03 10:00:00,18.362333333333332,17.498333333333335,11.834,34.12962962962963,21.5,48.13333333333333,974.378,SITE 10,EXT
2026-06-03 11:00:00,17.751166666666666,17.147333333333332,11.859666666666667,35.851851851851855,21.40740740740741,43.4,974.1243333333333,SITE 10,EXT
2026-06-03 12:00:00,23.936666666666667,22.501666666666665,15.496166666666666,37.351851851851855,20.944444444444446,38.9,973.6146666666666,SITE 10,EXT
2026-06-03 13:00:00,19.23896551724138,18.405344827586205,12.948448275862068,38.371647509578544,20.919540229885055,36.62068965517241,972.8255172413793,SITE 10,EXT
2026-06-03 14:00:00,24.950666666666667,23.6655,16.657166666666665,38.48148148148149,21.037037037037035,36.666666666666664,972.1936666666667,SITE 10,EXT
2026-06-03 15:00:00,26.028000000000002,24.351499999999998,16.999833333333335,38.22222222222222,20.962962962962965,37.03333333333333,971.2003333333333,SITE 10,EXT
2026-06-03 16:00:00,23.425666666666665,22.06566666666667,15.292166666666667,38.25925925925926,20.388888888888893,35.7,970.44,SITE 10,EXT
2026-06-03 17:00:00,28.858333333333334,27.131333333333334,18.223166666666668,37.03703703703704,20.85185185185185,39.4,970.111,SITE 10,EXT
2026-06-03 18:00:00,51.1586,43.268,27.477199999999996,35.66666666666667,21.044444444444444,43.08,970.3616000000001,SITE 10,EXT
2026-06-03 19:00:00,58.2875,47.687,30.522333333333332,34.851851851851855,21.444444444444446,46.06666666666667,971.3683333333333,SITE 10,EXT
2026-06-03 20:00:00,40.06275862068965,35.287241379310345,23.566379310344825,33.52490421455939,21.20689655172414,49.206896551724135,971.9906896551724,SITE 10,EXT
2026-06-03 21:00:00,28.609166666666667,27.298666666666666,18.68883333333333,32.22222222222222,21.314814814814817,53.03333333333333,972.461,SITE 10,EXT
2026-06-03 22:00:00,29.67716666666667,27.858833333333333,18.821833333333334,31.64814814814815,21.666666666666668,56.03333333333333,973.062,SITE 10,EXT
2026-06-03 23:00:00,25.2,24.386833333333335,16.4475,31.148148148148152,21.796296296296298,57.96666666666667,973.119,SITE 10,EXT
2026-06-04 00:00:00,19.598833333333335,18.91483333333333,12.7515,30.40740740740741,21.77777777777778,60.36666666666667,972.878,SITE 10,EXT
2026-06-04 01:00:00,15.426896551724138,14.898965517241379,9.924999999999999,30.0,21.666666666666668,61.44827586206897,972.3396551724137,SITE 10,EXT
2026-06-04 02:00:00,14.227,13.663666666666666,9.391166666666667,30.185185185185183,21.296296296296298,59.43333333333333,972.8436666666668,SITE 10,EXT
2026-06-04 03:00:00,7.4995,6.973000000000001,4.2589999999999995,25.72222222222222,18.944444444444446,66.9,973.8960000000001,SITE 10,EXT
2026-06-04 06:00:00,10.3225,9.801666666666666,6.64375,25.185185185185187,19.675925925925927,72.5,973.805,SITE 10,EXT
2026-06-04 07:00:00,17.99793103448276,17.184310344827587,11.83603448275862,26.724137931034484,19.501915708812263,65.37931034482759,973.7424137931034,SITE 10,EXT
2026-06-04 08:00:00,18.025666666666666,17.5075,12.295833333333333,25.962962962962965,19.555555555555557,68.36666666666666,975.456,SITE 10,EXT
2026-06-04 09:00:00,14.986166666666666,14.398166666666667,9.996666666666666,25.48148148148148,19.518518518518523,70.73333333333333,977.1543333333334,SITE 10,EXT
2026-06-04 10:00:00,7.185666666666666,6.869,4.6963333333333335,25.01851851851852,19.40740740740741,71.7,975.3016666666666,SITE 10,EXT
2026-06-04 11:00:00,7.3294999999999995,7.068666666666667,5.064666666666667,25.092592592592595,19.222222222222225,70.76666666666667,973.5533333333333,SITE 10,EXT
2026-06-04 12:00:00,7.718999999999999,7.437,5.335166666666667,26.388888888888893,19.40740740740741,66.16666666666667,973.162,SITE 10,EXT
2026-06-04 13:00:00,9.540172413793105,9.10551724137931,6.376896551724138,28.084291187739463,19.731800766283527,60.89655172413793,972.4799999999999,SITE 10,EXT
2026-06-04 14:00:00,12.463666666666667,11.974833333333333,8.5855,28.962962962962965,19.518518518518523,57.266666666666666,972.421,SITE 10,EXT
2026-06-04 15:00:00,8.630833333333333,8.215833333333332,5.791333333333333,29.27777777777778,19.592592592592595,56.53333333333333,972.3823333333333,SITE 10,EXT
2026-06-04 16:00:00,11.93293103448276,11.256896551724138,7.380344827586207,29.86590038314176,19.942528735632184,55.86206896551724,971.9596551724138,SITE 10,EXT
2026-06-04 17:00:00,11.719833333333334,11.266166666666667,7.931,29.574074074074076,19.64814814814815,55.6,971.6766666666666,SITE 10,EXT
2026-06-04 18:00:00,35.215862068965514,31.508793103448276,21.671206896551727,29.406130268199234,20.13409961685824,57.93103448275862,971.5106896551724,SITE 10,EXT
2026-06-04 19:00:00,45.75,39.176500000000004,26.7315,28.722222222222225,20.61111111111111,62.03333333333333,971.7933333333333,SITE 10,EXT
2026-06-04 20:00:00,31.0395,28.697999999999997,20.049833333333332,28.222222222222225,20.518518518518523,63.833333333333336,972.4943333333334,SITE 10,EXT
2026-06-04 21:00:00,23.534499999999998,22.440333333333335,15.941,27.77777777777778,20.425925925925927,64.56666666666666,973.217,SITE 10,EXT
2026-06-04 22:00:00,26.117833333333333,25.093,17.62316666666667,27.31481481481482,20.40740740740741,66.73333333333333,973.495,SITE 10,EXT
2026-06-04 23:00:00,27.29310344827586,25.909310344827585,18.173448275862068,26.724137931034484,20.057471264367816,68.03448275862068,973.3213793103448,SITE 10,EXT
2026-06-05 00:00:00,24.351333333333333,23.4335,15.928666666666667,26.666666666666668,20.0,68.0,972.7933333333333,SITE 10,EXT
2026-06-05 01:00:00,15.020000000000001,14.613666666666667,10.485666666666667,26.666666666666668,20.0,68.0,972.092,SITE 10,EXT
2026-06-05 02:00:00,14.978666666666667,14.574333333333334,10.619,26.14814814814815,19.796296296296298,68.63333333333334,971.6043333333333,SITE 10,EXT
2026-06-05 03:00:00,17.630499999999998,17.128833333333333,12.410333333333334,26.11111111111111,19.592592592592595,68.4,971.6143333333333,SITE 10,EXT
2026-06-05 04:00:00,15.054655172413794,14.657758620689656,10.397241379310344,26.11111111111111,19.96168582375479,68.93103448275862,971.5820689655172,SITE 10,EXT
2026-06-05 05:00:00,15.873333333333333,15.440499999999998,11.114,26.11111111111111,19.61111111111111,68.36666666666666,971.5583333333333,SITE 10,EXT
2026-06-05 06:00:00,23.894166666666667,23.046166666666668,16.408166666666666,26.09259259259259,19.98148148148148,69.0,971.8623333333333,SITE 10,EXT
2026-06-05 07:00:00,16.2945,15.840499999999999,11.4665,26.592592592592595,19.90740740740741,67.3,972.4246666666666,SITE 10,EXT
2026-06-05 08:00:00,12.090166666666667,11.69,8.475666666666667,28.51851851851852,20.222222222222225,61.3,972.9093333333333,SITE 10,EXT
2026-06-05 09:00:00,10.794,10.278833333333333,7.165666666666667,30.370370370370374,19.722222222222225,53.36666666666667,972.985,SITE 10,EXT
2026-06-05 10:00:00,6.141206896551724,5.909137931034483,4.0729310344827585,32.911877394636015,20.229885057471268,47.758620689655174,972.79,SITE 10,EXT
2026-06-05 11:00:00,5.531833333333333,5.331666666666666,3.6485,35.98148148148149,20.388888888888893,40.56666666666667,972.3436666666668,SITE 10,EXT
2026-06-05 12:00:00,8.054166666666667,7.751499999999999,5.650333333333333,38.14814814814815,19.888888888888893,34.9,971.5526666666666,SITE 10,EXT
2026-06-05 13:00:00,9.654666666666666,9.371,6.779833333333333,39.31481481481481,19.925925925925927,32.7,970.612,SITE 10,EXT
2026-06-05 14:00:00,11.294833333333335,10.8985,7.935833333333333,38.51851851851852,19.222222222222225,32.766666666666666,969.6596666666667,SITE 10,EXT
2026-06-05 15:00:00,11.111896551724138,10.645517241379311,7.681724137931035,38.75478927203065,19.444444444444446,32.6551724137931,969.1782758620689,SITE 10,EXT
2026-06-05 16:00:00,12.707500000000001,12.094166666666666,8.5895,38.2037037037037,19.703703703703702,34.3,969.1006666666667,SITE 10,EXT
2026-06-05 17:00:00,21.172,20.27716666666667,14.357833333333334,37.092592592592595,19.388888888888893,35.8,969.2393333333333,SITE 10,EXT
2026-06-05 18:00:00,40.11866666666666,35.084666666666664,23.69066666666667,35.611111111111114,19.62962962962963,39.36666666666667,969.3776666666668,SITE 10,EXT
2026-06-05 19:00:00,42.218833333333336,36.473499999999994,24.014166666666664,34.42592592592593,20.685185185185183,45.03333333333333,969.6416666666667,SITE 10,EXT
2026-06-05 20:00:00,53.87416666666666,44.75416666666667,29.817166666666665,33.592592592592595,20.944444444444446,48.0,969.9406666666667,SITE 10,EXT
2026-06-05 21:00:00,49.735,42.21948275862069,28.149482758620692,32.8352490421456,20.938697318007666,49.93103448275862,970.338275862069,SITE 10,EXT
2026-06-05 22:00:00,55.80833333333333,46.20516666666666,31.211833333333335,32.42592592592593,20.925925925925927,51.2,970.8199999999999,SITE 10,EXT
2026-06-05 23:00:00,45.69616666666666,39.24816666666666,26.600666666666665,31.296296296296298,21.12962962962963,55.46666666666667,970.8983333333333,SITE 10,EXT
2026-06-06 00:00:00,22.778833333333335,21.9985,15.395166666666666,30.592592592592595,20.75925925925926,56.4,970.6066666666667,SITE 10,EXT
2026-06-06 01:00:00,16.0705,15.5735,11.139666666666667,29.75925925925926,20.685185185185183,58.96666666666667,969.7126666666667,SITE 10,EXT
2026-06-06 02:00:00,14.932758620689656,14.502413793103448,10.456206896551725,29.09961685823755,20.82375478927203,61.724137931034484,969.4444827586207,SITE 10,EXT
2026-06-06 03:00:00,12.892166666666666,12.542666666666666,9.239666666666666,28.666666666666668,20.98148148148148,63.7,969.5873333333333,SITE 10,EXT
2026-06-06 04:00:00,13.557666666666668,13.277833333333332,9.722666666666667,28.296296296296298,21.074074074074073,65.5,969.9043333333334,SITE 10,EXT
2026-06-06 05:00:00,18.913,18.509333333333334,13.355500000000001,27.77777777777778,21.037037037037035,67.13333333333334,970.2636666666666,SITE 10,EXT
2026-06-06 06:00:00,26.11466666666667,24.7835,16.687833333333334,27.77777777777778,21.11111111111111,67.83333333333333,970.8349999999999,SITE 10,EXT
2026-06-06 07:00:00,25.46051724137931,24.50172413793103,16.727586206896554,28.65900383141763,21.32183908045977,65.27586206896552,971.4562068965517,SITE 10,EXT
2026-06-06 08:00:00,19.48966666666667,18.973000000000003,13.250333333333334,30.055555555555557,21.314814814814817,60.13333333333333,971.7909999999999,SITE 10,EXT
2026-06-06 09:00:00,16.826833333333333,16.308666666666667,11.509500000000001,31.814814814814817,21.333333333333332,54.46666666666667,972.1919999999999,SITE 10,EXT
2026-06-06 10:00:00,18.038,17.394333333333336,12.485833333333334,33.51851851851852,21.444444444444446,49.53333333333333,972.3566666666667,SITE 10,EXT
2026-06-06 11:00:00,18.125999999999998,17.592166666666667,12.746833333333333,34.38888888888889,21.537037037037035,47.6,972.1056666666666,SITE 10,EXT
2026-06-06 12:00:00,8.168695652173913,7.443478260869566,4.84804347826087,27.705314009661837,19.275362318840582,60.95652173913044,972.5447826086956,SITE 10,EXT
2026-06-06 13:00:00,6.924666666666667,6.5328333333333335,4.486666666666666,28.35185185185185,19.425925925925927,59.3,971.3063333333333,SITE 10,EXT
2026-06-06 14:00:00,7.557666666666666,7.2095,5.048,29.685185185185183,19.61111111111111,55.166666666666664,969.8666666666667,SITE 10,EXT
2026-06-06 15:00:00,20.401833333333332,18.846999999999998,12.6885,31.296296296296298,19.77777777777778,50.9,969.1859999999999,SITE 10,EXT
2026-06-06 16:00:00,18.601166666666664,17.567666666666664,11.846666666666666,31.462962962962965,19.814814814814817,50.6,969.2909999999999,SITE 10,EXT
2026-06-06 17:00:00,25.145172413793105,23.394655172413795,16.04706896551724,31.111111111111114,19.674329501915707,51.310344827586206,970.1155172413793,SITE 10,EXT
2026-06-06 18:00:00,34.09766666666666,30.901166666666665,20.816666666666666,30.685185185185187,20.5,55.233333333333334,970.6863333333333,SITE 10,EXT
2026-06-06 19:00:00,37.526833333333336,33.436166666666665,22.728,30.185185185185183,20.88888888888889,58.1,970.9723333333334,SITE 10,EXT
2026-06-06 20:00:00,36.291666666666664,32.602833333333336,22.086666666666666,29.62962962962963,20.814814814814817,59.733333333333334,971.8013333333333,SITE 10,EXT
2026-06-06 21:00:00,52.02466666666667,45.070166666666665,28.7365,29.444444444444446,20.925925925925927,60.53333333333333,972.6923333333333,SITE 10,EXT
2026-06-06 22:00:00,57.647666666666666,47.426833333333335,32.08866666666667,29.074074074074076,20.814814814814817,61.86666666666667,972.9843333333333,SITE 10,EXT
2026-06-06 23:00:00,68.58275862068966,59.293103448275865,40.16413793103448,28.754789272030653,21.091954022988503,63.758620689655174,973.166551724138,SITE 10,EXT
2026-06-07 00:00:00,31.8275,28.9375,19.954666666666665,27.98148148148148,20.88888888888889,66.13333333333334,972.5343333333333,SITE 10,EXT
2026-06-07 01:00:00,20.957333333333334,20.307666666666666,14.452833333333333,27.222222222222225,20.814814814814817,69.2,971.8443333333333,SITE 10,EXT
2026-06-07 02:00:00,19.488666666666667,18.8555,13.413833333333335,26.814814814814817,20.703703703703702,69.5,971.5646666666667,SITE 10,EXT
2026-06-07 03:00:00,17.435172413793104,16.718793103448277,12.010517241379311,26.666666666666668,20.555555555555557,69.51724137931035,971.3693103448276,SITE 10,EXT
2026-06-07 04:00:00,13.775666666666666,13.289,9.505166666666668,26.666666666666668,20.555555555555557,70.4,971.7703333333334,SITE 10,EXT
2026-06-07 05:00:00,14.4545,14.008166666666666,9.746666666666666,26.666666666666668,20.555555555555557,70.53333333333333,972.443,SITE 10,EXT
2026-06-07 06:00:00,17.1005,16.534166666666668,11.7685,26.666666666666668,20.0,67.53333333333333,973.087,SITE 10,EXT
2026-06-07 07:00:00,10.3665,9.977833333333333,6.9623333333333335,27.03703703703704,18.90740740740741,61.6,973.9113333333333,SITE 10,EXT
2026-06-07 08:00:00,8.410333333333334,8.115333333333334,5.8185,28.388888888888893,18.98148148148148,57.333333333333336,974.3876666666667,SITE 10,EXT
2026-06-07 09:00:00,9.229166666666666,8.874166666666667,6.358833333333334,29.388888888888893,19.351851851851855,55.13333333333333,974.5463333333333,SITE 10,EXT
2026-06-07 10:00:00,7.71948275862069,7.4558620689655175,5.261724137931035,30.977011494252874,19.118773946360154,49.724137931034484,974.4968965517241,SITE 10,EXT
2026-06-07 11:00:00,10.329333333333333,9.966333333333333,7.0635,31.48148148148148,18.90740740740741,47.766666666666666,974.4676666666667,SITE 10,EXT
2026-06-07 12:00:00,10.644166666666667,10.328,7.466666666666667,32.55555555555556,19.314814814814817,45.6,974.1129999999999,SITE 10,EXT
2026-06-07 13:00:00,9.726166666666668,9.362833333333333,6.843333333333333,33.50000000000001,19.351851851851855,43.63333333333333,973.359,SITE 10,EXT
2026-06-07 14:00:00,10.208499999999999,9.748333333333333,6.799333333333333,34.01851851851852,19.592592592592595,43.03333333333333,972.6479999999999,SITE 10,EXT
2026-06-07 15:00:00,16.50741379310345,15.853620689655171,11.06189655172414,33.793103448275865,19.731800766283527,43.93103448275862,972.1124137931034,SITE 10,EXT
2026-06-07 16:00:00,15.011,14.5665,10.334,33.7962962962963,19.203703703703706,42.6,971.8656666666667,SITE 10,EXT
2026-06-07 17:00:00,20.381333333333334,19.42366666666667,13.6455,33.27777777777778,19.77777777777778,45.333333333333336,971.9993333333333,SITE 10,EXT
2026-06-07 18:00:00,34.95816666666666,31.3835,21.589833333333335,32.648148148148145,19.98148148148148,47.36666666666667,972.441,SITE 10,EXT
2026-06-07 19:00:00,62.20766666666667,51.881,34.77066666666667,32.148148148148145,20.037037037037035,49.1,973.4296666666667,SITE 10,EXT
2026-06-07 20:00:00,66.12616666666666,57.707,38.42133333333334,31.592592592592595,20.092592592592595,51.0,974.296,SITE 10,EXT
2026-06-07 21:00:00,55.38431034482758,48.71327586206896,32.90844827586207,30.88122605363985,20.13409961685824,53.310344827586206,974.9475862068965,SITE 10,EXT
2026-06-07 22:00:00,35.8035,32.83883333333333,21.896833333333333,30.333333333333332,20.48148148148148,56.06666666666667,975.2016666666666,SITE 10,EXT
2026-06-07 23:00:00,15.042,14.635333333333334,10.502,29.64814814814815,20.62962962962963,59.1,975.099,SITE 10,EXT
2026-06-08 00:00:00,10.722000000000001,10.346833333333333,7.3533333333333335,28.98148148148148,20.25925925925926,59.766666666666666,974.5583333333333,SITE 10,EXT
2026-06-08 01:00:00,10.712,10.383833333333333,7.4115,28.88888888888889,20.314814814814817,60.166666666666664,974.2729999999999,SITE 10,EXT
2026-06-08 02:00:00,11.11,10.776379310344828,7.663275862068966,28.60153256704981,20.268199233716476,61.13793103448276,973.921724137931,SITE 10,EXT
2026-06-08 03:00:00,10.342,10.033333333333333,7.1165,28.333333333333336,20.092592592592595,62.0,973.846,SITE 10,EXT
2026-06-08 04:00:00,14.206,13.6325,9.578666666666667,28.333333333333336,20.555555555555557,62.9,974.115,SITE 10,EXT
2026-06-08 05:00:00,19.166666666666668,18.459833333333332,12.979333333333333,28.11111111111111,20.333333333333332,63.6,974.3953333333334,SITE 10,EXT
2026-06-08 06:00:00,28.743,26.558,18.196833333333334,27.77777777777778,20.37037037037037,64.46666666666667,975.0473333333333,SITE 10,EXT
2026-06-08 07:00:00,33.83266666666667,31.08216666666667,21.357166666666668,28.185185185185187,20.425925925925927,64.0,975.7633333333334,SITE 10,EXT
2026-06-08 08:00:00,29.269137931034486,27.571206896551725,18.753793103448277,28.409961685823756,20.555555555555557,63.58620689655172,976.2675862068965,SITE 10,EXT
2026-06-08 09:00:00,23.328500000000002,22.569833333333335,15.837,29.333333333333332,20.722222222222225,60.46666666666667,976.3376666666667,SITE 10,EXT
2026-06-08 10:00:00,19.634666666666664,19.132333333333335,13.601666666666667,30.240740740740744,20.77777777777778,57.53333333333333,976.2686666666667,SITE 10,EXT
2026-06-08 11:00:00,18.867833333333333,18.3005,12.971666666666666,31.518518518518523,21.055555555555554,54.13333333333333,975.8206666666666,SITE 10,EXT
2026-06-08 12:00:00,16.942,16.2935,11.652333333333333,32.24074074074074,20.77777777777778,51.233333333333334,975.327,SITE 10,EXT
2026-06-08 13:00:00,13.830689655172415,13.489999999999998,9.87551724137931,32.911877394636015,20.689655172413794,49.06896551724138,974.6386206896552,SITE 10,EXT
2026-06-08 14:00:00,13.8185,13.398,9.685,34.166666666666664,20.722222222222225,45.666666666666664,973.8843333333333,SITE 10,EXT
2026-06-08 15:00:00,14.199166666666667,13.8425,10.1145,34.88888888888889,20.722222222222225,44.13333333333333,973.037,SITE 10,EXT
2026-06-08 16:00:00,15.755833333333333,15.389333333333333,11.209833333333334,35.55555555555556,20.61111111111111,42.13333333333333,972.4419999999999,SITE 10,EXT
2026-06-08 17:00:00,15.120666666666667,14.738,10.767,34.5,20.314814814814817,43.7,972.2683333333333,SITE 10,EXT
2026-06-08 18:00:00,21.731724137931035,21.013620689655173,14.850344827586206,33.39080459770115,20.42145593869732,46.86206896551724,972.3996551724138,SITE 10,EXT
2026-06-08 19:00:00,49.24516666666667,41.708,28.264499999999998,32.72222222222222,20.64814814814815,49.6,972.6726666666667,SITE 10,EXT
2026-06-08 20:00:00,53.4565,44.63666666666666,30.108166666666666,32.09259259259259,20.592592592592595,51.1,973.2256666666667,SITE 10,EXT
2026-06-08 21:00:00,34.299166666666665,31.451833333333333,21.904999999999998,31.5,20.85185185185185,53.56666666666667,973.397,SITE 10,EXT
2026-06-08 22:00:00,32.30948275862069,30.477931034482758,20.910344827586208,31.111111111111114,20.90038314176245,55.172413793103445,973.6579310344828,SITE 10,EXT
2026-06-08 23:00:00,25.982833333333335,25.387166666666666,18.041333333333334,30.722222222222225,20.740740740740744,55.8,973.4813333333333,SITE 10,EXT
2026-06-09 00:00:00,22.818833333333334,22.227166666666665,16.0215,30.555555555555557,21.037037037037035,56.93333333333333,972.987,SITE 10,EXT
2026-06-09 01:00:00,21.521333333333335,21.08983333333333,15.185666666666666,30.01851851851852,20.592592592592595,57.86666666666667,972.5326666666666,SITE 10,EXT
2026-06-09 02:00:00,30.504666666666665,28.796,19.970333333333333,29.555555555555557,20.88888888888889,60.13333333333333,972.2396666666666,SITE 10,EXT
2026-06-09 03:00:00,39.88016666666667,35.242,23.936833333333333,28.90740740740741,20.88888888888889,62.86666666666667,972.2486666666666,SITE 10,EXT
2026-06-09 04:00:00,39.039655172413795,34.66034482758621,23.517413793103447,28.582375478927204,21.053639846743295,64.41379310344827,972.498275862069,SITE 10,EXT
2026-06-09 05:00:00,34.7465,32.11866666666667,21.984666666666666,28.333333333333336,21.11111111111111,65.0,972.982,SITE 10,EXT
2026-06-09 06:00:00,36.68666666666666,33.2635,22.587666666666667,27.962962962962965,20.740740740740744,65.86666666666666,973.1333333333333,SITE 10,EXT
2026-06-09 07:00:00,29.992833333333333,28.540166666666668,19.0625,28.61111111111111,21.314814814814817,65.26666666666667,973.2076666666667,SITE 10,EXT
2026-06-09 08:00:00,26.1735,25.407,16.768,29.888888888888893,21.666666666666668,61.86666666666667,973.4213333333333,SITE 10,EXT
2026-06-09 09:00:00,22.879,22.286333333333335,14.830666666666668,31.574074074074076,21.796296296296298,56.6,973.5196666666667,SITE 10,EXT
2026-06-09 10:00:00,21.04448275862069,20.499137931034483,13.841551724137931,33.31417624521073,21.743295019157088,51.3448275862069,973.5141379310345,SITE 10,EXT
2026-06-09 11:00:00,21.793833333333335,21.158166666666666,14.436,34.31481481481482,21.685185185185183,48.333333333333336,973.404,SITE 10,EXT
2026-06-09 12:00:00,21.822321428571428,21.261428571428574,14.69517857142857,35.654761904761905,21.428571428571427,44.07142857142857,973.0639285714286,SITE 10,EXT
2026-06-09 13:00:00,13.633863636363635,13.03431818181818,8.942272727272726,26.010101010101014,19.09090909090909,66.22727272727273,973.1509090909091,SITE 10,EXT
2026-06-09 14:00:00,22.509,21.7315,15.0295,27.370370370370374,19.203703703703706,61.63333333333333,972.2836666666666,SITE 10,EXT
2026-06-09 15:00:00,34.845666666666666,30.899333333333335,21.416999999999998,27.962962962962965,19.574074074074076,60.96666666666667,971.764,SITE 10,EXT
2026-06-09 16:00:00,36.515499999999996,32.68633333333334,22.542333333333332,28.333333333333336,19.425925925925927,59.2,971.0063333333333,SITE 10,EXT
2026-06-09 17:00:00,42.104827586206895,36.67568965517241,24.845344827586207,28.52490421455939,19.6360153256705,59.13793103448276,971.0879310344827,SITE 10,EXT
2026-06-09 18:00:00,43.328833333333336,37.31933333333333,25.26066666666667,28.27777777777778,19.740740740740744,60.5,970.944,SITE 10,EXT
2026-06-09 19:00:00,59.024,49.225833333333334,33.411833333333334,27.77777777777778,19.53703703703704,61.733333333333334,971.3430000000001,SITE 10,EXT
2026-06-09 20:00:00,70.59283333333333,62.401500000000006,42.8845,27.62962962962963,19.87037037037037,62.96666666666667,972.0593333333333,SITE 10,EXT
2026-06-09 21:00:00,48.80172413793103,41.75896551724138,27.600344827586206,26.704980842911876,19.501915708812263,65.62068965517241,972.3482758620689,SITE 10,EXT
2026-06-09 22:00:00,36.907333333333334,33.31666666666667,22.205166666666667,27.16666666666667,19.98148148148148,66.06666666666666,972.8430000000001,SITE 10,EXT
2026-06-09 23:00:00,34.899166666666666,31.927166666666665,21.1155,26.666666666666668,19.85185185185185,66.63333333333334,972.506,SITE 10,EXT
2026-06-10 00:00:00,26.055166666666665,25.1625,16.974666666666668,26.666666666666668,20.0,66.9,972.0236666666666,SITE 10,EXT
2026-06-10 01:00:00,28.062666666666665,26.464,17.639333333333333,26.462962962962965,19.796296296296298,67.16666666666667,971.7713333333334,SITE 10,EXT
2026-06-10 02:00:00,24.010172413793104,22.861896551724136,15.471896551724138,26.666666666666668,20.0,67.55172413793103,971.6893103448275,SITE 10,EXT
2026-06-10 03:00:00,31.702833333333334,29.301166666666667,19.586666666666666,26.666666666666668,20.0,67.63333333333334,971.606,SITE 10,EXT
2026-06-10 04:00:00,28.358333333333334,27.2095,18.069333333333336,26.666666666666668,20.0,67.43333333333334,971.7819999999999,SITE 10,EXT
2026-06-10 05:00:00,28.692,26.74116666666667,17.4055,26.666666666666668,20.0,67.43333333333334,971.9086666666666,SITE 10,EXT
2026-06-10 06:00:00,36.86633333333334,33.067,21.371333333333332,26.666666666666668,20.0,68.23333333333333,972.311,SITE 10,EXT
2026-06-10 07:00:00,27.455166666666667,26.16783333333333,17.28783333333333,27.03703703703704,20.185185185185183,66.86666666666666,972.6783333333333,SITE 10,EXT
2026-06-10 08:00:00,20.966206896551725,20.312758620689657,13.634137931034482,27.739463601532567,20.07662835249042,63.44827586206897,973.0172413793103,SITE 10,EXT
2026-06-10 09:00:00,17.026166666666665,16.519,11.2275,28.98148148148148,20.092592592592595,59.266666666666666,973.3423333333334,SITE 10,EXT
2026-06-10 10:00:00,15.5355,15.069666666666667,10.362333333333334,30.666666666666668,20.27777777777778,54.46666666666667,973.3,SITE 10,EXT
2026-06-10 11:00:00,19.632833333333334,18.773833333333336,12.954666666666666,32.2962962962963,20.48148148148148,49.96666666666667,972.925,SITE 10,EXT
2026-06-10 12:00:00,17.396,16.752333333333333,11.638,33.20370370370371,20.48148148148148,47.5,972.6020000000001,SITE 10,EXT
2026-06-10 13:00:00,20.760172413793104,19.570862068965514,13.410862068965518,34.195402298850574,20.478927203065133,45.06896551724138,971.9796551724138,SITE 10,EXT
2026-06-10 14:00:00,20.926,20.116666666666667,13.911166666666666,34.37037037037037,20.53703703703704,44.63333333333333,971.423,SITE 10,EXT
2026-06-10 15:00:00,19.5015,18.95,13.217833333333335,34.75925925925926,20.462962962962965,43.5,970.7923333333333,SITE 10,EXT
2026-06-10 16:00:00,23.6585,22.631333333333334,15.740833333333335,34.55555555555556,20.35185185185185,43.63333333333333,970.3203333333333,SITE 10,EXT
2026-06-10 17:00:00,20.285166666666665,19.764166666666664,13.650333333333332,33.94444444444445,20.40740740740741,45.5,970.2203333333333,SITE 10,EXT
2026-06-10 18:00:00,36.02672413793104,32.34310344827586,21.370172413793103,33.69731800766284,20.727969348659002,47.172413793103445,970.5155172413794,SITE 10,EXT
2026-06-10 19:00:00,56.066,47.25016666666667,30.92683333333333,32.96296296296296,20.87037037037037,49.766666666666666,970.8203333333333,SITE 10,EXT
2026-06-10 20:00:00,83.05033333333334,77.455,50.98983333333333,32.42592592592593,21.333333333333332,52.53333333333333,971.2610000000001,SITE 10,EXT
2026-06-10 21:00:00,72.58316666666666,63.791500000000006,43.14966666666667,31.814814814814817,21.555555555555557,54.96666666666667,972.006,SITE 10,EXT
2026-06-10 22:00:00,84.369,79.02866666666667,52.7775,31.111111111111118,21.722222222222225,57.833333333333336,972.4523333333333,SITE 10,EXT
2026-06-10 23:00:00,67.8048275862069,57.59379310344828,37.98534482758621,30.67049808429119,21.609195402298848,58.89655172413793,972.5589655172414,SITE 10,EXT
2026-06-11 00:00:00,56.689,46.93,30.744666666666667,30.333333333333332,21.14814814814815,58.666666666666664,972.4883333333333,SITE 10,EXT
2026-06-11 01:00:00,50.398,42.31016666666667,27.62066666666667,30.0,21.27777777777778,60.06666666666667,972.3416666666667,SITE 10,EXT
2026-06-11 02:00:00,48.693,41.160999999999994,26.811500000000002,29.5,21.185185185185183,61.63333333333333,972.0053333333333,SITE 10,EXT
2026-06-11 03:00:00,49.54844827586207,43.10551724137931,27.981206896551726,29.38697318007663,21.4367816091954,62.689655172413794,971.6410344827586,SITE 10,EXT
2026-06-11 04:00:00,41.899833333333326,36.73616666666667,24.1035,28.88888888888889,21.11111111111111,63.06666666666667,971.3686666666667,SITE 10,EXT
2026-06-11 05:00:00,49.75516666666667,42.197,27.791333333333334,28.833333333333332,21.09259259259259,64.1,971.2486666666666,SITE 10,EXT
2026-06-11 06:00:00,49.86466666666667,42.292833333333334,27.601166666666664,28.40740740740741,21.0,64.83333333333333,971.9063333333332,SITE 10,EXT
2026-06-11 07:00:00,43.285666666666664,37.516666666666666,24.549333333333333,28.85185185185185,21.333333333333332,64.36666666666666,973.1026666666668,SITE 10,EXT
2026-06-11 08:00:00,33.36379310344827,30.878793103448277,20.169827586206896,30.019157088122604,21.360153256704983,60.3448275862069,973.8179310344829,SITE 10,EXT
2026-06-11 09:00:00,28.66166666666667,27.539499999999997,18.1435,31.75925925925926,21.444444444444446,55.1,974.1013333333334,SITE 10,EXT
2026-06-11 10:00:00,24.952166666666667,24.3205,16.233666666666668,33.53703703703704,21.574074074074076,50.06666666666667,973.5096666666667,SITE 10,EXT
2026-06-11 11:00:00,24.9115,24.165333333333333,16.203833333333332,35.27777777777778,21.40740740740741,44.766666666666666,973.0123333333333,SITE 10,EXT
2026-06-11 12:00:00,24.402413793103445,23.820689655172412,15.991724137931033,36.64750957854406,21.360153256704983,41.48275862068966,972.0248275862069,SITE 10,EXT
2026-06-11 13:00:00,21.729333333333333,20.699,13.6075,37.22222222222222,20.944444444444446,39.06666666666667,971.3263333333333,SITE 10,EXT
2026-06-11 14:00:00,10.741724137931033,10.117068965517241,6.542413793103448,29.406130268199234,20.440613026819925,59.206896551724135,972.1806896551725,SITE 10,EXT
2026-06-11 15:00:00,19.500166666666665,18.904333333333334,13.179333333333334,28.64814814814815,20.64814814814815,62.46666666666667,971.5496666666667,SITE 10,EXT
2026-06-11 16:00:00,17.087833333333332,16.505833333333335,11.4955,28.333333333333336,20.5,62.8,970.822,SITE 10,EXT
2026-06-11 17:00:00,26.87844827586207,25.36586206896552,17.03448275862069,28.831417624521073,20.919540229885055,62.827586206896555,970.6517241379311,SITE 10,EXT
2026-06-11 18:00:00,27.704666666666665,26.2085,18.00883333333333,28.61111111111111,21.037037037037035,64.4,971.0556666666666,SITE 10,EXT
2026-06-11 19:00:00,26.08566666666667,24.54416666666667,17.005,28.333333333333336,20.796296296296298,64.3,971.775,SITE 10,EXT
2026-06-11 20:00:00,38.39633333333334,34.069,23.055999999999997,28.333333333333336,21.055555555555554,64.86666666666666,972.1513333333334,SITE 10,EXT
2026-06-11 21:00:00,28.320333333333334,26.970666666666666,17.846166666666665,28.333333333333336,21.11111111111111,65.56666666666666,972.1146666666666,SITE 10,EXT
2026-06-11 22:00:00,26.762666666666668,25.022499999999997,16.551333333333336,28.11111111111111,20.98148148148148,66.2,972.42,SITE 10,EXT
2026-06-11 23:00:00,17.816896551724138,17.29344827586207,11.627241379310345,27.77777777777778,20.67049808429119,66.44827586206897,972.2627586206896,SITE 10,EXT
2026-06-12 00:00:00,20.2785,19.797166666666666,13.066166666666668,27.77777777777778,20.90740740740741,66.76666666666667,971.9226666666667,SITE 10,EXT
2026-06-12 01:00:00,19.71833333333333,19.222166666666666,12.791,27.77777777777778,21.11111111111111,67.13333333333334,971.935,SITE 10,EXT
2026-06-12 02:00:00,22.077,20.789166666666667,13.401333333333334,27.555555555555557,20.88888888888889,67.56666666666666,971.6236666666666,SITE 10,EXT
2026-06-12 03:00:00,29.373166666666666,26.3575,16.550166666666666,27.222222222222225,20.555555555555557,67.93333333333334,971.5046666666666,SITE 10,EXT
2026-06-12 04:00:00,33.13310344827586,29.864482758620692,18.089137931034482,27.222222222222225,20.555555555555557,67.55172413793103,971.8675862068966,SITE 10,EXT
2026-06-12 05:00:00,44.62916666666667,38.19416666666667,23.927833333333336,27.222222222222225,20.555555555555557,67.9,972.2236666666666,SITE 10,EXT
2026-06-12 06:00:00,32.99433333333333,30.648000000000003,20.276166666666665,26.75925925925926,20.5,69.43333333333334,973.1096666666667,SITE 10,EXT
2026-06-12 07:00:00,27.001666666666665,25.737833333333334,16.942666666666664,26.796296296296298,20.592592592592595,69.8,973.8256666666667,SITE 10,EXT
2026-06-12 08:00:00,29.12241379310345,27.534827586206895,18.87051724137931,27.796934865900386,20.804597701149426,66.27586206896552,974.2255172413793,SITE 10,EXT
2026-06-12 09:00:00,28.53083333333333,27.220166666666668,18.523500000000002,28.666666666666668,20.85185185185185,63.266666666666666,974.6243333333333,SITE 10,EXT
2026-06-12 10:00:00,14.379999999999999,13.908666666666667,9.398666666666665,30.222222222222225,20.51851851851852,56.63333333333333,974.643,SITE 10,EXT
2026-06-12 11:00:00,16.693,16.180166666666665,10.9705,31.074074074074076,20.85185185185185,54.9,974.3626666666667,SITE 10,EXT
2026-06-12 12:00:00,15.3345,14.894,10.0045,32.53703703703704,21.22222222222222,51.56666666666667,973.7856666666667,SITE 10,EXT
2026-06-12 13:00:00,20.12896551724138,19.615344827586206,13.321551724137931,33.65900383141763,21.302681992337167,49.06896551724138,973.3220689655172,SITE 10,EXT
2026-06-12 14:00:00,22.330333333333332,21.800833333333333,14.663833333333335,34.77777777777778,21.333333333333332,46.03333333333333,972.6683333333333,SITE 10,EXT
2026-06-12 15:00:00,21.499166666666667,20.8675,13.913,35.0,20.90740740740741,44.333333333333336,971.9176666666666,SITE 10,EXT
2026-06-12 16:00:00,27.680833333333332,26.0,17.541833333333333,34.77777777777778,21.12962962962963,45.3,971.6486666666666,SITE 10,EXT
2026-06-12 17:00:00,41.44827586206897,36.39068965517241,24.32758620689655,34.04214559386973,21.03448275862069,46.93103448275862,971.7189655172414,SITE 10,EXT
2026-06-12 18:00:00,62.45333333333333,54.8615,36.35166666666667,33.50000000000001,21.09259259259259,48.8,972.1213333333333,SITE 10,EXT
2026-06-12 19:00:00,95.55683333333333,91.78816666666667,61.163000000000004,33.05555555555556,21.35185185185185,50.8,972.7343333333333,SITE 10,EXT
2026-06-12 20:00:00,76.88816666666666,71.46166666666666,47.21783333333334,32.5,21.962962962962965,54.36666666666667,973.4363333333333,SITE 10,EXT
2026-06-12 21:00:00,30.787166666666668,28.970666666666666,18.940833333333334,31.592592592592595,21.814814814814817,56.53333333333333,974.1116666666666,SITE 10,EXT
2026-06-12 22:00:00,24.698103448275862,23.96086206896552,15.528965517241378,31.111111111111114,21.666666666666668,58.13793103448276,974.5589655172414,SITE 10,EXT
2026-06-12 23:00:00,22.459833333333332,21.909,14.152333333333333,30.722222222222225,21.5,58.53333333333333,974.6953333333333,SITE 10,EXT
2026-06-13 00:00:00,23.85983333333333,23.217,15.032333333333334,30.555555555555557,21.425925925925927,58.86666666666667,974.2303333333333,SITE 10,EXT
2026-06-13 01:00:00,22.898333333333333,22.242166666666666,14.223166666666666,30.203703703703702,21.25925925925926,59.13333333333333,973.4493333333334,SITE 10,EXT
2026-06-13 02:00:00,24.18,23.50603448275862,14.962241379310344,30.0,21.57088122605364,61.310344827586206,972.9993103448276,SITE 10,EXT
2026-06-13 03:00:00,27.729166666666668,26.846833333333333,17.216,29.53703703703704,21.425925925925927,62.4,972.6673333333333,SITE 10,EXT
2026-06-13 04:00:00,40.12733333333333,35.65683333333333,23.158333333333335,29.444444444444446,21.666666666666668,63.36666666666667,973.0313333333332,SITE 10,EXT
2026-06-13 05:00:00,61.20933333333333,52.98566666666667,34.64266666666666,28.98148148148148,21.444444444444446,64.46666666666667,973.289,SITE 10,EXT
2026-06-13 06:00:00,64.845,57.08616666666667,34.652,28.925925925925927,21.462962962962965,64.7,974.0326666666666,SITE 10,EXT
2026-06-13 07:00:00,55.933793103448274,47.22844827586207,30.455517241379308,30.0,21.877394636015325,62.58620689655172,974.1689655172414,SITE 10,EXT
2026-06-13 08:00:00,36.707,33.193,21.300166666666666,30.981481481481485,22.092592592592595,59.8,974.5846666666667,SITE 10,EXT
2026-06-13 09:00:00,25.63883333333333,24.8375,16.151333333333334,31.5,21.98148148148148,57.5,974.6276666666666,SITE 10,EXT
2026-06-13 10:00:00,23.548000000000002,23.019333333333336,15.267166666666666,33.7037037037037,22.61111111111111,52.9,974.4383333333334,SITE 10,EXT
2026-06-13 11:00:00,18.888333333333332,18.341333333333335,12.270000000000001,35.74074074074074,22.407407407407405,46.46666666666667,974.568,SITE 10,EXT
2026-06-13 12:00:00,20.647068965517242,20.102413793103448,13.392068965517241,35.40229885057472,22.06896551724138,46.275862068965516,974.3127586206897,SITE 10,EXT
2026-06-13 13:00:00,20.1545,19.630166666666664,13.052166666666666,36.31481481481482,22.75925925925926,45.93333333333333,973.362,SITE 10,EXT
2026-06-13 14:00:00,23.326833333333333,22.291999999999998,15.093333333333334,37.87037037037037,22.314814814814817,41.1,971.8140000000001,SITE 10,EXT
2026-06-13 15:00:00,24.930666666666664,23.693499999999997,15.989333333333333,36.53703703703704,21.703703703703702,42.53333333333333,970.9266666666666,SITE 10,EXT
2026-06-13 16:00:00,36.14948275862069,32.63568965517241,21.853793103448275,32.337164750957854,20.17241379310345,49.206896551724135,971.3186206896552,SITE 10,EXT
2026-06-13 17:00:00,28.695,27.485,18.12,31.111111111111114,20.555555555555557,54.0,971.41,SITE 10,EXT
2026-06-13 18:00:00,23.01529411764706,21.819411764705883,15.18264705882353,26.928104575163403,20.065359477124186,66.94117647058823,972.9576470588235,SITE 10,EXT
2026-06-13 19:00:00,30.750833333333333,28.686666666666667,19.828,27.962962962962965,20.25925925925926,63.7,975.3770000000001,SITE 10,EXT
2026-06-13 20:00:00,17.9785,17.444833333333335,12.0945,27.814814814814817,20.35185185185185,64.26666666666667,976.3363333333333,SITE 10,EXT
2026-06-13 21:00:00,14.864,14.508333333333333,10.4565,27.944444444444446,20.685185185185183,64.7,976.559,SITE 10,EXT
2026-06-13 22:00:00,10.634137931034482,10.332758620689654,7.298275862068966,28.160919540229887,20.689655172413794,64.48275862068965,976.3313793103448,SITE 10,EXT
2026-06-13 23:00:00,23.235166666666668,20.762333333333334,13.183666666666666,27.48148148148148,20.64814814814815,66.9,975.4976666666666,SITE 10,EXT
2026-06-14 00:00:00,11.752,11.365333333333332,7.471333333333334,26.5,20.27777777777778,69.43333333333334,974.2676666666666,SITE 10,EXT
2026-06-14 01:00:00,7.028666666666667,6.797333333333333,4.457666666666666,26.11111111111111,20.0,70.0,972.7876666666667,SITE 10,EXT
2026-06-14 02:00:00,7.521379310344828,7.260689655172414,4.723103448275862,26.11111111111111,20.0,70.03448275862068,972.01,SITE 10,EXT
2026-06-14 03:00:00,10.275,9.609833333333334,6.082166666666667,26.11111111111111,20.0,70.36666666666666,971.8919999999999,SITE 10,EXT
2026-06-14 04:00:00,13.869833333333334,12.657833333333334,7.944833333333333,26.11111111111111,20.11111111111111,70.73333333333333,972.2713333333334,SITE 10,EXT
2026-06-14 05:00:00,14.073833333333333,13.255833333333332,8.840833333333334,26.11111111111111,19.962962962962965,69.36666666666666,972.6806666666668,SITE 10,EXT
2026-06-14 06:00:00,31.040666666666667,28.15083333333333,19.59333333333333,26.48148148148148,19.814814814814817,67.53333333333333,973.3253333333333,SITE 10,EXT
2026-06-14 07:00:00,27.441206896551723,25.95413793103448,17.790344827586207,26.666666666666668,20.0,67.48275862068965,974.1520689655173,SITE 10,EXT
2026-06-14 08:00:00,18.8555,17.853,12.314,26.944444444444446,19.722222222222225,65.16666666666667,974.5716666666667,SITE 10,EXT
2026-06-14 09:00:00,15.098166666666666,14.413166666666667,9.852833333333333,27.833333333333332,19.64814814814815,61.63333333333333,975.3343333333333,SITE 10,EXT
2026-06-14 10:00:00,11.586833333333335,11.238833333333334,7.992333333333334,28.444444444444446,19.75925925925926,59.733333333333334,975.5666666666667,SITE 10,EXT
2026-06-14 11:00:00,12.3895,11.785333333333334,8.166500000000001,29.333333333333332,19.944444444444446,57.3,975.599,SITE 10,EXT
2026-06-14 12:00:00,27.614827586206896,25.186379310344826,16.287586206896552,30.153256704980844,20.114942528735632,55.241379310344826,975.2810344827586,SITE 10,EXT
2026-06-14 13:00:00,16.413833333333333,15.7655,10.635833333333332,31.296296296296298,20.055555555555554,51.9,974.3966666666668,SITE 10,EXT
2026-06-14 14:00:00,10.933666666666666,10.603666666666667,7.210333333333334,32.148148148148145,19.703703703703702,48.36666666666667,973.728,SITE 10,EXT
2026-06-14 15:00:00,9.504,9.2715,6.628833333333334,32.351851851851855,19.833333333333332,47.833333333333336,973.1396666666666,SITE 10,EXT
2026-06-14 16:00:00,16.35948275862069,15.457931034482758,10.526206896551724,32.26053639846743,19.655172413793103,47.689655172413794,972.9068965517241,SITE 10,EXT
2026-06-14 17:00:00,19.149375,18.232499999999998,12.320625,31.38888888888889,19.791666666666668,50.708333333333336,973.0345833333334,SITE 10,EXT
2026-06-14 18:00:00,21.038,20.259,13.880166666666666,31.203703703703706,19.90740740740741,51.766666666666666,973.141,SITE 10,EXT
2026-06-14 19:00:00,45.652,39.257666666666665,26.1275,30.944444444444446,20.5,54.1,973.919,SITE 10,EXT
2026-06-14 20:00:00,39.51133333333333,35.05616666666666,23.827166666666667,30.35185185185185,20.685185185185183,56.666666666666664,974.6626666666667,SITE 10,EXT
2026-06-14 21:00:00,44.063793103448276,37.834482758620695,25.186206896551724,29.846743295019156,20.65134099616858,58.275862068965516,975.1889655172414,SITE 10,EXT
2026-06-14 22:00:00,38.647333333333336,34.15916666666667,22.354,29.25925925925926,20.425925925925927,59.86666666666667,975.55,SITE 10,EXT
2026-06-14 23:00:00,25.18433333333333,24.012,15.659833333333333,28.88888888888889,20.444444444444446,60.7,975.6183333333333,SITE 10,EXT
2026-06-15 00:00:00,12.535833333333333,12.207833333333333,8.451,28.462962962962965,20.12962962962963,61.7,975.175,SITE 10,EXT
2026-06-15 01:00:00,13.8795,13.482166666666666,9.221,28.11111111111111,20.25925925925926,63.1,974.7256666666667,SITE 10,EXT
2026-06-15 02:00:00,15.599833333333333,15.103000000000002,10.1235,27.75925925925926,20.314814814814817,64.6,973.9616666666666,SITE 10,EXT
2026-06-15 03:00:00,12.755833333333333,12.397833333333333,8.309833333333334,27.222222222222225,20.333333333333332,66.56666666666666,973.7716666666668,SITE 10,EXT
2026-06-15 04:00:00,12.507241379310344,12.112758620689654,8.17741379310345,27.126436781609197,20.45977011494253,67.34482758620689,974.0355172413792,SITE 10,EXT
2026-06-15 05:00:00,16.671,16.301833333333335,11.315666666666667,26.666666666666668,20.11111111111111,68.43333333333334,974.1963333333333,SITE 10,EXT
2026-06-15 06:00:00,22.492166666666666,21.824166666666667,15.0255,26.666666666666668,20.555555555555557,69.23333333333333,974.6633333333334,SITE 10,EXT
2026-06-15 07:00:00,20.17866666666667,19.699666666666666,13.6855,27.31481481481482,20.685185185185183,67.63333333333334,975.0383333333334,SITE 10,EXT
2026-06-15 08:00:00,17.49233333333333,16.922833333333333,11.703666666666667,28.240740740740744,20.944444444444446,65.3,975.3793333333334,SITE 10,EXT
2026-06-15 09:00:00,10.095,9.853166666666665,6.8875,30.055555555555557,21.11111111111111,59.333333333333336,975.6329999999999,SITE 10,EXT
2026-06-15 10:00:00,15.9785,15.060166666666667,9.7095,32.870370370370374,21.666666666666668,52.2,975.3446666666666,SITE 10,EXT
2026-06-15 11:00:00,10.535517241379312,10.221034482758622,7.01896551724138,35.61302681992338,21.839080459770116,45.3448275862069,974.4689655172414,SITE 10,EXT
2026-06-15 12:00:00,6.6095,6.453333333333333,4.620166666666666,37.0,21.333333333333332,40.53333333333333,973.561,SITE 10,EXT
2026-06-15 13:00:00,8.624166666666667,8.411,6.085666666666667,37.37037037037037,21.574074074074076,40.53333333333333,972.4733333333334,SITE 10,EXT
2026-06-15 14:00:00,12.349333333333334,12.096333333333332,8.677666666666665,37.666666666666664,21.425925925925927,39.4,971.721,SITE 10,EXT
2026-06-15 15:00:00,9.088166666666666,8.823333333333332,6.38,38.31481481481482,21.240740740740744,37.46666666666667,971.2573333333333,SITE 10,EXT
2026-06-15 16:00:00,11.185862068965516,10.89,7.802758620689655,37.337164750957854,20.727969348659002,38.44827586206897,971.1220689655173,SITE 10,EXT
2026-06-15 17:00:00,18.252666666666666,17.478333333333335,12.297833333333333,36.14814814814815,20.555555555555557,40.46666666666667,970.95,SITE 10,EXT
2026-06-15 18:00:00,18.6,18.136333333333333,12.797833333333333,35.12962962962963,20.740740740740744,43.36666666666667,971.3673333333334,SITE 10,EXT
2026-06-15 19:00:00,32.036500000000004,29.701166666666666,20.346166666666665,34.592592592592595,21.037037037037035,45.63333333333333,972.226,SITE 10,EXT
2026-06-15 20:00:00,32.765517241379314,28.91103448275862,19.28103448275862,32.8352490421456,20.095785440613028,47.275862068965516,972.8834482758621,SITE 10,EXT
2026-06-15 21:00:00,16.21816666666667,14.9055,9.407333333333332,29.90740740740741,18.333333333333336,50.2,973.2533333333333,SITE 10,EXT
2026-06-15 22:00:00,8.049,7.400333333333333,4.365833333333333,29.444444444444446,18.592592592592595,52.733333333333334,973.3443333333333,SITE 10,EXT
2026-06-15 23:00:00,7.9719999999999995,7.257833333333334,4.2589999999999995,29.444444444444446,19.351851851851855,55.43333333333333,973.4996666666667,SITE 10,EXT
2026-06-16 00:00:00,12.576333333333334,11.770999999999999,7.288333333333333,29.314814814814817,19.444444444444446,56.3,973.4166666666666,SITE 10,EXT
2026-06-16 01:00:00,13.09844827586207,12.11948275862069,6.990862068965517,28.869731800766285,19.846743295019156,58.37931034482759,972.8875862068966,SITE 10,EXT
2026-06-16 02:00:00,9.4685,8.622000000000002,5.08,28.333333333333336,19.444444444444446,59.03333333333333,972.5473333333334,SITE 10,EXT
2026-06-16 03:00:00,8.072666666666667,7.4555,4.4415000000000004,28.333333333333336,19.296296296296298,58.53333333333333,972.0913333333334,SITE 10,EXT
2026-06-16 04:00:00,11.984,11.1325,7.302833333333334,28.018518518518523,19.14814814814815,58.86666666666667,971.9903333333333,SITE 10,EXT
2026-06-16 05:00:00,16.6101724137931,15.524655172413794,10.21155172413793,27.77777777777778,19.406130268199234,60.6551724137931,972.2258620689655,SITE 10,EXT
2026-06-16 06:00:00,20.255999999999997,19.3705,13.159166666666666,27.944444444444446,19.85185185185185,62.03333333333333,972.5490000000001,SITE 10,EXT
2026-06-16 07:00:00,28.425,26.921666666666667,18.2525,28.666666666666668,20.333333333333332,61.56666666666667,972.982,SITE 10,EXT
2026-06-16 08:00:00,18.895166666666668,18.345000000000002,12.632166666666667,29.888888888888893,20.75925925925926,58.733333333333334,973.3676666666667,SITE 10,EXT
2026-06-16 09:00:00,18.7595,18.05483333333333,12.795333333333334,32.03703703703704,21.51851851851852,54.3,973.902,SITE 10,EXT
2026-06-16 10:00:00,20.650344827586206,19.17258620689655,13.392413793103447,33.946360153256705,21.666666666666668,49.241379310344826,974.0789655172414,SITE 10,EXT
2026-06-16 11:00:00,14.475666666666665,14.164333333333333,10.072666666666667,35.62962962962963,21.814814814814817,45.3,973.741,SITE 10,EXT
2026-06-16 12:00:00,18.301833333333335,17.664499999999997,12.578666666666667,36.851851851851855,21.666666666666668,41.833333333333336,973.0676666666666,SITE 10,EXT
2026-06-16 13:00:00,18.25583333333333,17.689,12.825666666666667,36.92592592592593,21.314814814814817,40.666666666666664,972.4236666666667,SITE 10,EXT
2026-06-16 14:00:00,22.582,22.026666666666664,15.852833333333333,37.77777777777778,21.185185185185183,38.46666666666667,971.6726666666667,SITE 10,EXT
2026-06-16 15:00:00,22.357758620689655,21.850172413793103,15.652241379310345,37.35632183908046,21.053639846743295,39.06896551724138,970.9537931034482,SITE 10,EXT
2026-06-16 16:00:00,37.3305,33.767,23.143500000000003,36.48148148148148,20.296296296296298,39.266666666666666,970.7243333333333,SITE 10,EXT
2026-06-16 17:00:00,49.54933333333334,42.584500000000006,28.8325,32.592592592592595,21.092592592592595,51.233333333333334,970.2493333333333,SITE 10,EXT
2026-06-16 18:00:00,70.34683333333334,61.681666666666665,42.07983333333333,32.666666666666664,20.574074074074076,49.333333333333336,970.4213333333333,SITE 10,EXT
2026-06-16 19:00:00,69.07810344827585,59.39896551724138,40.55534482758621,32.298850574712645,21.053639846743295,52.03448275862069,971.8210344827587,SITE 10,EXT
2026-06-16 20:00:00,72.18299999999999,64.32916666666667,44.52383333333333,32.22222222222222,21.25925925925926,52.96666666666667,972.3103333333333,SITE 10,EXT
2026-06-16 21:00:00,62.23416666666666,51.2215,34.46683333333333,31.666666666666668,21.462962962962965,55.3,973.0936666666668,SITE 10,EXT
2026-06-16 22:00:00,33.58166666666667,30.72266666666667,20.867833333333333,30.77777777777778,21.333333333333332,57.63333333333333,973.4533333333334,SITE 10,EXT
2026-06-16 23:00:00,23.663333333333334,23.125,16.1125,30.074074074074073,20.925925925925927,58.53333333333333,973.5193333333334,SITE 10,EXT
2026-06-17 00:00:00,19.815,19.36551724137931,13.546551724137931,29.92337164750958,21.03448275862069,59.275862068965516,973.13,SITE 10,EXT
2026-06-17 01:00:00,21.083000000000002,20.5375,14.026333333333334,29.444444444444446,20.666666666666668,60.166666666666664,972.3693333333334,SITE 10,EXT
2026-06-17 02:00:00,23.159499999999998,22.5695,15.406,29.11111111111111,20.77777777777778,61.2,971.9076666666666,SITE 10,EXT
2026-06-17 03:00:00,23.9965,23.4785,16.159166666666668,28.88888888888889,20.962962962962965,62.666666666666664,971.5670000000001,SITE 10,EXT
2026-06-17 04:00:00,29.835689655172413,28.070689655172412,18.69,28.333333333333336,20.555555555555557,63.206896551724135,971.661724137931,SITE 10,EXT
2026-06-17 05:00:00,47.25416666666667,40.21,25.547166666666666,28.333333333333336,20.555555555555557,63.0,972.6773333333333,SITE 10,EXT
2026-06-17 06:00:00,42.27133333333334,36.774,24.470666666666666,28.333333333333336,20.555555555555557,63.6,973.6433333333333,SITE 10,EXT
2026-06-17 07:00:00,46.638333333333335,39.792,26.358,28.53703703703704,20.75925925925926,63.9,974.4256666666666,SITE 10,EXT
2026-06-17 08:00:00,38.64483333333333,34.41966666666667,22.377,28.333333333333336,20.85185185185185,64.4,974.9419999999999,SITE 10,EXT
2026-06-17 09:00:00,33.06224137931034,30.327068965517242,19.94344827586207,29.252873563218394,20.78544061302682,60.827586206896555,974.9665517241378,SITE 10,EXT
2026-06-17 10:00:00,23.619333333333334,22.8165,15.435,30.944444444444446,20.462962962962965,54.333333333333336,974.9699999999999,SITE 10,EXT
2026-06-17 11:00:00,22.761666666666667,22.140833333333333,15.116000000000001,32.7962962962963,20.685185185185183,49.43333333333333,975.3513333333334,SITE 10,EXT
2026-06-17 12:00:00,21.140666666666668,20.56833333333333,14.338833333333334,33.75925925925926,20.88888888888889,47.233333333333334,975.3713333333333,SITE 10,EXT
2026-06-17 13:00:00,19.597166666666666,19.045833333333334,13.266666666666667,34.851851851851855,20.85185185185185,44.36666666666667,974.5566666666667,SITE 10,EXT
2026-06-17 14:00:00,24.125172413793102,22.888620689655173,15.880517241379309,35.76628352490421,20.53639846743295,41.55172413793103,973.4544827586207,SITE 10,EXT
2026-06-17 15:00:00,36.1235,33.34683333333333,22.160500000000003,35.777777777777786,20.703703703703702,41.666666666666664,972.6086666666666,SITE 10,EXT
2026-06-17 16:00:00,34.017833333333336,31.167666666666666,21.095833333333335,35.53703703703704,19.796296296296298,40.13333333333333,972.0593333333333,SITE 10,EXT
2026-06-17 17:00:00,35.1345,32.1535,22.028166666666667,34.92592592592593,20.092592592592595,42.2,971.76,SITE 10,EXT
2026-06-17 18:00:00,42.835166666666666,37.126,24.811,34.37037037037037,20.685185185185183,45.166666666666664,971.1793333333334,SITE 10,EXT
2026-06-17 19:00:00,64.73189655172413,53.320689655172416,34.20534482758621,33.88888888888889,20.99616858237548,47.58620689655172,971.5717241379311,SITE 10,EXT
2026-06-17 20:00:00,68.03916666666666,56.595,37.23916666666666,33.25925925925926,21.25925925925926,49.93333333333333,972.75,SITE 10,EXT
2026-06-17 21:00:00,97.6315,93.271,61.797000000000004,32.77777777777778,21.40740740740741,51.53333333333333,973.6229999999999,SITE 10,EXT
2026-06-17 22:00:00,99.86516666666667,96.51733333333333,63.28033333333334,32.5,21.87037037037037,54.2,974.1973333333333,SITE 10,EXT
2026-06-17 23:00:00,85.77827586206897,79.72706896551725,50.9801724137931,31.800766283524908,21.513409961685824,55.06896551724138,973.8906896551724,SITE 10,EXT
2026-06-18 00:00:00,69.05816666666666,59.4685,37.496,31.185185185185187,21.11111111111111,55.63333333333333,973.5366666666666,SITE 10,EXT
2026-06-18 01:00:00,57.42483333333333,49.491166666666665,32.63316666666667,30.555555555555557,21.09259259259259,57.8,973.3953333333334,SITE 10,EXT
2026-06-18 02:00:00,50.35466666666667,42.301833333333335,27.926166666666667,30.518518518518523,21.537037037037035,58.96666666666667,973.0743333333334,SITE 10,EXT
2026-06-18 03:00:00,44.03033333333334,37.7065,24.786,30.0,21.14814814814815,59.8,972.6806666666666,SITE 10,EXT
2026-06-18 04:00:00,37.313448275862065,33.638103448275864,22.422758620689656,29.46360153256705,21.130268199233715,60.96551724137931,972.7851724137931,SITE 10,EXT
2026-06-18 05:00:00,36.58766666666667,33.21383333333333,22.011666666666667,29.444444444444446,21.11111111111111,61.06666666666667,973.159,SITE 10,EXT
2026-06-18 06:00:00,48.67783333333333,41.397166666666664,27.615833333333335,29.5,21.092592592592595,60.9,973.1560000000001,SITE 10,EXT
2026-06-18 07:00:00,40.34844827586207,35.525862068965516,23.61586206896552,30.268199233716476,20.95785440613027,58.275862068965516,973.5217241379311,SITE 10,EXT
2026-06-18 08:00:00,35.157833333333336,32.245666666666665,21.6955,30.222222222222225,21.092592592592595,58.56666666666667,974.2170000000001,SITE 10,EXT
2026-06-18 09:00:00,29.887833333333333,28.626833333333334,19.53166666666667,31.5,21.314814814814817,55.46666666666667,974.5840000000001,SITE 10,EXT
2026-06-18 10:00:00,22.95706896551724,22.368620689655174,15.624655172413794,33.180076628352495,21.26436781609195,49.93103448275862,974.6175862068966,SITE 10,EXT
2026-06-18 11:00:00,21.872333333333337,21.242166666666666,14.853166666666668,33.7962962962963,20.87037037037037,47.233333333333334,974.284,SITE 10,EXT
2026-06-18 12:00:00,27.309833333333334,25.793333333333333,18.036333333333335,35.2037037037037,20.740740740740744,43.333333333333336,973.6786666666667,SITE 10,EXT
2026-06-18 13:00:00,18.174500000000002,17.42983333333333,12.432500000000001,35.7962962962963,20.53703703703704,41.36666666666667,972.7353333333334,SITE 10,EXT
2026-06-18 14:00:00,17.362666666666666,16.810166666666667,11.837666666666667,36.88888888888889,20.27777777777778,38.266666666666666,971.6453333333334,SITE 10,EXT
2026-06-18 15:00:00,20.275689655172414,19.41155172413793,13.611206896551725,37.03065134099617,20.0,37.241379310344826,970.7665517241379,SITE 10,EXT
2026-06-18 16:00:00,31.471666666666668,29.044333333333334,19.64333333333333,37.22222222222222,19.90740740740741,36.7,970.2816666666666,SITE 10,EXT
2026-06-18 17:00:00,31.696166666666667,29.400166666666667,20.061333333333334,36.12962962962963,20.12962962962963,39.6,970.2536666666667,SITE 10,EXT
2026-06-18 18:00:00,50.50183333333334,43.943333333333335,28.8365,35.05555555555556,20.166666666666668,41.86666666666667,970.3516666666667,SITE 10,EXT
2026-06-18 19:00:00,56.29655172413793,46.459482758620695,30.88655172413793,34.54022988505747,20.53639846743295,44.10344827586207,970.8965517241379,SITE 10,EXT
2026-06-18 20:00:00,51.50366666666666,43.08566666666666,28.618333333333332,33.88888888888889,20.796296296296298,46.53333333333333,971.4406666666667,SITE 10,EXT
2026-06-18 21:00:00,42.99166666666667,36.884,24.125166666666665,32.92592592592593,20.555555555555557,48.6,971.7113333333333,SITE 10,EXT
2026-06-18 22:00:00,36.9105,32.83833333333333,21.504166666666666,32.46296296296296,20.388888888888893,49.766666666666666,971.9069999999999,SITE 10,EXT
2026-06-18 23:00:00,29.395,27.687333333333335,18.396833333333333,31.555555555555557,20.425925925925927,52.13333333333333,971.563,SITE 10,EXT
2026-06-19 00:00:00,26.968275862068968,25.057586206896552,16.742241379310343,30.88122605363985,20.42145593869732,54.10344827586207,971.0706896551724,SITE 10,EXT
2026-06-19 01:00:00,23.485333333333333,22.26833333333333,14.839333333333334,30.222222222222225,20.64814814814815,57.166666666666664,970.568,SITE 10,EXT
2026-06-19 02:00:00,25.24683333333333,24.317833333333333,16.091,29.5,21.074074074074073,61.1,970.144,SITE 10,EXT
2026-06-19 03:00:00,23.104499999999998,22.413,14.880833333333333,28.944444444444446,21.203703703703702,63.7,970.51,SITE 10,EXT
2026-06-19 04:00:00,27.552758620689655,26.639310344827585,17.768965517241377,28.754789272030653,21.62835249042146,65.82758620689656,970.698275862069,SITE 10,EXT
2026-06-19 05:00:00,27.930666666666664,27.07633333333333,17.95583333333333,28.333333333333336,21.574074074074076,67.43333333333334,970.9546666666666,SITE 10,EXT
2026-06-19 06:00:00,31.216333333333335,29.3715,19.244666666666667,28.203703703703706,21.222222222222225,66.63333333333334,971.4150000000001,SITE 10,EXT
2026-06-19 07:00:00,22.307666666666666,21.301,14.051333333333334,28.27777777777778,20.51851851851852,63.36666666666667,971.9286666666667,SITE 10,EXT
2026-06-19 08:00:00,16.573166666666665,15.983166666666667,10.7335,29.222222222222225,20.333333333333332,59.4,972.115,SITE 10,EXT
2026-06-19 09:00:00,15.290862068965517,14.89758620689655,10.362586206896552,30.766283524904217,20.59386973180077,54.89655172413793,972.1893103448275,SITE 10,EXT
2026-06-19 10:00:00,14.486333333333333,13.957666666666666,9.545,32.90740740740741,21.01851851851852,49.93333333333333,972.1243333333333,SITE 10,EXT
2026-06-19 11:00:00,14.864,14.395000000000001,9.543666666666667,34.24074074074074,20.740740740740744,45.733333333333334,971.591,SITE 10,EXT
2026-06-19 12:00:00,14.240333333333334,13.770666666666667,9.624166666666667,35.351851851851855,20.796296296296298,42.93333333333333,971.0843333333333,SITE 10,EXT
2026-06-19 13:00:00,12.7525,12.361666666666668,8.8295,36.370370370370374,20.40740740740741,39.833333333333336,970.2243333333333,SITE 10,EXT
2026-06-19 14:00:00,15.383793103448276,14.810689655172414,10.253793103448276,36.64750957854406,20.28735632183908,38.6551724137931,969.6096551724138,SITE 10,EXT
2026-06-19 15:00:00,15.001666666666667,14.528833333333333,10.074166666666667,36.68518518518519,20.055555555555554,38.233333333333334,969.0956666666666,SITE 10,EXT
2026-06-19 16:00:00,17.2775,16.694166666666668,11.809166666666666,36.55555555555556,20.14814814814815,38.6,968.9416666666667,SITE 10,EXT
2026-06-19 17:00:00,20.918333333333333,20.064166666666665,13.996333333333332,35.38888888888889,20.092592592592595,41.03333333333333,969.0626666666667,SITE 10,EXT
2026-06-19 18:00:00,41.657758620689656,36.32913793103449,24.259999999999998,34.272030651341,20.30651340996169,44.37931034482759,969.3248275862069,SITE 10,EXT
2026-06-19 19:00:00,35.65983333333334,32.26383333333333,21.443499999999997,33.40740740740741,20.166666666666668,46.166666666666664,969.6723333333333,SITE 10,EXT
2026-06-19 20:00:00,39.467,34.755833333333335,22.947833333333335,32.77777777777778,20.40740740740741,48.266666666666666,969.9913333333334,SITE 10,EXT
2026-06-19 21:00:00,33.9525,31.011333333333333,20.618,32.37037037037037,20.444444444444446,49.86666666666667,970.4033333333333,SITE 10,EXT
2026-06-19 22:00:00,39.416666666666664,34.60933333333333,23.1055,32.51851851851852,20.87037037037037,50.8,971.0973333333333,SITE 10,EXT
2026-06-19 23:00:00,24.158793103448275,22.693620689655173,15.72896551724138,31.302681992337167,19.674329501915707,50.827586206896555,970.7334482758621,SITE 10,EXT
2026-06-20 00:00:00,14.8485,13.513833333333334,8.441833333333333,30.462962962962965,19.240740740740744,51.4,969.0433333333333,SITE 10,EXT
2026-06-20 01:00:00,13.363333333333333,12.439,7.6985,29.61111111111111,19.48148148148148,54.833333333333336,968.6753333333332,SITE 10,EXT
2026-06-20 02:00:00,34.48466666666666,29.834166666666665,18.896,29.444444444444446,20.185185185185183,57.833333333333336,968.7793333333334,SITE 10,EXT
2026-06-20 03:00:00,35.968833333333336,32.343333333333334,20.377333333333336,29.203703703703706,20.75925925925926,60.86666666666667,968.5313333333332,SITE 10,EXT
2026-06-20 04:00:00,25.433666666666667,24.453500000000002,15.465166666666667,28.88888888888889,20.64814814814815,62.06666666666667,968.2576666666666,SITE 10,EXT
2026-06-20 05:00:00,21.259,20.672666666666665,13.814333333333334,28.444444444444446,20.814814814814817,63.96666666666667,968.5223333333332,SITE 10,EXT
2026-06-20 06:00:00,22.221206896551724,21.45344827586207,14.437931034482759,27.969348659003835,20.747126436781613,65.20689655172414,969.5968965517242,SITE 10,EXT
2026-06-20 07:00:00,25.479,24.435166666666664,15.9005,28.64814814814815,20.98148148148148,63.7,970.6263333333334,SITE 10,EXT
2026-06-20 08:00:00,28.34466666666667,27.310833333333335,17.821,29.092592592592595,20.75925925925926,61.6,971.261,SITE 10,EXT
2026-06-20 09:00:00,28.212333333333333,27.026666666666664,17.6255,29.62962962962963,20.77777777777778,59.766666666666666,971.7603333333334,SITE 10,EXT
2026-06-20 10:00:00,27.903448275862072,26.373620689655173,17.018620689655172,30.42145593869732,20.747126436781613,56.96551724137931,971.808275862069,SITE 10,EXT
2026-06-20 11:00:00,27.068499999999997,25.733333333333334,16.949333333333335,31.314814814814817,20.87037037037037,54.36666666666667,971.4976666666666,SITE 10,EXT
2026-06-20 12:00:00,21.737833333333334,21.068499999999997,14.191833333333333,32.611111111111114,20.90740740740741,50.36666666666667,970.8843333333333,SITE 10,EXT
2026-06-20 13:00:00,22.0015,21.3475,14.459833333333334,34.01851851851852,20.944444444444446,46.6,970.0803333333333,SITE 10,EXT
2026-06-20 14:00:00,22.25706896551724,21.397758620689654,14.592241379310344,34.90421455938697,20.804597701149426,44.172413793103445,969.7686206896552,SITE 10,EXT
2026-06-20 15:00:00,20.064999999999998,19.310999999999996,13.308166666666667,35.2962962962963,20.75925925925926,43.1,969.3856666666667,SITE 10,EXT
2026-06-20 16:00:00,25.430833333333332,24.199333333333335,16.698666666666664,35.05555555555556,20.574074074074076,42.96666666666667,969.0406666666667,SITE 10,EXT
2026-06-20 17:00:00,40.3165,35.51,23.359166666666667,34.2962962962963,20.444444444444446,44.6,968.7316666666667,SITE 10,EXT
2026-06-20 18:00:00,53.827,45.953833333333336,30.300666666666665,33.42592592592593,20.666666666666668,47.43333333333333,969.269,SITE 10,EXT
2026-06-20 19:00:00,56.107499999999995,46.91766666666667,31.219,32.87037037037037,20.814814814814817,49.6,969.4526666666667,SITE 10,EXT
2026-06-20 20:00:00,62.78758620689655,53.860689655172415,36.87879310344828,32.77777777777778,21.11111111111111,50.310344827586206,970.2903448275862,SITE 10,EXT
2026-06-20 21:00:00,52.919,44.25216666666667,29.191,32.0,20.962962962962965,52.46666666666667,970.7810000000001,SITE 10,EXT
2026-06-20 22:00:00,26.935833333333335,24.6095,16.086166666666667,29.962962962962965,19.962962962962965,55.43333333333333,971.8973333333332,SITE 10,EXT
2026-06-20 23:00:00,14.7165,13.799166666666668,9.061499999999999,27.814814814814817,20.074074074074073,63.333333333333336,972.74,SITE 10,EXT
2026-06-21 00:00:00,7.990862068965518,7.629655172413793,5.157586206896552,27.720306513409962,20.28735632183908,64.3103448275862,973.0051724137932,SITE 10,EXT
2026-06-21 01:00:00,10.921333333333333,10.307833333333333,7.065333333333333,27.77777777777778,20.0,63.166666666666664,972.1033333333332,SITE 10,EXT
2026-06-21 02:00:00,8.682333333333334,8.325333333333333,5.756,27.685185185185183,19.90740740740741,63.06666666666667,971.5283333333333,SITE 10,EXT
2026-06-21 03:00:00,7.488666666666666,7.1693333333333324,4.8145,27.240740740740744,19.814814814814817,64.26666666666667,970.5276666666667,SITE 10,EXT
2026-06-21 04:00:00,11.997333333333334,11.547,7.914000000000001,27.148148148148152,19.88888888888889,64.96666666666667,970.6316666666667,SITE 10,EXT
2026-06-21 05:00:00,11.345,10.961724137931034,7.441379310344828,26.666666666666668,19.808429118773947,66.58620689655173,971.2837931034483,SITE 10,EXT
2026-06-21 06:00:00,28.296333333333333,26.272666666666666,16.705333333333336,27.03703703703704,20.0,66.33333333333333,971.8773333333334,SITE 10,EXT
2026-06-21 07:00:00,43.64233333333333,37.93183333333333,24.481333333333335,27.240740740740744,19.925925925925927,64.66666666666667,972.644,SITE 10,EXT
2026-06-21 08:00:00,31.47533333333333,28.14016666666667,18.222833333333334,27.87037037037037,19.703703703703702,61.9,973.4596666666667,SITE 10,EXT
2026-06-21 09:00:00,16.685689655172414,16.190172413793103,11.078448275862069,28.85057471264368,19.885057471264368,58.89655172413793,974.26,SITE 10,EXT
2026-06-21 10:00:00,10.385666666666667,10.035,6.961,29.53703703703704,19.62962962962963,55.93333333333333,974.2083333333334,SITE 10,EXT
2026-06-21 11:00:00,8.685833333333333,8.365,5.8315,31.462962962962965,20.0,51.13333333333333,973.8263333333333,SITE 10,EXT
2026-06-21 12:00:00,8.7165,8.341166666666668,5.7885,32.90740740740741,19.87037037037037,46.53333333333333,973.4106666666667,SITE 10,EXT
2026-06-21 13:00:00,7.455166666666667,7.173666666666667,5.072333333333333,33.48148148148149,19.62962962962963,44.233333333333334,972.6326666666666,SITE 10,EXT
2026-06-21 14:00:00,9.211379310344828,8.826206896551724,6.186034482758621,33.29501915708813,19.38697318007663,44.275862068965516,971.9555172413793,SITE 10,EXT
2026-06-21 15:00:00,10.863166666666666,10.477166666666667,7.410833333333333,33.66666666666667,19.666666666666668,44.13333333333333,971.2080000000001,SITE 10,EXT
2026-06-21 16:00:00,19.84466666666667,19.021833333333333,13.540166666666666,33.2962962962963,19.685185185185183,45.1,971.0743333333334,SITE 10,EXT
2026-06-21 17:00:00,26.25316666666667,24.656,17.194000000000003,32.592592592592595,19.62962962962963,46.766666666666666,971.3876666666667,SITE 10,EXT
2026-06-21 18:00:00,49.90655172413793,41.944482758620694,28.336724137931036,31.839080459770116,20.019157088122604,50.06896551724138,971.9972413793103,SITE 10,EXT
2026-06-21 19:00:00,55.867,46.415333333333336,30.828333333333333,31.53703703703704,20.388888888888893,51.666666666666664,972.5126666666667,SITE 10,EXT
2026-06-21 20:00:00,58.20166666666667,48.51866666666667,32.338166666666666,31.111111111111118,20.240740740740744,52.86666666666667,973.413,SITE 10,EXT
2026-06-21 21:00:00,50.312333333333335,42.17366666666667,28.158,30.722222222222225,20.37037037037037,54.43333333333333,974.0743333333334,SITE 10,EXT
2026-06-21 22:00:00,36.3435,32.726166666666664,21.877166666666664,30.37037037037037,20.462962962962965,55.666666666666664,974.134,SITE 10,EXT
2026-06-21 23:00:00,18.66103448275862,17.66810344827586,11.893620689655172,29.38697318007663,20.517241379310345,59.58620689655172,974.5975862068966,SITE 10,EXT
2026-06-22 00:00:00,5.808166666666667,5.5794999999999995,3.8728333333333333,27.425925925925927,20.685185185185183,67.13333333333334,974.441,SITE 10,EXT
2026-06-22 01:00:00,5.394666666666667,5.182166666666666,3.6176666666666666,27.333333333333336,20.666666666666668,67.0,974.0143333333333,SITE 10,EXT
2026-06-22 02:00:00,5.040166666666667,4.802666666666667,3.1996666666666664,27.222222222222225,20.592592592592595,67.96666666666667,973.5483333333334,SITE 10,EXT
2026-06-22 03:00:00,5.455333333333333,5.262333333333333,3.4596666666666667,26.870370370370374,20.722222222222225,69.0,973.5906666666667,SITE 10,EXT
2026-06-22 04:00:00,5.407413793103448,5.184310344827586,3.429655172413793,26.666666666666668,20.536398467432953,68.96551724137932,973.6896551724138,SITE 10,EXT
2026-06-22 05:00:00,9.7285,9.454833333333333,6.516,26.666666666666668,20.425925925925927,68.8,974.1110000000001,SITE 10,EXT
2026-06-22 06:00:00,18.147499999999997,17.633166666666668,11.904333333333334,26.62962962962963,20.35185185185185,68.9,974.6253333333333,SITE 10,EXT
2026-06-22 07:00:00,28.506666666666668,26.961666666666666,17.503,26.796296296296298,20.12962962962963,67.8,974.996,SITE 10,EXT
2026-06-22 08:00:00,7.981724137931034,7.74948275862069,5.476206896551724,27.509578544061306,20.344827586206897,65.41379310344827,975.536551724138,SITE 10,EXT
2026-06-22 09:00:00,9.598833333333333,9.371166666666666,6.836666666666667,28.166666666666668,20.222222222222225,62.8,976.065,SITE 10,EXT
2026-06-22 10:00:00,5.291666666666667,5.132666666666666,3.6275,30.240740740740744,20.425925925925927,56.36666666666667,975.6426666666666,SITE 10,EXT
2026-06-22 11:00:00,4.610333333333333,4.495833333333334,3.242,31.40740740740741,20.14814814814815,51.666666666666664,975.1826666666667,SITE 10,EXT
2026-06-22 12:00:00,4.908666666666666,4.746666666666667,3.356333333333333,31.833333333333332,20.388888888888893,51.233333333333334,974.8439999999999,SITE 10,EXT
2026-06-22 13:00:00,4.2956896551724135,4.15655172413793,2.761896551724138,32.911877394636015,20.574712643678165,48.724137931034484,974.425172413793,SITE 10,EXT
2026-06-22 14:00:00,5.29,5.136666666666667,3.3786666666666667,33.833333333333336,20.333333333333332,45.5,973.9223333333334,SITE 10,EXT
2026-06-22 15:00:00,6.789,6.595833333333333,4.543833333333334,34.666666666666664,19.962962962962965,42.43333333333333,973.4433333333333,SITE 10,EXT
2026-06-22 16:00:00,9.168833333333334,8.7515,5.7405,34.2037037037037,19.925925925925927,43.36666666666667,973.1610000000001,SITE 10,EXT
2026-06-22 17:00:00,22.467758620689658,21.25413793103448,13.34551724137931,33.27586206896552,19.885057471264368,45.55172413793103,972.9434482758621,SITE 10,EXT
2026-06-22 18:00:00,17.591166666666666,17.0275,11.421,32.51851851851852,20.074074074074073,48.2,973.1233333333333,SITE 10,EXT
2026-06-22 19:00:00,29.026999999999997,27.323,18.153333333333332,31.88888888888889,20.40740740740741,51.0,973.559,SITE 10,EXT
2026-06-22 20:00:00,31.208666666666666,29.186666666666667,19.258666666666667,30.666666666666668,20.574074074074076,55.43333333333333,974.197,SITE 10,EXT
2026-06-22 21:00:00,23.861551724137932,23.028793103448276,15.013793103448277,29.82758620689655,20.747126436781613,58.89655172413793,974.54,SITE 10,EXT
2026-06-22 22:00:00,18.686,18.108999999999998,11.909166666666666,29.14814814814815,20.833333333333332,61.333333333333336,974.5096666666667,SITE 10,EXT
2026-06-22 23:00:00,21.987166666666667,21.2835,13.671666666666665,28.48148148148148,20.703703703703702,63.6,974.4206666666666,SITE 10,EXT
2026-06-23 00:00:00,18.477500000000003,17.854666666666667,11.135,27.962962962962965,20.722222222222225,64.96666666666667,973.7099999999999,SITE 10,EXT
2026-06-23 01:00:00,17.201206896551724,16.634827586206896,10.349827586206896,27.60536398467433,20.383141762452105,65.0,973.2748275862069,SITE 10,EXT
2026-06-23 02:00:00,15.4355,14.875666666666666,9.544333333333332,27.222222222222225,20.0,65.5,972.9586666666667,SITE 10,EXT
2026-06-23 03:00:00,15.127999999999998,14.569333333333333,9.371166666666666,26.944444444444446,20.037037037037035,66.8,972.8153333333333,SITE 10,EXT
2026-06-23 04:00:00,15.942,15.417166666666667,9.692833333333335,26.666666666666668,20.0,67.96666666666667,972.8446666666666,SITE 10,EXT
2026-06-23 05:00:00,18.935166666666664,18.241666666666667,11.423666666666666,26.38888888888889,19.962962962962965,68.43333333333334,972.894,SITE 10,EXT
2026-06-23 06:00:00,28.995689655172413,27.161379310344827,17.083965517241378,26.226053639846743,20.095785440613028,69.06896551724138,973.3210344827587,SITE 10,EXT
2026-06-23 07:00:00,27.276833333333332,26.257333333333335,16.824166666666667,26.90740740740741,20.14814814814815,67.5,973.7379999999999,SITE 10,EXT
2026-06-23 08:00:00,21.996,21.244333333333334,13.659500000000001,28.5,20.5,62.5,974.2446666666667,SITE 10,EXT
2026-06-23 09:00:00,22.8635,22.052500000000002,14.505,30.5,20.64814814814815,56.06666666666667,974.3146666666667,SITE 10,EXT
2026-06-23 10:00:00,15.558793103448275,15.052758620689657,9.840862068965517,32.662835249042146,20.842911877394638,50.172413793103445,974.0982758620689,SITE 10,EXT
2026-06-23 11:00:00,13.912166666666668,13.566166666666668,9.080333333333334,34.777777777777786,20.574074074074076,44.13333333333333,974.043,SITE 10,EXT
2026-06-23 12:00:00,13.023333333333333,12.663,8.595,36.111111111111114,19.925925925925927,39.2,973.575,SITE 10,EXT
2026-06-23 13:00:00,13.790833333333333,13.4195,9.111333333333333,36.2962962962963,19.53703703703704,37.833333333333336,972.8623333333333,SITE 10,EXT
2026-06-23 14:00:00,14.445666666666666,14.0685,9.632166666666668,36.40740740740741,19.814814814814817,38.233333333333334,971.7616666666667,SITE 10,EXT
2026-06-23 15:00:00,20.33655172413793,19.181724137931035,12.84396551724138,36.14942528735633,19.272030651340998,37.37931034482759,970.816551724138,SITE 10,EXT
2026-06-23 16:00:00,18.923833333333334,18.23166666666667,12.386500000000002,36.22222222222222,19.425925925925927,37.733333333333334,970.1266666666667,SITE 10,EXT
2026-06-23 17:00:00,21.284666666666666,20.596333333333334,13.787333333333333,35.37037037037037,19.555555555555557,39.833333333333336,970.0596666666667,SITE 10,EXT
2026-06-23 18:00:00,31.956166666666665,29.701,19.778000000000002,34.092592592592595,19.814814814814817,43.63333333333333,969.985,SITE 10,EXT
2026-06-23 19:00:00,48.723166666666664,41.08883333333333,27.213,33.092592592592595,19.88888888888889,46.06666666666667,970.4256666666666,SITE 10,EXT
2026-06-23 20:00:00,54.8248275862069,45.43793103448276,29.81896551724138,32.758620689655174,20.057471264367816,47.51724137931034,971.8120689655173,SITE 10,EXT
2026-06-23 21:00:00,44.45633333333333,38.198499999999996,25.139333333333333,31.88888888888889,20.12962962962963,50.43333333333333,972.7983333333334,SITE 10,EXT
2026-06-23 22:00:00,54.2845,46.01716666666667,29.868,31.370370370370374,20.25925925925926,52.36666666666667,973.1740000000001,SITE 10,EXT
2026-06-23 23:00:00,28.22716666666667,26.9965,17.952833333333334,30.61111111111111,20.14814814814815,54.233333333333334,973.1336666666666,SITE 10,EXT
2026-06-24 00:00:00,11.875344827586206,11.31189655172414,7.338103448275862,28.831417624521077,20.210727969348657,60.310344827586206,972.7979310344828,SITE 10,EXT
2026-06-24 01:00:00,37.285333333333334,32.616,18.4735,28.166666666666668,20.64814814814815,64.46666666666667,971.802,SITE 10,EXT
2026-06-24 02:00:00,12.362666666666666,11.935833333333333,7.991666666666666,27.833333333333332,20.12962962962963,63.53333333333333,970.9976666666666,SITE 10,EXT
2026-06-24 03:00:00,12.503333333333334,12.119,7.977333333333333,27.77777777777778,20.074074074074073,63.63333333333333,970.897,SITE 10,EXT
2026-06-24 04:00:00,15.625,15.1165,10.046333333333333,27.77777777777778,20.055555555555554,63.93333333333333,971.0223333333332,SITE 10,EXT
2026-06-24 05:00:00,15.888103448275862,15.314655172413794,10.222068965517241,27.77777777777778,20.555555555555557,65.20689655172414,971.7055172413793,SITE 10,EXT
2026-06-24 06:00:00,34.04816666666667,30.262666666666668,19.225,27.77777777777778,20.90740740740741,66.7,972.376,SITE 10,EXT
2026-06-24 07:00:00,24.679666666666666,23.9335,15.854999999999999,27.592592592592595,20.925925925925927,67.0,973.0153333333333,SITE 10,EXT
2026-06-24 08:00:00,25.199833333333334,24.423833333333334,15.780166666666666,27.98148148148148,20.75925925925926,65.53333333333333,973.7833333333333,SITE 10,EXT
2026-06-24 09:00:00,19.897666666666666,19.460166666666666,13.028666666666668,29.074074074074076,20.796296296296298,61.56666666666667,974.1863333333333,SITE 10,EXT
2026-06-24 10:00:00,20.104482758620687,19.381551724137932,13.209310344827585,30.842911877394638,21.015325670498086,56.3448275862069,974.4075862068966,SITE 10,EXT
2026-06-24 11:00:00,16.567941176470587,16.168235294117647,11.20970588235294,32.02614379084967,21.07843137254902,52.76470588235294,974.0535294117647,SITE 10,EXT
2026-06-24 12:00:00,13.598833333333335,13.278666666666668,9.385333333333334,33.87037037037037,20.703703703703702,46.5,973.522,SITE 10,EXT
2026-06-24 13:00:00,10.798166666666667,10.558833333333332,7.5058333333333325,34.94444444444444,20.314814814814817,42.733333333333334,972.7223333333333,SITE 10,EXT
2026-06-24 14:00:00,12.6885,12.391666666666667,8.638666666666667,35.2962962962963,19.87037037037037,40.833333333333336,971.9833333333333,SITE 10,EXT
2026-06-24 15:00:00,12.759482758620688,12.447758620689656,8.718793103448276,35.24904214559387,19.252873563218394,39.275862068965516,971.4555172413793,SITE 10,EXT
2026-06-24 16:00:00,25.195333333333334,23.926,16.8105,35.351851851851855,19.5,39.63333333333333,971.3046666666667,SITE 10,EXT
2026-06-24 17:00:00,24.202333333333332,23.348666666666666,16.278666666666666,34.68518518518518,19.240740740740744,40.833333333333336,971.2213333333333,SITE 10,EXT
2026-06-24 18:00:00,48.127833333333335,43.1505,29.91783333333333,34.2037037037037,19.203703703703706,41.46666666666667,971.819,SITE 10,EXT
2026-06-24 19:00:00,37.067166666666665,33.35933333333333,22.323,33.092592592592595,19.75925925925926,45.766666666666666,972.8583333333333,SITE 10,EXT
2026-06-24 20:00:00,36.564482758620684,33.01620689655172,22.043275862068967,32.58620689655172,20.28735632183908,48.48275862068966,973.9962068965517,SITE 10,EXT
2026-06-24 21:00:00,32.73983333333334,30.578666666666667,20.430833333333332,32.22222222222222,20.314814814814817,50.03333333333333,974.5213333333334,SITE 10,EXT
2026-06-24 22:00:00,26.19366666666667,25.437,17.221833333333333,31.703703703703702,20.592592592592595,52.0,974.7783333333333,SITE 10,EXT
2026-06-24 23:00:00,36.17783333333333,32.93233333333333,21.714499999999997,31.074074074074076,20.77777777777778,54.63333333333333,974.4933333333333,SITE 10,EXT
2026-06-25 00:00:00,40.3315,35.41916666666667,23.2205,30.555555555555557,20.87037037037037,56.63333333333333,974.2103333333333,SITE 10,EXT
2026-06-25 01:00:00,57.4301724137931,49.470862068965516,30.21896551724138,30.114942528735632,20.67049808429119,57.37931034482759,973.8155172413793,SITE 10,EXT
2026-06-25 02:00:00,34.448166666666665,30.886333333333333,20.65716666666667,29.64814814814815,20.425925925925927,58.333333333333336,973.3586666666667,SITE 10,EXT
2026-06-25 03:00:00,30.938,28.2935,18.80483333333333,29.444444444444446,20.48148148148148,58.63333333333333,973.2379999999999,SITE 10,EXT
2026-06-25 04:00:00,27.552000000000003,26.255999999999997,17.759999999999998,29.037037037037035,20.14814814814815,59.166666666666664,973.4590000000001,SITE 10,EXT
2026-06-25 05:00:00,40.69379310344828,35.582931034482755,23.371379310344828,28.88888888888889,20.114942528735632,60.03448275862069,974.0468965517241,SITE 10,EXT
2026-06-25 06:00:00,80.4125,74.056,47.93816666666667,28.833333333333332,20.462962962962965,61.3,974.5419999999999,SITE 10,EXT
2026-06-25 07:00:00,48.524166666666666,41.09083333333333,26.7875,29.01851851851852,20.12962962962963,59.36666666666667,974.8513333333334,SITE 10,EXT
2026-06-25 08:00:00,29.63883333333333,28.217666666666666,18.877666666666666,29.62962962962963,20.37037037037037,58.1,975.5206666666667,SITE 10,EXT
2026-06-25 09:00:00,26.923166666666667,25.70716666666667,17.538666666666664,31.0,20.75925925925926,54.733333333333334,975.778,SITE 10,EXT
2026-06-25 10:00:00,23.972586206896555,23.35948275862069,15.793275862068965,32.8544061302682,20.517241379310345,48.48275862068966,975.618275862069,SITE 10,EXT
2026-06-25 11:00:00,23.245833333333334,22.52716666666667,15.442833333333333,34.7037037037037,20.203703703703702,43.0,975.2566666666667,SITE 10,EXT
2026-06-25 12:00:00,19.17983333333333,18.67983333333333,12.9305,35.98148148148149,19.87037037037037,39.166666666666664,974.6843333333333,SITE 10,EXT
2026-06-25 13:00:00,19.11916666666667,18.670333333333335,12.881166666666667,36.24074074074075,19.62962962962963,38.03333333333333,973.7909999999999,SITE 10,EXT
2026-06-25 14:00:00,19.41783333333333,18.802000000000003,12.787333333333333,36.24074074074075,19.351851851851855,37.2,973.2656666666667,SITE 10,EXT
2026-06-25 15:00:00,18.923333333333336,18.454333333333334,12.663833333333333,37.07407407407407,19.48148148148148,36.1,972.412,SITE 10,EXT
2026-06-25 16:00:00,23.718666666666664,22.96066666666667,15.417833333333332,36.611111111111114,19.092592592592595,35.9,972.1893333333334,SITE 10,EXT
2026-06-25 17:00:00,41.586,37.051833333333335,25.0125,35.88888888888889,19.12962962962963,37.766666666666666,972.4246666666666,SITE 10,EXT
2026-06-25 18:00:00,50.474000000000004,42.5495,28.515166666666666,35.27777777777778,19.27777777777778,39.43333333333333,973.0913333333334,SITE 10,EXT
2026-06-25 19:00:00,36.90620689655172,33.25120689655172,22.011206896551727,33.065134099616856,20.17241379310345,47.275862068965516,973.7672413793103,SITE 10,EXT
2026-06-25 20:00:00,40.530499999999996,35.549,23.11916666666667,31.962962962962965,20.055555555555554,49.93333333333333,974.1533333333333,SITE 10,EXT
2026-06-25 21:00:00,39.16316666666667,34.42816666666667,22.138666666666666,31.518518518518523,20.240740740740744,51.53333333333333,974.885,SITE 10,EXT
2026-06-25 22:00:00,32.50683333333333,30.226499999999998,20.029666666666667,31.351851851851855,19.962962962962965,51.333333333333336,975.1183333333333,SITE 10,EXT
2026-06-25 23:00:00,49.52133333333334,41.442,26.166833333333333,31.074074074074076,20.222222222222225,52.7,974.6053333333333,SITE 10,EXT
2026-06-26 00:00:00,66.12551724137931,56.03310344827587,34.445344827586204,30.517241379310345,20.574712643678165,55.96551724137931,974.2113793103449,SITE 10,EXT
2026-06-26 01:00:00,45.878,38.867666666666665,24.978666666666665,30.0,20.740740740740744,58.333333333333336,974.1956666666666,SITE 10,EXT
2026-06-26 02:00:00,48.622166666666665,40.713166666666666,25.681833333333334,30.0,21.01851851851852,58.833333333333336,974.213,SITE 10,EXT
2026-06-26 03:00:00,36.34916666666666,32.884,21.50433333333333,29.85185185185185,20.53703703703704,58.166666666666664,974.3563333333333,SITE 10,EXT
2026-06-26 04:00:00,43.18966666666667,37.366499999999995,23.953333333333333,29.444444444444446,20.5,58.766666666666666,974.236,SITE 10,EXT
2026-06-26 05:00:00,40.17982758620689,35.18775862068966,22.382758620689657,28.984674329501914,20.536398467432953,60.758620689655174,974.221724137931,SITE 10,EXT
2026-06-26 06:00:00,43.24283333333334,37.23233333333334,23.7595,28.88888888888889,20.555555555555557,61.8,974.697,SITE 10,EXT
2026-06-26 07:00:00,41.345333333333336,36.0225,23.005166666666664,28.925925925925927,20.833333333333332,62.166666666666664,975.2303333333333,SITE 10,EXT
2026-06-26 08:00:00,40.341499999999996,35.45333333333333,22.574333333333335,29.833333333333332,21.22222222222222,60.63333333333333,975.4753333333333,SITE 10,EXT
2026-06-26 09:00:00,38.47683333333334,34.2945,21.993499999999997,31.685185185185183,21.51851851851852,55.36666666666667,975.519,SITE 10,EXT
2026-06-26 10:00:00,33.168103448275865,31.05206896551724,19.989655172413794,33.52490421455939,21.666666666666668,50.206896551724135,975.2996551724137,SITE 10,EXT
2026-06-26 11:00:00,31.5425,29.812666666666665,19.408166666666666,34.31481481481481,21.22222222222222,46.93333333333333,974.9743333333333,SITE 10,EXT
2026-06-26 12:00:00,28.85983333333333,27.861,18.274333333333335,35.55555555555556,21.240740740740744,43.666666666666664,974.499,SITE 10,EXT
2026-06-26 13:00:00,30.100166666666667,28.772499999999997,18.733,36.40740740740741,21.24074074074074,41.53333333333333,973.3846666666667,SITE 10,EXT
2026-06-26 14:00:00,30.00883333333333,28.75583333333333,18.561,36.12962962962963,21.333333333333332,42.6,972.617,SITE 10,EXT
2026-06-26 15:00:00,28.963,27.5705,17.819666666666667,36.70370370370371,20.88888888888889,39.93333333333333,971.7863333333333,SITE 10,EXT
2026-06-26 16:00:00,29.979666666666667,28.321833333333334,18.383333333333333,36.25925925925926,20.537037037037035,40.266666666666666,971.3373333333333,SITE 10,EXT
2026-06-26 17:00:00,30.941333333333333,29.060666666666666,18.8865,35.777777777777786,20.314814814814817,40.9,971.3586666666666,SITE 10,EXT
2026-06-26 18:00:00,41.54258620689655,35.89931034482758,23.290862068965517,34.88505747126437,19.674329501915707,41.275862068965516,972.0558620689654,SITE 10,EXT
2026-06-26 19:00:00,30.02283333333333,27.131166666666665,17.819833333333335,30.62962962962963,19.203703703703706,51.2,974.8016666666666,SITE 10,EXT
2026-06-26 20:00:00,17.720833333333335,16.889,11.2425,29.75925925925926,20.388888888888893,57.766666666666666,973.0973333333333,SITE 10,EXT
2026-06-26 21:00:00,41.57816666666667,37.304,24.439833333333333,29.055555555555557,20.092592592592595,58.86666666666667,972.8373333333333,SITE 10,EXT
2026-06-26 22:00:00,37.14672413793104,33.88310344827586,22.021551724137932,27.93103448275862,19.655172413793103,61.724137931034484,973.1203448275862,SITE 10,EXT
2026-06-26 23:00:00,44.51266666666667,39.37866666666667,25.422666666666665,28.03703703703704,20.166666666666668,63.03333333333333,973.8286666666667,SITE 10,EXT
2026-06-27 00:00:00,104.73083333333334,99.04533333333333,60.9985,28.388888888888893,20.185185185185183,61.63333333333333,974.1196666666667,SITE 10,EXT
2026-06-27 01:00:00,90.13116666666666,84.23133333333334,50.774166666666666,28.62962962962963,20.074074074074073,60.5,973.439,SITE 10,EXT
2026-06-27 02:00:00,49.69716666666667,45.361,27.649333333333335,27.944444444444446,20.055555555555554,62.766666666666666,973.3796666666666,SITE 10,EXT
2026-06-27 03:00:00,43.20189655172414,39.01862068965517,23.689137931034484,27.796934865900383,19.69348659003831,61.758620689655174,972.6231034482759,SITE 10,EXT
2026-06-27 04:00:00,40.92549999999999,36.48916666666666,22.104666666666667,27.75925925925926,18.87037037037037,59.06666666666667,972.0356666666667,SITE 10,EXT
2026-06-27 05:00:00,36.184999999999995,32.3515,19.646666666666665,27.518518518518523,19.12962962962963,60.7,972.5783333333333,SITE 10,EXT
2026-06-27 06:00:00,28.389,26.214333333333332,16.294166666666666,27.592592592592595,19.87037037037037,63.5,973.1533333333333,SITE 10,EXT
2026-06-27 07:00:00,28.0051724137931,26.36258620689655,16.445344827586208,28.007662835249043,20.3639846743295,64.03448275862068,973.6268965517241,SITE 10,EXT
2026-06-27 08:00:00,24.749000000000002,23.8755,14.797666666666666,28.555555555555557,20.574074074074076,62.5,974.1596666666667,SITE 10,EXT
2026-06-27 09:00:00,23.7465,22.977166666666665,14.448,29.61111111111111,20.814814814814817,59.666666666666664,974.4066666666666,SITE 10,EXT
2026-06-27 10:00:00,23.162666666666667,22.40666666666667,14.074166666666667,30.925925925925927,20.88888888888889,55.833333333333336,974.4003333333333,SITE 10,EXT
2026-06-27 11:00:00,25.953500000000002,24.708166666666667,15.736333333333334,31.77777777777778,21.12962962962963,53.766666666666666,974.2676666666666,SITE 10,EXT
2026-06-27 12:00:00,22.359333333333332,21.497333333333334,13.8165,33.0,21.01851851851852,49.93333333333333,973.5853333333333,SITE 10,EXT
2026-06-27 13:00:00,39.336666666666666,36.09616666666667,21.472166666666666,34.96296296296296,21.203703703703702,45.166666666666664,972.6273333333334,SITE 10,EXT
2026-06-27 14:00:00,21.34783333333333,20.434833333333334,13.378666666666668,35.166666666666664,20.27777777777778,42.1,971.8106666666666,SITE 10,EXT
2026-06-27 15:00:00,22.391551724137933,21.531896551724138,13.840862068965517,34.44444444444444,20.440613026819925,44.3448275862069,971.4355172413793,SITE 10,EXT
2026-06-27 16:00:00,23.901166666666665,22.735833333333336,14.573166666666667,34.648148148148145,20.944444444444446,45.0,971.3836666666666,SITE 10,EXT
2026-06-27 17:00:00,28.828666666666667,26.863833333333332,17.145,34.48148148148148,20.90740740740741,45.666666666666664,971.6276666666666,SITE 10,EXT
2026-06-27 18:00:00,31.783833333333334,29.518166666666666,19.118666666666666,33.64814814814815,21.38888888888889,49.2,972.0436666666667,SITE 10,EXT
2026-06-27 19:00:00,46.71133333333333,39.577,25.933833333333332,33.166666666666664,21.48148148148148,51.06666666666667,972.7466666666667,SITE 10,EXT
2026-06-27 20:00:00,53.6955,44.73133333333333,27.504666666666665,32.53703703703704,21.14814814814815,51.7,973.2943333333334,SITE 10,EXT
2026-06-27 21:00:00,48.34551724137931,40.32327586206897,25.291724137931034,31.896551724137932,21.130268199233715,53.13793103448276,974.1072413793104,SITE 10,EXT
2026-06-27 22:00:00,34.888333333333335,31.556666666666665,20.098333333333336,31.462962962962965,20.90740740740741,53.8,974.474,SITE 10,EXT
2026-06-27 23:00:00,53.36483333333333,46.57416666666666,30.65266666666667,31.074074074074076,20.740740740740744,54.6,974.5056666666666,SITE 10,EXT
2026-06-28 00:00:00,67.95633333333333,60.0475,38.69566666666666,30.555555555555557,20.703703703703702,56.4,974.0273333333333,SITE 10,EXT
2026-06-28 01:00:00,70.45783333333334,63.22616666666667,40.06683333333333,30.333333333333332,20.87037037037037,57.333333333333336,973.311,SITE 10,EXT
2026-06-28 02:00:00,69.52206896551725,62.27310344827586,38.464827586206894,29.980842911877396,20.881226053639846,58.758620689655174,972.635172413793,SITE 10,EXT
2026-06-28 03:00:00,58.537,50.674499999999995,31.234333333333332,29.370370370370374,20.796296296296298,60.6,972.6443333333334,SITE 10,EXT
2026-06-28 04:00:00,56.6795,49.02766666666666,30.163666666666664,28.685185185185183,20.944444444444446,63.4,972.9136666666667,SITE 10,EXT
2026-06-28 05:00:00,39.39216666666667,34.832166666666666,21.368666666666666,27.962962962962965,20.555555555555554,64.53333333333333,973.0186666666667,SITE 10,EXT
2026-06-28 06:00:00,30.391666666666666,28.3075,17.81,27.388888888888893,20.166666666666668,65.63333333333334,973.5053333333333,SITE 10,EXT
2026-06-28 07:00:00,30.604655172413793,28.520000000000003,17.697586206896553,28.06513409961686,20.517241379310345,64.20689655172414,974.0734482758621,SITE 10,EXT
2026-06-28 08:00:00,23.946666666666665,23.031166666666667,14.308,28.48148148148148,20.555555555555557,62.53333333333333,974.3383333333334,SITE 10,EXT
2026-06-28 09:00:00,24.594333333333335,23.51516666666667,14.725999999999999,29.833333333333332,20.722222222222225,58.666666666666664,974.2283333333332,SITE 10,EXT
2026-06-28 10:00:00,23.165166666666668,22.166666666666668,13.8855,31.87037037037037,21.11111111111111,53.4,974.0526666666667,SITE 10,EXT
2026-06-28 11:00:00,22.86706896551724,21.988793103448273,14.144137931034482,33.67816091954023,21.28352490421456,48.793103448275865,973.6951724137931,SITE 10,EXT
2026-06-28 12:00:00,23.66283333333333,22.468833333333333,14.480333333333334,35.148148148148145,21.092592592592595,44.36666666666667,973.1876666666667,SITE 10,EXT
2026-06-28 13:00:00,22.210666666666665,21.252000000000002,13.794666666666666,36.092592592592595,21.055555555555554,41.86666666666667,972.8123333333333,SITE 10,EXT
2026-06-28 14:00:00,18.859166666666667,18.011166666666668,11.673,36.57407407407408,21.055555555555554,40.96666666666667,971.7796666666667,SITE 10,EXT
2026-06-28 15:00:00,22.4,20.858666666666668,13.407166666666665,36.833333333333336,20.62962962962963,39.233333333333334,970.3076666666667,SITE 10,EXT
2026-06-28 16:00:00,36.38766666666666,33.046166666666664,21.332833333333333,35.666666666666664,20.37037037037037,41.13333333333333,969.6453333333334,SITE 10,EXT
2026-06-28 17:00:00,31.948620689655172,29.341896551724137,18.87258620689655,35.21072796934866,20.517241379310345,42.58620689655172,969.076551724138,SITE 10,EXT
2026-06-28 18:00:00,32.21566666666667,29.622333333333334,19.276833333333332,34.22222222222222,20.833333333333332,45.766666666666666,969.5146666666666,SITE 10,EXT
2026-06-28 19:00:00,50.28483333333334,42.167,27.625999999999998,33.50000000000001,20.944444444444446,48.03333333333333,970.4333333333333,SITE 10,EXT
2026-06-28 20:00:00,46.552,39.482,25.546333333333333,32.90740740740741,20.75925925925926,49.13333333333333,971.519,SITE 10,EXT
2026-06-28 21:00:00,38.693666666666665,34.151500000000006,22.18583333333333,32.166666666666664,20.555555555555557,50.86666666666667,972.3143333333334,SITE 10,EXT
2026-06-28 22:00:00,32.668166666666664,30.15233333333333,19.40266666666667,31.61111111111111,20.685185185185183,52.666666666666664,972.7843333333333,SITE 10,EXT
2026-06-28 23:00:00,38.5545,33.935833333333335,21.5845,31.370370370370374,20.90740740740741,54.266666666666666,973.008,SITE 10,EXT
2026-06-29 00:00:00,25.401206896551724,24.29,15.501379310344829,30.632183908045977,20.95785440613027,56.793103448275865,972.588275862069,SITE 10,EXT
2026-06-29 01:00:00,13.363166666666666,12.3115,7.354333333333333,27.62962962962963,19.222222222222225,61.03333333333333,973.9639999999999,SITE 10,EXT
2026-06-29 02:00:00,8.5365,8.073,5.4825,26.48148148148148,19.40740740740741,65.86666666666666,972.349,SITE 10,EXT
2026-06-29 03:00:00,8.488166666666666,7.931166666666667,5.305833333333333,26.24074074074074,19.01851851851852,65.06666666666666,971.8636666666666,SITE 10,EXT
2026-06-29 04:00:00,3.557166666666667,3.241333333333333,1.8996666666666668,24.722222222222225,18.240740740740744,67.86666666666666,971.891,SITE 10,EXT
2026-06-29 05:00:00,6.302758620689655,5.818620689655173,3.701724137931034,23.946360153256705,17.835249042145595,69.17241379310344,971.6289655172413,SITE 10,EXT
2026-06-29 06:00:00,12.375833333333333,11.897333333333334,8.416,25.092592592592595,18.592592592592595,67.73333333333333,972.158,SITE 10,EXT
2026-06-29 07:00:00,14.436166666666669,13.851666666666667,9.556833333333334,26.333333333333332,18.90740740740741,64.26666666666667,972.5803333333333,SITE 10,EXT
2026-06-29 08:00:00,7.788666666666667,7.463666666666667,5.121333333333333,27.814814814814817,19.11111111111111,59.63333333333333,972.9166666666666,SITE 10,EXT
2026-06-29 09:00:00,6.531896551724137,6.264310344827586,4.363793103448276,29.482758620689655,19.310344827586206,54.86206896551724,973.291724137931,SITE 10,EXT
2026-06-29 10:00:00,7.171,6.7505,4.617333333333334,30.851851851851855,19.166666666666668,50.166666666666664,972.9300000000001,SITE 10,EXT
2026-06-29 11:00:00,7.329666666666666,7.029166666666667,4.9835,32.44444444444444,19.722222222222225,47.43333333333333,972.369,SITE 10,EXT
2026-06-29 12:00:00,7.2925,7.096333333333334,5.1575,32.90740740740741,20.166666666666668,47.5,972.2906666666667,SITE 10,EXT
2026-06-29 13:00:00,8.9125,8.437666666666667,5.960666666666667,33.092592592592595,19.925925925925927,46.266666666666666,971.706,SITE 10,EXT
2026-06-29 14:00:00,21.006206896551724,19.99206896551724,13.131724137931034,33.9272030651341,19.980842911877396,44.310344827586206,971.0713793103448,SITE 10,EXT
2026-06-29 15:00:00,16.0245,15.133166666666666,10.577166666666667,33.64814814814815,20.055555555555554,45.53333333333333,970.6556666666667,SITE 10,EXT
2026-06-29 16:00:00,11.681333333333333,11.273666666666667,8.054166666666667,32.72222222222222,20.055555555555554,47.6,970.4246666666667,SITE 10,EXT
2026-06-29 17:00:00,22.2935,21.054,14.29,31.814814814814817,19.87037037037037,49.43333333333333,970.5056666666667,SITE 10,EXT
2026-06-29 18:00:00,18.3195,17.743666666666666,12.548333333333334,30.796296296296298,19.518518518518523,51.7,970.8873333333333,SITE 10,EXT
2026-06-29 19:00:00,25.669310344827586,24.192586206896554,16.657758620689656,30.153256704980844,19.770114942528735,54.172413793103445,971.765172413793,SITE 10,EXT
2026-06-29 20:00:00,26.372166666666665,25.04416666666667,17.403666666666666,30.074074074074073,20.037037037037035,55.0,972.186,SITE 10,EXT
2026-06-29 21:00:00,21.107333333333333,20.40216666666667,14.652999999999999,29.796296296296298,20.092592592592595,56.43333333333333,972.7006666666667,SITE 10,EXT
2026-06-29 22:00:00,42.47616666666667,37.715,26.61,29.370370370370374,20.35185185185185,58.6,973.2413333333334,SITE 10,EXT
2026-06-29 23:00:00,38.77568965517242,34.268793103448274,24.009310344827586,29.444444444444446,20.03831417624521,57.93103448275862,973.5868965517242,SITE 10,EXT
2026-06-30 00:00:00,48.001,40.807833333333335,27.7205,28.888888888888893,20.240740740740744,60.03333333333333,972.8646666666666,SITE 10,EXT
2026-06-30 01:00:00,25.631000000000004,23.540000000000003,16.549833333333332,28.296296296296298,20.203703703703702,61.766666666666666,972.5546666666667,SITE 10,EXT
2026-06-30 02:00:00,23.502000000000002,22.083333333333332,15.751166666666668,28.092592592592595,20.314814814814817,63.1,972.005,SITE 10,EXT
2026-06-30 03:00:00,13.031833333333333,12.756666666666666,9.420166666666667,27.31481481481482,20.037037037037035,65.4,972.0666666666667,SITE 10,EXT
2026-06-30 04:00:00,13.589310344827584,13.242586206896553,9.760344827586207,26.839080459770116,20.0,66.82758620689656,972.6131034482759,SITE 10,EXT
2026-06-30 05:00:00,12.753166666666667,12.185166666666667,8.859666666666667,26.166666666666668,19.796296296296298,68.6,973.2073333333334,SITE 10,EXT
2026-06-30 06:00:00,8.905333333333335,8.609166666666665,6.1825,25.814814814814817,18.98148148148148,66.76666666666667,973.4223333333333,SITE 10,EXT
2026-06-30 07:00:00,9.0995,8.755833333333333,6.114833333333333,26.37037037037037,18.925925925925927,64.33333333333333,973.8406666666667,SITE 10,EXT
2026-06-30 08:00:00,8.588333333333333,8.251833333333334,5.897166666666666,27.500000000000004,19.25925925925926,61.2,974.2366666666666,SITE 10,EXT
2026-06-30 09:00:00,8.3125,7.980333333333333,5.632000000000001,29.092592592592595,19.666666666666668,57.3,974.4580000000001,SITE 10,EXT
2026-06-30 10:00:00,7.427586206896552,7.197068965517241,5.031724137931034,30.59386973180077,19.904214559386975,53.172413793103445,974.2444827586207,SITE 10,EXT
2026-06-30 11:00:00,10.5355,10.175666666666666,7.292666666666666,31.77777777777778,20.314814814814817,50.96666666666667,973.6479999999999,SITE 10,EXT
2026-06-30 12:00:00,9.003666666666668,8.710333333333333,6.004333333333333,33.24074074074074,20.444444444444446,47.36666666666667,973.1163333333334,SITE 10,EXT
2026-06-30 13:00:00,9.104833333333334,8.788333333333332,6.184666666666667,34.648148148148145,20.703703703703702,44.63333333333333,972.3996666666666,SITE 10,EXT
2026-06-30 14:00:00,10.635862068965517,10.234827586206897,7.196206896551724,34.86590038314176,20.59386973180077,43.89655172413793,971.5541379310345,SITE 10,EXT
2026-06-30 15:00:00,12.088166666666666,11.646833333333335,8.131333333333334,34.833333333333336,20.314814814814817,43.06666666666667,970.6313333333333,SITE 10,EXT
2026-06-30 16:00:00,23.304,21.784,14.1115,34.42592592592593,20.01851851851852,43.233333333333334,970.072,SITE 10,EXT
2026-06-30 17:00:00,21.75583333333333,20.455666666666666,13.487166666666667,34.24074074074074,20.37037037037037,44.6,969.9876666666667,SITE 10,EXT
2026-06-30 18:00:00,24.638166666666667,23.447166666666664,15.8225,32.92592592592593,20.51851851851852,48.46666666666667,970.489,SITE 10,EXT
2026-06-30 19:00:00,30.87086206896552,28.925,19.236206896551725,32.1455938697318,20.804597701149426,51.55172413793103,971.1,SITE 10,EXT
2026-06-30 20:00:00,42.989000000000004,37.391,24.506333333333334,31.351851851851855,21.185185185185183,55.3,972.3246666666666,SITE 10,EXT
2026-06-30 21:00:00,26.670833333333334,25.55483333333333,16.870333333333335,30.27777777777778,21.11111111111111,58.333333333333336,972.9060000000001,SITE 10,EXT
2026-06-30 22:00:00,26.218833333333336,25.279,16.542333333333332,29.574074074074076,20.944444444444446,60.3,973.3826666666666,SITE 10,EXT
2026-06-30 23:00:00,23.5105,22.73966666666667,14.633833333333333,28.944444444444446,20.75925925925926,62.13333333333333,973.76,SITE 10,EXT
2026-07-01 00:00:00,21.738,21.060333333333336,13.401333333333334,28.814814814814817,21.01851851851852,62.96666666666667,973.8203333333333,SITE 10,EXT
2026-07-01 01:00:00,18.362166666666667,17.394333333333336,11.143833333333333,27.851851851851855,20.27777777777778,64.06666666666666,973.608,SITE 10,EXT
2026-07-01 02:00:00,5.703448275862069,5.362413793103448,3.367758620689655,26.20689655172414,19.310344827586206,66.27586206896552,972.9834482758621,SITE 10,EXT
2026-07-01 03:00:00,8.442333333333334,8.124333333333333,5.562,26.62962962962963,19.48148148148148,65.9,972.6153333333333,SITE 10,EXT
2026-07-01 04:00:00,19.612000000000002,18.169333333333334,11.817,26.666666666666668,19.666666666666668,66.1,972.1813333333333,SITE 10,EXT
2026-07-01 05:00:00,18.65266666666667,18.053333333333335,11.377333333333333,26.666666666666668,20.444444444444446,69.43333333333334,972.59,SITE 10,EXT
2026-07-01 06:00:00,22.62620689655172,21.878275862068968,13.642068965517241,26.99233716475096,20.67049808429119,69.06896551724138,973.3100000000001,SITE 10,EXT
2026-07-01 07:00:00,25.041166666666665,24.2835,15.357499999999998,28.074074074074076,21.01851851851852,65.96666666666667,973.5523333333333,SITE 10,EXT
2026-07-01 08:00:00,22.7225,22.025166666666667,14.005333333333333,28.425925925925927,20.814814814814817,63.96666666666667,974.1106666666667,SITE 10,EXT
2026-07-01 09:00:00,23.98051724137931,23.108793103448274,14.78448275862069,29.00383141762452,20.67049808429119,61.310344827586206,974.1855172413793,SITE 10,EXT
2026-07-01 10:00:00,21.509333333333334,20.913666666666664,13.653666666666668,30.703703703703706,21.0,57.1,974.0416666666666,SITE 10,EXT
2026-07-01 11:00:00,29.808333333333334,28.17366666666667,16.993000000000002,31.53703703703704,21.11111111111111,54.46666666666667,973.891,SITE 10,EXT
2026-07-01 12:00:00,18.331666666666667,17.606833333333334,11.673333333333334,33.50000000000001,20.77777777777778,47.666666666666664,973.249,SITE 10,EXT
2026-07-01 13:00:00,15.316,14.852166666666667,9.875833333333333,33.777777777777786,20.51851851851852,46.233333333333334,972.6636666666667,SITE 10,EXT
2026-07-01 14:00:00,18.976499999999998,18.159166666666668,12.159166666666668,34.092592592592595,20.62962962962963,45.86666666666667,972.1863333333333,SITE 10,EXT
2026-07-01 15:00:00,18.93166666666667,18.392166666666665,12.359,34.407407407407405,20.40740740740741,44.36666666666667,971.6863333333333,SITE 10,EXT
2026-07-01 16:00:00,24.783103448275863,23.395689655172415,15.60293103448276,34.310344827586206,20.402298850574716,44.41379310344828,971.4817241379311,SITE 10,EXT
2026-07-01 17:00:00,29.226666666666667,27.178333333333335,18.351499999999998,33.574074074074076,19.796296296296298,44.833333333333336,971.6526666666667,SITE 10,EXT
2026-07-01 18:00:00,37.27133333333334,33.64233333333333,22.7405,32.48148148148148,20.01851851851852,48.1,971.8656666666667,SITE 10,EXT
2026-07-01 19:00:00,43.658,37.768,25.415666666666667,31.53703703703704,20.37037037037037,51.93333333333333,972.226,SITE 10,EXT
2026-07-01 20:00:00,40.222,35.52033333333334,23.556500000000003,30.666666666666668,20.48148148148148,55.06666666666667,972.939,SITE 10,EXT
2026-07-01 21:00:00,41.041428571428575,36.074107142857144,23.787857142857145,30.13888888888889,20.357142857142858,56.392857142857146,973.6678571428572,SITE 10,EXT
2026-07-01 22:00:00,43.006166666666665,37.48616666666667,24.2075,29.90740740740741,20.555555555555557,57.8,974.0096666666667,SITE 10,EXT
2026-07-01 23:00:00,28.234666666666666,26.9665,17.1735,29.055555555555557,20.555555555555557,60.86666666666667,973.996,SITE 10,EXT
2026-07-02 00:00:00,25.805833333333332,25.019833333333334,16.395833333333332,28.53703703703704,20.666666666666668,62.833333333333336,973.7716666666668,SITE 10,EXT
2026-07-02 01:00:00,27.431896551724137,26.460689655172413,17.013620689655173,28.103448275862068,20.67049808429119,64.86206896551724,973.2631034482758,SITE 10,EXT
2026-07-02 02:00:00,23.540833333333335,22.867,14.66,27.722222222222225,20.85185185185185,66.7,973.2056666666667,SITE 10,EXT
2026-07-02 03:00:00,22.235,21.578333333333333,13.770166666666666,27.222222222222225,20.666666666666668,68.3,973.213,SITE 10,EXT
2026-07-02 04:00:00,23.193166666666666,22.555333333333333,14.321499999999999,26.685185185185183,20.555555555555557,69.6,973.253,SITE 10,EXT
2026-07-02 05:00:00,25.957833333333333,25.129666666666665,15.938833333333333,26.666666666666668,20.555555555555557,70.1,973.8093333333333,SITE 10,EXT
2026-07-02 06:00:00,39.22724137931034,35.579655172413794,23.108275862068965,26.704980842911876,20.517241379310345,69.75862068965517,974.5051724137932,SITE 10,EXT
2026-07-02 07:00:00,31.0985,29.303166666666666,18.596166666666665,27.388888888888893,20.5,66.53333333333333,974.777,SITE 10,EXT
2026-07-02 08:00:00,23.997833333333332,23.290333333333333,14.817333333333332,28.370370370370374,20.27777777777778,62.1,975.1763333333333,SITE 10,EXT
2026-07-02 09:00:00,20.70583333333333,20.181833333333334,13.085833333333333,29.796296296296298,20.37037037037037,57.53333333333333,975.481,SITE 10,EXT
2026-07-02 10:00:00,20.432666666666666,19.829666666666665,12.769333333333332,30.62962962962963,20.388888888888893,55.0,975.3573333333334,SITE 10,EXT
2026-07-02 11:00:00,18.399827586206897,17.74051724137931,11.531724137931034,31.800766283524908,20.59386973180077,51.793103448275865,975.1210344827585,SITE 10,EXT
2026-07-02 12:00:00,17.3075,16.888166666666667,11.362666666666666,34.27777777777778,20.61111111111111,45.13333333333333,974.625,SITE 10,EXT
2026-07-02 13:00:00,24.8505,23.042333333333332,15.169833333333333,35.01851851851852,20.537037037037035,43.233333333333334,973.7503333333333,SITE 10,EXT
2026-07-02 14:00:00,19.2815,18.771666666666665,12.506333333333334,34.98148148148148,20.35185185185185,42.7,972.8976666666666,SITE 10,EXT
2026-07-02 15:00:00,18.659499999999998,18.127833333333335,12.418333333333333,34.72222222222222,19.962962962962965,42.36666666666667,972.389,SITE 10,EXT
2026-07-02 16:00:00,18.41810344827586,17.858620689655172,12.081724137931035,34.69348659003831,19.808429118773947,42.0,972.1103448275862,SITE 10,EXT
2026-07-02 17:00:00,23.260166666666667,22.017999999999997,14.8535,34.35185185185185,19.87037037037037,43.06666666666667,972.0476666666667,SITE 10,EXT
2026-07-02 18:00:00,50.032833333333336,42.50483333333333,28.117,33.44444444444444,19.685185185185183,44.833333333333336,971.9256666666666,SITE 10,EXT
2026-07-02 19:00:00,50.67266666666667,42.643166666666666,28.3475,32.48148148148148,20.35185185185185,49.6,972.3743333333333,SITE 10,EXT
2026-07-02 20:00:00,53.202999999999996,44.89883333333333,30.102666666666668,30.574074074074076,22.074074074074073,61.13333333333333,973.2146666666666,SITE 10,EXT
2026-07-02 21:00:00,38.71633333333333,34.56233333333333,22.886000000000003,30.314814814814817,21.98148148148148,61.5,973.5003333333333,SITE 10,EXT
2026-07-02 22:00:00,55.59655172413793,46.66241379310345,30.003275862068968,30.0,21.666666666666668,61.827586206896555,973.9134482758622,SITE 10,EXT
2026-07-02 23:00:00,43.131551724137935,37.86344827586207,24.381379310344826,29.482758620689655,21.149425287356323,61.758620689655174,974.0806896551724,SITE 10,EXT
2026-07-03 00:00:00,27.93933333333333,26.8755,17.301666666666666,28.833333333333332,20.925925925925927,62.7,973.8683333333333,SITE 10,EXT
2026-07-03 01:00:00,22.599666666666668,22.082333333333334,14.337,28.333333333333336,20.555555555555557,63.93333333333333,973.4886666666666,SITE 10,EXT
2026-07-03 02:00:00,20.652833333333334,20.161333333333335,13.146166666666666,27.87037037037037,20.555555555555557,64.86666666666666,973.0083333333333,SITE 10,EXT
2026-07-03 03:00:00,20.73616666666667,20.203,13.064,27.77777777777778,20.555555555555557,65.26666666666667,972.7596666666667,SITE 10,EXT
2026-07-03 04:00:00,21.56896551724138,21.04637931034483,13.61051724137931,27.222222222222225,20.210727969348657,66.3103448275862,973.0989655172414,SITE 10,EXT
2026-07-03 05:00:00,24.532833333333333,23.8715,15.296166666666666,26.962962962962965,20.296296296296298,67.63333333333334,973.1723333333333,SITE 10,EXT
2026-07-03 06:00:00,30.883333333333333,29.125,18.773666666666667,26.666666666666668,20.222222222222225,68.93333333333334,973.4073333333333,SITE 10,EXT
2026-07-03 07:00:00,32.43983333333333,30.407500000000002,19.430333333333333,27.11111111111111,20.40740740740741,67.83333333333333,973.9583333333334,SITE 10,EXT
2026-07-03 08:00:00,31.325833333333332,29.50633333333333,18.966833333333334,28.333333333333332,20.740740740740744,64.4,974.1613333333333,SITE 10,EXT
2026-07-03 09:00:00,35.06166666666666,31.803333333333335,20.272166666666667,30.444444444444446,21.166666666666668,58.333333333333336,974.3233333333334,SITE 10,EXT
2026-07-03 10:00:00,25.753333333333334,24.721333333333334,16.377,32.07407407407407,21.27777777777778,53.266666666666666,974.814,SITE 10,EXT
2026-07-03 11:00:00,21.81948275862069,20.888275862068966,13.996379310344828,30.383141762452105,20.59386973180077,56.48275862068966,974.681724137931,SITE 10,EXT
2026-07-03 12:00:00,11.222833333333334,10.683666666666666,7.3555,28.75925925925926,20.25925925925926,60.666666666666664,973.6133333333333,SITE 10,EXT
2026-07-03 13:00:00,13.2245,12.727833333333333,8.882000000000001,33.20370370370371,19.574074074074076,45.166666666666664,972.4346666666667,SITE 10,EXT
2026-07-03 14:00:00,9.676333333333334,9.239833333333333,6.210333333333334,33.48148148148149,18.370370370370374,41.13333333333333,971.8146666666667,SITE 10,EXT
2026-07-03 15:00:00,16.018166666666666,15.124333333333334,9.869166666666667,33.27777777777778,18.462962962962965,41.7,971.5566666666667,SITE 10,EXT
2026-07-03 16:00:00,11.484,11.072333333333335,7.828666666666667,32.2037037037037,18.944444444444446,45.86666666666667,971.153,SITE 10,EXT
2026-07-03 17:00:00,27.276333333333334,24.788833333333333,17.384166666666665,31.685185185185183,18.62962962962963,46.13333333333333,971.1896666666667,SITE 10,EXT
2026-07-03 18:00:00,40.66241379310345,36.32465517241379,24.151724137931033,31.4176245210728,20.632183908045977,53.206896551724135,971.361724137931,SITE 10,EXT
2026-07-03 19:00:00,34.108333333333334,31.125,21.285833333333336,30.444444444444446,20.518518518518523,56.13333333333333,972.8763333333334,SITE 10,EXT
2026-07-03 20:00:00,11.1695,10.886833333333334,7.926,27.962962962962965,18.962962962962965,58.56666666666667,975.1583333333333,SITE 10,EXT
2026-07-03 21:00:00,13.335333333333333,12.663833333333335,8.786833333333334,27.666666666666668,19.48148148148148,61.8,975.302,SITE 10,EXT
2026-07-03 22:00:00,11.635,11.192499999999999,7.759333333333333,27.425925925925927,19.48148148148148,62.63333333333333,975.5326666666666,SITE 10,EXT
2026-07-03 23:00:00,11.661833333333334,11.250833333333333,8.102333333333332,27.222222222222225,19.444444444444446,63.0,974.8173333333333,SITE 10,EXT
2026-07-04 00:00:00,6.493166666666666,6.2095,4.2265,27.222222222222225,19.074074074074076,61.233333333333334,972.8333333333334,SITE 10,EXT
2026-07-04 01:00:00,12.480333333333332,12.020666666666667,8.090666666666667,27.16666666666667,18.925925925925927,61.333333333333336,972.1733333333334,SITE 10,EXT
2026-07-04 02:00:00,15.610689655172415,14.148965517241379,8.494137931034484,27.068965517241384,19.406130268199234,63.41379310344828,971.076551724138,SITE 10,EXT
2026-07-04 03:00:00,12.824333333333334,12.393166666666668,8.282333333333334,26.12962962962963,19.444444444444446,67.66666666666667,971.557,SITE 10,EXT
2026-07-04 04:00:00,9.198,8.859166666666665,6.058833333333334,26.11111111111111,19.444444444444446,68.0,972.3906666666667,SITE 10,EXT
2026-07-04 05:00:00,15.881499999999999,15.370333333333333,10.259166666666665,26.38888888888889,19.722222222222225,67.13333333333334,973.2423333333334,SITE 10,EXT
2026-07-04 06:00:00,28.424833333333332,26.5715,18.05483333333333,26.666666666666668,20.0,67.0,973.8353333333333,SITE 10,EXT
2026-07-04 07:00:00,33.19275862068966,29.87293103448276,20.013793103448275,26.7816091954023,19.482758620689655,65.06896551724138,974.0375862068965,SITE 10,EXT
2026-07-04 08:00:00,15.222000000000001,14.674166666666668,10.358666666666666,27.388888888888893,19.240740740740744,61.96666666666667,974.2446666666667,SITE 10,EXT
2026-07-04 09:00:00,15.473275862068967,14.919827586206896,10.32051724137931,28.35249042145594,19.42528735632184,58.724137931034484,974.5651724137931,SITE 10,EXT
2026-07-04 10:00:00,9.946333333333333,9.639166666666666,6.899,28.444444444444446,19.48148148148148,59.06666666666667,974.6543333333334,SITE 10,EXT
2026-07-04 11:00:00,10.469,10.1545,7.244,29.074074074074076,19.53703703703704,56.9,974.6443333333333,SITE 10,EXT
2026-07-04 12:00:00,11.274333333333335,11.0015,7.9623333333333335,29.64814814814815,19.740740740740744,55.9,974.26,SITE 10,EXT
2026-07-04 13:00:00,12.62948275862069,12.267758620689655,8.610344827586207,30.402298850574716,19.96168582375479,54.0,973.7755172413794,SITE 10,EXT
2026-07-04 14:00:00,11.496166666666666,11.175666666666666,7.8261666666666665,31.074074074074076,20.388888888888893,53.4,973.4383333333334,SITE 10,EXT
2026-07-04 15:00:00,11.751333333333333,11.472666666666667,8.200833333333334,31.85185185185185,20.314814814814817,50.96666666666667,972.7316666666667,SITE 10,EXT
2026-07-04 16:00:00,13.686666666666667,13.291833333333333,9.3065,32.25925925925926,20.5,50.06666666666667,972.5046666666666,SITE 10,EXT
2026-07-04 17:00:00,15.8005,15.387333333333334,10.874,32.12962962962963,20.40740740740741,50.6,972.7936666666667,SITE 10,EXT
2026-07-04 18:00:00,23.6085,22.661833333333334,15.591666666666667,31.222222222222225,20.444444444444446,53.233333333333334,973.0823333333334,SITE 10,EXT
2026-07-04 19:00:00,51.64866666666667,45.202666666666666,28.955166666666667,30.77777777777778,20.722222222222225,55.53333333333333,973.3366666666666,SITE 10,EXT
2026-07-04 20:00:00,49.74051724137931,42.141379310344824,28.556724137931035,30.440613026819925,21.015325670498086,57.62068965517241,973.8531034482759,SITE 10,EXT
2026-07-04 21:00:00,76.89283333333333,69.33433333333333,45.56616666666667,30.0,21.14814814814815,59.63333333333333,974.2189999999999,SITE 10,EXT
2026-07-04 22:00:00,59.997166666666665,53.003,34.80583333333333,29.944444444444446,21.166666666666668,60.233333333333334,974.3083333333333,SITE 10,EXT
2026-07-04 23:00:00,67.1165,60.0205,39.206,29.425925925925927,21.09259259259259,61.63333333333333,974.4496666666668,SITE 10,EXT
2026-07-05 00:00:00,40.54633333333333,38.757,25.1065,29.01851851851852,20.944444444444446,62.233333333333334,974.298,SITE 10,EXT
2026-07-05 01:00:00,44.8403448275862,40.07637931034483,27.92241379310345,28.88888888888889,21.11111111111111,63.10344827586207,973.9262068965518,SITE 10,EXT
2026-07-05 02:00:00,27.886833333333335,26.339000000000002,18.380999999999997,28.48148148148148,20.703703703703702,63.2,973.534,SITE 10,EXT
2026-07-05 03:00:00,37.13866666666667,33.46483333333334,22.994333333333334,28.333333333333336,20.574074074074076,63.96666666666667,973.3766666666667,SITE 10,EXT
2026-07-05 04:00:00,29.165833333333335,27.578333333333333,19.372333333333334,28.074074074074076,20.48148148148148,64.16666666666667,973.216,SITE 10,EXT
2026-07-05 05:00:00,40.56716666666667,38.446000000000005,24.354,27.77777777777778,20.055555555555554,64.0,973.4346666666667,SITE 10,EXT
2026-07-05 06:00:00,41.65233333333333,37.73266666666667,24.936666666666667,27.814814814814817,20.074074074074073,63.733333333333334,973.7936666666667,SITE 10,EXT
2026-07-05 07:00:00,38.37586206896552,34.235,23.255344827586207,28.582375478927204,20.49808429118774,62.06896551724138,974.1893103448276,SITE 10,EXT
2026-07-05 08:00:00,19.911833333333334,19.289499999999997,13.156833333333333,29.425925925925927,20.796296296296298,60.06666666666667,974.2613333333334,SITE 10,EXT
2026-07-05 09:00:00,14.415666666666668,13.93,9.583833333333333,31.296296296296298,20.77777777777778,54.233333333333334,974.5776666666666,SITE 10,EXT
2026-07-05 10:00:00,12.208833333333333,11.665166666666666,7.870666666666667,33.31481481481482,20.722222222222225,48.2,974.1933333333333,SITE 10,EXT
2026-07-05 11:00:00,10.065666666666667,9.693999999999999,6.671833333333334,35.27777777777778,20.833333333333332,43.4,973.6460000000001,SITE 10,EXT
2026-07-05 12:00:00,10.969655172413793,10.655,7.339137931034483,35.78544061302682,20.613026819923373,41.6551724137931,973.058275862069,SITE 10,EXT
2026-07-05 13:00:00,14.143833333333333,13.798499999999999,9.624833333333333,36.14814814814815,20.574074074074076,40.6,972.247,SITE 10,EXT
2026-07-05 14:00:00,14.8575,14.483,10.038333333333332,36.44444444444445,20.574074074074076,39.96666666666667,971.3813333333333,SITE 10,EXT
2026-07-05 15:00:00,14.045833333333333,13.668666666666667,9.394666666666666,36.88888888888889,20.35185185185185,38.36666666666667,970.7443333333333,SITE 10,EXT
2026-07-05 16:00:00,17.40844827586207,16.507758620689657,11.054655172413792,36.66666666666667,20.325670498084293,38.93103448275862,970.6496551724138,SITE 10,EXT
2026-07-05 17:00:00,20.572333333333333,19.9335,13.399333333333335,35.87037037037037,19.88888888888889,39.43333333333333,970.7533333333333,SITE 10,EXT
2026-07-05 18:00:00,26.46833333333333,25.122833333333332,16.579833333333333,34.96296296296296,19.90740740740741,41.7,971.296,SITE 10,EXT
2026-07-05 19:00:00,47.926,40.66416666666667,27.033666666666665,34.12962962962963,20.40740740740741,45.0,972.0016666666667,SITE 10,EXT
2026-07-05 20:00:00,46.2995,39.49916666666666,25.917166666666667,33.01851851851852,20.962962962962965,49.53333333333333,972.346,SITE 10,EXT
2026-07-05 21:00:00,34.66116666666667,31.671,20.8905,31.98148148148148,21.185185185185183,53.13333333333333,972.8383333333334,SITE 10,EXT
2026-07-05 22:00:00,29.679,26.861333333333334,16.781666666666666,31.25925925925926,21.333333333333332,56.2,973.0246666666666,SITE 10,EXT
2026-07-05 23:00:00,21.94551724137931,21.29103448275862,13.56706896551724,30.574712643678165,21.302681992337167,58.10344827586207,973.104827586207,SITE 10,EXT
2026-07-06 00:00:00,20.6005,20.140333333333334,12.829833333333333,29.722222222222225,21.22222222222222,61.1,973.0186666666667,SITE 10,EXT
2026-07-06 01:00:00,20.226,19.636666666666667,12.5175,29.092592592592595,21.314814814814817,63.7,972.8026666666666,SITE 10,EXT
2026-07-06 02:00:00,21.551166666666667,20.980666666666664,13.485333333333333,28.88888888888889,21.61111111111111,65.13333333333334,972.6656666666667,SITE 10,EXT
2026-07-06 03:00:00,20.04603448275862,19.50603448275862,12.631896551724138,28.505747126436784,21.28352490421456,66.0,972.4244827586207,SITE 10,EXT
2026-07-06 04:00:00,20.476166666666664,19.93,12.773666666666665,28.185185185185187,21.37037037037037,67.1,972.1366666666667,SITE 10,EXT
2026-07-06 05:00:00,25.29416666666667,24.00183333333333,15.206666666666667,27.77777777777778,21.11111111111111,68.23333333333333,972.1569999999999,SITE 10,EXT
2026-07-06 06:00:00,24.545833333333334,23.666166666666665,15.104833333333334,27.77777777777778,21.11111111111111,67.96666666666667,972.2543333333334,SITE 10,EXT
2026-07-06 07:00:00,21.680862068965517,20.777758620689653,13.178275862068967,28.02681992337165,21.11111111111111,66.62068965517241,973.3137931034482,SITE 10,EXT
2026-07-06 08:00:00,25.1405,23.471666666666668,15.075999999999999,28.90740740740741,21.185185185185183,63.766666666666666,973.6336666666666,SITE 10,EXT
2026-07-06 09:00:00,24.575,23.335833333333333,15.210166666666668,30.203703703703702,21.25925925925926,59.13333333333333,973.473,SITE 10,EXT
2026-07-06 10:00:00,20.355666666666664,19.730833333333333,12.888833333333334,30.722222222222225,21.87037037037037,59.96666666666667,973.4693333333332,SITE 10,EXT
2026-07-06 11:00:00,20.289499999999997,19.569833333333335,12.6605,30.722222222222225,21.666666666666668,58.8,973.0056666666666,SITE 10,EXT
2026-07-06 12:00:00,15.832666666666666,15.382000000000001,9.969666666666665,31.462962962962965,21.64814814814815,56.43333333333333,972.708,SITE 10,EXT
2026-07-06 13:00:00,16.20137931034483,15.798275862068964,10.451896551724138,32.911877394636015,21.93486590038314,53.06896551724138,972.1758620689654,SITE 10,EXT
2026-07-06 14:00:00,18.236666666666668,17.755166666666664,11.871166666666666,33.351851851851855,21.38888888888889,50.2,971.756,SITE 10,EXT
2026-07-06 15:00:00,22.52766666666667,21.612833333333334,14.541166666666667,33.92592592592593,21.037037037037035,47.266666666666666,970.487,SITE 10,EXT
2026-07-06 16:00:00,19.337,18.783333333333335,12.924000000000001,33.72222222222222,20.90740740740741,47.5,970.6193333333334,SITE 10,EXT
2026-07-06 17:00:00,19.464655172413792,18.914310344827587,12.663275862068966,32.95019157088122,20.59386973180077,48.3448275862069,971.308275862069,SITE 10,EXT
2026-07-06 18:00:00,34.050333333333334,30.52583333333333,19.894333333333336,32.22222222222222,20.61111111111111,50.7,972.0953333333333,SITE 10,EXT
2026-07-06 19:00:00,52.70333333333333,43.80083333333333,28.49416666666667,32.03703703703704,20.98148148148148,52.833333333333336,972.399,SITE 10,EXT
2026-07-06 20:00:00,47.035999999999994,40.1525,25.915000000000003,31.61111111111111,21.055555555555554,53.833333333333336,972.9186666666667,SITE 10,EXT
2026-07-06 21:00:00,36.251333333333335,32.72516666666667,21.570833333333333,31.111111111111118,20.944444444444446,54.9,973.3856666666667,SITE 10,EXT
2026-07-06 22:00:00,25.7285,24.859333333333332,16.187666666666665,30.592592592592595,20.685185185185183,56.233333333333334,973.8136666666667,SITE 10,EXT
2026-07-06 23:00:00,39.70672413793104,35.550862068965515,21.70137931034483,30.17241379310345,20.766283524904217,57.62068965517241,973.4889655172414,SITE 10,EXT
2026-07-07 00:00:00,33.75483333333333,30.702833333333334,18.844833333333334,29.5,20.61111111111111,59.53333333333333,973.5213333333334,SITE 10,EXT
2026-07-07 01:00:00,25.465833333333332,24.255333333333333,15.320666666666666,29.092592592592595,20.722222222222225,61.3,973.2053333333333,SITE 10,EXT
2026-07-07 02:00:00,38.51766666666666,33.76866666666667,20.5965,28.88888888888889,20.61111111111111,62.03333333333333,973.061,SITE 10,EXT
2026-07-07 03:00:00,29.38883333333333,28.0995,18.17233333333333,28.48148148148148,20.703703703703702,63.43333333333333,973.2333333333333,SITE 10,EXT
2026-07-07 04:00:00,28.11793103448276,27.24775862068966,17.79206896551724,27.98850574712644,20.747126436781613,65.34482758620689,973.3920689655172,SITE 10,EXT
2026-07-07 05:00:00,29.226999999999997,28.001166666666666,18.15233333333333,27.64814814814815,20.518518518518523,66.2,973.9116666666666,SITE 10,EXT
2026-07-07 06:00:00,35.6875,32.623,21.166666666666668,27.222222222222225,20.555555555555557,67.23333333333333,974.6803333333334,SITE 10,EXT
2026-07-07 07:00:00,33.138666666666666,31.02283333333333,20.061333333333334,27.740740740740744,21.0,67.06666666666666,975.2563333333333,SITE 10,EXT
2026-07-07 08:00:00,40.2,35.376333333333335,22.7325,28.64814814814815,21.074074074074073,64.56666666666666,975.7543333333334,SITE 10,EXT
2026-07-07 09:00:00,41.95454545454545,36.54295454545454,23.115909090909092,28.88888888888889,21.085858585858585,63.0,976.2418181818182,SITE 10,EXT
