datetime,PM10,PM25,PM1,temp_c,dewpoint_c,humidity,pressure_hpa,site,location
2025-12-01 00:00:00,46.985,39.76200000000001,25.7265,30.462962962962965,20.222222222222225,54.8,966.4816666666667,SITE 5,EXT
2025-12-01 01:00:00,45.356,38.0315,24.24233333333333,29.703703703703702,20.203703703703702,57.2,965.9793333333333,SITE 5,EXT
2025-12-01 02:00:00,38.61209677419355,33.821290322580644,21.816774193548387,29.480286738351257,20.03584229390681,57.193548387096776,965.5796774193549,SITE 5,EXT
2025-12-01 03:00:00,35.55133333333333,32.042833333333334,20.654833333333332,29.240740740740744,19.944444444444446,57.733333333333334,965.4196666666667,SITE 5,EXT
2025-12-01 04:00:00,38.27133333333334,33.724833333333336,21.743333333333332,29.092592592592595,20.037037037037035,58.766666666666666,965.7673333333333,SITE 5,EXT
2025-12-01 05:00:00,46.36383333333333,39.025,25.069666666666667,28.740740740740744,19.944444444444446,59.43333333333333,966.4013333333334,SITE 5,EXT
2025-12-01 06:00:00,59.4325,49.104,32.051,28.685185185185183,19.87037037037037,59.3,967.0643333333334,SITE 5,EXT
2025-12-01 07:00:00,51.48416666666667,42.32216666666667,27.1855,29.092592592592595,20.0,58.333333333333336,967.7083333333334,SITE 5,EXT
2025-12-01 08:00:00,35.274,31.389166666666664,20.076666666666668,30.518518518518523,19.27777777777778,51.5,968.222,SITE 5,EXT
2025-12-01 09:00:00,29.94066666666667,27.348166666666668,17.711166666666667,31.240740740740744,18.592592592592595,47.3,968.4843333333333,SITE 5,EXT
2025-12-01 10:00:00,29.698,27.397666666666666,17.868499999999997,32.88888888888889,19.25925925925926,44.63333333333333,968.4076666666666,SITE 5,EXT
2025-12-01 11:00:00,27.293870967741935,25.313709677419357,16.443548387096776,34.60573476702509,19.749103942652333,41.935483870967744,967.8006451612903,SITE 5,EXT
2025-12-01 12:00:00,24.241333333333333,22.849833333333333,14.846833333333333,36.24074074074075,19.574074074074076,37.9,966.9176666666666,SITE 5,EXT
2025-12-01 13:00:00,26.355,24.665833333333335,16.200166666666668,37.166666666666664,18.814814814814817,34.5,966.1453333333334,SITE 5,EXT
2025-12-01 14:00:00,25.879666666666665,24.450166666666668,15.975333333333333,38.05555555555556,18.27777777777778,31.7,965.4196666666667,SITE 5,EXT
2025-12-01 15:00:00,30.358333333333334,28.1655,18.403833333333335,37.166666666666664,17.925925925925927,32.4,965.0166666666667,SITE 5,EXT
2025-12-01 16:00:00,32.38016666666667,29.738833333333332,19.259666666666664,35.96296296296296,17.444444444444446,33.86666666666667,964.9123333333333,SITE 5,EXT
2025-12-01 17:00:00,41.758833333333335,35.72933333333334,23.059,34.38888888888889,18.074074074074076,38.3,965.1650000000001,SITE 5,EXT
2025-12-01 18:00:00,57.79533333333333,46.7825,30.149166666666666,33.51851851851852,17.962962962962965,39.96666666666667,965.9486666666667,SITE 5,EXT
2025-12-01 19:00:00,48.727999999999994,40.37683333333334,25.971833333333333,32.92592592592593,18.77777777777778,43.56666666666667,967.2616666666667,SITE 5,EXT
2025-12-01 20:00:00,78.79033333333334,69.56016666666666,42.6155,33.111111111111114,19.370370370370374,44.56666666666667,968.0173333333333,SITE 5,EXT
2025-12-01 21:00:00,59.6725,48.62733333333333,30.55666666666667,32.53703703703704,19.53703703703704,46.766666666666666,968.487,SITE 5,EXT
2025-12-01 22:00:00,50.165166666666664,41.386833333333335,26.102,31.14814814814815,19.53703703703704,50.7,968.5423333333333,SITE 5,EXT
2025-12-01 23:00:00,42.65,36.230333333333334,22.90083333333333,30.574074074074076,19.462962962962965,51.833333333333336,968.1333333333333,SITE 5,EXT
2025-12-02 00:00:00,39.37612903225807,34.068709677419356,21.462580645161292,30.25089605734767,19.49820788530466,52.61290322580645,967.55,SITE 5,EXT
2025-12-02 01:00:00,35.498666666666665,32.083999999999996,20.738,29.944444444444446,19.518518518518523,53.8,966.8746666666667,SITE 5,EXT
2025-12-02 02:00:00,35.45483333333333,31.9895,20.418333333333333,28.61111111111111,19.5,58.56666666666667,966.08,SITE 5,EXT
2025-12-02 03:00:00,34.34616666666667,31.385833333333334,20.058,28.27777777777778,19.444444444444446,59.266666666666666,965.7043333333334,SITE 5,EXT
2025-12-02 04:00:00,33.842166666666664,30.6925,19.335833333333333,28.925925925925927,19.185185185185183,56.4,965.9343333333333,SITE 5,EXT
2025-12-02 05:00:00,45.26916666666667,38.47383333333333,24.721999999999998,29.40740740740741,19.40740740740741,55.2,966.5366666666666,SITE 5,EXT
2025-12-02 06:00:00,60.876,49.982166666666664,31.807000000000002,28.925925925925927,19.444444444444446,57.06666666666667,967.2793333333334,SITE 5,EXT
2025-12-02 07:00:00,64.39433333333334,54.221333333333334,34.57616666666667,30.574074074074076,19.75925925925926,52.9,967.446,SITE 5,EXT
2025-12-02 08:00:00,39.410833333333336,34.3205,22.060166666666667,32.46296296296296,19.962962962962965,48.13333333333333,968.1039999999999,SITE 5,EXT
2025-12-02 09:00:00,31.572,29.092166666666667,18.72533333333333,33.27777777777778,20.222222222222225,46.766666666666666,967.9976666666666,SITE 5,EXT
2025-12-02 10:00:00,30.002,27.94516666666667,18.194333333333336,35.333333333333336,20.462962962962965,42.0,967.6756666666666,SITE 5,EXT
2025-12-02 11:00:00,37.17433333333334,34.21,21.9515,36.777777777777786,20.388888888888893,38.733333333333334,967.1426666666666,SITE 5,EXT
2025-12-02 12:00:00,30.48966666666667,28.257,18.546333333333333,37.48148148148148,19.722222222222225,35.7,966.2946666666667,SITE 5,EXT
2025-12-02 13:00:00,27.624166666666667,26.1275,17.326666666666664,37.87037037037037,19.185185185185183,33.8,965.2966666666667,SITE 5,EXT
2025-12-02 14:00:00,33.74633333333333,30.316666666666666,19.870333333333335,36.31481481481482,18.53703703703704,35.53333333333333,964.728,SITE 5,EXT
2025-12-02 15:00:00,40.31666666666667,34.88466666666667,22.566166666666668,33.74074074074074,18.796296296296298,41.7,964.3893333333333,SITE 5,EXT
2025-12-02 16:00:00,46.873666666666665,39.86366666666667,25.540833333333335,34.333333333333336,19.222222222222225,41.46666666666667,964.5146666666666,SITE 5,EXT
2025-12-02 17:00:00,62.31066666666666,52.06333333333334,34.424,34.77777777777778,18.870370370370374,39.43333333333333,965.2493333333333,SITE 5,EXT
2025-12-02 18:00:00,79.56533333333333,70.26700000000001,42.578833333333336,34.2962962962963,18.685185185185183,40.03333333333333,966.2333333333333,SITE 5,EXT
2025-12-02 19:00:00,44.11633333333334,38.046,24.468666666666667,32.98148148148148,19.5,45.36666666666667,967.2053333333333,SITE 5,EXT
2025-12-02 20:00:00,34.6825,31.322,20.337666666666667,30.925925925925927,19.425925925925927,50.56666666666667,968.0453333333334,SITE 5,EXT
2025-12-02 21:00:00,31.811774193548384,29.028870967741934,18.740483870967743,30.125448028673837,19.39068100358423,52.83870967741935,968.7258064516129,SITE 5,EXT
2025-12-02 22:00:00,31.437333333333335,28.566166666666668,18.1795,29.740740740740744,17.90740740740741,49.36666666666667,968.6763333333333,SITE 5,EXT
2025-12-02 23:00:00,22.226,20.92716666666667,13.234666666666667,29.333333333333332,18.074074074074076,51.3,968.3526666666668,SITE 5,EXT
2025-12-03 00:00:00,22.320833333333333,21.130166666666664,13.738,28.925925925925927,17.11111111111111,49.13333333333333,967.91,SITE 5,EXT
2025-12-03 01:00:00,24.809833333333334,23.440833333333334,15.146666666666667,28.61111111111111,16.666666666666668,48.7,967.6946666666666,SITE 5,EXT
2025-12-03 02:00:00,24.806333333333335,23.511166666666668,15.395166666666666,28.074074074074076,16.75925925925926,50.7,967.2943333333334,SITE 5,EXT
2025-12-03 03:00:00,25.4685,24.108333333333334,15.8165,27.77777777777778,16.574074074074073,50.666666666666664,967.2763333333334,SITE 5,EXT
2025-12-03 04:00:00,24.759999999999998,23.36274193548387,15.31516129032258,27.759856630824373,15.483870967741936,47.58064516129032,967.3035483870967,SITE 5,EXT
2025-12-03 05:00:00,41.533833333333334,37.06766666666667,23.941333333333333,27.48148148148148,13.870370370370372,43.43333333333333,967.4026666666667,SITE 5,EXT
2025-12-03 06:00:00,56.081,45.536500000000004,29.235333333333333,27.240740740740744,13.185185185185187,42.0,967.8046666666667,SITE 5,EXT
2025-12-03 07:00:00,62.76533333333334,50.87466666666667,32.74516666666667,27.870370370370374,12.907407407407408,40.03333333333333,968.8926666666666,SITE 5,EXT
2025-12-03 08:00:00,39.04516666666667,33.72833333333333,21.338,29.27777777777778,11.870370370370372,34.36666666666667,969.7046666666666,SITE 5,EXT
2025-12-03 09:00:00,19.638965517241378,18.184827586206897,11.41448275862069,31.13026819923372,10.172413793103448,27.551724137931036,969.7972413793103,SITE 5,EXT
2025-12-03 10:00:00,12.275666666666666,11.276666666666667,7.337833333333333,33.75925925925926,9.12962962962963,21.933333333333334,969.4069999999999,SITE 5,EXT
2025-12-03 11:00:00,11.924666666666667,10.7585,6.9863333333333335,35.5,8.425925925925927,18.933333333333334,968.6856666666666,SITE 5,EXT
2025-12-03 12:00:00,8.38758064516129,7.502580645161291,4.726451612903226,36.541218637992834,7.383512544802867,16.677419354838708,967.4635483870967,SITE 5,EXT
2025-12-03 13:00:00,14.028833333333333,12.686833333333334,7.9784999999999995,37.68518518518519,7.5925925925925934,15.833333333333334,966.3539999999999,SITE 5,EXT
2025-12-03 14:00:00,12.6915,11.602666666666666,7.576833333333334,37.62962962962963,8.555555555555555,16.966666666666665,965.3240000000001,SITE 5,EXT
2025-12-03 15:00:00,12.618666666666666,11.170666666666667,7.1045,36.81481481481482,9.314814814814815,18.666666666666668,965.0643333333334,SITE 5,EXT
2025-12-03 16:00:00,14.867833333333332,13.821,9.2905,36.72222222222222,9.61111111111111,19.233333333333334,965.1646666666667,SITE 5,EXT
2025-12-03 17:00:00,29.166666666666668,26.086333333333336,17.088166666666666,35.75925925925926,10.185185185185185,20.966666666666665,965.713,SITE 5,EXT
2025-12-03 18:00:00,55.792,45.2315,29.193666666666665,33.92592592592593,10.314814814814815,23.6,966.4639999999999,SITE 5,EXT
2025-12-03 19:00:00,102.18383333333333,92.2335,56.44766666666667,33.333333333333336,10.685185185185185,24.966666666666665,967.5916666666667,SITE 5,EXT
2025-12-03 20:00:00,141.69548387096776,130.36451612903227,74.16822580645162,33.333333333333336,10.68100358422939,24.967741935483872,968.3074193548387,SITE 5,EXT
2025-12-03 21:00:00,112.28933333333333,101.42583333333333,59.37166666666667,32.98148148148148,11.444444444444445,27.066666666666666,968.894,SITE 5,EXT
2025-12-03 22:00:00,154.79066666666668,141.99433333333334,79.72433333333333,32.31481481481482,13.0,31.033333333333335,969.1656666666667,SITE 5,EXT
2025-12-03 23:00:00,122.857,112.22733333333333,62.94766666666667,31.444444444444446,12.592592592592592,31.766666666666666,969.007,SITE 5,EXT
2025-12-04 00:00:00,42.64,36.743833333333335,23.0015,30.75925925925926,10.37037037037037,28.4,968.9353333333333,SITE 5,EXT
2025-12-04 01:00:00,20.461000000000002,18.779166666666665,11.859166666666665,28.925925925925927,9.944444444444445,30.8,968.4073333333333,SITE 5,EXT
2025-12-04 02:00:00,18.561666666666667,17.0625,10.899166666666668,27.98148148148148,9.537037037037038,31.666666666666668,967.8503333333334,SITE 5,EXT
2025-12-04 03:00:00,23.220967741935485,20.815,12.800645161290323,27.706093189964157,9.35483870967742,31.838709677419356,967.5970967741935,SITE 5,EXT
2025-12-04 04:00:00,18.568500000000004,16.6855,10.416166666666667,26.462962962962965,9.055555555555555,33.46666666666667,967.4240000000001,SITE 5,EXT
2025-12-04 05:00:00,109.454,97.08516666666667,51.220666666666666,26.037037037037035,9.092592592592592,34.5,967.9873333333333,SITE 5,EXT
2025-12-04 06:00:00,288.66183333333333,254.8336666666667,118.819,25.888888888888893,8.462962962962964,33.03333333333333,968.6039999999999,SITE 5,EXT
2025-12-04 07:00:00,180.54733333333334,157.36816666666667,76.738,26.85185185185185,7.037037037037037,28.6,969.332,SITE 5,EXT
2025-12-04 08:00:00,23.8885,20.961166666666667,12.308166666666667,28.814814814814817,6.203703703703704,23.833333333333332,969.937,SITE 5,EXT
2025-12-04 09:00:00,16.460833333333333,14.333833333333333,8.2655,29.722222222222225,5.740740740740741,21.9,970.2396666666666,SITE 5,EXT
2025-12-04 10:00:00,12.929666666666666,11.118166666666667,6.217666666666667,31.64814814814815,6.0,19.933333333333334,969.8556666666666,SITE 5,EXT
2025-12-04 11:00:00,11.073387096774193,9.572903225806451,5.4188709677419356,33.87096774193548,6.451612903225806,18.161290322580644,969.1222580645161,SITE 5,EXT
2025-12-04 12:00:00,9.77,8.171333333333333,4.5264999999999995,35.87037037037037,6.703703703703704,16.4,968.039,SITE 5,EXT
2025-12-04 13:00:00,8.476833333333333,7.106166666666667,4.0745,37.55555555555556,7.074074074074074,15.333333333333334,967.0849999999999,SITE 5,EXT
2025-12-04 14:00:00,9.873333333333333,8.483666666666666,4.851,37.74074074074074,7.444444444444445,15.533333333333333,966.1293333333334,SITE 5,EXT
2025-12-04 15:00:00,10.237666666666666,8.967833333333335,5.2476666666666665,37.648148148148145,8.037037037037038,16.333333333333332,965.8393333333333,SITE 5,EXT
2025-12-04 16:00:00,10.539166666666667,9.062166666666666,5.316,37.03703703703704,8.555555555555555,17.6,965.9590000000001,SITE 5,EXT
2025-12-04 17:00:00,28.438,24.944333333333336,15.693166666666666,35.092592592592595,8.981481481481483,20.066666666666666,966.2696666666667,SITE 5,EXT
2025-12-04 18:00:00,86.82766666666666,76.59349999999999,45.06483333333333,33.25925925925926,9.092592592592592,22.533333333333335,966.899,SITE 5,EXT
2025-12-04 19:00:00,160.7808064516129,145.64564516129033,79.70467741935484,32.598566308243726,9.121863799283155,23.35483870967742,967.6435483870968,SITE 5,EXT
2025-12-04 20:00:00,105.53916666666667,95.05716666666667,53.71633333333333,31.77777777777778,8.407407407407408,23.266666666666666,968.35,SITE 5,EXT
2025-12-04 21:00:00,120.92583333333333,109.47233333333334,59.55566666666667,31.074074074074076,7.740740740740742,23.1,968.8743333333333,SITE 5,EXT
2025-12-04 22:00:00,121.145,108.47416666666666,58.776500000000006,30.48148148148148,7.833333333333334,24.333333333333332,969.099,SITE 5,EXT
2025-12-04 23:00:00,92.3025,82.95700000000001,48.093333333333334,29.888888888888893,9.75925925925926,28.733333333333334,969.0173333333333,SITE 5,EXT
2025-12-05 00:00:00,69.46849999999999,59.723333333333336,35.26133333333333,28.03703703703704,9.555555555555555,31.466666666666665,969.0033333333333,SITE 5,EXT
2025-12-05 01:00:00,23.295666666666666,20.425666666666665,12.701500000000001,27.61111111111111,8.000000000000002,29.266666666666666,968.4866666666666,SITE 5,EXT
2025-12-05 02:00:00,20.805806451612902,18.807741935483868,12.063709677419356,27.401433691756274,8.189964157706093,29.774193548387096,968.0448387096774,SITE 5,EXT
2025-12-05 03:00:00,20.919500000000003,18.901166666666665,12.060666666666666,26.592592592592595,8.537037037037038,32.2,967.8476666666667,SITE 5,EXT
2025-12-05 04:00:00,23.302333333333333,21.30933333333333,13.637166666666667,26.11111111111111,8.75925925925926,33.4,967.9113333333333,SITE 5,EXT
2025-12-05 05:00:00,32.138333333333335,29.12,18.12,26.11111111111111,9.444444444444445,35.0,968.1066666666667,SITE 5,EXT
2025-12-05 07:00:00,70.4896,59.1954,37.493199999999995,27.444444444444446,8.422222222222222,30.52,969.2556,SITE 5,EXT
2025-12-05 08:00:00,63.1585,52.33383333333333,33.18066666666667,29.962962962962965,7.75925925925926,24.966666666666665,969.8050000000001,SITE 5,EXT
2025-12-05 09:00:00,29.832,26.797,17.09333333333333,30.37037037037037,6.888888888888889,22.966666666666665,970.1233333333333,SITE 5,EXT
2025-12-05 10:00:00,22.367833333333333,20.92233333333333,14.463500000000002,32.74074074074074,4.925925925925926,17.266666666666666,970.0136666666666,SITE 5,EXT
2025-12-05 11:00:00,16.6285,15.661166666666666,10.9605,35.37037037037037,4.833333333333333,14.866666666666667,969.3423333333334,SITE 5,EXT
2025-12-05 12:00:00,13.15983870967742,12.040645161290323,8.224193548387097,36.845878136200724,3.9426523297491043,12.806451612903226,968.3635483870968,SITE 5,EXT
2025-12-05 13:00:00,14.9255,13.9415,9.726833333333333,37.46296296296296,4.148148148148149,12.533333333333333,967.5066666666667,SITE 5,EXT
2025-12-05 14:00:00,15.923833333333334,15.051666666666668,10.786499999999998,38.166666666666664,4.296296296296296,12.066666666666666,966.831,SITE 5,EXT
2025-12-05 15:00:00,16.561833333333333,15.615833333333335,11.148333333333333,37.87037037037037,4.611111111111112,12.766666666666667,966.4426666666666,SITE 5,EXT
2025-12-05 16:00:00,22.67866666666667,21.482166666666668,15.131,37.25925925925926,5.12962962962963,13.566666666666666,966.3983333333333,SITE 5,EXT
2025-12-05 17:00:00,46.88133333333334,38.79633333333334,25.592333333333332,35.53703703703704,6.351851851851852,16.4,966.8656666666667,SITE 5,EXT
2025-12-05 18:00:00,86.66283333333334,79.26849999999999,51.83883333333333,33.40740740740741,7.685185185185186,20.333333333333332,967.3979999999999,SITE 5,EXT
2025-12-05 19:00:00,97.36383333333333,89.48616666666666,57.497166666666665,32.90740740740741,7.574074074074074,20.733333333333334,968.211,SITE 5,EXT
2025-12-05 20:00:00,83.17516666666667,76.955,51.07533333333333,32.0,6.962962962962963,20.966666666666665,969.0556666666666,SITE 5,EXT
2025-12-05 21:00:00,72.316,61.9925,41.19233333333333,31.222222222222225,6.944444444444445,21.633333333333333,969.7013333333333,SITE 5,EXT
2025-12-05 22:00:00,55.66383333333333,45.62966666666667,30.519833333333334,30.518518518518523,5.777777777777778,21.0,969.7546666666666,SITE 5,EXT
2025-12-05 23:00:00,39.49633333333334,34.27583333333334,23.0655,30.14814814814815,5.166666666666667,20.466666666666665,969.5876666666667,SITE 5,EXT
2025-12-06 00:00:00,34.033166666666666,30.511,20.677833333333336,29.444444444444446,5.12962962962963,21.366666666666667,969.0906666666667,SITE 5,EXT
2025-12-06 01:00:00,24.944,23.6805,16.439,28.85185185185185,5.018518518518518,22.0,968.6683333333333,SITE 5,EXT
2025-12-06 02:00:00,25.361333333333334,23.975166666666667,16.464833333333335,28.166666666666668,4.925925925925926,22.5,968.237,SITE 5,EXT
2025-12-06 03:00:00,26.157333333333334,24.718,17.169666666666668,27.31481481481482,5.592592592592593,25.1,968.0026666666668,SITE 5,EXT
2025-12-06 04:00:00,51.739000000000004,42.74983333333333,27.965,26.51851851851852,8.12962962962963,31.3,968.4793333333333,SITE 5,EXT
2025-12-06 05:00:00,51.415166666666664,42.5635,27.829333333333334,23.703703703703706,9.12962962962963,39.833333333333336,968.6623333333333,SITE 5,EXT
2025-12-06 06:00:00,56.31333333333334,45.80733333333333,29.685333333333336,24.11111111111111,7.75925925925926,35.46666666666667,969.1129999999999,SITE 5,EXT
2025-12-06 07:00:00,101.09400000000001,90.90666666666667,55.14,27.185185185185183,8.425925925925927,30.766666666666666,969.5063333333333,SITE 5,EXT
2025-12-06 08:00:00,69.69209677419354,59.25290322580645,37.4441935483871,31.415770609318997,6.899641577060931,21.612903225806452,969.953870967742,SITE 5,EXT
2025-12-06 09:00:00,47.74216666666667,39.99133333333334,26.526,30.90740740740741,5.240740740740741,19.766666666666666,970.0939999999999,SITE 5,EXT
2025-12-06 10:00:00,23.271,21.661,14.668666666666667,33.333333333333336,4.685185185185186,16.566666666666666,969.8080000000001,SITE 5,EXT
2025-12-06 11:00:00,26.285833333333336,24.119666666666667,16.262333333333334,35.44444444444445,5.203703703703704,15.2,969.2623333333333,SITE 5,EXT
2025-12-06 12:00:00,14.9495,13.659666666666668,9.234166666666665,37.18518518518519,3.981481481481482,12.6,968.2343333333333,SITE 5,EXT
2025-12-06 13:00:00,13.776,12.538166666666665,8.446166666666667,38.12962962962963,3.981481481481482,12.0,967.2503333333333,SITE 5,EXT
2025-12-06 14:00:00,36.37966666666667,33.04516666666667,22.2575,38.64814814814815,4.462962962962963,11.966666666666667,966.5446666666667,SITE 5,EXT
2025-12-06 15:00:00,20.65666666666667,18.745,12.321333333333333,37.98148148148149,4.703703703703704,12.8,966.0686666666667,SITE 5,EXT
2025-12-06 16:00:00,17.238833333333332,15.945166666666667,10.613499999999998,36.72222222222222,5.12962962962963,13.9,965.9043333333334,SITE 5,EXT
2025-12-06 17:00:00,43.40983333333334,36.380833333333335,23.605666666666664,35.166666666666664,6.388888888888889,16.833333333333332,966.1866666666666,SITE 5,EXT
2025-12-06 18:00:00,73.088,62.23233333333334,40.211666666666666,32.92592592592593,6.814814814814815,19.666666666666668,966.8146666666667,SITE 5,EXT
2025-12-06 19:00:00,99.30066666666667,93.17633333333333,61.35116666666667,32.333333333333336,6.740740740740741,20.166666666666668,967.6413333333334,SITE 5,EXT
2025-12-06 20:00:00,109.38166666666666,102.18766666666667,65.3045,31.75925925925926,6.555555555555556,20.766666666666666,968.6536666666667,SITE 5,EXT
2025-12-06 21:00:00,85.21083333333333,77.122,50.391333333333336,30.722222222222225,6.185185185185186,21.066666666666666,969.4133333333334,SITE 5,EXT
2025-12-06 22:00:00,58.16566666666667,47.885999999999996,31.592166666666667,30.48148148148148,5.537037037037037,21.0,969.6993333333334,SITE 5,EXT
2025-12-06 23:00:00,39.662333333333336,33.793,22.095166666666668,30.074074074074073,5.12962962962963,20.8,969.538,SITE 5,EXT
2025-12-07 00:00:00,30.13516666666667,27.348333333333336,19.0005,30.037037037037035,5.444444444444445,20.966666666666665,969.1650000000001,SITE 5,EXT
2025-12-07 01:00:00,27.932833333333335,25.115666666666666,16.694666666666667,29.555555555555557,5.462962962962963,21.733333333333334,968.707,SITE 5,EXT
2025-12-07 02:00:00,23.559,22.061333333333334,14.939166666666667,27.222222222222225,5.277777777777778,24.6,968.4006666666667,SITE 5,EXT
2025-12-07 03:00:00,22.509166666666665,20.869833333333336,14.080166666666667,26.592592592592595,4.907407407407407,24.966666666666665,968.061,SITE 5,EXT
2025-12-07 04:00:00,22.0435,20.43933333333333,13.502,26.666666666666668,4.462962962962963,24.0,968.0216666666668,SITE 5,EXT
2025-12-07 05:00:00,37.25716666666666,32.343833333333336,21.2485,26.722222222222225,5.740740740740741,26.266666666666666,968.4463333333333,SITE 5,EXT
2025-12-07 06:00:00,60.46716666666667,48.73383333333334,31.47416666666667,26.40740740740741,8.11111111111111,31.566666666666666,969.0726666666667,SITE 5,EXT
2025-12-07 07:00:00,65.54583333333333,54.00516666666667,34.9295,26.870370370370374,9.61111111111111,34.03333333333333,969.4943333333334,SITE 5,EXT
2025-12-07 08:00:00,62.45,51.105645161290326,32.95629032258064,30.555555555555557,7.437275985663083,23.580645161290324,969.8767741935484,SITE 5,EXT
2025-12-07 09:00:00,74.373125,65.579375,42.006875,30.0,6.736111111111112,23.125,970.00875,SITE 5,EXT
2025-12-07 19:00:00,103.41239130434784,96.5041304347826,63.445869565217386,31.06280193236715,7.198067632850242,22.52173913043478,967.9960869565217,SITE 5,EXT
2025-12-07 20:00:00,69.62116666666665,57.243500000000004,37.176500000000004,31.77777777777778,5.277777777777778,18.8,968.724,SITE 5,EXT
2025-12-07 21:00:00,53.3075,45.003166666666665,29.063,31.185185185185187,5.5,19.766666666666666,969.6566666666666,SITE 5,EXT
2025-12-07 22:00:00,28.16166666666667,25.368166666666664,15.968,30.240740740740744,5.092592592592593,20.366666666666667,969.9046666666667,SITE 5,EXT
2025-12-07 23:00:00,21.667666666666666,19.705499999999997,12.541,29.5,4.944444444444445,21.0,969.7203333333333,SITE 5,EXT
2025-12-08 00:00:00,20.041833333333333,18.355666666666664,11.825166666666666,28.703703703703702,4.814814814814815,21.866666666666667,969.5283333333333,SITE 5,EXT
2025-12-08 01:00:00,21.628833333333333,19.769166666666667,12.605500000000001,28.074074074074076,5.037037037037037,22.8,968.9166666666666,SITE 5,EXT
2025-12-08 02:00:00,22.538666666666664,20.620333333333335,13.390333333333333,27.351851851851855,4.777777777777778,23.433333333333334,968.2403333333333,SITE 5,EXT
2025-12-08 03:00:00,25.136000000000003,22.839833333333335,15.267,26.62962962962963,4.740740740740741,24.533333333333335,968.0613333333333,SITE 5,EXT
2025-12-08 04:00:00,46.10816666666666,41.37083333333333,26.014833333333335,25.666666666666668,4.555555555555556,25.933333333333334,968.063,SITE 5,EXT
2025-12-08 05:00:00,43.12916666666667,36.411500000000004,23.568666666666665,25.12962962962963,3.537037037037037,24.7,968.2633333333334,SITE 5,EXT
2025-12-08 06:00:00,55.6245,45.0895,29.456166666666665,25.222222222222225,3.6481481481481484,24.9,968.7066666666667,SITE 5,EXT
2025-12-08 07:00:00,72.26241935483871,62.025000000000006,39.28790322580645,27.56272401433692,4.85663082437276,23.580645161290324,969.4300000000001,SITE 5,EXT
2025-12-08 08:00:00,54.15916666666667,44.64816666666666,28.258166666666668,30.166666666666668,4.62962962962963,19.733333333333334,970.0759999999999,SITE 5,EXT
2025-12-08 09:00:00,19.610666666666667,17.46333333333333,10.3495,30.240740740740744,3.2962962962962963,17.733333333333334,970.1953333333333,SITE 5,EXT
2025-12-08 10:00:00,13.5335,11.828666666666667,6.872333333333333,33.62962962962963,4.037037037037037,15.466666666666667,969.9316666666667,SITE 5,EXT
2025-12-08 11:00:00,14.924833333333334,13.097000000000001,7.8116666666666665,35.666666666666664,5.388888888888888,15.166666666666666,969.2753333333333,SITE 5,EXT
2025-12-08 12:00:00,40.61083333333333,37.3605,21.269166666666663,37.907407407407405,5.37037037037037,13.466666666666667,968.1153333333333,SITE 5,EXT
2025-12-08 13:00:00,14.091666666666667,12.29,7.3045,39.31481481481481,5.092592592592593,12.166666666666666,967.1556666666667,SITE 5,EXT
2025-12-08 14:00:00,13.739833333333333,12.031166666666667,7.302333333333333,39.68518518518519,5.5,12.2,966.4726666666667,SITE 5,EXT
2025-12-08 15:00:00,14.404166666666667,12.821499999999999,7.867333333333333,39.44444444444444,5.388888888888888,12.333333333333334,966.0786666666667,SITE 5,EXT
2025-12-08 16:00:00,16.300833333333333,14.3985,9.043666666666667,38.57407407407408,6.092592592592593,13.533333333333333,966.278,SITE 5,EXT
2025-12-08 17:00:00,36.304833333333335,30.287,19.042666666666666,36.407407407407405,7.462962962962964,16.833333333333332,966.6376666666667,SITE 5,EXT
2025-12-08 18:00:00,104.43383333333333,96.2945,60.7855,33.81481481481482,8.12962962962963,20.5,967.6039999999999,SITE 5,EXT
2025-12-08 19:00:00,145.04266666666666,135.00883333333334,85.21683333333334,32.68518518518518,8.814814814814815,23.0,968.6273333333334,SITE 5,EXT
2025-12-08 20:00:00,113.819,105.86083333333333,68.94983333333333,32.27777777777778,8.666666666666666,23.1,969.5566666666667,SITE 5,EXT
2025-12-08 21:00:00,90.90283333333333,82.61366666666666,53.480333333333334,31.87037037037037,8.555555555555555,23.666666666666668,970.1603333333334,SITE 5,EXT
2025-12-08 22:00:00,68.64899999999999,56.69766666666667,36.809666666666665,30.14814814814815,8.611111111111112,26.233333333333334,970.441,SITE 5,EXT
2025-12-08 23:00:00,40.44233333333333,34.38133333333334,22.01833333333333,29.14814814814815,8.25925925925926,27.066666666666666,970.1286666666667,SITE 5,EXT
2025-12-09 00:00:00,31.2315,27.92366666666667,17.668499999999998,29.425925925925927,8.407407407407408,27.0,969.654,SITE 5,EXT
2025-12-09 01:00:00,30.121,27.007166666666667,16.755333333333333,28.64814814814815,8.722222222222223,28.466666666666665,969.197,SITE 5,EXT
2025-12-09 02:00:00,26.26833333333333,23.830166666666667,14.759500000000001,27.90740740740741,8.74074074074074,30.033333333333335,968.785,SITE 5,EXT
2025-12-09 03:00:00,29.107666666666667,26.389333333333333,16.8725,27.370370370370374,9.148148148148149,31.733333333333334,968.8696666666667,SITE 5,EXT
2025-12-09 04:00:00,31.9455,28.622833333333332,18.2955,26.27777777777778,10.38888888888889,37.13333333333333,968.7080000000001,SITE 5,EXT
2025-12-09 05:00:00,31.085666666666665,27.625333333333334,17.738666666666667,25.944444444444446,9.12962962962963,34.733333333333334,968.8953333333334,SITE 5,EXT
2025-12-09 06:00:00,48.836666666666666,39.866166666666665,25.458166666666667,25.51851851851852,9.296296296296298,36.03333333333333,969.6873333333333,SITE 5,EXT
2025-12-09 07:00:00,66.4605,55.604166666666664,35.74666666666667,25.85185185185185,10.629629629629628,38.666666666666664,970.5963333333333,SITE 5,EXT
2025-12-09 08:00:00,54.17032258064516,43.976129032258065,28.583064516129035,28.31541218637993,11.523297491039427,35.516129032258064,971.1383870967742,SITE 5,EXT
2025-12-09 09:00:00,41.776833333333336,35.434666666666665,22.988833333333332,31.592592592592595,10.75925925925926,28.0,971.3223333333334,SITE 5,EXT
2025-12-09 10:00:00,34.364333333333335,30.515666666666668,19.966,34.24074074074074,10.074074074074074,22.833333333333332,971.0206666666667,SITE 5,EXT
2025-12-09 11:00:00,22.056833333333334,20.271833333333333,13.41,36.64814814814815,8.907407407407408,18.5,970.2143333333333,SITE 5,EXT
2025-12-09 12:00:00,26.253833333333333,23.83533333333333,15.587333333333333,38.01851851851852,8.24074074074074,16.333333333333332,969.2996666666667,SITE 5,EXT
2025-12-09 13:00:00,24.225,21.977500000000003,14.1425,37.51851851851852,8.166666666666668,16.533333333333335,968.3043333333334,SITE 5,EXT
2025-12-09 14:00:00,26.411,23.765833333333333,15.567,37.87037037037037,8.833333333333334,17.166666666666668,967.7276666666666,SITE 5,EXT
2025-12-09 15:00:00,23.65758064516129,21.464354838709678,13.933870967741935,37.92114695340502,9.641577060931901,18.06451612903226,967.4851612903226,SITE 5,EXT
2025-12-09 16:00:00,26.02583333333333,23.8815,15.615333333333334,37.12962962962963,10.0,19.333333333333332,967.744,SITE 5,EXT
2025-12-09 17:00:00,52.018,43.00483333333333,27.223,35.0,10.518518518518517,22.466666666666665,968.287,SITE 5,EXT
2025-12-09 18:00:00,76.3005,67.7445,43.539,32.90740740740741,11.574074074074074,27.266666666666666,968.9633333333334,SITE 5,EXT
2025-12-09 19:00:00,92.00816666666667,86.268,54.630833333333335,32.46296296296296,11.537037037037038,27.866666666666667,969.5210000000001,SITE 5,EXT
2025-12-09 20:00:00,92.26716666666667,85.94133333333333,54.777833333333334,31.944444444444446,11.407407407407408,28.566666666666666,970.3293333333334,SITE 5,EXT
2025-12-09 21:00:00,75.53099999999999,66.27216666666666,40.87033333333333,31.12962962962963,11.203703703703702,29.4,970.9043333333334,SITE 5,EXT
2025-12-09 22:00:00,86.89716666666666,76.86883333333334,48.61183333333334,30.40740740740741,11.592592592592592,31.466666666666665,970.871,SITE 5,EXT
2025-12-09 23:00:00,81.09883333333333,70.96350000000001,45.55533333333334,30.055555555555554,11.870370370370372,32.666666666666664,970.675,SITE 5,EXT
2025-12-10 00:00:00,60.08316666666666,48.1155,31.119000000000003,29.833333333333332,11.814814814814815,32.733333333333334,970.2576666666666,SITE 5,EXT
2025-12-10 01:00:00,105.1040322580645,91.31161290322581,51.586129032258064,28.78136200716846,11.756272401433693,35.064516129032256,969.6103225806451,SITE 5,EXT
2025-12-10 02:00:00,43.78066666666667,36.831,23.8215,27.925925925925927,12.074074074074074,37.5,969.222,SITE 5,EXT
2025-12-10 03:00:00,31.945666666666668,29.2015,19.357166666666668,27.77777777777778,12.055555555555555,38.0,968.9693333333333,SITE 5,EXT
2025-12-10 04:00:00,53.1805,45.11816666666667,29.710833333333333,27.740740740740744,13.222222222222223,40.96666666666667,969.3253333333333,SITE 5,EXT
2025-12-10 05:00:00,62.115,50.94666666666667,33.75033333333333,27.62962962962963,13.25925925925926,41.43333333333333,969.7653333333333,SITE 5,EXT
2025-12-10 06:00:00,77.95166666666667,69.31700000000001,45.467333333333336,27.555555555555557,13.777777777777779,42.766666666666666,970.2496666666667,SITE 5,EXT
2025-12-10 07:00:00,84.1875,76.37833333333333,49.50816666666666,28.03703703703704,13.574074074074074,41.36666666666667,970.7800000000001,SITE 5,EXT
2025-12-10 08:00:00,68.28451612903227,58.843870967741935,37.763064516129035,30.770609318996417,14.516129032258064,37.54838709677419,971.3906451612903,SITE 5,EXT
2025-12-10 09:00:00,40.602333333333334,34.83433333333333,22.81833333333333,31.240740740740744,17.333333333333332,43.46666666666667,971.6080000000001,SITE 5,EXT
2025-12-10 10:00:00,41.467166666666664,35.54516666666667,23.426333333333332,33.092592592592595,18.018518518518523,41.1,971.1146666666666,SITE 5,EXT
2025-12-10 11:00:00,38.35733333333334,33.455666666666666,22.124000000000002,35.22222222222222,16.90740740740741,34.0,970.3223333333333,SITE 5,EXT
2025-12-10 12:00:00,42.594166666666666,36.517833333333336,23.985,37.2037037037037,15.407407407407408,27.633333333333333,969.26,SITE 5,EXT
2025-12-10 13:00:00,42.36366666666667,35.632333333333335,22.968,38.333333333333336,13.833333333333334,23.3,968.196,SITE 5,EXT
2025-12-10 14:00:00,37.62316666666666,32.597166666666666,21.426333333333332,38.7962962962963,12.648148148148149,21.033333333333335,967.4863333333334,SITE 5,EXT
2025-12-10 15:00:00,39.51838709677419,33.578870967741935,21.761451612903226,38.369175627240146,12.222222222222223,20.967741935483872,967.0516129032258,SITE 5,EXT
2025-12-10 16:00:00,104.82016666666667,94.38733333333333,52.723,37.74074074074074,12.666666666666666,22.366666666666667,967.129,SITE 5,EXT
2025-12-10 17:00:00,81.36866666666667,71.54366666666667,43.10916666666667,36.092592592592595,13.055555555555555,25.133333333333333,967.5553333333334,SITE 5,EXT
2025-12-10 18:00:00,89.645,81.81666666666666,51.78966666666667,34.18518518518519,13.12962962962963,28.066666666666666,968.388,SITE 5,EXT
2025-12-10 19:00:00,110.7465,103.32050000000001,66.986,33.44444444444444,12.51851851851852,28.2,969.0363333333333,SITE 5,EXT
2025-12-10 20:00:00,110.32362068965516,103.26120689655171,67.33017241379311,32.8544061302682,12.681992337164752,29.482758620689655,969.7337931034482,SITE 5,EXT
2025-12-10 21:00:00,151.25050000000002,140.10966666666667,87.1715,31.666666666666668,12.685185185185187,31.666666666666668,970.2586666666666,SITE 5,EXT
2025-12-10 22:00:00,133.5225,123.41283333333334,76.462,31.055555555555557,12.814814814814815,32.9,970.3083333333333,SITE 5,EXT
2025-12-10 23:00:00,99.4535,90.04883333333333,57.06433333333334,29.833333333333332,13.592592592592592,37.36666666666667,970.1296666666666,SITE 5,EXT
2025-12-11 00:00:00,61.14866666666667,49.260666666666665,31.969833333333334,29.240740740740744,14.611111111111112,41.233333333333334,969.8366666666666,SITE 5,EXT
2025-12-11 01:00:00,53.17316666666667,43.5015,28.0475,28.222222222222225,15.722222222222223,46.93333333333333,969.36,SITE 5,EXT
2025-12-11 02:00:00,49.19883333333333,40.733666666666664,26.455499999999997,27.888888888888893,16.537037037037038,50.3,968.886,SITE 5,EXT
2025-12-11 03:00:00,49.20448275862069,40.783965517241384,26.475172413793103,27.720306513409962,16.302681992337163,50.6551724137931,968.713448275862,SITE 5,EXT
2025-12-11 04:00:00,52.137166666666666,42.882333333333335,27.954833333333333,27.944444444444446,16.37037037037037,49.93333333333333,968.8556666666666,SITE 5,EXT
2025-12-11 05:00:00,185.35616666666664,171.596,98.11816666666667,28.12962962962963,16.87037037037037,50.7,969.322,SITE 5,EXT
2025-12-11 06:00:00,159.43716666666666,149.8305,92.72116666666668,27.666666666666668,16.40740740740741,50.833333333333336,969.84,SITE 5,EXT
2025-12-11 07:00:00,146.05249999999998,136.83133333333336,85.57466666666666,28.27777777777778,14.75925925925926,44.3,970.4406666666667,SITE 5,EXT
2025-12-11 08:00:00,74.33483333333334,64.58733333333333,41.59066666666667,30.85185185185185,15.185185185185185,38.93333333333333,970.8296666666666,SITE 5,EXT
2025-12-11 09:00:00,53.381499999999996,43.936166666666665,28.74416666666667,32.62962962962963,18.12962962962963,42.333333333333336,970.86,SITE 5,EXT
2025-12-11 10:00:00,48.35327586206896,40.27275862068966,26.516206896551726,34.214559386973185,18.869731800766285,40.689655172413794,970.1941379310346,SITE 5,EXT
2025-12-11 11:00:00,46.20233333333333,38.6945,25.618666666666666,35.96296296296296,18.14814814814815,35.36666666666667,969.259,SITE 5,EXT
2025-12-11 12:00:00,42.440892857142856,35.910357142857144,23.446607142857143,37.00396825396825,16.26984126984127,29.642857142857142,968.2785714285714,SITE 5,EXT
2025-12-11 13:00:00,37.26275862068965,32.39706896551724,21.194827586206895,38.00766283524904,14.329501915708812,24.551724137931036,967.2468965517241,SITE 5,EXT
2025-12-11 14:00:00,34.92466666666667,31.025666666666666,20.352833333333333,38.5,13.370370370370372,22.4,966.447,SITE 5,EXT
2025-12-11 15:00:00,34.94866666666667,30.856833333333334,19.8995,38.833333333333336,11.444444444444446,19.366666666666667,966.0983333333334,SITE 5,EXT
2025-12-11 16:00:00,34.42733333333333,30.721,20.015333333333334,37.98148148148149,12.314814814814815,21.533333333333335,965.9513333333333,SITE 5,EXT
2025-12-11 17:00:00,48.135999999999996,40.019,25.875666666666667,36.092592592592595,13.444444444444446,25.966666666666665,966.2710000000001,SITE 5,EXT
2025-12-11 18:00:00,91.48448275862069,82.69344827586207,52.59344827586207,33.94636015325671,13.659003831417625,29.482758620689655,967.1324137931034,SITE 5,EXT
2025-12-11 19:00:00,152.89583333333334,141.66066666666666,87.264,33.48148148148149,13.333333333333334,29.6,968.1273333333334,SITE 5,EXT
2025-12-11 20:00:00,69.21350000000001,58.834666666666664,38.16366666666667,32.42592592592593,9.722222222222223,24.6,969.0106666666667,SITE 5,EXT
2025-12-11 21:00:00,60.936166666666665,48.64633333333334,31.703500000000002,31.77777777777778,8.037037037037038,23.033333333333335,969.3696666666667,SITE 5,EXT
2025-12-11 22:00:00,52.39149999999999,42.44666666666667,27.45716666666667,31.11111111111111,8.11111111111111,24.033333333333335,969.4413333333333,SITE 5,EXT
2025-12-11 23:00:00,65.56983333333334,53.083333333333336,34.723166666666664,30.574074074074076,8.981481481481483,26.166666666666668,969.0463333333333,SITE 5,EXT
2025-12-12 00:00:00,69.77483333333333,56.693999999999996,36.128166666666665,29.592592592592595,9.203703703703704,28.2,968.4770000000001,SITE 5,EXT
2025-12-12 01:00:00,67.00066666666666,53.65333333333333,34.48433333333333,28.555555555555557,10.481481481481483,32.7,967.918,SITE 5,EXT
2025-12-12 02:00:00,66.63689655172413,53.85155172413793,34.632586206896555,27.796934865900386,12.241379310344827,38.41379310344828,967.463448275862,SITE 5,EXT
2025-12-12 03:00:00,56.108333333333334,45.478500000000004,29.7105,27.53703703703704,12.574074074074074,39.86666666666667,967.0826666666667,SITE 5,EXT
2025-12-12 04:00:00,52.46966666666666,42.97633333333333,27.957333333333334,27.40740740740741,12.870370370370372,41.13333333333333,967.3626666666667,SITE 5,EXT
2025-12-12 05:00:00,57.22516666666666,46.433,30.396166666666666,27.11111111111111,13.981481481481483,44.833333333333336,967.606,SITE 5,EXT
2025-12-12 06:00:00,65.82666666666667,54.9475,36.4675,27.62962962962963,15.555555555555555,48.233333333333334,968.0496666666666,SITE 5,EXT
2025-12-12 07:00:00,56.08566666666666,45.590333333333334,29.486333333333334,28.462962962962965,16.5,48.6,968.8323333333334,SITE 5,EXT
2025-12-12 08:00:00,52.391666666666666,42.98799999999999,27.767999999999997,30.870370370370374,18.462962962962965,48.4,969.4396666666667,SITE 5,EXT
2025-12-12 09:00:00,44.82866666666666,37.68566666666666,24.516333333333332,31.98148148148148,19.90740740740741,49.3,969.5580000000001,SITE 5,EXT
2025-12-12 10:00:00,42.17793103448276,36.021379310344834,23.537758620689655,34.2911877394636,19.86590038314176,43.13793103448276,969.1920689655173,SITE 5,EXT
2025-12-12 11:00:00,34.23466666666666,30.982166666666668,20.457833333333333,36.42592592592593,17.685185185185183,33.4,968.4793333333333,SITE 5,EXT
2025-12-12 12:00:00,37.504,32.82266666666667,21.559833333333334,38.5,17.203703703703702,28.766666666666666,967.3603333333334,SITE 5,EXT
2025-12-12 13:00:00,42.76683333333334,36.1795,23.721333333333334,37.24074074074074,15.925925925925926,28.5,966.3033333333333,SITE 5,EXT
2025-12-12 14:00:00,39.963166666666666,34.30866666666667,22.612666666666666,38.46296296296296,13.75925925925926,22.966666666666665,965.4789999999999,SITE 5,EXT
2025-12-12 15:00:00,37.13033333333333,32.585166666666666,21.341833333333334,38.777777777777786,12.962962962962964,21.533333333333335,964.8943333333334,SITE 5,EXT
2025-12-12 16:00:00,42.133,36.155833333333334,23.800166666666666,37.77777777777778,12.981481481481483,22.766666666666666,964.7383333333333,SITE 5,EXT
2025-12-12 17:00:00,53.842666666666666,44.263,28.631666666666668,35.7037037037037,13.351851851851853,26.266666666666666,965.2496666666667,SITE 5,EXT
2025-12-12 18:00:00,83.57199999999999,77.00266666666667,48.799,34.166666666666664,13.870370370370372,29.6,966.1053333333333,SITE 5,EXT
2025-12-12 19:00:00,85.62049999999999,80.27416666666666,51.402,33.50000000000001,14.037037037037038,30.933333333333334,966.788,SITE 5,EXT
2025-12-12 20:00:00,86.40551724137931,81.57931034482759,53.10568965517241,33.00766283524904,13.793103448275861,31.413793103448278,967.604827586207,SITE 5,EXT
2025-12-12 21:00:00,69.93883333333333,60.462,39.0935,32.55555555555556,12.851851851851853,30.266666666666666,968.2893333333334,SITE 5,EXT
2025-12-12 22:00:00,52.1785,42.73433333333333,27.767999999999997,31.722222222222225,13.407407407407408,33.03333333333333,968.575,SITE 5,EXT
2025-12-12 23:00:00,58.29883333333333,46.822,30.415833333333335,31.462962962962965,14.185185185185185,35.233333333333334,968.4513333333333,SITE 5,EXT
2025-12-13 00:00:00,49.417500000000004,40.68866666666667,26.544,30.888888888888893,16.203703703703706,41.46666666666667,968.0753333333333,SITE 5,EXT
2025-12-13 01:00:00,49.606833333333334,41.015499999999996,26.78166666666667,30.5,16.87037037037037,44.266666666666666,967.5853333333333,SITE 5,EXT
2025-12-13 02:00:00,39.67666666666666,34.367333333333335,22.40716666666667,29.888888888888893,17.944444444444446,48.8,967.2113333333333,SITE 5,EXT
2025-12-13 03:00:00,38.708,33.80316666666667,22.144166666666667,28.888888888888893,18.12962962962963,52.86666666666667,967.455,SITE 5,EXT
2025-12-13 04:00:00,38.28966666666667,33.74033333333333,22.197666666666667,28.27777777777778,18.833333333333332,57.06666666666667,967.631,SITE 5,EXT
2025-12-13 05:00:00,38.03416666666667,33.43083333333333,21.955,28.166666666666668,18.75925925925926,57.5,967.744,SITE 5,EXT
2025-12-13 06:00:00,51.555166666666665,42.783,28.156000000000002,28.018518518518523,18.722222222222225,57.7,968.0673333333333,SITE 5,EXT
2025-12-13 07:00:00,50.25816666666667,41.847833333333334,27.300666666666665,28.833333333333332,19.203703703703706,56.8,969.0516666666666,SITE 5,EXT
2025-12-13 08:00:00,89.86183333333334,80.188,47.040333333333336,31.388888888888893,19.722222222222225,50.3,969.705,SITE 5,EXT
2025-12-13 09:00:00,37.69083333333333,33.086,21.241666666666667,32.333333333333336,19.51851851851852,46.93333333333333,969.5849999999999,SITE 5,EXT
2025-12-13 10:00:00,33.149655172413794,30.155689655172413,19.886206896551727,34.04214559386973,19.55938697318008,43.0,969.1082758620689,SITE 5,EXT
2025-12-13 11:00:00,35.59883333333333,31.959166666666665,21.166,35.27777777777778,19.11111111111111,38.86666666666667,968.3233333333334,SITE 5,EXT
2025-12-13 12:00:00,31.557666666666666,29.080666666666666,19.273666666666667,37.03703703703704,16.925925925925927,30.7,967.1353333333334,SITE 5,EXT
2025-12-13 13:00:00,27.605166666666666,25.87316666666667,17.241333333333333,37.87037037037037,15.833333333333336,27.3,966.2003333333333,SITE 5,EXT
2025-12-13 14:00:00,27.812333333333335,26.051,17.465333333333334,37.96296296296296,15.444444444444446,26.466666666666665,965.1993333333334,SITE 5,EXT
2025-12-13 15:00:00,27.87633333333333,26.1805,17.444666666666667,37.48148148148148,14.685185185185185,25.9,964.5846666666667,SITE 5,EXT
2025-12-13 16:00:00,31.5135,28.804333333333332,19.000833333333333,36.94444444444445,15.555555555555555,28.333333333333332,964.5786666666667,SITE 5,EXT
2025-12-13 17:00:00,37.28483333333334,32.6675,21.462333333333333,35.90740740740741,16.537037037037038,31.933333333333334,965.172,SITE 5,EXT
2025-12-13 18:00:00,59.23666666666667,48.720166666666664,31.513666666666666,34.851851851851855,16.685185185185187,34.06666666666667,965.8143333333334,SITE 5,EXT
2025-12-13 19:00:00,77.82241379310345,71.44620689655173,45.90534482758621,34.04214559386973,16.800766283524904,36.10344827586207,966.8489655172414,SITE 5,EXT
2025-12-13 20:00:00,61.586,49.52133333333334,32.04766666666667,33.72222222222222,16.72222222222222,36.4,967.8173333333333,SITE 5,EXT
2025-12-13 21:00:00,55.60516666666667,45.08766666666667,29.410666666666668,33.2962962962963,17.074074074074073,37.96666666666667,968.4686666666668,SITE 5,EXT
2025-12-13 22:00:00,48.584500000000006,40.2065,26.321,32.333333333333336,17.203703703703702,40.733333333333334,968.2043333333334,SITE 5,EXT
2025-12-13 23:00:00,43.434999999999995,36.63016666666667,23.953500000000002,31.388888888888893,17.555555555555554,43.9,968.117,SITE 5,EXT
2025-12-14 00:00:00,38.824333333333335,34.05583333333333,22.354833333333332,30.81481481481482,18.388888888888893,47.833333333333336,967.9556666666667,SITE 5,EXT
2025-12-14 01:00:00,37.57933333333334,33.553000000000004,22.1955,30.12962962962963,18.592592592592595,50.46666666666667,967.7,SITE 5,EXT
2025-12-14 02:00:00,35.8115,32.22566666666667,21.106333333333335,29.5,19.037037037037035,53.833333333333336,967.3413333333334,SITE 5,EXT
2025-12-14 03:00:00,35.500344827586204,32.13310344827586,21.040862068965517,29.042145593869733,19.291187739463602,56.03448275862069,967.3075862068965,SITE 5,EXT
2025-12-14 04:00:00,37.2355,33.13733333333333,21.647666666666666,28.462962962962965,19.40740740740741,58.5,967.7626666666667,SITE 5,EXT
2025-12-14 05:00:00,40.41366666666667,35.0345,22.8325,28.333333333333336,19.685185185185183,60.03333333333333,968.1753333333334,SITE 5,EXT
2025-12-14 06:00:00,46.681000000000004,39.25916666666667,25.930666666666664,28.14814814814815,20.01851851851852,61.86666666666667,968.5246666666667,SITE 5,EXT
2025-12-14 07:00:00,47.68266666666667,39.78816666666667,25.6565,28.018518518518523,19.944444444444446,62.1,969.2246666666667,SITE 5,EXT
2025-12-14 08:00:00,44.84844827586207,37.871206896551726,24.430172413793105,29.137931034482758,20.3639846743295,59.793103448275865,969.9503448275863,SITE 5,EXT
2025-12-14 09:00:00,40.408833333333334,35.13699999999999,22.68616666666667,31.0,20.074074074074073,52.733333333333334,970.2103333333333,SITE 5,EXT
2025-12-14 10:00:00,33.53616666666667,30.527499999999996,19.65666666666667,32.870370370370374,19.925925925925927,46.9,969.756,SITE 5,EXT
2025-12-14 11:00:00,28.908,27.007166666666667,17.681833333333334,34.01851851851852,19.77777777777778,43.6,969.0603333333333,SITE 5,EXT
2025-12-14 12:00:00,28.682833333333335,26.789499999999997,17.683333333333334,35.666666666666664,19.425925925925927,38.8,968.188,SITE 5,EXT
2025-12-14 13:00:00,29.693620689655173,27.458793103448276,18.181206896551725,35.82375478927203,19.291187739463602,38.0,967.2965517241379,SITE 5,EXT
2025-12-14 14:00:00,30.110666666666667,27.944833333333335,18.270500000000002,36.351851851851855,19.055555555555557,36.46666666666667,966.4086666666666,SITE 5,EXT
2025-12-14 15:00:00,31.444166666666668,28.852666666666664,18.964499999999997,36.51851851851852,18.962962962962965,35.833333333333336,966.09,SITE 5,EXT
2025-12-14 16:00:00,34.44383333333334,30.757166666666663,20.032,35.44444444444445,18.62962962962963,37.46666666666667,966.4756666666667,SITE 5,EXT
2025-12-14 17:00:00,47.01383333333333,39.222166666666666,25.591,33.648148148148145,18.740740740740744,41.86666666666667,967.1683333333333,SITE 5,EXT
2025-12-14 18:00:00,56.9385,47.44666666666667,30.631166666666665,28.925925925925927,18.944444444444446,55.4,968.1236666666666,SITE 5,EXT
2025-12-14 19:00:00,44.723965517241375,37.883448275862065,25.050689655172416,28.007662835249043,17.088122605363985,52.10344827586207,969.1634482758622,SITE 5,EXT
2025-12-14 20:00:00,35.713499999999996,31.66866666666667,20.72716666666667,28.055555555555557,15.74074074074074,47.56666666666667,969.8493333333333,SITE 5,EXT
2025-12-14 21:00:00,35.42016666666667,31.5415,20.616,27.851851851851855,15.925925925925926,48.733333333333334,970.5669999999999,SITE 5,EXT
2025-12-14 22:00:00,37.253,32.617333333333335,21.19,27.81481481481482,15.88888888888889,48.4,970.6666666666666,SITE 5,EXT
2025-12-14 23:00:00,33.653666666666666,30.35666666666667,19.702833333333334,28.11111111111111,15.870370370370372,47.7,971.2066666666667,SITE 5,EXT
2025-12-15 00:00:00,35.5135,31.722666666666665,20.5255,25.925925925925927,18.296296296296298,63.766666666666666,971.6683333333333,SITE 5,EXT
2025-12-15 01:00:00,33.3675,30.6405,19.899,24.51851851851852,18.574074074074076,70.3,971.0003333333333,SITE 5,EXT
2025-12-15 02:00:00,40.58758620689655,35.78603448275862,22.100689655172413,24.904214559386975,19.003831417624525,70.79310344827586,970.6482758620689,SITE 5,EXT
2025-12-15 03:00:00,41.422333333333334,36.28616666666667,23.656166666666664,25.314814814814817,19.055555555555557,68.86666666666666,969.8080000000001,SITE 5,EXT
2025-12-15 04:00:00,49.1875,41.1155,25.706666666666667,24.722222222222225,18.61111111111111,69.46666666666667,969.3603333333334,SITE 5,EXT
2025-12-15 05:00:00,47.61033333333333,39.8115,25.70583333333333,24.27777777777778,18.296296296296298,69.76666666666667,969.8960000000001,SITE 5,EXT
2025-12-15 06:00:00,54.26316666666666,44.66433333333334,29.061500000000002,24.333333333333332,18.166666666666668,69.16666666666667,970.4356666666666,SITE 5,EXT
2025-12-15 07:00:00,61.59766666666667,50.04566666666666,32.66383333333333,25.37037037037037,18.333333333333332,65.66666666666667,971.255,SITE 5,EXT
2025-12-15 08:00:00,56.27724137931035,46.008793103448276,29.802758620689655,25.95785440613027,18.275862068965516,63.241379310344826,971.9506896551724,SITE 5,EXT
2025-12-15 09:00:00,54.20816666666667,44.723333333333336,28.936333333333334,27.25925925925926,19.037037037037035,61.43333333333333,972.776,SITE 5,EXT
2025-12-15 10:00:00,55.59,46.4385,29.467499999999998,29.240740740740744,19.685185185185183,56.93333333333333,972.1333333333333,SITE 5,EXT
2025-12-15 11:00:00,63.66433333333334,55.6145,33.70983333333333,29.796296296296298,19.314814814814817,53.93333333333333,971.3919999999999,SITE 5,EXT
2025-12-15 12:00:00,45.80233333333333,38.74616666666667,25.229,30.944444444444446,19.11111111111111,49.8,970.0103333333334,SITE 5,EXT
2025-12-15 13:00:00,44.25816666666666,38.3125,25.05,32.18518518518518,19.01851851851852,45.96666666666667,969.0120000000001,SITE 5,EXT
2025-12-15 14:00:00,50.873275862068965,44.9951724137931,29.85896551724138,32.79693486590038,18.42911877394636,43.0,968.3162068965516,SITE 5,EXT
2025-12-15 15:00:00,46.894666666666666,39.68816666666667,26.080499999999997,31.944444444444446,18.592592592592595,45.43333333333333,968.369,SITE 5,EXT
2025-12-15 16:00:00,55.531166666666664,47.35566666666667,29.338,31.222222222222225,18.425925925925927,46.8,968.732,SITE 5,EXT
2025-12-15 17:00:00,60.39183333333334,50.93266666666667,31.739500000000003,30.14814814814815,18.796296296296298,51.13333333333333,969.3263333333333,SITE 5,EXT
2025-12-15 18:00:00,51.67766666666667,42.8285,27.638166666666667,28.555555555555557,19.0,56.833333333333336,970.0913333333333,SITE 5,EXT
2025-12-15 19:00:00,50.591833333333334,42.10616666666667,27.405666666666665,28.314814814814817,18.87037037037037,57.266666666666666,970.677,SITE 5,EXT
2025-12-15 20:00:00,42.84879310344827,36.860689655172415,23.763965517241378,27.624521072796938,16.896551724137932,52.55172413793103,971.1841379310345,SITE 5,EXT
2025-12-15 21:00:00,33.99366666666666,30.555166666666665,19.622,26.722222222222225,15.222222222222223,49.46666666666667,971.4036666666667,SITE 5,EXT
2025-12-15 22:00:00,30.4005,28.164333333333335,17.960833333333333,26.796296296296298,15.12962962962963,49.13333333333333,971.8396666666666,SITE 5,EXT
2025-12-15 23:00:00,28.406000000000002,26.173333333333336,16.943166666666666,26.22222222222222,14.481481481481483,48.93333333333333,971.4553333333333,SITE 5,EXT
2025-12-16 00:00:00,25.785833333333336,23.749333333333333,15.198833333333333,26.055555555555554,13.88888888888889,47.53333333333333,971.4163333333333,SITE 5,EXT
2025-12-16 01:00:00,22.950666666666667,21.104,13.467833333333333,25.685185185185183,13.592592592592592,47.3,970.9449999999999,SITE 5,EXT
2025-12-16 02:00:00,21.14016666666667,19.398666666666667,12.486333333333334,25.425925925925927,12.833333333333334,46.0,970.2763333333334,SITE 5,EXT
2025-12-16 03:00:00,32.418103448275865,28.55,18.091724137931035,25.325670498084293,13.448275862068966,47.96551724137931,969.9548275862069,SITE 5,EXT
2025-12-16 04:00:00,31.824666666666666,28.72716666666667,18.137,24.740740740740744,13.351851851851853,49.733333333333334,969.8526666666668,SITE 5,EXT
2025-12-16 05:00:00,41.99183333333334,35.729,23.034,24.462962962962965,13.611111111111112,51.333333333333336,970.2866666666666,SITE 5,EXT
2025-12-16 06:00:00,55.11816666666667,44.65383333333333,28.426333333333332,24.222222222222225,13.685185185185185,52.03333333333333,970.932,SITE 5,EXT
2025-12-16 07:00:00,79.89633333333333,67.76933333333334,39.611,24.185185185185183,13.518518518518517,51.8,971.4043333333334,SITE 5,EXT
2025-12-16 08:00:00,48.466166666666666,39.97583333333333,25.6,24.666666666666668,12.981481481481483,48.46666666666667,971.86,SITE 5,EXT
2025-12-16 09:00:00,36.50948275862069,32.317068965517244,20.86603448275862,26.39846743295019,12.739463601532567,43.0,971.7279310344828,SITE 5,EXT
2025-12-16 10:00:00,29.789499999999997,27.132,17.144166666666667,28.296296296296298,12.777777777777779,38.36666666666667,971.435,SITE 5,EXT
2025-12-16 11:00:00,24.641166666666667,22.829,14.767833333333334,30.90740740740741,12.74074074074074,33.03333333333333,970.8693333333333,SITE 5,EXT
2025-12-16 12:00:00,22.356333333333335,20.680833333333332,13.459833333333334,32.25925925925926,11.777777777777779,28.766666666666666,969.776,SITE 5,EXT
2025-12-16 13:00:00,20.607333333333333,19.20633333333333,12.693000000000001,32.833333333333336,11.25925925925926,26.633333333333333,968.7523333333334,SITE 5,EXT
2025-12-16 14:00:00,17.628448275862066,16.271724137931034,10.76844827586207,32.816091954022994,10.383141762452107,25.379310344827587,968.104827586207,SITE 5,EXT
2025-12-16 15:00:00,18.394833333333334,17.046333333333333,11.370333333333333,32.851851851851855,10.574074074074074,25.433333333333334,967.743,SITE 5,EXT
2025-12-16 16:00:00,27.215333333333334,24.999833333333335,16.285166666666665,31.62962962962963,10.333333333333334,26.933333333333334,967.7616666666667,SITE 5,EXT
2025-12-16 17:00:00,43.491166666666665,37.52316666666666,24.42666666666667,30.61111111111111,10.38888888888889,28.933333333333334,968.0783333333333,SITE 5,EXT
2025-12-16 18:00:00,49.4815,40.892833333333336,26.548333333333336,29.722222222222225,10.722222222222223,30.933333333333334,968.6093333333333,SITE 5,EXT
2025-12-16 19:00:00,41.248000000000005,35.17033333333333,22.924666666666667,28.814814814814817,9.592592592592592,30.2,969.3196666666666,SITE 5,EXT
2025-12-16 20:00:00,37.7375,33.1045,21.666,28.85185185185185,9.685185185185185,30.266666666666666,970.0833333333334,SITE 5,EXT
2025-12-16 21:00:00,33.336724137931036,30.130344827586207,19.43,28.390804597701152,10.076628352490422,32.06896551724138,970.2306896551723,SITE 5,EXT
2025-12-16 22:00:00,40.03283333333333,34.38766666666667,21.740833333333335,27.944444444444446,10.703703703703702,34.3,970.025,SITE 5,EXT
2025-12-16 23:00:00,31.973666666666663,29.246333333333332,19.021333333333335,27.944444444444446,11.648148148148149,36.7,969.8610000000001,SITE 5,EXT
2025-12-17 00:00:00,31.214666666666666,28.788666666666664,18.567999999999998,26.814814814814817,12.648148148148149,41.8,969.4796666666666,SITE 5,EXT
2025-12-17 01:00:00,30.174166666666668,27.875999999999998,17.867166666666666,26.64814814814815,12.759259259259261,42.233333333333334,968.9886666666666,SITE 5,EXT
2025-12-17 02:00:00,28.845000000000002,26.6385,17.033333333333335,26.5,12.611111111111112,42.166666666666664,968.2366666666666,SITE 5,EXT
2025-12-17 03:00:00,35.655344827586205,31.435344827586206,20.034827586206895,25.881226053639846,12.796934865900385,44.55172413793103,967.9348275862069,SITE 5,EXT
2025-12-17 04:00:00,36.36,32.165333333333336,20.6615,25.64814814814815,13.222222222222223,46.266666666666666,968.0553333333334,SITE 5,EXT
2025-12-17 05:00:00,43.5385,36.59666666666667,23.484333333333332,25.12962962962963,13.111111111111112,47.6,968.6693333333334,SITE 5,EXT
2025-12-17 06:00:00,45.11083333333333,37.42016666666667,23.663999999999998,23.870370370370374,12.574074074074074,49.8,969.1933333333333,SITE 5,EXT
2025-12-17 07:00:00,60.897000000000006,51.46566666666667,33.358666666666664,24.425925925925927,12.222222222222223,46.766666666666666,970.1073333333334,SITE 5,EXT
2025-12-17 08:00:00,53.34133333333333,45.66116666666667,28.816333333333333,26.203703703703706,12.38888888888889,42.43333333333333,970.9136666666667,SITE 5,EXT
2025-12-17 09:00:00,36.4001724137931,31.800172413793106,20.346551724137928,28.754789272030653,12.586206896551724,37.172413793103445,970.9113793103448,SITE 5,EXT
2025-12-17 10:00:00,24.0405,22.094,14.1005,29.40740740740741,12.037037037037038,34.53333333333333,970.5433333333333,SITE 5,EXT
2025-12-17 11:00:00,21.475833333333334,19.399,12.1995,31.722222222222225,12.01851851851852,30.033333333333335,969.7206666666666,SITE 5,EXT
2025-12-17 12:00:00,21.752166666666664,19.50583333333333,11.868666666666666,34.2037037037037,11.314814814814815,24.8,968.6026666666668,SITE 5,EXT
2025-12-17 13:00:00,20.3495,17.35,9.705166666666667,36.51851851851852,10.407407407407408,20.6,967.2596666666667,SITE 5,EXT
2025-12-17 14:00:00,22.953666666666667,19.858833333333333,11.308333333333334,36.68518518518519,10.75925925925926,20.833333333333332,966.5733333333334,SITE 5,EXT
2025-12-17 15:00:00,24.798333333333332,21.51,12.443333333333333,36.574074074074076,11.111111111111112,21.5,966.2483333333333,SITE 5,EXT
2025-12-17 16:00:00,37.114999999999995,30.438,17.112000000000002,33.111111111111114,11.444444444444446,26.8,966.5459999999999,SITE 5,EXT
2025-12-17 17:00:00,52.8265,42.30283333333333,25.483999999999998,33.55555555555556,11.537037037037038,26.066666666666666,966.8906666666667,SITE 5,EXT
2025-12-17 18:00:00,94.98266666666667,86.029,53.2635,32.27777777777778,12.185185185185187,29.333333333333332,967.6716666666666,SITE 5,EXT
2025-12-17 19:00:00,145.61566666666667,135.12766666666667,84.44883333333334,31.88888888888889,12.425925925925927,30.666666666666668,968.3716666666667,SITE 5,EXT
2025-12-17 20:00:00,90.27066666666666,82.625,52.11683333333334,31.055555555555557,12.166666666666668,31.6,968.8996666666667,SITE 5,EXT
2025-12-17 21:00:00,64.79,54.85672413793104,33.41293103448276,29.96168582375479,11.551724137931034,32.51724137931034,969.1713793103448,SITE 5,EXT
2025-12-17 22:00:00,47.792500000000004,38.76366666666667,23.894833333333334,29.425925925925927,11.333333333333334,32.8,969.2096666666667,SITE 5,EXT
2025-12-17 23:00:00,39.906166666666664,33.3785,20.353833333333334,29.12962962962963,10.796296296296296,32.333333333333336,969.0176666666666,SITE 5,EXT
2025-12-18 00:00:00,42.37983333333333,34.937,21.0115,27.518518518518523,10.814814814814815,35.733333333333334,969.1013333333334,SITE 5,EXT
2025-12-18 01:00:00,35.38883333333333,30.246166666666667,17.884333333333334,27.14814814814815,10.851851851851851,36.36666666666667,968.9783333333332,SITE 5,EXT
2025-12-18 02:00:00,30.649166666666666,27.166166666666665,16.265,25.833333333333332,10.148148148148149,37.63333333333333,968.7326666666667,SITE 5,EXT
2025-12-18 03:00:00,23.651896551724136,21.66,13.58258620689655,25.478927203065133,9.67432950191571,37.172413793103445,968.3924137931035,SITE 5,EXT
2025-12-18 04:00:00,30.757166666666667,27.531166666666664,16.662,25.166666666666668,9.074074074074074,36.266666666666666,968.2713333333334,SITE 5,EXT
2025-12-18 05:00:00,37.17066666666667,32.515,21.038666666666664,24.944444444444446,9.38888888888889,37.766666666666666,968.3886666666666,SITE 5,EXT
2025-12-18 06:00:00,60.376666666666665,50.155166666666666,31.59,24.77777777777778,9.222222222222223,37.13333333333333,969.0223333333332,SITE 5,EXT
2025-12-18 07:00:00,69.1195,56.44916666666666,35.6815,26.0,9.851851851851851,36.5,969.9586666666668,SITE 5,EXT
2025-12-18 08:00:00,51.29533333333333,43.715,27.231166666666663,28.12962962962963,8.592592592592592,29.266666666666666,970.5766666666666,SITE 5,EXT
2025-12-18 09:00:00,17.215344827586208,15.960689655172414,10.252758620689654,28.48659003831418,6.800766283524904,25.344827586206897,970.7503448275861,SITE 5,EXT
2025-12-18 10:00:00,15.724166666666667,14.570833333333333,9.332666666666666,30.77777777777778,7.481481481481482,23.3,970.4013333333334,SITE 5,EXT
2025-12-18 11:00:00,15.735999999999999,14.325666666666667,9.2045,33.46296296296296,9.222222222222223,22.6,969.565,SITE 5,EXT
2025-12-18 12:00:00,15.118333333333334,13.7995,8.702333333333334,35.57407407407407,9.685185185185185,20.6,968.6610000000001,SITE 5,EXT
2025-12-18 13:00:00,16.420166666666667,14.8665,9.271166666666666,36.72222222222222,9.703703703703702,19.3,967.658,SITE 5,EXT
2025-12-18 14:00:00,17.21483333333333,15.463,9.547166666666666,37.25925925925926,9.407407407407408,18.433333333333334,966.9726666666667,SITE 5,EXT
2025-12-18 15:00:00,20.091379310344827,18.049310344827585,11.182758620689656,37.03065134099617,9.731800766283525,18.93103448275862,966.6310344827587,SITE 5,EXT
2025-12-18 16:00:00,23.15533333333333,20.632,12.700333333333333,36.38888888888889,10.24074074074074,20.466666666666665,966.9159999999999,SITE 5,EXT
2025-12-18 17:00:00,33.70183333333333,29.181500000000003,18.238166666666665,34.18518518518519,10.25925925925926,23.266666666666666,967.4806666666666,SITE 5,EXT
2025-12-18 18:00:00,71.42383333333333,62.806333333333335,40.4515,33.074074074074076,11.277777777777779,26.566666666666666,968.1783333333333,SITE 5,EXT
2025-12-18 19:00:00,71.83200000000001,62.355000000000004,39.52633333333333,31.833333333333332,11.018518518518517,28.0,968.976,SITE 5,EXT
2025-12-18 20:00:00,41.5785,35.07216666666667,22.546833333333332,30.25925925925926,10.518518518518517,29.566666666666666,969.7903333333333,SITE 5,EXT
2025-12-18 21:00:00,32.05741379310345,28.979655172413793,18.793793103448277,28.984674329501914,9.980842911877396,30.75862068965517,970.1651724137931,SITE 5,EXT
2025-12-18 22:00:00,35.8765,31.573333333333334,20.413,28.555555555555557,9.666666666666666,30.9,970.3109999999999,SITE 5,EXT
2025-12-18 23:00:00,26.612666666666666,24.384166666666665,15.829166666666667,28.074074074074076,9.444444444444445,31.333333333333332,970.2356666666667,SITE 5,EXT
2025-12-19 00:00:00,27.38566666666667,25.599833333333333,16.795166666666667,27.75925925925926,9.425925925925926,32.0,969.9736666666666,SITE 5,EXT
2025-12-19 01:00:00,52.85133333333333,45.089333333333336,27.006333333333334,27.314814814814817,9.018518518518517,31.866666666666667,969.5176666666666,SITE 5,EXT
2025-12-19 02:00:00,18.197166666666664,16.742,10.8085,26.61111111111111,8.537037037037038,32.2,969.0643333333334,SITE 5,EXT
2025-12-19 03:00:00,19.532666666666668,17.738666666666667,11.928500000000001,25.814814814814817,8.703703703703704,33.833333333333336,969.0356666666667,SITE 5,EXT
2025-12-19 04:00:00,19.67948275862069,18.439655172413794,12.20155172413793,25.03831417624521,8.85057471264368,35.96551724137931,969.1400000000001,SITE 5,EXT
2025-12-19 05:00:00,31.069000000000003,28.709166666666665,19.1125,24.370370370370374,8.814814814814815,37.36666666666667,969.3066666666667,SITE 5,EXT
2025-12-19 06:00:00,49.136833333333335,40.532000000000004,26.477666666666668,23.85185185185185,8.703703703703704,38.0,969.5946666666666,SITE 5,EXT
2025-12-19 07:00:00,37.525999999999996,32.83316666666666,21.627,24.537037037037035,8.370370370370372,35.833333333333336,970.1123333333333,SITE 5,EXT
2025-12-19 08:00:00,24.933833333333332,22.8865,14.6205,26.722222222222225,8.314814814814815,31.466666666666665,970.8963333333334,SITE 5,EXT
2025-12-19 09:00:00,15.491999999999999,13.918333333333333,8.644166666666667,27.833333333333332,8.166666666666668,29.066666666666666,971.1036666666666,SITE 5,EXT
2025-12-19 10:00:00,22.562758620689657,20.002758620689658,12.262413793103448,30.0,8.659003831417625,26.586206896551722,970.8996551724138,SITE 5,EXT
2025-12-19 11:00:00,38.726,34.08583333333333,22.429333333333332,32.74074074074074,8.314814814814815,22.166666666666668,970.0136666666666,SITE 5,EXT
2025-12-19 12:00:00,16.592666666666666,14.462166666666667,8.5975,34.94444444444444,8.925925925925926,20.166666666666668,969.2083333333334,SITE 5,EXT
2025-12-19 13:00:00,16.18316666666667,13.826500000000001,7.941,35.98148148148149,8.685185185185185,18.766666666666666,968.3493333333333,SITE 5,EXT
2025-12-19 14:00:00,21.322,18.154999999999998,10.336,36.18518518518519,8.500000000000002,18.3,967.662,SITE 5,EXT
2025-12-19 15:00:00,18.870333333333335,15.945,8.794666666666668,36.57407407407408,8.555555555555555,17.966666666666665,967.117,SITE 5,EXT
2025-12-19 16:00:00,23.432241379310344,19.849999999999998,11.45448275862069,35.229885057471265,8.582375478927204,19.413793103448278,967.0248275862069,SITE 5,EXT
2025-12-19 17:00:00,49.997499999999995,41.482499999999995,25.161833333333334,34.074074074074076,9.5,22.133333333333333,967.323,SITE 5,EXT
2025-12-19 18:00:00,121.67806451612903,112.23451612903226,68.17016129032258,32.31182795698925,10.053763440860216,25.516129032258064,967.7841935483872,SITE 5,EXT
2025-12-19 19:00:00,107.437,99.43900000000001,62.87266666666667,31.48148148148148,10.0,26.733333333333334,968.527,SITE 5,EXT
2025-12-19 20:00:00,67.50733333333334,56.838,36.815333333333335,30.40740740740741,9.203703703703704,26.9,969.0926666666667,SITE 5,EXT
2025-12-19 21:00:00,53.43933333333334,42.7125,27.26383333333333,29.962962962962965,8.851851851851851,26.7,969.5653333333333,SITE 5,EXT
2025-12-19 22:00:00,44.06333333333334,35.7915,22.203333333333333,29.53703703703704,8.370370370370372,26.466666666666665,969.4866666666666,SITE 5,EXT
2025-12-19 23:00:00,39.3675,32.772,20.125333333333334,28.98148148148148,8.38888888888889,27.5,969.2706666666667,SITE 5,EXT
2025-12-20 00:00:00,38.688833333333335,32.66,20.523500000000002,28.48148148148148,8.444444444444445,28.466666666666665,969.0593333333333,SITE 5,EXT
2025-12-20 01:00:00,26.183870967741935,22.83467741935484,13.773548387096774,28.27956989247312,8.799283154121863,29.70967741935484,968.5138709677419,SITE 5,EXT
2025-12-20 02:00:00,23.61733333333333,20.776666666666664,12.471666666666666,27.518518518518523,8.407407407407408,30.0,967.8946666666667,SITE 5,EXT
2025-12-20 03:00:00,25.915666666666667,22.645666666666667,13.939166666666667,27.12962962962963,7.962962962962964,30.1,967.7713333333334,SITE 5,EXT
2025-12-20 04:00:00,26.1335,23.380499999999998,14.458166666666667,26.5,8.407407407407408,32.03333333333333,968.128,SITE 5,EXT
2025-12-20 05:00:00,35.3785,30.564166666666665,19.246333333333332,25.75925925925926,8.38888888888889,33.4,968.3503333333334,SITE 5,EXT
2025-12-20 06:00:00,58.19666666666667,46.70933333333333,29.81433333333333,25.333333333333332,8.777777777777779,35.03333333333333,969.0806666666666,SITE 5,EXT
2025-12-20 07:00:00,70.15116666666667,57.49916666666666,36.70483333333333,25.25925925925926,9.111111111111112,36.2,969.6736666666667,SITE 5,EXT
2025-12-20 08:00:00,44.07166666666667,37.82133333333333,24.178166666666666,27.018518518518523,8.685185185185185,31.666666666666668,970.3666666666667,SITE 5,EXT
2025-12-20 09:00:00,22.565967741935484,20.13935483870968,12.52032258064516,28.405017921146957,7.311827956989248,26.419354838709676,970.5074193548387,SITE 5,EXT
2025-12-20 10:00:00,17.009333333333334,15.131333333333334,9.348666666666666,30.37037037037037,7.37037037037037,23.7,970.2263333333334,SITE 5,EXT
2025-12-20 11:00:00,17.256666666666668,15.309500000000002,9.329166666666667,32.55555555555556,7.5,21.033333333333335,969.478,SITE 5,EXT
2025-12-20 12:00:00,14.225,12.249500000000001,7.4225,35.5,7.703703703703705,18.0,968.619,SITE 5,EXT
2025-12-20 13:00:00,14.288166666666665,12.169833333333335,7.035666666666667,36.87037037037037,7.629629629629631,16.633333333333333,967.7296666666666,SITE 5,EXT
2025-12-20 14:00:00,17.930833333333332,15.6225,9.462166666666667,37.092592592592595,7.685185185185186,16.433333333333334,966.804,SITE 5,EXT
2025-12-20 15:00:00,20.1465,17.6155,10.683833333333332,37.03703703703704,8.074074074074074,16.866666666666667,966.2256666666667,SITE 5,EXT
2025-12-20 16:00:00,22.9725,20.3265,12.57,35.87037037037037,7.740740740740741,17.6,966.2476666666666,SITE 5,EXT
2025-12-20 17:00:00,40.6505,33.95733333333333,21.709166666666665,34.648148148148145,8.870370370370372,20.533333333333335,966.5686666666667,SITE 5,EXT
2025-12-20 18:00:00,141.84666666666666,129.062,75.77833333333334,33.12962962962963,9.722222222222223,23.6,966.9673333333334,SITE 5,EXT
2025-12-20 19:00:00,75.77433333333333,66.57116666666667,42.10883333333333,32.37037037037037,9.481481481481483,24.233333333333334,967.5063333333333,SITE 5,EXT
2025-12-20 20:00:00,70.46483333333335,59.623333333333335,37.34066666666667,30.98148148148148,8.11111111111111,24.1,968.1573333333333,SITE 5,EXT
2025-12-20 21:00:00,57.921166666666664,47.98916666666666,29.656166666666664,30.555555555555557,7.75925925925926,24.033333333333335,968.6569999999999,SITE 5,EXT
2025-12-20 22:00:00,71.373,59.83416666666667,34.23466666666666,30.27777777777778,7.500000000000001,24.0,968.5146666666666,SITE 5,EXT
2025-12-20 23:00:00,38.599500000000006,32.7625,20.382,29.53703703703704,7.203703703703704,24.666666666666668,968.1166666666667,SITE 5,EXT
2025-12-21 00:00:00,63.24783333333333,52.23683333333334,29.522,28.796296296296298,7.259259259259259,25.8,967.8736666666666,SITE 5,EXT
2025-12-21 01:00:00,36.200833333333335,30.189333333333334,17.901333333333334,28.12962962962963,6.462962962962964,25.033333333333335,967.6039999999999,SITE 5,EXT
2025-12-21 02:00:00,24.912096774193547,22.328225806451613,13.563709677419354,27.688172043010756,6.111111111111112,25.35483870967742,967.0706451612903,SITE 5,EXT
2025-12-21 03:00:00,28.884666666666664,26.116833333333332,16.496833333333335,27.12962962962963,6.203703703703704,26.433333333333334,966.7703333333334,SITE 5,EXT
2025-12-21 04:00:00,40.155833333333334,33.914500000000004,21.61616666666667,27.092592592592595,6.833333333333333,27.733333333333334,966.6526666666667,SITE 5,EXT
2025-12-21 05:00:00,51.87800000000001,42.10850000000001,26.897333333333332,27.222222222222225,7.407407407407407,28.533333333333335,966.9300000000001,SITE 5,EXT
2025-12-21 06:00:00,126.49066666666667,115.35433333333334,69.777,26.48148148148148,7.555555555555556,30.2,967.3009999999999,SITE 5,EXT
2025-12-21 07:00:00,80.4035,72.18583333333332,44.967666666666666,26.64814814814815,7.777777777777778,30.266666666666666,967.8656666666667,SITE 5,EXT
2025-12-21 08:00:00,44.30333333333333,37.25016666666667,23.975,28.90740740740741,7.814814814814815,26.466666666666665,968.6386666666666,SITE 5,EXT
2025-12-21 09:00:00,24.017999999999997,21.983666666666668,14.048166666666667,29.814814814814817,7.092592592592593,24.033333333333335,968.712,SITE 5,EXT
2025-12-21 10:00:00,21.69833333333333,19.728166666666667,12.614333333333333,32.092592592592595,7.407407407407407,21.466666666666665,968.3676666666667,SITE 5,EXT
2025-12-21 11:00:00,16.989,15.679166666666667,10.206166666666666,34.37037037037037,8.166666666666668,19.866666666666667,967.7076666666667,SITE 5,EXT
2025-12-21 12:00:00,16.846333333333334,15.216666666666667,9.973333333333333,35.833333333333336,7.888888888888889,18.033333333333335,966.7736666666666,SITE 5,EXT
2025-12-21 13:00:00,14.887333333333334,13.484666666666667,8.6855,36.2037037037037,7.685185185185186,17.366666666666667,965.946,SITE 5,EXT
2025-12-21 14:00:00,16.5235,15.206666666666667,10.09,37.57407407407407,7.814814814814815,16.0,965.2643333333333,SITE 5,EXT
2025-12-21 15:00:00,16.168166666666668,14.741000000000001,9.698833333333333,37.092592592592595,8.074074074074074,16.933333333333334,964.8156666666667,SITE 5,EXT
2025-12-21 16:00:00,22.634333333333334,20.4825,13.282333333333334,36.81481481481482,8.351851851851853,17.433333333333334,964.944,SITE 5,EXT
2025-12-21 17:00:00,46.06883333333334,39.39066666666667,25.0655,35.25925925925926,8.814814814814815,19.7,965.2576666666666,SITE 5,EXT
2025-12-21 18:00:00,91.18783333333334,83.877,52.7225,33.20370370370371,9.203703703703704,22.9,965.8323333333334,SITE 5,EXT
2025-12-21 19:00:00,88.97866666666667,82.69883333333334,53.40233333333333,32.37037037037037,8.481481481481483,23.0,966.4373333333333,SITE 5,EXT
2025-12-21 20:00:00,99.16783333333333,91.99516666666666,56.8465,31.62962962962963,8.462962962962964,23.766666666666666,967.2743333333333,SITE 5,EXT
2025-12-21 21:00:00,87.38000000000001,80.14629032258064,51.68370967741935,30.770609318996417,8.387096774193548,24.741935483870968,967.77,SITE 5,EXT
2025-12-21 22:00:00,70.80233333333334,60.384,40.354166666666664,30.0,8.277777777777779,25.833333333333332,967.9973333333332,SITE 5,EXT
2025-12-21 23:00:00,62.17383333333333,51.245999999999995,33.1025,29.48148148148148,7.722222222222223,25.3,967.9016666666666,SITE 5,EXT
2025-12-22 00:00:00,50.455000000000005,41.6365,27.223499999999998,28.925925925925927,7.333333333333333,26.0,967.6196666666667,SITE 5,EXT
2025-12-22 01:00:00,48.10666666666667,40.580333333333336,26.434166666666666,28.64814814814815,7.648148148148149,26.5,967.15,SITE 5,EXT
2025-12-22 02:00:00,50.535833333333336,41.931000000000004,27.334333333333333,28.074074074074076,8.777777777777779,30.033333333333335,966.7990000000001,SITE 5,EXT
2025-12-22 03:00:00,53.319833333333335,44.028999999999996,28.855833333333333,26.98148148148148,9.38888888888889,33.2,966.6393333333333,SITE 5,EXT
2025-12-22 04:00:00,49.991499999999995,41.1865,26.863833333333332,26.98148148148148,9.24074074074074,32.766666666666666,966.5466666666667,SITE 5,EXT
2025-12-22 05:00:00,61.972833333333334,50.427,32.275666666666666,26.537037037037035,8.88888888888889,33.06666666666667,966.9556666666666,SITE 5,EXT
2025-12-22 06:00:00,65.11596774193548,54.70629032258064,36.46564516129032,25.82437275985663,8.620071684587813,33.74193548387097,967.5364516129033,SITE 5,EXT
2025-12-22 07:00:00,57.22833333333333,46.24916666666666,30.081500000000002,26.222222222222225,8.037037037037038,31.833333333333332,967.981,SITE 5,EXT
2025-12-22 08:00:00,56.76083333333334,46.060833333333335,30.063666666666666,30.296296296296298,8.648148148148149,26.0,968.6226666666666,SITE 5,EXT
2025-12-22 09:00:00,60.40466666666667,51.1135,33.17666666666666,31.574074074074076,8.24074074074074,23.433333333333334,968.412,SITE 5,EXT
2025-12-22 10:00:00,36.445166666666665,32.299,21.599833333333333,33.648148148148145,8.462962962962964,21.166666666666668,968.5020000000001,SITE 5,EXT
2025-12-22 11:00:00,22.601666666666667,20.924166666666668,14.385666666666667,36.166666666666664,7.814814814814815,17.5,967.944,SITE 5,EXT
2025-12-22 12:00:00,24.784166666666668,22.333833333333335,15.061,37.64814814814815,7.351851851851852,15.666666666666666,967.1123333333333,SITE 5,EXT
2025-12-22 13:00:00,23.846999999999998,22.243166666666664,15.375833333333333,38.62962962962963,7.685185185185186,15.0,965.991,SITE 5,EXT
2025-12-22 14:00:00,21.359516129032258,20.02258064516129,13.770483870967741,39.03225806451613,7.724014336917564,14.806451612903226,965.0703225806452,SITE 5,EXT
2025-12-22 15:00:00,18.863833333333332,17.651,12.306333333333333,38.03703703703704,7.574074074074074,15.5,964.7796666666667,SITE 5,EXT
2025-12-22 16:00:00,18.91916666666667,17.686,12.323333333333332,37.666666666666664,7.722222222222223,16.066666666666666,965.0063333333333,SITE 5,EXT
2025-12-22 17:00:00,34.2375,29.7245,20.018166666666666,35.98148148148149,8.148148148148149,18.1,965.6446666666667,SITE 5,EXT
2025-12-22 18:00:00,91.01583333333333,82.813,52.507,34.111111111111114,9.907407407407408,22.833333333333332,966.194,SITE 5,EXT
2025-12-22 19:00:00,97.26566666666666,87.15716666666667,54.597,33.75925925925926,10.185185185185185,23.633333333333333,966.8826666666666,SITE 5,EXT
2025-12-22 20:00:00,65.74966666666667,53.75083333333334,35.0715,32.37037037037037,8.88888888888889,23.233333333333334,967.8383333333334,SITE 5,EXT
2025-12-22 21:00:00,66.27333333333334,54.911833333333334,35.95183333333333,31.444444444444446,8.425925925925927,23.9,968.4796666666666,SITE 5,EXT
2025-12-22 22:00:00,50.37766666666666,41.7045,27.496333333333332,30.75925925925926,7.981481481481482,24.033333333333335,968.3856666666667,SITE 5,EXT
2025-12-22 23:00:00,44.28183333333333,37.406,24.786,30.12962962962963,7.722222222222223,24.7,968.3466666666667,SITE 5,EXT
2025-12-23 00:00:00,31.9425,29.460333333333335,19.59283333333333,29.574074074074076,7.518518518518519,25.033333333333335,968.052,SITE 5,EXT
2025-12-23 01:00:00,26.49866666666667,24.949,16.78666666666667,29.370370370370374,7.962962962962964,26.0,967.35,SITE 5,EXT
2025-12-23 02:00:00,22.330166666666667,21.1255,14.489833333333333,29.01851851851852,7.9259259259259265,26.466666666666665,966.6683333333333,SITE 5,EXT
2025-12-23 03:00:00,42.17166666666667,37.100166666666674,24.167666666666666,28.64814814814815,8.333333333333334,27.866666666666667,966.453,SITE 5,EXT
2025-12-23 04:00:00,53.51766666666666,44.993500000000004,29.0405,27.75925925925926,8.62962962962963,30.166666666666668,966.705,SITE 5,EXT
2025-12-23 05:00:00,92.33500000000001,80.78316666666666,47.53416666666667,27.16666666666667,9.092592592592592,32.233333333333334,967.0863333333333,SITE 5,EXT
2025-12-23 06:00:00,76.33870967741936,66.61709677419356,43.27290322580645,25.752688172043012,10.609318996415771,38.96774193548387,967.7725806451613,SITE 5,EXT
2025-12-23 07:00:00,66.7225,54.63666666666666,35.62016666666667,27.53703703703704,11.62962962962963,37.56666666666667,968.421,SITE 5,EXT
2025-12-23 08:00:00,58.29633333333333,48.689499999999995,31.375833333333333,31.462962962962965,10.092592592592592,26.866666666666667,968.8976666666666,SITE 5,EXT
2025-12-23 09:00:00,39.86116666666667,34.621,23.07283333333333,31.425925925925927,9.703703703703702,26.266666666666666,969.043,SITE 5,EXT
2025-12-23 10:00:00,28.449166666666667,26.788999999999998,18.397166666666667,33.72222222222222,10.092592592592592,23.466666666666665,968.7156666666667,SITE 5,EXT
2025-12-23 11:00:00,27.234333333333332,25.737000000000002,17.557333333333336,35.94444444444445,10.166666666666666,20.7,968.0310000000001,SITE 5,EXT
2025-12-23 12:00:00,24.28983333333333,23.150333333333332,16.050666666666665,37.5,10.0,18.833333333333332,967.1566666666666,SITE 5,EXT
2025-12-23 13:00:00,20.346666666666668,19.423833333333334,13.765166666666666,38.24074074074074,8.88888888888889,16.766666666666666,966.303,SITE 5,EXT
2025-12-23 14:00:00,20.886935483870968,19.845645161290324,14.209032258064516,38.99641577060932,8.315412186379929,15.419354838709678,965.5603225806451,SITE 5,EXT
2025-12-23 15:00:00,29.035666666666664,27.033833333333334,19.039166666666667,38.87037037037037,8.814814814814815,16.066666666666666,965.1980000000001,SITE 5,EXT
2025-12-23 16:00:00,30.065833333333334,27.828333333333333,19.576999999999998,37.46296296296296,8.037037037037038,16.533333333333335,965.5963333333333,SITE 5,EXT
2025-12-23 17:00:00,39.186,34.06016666666667,23.043333333333333,36.2962962962963,9.055555555555555,18.933333333333334,966.1526666666667,SITE 5,EXT
2025-12-23 18:00:00,78.28566666666667,71.01050000000001,47.43783333333333,33.96296296296296,9.537037037037038,22.3,966.6993333333334,SITE 5,EXT
2025-12-23 19:00:00,132.03566666666666,124.578,81.79066666666668,32.94444444444444,9.796296296296298,23.966666666666665,967.6496666666667,SITE 5,EXT
2025-12-23 20:00:00,141.22566666666668,133.746,87.45816666666666,32.44444444444444,9.685185185185185,24.533333333333335,968.371,SITE 5,EXT
2025-12-23 21:00:00,111.1995,105.76216666666666,69.7175,31.925925925925927,9.592592592592592,25.333333333333332,968.7526666666668,SITE 5,EXT
2025-12-23 22:00:00,75.985,68.258,45.35483333333333,30.870370370370374,9.685185185185185,26.9,968.8919999999999,SITE 5,EXT
2025-12-23 23:00:00,87.74333333333334,82.527,54.028,30.25925925925926,9.74074074074074,28.066666666666666,968.601,SITE 5,EXT
2025-12-24 00:00:00,99.19433333333333,93.46616666666667,60.784666666666666,29.77777777777778,10.148148148148149,29.7,968.4086666666666,SITE 5,EXT
2025-12-24 01:00:00,73.05333333333333,63.30216666666667,40.515166666666666,29.14814814814815,9.38888888888889,29.3,968.068,SITE 5,EXT
2025-12-24 02:00:00,46.779333333333334,39.63433333333333,26.30166666666667,28.64814814814815,8.648148148148149,28.266666666666666,967.5276666666667,SITE 5,EXT
2025-12-24 03:00:00,46.088499999999996,39.30466666666667,26.549166666666668,28.833333333333332,9.185185185185185,29.2,967.0913333333334,SITE 5,EXT
2025-12-24 04:00:00,64.48333333333333,53.5395,36.36233333333333,28.351851851851855,10.314814814814815,32.56666666666667,967.3496666666666,SITE 5,EXT
2025-12-24 05:00:00,62.13966666666667,50.9365,33.76916666666667,26.814814814814817,10.462962962962962,36.333333333333336,968.039,SITE 5,EXT
2025-12-24 06:00:00,75.87064516129031,66.38887096774194,43.65467741935484,26.218637992831543,11.702508960573478,40.806451612903224,968.7809677419355,SITE 5,EXT
2025-12-24 07:00:00,65.04216666666666,54.04233333333333,35.9,28.462962962962965,11.25925925925926,34.733333333333334,969.0746666666666,SITE 5,EXT
2025-12-24 08:00:00,97.49083333333333,89.77733333333335,58.244166666666665,31.77777777777778,11.296296296296298,28.633333333333333,969.734,SITE 5,EXT
2025-12-24 09:00:00,53.88250000000001,44.40866666666667,29.448333333333334,32.38888888888889,10.796296296296296,26.533333333333335,969.7686666666667,SITE 5,EXT
2025-12-24 10:00:00,68.52366666666667,60.66783333333333,39.084500000000006,34.53703703703704,12.51851851851852,26.433333333333334,969.188,SITE 5,EXT
2025-12-24 11:00:00,63.79683333333333,56.26933333333333,35.79483333333334,36.333333333333336,12.648148148148149,24.133333333333333,968.338,SITE 5,EXT
2025-12-24 12:00:00,53.3825,48.05983333333334,31.75,37.2962962962963,14.444444444444445,25.766666666666666,967.1886666666667,SITE 5,EXT
2025-12-24 13:00:00,66.777,58.910333333333334,36.544666666666664,38.333333333333336,14.925925925925926,25.3,966.173,SITE 5,EXT
2025-12-24 14:00:00,46.403000000000006,40.532333333333334,25.959,38.62962962962963,13.870370370370372,23.033333333333335,965.3423333333334,SITE 5,EXT
2025-12-24 15:00:00,42.975967741935484,37.57435483870968,24.468225806451613,38.9247311827957,13.405017921146955,21.967741935483872,964.9138709677419,SITE 5,EXT
2025-12-24 16:00:00,41.936,36.099666666666664,23.927666666666667,38.24074074074074,14.407407407407408,24.333333333333332,965.0473333333333,SITE 5,EXT
2025-12-24 17:00:00,44.11133333333333,37.54333333333333,25.325,37.01851851851852,14.648148148148149,26.533333333333335,965.6806666666666,SITE 5,EXT
2025-12-24 18:00:00,55.17316666666667,45.63883333333333,30.459166666666665,35.25925925925926,15.666666666666666,31.233333333333334,966.272,SITE 5,EXT
2025-12-24 19:00:00,56.24533333333333,45.98433333333333,30.533833333333334,33.833333333333336,16.296296296296298,35.2,966.9073333333333,SITE 5,EXT
2025-12-24 20:00:00,55.95633333333333,46.525,30.45583333333333,32.46296296296296,17.166666666666668,40.333333333333336,967.891,SITE 5,EXT
2025-12-24 21:00:00,52.00783333333333,42.9445,28.50433333333333,31.75925925925926,17.685185185185183,43.56666666666667,968.5803333333333,SITE 5,EXT
2025-12-24 22:00:00,50.5145,41.844833333333334,27.575166666666668,31.25925925925926,17.555555555555554,44.03333333333333,968.5896666666666,SITE 5,EXT
2025-12-24 23:00:00,48.301500000000004,40.143166666666666,26.414833333333334,31.203703703703706,17.574074074074073,44.333333333333336,968.571,SITE 5,EXT
2025-12-25 00:00:00,51.002500000000005,42.133500000000005,27.541,30.055555555555557,17.259259259259256,46.9,968.5093333333333,SITE 5,EXT
2025-12-25 01:00:00,46.097833333333334,38.723499999999994,25.542166666666667,29.01851851851852,16.88888888888889,48.63333333333333,968.0683333333333,SITE 5,EXT
2025-12-25 02:00:00,48.29783333333333,40.346,26.692833333333333,28.740740740740744,17.11111111111111,49.666666666666664,967.785,SITE 5,EXT
2025-12-25 03:00:00,46.53816666666667,39.06466666666667,25.661833333333334,28.75925925925926,17.14814814814815,49.666666666666664,967.7933333333333,SITE 5,EXT
2025-12-25 04:00:00,47.0255,39.480000000000004,26.113833333333332,29.222222222222225,17.185185185185183,49.0,967.984,SITE 5,EXT
2025-12-25 05:00:00,54.712999999999994,45.6155,29.7595,28.425925925925927,17.537037037037035,52.1,968.5106666666667,SITE 5,EXT
2025-12-25 06:00:00,56.915499999999994,46.505,30.7465,28.296296296296298,17.740740740740744,53.2,968.9423333333333,SITE 5,EXT
2025-12-25 07:00:00,59.62066666666667,48.346333333333334,31.767,29.722222222222225,17.90740740740741,49.46666666666667,969.6816666666667,SITE 5,EXT
2025-12-25 08:00:00,51.864000000000004,43.12883333333333,28.470000000000002,31.592592592592595,18.944444444444446,47.4,970.3246666666668,SITE 5,EXT
2025-12-25 09:00:00,46.21783333333334,38.99783333333333,25.71216666666667,31.944444444444446,20.037037037037035,49.766666666666666,970.3866666666667,SITE 5,EXT
2025-12-25 10:00:00,43.33016666666666,36.93683333333333,24.59,34.05555555555556,19.75925925925926,43.46666666666667,970.065,SITE 5,EXT
2025-12-25 11:00:00,46.333666666666666,39.0575,26.240333333333336,35.38888888888889,19.203703703703702,38.96666666666667,969.3626666666667,SITE 5,EXT
2025-12-25 12:00:00,48.88,40.95933333333333,27.480833333333333,37.92592592592593,18.40740740740741,32.166666666666664,968.3153333333333,SITE 5,EXT
2025-12-25 13:00:00,48.7215,40.896499999999996,27.348333333333336,37.07407407407408,17.444444444444446,31.566666666666666,967.2743333333333,SITE 5,EXT
2025-12-25 14:00:00,44.94583333333333,38.08016666666666,25.540833333333335,37.833333333333336,17.074074074074073,29.666666666666668,966.4216666666667,SITE 5,EXT
2025-12-25 15:00:00,49.932096774193546,41.82677419354838,28.53790322580645,37.74193548387097,16.684587813620073,29.032258064516128,966.1283870967742,SITE 5,EXT
2025-12-25 16:00:00,48.29766666666667,40.71066666666666,27.2715,37.22222222222222,16.61111111111111,29.733333333333334,966.5796666666666,SITE 5,EXT
2025-12-25 17:00:00,48.1395,40.334666666666664,27.022666666666666,36.2962962962963,16.62962962962963,31.3,967.158,SITE 5,EXT
2025-12-25 18:00:00,72.25283333333333,63.980999999999995,42.338166666666666,34.62962962962963,16.98148148148148,35.3,967.802,SITE 5,EXT
2025-12-25 19:00:00,83.84416666666667,79.00566666666667,51.3955,33.7962962962963,17.09259259259259,36.96666666666667,968.5036666666667,SITE 5,EXT
2025-12-25 20:00:00,83.56233333333333,76.43483333333333,47.830000000000005,33.46296296296296,16.61111111111111,36.9,969.276,SITE 5,EXT
2025-12-25 21:00:00,70.1365,58.93183333333333,37.87966666666667,32.72222222222222,16.055555555555557,37.0,969.6426666666666,SITE 5,EXT
2025-12-25 22:00:00,63.50866666666666,52.28516666666667,34.36416666666666,31.722222222222225,15.314814814814815,37.3,969.6336666666666,SITE 5,EXT
2025-12-25 23:00:00,57.940666666666665,47.3475,31.265499999999996,31.388888888888893,15.203703703703704,37.733333333333334,969.2136666666667,SITE 5,EXT
2025-12-26 00:00:00,53.88633333333333,44.413333333333334,29.284333333333333,31.16666666666667,15.259259259259261,38.36666666666667,968.8199999999999,SITE 5,EXT
2025-12-26 01:00:00,53.626999999999995,44.2495,29.096,30.35185185185185,15.0,39.5,968.404,SITE 5,EXT
2025-12-26 02:00:00,61.38916666666667,50.3065,32.905833333333334,30.0,14.981481481481483,40.0,968.1110000000001,SITE 5,EXT
2025-12-26 03:00:00,61.400333333333336,50.57616666666667,33.29016666666667,29.61111111111111,14.425925925925926,39.833333333333336,968.0353333333333,SITE 5,EXT
2025-12-26 04:00:00,68.7505,58.14366666666667,38.51383333333333,29.444444444444446,14.574074074074074,40.53333333333333,968.283,SITE 5,EXT
2025-12-26 05:00:00,66.12833333333334,54.2385,35.707499999999996,28.962962962962965,15.092592592592592,43.266666666666666,968.6613333333333,SITE 5,EXT
2025-12-26 06:00:00,65.71866666666666,53.434999999999995,34.95366666666666,28.333333333333336,15.51851851851852,46.03333333333333,969.171,SITE 5,EXT
2025-12-26 07:00:00,68.27183333333333,55.962999999999994,35.99366666666666,29.27777777777778,17.055555555555557,48.166666666666664,969.8916666666667,SITE 5,EXT
2025-12-26 08:00:00,61.67466666666667,51.1055,33.68083333333333,32.148148148148145,18.12962962962963,43.6,970.6473333333332,SITE 5,EXT
2025-12-26 09:00:00,51.6795,42.851,28.345000000000002,32.574074074074076,18.962962962962965,44.833333333333336,970.8406666666667,SITE 5,EXT
2025-12-26 10:00:00,48.97033333333333,40.90133333333333,26.986833333333333,34.166666666666664,19.0,41.2,970.5636666666667,SITE 5,EXT
2025-12-26 11:00:00,54.11133333333333,44.6725,29.765499999999996,35.74074074074074,17.092592592592595,33.4,969.982,SITE 5,EXT
2025-12-26 12:00:00,56.53677419354838,46.410322580645165,30.782258064516128,36.971326164874554,17.688172043010756,32.29032258064516,969.155806451613,SITE 5,EXT
2025-12-26 13:00:00,48.590333333333334,40.914,27.517166666666665,37.98148148148149,15.796296296296298,27.033333333333335,968.274,SITE 5,EXT
2025-12-26 14:00:00,42.37716666666667,36.55983333333334,24.97283333333333,38.68518518518519,13.962962962962964,23.166666666666668,967.577,SITE 5,EXT
2025-12-26 15:00:00,34.61366666666667,31.568666666666665,21.72233333333333,38.64814814814815,11.5,19.633333333333333,967.2379999999999,SITE 5,EXT
2025-12-26 16:00:00,29.264499999999998,27.906833333333335,19.594,38.40740740740741,10.0,18.0,967.2066666666667,SITE 5,EXT
2025-12-26 17:00:00,41.28333333333333,35.92216666666666,24.420333333333335,36.72222222222222,10.74074074074074,20.766666666666666,967.4513333333333,SITE 5,EXT
2025-12-26 18:00:00,85.117,77.40100000000001,51.24033333333333,34.351851851851855,11.203703703703702,24.6,967.9943333333334,SITE 5,EXT
2025-12-26 19:00:00,84.31700000000001,78.125,52.367,33.53703703703704,10.851851851851851,25.066666666666666,968.8336666666667,SITE 5,EXT
2025-12-26 20:00:00,82.42783333333334,77.26816666666667,51.6635,33.166666666666664,10.61111111111111,25.166666666666668,969.5593333333333,SITE 5,EXT
2025-12-26 21:00:00,80.62166666666667,75.11583333333333,50.27583333333334,32.333333333333336,10.092592592592592,25.633333333333333,969.9963333333333,SITE 5,EXT
2025-12-26 22:00:00,76.25150000000001,68.12016666666666,45.5465,31.14814814814815,11.74074074074074,30.5,970.0673333333333,SITE 5,EXT
2025-12-26 23:00:00,63.641333333333336,51.574333333333335,34.16833333333333,30.37037037037037,14.833333333333334,39.0,969.6456666666667,SITE 5,EXT
2025-12-27 00:00:00,57.38933333333333,47.088166666666666,30.959999999999997,29.40740740740741,16.75925925925926,46.86666666666667,969.2423333333334,SITE 5,EXT
2025-12-27 01:00:00,47.5085,39.82666666666667,26.043833333333332,28.48148148148148,18.64814814814815,55.86666666666667,968.578,SITE 5,EXT
2025-12-27 02:00:00,45.744,38.55733333333333,25.148500000000002,29.25925925925926,18.962962962962965,54.4,967.9826666666667,SITE 5,EXT
2025-12-27 03:00:00,57.829166666666666,48.443,31.049666666666667,28.740740740740744,18.740740740740744,55.333333333333336,967.9213333333333,SITE 5,EXT
2025-12-27 04:00:00,70.27833333333334,61.842333333333336,38.352999999999994,28.5,16.61111111111111,49.03333333333333,968.5126666666667,SITE 5,EXT
2025-12-27 05:00:00,44.608666666666664,37.845666666666666,25.0125,28.27777777777778,12.703703703703704,38.7,968.9433333333333,SITE 5,EXT
2025-12-27 06:00:00,56.33183333333333,46.54933333333334,30.483999999999998,28.62962962962963,11.870370370370372,35.6,969.4543333333334,SITE 5,EXT
2025-12-27 07:00:00,72.14533333333334,61.2315,39.397000000000006,29.092592592592595,11.333333333333334,33.5,970.1856666666666,SITE 5,EXT
2025-12-27 08:00:00,68.21516666666666,57.3645,37.4185,30.166666666666668,10.981481481481483,30.9,971.1293333333334,SITE 5,EXT
2025-12-27 09:00:00,66.12683333333332,55.930166666666665,36.44083333333333,30.888888888888893,11.685185185185185,30.8,971.035,SITE 5,EXT
2025-12-27 10:00:00,64.06366666666666,54.20483333333333,36.00983333333333,33.55555555555556,14.62962962962963,32.166666666666664,970.4606666666666,SITE 5,EXT
2025-12-27 11:00:00,63.543,56.338499999999996,37.708333333333336,35.53703703703704,14.51851851851852,28.833333333333332,970.0776666666666,SITE 5,EXT
2025-12-27 12:00:00,47.019,42.29716666666666,29.461333333333336,37.53703703703704,10.777777777777777,20.0,969.154,SITE 5,EXT
2025-12-27 13:00:00,43.056666666666665,38.47716666666667,26.56566666666667,38.277777777777786,8.685185185185185,16.6,968.1086666666667,SITE 5,EXT
2025-12-27 14:00:00,25.366612903225807,23.99741935483871,16.94645161290323,38.727598566308245,7.974910394265233,15.387096774193548,967.2483870967742,SITE 5,EXT
2025-12-27 15:00:00,22.34766666666667,21.30366666666667,15.0615,38.92592592592593,8.018518518518519,15.3,966.871,SITE 5,EXT
2025-12-27 16:00:00,24.693499999999997,23.4575,16.571166666666667,38.05555555555556,8.777777777777779,16.8,967.1266666666667,SITE 5,EXT
2025-12-27 17:00:00,36.65533333333334,32.19733333333333,21.738333333333333,36.407407407407405,9.38888888888889,19.3,967.467,SITE 5,EXT
2025-12-27 18:00:00,78.53933333333333,70.66733333333333,46.80716666666667,34.18518518518519,9.25925925925926,21.566666666666666,968.0939999999999,SITE 5,EXT
2025-12-27 19:00:00,90.75733333333332,85.25783333333334,56.531,33.351851851851855,9.203703703703704,22.7,968.6993333333334,SITE 5,EXT
2025-12-27 20:00:00,81.66616666666667,73.57266666666666,49.80683333333333,32.88888888888889,8.500000000000002,22.0,969.5093333333333,SITE 5,EXT
2025-12-27 21:00:00,83.3895,73.694,47.177,32.07407407407407,8.166666666666668,22.533333333333335,970.0266666666666,SITE 5,EXT
2025-12-27 22:00:00,50.155166666666666,41.55883333333333,27.70266666666667,31.425925925925927,7.666666666666668,22.966666666666665,970.2263333333334,SITE 5,EXT
2025-12-27 23:00:00,43.4555,36.723166666666664,24.248,30.666666666666668,7.333333333333333,23.066666666666666,969.9259999999999,SITE 5,EXT
2025-12-28 00:00:00,44.40383333333333,37.692,25.064333333333334,30.444444444444446,7.796296296296296,24.2,969.7796666666667,SITE 5,EXT
2025-12-28 01:00:00,52.97666666666667,43.4545,28.233333333333334,28.64814814814815,9.722222222222223,30.7,969.694,SITE 5,EXT
2025-12-28 02:00:00,52.236666666666665,43.026500000000006,27.982166666666668,28.25925925925926,9.314814814814815,30.733333333333334,969.1876666666667,SITE 5,EXT
2025-12-28 03:00:00,48.68533333333333,40.48516666666667,26.649833333333333,27.833333333333332,8.870370370370372,30.566666666666666,968.9346666666667,SITE 5,EXT
2025-12-28 04:00:00,56.09166666666667,46.17666666666666,30.374666666666666,27.425925925925927,9.203703703703704,31.9,969.028,SITE 5,EXT
2025-12-28 05:00:00,48.13903225806452,39.97370967741935,26.509516129032257,27.38351254480287,8.584229390681005,30.612903225806452,969.2458064516129,SITE 5,EXT
2025-12-28 06:00:00,51.9705,43.126,28.093833333333336,27.25925925925926,7.240740740740741,28.3,969.7086666666667,SITE 5,EXT
2025-12-28 07:00:00,61.61516666666667,49.11566666666667,31.880166666666664,28.722222222222225,7.5925925925925934,26.566666666666666,970.447,SITE 5,EXT
2025-12-28 08:00:00,59.568666666666665,48.327,31.098333333333336,31.62962962962963,7.537037037037037,22.366666666666667,971.1433333333333,SITE 5,EXT
2025-12-28 09:00:00,59.17733333333333,48.144999999999996,31.352833333333333,32.2037037037037,7.666666666666668,21.633333333333333,971.114,SITE 5,EXT
2025-12-28 10:00:00,23.3495,22.054,15.122833333333334,33.50000000000001,6.888888888888889,19.066666666666666,970.67,SITE 5,EXT
2025-12-28 11:00:00,21.254,19.986333333333334,13.652166666666666,35.90740740740741,7.0925925925925934,16.966666666666665,969.7813333333332,SITE 5,EXT
2025-12-28 12:00:00,18.136451612903226,16.858870967741936,11.699032258064516,37.508960573476706,6.810035842293907,15.129032258064516,968.7074193548387,SITE 5,EXT
2025-12-28 13:00:00,16.295666666666666,14.879333333333333,10.176,37.87037037037037,5.962962962962963,13.933333333333334,967.8146666666667,SITE 5,EXT
2025-12-28 14:00:00,17.596166666666665,16.552666666666667,11.501666666666667,37.851851851851855,6.222222222222223,14.166666666666666,967.0973333333333,SITE 5,EXT
2025-12-28 15:00:00,16.01983333333333,15.2325,10.808833333333332,37.7037037037037,6.462962962962963,14.533333333333333,966.851,SITE 5,EXT
2025-12-28 16:00:00,20.215,19.132333333333335,13.2335,36.537037037037045,6.092592592592593,15.266666666666667,967.1666666666666,SITE 5,EXT
2025-12-28 17:00:00,36.44916666666666,31.924333333333333,21.392666666666667,35.87037037037037,7.185185185185186,17.066666666666666,967.6413333333334,SITE 5,EXT
2025-12-28 18:00:00,65.5315,57.27133333333334,38.069833333333335,34.111111111111114,7.185185185185186,18.833333333333332,968.1306666666666,SITE 5,EXT
2025-12-28 19:00:00,82.85100000000001,73.3,47.48633333333334,33.27777777777778,7.703703703703705,20.4,968.7643333333333,SITE 5,EXT
2025-12-28 20:00:00,103.43709677419355,94.26677419354839,59.16629032258064,32.72401433691756,7.204301075268818,20.677419354838708,969.3916129032258,SITE 5,EXT
2025-12-28 21:00:00,60.974833333333336,49.300666666666665,32.36833333333333,31.444444444444446,6.4259259259259265,20.866666666666667,969.7923333333333,SITE 5,EXT
2025-12-28 22:00:00,45.411833333333334,38.24283333333334,25.691666666666666,30.722222222222225,6.037037037037037,21.0,969.9213333333333,SITE 5,EXT
2025-12-28 23:00:00,27.634,26.206500000000002,18.238,30.555555555555557,5.685185185185185,21.0,969.7486666666666,SITE 5,EXT
2025-12-29 00:00:00,27.2145,25.872666666666667,18.0935,30.185185185185183,5.703703703703704,21.266666666666666,969.5333333333333,SITE 5,EXT
2025-12-29 01:00:00,42.858,36.52016666666667,24.489833333333333,29.64814814814815,6.962962962962964,24.033333333333335,969.1913333333334,SITE 5,EXT
2025-12-29 02:00:00,52.67383333333333,43.65533333333334,29.279999999999998,28.518518518518523,7.648148148148149,26.8,968.8106666666666,SITE 5,EXT
2025-12-29 03:00:00,50.535322580645165,41.858548387096775,27.895806451612902,27.63440860215054,8.405017921146953,29.93548387096774,968.968064516129,SITE 5,EXT
2025-12-29 04:00:00,51.529666666666664,42.54516666666667,28.0295,26.814814814814817,8.592592592592592,31.833333333333332,969.0523333333333,SITE 5,EXT
2025-12-29 05:00:00,70.82016666666667,61.358666666666664,40.7825,27.75925925925926,8.518518518518519,29.833333333333332,969.42,SITE 5,EXT
2025-12-29 06:00:00,73.26133333333334,63.533,41.15433333333333,27.814814814814817,7.981481481481482,28.766666666666666,970.0256666666667,SITE 5,EXT
2025-12-29 07:00:00,54.157333333333334,43.93683333333333,28.502166666666664,29.222222222222225,8.037037037037038,26.766666666666666,970.783,SITE 5,EXT
2025-12-29 08:00:00,55.900666666666666,47.14033333333334,30.929,32.90740740740741,8.592592592592592,22.266666666666666,971.5310000000001,SITE 5,EXT
2025-12-29 09:00:00,53.5105,44.114000000000004,28.937666666666665,32.24074074074074,7.888888888888889,22.0,971.7379999999999,SITE 5,EXT
2025-12-29 10:00:00,31.329833333333333,28.578333333333333,18.887,33.611111111111114,7.5925925925925934,20.033333333333335,971.2636666666666,SITE 5,EXT
2025-12-29 11:00:00,27.61016129032258,25.53258064516129,16.98016129032258,36.45161290322581,7.6702508960573486,17.0,970.2845161290322,SITE 5,EXT
2025-12-29 12:00:00,21.118166666666664,19.691,13.492666666666668,38.666666666666664,7.462962962962964,14.866666666666667,969.1823333333334,SITE 5,EXT
2025-12-29 13:00:00,20.553166666666666,19.279333333333334,12.975,40.03703703703704,6.888888888888889,13.2,968.1543333333334,SITE 5,EXT
2025-12-29 14:00:00,19.558666666666667,18.38383333333333,12.623833333333332,40.62962962962963,6.62962962962963,12.633333333333333,967.1460000000001,SITE 5,EXT
2025-12-29 15:00:00,24.192999999999998,23.020166666666668,16.133333333333333,40.62962962962963,6.648148148148149,12.6,966.624,SITE 5,EXT
2025-12-29 16:00:00,28.198833333333333,26.3755,18.462833333333332,39.833333333333336,7.240740740740741,13.766666666666667,966.6193333333334,SITE 5,EXT
2025-12-29 17:00:00,44.74216666666667,38.04216666666667,25.6245,38.111111111111114,7.444444444444445,15.333333333333334,966.9653333333333,SITE 5,EXT
2025-12-29 18:00:00,67.1725,56.9715,38.73350000000001,35.68518518518519,9.055555555555555,19.666666666666668,967.645,SITE 5,EXT
2025-12-29 19:00:00,89.86032258064516,83.41612903225807,55.00741935483871,34.56989247311828,9.35483870967742,21.516129032258064,968.348064516129,SITE 5,EXT
2025-12-29 20:00:00,135.5005,127.19633333333333,82.89516666666667,33.166666666666664,9.055555555555555,22.633333333333333,969.4106666666667,SITE 5,EXT
2025-12-29 21:00:00,96.187,91.19483333333332,61.26766666666666,32.51851851851852,8.62962962962963,22.9,970.1753333333332,SITE 5,EXT
2025-12-29 22:00:00,64.01416666666667,54.304833333333335,36.911500000000004,32.05555555555556,10.5,26.8,970.679,SITE 5,EXT
2025-12-29 23:00:00,52.719833333333334,43.8625,29.267,31.25925925925926,14.185185185185185,35.8,970.6516666666666,SITE 5,EXT
2025-12-30 00:00:00,52.18866666666667,43.484833333333334,28.658333333333335,30.0,14.685185185185185,39.766666666666666,970.3756666666667,SITE 5,EXT
2025-12-30 01:00:00,51.189499999999995,42.683,27.936666666666667,28.61111111111111,16.055555555555557,47.166666666666664,969.6446666666667,SITE 5,EXT
2025-12-30 02:00:00,48.919666666666664,41.19633333333333,26.991,28.5,17.703703703703702,52.233333333333334,968.971,SITE 5,EXT
2025-12-30 03:00:00,51.8941935483871,43.40548387096774,28.522903225806452,28.45878136200717,18.2078853046595,54.41935483870968,969.0812903225807,SITE 5,EXT
2025-12-30 04:00:00,55.22,45.629666666666665,29.875,28.61111111111111,18.166666666666668,53.56666666666667,969.499,SITE 5,EXT
2025-12-30 05:00:00,57.733,47.407666666666664,30.3865,27.85185185185185,18.53703703703704,57.333333333333336,970.0210000000001,SITE 5,EXT
2025-12-30 06:00:00,82.79116666666667,67.34183333333333,39.1595,27.87037037037037,18.5,57.36666666666667,970.6876666666667,SITE 5,EXT
2025-12-30 07:00:00,167.87800000000001,159.1345,99.3665,28.61111111111111,17.944444444444446,53.13333333333333,971.6863333333333,SITE 5,EXT
2025-12-30 08:00:00,100.66033333333333,94.28566666666667,58.566,31.425925925925927,18.925925925925927,47.86666666666667,972.3866666666667,SITE 5,EXT
2025-12-30 09:00:00,56.247499999999995,46.520999999999994,30.325499999999998,32.48148148148148,19.166666666666668,45.666666666666664,972.3226666666667,SITE 5,EXT
2025-12-30 10:00:00,53.31433333333334,44.34433333333333,28.785,34.38888888888889,19.25925925925926,41.36666666666667,972.1956666666666,SITE 5,EXT
2025-12-30 11:00:00,60.19903225806452,51.07177419354839,33.39209677419355,35.7168458781362,18.189964157706093,35.774193548387096,971.6577419354838,SITE 5,EXT
2025-12-30 12:00:00,54.16716666666667,44.88,29.6345,38.31481481481482,17.462962962962965,29.566666666666666,970.758,SITE 5,EXT
2025-12-30 13:00:00,57.10366666666667,46.97816666666667,31.12066666666667,38.7962962962963,16.88888888888889,27.833333333333332,969.7646666666666,SITE 5,EXT
2025-12-30 14:00:00,55.083333333333336,45.67516666666667,30.506666666666668,39.2037037037037,16.72222222222222,26.833333333333332,968.9169999999999,SITE 5,EXT
2025-12-30 15:00:00,52.05383333333334,43.53416666666667,29.011666666666667,38.666666666666664,16.425925925925927,27.133333333333333,968.7199999999999,SITE 5,EXT
2025-12-30 16:00:00,51.89433333333333,43.36216666666667,28.950499999999998,38.03703703703704,15.370370370370372,26.333333333333332,968.8096666666667,SITE 5,EXT
2025-12-30 17:00:00,56.151500000000006,45.54983333333333,29.683666666666667,37.38888888888889,15.462962962962964,27.4,969.1023333333334,SITE 5,EXT
2025-12-30 18:00:00,74.30066666666667,67.28033333333333,43.916333333333334,35.90740740740741,16.037037037037035,30.866666666666667,969.5806666666666,SITE 5,EXT
2025-12-30 19:00:00,80.94419354838709,73.49790322580645,48.71032258064516,35.017921146953405,16.810035842293907,34.096774193548384,970.3725806451613,SITE 5,EXT
2025-12-30 20:00:00,60.344500000000004,49.26583333333333,32.74733333333334,33.870370370370374,17.185185185185183,37.0,971.2873333333333,SITE 5,EXT
2025-12-30 21:00:00,68.87233333333333,57.41916666666667,37.55566666666667,33.51851851851852,17.407407407407405,38.53333333333333,971.6229999999999,SITE 5,EXT
2025-12-30 22:00:00,69.72416666666666,59.437333333333335,39.3745,32.592592592592595,16.796296296296298,39.3,971.456,SITE 5,EXT
2025-12-30 23:00:00,64.60816666666668,53.255833333333335,35.14533333333333,30.870370370370374,17.37037037037037,44.8,971.2906666666667,SITE 5,EXT
2025-12-31 00:00:00,62.387166666666666,51.499,34.08166666666667,30.444444444444446,17.962962962962965,47.7,970.9786666666666,SITE 5,EXT
2025-12-31 01:00:00,60.46,49.8405,32.94783333333333,29.25925925925926,18.351851851851855,52.2,970.2756666666667,SITE 5,EXT
2025-12-31 02:00:00,56.53354838709677,46.928387096774195,30.793548387096774,29.032258064516128,18.691756272401435,54.225806451612904,969.88,SITE 5,EXT
2025-12-31 03:00:00,53.03933333333334,44.329166666666666,28.859666666666666,27.962962962962965,19.240740740740744,59.8,969.5413333333332,SITE 5,EXT
2025-12-31 04:00:00,49.83616666666667,41.91583333333333,27.147166666666667,27.851851851851855,19.574074074074076,61.43333333333333,969.588,SITE 5,EXT
2025-12-31 05:00:00,51.83716666666667,43.085166666666666,27.602,27.703703703703706,19.555555555555557,61.93333333333333,970.1436666666667,SITE 5,EXT
2025-12-31 06:00:00,58.83416666666667,49.21566666666667,31.16916666666667,27.64814814814815,19.64814814814815,62.46666666666667,970.3953333333334,SITE 5,EXT
2025-12-31 07:00:00,65.202,54.3635,34.708,28.518518518518523,19.87037037037037,60.166666666666664,971.1053333333333,SITE 5,EXT
2025-12-31 08:00:00,61.6915,50.50066666666667,32.58683333333333,31.592592592592595,20.092592592592595,50.93333333333333,972.0553333333334,SITE 5,EXT
2025-12-31 09:00:00,51.28033333333334,42.84683333333333,28.229666666666667,32.53703703703704,19.962962962962965,47.833333333333336,972.1413333333334,SITE 5,EXT
2025-12-31 10:00:00,45.711129032258064,38.84483870967742,25.75725806451613,34.44444444444444,19.767025089605735,42.516129032258064,971.7032258064515,SITE 5,EXT
2025-12-31 11:00:00,49.69316666666667,41.790333333333336,27.760499999999997,36.7962962962963,19.0,35.36666666666667,971.0043333333334,SITE 5,EXT
2025-12-31 12:00:00,48.56283333333333,40.957166666666666,27.008333333333333,38.14814814814815,17.296296296296298,29.533333333333335,970.01,SITE 5,EXT
2025-12-31 13:00:00,35.080666666666666,31.985333333333333,21.561,39.351851851851855,14.981481481481483,23.966666666666665,968.948,SITE 5,EXT
2025-12-31 14:00:00,32.999,30.671666666666667,20.797333333333334,39.77777777777778,13.648148148148149,21.366666666666667,968.0716666666667,SITE 5,EXT
2025-12-31 15:00:00,34.146166666666666,31.112666666666666,20.754166666666666,39.46296296296296,13.351851851851853,21.3,967.8423333333334,SITE 5,EXT
2025-12-31 16:00:00,33.714666666666666,31.23966666666667,21.304,39.166666666666664,13.055555555555555,21.2,967.9006666666667,SITE 5,EXT
2025-12-31 17:00:00,40.69416666666667,35.51166666666666,23.957833333333333,37.75925925925926,13.407407407407408,23.366666666666667,967.8356666666666,SITE 5,EXT
2025-12-31 18:00:00,75.377,67.14783333333334,43.3715,35.48148148148149,13.296296296296298,26.3,968.3186666666667,SITE 5,EXT
2025-12-31 19:00:00,113.84,107.05564516129031,70.43129032258064,34.42652329749104,13.566308243727597,28.516129032258064,968.9145161290322,SITE 5,EXT
2025-12-31 20:00:00,138.22533333333334,129.80233333333334,83.62016666666666,33.833333333333336,13.870370370370372,30.133333333333333,969.5746666666668,SITE 5,EXT
2025-12-31 21:00:00,156.93983333333333,146.71483333333333,95.412,32.851851851851855,14.055555555555555,32.1,969.643,SITE 5,EXT
2025-12-31 22:00:00,123.68383333333333,116.71033333333334,77.33766666666666,32.22222222222222,12.5,30.2,969.365,SITE 5,EXT
2025-12-31 23:00:00,107.55733333333335,101.98233333333333,68.618,31.925925925925927,12.203703703703704,30.133333333333333,968.9416666666667,SITE 5,EXT
2026-01-01 00:00:00,112.59016666666666,105.2665,65.08383333333333,31.11111111111111,12.759259259259261,32.7,968.4616666666666,SITE 5,EXT
2026-01-01 01:00:00,83.89033333333333,78.75333333333333,51.53966666666667,29.25925925925926,13.481481481481483,38.0,968.022,SITE 5,EXT
2026-01-01 02:00:00,129.80216666666666,121.56683333333334,78.04899999999999,29.092592592592595,13.75925925925926,39.06666666666667,967.962,SITE 5,EXT
2026-01-01 03:00:00,123.7991935483871,116.52064516129032,74.21112903225807,27.8494623655914,14.050179211469533,43.096774193548384,967.8393548387097,SITE 5,EXT
2026-01-01 04:00:00,85.61699999999999,78.76333333333334,50.641,27.53703703703704,13.648148148148149,42.63333333333333,968.2826666666666,SITE 5,EXT
2026-01-01 05:00:00,72.305,63.124166666666675,40.824333333333335,27.75925925925926,13.407407407407408,41.53333333333333,968.5726666666667,SITE 5,EXT
2026-01-01 06:00:00,79.813,72.01766666666667,46.26716666666666,27.351851851851855,13.62962962962963,43.06666666666667,969.133,SITE 5,EXT
2026-01-01 07:00:00,171.50466666666668,159.81083333333333,97.78033333333333,28.62962962962963,14.222222222222223,41.733333333333334,969.9636666666667,SITE 5,EXT
2026-01-01 08:00:00,188.79983333333334,178.53766666666667,110.0945,31.425925925925927,13.74074074074074,34.13333333333333,970.5793333333334,SITE 5,EXT
2026-01-01 09:00:00,104.514,97.36116666666666,61.982499999999995,31.703703703703706,12.055555555555555,30.1,970.7333333333333,SITE 5,EXT
2026-01-01 10:00:00,66.91516666666666,56.36116666666667,36.402833333333334,34.12962962962963,11.444444444444446,25.233333333333334,970.2793333333334,SITE 5,EXT
2026-01-01 11:00:00,42.72774193548387,37.35596774193549,24.190322580645162,36.7562724014337,8.530465949820789,17.806451612903224,969.6077419354839,SITE 5,EXT
2026-01-01 12:00:00,31.483,29.413666666666664,19.94,37.64814814814815,8.25925925925926,16.6,968.559,SITE 5,EXT
2026-01-01 13:00:00,26.915666666666667,25.935499999999998,18.165000000000003,39.111111111111114,8.314814814814815,15.233333333333333,967.5233333333333,SITE 5,EXT
2026-01-01 14:00:00,29.2805,27.993,19.512333333333334,39.24074074074074,8.11111111111111,15.066666666666666,966.5566666666667,SITE 5,EXT
2026-01-01 15:00:00,28.980666666666664,27.935166666666667,19.680833333333336,39.94444444444444,8.148148148148149,14.566666666666666,965.9213333333333,SITE 5,EXT
2026-01-01 16:00:00,37.52366666666667,33.50516666666667,23.03666666666667,39.22222222222222,9.370370370370372,16.466666666666665,965.5123333333333,SITE 5,EXT
2026-01-01 17:00:00,56.79766666666667,46.794666666666664,31.651333333333334,37.44444444444445,11.296296296296298,20.8,965.6616666666666,SITE 5,EXT
2026-01-01 18:00:00,73.75532258064516,65.86,44.86774193548386,35.017921146953405,12.508960573476704,25.838709677419356,966.5761290322581,SITE 5,EXT
2026-01-01 19:00:00,100.493,96.21266666666666,64.59416666666667,34.092592592592595,12.962962962962964,27.933333333333334,967.6503333333333,SITE 5,EXT
2026-01-01 20:00:00,90.19783333333334,83.62783333333333,56.208,33.51851851851852,14.296296296296298,31.733333333333334,968.7876666666667,SITE 5,EXT
2026-01-01 21:00:00,51.52616666666667,43.008,28.608666666666668,32.72222222222222,17.666666666666668,41.0,969.6126666666667,SITE 5,EXT
2026-01-01 22:00:00,48.24966666666667,40.653666666666666,27.060166666666664,31.75925925925926,18.333333333333332,45.06666666666667,969.6926666666666,SITE 5,EXT
2026-01-01 23:00:00,45.508500000000005,38.695,25.408833333333334,30.833333333333336,18.98148148148148,49.56666666666667,969.7693333333334,SITE 5,EXT
2026-01-02 00:00:00,45.401833333333336,38.583333333333336,25.157833333333333,30.11111111111111,19.61111111111111,53.766666666666666,969.7513333333334,SITE 5,EXT
2026-01-02 01:00:00,47.13416666666667,39.784666666666666,25.881333333333334,29.166666666666668,19.740740740740744,57.2,969.0830000000001,SITE 5,EXT
2026-01-02 02:00:00,46.785322580645165,39.578870967741935,25.77048387096774,28.082437275985665,19.874551971326163,61.193548387096776,968.2974193548388,SITE 5,EXT
2026-01-02 03:00:00,44.94383333333334,38.513,25.1945,28.48148148148148,19.944444444444446,60.4,968.3420000000001,SITE 5,EXT
2026-01-02 04:00:00,44.683166666666665,38.11183333333334,24.591166666666666,28.685185185185183,19.85185185185185,59.3,968.2123333333333,SITE 5,EXT
2026-01-02 05:00:00,50.9305,42.52033333333333,27.191166666666668,27.888888888888893,19.833333333333332,61.86666666666667,968.5166666666667,SITE 5,EXT
2026-01-02 06:00:00,52.531333333333336,44.00183333333334,28.461000000000002,27.27777777777778,20.0,64.83333333333333,969.0173333333333,SITE 5,EXT
2026-01-02 07:00:00,63.265,52.16466666666667,33.50216666666667,29.425925925925927,20.388888888888893,59.13333333333333,969.972,SITE 5,EXT
2026-01-02 08:00:00,57.73083333333333,48.496833333333335,31.500166666666665,32.2037037037037,20.574074074074076,50.6,970.7536666666667,SITE 5,EXT
2026-01-02 09:00:00,53.422000000000004,43.94083333333333,28.231833333333334,31.925925925925927,20.666666666666668,51.7,970.7776666666667,SITE 5,EXT
2026-01-02 10:00:00,48.685806451612905,41.21677419354839,27.184354838709677,33.08243727598567,20.322580645161292,47.483870967741936,970.2629032258066,SITE 5,EXT
2026-01-02 11:00:00,44.69116666666667,38.18066666666667,25.365000000000002,36.351851851851855,18.166666666666668,34.63333333333333,969.9033333333333,SITE 5,EXT
2026-01-02 12:00:00,43.68483333333334,37.50833333333333,25.2585,38.01851851851852,16.27777777777778,27.966666666666665,968.9353333333333,SITE 5,EXT
2026-01-02 13:00:00,35.34733333333334,32.2665,21.90583333333333,39.14814814814815,15.12962962962963,24.366666666666667,967.9783333333332,SITE 5,EXT
2026-01-02 14:00:00,34.19883333333333,31.615000000000002,21.582333333333334,39.46296296296296,14.962962962962964,23.733333333333334,967.0120000000001,SITE 5,EXT
2026-01-02 15:00:00,31.74566666666667,29.97733333333333,20.338,39.37037037037037,14.648148148148149,23.166666666666668,966.7073333333334,SITE 5,EXT
2026-01-02 16:00:00,34.1955,31.543,21.372833333333332,38.37037037037037,15.166666666666666,25.4,966.6626666666667,SITE 5,EXT
2026-01-02 17:00:00,38.52016666666667,34.02816666666667,22.699833333333334,36.851851851851855,15.0,27.3,966.6723333333333,SITE 5,EXT
2026-01-02 18:00:00,61.075645161290325,50.95645161290323,33.684999999999995,35.03584229390681,13.81720430107527,28.0,967.03,SITE 5,EXT
2026-01-02 19:00:00,72.90466666666666,63.3115,41.282666666666664,33.98148148148149,14.166666666666666,30.433333333333334,967.7703333333334,SITE 5,EXT
2026-01-02 20:00:00,82.28616666666667,75.50533333333333,49.283833333333334,33.38888888888889,13.574074074074074,30.366666666666667,968.7563333333333,SITE 5,EXT
2026-01-02 21:00:00,76.17183333333334,67.12483333333334,43.0965,32.72222222222222,13.537037037037038,31.333333333333332,969.1433333333333,SITE 5,EXT
2026-01-02 22:00:00,74.4625,65.0005,41.306666666666665,31.85185185185185,13.703703703703704,33.333333333333336,969.2076666666667,SITE 5,EXT
2026-01-02 23:00:00,60.31633333333333,49.236999999999995,32.53333333333333,31.25925925925926,13.814814814814815,34.733333333333334,969.2326666666667,SITE 5,EXT
2026-01-03 00:00:00,51.20316666666667,42.645833333333336,28.105166666666666,30.53703703703704,14.851851851851851,38.733333333333334,969.2906666666667,SITE 5,EXT
2026-01-03 01:00:00,44.640166666666666,38.07233333333333,25.298833333333334,30.12962962962963,15.925925925925926,42.56666666666667,969.063,SITE 5,EXT
2026-01-03 02:00:00,47.545806451612904,40.145645161290325,26.516129032258064,29.086021505376348,16.7921146953405,47.903225806451616,968.5512903225806,SITE 5,EXT
2026-01-03 03:00:00,48.310833333333335,40.79,26.890666666666668,28.31481481481482,17.444444444444446,52.166666666666664,968.2336666666666,SITE 5,EXT
2026-01-03 04:00:00,47.855333333333334,40.516333333333336,26.724666666666668,27.962962962962965,17.796296296296298,54.166666666666664,968.444,SITE 5,EXT
2026-01-03 05:00:00,46.74283333333334,39.65133333333333,26.0355,27.518518518518523,18.055555555555557,57.1,968.7876666666667,SITE 5,EXT
2026-01-03 06:00:00,50.75916666666667,42.72066666666667,27.50133333333333,26.77777777777778,18.425925925925927,60.9,969.4593333333333,SITE 5,EXT
2026-01-03 07:00:00,52.25716666666666,43.462833333333336,28.242166666666666,27.888888888888893,19.11111111111111,59.333333333333336,970.3693333333334,SITE 5,EXT
2026-01-03 08:00:00,44.41916666666667,37.914,24.903166666666667,30.055555555555557,19.98148148148148,55.266666666666666,970.9386666666667,SITE 5,EXT
2026-01-03 09:00:00,37.22096774193549,33.33241935483871,21.955322580645163,30.770609318996417,20.770609318996417,55.54838709677419,971.0390322580645,SITE 5,EXT
2026-01-03 10:00:00,35.98233333333334,32.57966666666667,21.698166666666665,33.0,20.88888888888889,49.4,970.7253333333333,SITE 5,EXT
2026-01-03 11:00:00,36.9315,33.36866666666667,22.322,35.55555555555556,20.666666666666668,42.233333333333334,970.0813333333333,SITE 5,EXT
2026-01-03 12:00:00,36.52166666666667,33.0635,22.302,37.24074074074074,19.833333333333332,36.4,969.33,SITE 5,EXT
2026-01-03 13:00:00,41.721333333333334,36.385666666666665,24.545666666666666,38.05555555555556,19.0,33.03333333333333,968.2526666666668,SITE 5,EXT
2026-01-03 14:00:00,38.52383333333333,34.25966666666667,23.300833333333333,38.62962962962963,17.037037037037038,28.266666666666666,967.3623333333333,SITE 5,EXT
2026-01-03 15:00:00,37.10966666666666,33.351166666666664,22.743333333333332,38.44444444444445,15.685185185185185,26.1,966.8373333333333,SITE 5,EXT
2026-01-03 16:00:00,38.770833333333336,34.30133333333333,23.072833333333335,38.12962962962963,15.018518518518517,25.466666666666665,966.7476666666666,SITE 5,EXT
2026-01-03 17:00:00,44.94258064516129,38.62209677419355,25.539354838709677,37.15053763440861,15.770609318996417,28.29032258064516,967.043870967742,SITE 5,EXT
2026-01-03 18:00:00,74.325,65.10016666666667,41.98016666666667,35.2037037037037,16.01851851851852,32.13333333333333,967.367,SITE 5,EXT
2026-01-03 19:00:00,120.02066666666666,112.55316666666666,71.997,34.44444444444444,16.62962962962963,34.8,968.198,SITE 5,EXT
2026-01-03 20:00:00,146.95216666666664,137.93616666666668,86.06583333333333,33.870370370370374,16.425925925925927,35.53333333333333,968.9496666666668,SITE 5,EXT
2026-01-03 21:00:00,101.90216666666667,96.93383333333333,62.549,33.148148148148145,16.38888888888889,36.833333333333336,969.5686666666667,SITE 5,EXT
2026-01-03 22:00:00,67.955,57.57633333333333,37.523,33.05555555555556,16.296296296296298,36.733333333333334,969.4866666666666,SITE 5,EXT
2026-01-03 23:00:00,81.15916666666666,71.67049999999999,46.43449999999999,32.333333333333336,16.944444444444443,40.06666666666667,969.7096666666667,SITE 5,EXT
2026-01-04 00:00:00,49.01566666666667,41.23066666666667,27.3595,31.296296296296298,16.944444444444443,42.6,969.9483333333334,SITE 5,EXT
2026-01-04 01:00:00,38.26903225806451,34.01112903225807,22.654354838709676,30.358422939068102,17.02508960573477,45.16129032258065,969.5409677419354,SITE 5,EXT
2026-01-04 02:00:00,23.458833333333335,22.733666666666668,15.631,28.166666666666668,17.90740740740741,54.266666666666666,969.0,SITE 5,EXT
2026-01-04 03:00:00,13.218166666666667,12.8505,9.065166666666666,28.240740740740744,15.796296296296298,47.2,968.0939999999999,SITE 5,EXT
2026-01-04 04:00:00,22.67716666666667,21.511833333333335,14.918666666666667,28.61111111111111,15.537037037037038,45.3,968.3703333333334,SITE 5,EXT
2026-01-04 05:00:00,30.197333333333336,28.237833333333334,19.43166666666667,28.64814814814815,15.88888888888889,46.4,968.971,SITE 5,EXT
2026-01-04 06:00:00,35.501666666666665,32.345666666666666,21.83066666666667,28.240740740740744,16.703703703703702,49.9,969.4716666666667,SITE 5,EXT
2026-01-04 07:00:00,43.0,38.54816666666667,25.40083333333333,29.12962962962963,17.85185185185185,50.8,970.1063333333333,SITE 5,EXT
2026-01-04 08:00:00,40.11300000000001,35.1365,23.249166666666667,30.870370370370374,19.185185185185183,50.1,970.7099999999999,SITE 5,EXT
2026-01-04 09:00:00,39.340483870967745,34.72677419354839,23.236451612903227,31.684587813620073,20.215053763440864,51.096774193548384,971.0274193548387,SITE 5,EXT
2026-01-04 10:00:00,35.3025,32.30716666666667,21.822166666666664,33.68518518518519,20.666666666666668,46.53333333333333,970.6673333333333,SITE 5,EXT
2026-01-04 11:00:00,35.25116666666667,32.2205,21.7325,34.851851851851855,20.51851851851852,43.43333333333333,970.2783333333333,SITE 5,EXT
2026-01-04 12:00:00,31.922666666666665,30.202833333333334,20.5775,37.14814814814815,20.166666666666668,37.6,969.3473333333333,SITE 5,EXT
2026-01-04 13:00:00,34.82666666666667,32.04483333333334,21.902833333333334,37.75925925925926,19.425925925925927,34.56666666666667,968.4873333333333,SITE 5,EXT
2026-01-04 14:00:00,36.55916666666667,33.1685,22.6275,37.666666666666664,18.703703703703706,33.166666666666664,967.6373333333333,SITE 5,EXT
2026-01-04 15:00:00,36.2555,33.05983333333334,22.66783333333333,37.22222222222222,18.796296296296298,34.233333333333334,967.1603333333334,SITE 5,EXT
2026-01-04 16:00:00,37.13966666666667,33.199666666666666,22.4375,36.25925925925926,17.166666666666668,32.63333333333333,967.2156666666667,SITE 5,EXT
2026-01-04 17:00:00,48.04838709677419,42.82016129032258,28.281612903225806,35.788530465949826,17.419354838709676,34.03225806451613,967.3877419354839,SITE 5,EXT
2026-01-04 18:00:00,60.41116666666667,50.461999999999996,32.084666666666664,33.94444444444445,16.555555555555557,35.63333333333333,967.962,SITE 5,EXT
2026-01-04 19:00:00,62.88516666666667,52.24883333333333,35.31966666666666,33.44444444444444,17.62962962962963,39.266666666666666,968.8889999999999,SITE 5,EXT
2026-01-04 20:00:00,53.07816666666667,43.99183333333334,29.293499999999998,32.77777777777778,18.370370370370374,42.86666666666667,969.4590000000001,SITE 5,EXT
2026-01-04 21:00:00,49.163333333333334,41.29383333333333,27.82,32.37037037037037,18.48148148148148,44.06666666666667,969.7973333333334,SITE 5,EXT
2026-01-04 22:00:00,46.58616666666667,39.387166666666666,26.347166666666666,31.703703703703702,18.574074074074076,45.96666666666667,970.0153333333333,SITE 5,EXT
2026-01-04 23:00:00,44.44,37.75625,25.006875,31.597222222222225,18.472222222222225,46.0,969.8075,SITE 5,EXT
2026-01-05 00:00:00,51.92833333333333,45.01833333333333,29.62857142857143,29.12698412698413,18.783068783068785,53.95238095238095,969.647619047619,SITE 5,EXT
2026-01-05 01:00:00,88.55183333333335,81.82600000000001,51.2245,29.48148148148148,19.11111111111111,54.1,969.2919999999999,SITE 5,EXT
2026-01-05 02:00:00,83.27637931034482,76.1205172413793,47.18224137931035,28.88888888888889,18.96551724137931,55.86206896551724,968.5231034482758,SITE 5,EXT
2026-01-05 03:00:00,51.80833333333333,44.52166666666667,28.56683333333333,28.90740740740741,19.185185185185183,56.3,968.1853333333333,SITE 5,EXT
2026-01-05 04:00:00,43.2175,37.13516666666667,24.351166666666664,28.77777777777778,19.333333333333332,57.43333333333333,968.6293333333334,SITE 5,EXT
2026-01-05 05:00:00,49.12883333333333,41.246833333333335,27.137,28.814814814814817,19.444444444444446,57.46666666666667,969.0553333333334,SITE 5,EXT
2026-01-05 06:00:00,52.71048387096774,44.046129032258065,28.984193548387097,28.655913978494624,19.749103942652333,58.935483870967744,969.5419354838709,SITE 5,EXT
2026-01-05 07:00:00,54.92583333333334,45.41866666666667,29.713833333333334,28.944444444444446,19.888888888888893,58.7,970.2180000000001,SITE 5,EXT
2026-01-05 08:00:00,45.623333333333335,38.693999999999996,25.382166666666667,30.703703703703706,20.203703703703702,54.0,970.662,SITE 5,EXT
2026-01-05 09:00:00,46.399833333333326,39.24516666666667,25.819166666666664,32.20370370370371,20.296296296296298,49.9,970.6783333333333,SITE 5,EXT
2026-01-05 10:00:00,43.7635,37.789833333333334,25.285833333333336,34.851851851851855,20.27777777777778,42.86666666666667,970.5413333333333,SITE 5,EXT
2026-01-05 11:00:00,40.591,35.78616666666667,24.094833333333334,35.94444444444445,19.35185185185185,37.9,969.9509999999999,SITE 5,EXT
2026-01-05 12:00:00,41.024833333333326,35.83016666666666,24.216833333333334,37.611111111111114,18.425925925925927,32.766666666666666,968.9593333333333,SITE 5,EXT
2026-01-05 13:00:00,44.25516666666667,37.9,25.659,38.12962962962963,18.018518518518523,31.0,967.7223333333334,SITE 5,EXT
2026-01-05 14:00:00,46.02966666666667,39.08083333333333,26.236666666666668,37.88888888888889,17.574074074074073,30.433333333333334,966.8116666666666,SITE 5,EXT
2026-01-05 15:00:00,40.224333333333334,35.28966666666667,23.954833333333333,39.2037037037037,17.037037037037038,27.366666666666667,966.1993333333334,SITE 5,EXT
2026-01-05 16:00:00,40.37810344827586,35.23275862068966,23.834655172413793,38.16091954022989,16.685823754789272,28.379310344827587,965.8158620689655,SITE 5,EXT
2026-01-05 17:00:00,43.35016129032258,37.16177419354839,24.909193548387094,36.82795698924731,16.344086021505376,29.967741935483872,966.3483870967742,SITE 5,EXT
2026-01-05 18:00:00,58.5815,48.218833333333336,31.2385,35.64814814814815,16.61111111111111,32.43333333333333,966.8586666666666,SITE 5,EXT
2026-01-05 19:00:00,61.3975,53.970166666666664,35.4465,35.0,16.85185185185185,34.2,967.591,SITE 5,EXT
2026-01-05 20:00:00,81.49083333333333,75.1305,48.86416666666666,34.31481481481481,17.166666666666668,36.266666666666666,968.7746666666666,SITE 5,EXT
2026-01-05 21:00:00,58.41,48.425333333333334,32.1565,33.777777777777786,17.666666666666668,38.666666666666664,968.8986666666666,SITE 5,EXT
2026-01-05 22:00:00,53.507,44.47,29.35616666666667,31.40740740740741,19.25925925925926,48.96666666666667,969.0583333333333,SITE 5,EXT
2026-01-05 23:00:00,46.74916666666666,39.783,26.679666666666666,30.703703703703706,19.444444444444446,51.4,969.1933333333333,SITE 5,EXT
2026-01-06 00:00:00,41.35483333333333,35.91466666666667,23.789833333333334,30.203703703703702,18.77777777777778,50.7,968.8646666666666,SITE 5,EXT
2026-01-06 01:00:00,42.913333333333334,36.966499999999996,24.534666666666666,29.796296296296298,18.87037037037037,52.266666666666666,968.6496666666667,SITE 5,EXT
2026-01-06 02:00:00,44.1205,37.73916666666666,25.065166666666666,28.814814814814817,18.77777777777778,55.166666666666664,968.6233333333333,SITE 5,EXT
2026-01-06 03:00:00,41.95887096774193,36.490967741935485,24.251935483870966,28.010752688172044,18.72759856630824,57.806451612903224,968.1483870967742,SITE 5,EXT
2026-01-06 04:00:00,45.07533333333333,38.0815,25.381166666666665,26.62962962962963,18.53703703703704,61.833333333333336,968.295,SITE 5,EXT
2026-01-06 05:00:00,53.515499999999996,44.25466666666667,29.157333333333334,27.40740740740741,18.75925925925926,59.7,968.9326666666667,SITE 5,EXT
2026-01-06 06:00:00,52.61133333333333,43.683166666666665,28.81433333333333,26.851851851851855,17.35185185185185,56.766666666666666,969.2026666666666,SITE 5,EXT
2026-01-06 07:00:00,61.553,50.001,32.773833333333336,27.12962962962963,16.814814814814817,54.1,969.7793333333334,SITE 5,EXT
2026-01-06 08:00:00,55.79766666666667,45.933,30.238833333333332,28.333333333333332,17.166666666666668,51.233333333333334,970.5983333333334,SITE 5,EXT
2026-01-06 09:00:00,51.4925,42.934,28.397,28.77777777777778,17.77777777777778,51.9,970.9086666666666,SITE 5,EXT
2026-01-06 10:00:00,47.447,40.07783333333334,26.64966666666667,30.64814814814815,18.14814814814815,47.8,970.6503333333333,SITE 5,EXT
2026-01-06 11:00:00,47.609032258064516,40.26838709677419,26.888709677419353,33.04659498207886,17.95698924731183,41.096774193548384,969.5912903225807,SITE 5,EXT
2026-01-06 12:00:00,49.91816666666667,41.841833333333334,27.76033333333333,33.27777777777778,17.90740740740741,40.43333333333333,968.859,SITE 5,EXT
2026-01-06 13:00:00,45.81933333333333,38.97866666666666,26.15083333333333,36.44444444444445,18.222222222222225,34.43333333333333,967.7270000000001,SITE 5,EXT
2026-01-06 14:00:00,46.848,39.698166666666665,26.661,38.18518518518519,18.074074074074076,31.0,966.7296666666666,SITE 5,EXT
2026-01-06 15:00:00,48.41133333333333,40.818666666666665,27.281333333333336,37.27777777777778,17.092592592592595,30.566666666666666,966.2336666666666,SITE 5,EXT
2026-01-06 16:00:00,54.775999999999996,46.581,30.956166666666665,37.333333333333336,17.01851851851852,30.4,966.1113333333334,SITE 5,EXT
2026-01-06 17:00:00,58.646,48.399833333333326,32.291666666666664,36.07407407407408,17.166666666666668,32.9,966.2389999999999,SITE 5,EXT
2026-01-06 18:00:00,66.89116666666668,55.073,36.14666666666667,34.44444444444444,17.203703703703702,36.06666666666667,966.7563333333333,SITE 5,EXT
2026-01-06 19:00:00,88.54612903225807,82.64403225806453,53.17161290322581,33.85304659498208,17.168458781362006,37.0,967.4580645161291,SITE 5,EXT
2026-01-06 20:00:00,59.580333333333336,48.67516666666667,31.941166666666668,32.74074074074074,17.796296296296298,41.5,968.2596666666667,SITE 5,EXT
2026-01-06 21:00:00,57.1025,46.900999999999996,30.803,31.62962962962963,17.61111111111111,43.4,968.685,SITE 5,EXT
2026-01-06 22:00:00,58.786500000000004,48.005,31.553833333333333,30.222222222222225,17.64814814814815,47.233333333333334,968.8240000000001,SITE 5,EXT
2026-01-06 23:00:00,58.14483333333333,47.3395,31.154,29.944444444444446,17.685185185185183,48.266666666666666,968.8626666666667,SITE 5,EXT
2026-01-07 00:00:00,57.219833333333334,46.66116666666667,30.7285,29.574074074074076,17.38888888888889,48.46666666666667,968.5830000000001,SITE 5,EXT
2026-01-07 01:00:00,56.9465,46.60966666666666,30.711666666666666,29.722222222222225,17.203703703703702,47.233333333333334,967.9453333333333,SITE 5,EXT
2026-01-07 02:00:00,59.072096774193554,47.934999999999995,31.61193548387097,30.23297491039427,16.863799283154123,44.774193548387096,967.6187096774194,SITE 5,EXT
2026-01-07 03:00:00,62.390499999999996,50.385666666666665,32.903333333333336,29.5,18.055555555555557,50.733333333333334,967.9066666666666,SITE 5,EXT
2026-01-07 04:00:00,61.57233333333333,49.81366666666667,32.4815,28.833333333333332,18.574074074074076,54.166666666666664,968.3506666666667,SITE 5,EXT
2026-01-07 05:00:00,64.47816666666667,52.38033333333333,34.14066666666667,27.77777777777778,18.796296296296298,58.5,968.8956666666667,SITE 5,EXT
2026-01-07 06:00:00,68.45933333333333,56.80050000000001,36.936166666666665,27.48148148148148,18.53703703703704,58.1,969.2453333333334,SITE 5,EXT
2026-01-07 07:00:00,71.49900000000001,61.15316666666667,39.66816666666667,28.740740740740744,18.75925925925926,55.233333333333334,969.9746666666667,SITE 5,EXT
2026-01-07 08:00:00,57.5415,46.9815,30.8855,30.61111111111111,19.0,50.36666666666667,970.6569999999999,SITE 5,EXT
2026-01-07 09:00:00,61.91566666666667,51.573499999999996,34.25516666666667,31.48148148148148,17.61111111111111,44.0,970.662,SITE 5,EXT
2026-01-07 10:00:00,66.0382258064516,57.33854838709677,38.196451612903225,33.35125448028674,15.17921146953405,33.83870967741935,970.2929032258064,SITE 5,EXT
2026-01-07 11:00:00,48.0555,40.32483333333334,26.589166666666664,35.55555555555556,14.166666666666666,27.866666666666667,969.749,SITE 5,EXT
2026-01-07 12:00:00,46.056666666666665,39.515499999999996,26.533166666666666,36.72222222222222,13.148148148148149,24.433333333333334,969.1466666666668,SITE 5,EXT
2026-01-07 13:00:00,53.2215,47.04766666666667,32.25383333333333,37.74074074074074,11.611111111111112,20.833333333333332,967.9979999999999,SITE 5,EXT
2026-01-07 14:00:00,47.378166666666665,41.47266666666667,27.720333333333333,38.22222222222222,10.777777777777777,19.133333333333333,967.2546666666666,SITE 5,EXT
2026-01-07 15:00:00,38.65233333333333,34.0125,22.887666666666668,38.666666666666664,10.5,18.233333333333334,966.936,SITE 5,EXT
2026-01-07 16:00:00,39.47833333333334,34.43283333333333,23.3535,38.42592592592593,10.166666666666666,18.133333333333333,967.0533333333333,SITE 5,EXT
2026-01-07 17:00:00,52.70916666666667,43.656666666666666,29.525,37.092592592592595,10.148148148148149,19.533333333333335,967.23,SITE 5,EXT
2026-01-07 18:00:00,77.58435483870967,69.03887096774193,45.93112903225806,35.30465949820789,10.232974910394265,21.741935483870968,967.6651612903225,SITE 5,EXT
2026-01-07 19:00:00,80.41416666666667,73.60933333333334,50.512166666666666,33.88888888888889,9.74074074074074,22.7,968.581,SITE 5,EXT
2026-01-07 20:00:00,79.13233333333332,71.33966666666667,48.18,32.75925925925926,9.75925925925926,24.2,969.5740000000001,SITE 5,EXT
2026-01-07 21:00:00,50.44716666666667,42.25866666666666,28.522166666666667,31.888888888888893,9.38888888888889,24.9,970.006,SITE 5,EXT
2026-01-07 22:00:00,36.81016666666667,32.036833333333334,21.477500000000003,31.592592592592595,9.296296296296298,25.266666666666666,970.3303333333333,SITE 5,EXT
2026-01-07 23:00:00,26.88383333333333,24.51966666666667,16.553833333333333,30.740740740740744,9.314814814814815,26.5,970.169,SITE 5,EXT
2026-01-08 00:00:00,19.577333333333335,17.973333333333336,12.263833333333334,29.98148148148148,9.111111111111112,27.3,969.957,SITE 5,EXT
2026-01-08 01:00:00,15.8105,14.475666666666665,9.872833333333334,29.40740740740741,9.0,28.033333333333335,969.999,SITE 5,EXT
2026-01-08 02:00:00,15.590333333333335,14.408833333333332,9.782166666666667,29.425925925925927,9.185185185185185,28.366666666666667,970.3263333333333,SITE 5,EXT
2026-01-08 03:00:00,19.81566666666667,18.349333333333334,12.136166666666666,28.388888888888893,8.962962962962964,29.966666666666665,970.0913333333334,SITE 5,EXT
2026-01-08 04:00:00,27.487166666666667,25.330166666666667,17.062,28.055555555555557,9.38888888888889,30.966666666666665,970.441,SITE 5,EXT
2026-01-08 05:00:00,15.918666666666667,14.679333333333334,10.011666666666667,26.740740740740744,8.518518518518519,31.633333333333333,970.9926666666667,SITE 5,EXT
2026-01-08 06:00:00,21.453,19.909166666666668,13.377833333333333,25.944444444444446,8.092592592592593,32.03333333333333,971.1493333333333,SITE 5,EXT
2026-01-08 07:00:00,19.925833333333333,18.189666666666668,11.995833333333334,26.27777777777778,8.203703703703704,32.03333333333333,971.587,SITE 5,EXT
2026-01-08 08:00:00,15.730166666666667,14.466,9.604333333333333,26.35185185185185,8.074074074074074,31.833333333333332,972.9373333333333,SITE 5,EXT
2026-01-08 09:00:00,13.9415,12.891833333333333,8.654833333333332,27.074074074074076,8.462962962962964,31.033333333333335,973.0953333333333,SITE 5,EXT
2026-01-08 10:00:00,13.261666666666667,11.945666666666666,7.962833333333333,29.25925925925926,8.75925925925926,27.9,973.2003333333333,SITE 5,EXT
2026-01-08 11:00:00,12.685333333333334,11.3085,7.523833333333333,30.925925925925927,8.722222222222223,25.133333333333333,972.496,SITE 5,EXT
2026-01-08 12:00:00,15.839666666666666,14.243333333333334,9.631666666666666,31.351851851851855,8.462962962962964,24.133333333333333,971.372,SITE 5,EXT
2026-01-08 13:00:00,17.239310344827587,15.572413793103449,10.409137931034483,32.60536398467433,8.486590038314176,22.517241379310345,970.4910344827587,SITE 5,EXT
2026-01-08 14:00:00,28.94816666666667,25.304,17.002666666666666,32.81481481481482,8.907407407407408,22.9,969.716,SITE 5,EXT
2026-01-08 15:00:00,30.566333333333333,27.894000000000002,19.50133333333333,32.2037037037037,8.944444444444446,23.833333333333332,969.3373333333333,SITE 5,EXT
2026-01-08 16:00:00,34.77866666666667,31.7095,21.084666666666667,31.944444444444446,9.018518518518517,24.133333333333333,969.089,SITE 5,EXT
2026-01-08 17:00:00,40.27333333333333,34.457166666666666,23.208666666666666,30.944444444444446,8.796296296296298,25.333333333333332,969.3776666666666,SITE 5,EXT
2026-01-08 18:00:00,49.2855,40.22816666666667,26.53516666666667,30.518518518518523,8.925925925925926,26.133333333333333,969.9143333333334,SITE 5,EXT
2026-01-08 19:00:00,55.16129032258065,44.775,29.98516129032258,29.695340501792113,8.566308243727597,26.806451612903224,970.4290322580645,SITE 5,EXT
2026-01-08 20:00:00,55.73396551724138,45.59293103448276,29.88706896551724,29.770114942528735,8.620689655172415,26.862068965517242,971.2172413793103,SITE 5,EXT
2026-01-08 21:00:00,49.55403225806452,40.13548387096775,26.213064516129034,29.301075268817204,8.655913978494626,27.774193548387096,971.6829032258064,SITE 5,EXT
2026-01-08 22:00:00,49.794666666666664,40.672000000000004,27.083000000000002,28.87037037037037,8.870370370370372,28.533333333333335,971.5716666666667,SITE 5,EXT
2026-01-08 23:00:00,48.19916666666666,39.30166666666666,25.668833333333335,28.203703703703706,8.851851851851851,29.766666666666666,971.4633333333334,SITE 5,EXT
2026-01-09 00:00:00,40.89183333333334,34.6475,22.666,27.77777777777778,8.88888888888889,30.533333333333335,971.0573333333334,SITE 5,EXT
2026-01-09 01:00:00,25.288666666666664,23.297,15.677,27.370370370370374,8.481481481481483,30.033333333333335,970.5663333333334,SITE 5,EXT
2026-01-09 02:00:00,22.255333333333333,20.690166666666666,14.038499999999999,26.64814814814815,7.9259259259259265,30.966666666666665,970.2620000000001,SITE 5,EXT
2026-01-09 03:00:00,24.967,23.0375,15.590499999999999,26.14814814814815,7.851851851851852,31.666666666666668,970.0836666666668,SITE 5,EXT
2026-01-09 04:00:00,34.9725,30.934,20.844333333333335,25.75925925925926,8.38888888888889,33.5,969.985,SITE 5,EXT
2026-01-09 05:00:00,47.605000000000004,39.28066666666667,26.169333333333334,25.388888888888893,8.518518518518519,34.36666666666667,970.1866666666666,SITE 5,EXT
2026-01-09 06:00:00,65.60033333333334,53.881166666666665,34.9315,24.98148148148148,8.444444444444445,35.2,970.649,SITE 5,EXT
2026-01-09 07:00:00,83.58133333333333,75.45700000000001,48.00366666666666,25.61111111111111,8.74074074074074,34.46666666666667,971.4060000000001,SITE 5,EXT
2026-01-09 08:00:00,75.4295,65.23333333333333,42.0675,27.462962962962965,9.24074074074074,32.1,972.1406666666667,SITE 5,EXT
2026-01-09 09:00:00,44.993833333333335,37.123666666666665,24.293499999999998,29.27777777777778,7.9259259259259265,26.3,972.0786666666667,SITE 5,EXT
2026-01-09 10:00:00,28.37683333333333,25.060833333333335,16.393666666666668,32.351851851851855,7.240740740740741,21.0,971.6460000000001,SITE 5,EXT
2026-01-09 11:00:00,27.112000000000002,24.198166666666665,15.977,34.96296296296296,7.166666666666667,18.0,970.7523333333334,SITE 5,EXT
2026-01-09 12:00:00,20.011333333333333,18.005666666666666,12.293666666666667,37.51851851851852,5.925925925925926,14.3,969.5573333333334,SITE 5,EXT
2026-01-09 13:00:00,25.177666666666667,22.52466666666667,15.560666666666666,38.55555555555556,5.166666666666667,12.533333333333333,968.3986666666666,SITE 5,EXT
2026-01-09 14:00:00,24.9175,22.83716666666667,16.125999999999998,38.53703703703704,5.092592592592593,12.6,967.457,SITE 5,EXT
2026-01-09 15:00:00,22.807166666666667,21.089,15.059666666666667,38.611111111111114,4.944444444444445,12.433333333333334,966.9943333333334,SITE 5,EXT
2026-01-09 16:00:00,28.757,26.235833333333336,18.584833333333332,38.12962962962963,5.462962962962963,13.266666666666667,966.8693333333334,SITE 5,EXT
2026-01-09 17:00:00,40.83016666666666,34.786500000000004,23.771166666666666,36.96296296296296,6.425925925925926,15.233333333333333,967.3903333333333,SITE 5,EXT
2026-01-09 18:00:00,81.58916666666667,72.72183333333334,49.1485,34.31481481481482,7.259259259259259,18.7,967.9026666666667,SITE 5,EXT
2026-01-09 19:00:00,108.89766666666667,100.79866666666666,66.81383333333333,33.2962962962963,7.648148148148149,20.366666666666667,968.6293333333334,SITE 5,EXT
2026-01-09 20:00:00,94.96483333333335,89.25949999999999,60.68866666666667,32.62962962962963,7.111111111111112,20.2,969.4396666666667,SITE 5,EXT
2026-01-09 21:00:00,87.50290322580646,81.00951612903226,56.47032258064516,31.810035842293907,6.577060931899641,20.580645161290324,969.9016129032258,SITE 5,EXT
2026-01-09 22:00:00,63.64966666666667,51.719833333333334,35.26983333333333,31.055555555555557,6.314814814814815,21.0,970.0580000000001,SITE 5,EXT
2026-01-09 23:00:00,50.80949999999999,41.6905,28.077833333333334,30.722222222222225,6.111111111111112,21.0,970.06,SITE 5,EXT
2026-01-10 00:00:00,48.56366666666667,40.065000000000005,26.637,30.203703703703702,6.333333333333333,22.133333333333333,969.8566666666667,SITE 5,EXT
2026-01-10 01:00:00,41.45766666666667,35.14116666666666,23.573,29.98148148148148,6.685185185185186,23.066666666666666,969.4273333333333,SITE 5,EXT
2026-01-10 02:00:00,29.937,27.211833333333335,18.717666666666666,29.53703703703704,6.4259259259259265,23.366666666666667,968.927,SITE 5,EXT
2026-01-10 03:00:00,28.110333333333333,25.782666666666668,17.791833333333333,29.01851851851852,5.925925925925926,23.3,968.688,SITE 5,EXT
2026-01-10 04:00:00,64.05083333333333,55.069833333333335,33.27366666666667,26.90740740740741,7.148148148148149,28.7,968.716,SITE 5,EXT
2026-01-10 05:00:00,63.89533333333334,53.268166666666666,33.10516666666667,26.24074074074074,7.407407407407407,30.533333333333335,969.009,SITE 5,EXT
2026-01-10 06:00:00,87.0325,77.2045,44.74966666666667,25.75925925925926,7.9259259259259265,32.233333333333334,969.425,SITE 5,EXT
2026-01-10 07:00:00,113.52033333333334,102.91283333333334,63.901666666666664,26.333333333333332,8.518518518518519,32.666666666666664,970.2443333333334,SITE 5,EXT
2026-01-10 08:00:00,69.8275,59.31183333333333,37.274,28.166666666666668,9.24074074074074,30.733333333333334,970.9169999999999,SITE 5,EXT
2026-01-10 09:00:00,34.30050000000001,29.818833333333334,19.3585,29.12962962962963,8.666666666666666,27.833333333333332,971.1916666666667,SITE 5,EXT
2026-01-10 10:00:00,23.186333333333334,20.8765,14.043166666666668,31.62962962962963,7.296296296296297,21.933333333333334,970.941,SITE 5,EXT
2026-01-10 11:00:00,21.3595,19.39466666666667,13.099166666666667,34.611111111111114,6.407407407407407,17.333333333333332,970.2856666666667,SITE 5,EXT
2026-01-10 12:00:00,18.976166666666664,16.936833333333333,11.311666666666667,36.74074074074075,4.111111111111112,13.1,969.3050000000001,SITE 5,EXT
2026-01-10 13:00:00,28.869666666666667,26.369666666666667,18.13266666666667,37.11111111111111,3.481481481481482,12.2,968.3646666666666,SITE 5,EXT
2026-01-10 14:00:00,23.148500000000002,21.298833333333334,15.037333333333333,38.51851851851852,2.7962962962962963,10.666666666666666,967.3556666666667,SITE 5,EXT
2026-01-10 15:00:00,35.279833333333336,31.20716666666667,21.864666666666665,37.94444444444444,1.888888888888889,10.366666666666667,966.842,SITE 5,EXT
2026-01-10 16:00:00,42.69949999999999,36.024,24.866333333333333,37.37037037037037,3.0,11.5,966.8803333333333,SITE 5,EXT
2026-01-10 17:00:00,51.61266666666666,42.21216666666667,28.85983333333333,35.851851851851855,3.537037037037037,13.066666666666666,967.1859999999999,SITE 5,EXT
2026-01-10 18:00:00,83.02283333333334,71.79050000000001,48.27166666666667,34.351851851851855,4.759259259259259,15.733333333333333,967.621,SITE 5,EXT
2026-01-10 19:00:00,98.2895,90.805,60.39983333333334,33.574074074074076,5.759259259259259,17.633333333333333,968.1543333333334,SITE 5,EXT
2026-01-10 20:00:00,73.417,63.11383333333333,40.97983333333333,32.55555555555556,3.925925925925926,16.2,968.9906666666667,SITE 5,EXT
2026-01-10 21:00:00,76.50145161290322,65.86193548387097,44.25016129032259,31.433691756272403,3.369175627240143,16.741935483870968,969.3932258064516,SITE 5,EXT
2026-01-10 22:00:00,75.67183333333334,64.9845,43.188833333333335,30.666666666666668,3.351851851851852,17.666666666666668,969.3520000000001,SITE 5,EXT
2026-01-10 23:00:00,38.53966666666667,31.759166666666665,19.9825,30.0,3.111111111111111,17.966666666666665,969.1296666666666,SITE 5,EXT
2026-01-11 00:00:00,38.437,31.677500000000002,19.6205,29.12962962962963,2.814814814814815,18.333333333333332,968.8526666666668,SITE 5,EXT
2026-01-11 01:00:00,34.02616666666667,28.360833333333336,16.508666666666667,28.88888888888889,2.2222222222222223,18.0,968.3443333333333,SITE 5,EXT
2026-01-11 02:00:00,34.8715,28.448500000000003,16.1475,28.666666666666668,2.0,18.0,967.7583333333333,SITE 5,EXT
2026-01-11 03:00:00,34.716833333333334,28.569166666666668,16.691666666666666,28.03703703703704,2.462962962962963,19.133333333333333,967.5796666666666,SITE 5,EXT
2026-01-11 04:00:00,40.604000000000006,32.93416666666666,19.538166666666665,27.296296296296298,2.444444444444444,20.0,967.618,SITE 5,EXT
2026-01-11 05:00:00,40.02733333333333,32.1045,19.505166666666664,27.185185185185187,2.537037037037037,20.033333333333335,967.9296666666667,SITE 5,EXT
2026-01-11 06:00:00,56.867,45.31966666666667,27.495333333333335,26.703703703703706,2.9074074074074074,21.533333333333335,968.6056666666666,SITE 5,EXT
2026-01-11 07:00:00,105.11200000000001,94.15283333333333,56.41883333333333,26.537037037037035,4.148148148148149,23.766666666666666,969.3176666666666,SITE 5,EXT
2026-01-11 08:00:00,75.96033333333334,64.273,39.5435,27.870370370370374,4.351851851851852,22.2,970.0329999999999,SITE 5,EXT
2026-01-11 09:00:00,45.623000000000005,35.473166666666664,21.485166666666665,29.722222222222225,4.537037037037037,20.233333333333334,970.3493333333333,SITE 5,EXT
2026-01-11 10:00:00,46.8425,36.355000000000004,22.051666666666666,32.7962962962963,4.87037037037037,17.333333333333332,970.0153333333333,SITE 5,EXT
2026-01-11 11:00:00,52.946000000000005,41.63816666666666,25.823833333333333,36.57407407407407,4.962962962962963,14.1,969.1586666666666,SITE 5,EXT
2026-01-11 12:00:00,64.22533333333334,52.98466666666666,33.361666666666665,38.14814814814815,4.685185185185186,12.5,968.319,SITE 5,EXT
2026-01-11 13:00:00,51.595,40.19216666666667,24.093833333333336,38.87037037037037,4.5,11.9,967.3610000000001,SITE 5,EXT
2026-01-11 14:00:00,61.18783333333333,50.82266666666667,30.024166666666666,38.68518518518519,3.740740740740741,11.233333333333333,966.5486666666667,SITE 5,EXT
2026-01-11 15:00:00,59.782833333333336,49.70483333333333,31.209333333333333,38.907407407407405,3.777777777777778,11.233333333333333,965.9736666666666,SITE 5,EXT
2026-01-11 16:00:00,77.24833333333332,64.92933333333333,39.702,38.55555555555556,5.203703703703704,12.666666666666666,965.846,SITE 5,EXT
2026-01-11 17:00:00,114.28516666666665,103.5175,70.57033333333334,37.0,6.259259259259259,14.966666666666667,966.144,SITE 5,EXT
2026-01-11 18:00:00,127.56966666666668,116.71183333333333,75.87933333333334,34.37037037037037,6.833333333333333,18.2,966.802,SITE 5,EXT
2026-01-11 19:00:00,163.05983333333333,150.0215,96.6185,33.24074074074074,6.944444444444445,19.4,967.5409999999999,SITE 5,EXT
2026-01-11 20:00:00,109.52338709677419,99.45161290322581,63.489838709677414,32.65232974910394,6.254480286738351,18.967741935483872,968.206129032258,SITE 5,EXT
2026-01-11 21:00:00,80.93366666666667,70.31716666666667,43.785666666666664,31.685185185185183,5.111111111111112,18.933333333333334,968.5293333333334,SITE 5,EXT
2026-01-11 22:00:00,75.21683333333334,63.83416666666667,39.101,30.870370370370374,4.740740740740741,19.0,968.544,SITE 5,EXT
2026-01-11 23:00:00,59.04783333333333,45.303999999999995,28.205,30.35185185185185,4.481481481481482,19.4,968.3746666666666,SITE 5,EXT
2026-01-12 00:00:00,75.33216666666667,61.550333333333334,37.06766666666667,29.62962962962963,4.777777777777778,20.6,968.2353333333334,SITE 5,EXT
2026-01-12 01:00:00,56.36533333333333,43.3755,26.6255,29.11111111111111,4.166666666666667,20.5,967.6313333333333,SITE 5,EXT
2026-01-12 02:00:00,52.941500000000005,40.696333333333335,24.66166666666667,28.11111111111111,3.037037037037037,20.0,967.3153333333333,SITE 5,EXT
2026-01-12 03:00:00,50.15716666666666,38.540166666666664,23.11616666666667,27.462962962962965,2.314814814814815,19.8,967.3626666666667,SITE 5,EXT
2026-01-12 04:00:00,53.175,40.82966666666667,24.783,27.12962962962963,3.1666666666666665,21.366666666666667,967.678,SITE 5,EXT
2026-01-12 05:00:00,59.9855,46.241,29.12816666666667,26.64814814814815,5.777777777777778,26.433333333333334,968.1156666666667,SITE 5,EXT
2026-01-12 06:00:00,71.30216666666666,57.88633333333334,36.38533333333333,26.055555555555554,5.814814814814815,27.066666666666666,968.457,SITE 5,EXT
2026-01-12 07:00:00,83.20949999999999,69.80166666666668,43.13816666666666,26.40740740740741,4.796296296296296,25.033333333333335,969.187,SITE 5,EXT
2026-01-12 08:00:00,98.67983333333333,87.34733333333334,53.419333333333334,28.518518518518523,4.833333333333333,22.166666666666668,969.9873333333333,SITE 5,EXT
2026-01-12 09:00:00,64.94633333333334,49.70783333333333,30.7275,31.01851851851852,5.12962962962963,19.566666666666666,970.462,SITE 5,EXT
2026-01-12 10:00:00,53.992333333333335,40.330000000000005,23.280666666666665,34.074074074074076,3.5185185185185186,14.566666666666666,970.2813333333332,SITE 5,EXT
2026-01-12 11:00:00,66.25500000000001,52.57666666666667,29.805333333333333,36.7962962962963,3.2592592592592595,12.2,969.5606666666666,SITE 5,EXT
2026-01-12 12:00:00,48.014,34.95433333333333,18.36466666666667,37.96296296296296,2.444444444444444,10.866666666666667,968.6426666666666,SITE 5,EXT
2026-01-12 13:00:00,46.5225,33.84883333333333,17.450499999999998,38.666666666666664,1.5370370370370372,9.566666666666666,967.5366666666666,SITE 5,EXT
2026-01-12 14:00:00,51.653,38.5925,21.40583333333333,38.64814814814815,2.0185185185185186,10.033333333333333,966.5846666666667,SITE 5,EXT
2026-01-12 15:00:00,58.000833333333325,45.04600000000001,27.201166666666666,38.88888888888889,2.7962962962962963,10.4,965.91,SITE 5,EXT
2026-01-12 16:00:00,93.80016666666667,79.82416666666667,48.156166666666664,38.40740740740741,3.537037037037037,11.4,965.7753333333333,SITE 5,EXT
2026-01-12 17:00:00,59.16466666666667,44.19883333333333,26.13,36.48148148148149,3.981481481481482,13.1,966.1170000000001,SITE 5,EXT
2026-01-12 18:00:00,88.1425,74.24216666666666,45.400666666666666,33.96296296296296,5.185185185185185,16.366666666666667,966.749,SITE 5,EXT
2026-01-12 19:00:00,103.13583333333332,90.37833333333333,56.510999999999996,33.24074074074074,4.407407407407407,16.166666666666668,967.466,SITE 5,EXT
2026-01-12 20:00:00,106.14733333333334,92.13816666666666,56.45733333333333,32.2962962962963,3.7962962962962967,16.166666666666668,968.3686666666667,SITE 5,EXT
2026-01-12 21:00:00,142.21766666666664,129.1475,82.93483333333333,31.592592592592595,4.037037037037037,17.533333333333335,968.927,SITE 5,EXT
2026-01-12 22:00:00,204.1115,183.1675,113.34183333333334,30.518518518518523,7.537037037037037,23.766666666666666,968.947,SITE 5,EXT
2026-01-12 23:00:00,113.43716666666666,99.5445,61.25216666666667,29.462962962962965,4.907407407407407,21.066666666666666,968.506,SITE 5,EXT
2026-01-13 00:00:00,73.12112903225807,57.79822580645161,35.54322580645161,29.42652329749104,3.763440860215054,19.225806451612904,967.9977419354839,SITE 5,EXT
2026-01-13 01:00:00,74.616,59.727999999999994,36.358666666666664,28.925925925925927,3.4444444444444446,19.4,967.581,SITE 5,EXT
2026-01-13 02:00:00,67.00399999999999,50.67383333333333,31.686333333333334,28.462962962962965,2.4814814814814814,19.0,967.1293333333334,SITE 5,EXT
2026-01-13 03:00:00,64.72116666666666,49.57783333333334,31.538833333333333,27.814814814814817,1.9444444444444444,18.733333333333334,966.99,SITE 5,EXT
2026-01-13 04:00:00,67.59166666666667,54.33166666666667,33.29366666666667,27.388888888888893,1.425925925925926,18.533333333333335,967.0903333333333,SITE 5,EXT
2026-01-13 05:00:00,76.01116666666667,63.988166666666665,40.063,26.03703703703704,4.592592592592593,25.533333333333335,967.6656666666667,SITE 5,EXT
2026-01-13 06:00:00,96.25116666666666,85.069,53.15933333333333,26.0,6.648148148148149,29.1,968.1193333333333,SITE 5,EXT
2026-01-13 07:00:00,105.0735,93.7155,58.880833333333335,26.685185185185183,6.62962962962963,27.933333333333334,968.641,SITE 5,EXT
2026-01-13 08:00:00,101.1685,90.05933333333333,56.816500000000005,28.925925925925927,6.444444444444445,24.2,969.2990000000001,SITE 5,EXT
2026-01-13 09:00:00,97.02366666666667,88.08983333333335,57.469,31.351851851851855,4.333333333333333,17.966666666666665,969.4113333333333,SITE 5,EXT
2026-01-13 10:00:00,72.67216666666667,59.1445,38.06183333333333,33.851851851851855,7.055555555555556,18.933333333333334,969.206,SITE 5,EXT
2026-01-13 11:00:00,61.847,47.37466666666667,29.878666666666668,36.05555555555556,8.444444444444445,18.533333333333335,968.649,SITE 5,EXT
2026-01-13 12:00:00,54.841499999999996,42.2265,26.124166666666667,37.833333333333336,6.833333333333333,14.966666666666667,967.8446666666666,SITE 5,EXT
2026-01-13 13:00:00,50.84583333333333,39.281666666666666,23.971666666666668,39.166666666666664,5.851851851851851,13.033333333333333,966.881,SITE 5,EXT
2026-01-13 14:00:00,52.32566666666666,40.156,24.749000000000002,38.81481481481482,6.296296296296296,13.6,965.8629999999999,SITE 5,EXT
2026-01-13 15:00:00,53.31316666666667,41.0815,25.448500000000003,38.64814814814815,5.296296296296296,12.766666666666667,965.425,SITE 5,EXT
2026-01-13 16:00:00,97.2145,83.80533333333332,49.1445,38.22222222222222,5.611111111111112,13.333333333333334,965.3653333333333,SITE 5,EXT
2026-01-13 17:00:00,66.69216666666667,52.479,32.990833333333335,36.333333333333336,4.277777777777778,13.5,965.7990000000001,SITE 5,EXT
2026-01-13 18:00:00,86.66350000000001,74.99733333333333,47.5,34.42592592592593,4.685185185185186,15.466666666666667,966.4973333333332,SITE 5,EXT
2026-01-13 19:00:00,124.14633333333333,111.00949999999999,71.16833333333334,33.38888888888889,4.814814814814815,16.6,967.2563333333333,SITE 5,EXT
2026-01-13 20:00:00,105.6315,93.95033333333332,60.723,32.75925925925926,3.833333333333334,16.066666666666666,967.9186666666667,SITE 5,EXT
2026-01-13 21:00:00,102.80099999999999,92.01299999999999,58.126,31.87037037037037,3.092592592592593,15.933333333333334,968.571,SITE 5,EXT
2026-01-13 22:00:00,84.35935483870968,73.17612903225806,45.45790322580645,30.93189964157706,3.2437275985663083,17.032258064516128,968.7745161290322,SITE 5,EXT
2026-01-13 23:00:00,64.16,49.52583333333334,31.180833333333332,30.518518518518523,2.6296296296296293,16.766666666666666,968.5726666666667,SITE 5,EXT
2026-01-14 00:00:00,58.46516666666666,44.97966666666667,27.873833333333334,30.0,2.7962962962962963,17.5,968.4563333333333,SITE 5,EXT
2026-01-14 01:00:00,72.60566666666666,58.9345,38.404833333333336,29.296296296296298,3.537037037037037,19.033333333333335,968.0043333333334,SITE 5,EXT
2026-01-14 02:00:00,73.96016666666667,59.97033333333333,37.4555,28.425925925925927,4.685185185185185,22.033333333333335,967.599,SITE 5,EXT
2026-01-14 03:00:00,82.35116666666666,71.55066666666667,43.068,26.314814814814817,5.814814814814815,27.0,967.3676666666667,SITE 5,EXT
2026-01-14 04:00:00,73.74233333333333,59.80083333333334,36.510999999999996,26.703703703703706,4.037037037037037,23.3,967.5076666666666,SITE 5,EXT
2026-01-14 05:00:00,75.14666666666668,61.33683333333333,38.337333333333326,27.203703703703706,3.6296296296296293,21.966666666666665,967.9110000000001,SITE 5,EXT
2026-01-14 06:00:00,83.70516666666666,73.1415,44.890166666666666,25.666666666666668,7.648148148148149,31.966666666666665,968.539,SITE 5,EXT
2026-01-14 07:00:00,88.02333333333333,77.06616666666667,47.285666666666664,25.962962962962965,7.685185185185186,31.433333333333334,969.1560000000001,SITE 5,EXT
2026-01-14 08:00:00,80.31983333333332,67.6795,42.05983333333334,29.074074074074076,10.277777777777779,31.1,969.8050000000001,SITE 5,EXT
2026-01-14 09:00:00,69.2465,54.654333333333334,34.9545,31.462962962962965,12.962962962962964,32.6,970.1166666666667,SITE 5,EXT
2026-01-14 10:00:00,62.04933333333334,48.17999999999999,30.608333333333334,34.277777777777786,11.814814814814815,25.9,969.8213333333333,SITE 5,EXT
2026-01-14 11:00:00,56.969166666666666,44.14933333333333,27.875833333333333,36.46296296296296,8.611111111111112,18.266666666666666,969.2113333333333,SITE 5,EXT
2026-01-14 12:00:00,55.720333333333336,43.03366666666667,26.971333333333334,38.14814814814815,7.75925925925926,15.633333333333333,968.1573333333333,SITE 5,EXT
2026-01-14 13:00:00,54.56483333333333,41.98416666666667,26.16166666666667,39.22222222222222,6.537037037037037,13.5,966.9449999999999,SITE 5,EXT
2026-01-14 14:00:00,56.14933333333333,43.069833333333335,26.852333333333334,39.51851851851852,5.944444444444445,12.7,965.9633333333334,SITE 5,EXT
2026-01-14 15:00:00,57.32366666666667,43.826,27.291666666666668,39.24074074074074,5.685185185185186,12.766666666666667,965.4699999999999,SITE 5,EXT
2026-01-14 16:00:00,57.947,44.227999999999994,27.656333333333336,38.38888888888889,5.555555555555555,13.166666666666666,965.4419999999999,SITE 5,EXT
2026-01-14 17:00:00,64.609,49.0035,30.83566666666667,36.94444444444445,7.111111111111112,15.9,965.728,SITE 5,EXT
2026-01-14 18:00:00,113.28516666666665,99.80916666666667,63.47083333333333,34.92592592592593,6.962962962962963,17.8,966.1403333333333,SITE 5,EXT
2026-01-14 19:00:00,128.06516666666667,114.658,73.85650000000001,34.03703703703704,7.0,18.666666666666668,966.8199999999999,SITE 5,EXT
2026-01-14 20:00:00,110.01533333333333,97.1425,60.965333333333334,33.574074074074076,5.962962962962963,17.8,967.6436666666667,SITE 5,EXT
2026-01-14 21:00:00,98.09833333333333,86.23483333333334,53.42783333333333,32.44444444444444,4.722222222222222,17.433333333333334,968.17,SITE 5,EXT
2026-01-14 22:00:00,78.7705,66.75533333333334,41.01416666666667,31.925925925925927,4.240740740740741,17.166666666666668,968.3686666666667,SITE 5,EXT
2026-01-14 23:00:00,72.515,57.729166666666664,35.81916666666667,31.129629629629633,4.000000000000001,18.033333333333335,968.1786666666667,SITE 5,EXT
2026-01-15 00:00:00,73.85790322580644,58.26225806451613,36.32725806451613,30.501792114695345,4.39068100358423,19.129032258064516,968.0287096774193,SITE 5,EXT
2026-01-15 01:00:00,67.27293103448275,51.803275862068965,33.131379310344826,30.0,4.080459770114943,19.24137931034483,967.631724137931,SITE 5,EXT
2026-01-15 02:00:00,63.39677419354839,48.686290322580646,31.094032258064516,29.946236559139788,2.6881720430107525,17.451612903225808,966.9964516129032,SITE 5,EXT
2026-01-15 03:00:00,67.32066666666667,53.609500000000004,33.3185,29.85185185185185,3.5740740740740744,18.833333333333332,966.8860000000001,SITE 5,EXT
2026-01-15 04:00:00,95.47916666666667,85.60483333333333,53.433,26.666666666666668,7.666666666666667,30.066666666666666,967.4573333333334,SITE 5,EXT
2026-01-15 05:00:00,83.5435,73.64566666666666,45.859,27.018518518518523,8.500000000000002,31.3,967.5593333333333,SITE 5,EXT
2026-01-15 06:00:00,107.70116666666667,96.49116666666667,60.470666666666666,27.592592592592595,9.685185185185185,32.666666666666664,968.0956666666666,SITE 5,EXT
2026-01-15 07:00:00,139.61,125.72383333333333,77.5265,27.53703703703704,10.12962962962963,33.766666666666666,968.7746666666667,SITE 5,EXT
2026-01-15 08:00:00,103.45283333333333,93.00150000000001,58.43366666666667,29.185185185185183,11.555555555555555,33.9,969.6593333333333,SITE 5,EXT
2026-01-15 09:00:00,70.71383333333333,56.80283333333333,36.286500000000004,30.444444444444446,15.74074074074074,41.5,969.9873333333333,SITE 5,EXT
2026-01-15 10:00:00,64.06383333333333,50.06466666666667,32.16283333333333,32.46296296296296,17.24074074074074,40.56666666666667,969.568,SITE 5,EXT
2026-01-15 11:00:00,66.19183333333334,52.9025,34.714666666666666,35.0,16.0,32.43333333333333,969.0143333333333,SITE 5,EXT
2026-01-15 12:00:00,58.834500000000006,46.63,29.979333333333333,37.12962962962963,12.88888888888889,23.5,968.1843333333333,SITE 5,EXT
2026-01-15 13:00:00,50.7495,40.07933333333333,25.541166666666665,38.81481481481482,11.777777777777779,19.866666666666667,967.224,SITE 5,EXT
2026-01-15 14:00:00,51.25916666666667,40.27966666666667,25.604333333333333,39.18518518518519,11.222222222222223,18.666666666666668,966.1973333333334,SITE 5,EXT
2026-01-15 15:00:00,52.322,41.225166666666674,26.512166666666666,39.25925925925926,10.055555555555555,17.166666666666668,965.895,SITE 5,EXT
2026-01-15 16:00:00,54.907666666666664,43.141333333333336,27.734166666666667,38.53703703703704,11.351851851851851,19.433333333333334,966.005,SITE 5,EXT
2026-01-15 17:00:00,55.919999999999995,43.73350000000001,27.951666666666664,36.88888888888889,11.555555555555555,21.633333333333333,966.4156666666667,SITE 5,EXT
2026-01-15 18:00:00,121.15066666666667,106.86083333333333,61.9325,34.77777777777778,10.833333333333334,23.433333333333334,966.9956666666666,SITE 5,EXT
2026-01-15 19:00:00,119.555,109.60333333333332,70.0165,33.66666666666667,10.0,23.433333333333334,967.7723333333332,SITE 5,EXT
2026-01-15 20:00:00,128.84900000000002,117.13483333333333,75.18466666666667,33.03703703703704,9.722222222222223,23.766666666666666,968.5983333333334,SITE 5,EXT
2026-01-15 21:00:00,143.6055,133.62283333333332,86.59683333333334,32.51851851851852,10.296296296296298,25.433333333333334,969.138,SITE 5,EXT
2026-01-15 22:00:00,87.38416666666667,76.89316666666667,48.83533333333333,31.722222222222225,10.092592592592592,26.333333333333332,969.1443333333333,SITE 5,EXT
2026-01-15 23:00:00,71.338,58.468833333333336,37.692,30.981481481481485,9.907407407407408,27.2,969.068,SITE 5,EXT
2026-01-16 00:00:00,63.95366666666666,49.70666666666667,32.11116666666667,30.666666666666668,9.277777777777777,26.566666666666666,968.811,SITE 5,EXT
2026-01-16 01:00:00,81.14133333333332,68.27616666666667,42.611,30.592592592592595,10.444444444444445,28.933333333333334,968.485,SITE 5,EXT
2026-01-16 02:00:00,68.9795,54.33233333333333,35.029333333333334,29.333333333333332,11.351851851851851,33.266666666666666,967.8016666666666,SITE 5,EXT
2026-01-16 03:00:00,71.35300000000001,57.63533333333333,37.08183333333333,29.333333333333332,11.944444444444446,34.06666666666667,967.467,SITE 5,EXT
2026-01-16 04:00:00,70.48112903225807,56.688709677419354,36.41887096774193,28.924731182795696,11.953405017921149,35.29032258064516,967.5751612903226,SITE 5,EXT
2026-01-16 05:00:00,86.3815,77.8395,50.35766666666667,28.296296296296298,12.462962962962964,37.9,968.1013333333334,SITE 5,EXT
2026-01-16 06:00:00,128.34516666666667,117.50933333333334,73.696,27.370370370370374,12.259259259259261,39.4,968.638,SITE 5,EXT
2026-01-16 07:00:00,156.4955,142.35483333333335,88.30466666666666,27.814814814814817,12.425925925925927,38.766666666666666,969.476,SITE 5,EXT
2026-01-16 08:00:00,95.86733333333333,86.7495,55.53866666666667,29.222222222222225,10.518518518518517,31.5,970.3843333333333,SITE 5,EXT
2026-01-16 09:00:00,77.73766666666667,67.47633333333333,43.276666666666664,30.40740740740741,9.148148148148149,26.7,970.6946666666666,SITE 5,EXT
2026-01-16 10:00:00,69.51233333333333,56.14566666666667,36.39483333333333,33.53703703703704,11.11111111111111,25.433333333333334,970.2933333333333,SITE 5,EXT
2026-01-16 11:00:00,61.574666666666666,47.96233333333334,30.9015,35.72222222222222,12.666666666666666,25.066666666666666,969.5326666666666,SITE 5,EXT
2026-01-16 12:00:00,53.82783333333334,41.791333333333334,26.010833333333334,37.75925925925926,11.166666666666666,20.266666666666666,968.5633333333334,SITE 5,EXT
2026-01-16 13:00:00,51.62266666666667,40.00333333333333,24.333000000000002,38.55555555555556,8.75925925925926,16.366666666666667,967.5413333333333,SITE 5,EXT
2026-01-16 14:00:00,47.086666666666666,36.06216666666667,21.321833333333334,38.777777777777786,5.462962962962963,12.9,966.632,SITE 5,EXT
2026-01-16 15:00:00,45.77633333333333,35.18066666666667,21.019833333333334,37.96296296296296,4.685185185185186,12.7,966.339,SITE 5,EXT
2026-01-16 16:00:00,45.848,35.16,20.762,37.2037037037037,3.6111111111111116,12.166666666666666,966.4206666666666,SITE 5,EXT
2026-01-16 17:00:00,48.10816666666666,36.99633333333334,22.189833333333336,36.333333333333336,4.777777777777778,14.0,966.6479999999999,SITE 5,EXT
2026-01-16 18:00:00,69.7475,55.598499999999994,34.58283333333333,34.5,5.555555555555556,16.366666666666667,966.931,SITE 5,EXT
2026-01-16 19:00:00,72.23333333333333,57.911500000000004,36.92266666666667,33.03703703703704,4.425925925925926,16.466666666666665,967.5863333333333,SITE 5,EXT
2026-01-16 20:00:00,64.84816666666667,50.119666666666674,31.373,32.68518518518518,4.074074074074074,16.266666666666666,968.3586666666666,SITE 5,EXT
2026-01-16 21:00:00,57.361666666666665,43.57383333333333,26.6035,32.05555555555556,3.7592592592592595,16.966666666666665,968.8296666666666,SITE 5,EXT
2026-01-16 22:00:00,52.36583333333333,39.651500000000006,23.285500000000003,31.27777777777778,3.4444444444444446,17.0,968.9153333333333,SITE 5,EXT
2026-01-16 23:00:00,53.1355,40.26733333333333,23.521,30.62962962962963,3.388888888888889,17.666666666666668,968.7973333333333,SITE 5,EXT
2026-01-17 00:00:00,56.1905,42.64683333333333,25.379833333333334,30.055555555555554,3.2962962962962963,18.0,968.5963333333333,SITE 5,EXT
2026-01-17 01:00:00,51.64516666666667,38.9195,22.771666666666665,29.185185185185183,3.2037037037037037,18.933333333333334,968.2173333333334,SITE 5,EXT
2026-01-17 02:00:00,54.154833333333336,41.06483333333333,24.348166666666668,28.444444444444446,2.962962962962963,19.6,967.7616666666667,SITE 5,EXT
2026-01-17 03:00:00,54.5865,41.2965,24.5155,27.85185185185185,2.814814814814815,20.0,967.413,SITE 5,EXT
2026-01-17 04:00:00,53.100500000000004,40.20033333333333,23.7245,27.388888888888893,2.8703703703703707,20.633333333333333,967.368,SITE 5,EXT
2026-01-17 05:00:00,61.57716666666667,46.64533333333333,28.252,26.75925925925926,2.9259259259259256,21.666666666666668,967.5153333333333,SITE 5,EXT
2026-01-17 06:00:00,67.51233333333333,52.716166666666666,31.6945,26.11111111111111,3.092592592592593,22.333333333333332,967.66,SITE 5,EXT
2026-01-17 07:00:00,71.54833333333333,56.026500000000006,33.6745,26.22222222222222,3.425925925925926,22.9,968.386,SITE 5,EXT
2026-01-17 08:00:00,72.07416666666667,56.16466666666667,33.68066666666667,28.64814814814815,4.62962962962963,21.7,969.2186666666668,SITE 5,EXT
2026-01-17 09:00:00,60.76741935483871,45.87032258064516,27.756290322580647,30.788530465949822,5.143369175627241,19.741935483870968,969.6245161290323,SITE 5,EXT
2026-01-17 10:00:00,51.7795,39.36300000000001,23.382166666666667,33.68518518518518,4.518518518518519,15.966666666666667,969.126,SITE 5,EXT
2026-01-17 11:00:00,44.53433333333333,33.935833333333335,19.323666666666668,36.38888888888889,3.7592592592592595,12.933333333333334,968.564,SITE 5,EXT
2026-01-17 12:00:00,39.7035,30.007333333333335,15.741999999999999,37.48148148148149,3.0740740740740744,11.6,967.5556666666668,SITE 5,EXT
2026-01-17 13:00:00,38.030833333333334,28.998,14.686,38.7037037037037,2.444444444444444,10.3,966.552,SITE 5,EXT
2026-01-17 14:00:00,39.18266666666667,29.82,15.735999999999999,38.611111111111114,2.6296296296296293,10.4,965.603,SITE 5,EXT
2026-01-17 15:00:00,39.52766666666666,30.310166666666667,16.556666666666665,37.72222222222222,2.425925925925926,10.933333333333334,965.117,SITE 5,EXT
2026-01-17 16:00:00,36.14783333333333,27.936833333333333,14.6915,37.51851851851852,2.5,11.033333333333333,965.0483333333334,SITE 5,EXT
2026-01-17 17:00:00,49.16766666666667,37.815000000000005,22.4545,36.05555555555556,4.055555555555555,13.5,965.3093333333333,SITE 5,EXT
2026-01-17 18:00:00,77.08666666666666,64.38083333333333,39.559,34.111111111111114,4.907407407407407,15.933333333333334,965.8933333333333,SITE 5,EXT
2026-01-17 19:00:00,70.99416666666666,57.00566666666667,36.10516666666667,32.94444444444444,3.388888888888889,15.3,966.6606666666667,SITE 5,EXT
2026-01-17 20:00:00,61.47933333333333,47.51649999999999,30.1825,31.814814814814817,2.351851851851852,15.033333333333333,967.5453333333334,SITE 5,EXT
2026-01-17 21:00:00,55.80766666666667,43.270833333333336,26.918333333333333,30.75925925925926,1.6851851851851853,15.3,968.02,SITE 5,EXT
2026-01-17 22:00:00,56.717333333333336,43.83266666666667,27.297666666666665,30.0,1.962962962962963,16.533333333333335,968.0626666666667,SITE 5,EXT
2026-01-17 23:00:00,43.9585,34.14083333333333,20.643500000000003,29.64814814814815,1.7222222222222223,16.5,967.9426666666666,SITE 5,EXT
2026-01-18 00:00:00,42.33533333333333,33.25216666666667,19.969,28.962962962962965,1.6481481481481484,17.0,967.7990000000001,SITE 5,EXT
2026-01-18 01:00:00,51.55216666666667,39.82966666666667,23.728166666666667,28.574074074074076,1.6296296296296298,17.366666666666667,967.4590000000001,SITE 5,EXT
2026-01-18 02:00:00,42.099333333333334,33.00266666666667,19.2585,27.888888888888893,1.2222222222222223,18.0,967.0686666666667,SITE 5,EXT
2026-01-18 03:00:00,38.645833333333336,30.7835,17.528166666666667,27.77777777777778,1.5185185185185186,18.0,966.725,SITE 5,EXT
2026-01-18 04:00:00,39.57283333333333,31.442,18.047,27.574074074074076,2.2037037037037037,19.433333333333334,966.7816666666666,SITE 5,EXT
2026-01-18 05:00:00,46.614333333333335,36.19616666666666,21.580166666666667,26.944444444444446,1.962962962962963,19.533333333333335,966.9356666666666,SITE 5,EXT
2026-01-18 06:00:00,61.402,49.093833333333336,29.668333333333333,26.38888888888889,2.7962962962962967,21.766666666666666,967.5283333333333,SITE 5,EXT
2026-01-18 07:00:00,67.44800000000001,51.72033333333333,32.390166666666666,26.444444444444446,5.12962962962963,25.533333333333335,968.313,SITE 5,EXT
2026-01-18 08:00:00,72.00516666666667,57.60516666666667,35.926833333333335,27.962962962962965,6.111111111111112,25.0,969.162,SITE 5,EXT
2026-01-18 09:00:00,61.66766666666667,47.756166666666665,30.256000000000004,31.055555555555557,4.462962962962963,18.533333333333335,969.4043333333334,SITE 5,EXT
2026-01-18 10:00:00,56.285666666666664,44.06466666666667,27.988833333333332,32.92592592592593,3.9629629629629632,16.033333333333335,969.1610000000001,SITE 5,EXT
2026-01-18 11:00:00,49.59483870967742,38.81967741935484,24.344193548387096,35.215053763440864,3.924731182795699,14.03225806451613,968.2932258064516,SITE 5,EXT
2026-01-18 12:00:00,37.14083333333333,30.186666666666667,18.316666666666666,37.12962962962963,2.555555555555556,11.333333333333334,967.065,SITE 5,EXT
2026-01-18 13:00:00,31.403000000000002,25.983833333333333,15.598833333333333,38.81481481481482,2.055555555555556,9.933333333333334,965.9083333333333,SITE 5,EXT
2026-01-18 14:00:00,28.321833333333334,23.737833333333334,14.316,39.03703703703704,2.037037037037037,9.9,965.0553333333334,SITE 5,EXT
2026-01-18 15:00:00,31.848833333333335,27.067833333333333,16.807666666666666,39.51851851851852,2.537037037037037,9.966666666666667,964.5193333333334,SITE 5,EXT
2026-01-18 16:00:00,30.5775,25.837,16.0045,38.87037037037037,2.7592592592592595,10.4,964.3316666666667,SITE 5,EXT
2026-01-18 17:00:00,32.20133333333333,27.107333333333333,17.000833333333333,37.092592592592595,3.6481481481481484,12.333333333333334,964.5473333333333,SITE 5,EXT
2026-01-18 18:00:00,67.40133333333333,54.962,35.1685,34.5,4.111111111111112,14.966666666666667,965.045,SITE 5,EXT
2026-01-18 19:00:00,102.02166666666668,91.47733333333333,60.122166666666665,33.48148148148149,5.537037037037037,17.366666666666667,965.9626666666667,SITE 5,EXT
2026-01-18 20:00:00,74.04966666666668,63.3885,43.41583333333333,33.074074074074076,4.166666666666667,16.1,966.7846666666667,SITE 5,EXT
2026-01-18 21:00:00,58.533500000000004,45.919666666666664,30.003,32.68518518518518,3.592592592592593,15.966666666666667,967.3916666666667,SITE 5,EXT
2026-01-18 22:00:00,51.1935,40.5725,26.30483333333333,32.31481481481482,2.462962962962963,14.9,967.6026666666666,SITE 5,EXT
2026-01-18 23:00:00,202.31816666666666,178.6115,74.64450000000001,31.333333333333332,4.0,17.866666666666667,967.2863333333333,SITE 5,EXT
2026-01-19 00:00:00,135.86033333333333,123.76266666666668,77.1735,29.944444444444446,6.444444444444445,22.666666666666668,967.2353333333334,SITE 5,EXT
2026-01-19 01:00:00,155.81783333333334,142.4155,89.009,29.925925925925927,6.944444444444445,23.6,966.7153333333333,SITE 5,EXT
2026-01-19 02:00:00,80.49966666666666,68.8715,43.4275,29.12962962962963,4.185185185185185,20.4,966.0146666666666,SITE 5,EXT
2026-01-19 03:00:00,60.06616666666667,47.529,30.8085,28.796296296296298,3.555555555555556,19.833333333333332,965.543,SITE 5,EXT
2026-01-19 04:00:00,57.81766666666667,46.24533333333333,30.67366666666667,27.98148148148148,2.944444444444444,19.966666666666665,965.6223333333334,SITE 5,EXT
2026-01-19 05:00:00,58.1,46.299,30.691166666666668,27.77777777777778,2.2222222222222223,19.0,966.1276666666668,SITE 5,EXT
2026-01-19 06:00:00,68.43183333333333,56.7405,37.22633333333333,27.388888888888893,2.6296296296296293,20.133333333333333,966.5026666666668,SITE 5,EXT
2026-01-19 07:00:00,116.50949999999999,107.4795,68.3055,27.722222222222225,4.962962962962963,23.366666666666667,967.2289999999999,SITE 5,EXT
2026-01-19 08:00:00,164.26283333333333,150.85133333333334,92.11183333333334,29.222222222222225,6.722222222222223,24.466666666666665,968.1633333333334,SITE 5,EXT
2026-01-19 09:00:00,63.79866666666667,51.9875,34.509,31.055555555555557,5.092592592592593,19.4,968.3776666666668,SITE 5,EXT
2026-01-19 10:00:00,49.439499999999995,40.552,27.275166666666667,33.111111111111114,4.703703703703704,16.766666666666666,968.0863333333333,SITE 5,EXT
2026-01-19 11:00:00,35.48316666666666,31.29416666666667,21.3325,36.166666666666664,3.277777777777778,12.733333333333333,967.1983333333334,SITE 5,EXT
2026-01-19 12:00:00,33.75333333333334,30.076833333333333,20.694833333333335,37.851851851851855,3.2037037037037037,11.4,966.3516666666667,SITE 5,EXT
2026-01-19 13:00:00,25.681833333333334,23.900166666666667,16.9055,38.666666666666664,2.5,10.466666666666667,965.4753333333333,SITE 5,EXT
2026-01-19 14:00:00,26.1405,24.119333333333334,16.908166666666666,39.61111111111111,2.537037037037037,9.833333333333334,964.5949999999999,SITE 5,EXT
2026-01-19 15:00:00,28.666166666666665,26.194166666666668,18.38883333333333,39.27777777777778,2.3333333333333335,9.966666666666667,964.0933333333334,SITE 5,EXT
2026-01-19 16:00:00,28.914032258064516,26.543064516129032,18.414032258064516,38.960573476702514,3.3154121863799286,10.741935483870968,964.0961290322581,SITE 5,EXT
2026-01-19 17:00:00,34.08716666666667,30.116833333333332,20.38883333333333,37.51851851851852,4.444444444444445,12.766666666666667,964.446,SITE 5,EXT
2026-01-19 18:00:00,70.66316666666667,59.9685,39.424,35.333333333333336,5.074074074074074,14.966666666666667,964.9956666666666,SITE 5,EXT
2026-01-19 19:00:00,188.405,175.983,106.00383333333333,34.44444444444444,5.944444444444445,16.9,965.649,SITE 5,EXT
2026-01-19 20:00:00,113.998,105.92216666666667,70.40233333333335,33.22222222222222,4.518518518518519,16.266666666666666,966.553,SITE 5,EXT
2026-01-19 21:00:00,87.07266666666668,80.30133333333333,54.358,32.42592592592593,4.074074074074074,16.833333333333332,967.185,SITE 5,EXT
2026-01-19 22:00:00,71.37116666666665,60.03333333333333,40.58016666666666,32.0,3.981481481481482,17.1,967.3349999999999,SITE 5,EXT
2026-01-19 23:00:00,101.366,90.7925,59.1345,31.203703703703706,4.12962962962963,17.866666666666667,967.5326666666666,SITE 5,EXT
2026-01-20 00:00:00,69.97933333333334,57.93783333333333,38.524499999999996,30.222222222222225,5.259259259259259,20.666666666666668,967.6493333333333,SITE 5,EXT
2026-01-20 01:00:00,71.73049999999999,61.503166666666665,41.0165,28.462962962962965,5.851851851851852,23.733333333333334,967.537,SITE 5,EXT
2026-01-20 02:00:00,53.20433333333334,43.45883333333334,29.23033333333333,28.53703703703704,5.0,22.4,966.742,SITE 5,EXT
2026-01-20 03:00:00,37.17550000000001,32.37533333333333,21.726,27.592592592592595,4.12962962962963,22.0,966.4203333333334,SITE 5,EXT
2026-01-20 04:00:00,34.5135,30.771666666666665,20.831833333333336,27.25925925925926,4.203703703703704,22.666666666666668,966.4689999999999,SITE 5,EXT
2026-01-20 05:00:00,51.02866666666667,41.87466666666667,28.133166666666668,27.222222222222225,5.444444444444445,24.833333333333332,966.6646666666667,SITE 5,EXT
2026-01-20 06:00:00,69.47166666666666,58.60316666666667,38.8465,26.574074074074076,4.722222222222222,24.633333333333333,967.2090000000001,SITE 5,EXT
2026-01-20 07:00:00,92.0206896551724,85.00155172413794,55.23793103448276,25.82375478927203,4.7892720306513406,25.96551724137931,968.0051724137932,SITE 5,EXT
2026-01-20 08:00:00,66.5725,54.7385,35.27833333333333,27.48148148148148,4.759259259259259,23.333333333333332,969.08,SITE 5,EXT
2026-01-20 09:00:00,128.78383333333332,113.68416666666667,60.722166666666666,30.240740740740744,5.444444444444445,20.666666666666668,969.5930000000001,SITE 5,EXT
2026-01-20 10:00:00,41.2955,35.22266666666667,23.597833333333334,32.166666666666664,5.981481481481482,19.3,969.3143333333334,SITE 5,EXT
2026-01-20 11:00:00,31.014,28.197166666666664,19.453500000000002,34.46296296296296,5.722222222222222,16.8,968.776,SITE 5,EXT
2026-01-20 12:00:00,32.292,28.990333333333336,20.162166666666668,35.53703703703704,5.37037037037037,15.3,968.0206666666667,SITE 5,EXT
2026-01-20 13:00:00,25.2985,23.238833333333332,16.248666666666665,36.25925925925926,5.259259259259259,14.466666666666667,967.0426666666666,SITE 5,EXT
2026-01-20 14:00:00,22.549666666666667,20.903166666666667,14.74,37.592592592592595,5.444444444444445,13.6,966.0206666666667,SITE 5,EXT
2026-01-20 15:00:00,26.282333333333334,23.9645,16.7725,37.24074074074074,5.740740740740741,14.266666666666667,965.4636666666667,SITE 5,EXT
2026-01-20 16:00:00,24.89016666666667,22.930166666666665,16.102166666666665,36.81481481481482,5.759259259259259,14.666666666666666,965.3533333333332,SITE 5,EXT
2026-01-20 17:00:00,29.817833333333333,26.961666666666666,18.5085,35.72222222222222,6.351851851851852,16.2,965.5203333333334,SITE 5,EXT
2026-01-20 18:00:00,66.86116666666666,58.646166666666666,39.189499999999995,33.75925925925926,6.981481481481482,18.966666666666665,966.2613333333334,SITE 5,EXT
2026-01-20 19:00:00,96.1805,88.77833333333334,58.36300000000001,32.62962962962963,7.351851851851852,20.633333333333333,967.1813333333333,SITE 5,EXT
2026-01-20 20:00:00,82.41350000000001,71.88566666666667,46.640166666666666,31.796296296296298,6.481481481481482,20.5,967.87,SITE 5,EXT
2026-01-20 21:00:00,81.31483333333334,72.905,48.923,31.092592592592595,6.148148148148149,20.8,968.5020000000001,SITE 5,EXT
2026-01-20 22:00:00,61.934999999999995,49.4,33.160666666666664,30.90740740740741,5.537037037037037,20.033333333333335,968.7796666666667,SITE 5,EXT
2026-01-20 23:00:00,59.10333333333333,47.533166666666666,31.53966666666667,30.166666666666668,5.703703703703704,21.4,969.0210000000001,SITE 5,EXT
2026-01-21 00:00:00,53.4045,43.45,28.699166666666667,28.87037037037037,5.592592592592593,23.0,968.9173333333333,SITE 5,EXT
2026-01-21 01:00:00,28.565,25.2455,16.407,27.944444444444446,5.537037037037037,24.0,968.3449999999999,SITE 5,EXT
2026-01-21 02:00:00,28.759,23.740000000000002,13.952833333333333,27.16666666666667,6.037037037037037,26.2,967.884,SITE 5,EXT
2026-01-21 03:00:00,28.02583333333333,22.468833333333336,12.185333333333334,26.055555555555554,5.648148148148149,27.1,967.4903333333333,SITE 5,EXT
2026-01-21 04:00:00,25.768064516129034,19.976935483870967,10.533064516129032,25.197132616487455,5.627240143369175,28.677419354838708,967.6103225806452,SITE 5,EXT
2026-01-21 05:00:00,27.065,21.145333333333333,10.943000000000001,24.5,5.537037037037037,29.7,967.9060000000001,SITE 5,EXT
2026-01-21 06:00:00,35.310500000000005,27.868333333333332,15.82,24.037037037037035,5.555555555555555,30.466666666666665,968.3203333333333,SITE 5,EXT
2026-01-21 07:00:00,41.74916666666666,32.620666666666665,19.283666666666665,23.925925925925927,5.703703703703704,31.0,969.0093333333333,SITE 5,EXT
2026-01-21 08:00:00,39.52283333333333,30.6835,17.305,24.98148148148148,5.814814814814815,29.166666666666668,969.6973333333333,SITE 5,EXT
2026-01-21 09:00:00,34.64266666666666,26.642833333333332,14.106,27.074074074074076,5.277777777777778,24.933333333333334,969.932,SITE 5,EXT
2026-01-21 10:00:00,32.0325,24.496666666666666,12.634666666666668,29.75925925925926,5.351851851851851,21.366666666666667,969.787,SITE 5,EXT
2026-01-21 11:00:00,30.0995,23.0215,11.884333333333332,32.55555555555556,5.666666666666667,18.466666666666665,968.9816666666667,SITE 5,EXT
2026-01-21 12:00:00,26.131833333333336,20.015666666666668,10.272166666666667,34.87037037037037,5.907407407407407,16.533333333333335,967.8359999999999,SITE 5,EXT
2026-01-21 13:00:00,28.796499999999998,23.317833333333333,13.6595,36.46296296296296,6.185185185185186,15.3,966.6356666666667,SITE 5,EXT
2026-01-21 14:00:00,28.833166666666667,23.739333333333335,14.379166666666666,37.27777777777778,6.277777777777778,14.766666666666667,965.6623333333333,SITE 5,EXT
2026-01-21 15:00:00,28.804333333333332,23.918,14.898,37.11111111111111,6.314814814814815,14.9,965.056,SITE 5,EXT
2026-01-21 16:00:00,28.192666666666664,23.5775,14.841166666666668,36.777777777777786,6.4259259259259265,15.4,964.9756666666667,SITE 5,EXT
2026-01-21 17:00:00,59.4041935483871,50.836129032258064,31.49774193548387,35.62724014336918,7.795698924731183,18.032258064516128,965.4045161290322,SITE 5,EXT
2026-01-21 18:00:00,67.97883333333333,53.64233333333333,33.434999999999995,33.7962962962963,7.629629629629631,19.766666666666666,965.9853333333334,SITE 5,EXT
2026-01-21 19:00:00,92.76583333333333,82.31233333333333,54.34583333333333,32.81481481481482,7.407407407407407,20.6,966.5210000000001,SITE 5,EXT
2026-01-21 20:00:00,111.136,100.716,65.47516666666667,32.03703703703704,7.333333333333333,21.433333333333334,967.434,SITE 5,EXT
2026-01-21 21:00:00,76.434,63.9905,42.13966666666667,30.944444444444446,6.796296296296296,22.266666666666666,968.2479999999999,SITE 5,EXT
2026-01-21 22:00:00,57.299499999999995,45.40716666666666,29.89,30.12962962962963,6.314814814814815,22.166666666666668,968.609,SITE 5,EXT
2026-01-21 23:00:00,42.6545,35.008500000000005,23.002,28.666666666666668,5.703703703703704,23.166666666666668,968.8553333333333,SITE 5,EXT
2026-01-22 00:00:00,34.7595,29.924333333333333,19.6615,27.518518518518523,5.074074074074074,24.0,969.0543333333334,SITE 5,EXT
2026-01-22 01:00:00,33.939,29.483666666666668,19.495833333333334,26.666666666666668,4.425925925925926,24.033333333333335,969.0326666666666,SITE 5,EXT
2026-01-22 02:00:00,29.654333333333334,26.084,16.955666666666666,25.925925925925927,3.7962962962962967,23.866666666666667,968.5,SITE 5,EXT
2026-01-22 03:00:00,33.79032258064516,29.083225806451615,19.01790322580645,25.053763440860216,3.7275985663082443,24.93548387096774,968.2829032258064,SITE 5,EXT
2026-01-22 04:00:00,30.4355,26.938333333333333,17.548833333333334,24.425925925925927,2.7777777777777777,24.333333333333332,968.4936666666667,SITE 5,EXT
2026-01-22 05:00:00,38.616499999999995,32.48416666666667,21.157833333333333,23.62962962962963,2.4074074074074074,24.933333333333334,968.766,SITE 5,EXT
2026-01-22 06:00:00,50.02883333333333,40.171,26.1255,23.222222222222225,2.2962962962962963,25.5,969.1026666666668,SITE 5,EXT
2026-01-22 07:00:00,54.1825,43.17133333333334,27.827166666666663,22.90740740740741,2.2037037037037037,25.633333333333333,969.8013333333333,SITE 5,EXT
2026-01-22 08:00:00,36.82283333333333,30.706166666666668,19.83,24.48148148148148,1.5925925925925926,22.433333333333334,970.4086666666667,SITE 5,EXT
2026-01-22 09:00:00,24.798333333333336,21.521,13.901166666666667,26.944444444444446,1.4444444444444444,19.1,970.6206666666666,SITE 5,EXT
2026-01-22 10:00:00,19.166666666666668,16.404999999999998,10.488333333333333,30.333333333333332,1.5,15.6,970.3706666666666,SITE 5,EXT
2026-01-22 11:00:00,17.659333333333333,15.086166666666665,9.859166666666665,33.2962962962963,1.5370370370370372,13.1,969.626,SITE 5,EXT
2026-01-22 12:00:00,16.671833333333336,14.170833333333333,9.317666666666666,35.18518518518519,2.351851851851852,12.5,968.4263333333333,SITE 5,EXT
2026-01-22 13:00:00,21.100161290322582,18.541290322580643,12.304516129032258,37.15053763440861,3.064516129032258,11.806451612903226,967.2174193548387,SITE 5,EXT
2026-01-22 14:00:00,30.6785,26.376666666666665,17.823833333333333,37.68518518518519,3.351851851851852,11.7,966.504,SITE 5,EXT
2026-01-22 15:00:00,32.791333333333334,28.226833333333335,18.98966666666667,37.592592592592595,3.314814814814815,11.7,966.225,SITE 5,EXT
2026-01-22 16:00:00,31.803,27.591,18.406000000000002,37.22222222222222,4.037037037037037,12.533333333333333,966.173,SITE 5,EXT
2026-01-22 17:00:00,38.279333333333334,32.16266666666667,21.06683333333333,35.57407407407407,3.9444444444444446,13.733333333333333,966.4836666666666,SITE 5,EXT
2026-01-22 18:00:00,58.852333333333334,49.21666666666667,33.186,33.833333333333336,4.611111111111112,16.033333333333335,967.1746666666666,SITE 5,EXT
2026-01-22 19:00:00,82.14416666666666,74.31466666666667,50.27383333333333,32.68518518518518,4.740740740740741,17.066666666666666,968.0653333333333,SITE 5,EXT
2026-01-22 20:00:00,70.36449999999999,57.592666666666666,38.811166666666665,31.518518518518523,4.092592592592593,17.633333333333333,968.8433333333334,SITE 5,EXT
2026-01-22 21:00:00,59.9865,47.845666666666666,32.02633333333333,30.740740740740744,3.555555555555556,18.0,969.3080000000001,SITE 5,EXT
2026-01-22 22:00:00,44.483064516129026,36.35548387096774,24.08290322580645,29.71326164874552,3.1362007168458783,18.129032258064516,969.3606451612903,SITE 5,EXT
2026-01-22 23:00:00,41.28216666666666,34.157666666666664,22.740833333333335,28.574074074074076,2.888888888888889,19.1,969.0486666666667,SITE 5,EXT
2026-01-23 00:00:00,37.11416666666666,31.634333333333334,21.021833333333333,27.944444444444446,2.722222222222222,19.8,968.8553333333333,SITE 5,EXT
2026-01-23 01:00:00,35.5635,30.798333333333332,20.4755,27.740740740740744,2.759259259259259,20.0,968.7576666666666,SITE 5,EXT
2026-01-23 02:00:00,37.116166666666665,31.68933333333333,21.163166666666665,26.722222222222225,2.7962962962962963,21.333333333333332,968.475,SITE 5,EXT
2026-01-23 03:00:00,38.6175,32.878,22.013166666666667,25.666666666666668,2.759259259259259,22.633333333333333,968.226,SITE 5,EXT
2026-01-23 04:00:00,39.0955,33.092666666666666,22.177500000000002,25.37037037037037,2.037037037037037,21.933333333333334,968.554,SITE 5,EXT
2026-01-23 05:00:00,46.40233333333333,38.10333333333333,25.512666666666668,24.796296296296298,1.777777777777778,22.3,968.6943333333334,SITE 5,EXT
2026-01-23 06:00:00,55.56483333333333,44.51883333333333,29.5315,24.40740740740741,1.6851851851851853,22.633333333333333,968.9590000000001,SITE 5,EXT
2026-01-23 07:00:00,65.25383333333333,51.64216666666666,34.10616666666667,24.35185185185185,1.574074074074074,22.4,969.5003333333333,SITE 5,EXT
2026-01-23 08:00:00,58.3095,46.659666666666666,30.72533333333333,25.666666666666668,1.7222222222222223,20.966666666666665,970.322,SITE 5,EXT
2026-01-23 09:00:00,45.29112903225807,36.95903225806452,24.28516129032258,27.4910394265233,1.3620071684587813,18.225806451612904,970.7896774193548,SITE 5,EXT
2026-01-23 10:00:00,40.006166666666665,33.257333333333335,21.34016666666667,30.64814814814815,1.2037037037037037,14.866666666666667,970.5840000000001,SITE 5,EXT
2026-01-23 11:00:00,27.7715,24.560166666666664,15.902333333333333,33.68518518518518,0.537037037037037,11.966666666666667,969.9926666666667,SITE 5,EXT
2026-01-23 12:00:00,24.875,22.252333333333333,15.452499999999999,35.407407407407405,0.7592592592592593,10.966666666666667,968.9653333333333,SITE 5,EXT
2026-01-23 13:00:00,24.743,22.316333333333333,15.731666666666666,36.96296296296296,1.4074074074074074,10.666666666666666,967.971,SITE 5,EXT
2026-01-23 14:00:00,24.01883333333333,21.358333333333334,14.875333333333334,37.55555555555556,1.8518518518518519,10.433333333333334,967.007,SITE 5,EXT
2026-01-23 15:00:00,28.846166666666665,25.571833333333334,17.491833333333332,36.370370370370374,1.6481481481481484,11.033333333333333,966.5426666666666,SITE 5,EXT
2026-01-23 16:00:00,29.149333333333335,26.152333333333335,18.091666666666665,36.12962962962963,2.7037037037037037,12.233333333333333,966.592,SITE 5,EXT
2026-01-23 17:00:00,49.120333333333335,40.0705,26.769000000000002,34.407407407407405,2.5740740740740744,13.366666666666667,967.0526666666667,SITE 5,EXT
2026-01-23 18:00:00,62.32833333333333,49.6445,33.50966666666667,33.0,2.851851851851852,14.733333333333333,967.8553333333333,SITE 5,EXT
2026-01-23 19:00:00,75.7125,65.9405,44.943,32.2962962962963,3.425925925925926,16.0,968.528,SITE 5,EXT
2026-01-23 20:00:00,106.735,97.90083333333334,63.328833333333336,31.25925925925926,2.9074074074074074,16.066666666666666,969.6136666666666,SITE 5,EXT
2026-01-23 21:00:00,70.46016666666667,58.972833333333334,40.002500000000005,30.370370370370374,2.5185185185185186,16.966666666666665,970.3133333333334,SITE 5,EXT
2026-01-23 22:00:00,55.81629032258065,44.92161290322581,30.11709677419355,29.42652329749104,1.6487455197132617,16.774193548387096,970.3938709677419,SITE 5,EXT
2026-01-23 23:00:00,42.887166666666666,35.807833333333335,24.3075,28.592592592592595,1.1481481481481481,16.966666666666665,970.3423333333334,SITE 5,EXT
2026-01-24 00:00:00,40.025333333333336,33.99766666666667,23.185000000000002,27.574074074074076,0.4444444444444445,17.0,970.0266666666666,SITE 5,EXT
2026-01-24 01:00:00,38.26933333333333,32.97266666666666,22.586333333333336,26.814814814814817,0.16666666666666666,17.366666666666667,969.5456666666666,SITE 5,EXT
2026-01-24 02:00:00,41.123000000000005,34.90533333333334,23.866666666666667,26.27777777777778,-0.8148148148148149,17.0,968.9566666666667,SITE 5,EXT
2026-01-24 03:00:00,38.193333333333335,33.2035,22.8595,25.962962962962965,-1.7592592592592593,15.933333333333334,968.9606666666666,SITE 5,EXT
2026-01-24 04:00:00,29.440333333333335,27.145166666666668,18.997,25.592592592592595,-3.7962962962962967,14.0,969.0223333333334,SITE 5,EXT
2026-01-24 05:00:00,34.91866666666667,31.019833333333334,21.248333333333335,25.296296296296298,-3.62962962962963,14.566666666666666,969.2993333333333,SITE 5,EXT
2026-01-24 06:00:00,53.89333333333333,43.73683333333334,29.313,24.962962962962965,-3.148148148148148,15.166666666666666,969.935,SITE 5,EXT
2026-01-24 07:00:00,66.961,54.79416666666667,36.534666666666666,24.962962962962965,-2.0185185185185186,16.5,970.8993333333333,SITE 5,EXT
2026-01-24 08:00:00,66.30166666666666,56.14566666666667,37.277833333333334,26.333333333333332,-2.2777777777777777,14.966666666666667,971.9023333333333,SITE 5,EXT
2026-01-24 09:00:00,37.19189655172414,32.17310344827586,21.901206896551724,28.639846743295017,-3.256704980842912,12.03448275862069,972.181724137931,SITE 5,EXT
2026-01-24 10:00:00,34.213499999999996,30.558833333333332,21.000333333333334,31.14814814814815,-2.462962962962963,11.033333333333333,971.7516666666667,SITE 5,EXT
2026-01-24 11:00:00,35.29366666666667,31.305,21.521833333333333,34.03703703703704,-0.9814814814814815,10.433333333333334,970.866,SITE 5,EXT
2026-01-24 12:00:00,34.03433333333333,30.558833333333332,21.309166666666666,36.092592592592595,-0.05555555555555556,9.866666666666667,969.883,SITE 5,EXT
2026-01-24 13:00:00,34.016666666666666,30.390333333333334,21.25183333333333,37.62962962962963,0.7962962962962963,9.733333333333333,968.8240000000001,SITE 5,EXT
2026-01-24 14:00:00,38.76733333333333,33.553000000000004,23.282,37.7962962962963,1.2222222222222223,9.9,967.7886666666667,SITE 5,EXT
2026-01-24 15:00:00,37.749,32.70783333333333,22.641833333333334,38.03703703703704,1.4814814814814814,9.966666666666667,967.378,SITE 5,EXT
2026-01-24 16:00:00,39.1705,33.58,23.148833333333336,37.46296296296296,2.555555555555556,11.166666666666666,967.1836666666666,SITE 5,EXT
2026-01-24 17:00:00,44.74766666666667,37.015,25.053166666666666,36.25925925925926,3.5185185185185186,12.9,967.5166666666667,SITE 5,EXT
2026-01-24 18:00:00,69.12866666666667,57.112833333333334,38.085,34.61111111111111,5.092592592592593,15.866666666666667,968.1876666666667,SITE 5,EXT
2026-01-24 19:00:00,92.29299999999999,85.5785,58.105333333333334,33.148148148148145,5.222222222222222,17.266666666666666,969.087,SITE 5,EXT
2026-01-24 20:00:00,94.75183333333332,87.44983333333333,58.133,32.574074074074076,5.203703703703704,17.966666666666665,970.073,SITE 5,EXT
2026-01-24 21:00:00,90.87266666666666,84.53033333333333,57.235,31.592592592592595,4.740740740740741,18.366666666666667,971.1546666666667,SITE 5,EXT
2026-01-24 22:00:00,65.6085,53.6605,36.42100000000001,30.944444444444446,3.555555555555556,17.3,971.4713333333333,SITE 5,EXT
2026-01-24 23:00:00,46.405,39.053,26.795166666666667,30.166666666666668,0.9259259259259259,15.033333333333333,971.2423333333334,SITE 5,EXT
2026-01-25 00:00:00,34.94403225806451,31.426935483870967,21.87483870967742,29.587813620071685,-0.8243727598566308,13.612903225806452,970.7645161290322,SITE 5,EXT
2026-01-25 01:00:00,39.529833333333336,34.309666666666665,23.735666666666667,28.5,-0.4814814814814815,15.0,970.358,SITE 5,EXT
2026-01-25 02:00:00,31.2615,28.78166666666667,20.316166666666668,27.592592592592595,-1.3148148148148147,14.966666666666667,970.1966666666667,SITE 5,EXT
2026-01-25 03:00:00,25.401833333333332,24.093,17.319166666666668,27.53703703703704,-1.888888888888889,14.1,969.909,SITE 5,EXT
2026-01-25 04:00:00,22.917166666666667,21.6525,15.594833333333332,26.592592592592595,-2.2962962962962963,14.566666666666666,970.1036666666666,SITE 5,EXT
2026-01-25 05:00:00,23.337666666666667,21.544500000000003,15.592,25.796296296296298,-2.5925925925925926,15.0,970.3873333333333,SITE 5,EXT
2026-01-25 06:00:00,24.951,23.433333333333334,16.807333333333336,25.185185185185183,-2.888888888888889,15.2,971.0246666666667,SITE 5,EXT
2026-01-25 07:00:00,40.975166666666674,34.877833333333335,23.65216666666667,25.203703703703702,-3.055555555555556,15.1,971.758,SITE 5,EXT
2026-01-25 08:00:00,38.174166666666665,33.12683333333334,22.408166666666666,26.555555555555557,-3.1666666666666665,13.833333333333334,972.5576666666667,SITE 5,EXT
2026-01-25 09:00:00,32.621428571428574,28.830000000000002,19.409285714285716,28.412698412698415,-3.8888888888888893,12.0,972.7914285714286,SITE 5,EXT
2026-01-25 15:00:00,19.005000000000003,17.906,13.326999999999998,34.88888888888889,-4.222222222222223,7.6,967.7940000000001,SITE 5,EXT
2026-01-25 16:00:00,24.680666666666664,22.630999999999997,15.941666666666666,35.407407407407405,-3.592592592592593,7.966666666666667,967.7933333333333,SITE 5,EXT
2026-01-25 17:00:00,32.52233333333333,28.75433333333333,19.951999999999998,34.407407407407405,-3.925925925925926,8.1,968.168,SITE 5,EXT
2026-01-25 18:00:00,58.195,47.89866666666667,32.24133333333334,33.03703703703704,-3.092592592592593,9.366666666666667,968.5400000000001,SITE 5,EXT
2026-01-25 19:00:00,76.628,68.21683333333333,47.575833333333335,32.24074074074074,-2.4814814814814814,10.166666666666666,969.0276666666667,SITE 5,EXT
2026-01-25 20:00:00,63.76116666666667,53.87916666666667,37.935500000000005,31.240740740740744,-3.2592592592592595,10.5,970.1123333333333,SITE 5,EXT
2026-01-25 21:00:00,46.38133333333334,39.00366666666666,27.188,30.25925925925926,-4.648148148148149,10.0,970.6086666666666,SITE 5,EXT
2026-01-25 22:00:00,39.928,34.500166666666665,23.311500000000002,29.53703703703704,-5.074074074074074,10.0,970.883,SITE 5,EXT
2026-01-25 23:00:00,28.300806451612903,26.47951612903226,19.156935483870967,28.88888888888889,-5.949820788530467,9.774193548387096,970.9483870967742,SITE 5,EXT
2026-01-26 00:00:00,24.02283333333333,22.717166666666667,16.42,28.14814814814815,-4.740740740740741,11.133333333333333,970.772,SITE 5,EXT
2026-01-26 01:00:00,24.9995,23.774,17.267666666666667,26.888888888888893,-3.833333333333334,12.766666666666667,970.4346666666667,SITE 5,EXT
2026-01-26 02:00:00,27.08,25.8385,18.7225,26.12962962962963,-3.1296296296296293,14.3,969.815,SITE 5,EXT
2026-01-26 03:00:00,25.071,23.853833333333334,17.4375,25.62962962962963,-2.240740740740741,15.666666666666666,969.3430000000001,SITE 5,EXT
2026-01-26 04:00:00,25.574166666666667,24.134666666666664,17.622333333333334,25.518518518518523,-0.7407407407407407,17.6,969.2803333333334,SITE 5,EXT
2026-01-26 05:00:00,26.910333333333334,25.192833333333333,17.892666666666667,25.055555555555554,0.24074074074074076,19.633333333333333,969.4043333333334,SITE 5,EXT
2026-01-26 06:00:00,34.032333333333334,30.428,21.091166666666666,24.722222222222225,0.8333333333333334,20.666666666666668,969.6726666666667,SITE 5,EXT
2026-01-26 07:00:00,40.963166666666666,34.63666666666666,23.350666666666665,24.75925925925926,1.425925925925926,21.9,970.2333333333333,SITE 5,EXT
2026-01-26 08:00:00,34.36066666666667,30.21483333333333,20.608833333333333,26.185185185185183,2.148148148148148,21.0,971.0826666666667,SITE 5,EXT
2026-01-26 09:00:00,27.332741935483874,24.557258064516127,17.07725806451613,28.53046594982079,2.293906810035842,18.35483870967742,971.1958064516128,SITE 5,EXT
2026-01-26 10:00:00,22.0085,19.985833333333336,14.167833333333334,31.296296296296298,2.148148148148148,15.433333333333334,971.0236666666666,SITE 5,EXT
2026-01-26 11:00:00,18.865166666666667,17.176666666666666,12.4105,33.94444444444444,1.4814814814814814,12.6,970.5343333333333,SITE 5,EXT
2026-01-26 12:00:00,20.324666666666666,18.739833333333333,14.1075,36.38888888888889,1.1296296296296298,10.6,969.6446666666667,SITE 5,EXT
2026-01-26 13:00:00,21.12633333333333,19.306833333333334,14.171,37.07407407407407,0.7962962962962963,10.0,968.5516666666666,SITE 5,EXT
2026-01-26 14:00:00,18.299166666666668,16.688333333333333,12.483166666666667,37.648148148148145,0.01851851851851852,9.133333333333333,967.7293333333333,SITE 5,EXT
2026-01-26 15:00:00,27.997166666666665,25.153666666666666,18.300333333333334,37.72222222222222,-0.7962962962962963,8.633333333333333,967.454,SITE 5,EXT
2026-01-26 16:00:00,41.95933333333333,35.23799999999999,24.265833333333333,37.42592592592593,-0.46296296296296297,8.966666666666667,967.4126666666667,SITE 5,EXT
2026-01-26 17:00:00,52.3565,42.789833333333334,28.413166666666665,35.90740740740741,-0.5185185185185186,9.633333333333333,967.7389999999999,SITE 5,EXT
2026-01-26 18:00:00,69.5115,58.994,39.8355,33.88888888888889,0.05555555555555556,11.466666666666667,968.298,SITE 5,EXT
2026-01-26 19:00:00,71.37241935483871,59.78967741935484,40.990967741935485,32.63440860215054,0.34050179211469533,12.774193548387096,969.0967741935484,SITE 5,EXT
2026-01-26 20:00:00,48.66816666666667,39.04833333333333,25.857000000000003,31.388888888888893,-0.8148148148148149,12.133333333333333,969.855,SITE 5,EXT
2026-01-26 21:00:00,55.4415,43.98766666666666,28.887666666666668,30.90740740740741,-1.0185185185185186,12.433333333333334,970.4623333333333,SITE 5,EXT
2026-01-26 22:00:00,46.11033333333333,37.073499999999996,23.938499999999998,29.962962962962965,-1.277777777777778,13.0,970.6436666666667,SITE 5,EXT
2026-01-26 23:00:00,39.867666666666665,31.950666666666667,19.867,28.796296296296298,-1.574074074074074,13.633333333333333,970.6203333333334,SITE 5,EXT
2026-01-27 00:00:00,40.56766666666667,32.505833333333335,20.339333333333332,28.0,-2.0,14.0,970.3889999999999,SITE 5,EXT
2026-01-27 01:00:00,40.54683333333333,32.60366666666667,20.247666666666664,27.333333333333332,-2.5925925925925926,14.0,969.976,SITE 5,EXT
2026-01-27 02:00:00,40.53516666666667,32.63016666666667,20.462833333333332,26.555555555555557,-2.888888888888889,14.0,969.4133333333334,SITE 5,EXT
2026-01-27 03:00:00,42.1455,33.6945,21.208833333333335,25.592592592592595,-3.1666666666666665,14.966666666666667,969.1476666666666,SITE 5,EXT
2026-01-27 04:00:00,43.84183333333333,34.9555,22.06433333333333,25.074074074074076,-3.351851851851852,15.0,969.4123333333333,SITE 5,EXT
2026-01-27 05:00:00,48.532833333333336,38.23016666666667,24.329833333333333,24.462962962962965,-3.870370370370371,15.0,969.7823333333333,SITE 5,EXT
2026-01-27 06:00:00,61.74532258064516,49.55903225806451,31.605,24.408602150537636,-3.960573476702509,14.838709677419354,970.0383870967742,SITE 5,EXT
2026-01-27 07:00:00,70.117,56.017500000000005,36.230333333333334,24.240740740740744,-3.5740740740740744,15.6,970.707,SITE 5,EXT
2026-01-27 08:00:00,53.143,41.7795,26.802333333333333,26.166666666666668,-3.314814814814815,14.1,971.4833333333333,SITE 5,EXT
2026-01-27 09:00:00,46.102999999999994,37.31433333333334,24.2615,28.53703703703704,-3.425925925925926,11.866666666666667,971.5233333333333,SITE 5,EXT
2026-01-27 10:00:00,34.95133333333333,28.947166666666664,18.374333333333333,31.27777777777778,-3.5,10.1,971.2696666666667,SITE 5,EXT
2026-01-27 11:00:00,28.149827586206897,23.599655172413794,14.782758620689656,35.01915708812261,-3.67816091954023,8.172413793103448,970.7251724137931,SITE 5,EXT
2026-01-27 12:00:00,28.546333333333333,23.890833333333333,15.234166666666665,36.46296296296296,-3.851851851851852,7.166666666666667,969.6816666666667,SITE 5,EXT
2026-01-27 13:00:00,24.871666666666666,21.116666666666667,13.770166666666666,38.46296296296296,-3.425925925925926,6.633333333333334,968.5843333333333,SITE 5,EXT
2026-01-27 14:00:00,23.017833333333332,19.397333333333332,12.806000000000001,39.2037037037037,-3.388888888888889,6.433333333333334,967.5676666666666,SITE 5,EXT
2026-01-27 15:00:00,23.10451612903226,19.32193548387097,12.839354838709676,38.99641577060932,-2.813620071684588,6.741935483870968,966.9532258064515,SITE 5,EXT
2026-01-27 16:00:00,24.621333333333332,21.394166666666667,14.612,38.111111111111114,-2.444444444444444,7.3,966.878,SITE 5,EXT
2026-01-27 17:00:00,33.604166666666664,28.4025,19.233166666666666,36.75925925925926,-0.7592592592592593,9.033333333333333,967.3506666666667,SITE 5,EXT
2026-01-27 18:00:00,67.85316666666667,57.9445,39.135999999999996,34.648148148148145,0.22222222222222224,11.133333333333333,968.1759999999999,SITE 5,EXT
2026-01-27 19:00:00,96.902,88.54666666666667,59.505,33.40740740740741,1.1296296296296298,12.866666666666667,968.9906666666667,SITE 5,EXT
2026-01-27 20:00:00,93.40166666666667,85.84683333333334,58.52466666666667,32.574074074074076,-0.2777777777777778,11.833333333333334,969.832,SITE 5,EXT
2026-01-27 21:00:00,82.10816666666666,71.41183333333333,48.75983333333333,31.574074074074076,-1.2222222222222223,12.0,970.1756666666666,SITE 5,EXT
2026-01-27 22:00:00,55.054,44.03433333333333,29.529999999999998,30.75925925925926,-1.277777777777778,12.066666666666666,970.122,SITE 5,EXT
2026-01-27 23:00:00,62.147166666666664,50.460166666666666,33.33983333333333,29.87037037037037,-1.814814814814815,12.533333333333333,970.1843333333333,SITE 5,EXT
2026-01-28 00:00:00,51.95,42.09466666666666,28.168666666666663,29.203703703703706,-2.277777777777778,12.8,970.004,SITE 5,EXT
2026-01-28 01:00:00,42.034193548387094,35.17741935483871,23.968709677419355,28.476702508960575,-3.2437275985663083,12.258064516129032,969.471935483871,SITE 5,EXT
2026-01-28 02:00:00,40.16983333333334,33.97966666666667,23.4465,27.944444444444446,-4.648148148148149,11.0,968.726,SITE 5,EXT
2026-01-28 03:00:00,39.70183333333333,33.7515,23.141166666666667,27.388888888888893,-4.444444444444445,11.966666666666667,968.3956666666667,SITE 5,EXT
2026-01-28 04:00:00,42.42483333333333,35.38433333333333,24.11866666666667,26.75925925925926,-4.388888888888889,12.033333333333333,968.5,SITE 5,EXT
2026-01-28 05:00:00,49.85316666666667,40.577666666666666,27.235333333333337,26.24074074074074,-4.351851851851852,13.0,968.8956666666667,SITE 5,EXT
2026-01-28 06:00:00,61.33883333333333,48.98383333333334,32.757,25.85185185185185,-3.9629629629629632,13.4,969.394,SITE 5,EXT
2026-01-28 07:00:00,70.05983333333333,57.323499999999996,38.224333333333334,25.722222222222225,-3.351851851851852,14.433333333333334,969.9646666666666,SITE 5,EXT
2026-01-28 08:00:00,70.62333333333332,58.118500000000004,38.142,27.518518518518523,-2.148148148148148,14.066666666666666,970.8243333333334,SITE 5,EXT
2026-01-28 09:00:00,51.6935,41.73116666666667,28.078,29.444444444444446,-1.3518518518518519,13.0,971.1613333333333,SITE 5,EXT
2026-01-28 10:00:00,53.08133333333333,42.867,28.588833333333334,32.42592592592593,-0.6481481481481483,11.866666666666667,970.9886666666666,SITE 5,EXT
2026-01-28 11:00:00,47.825,37.93,24.65032258064516,35.93189964157706,-0.8243727598566308,9.419354838709678,970.2206451612903,SITE 5,EXT
2026-01-28 12:00:00,48.38916666666667,38.165333333333336,24.629666666666665,37.42592592592593,-0.03703703703703704,9.166666666666666,969.1483333333333,SITE 5,EXT
2026-01-28 13:00:00,42.834833333333336,33.553666666666665,20.414166666666667,38.42592592592593,-0.7962962962962963,8.2,968.1073333333334,SITE 5,EXT
2026-01-28 14:00:00,38.52366666666667,30.569666666666667,18.335333333333335,39.166666666666664,-1.2407407407407407,7.6,967.272,SITE 5,EXT
2026-01-28 15:00:00,41.38533333333333,32.87983333333333,20.381666666666668,39.2037037037037,-0.962962962962963,7.733333333333333,966.8306666666667,SITE 5,EXT
2026-01-28 16:00:00,51.25466666666667,40.28733333333333,26.02466666666667,38.07407407407407,-0.42592592592592593,8.666666666666666,966.9116666666666,SITE 5,EXT
2026-01-28 17:00:00,50.937,39.89216666666667,25.671166666666668,36.611111111111114,0.42592592592592593,10.0,967.3986666666666,SITE 5,EXT
2026-01-28 18:00:00,76.4085,63.89433333333333,41.349333333333334,34.5,1.5185185185185186,12.266666666666667,968.1183333333333,SITE 5,EXT
2026-01-28 19:00:00,124.12866666666667,113.94316666666667,77.16433333333333,33.53703703703704,1.1851851851851853,12.666666666666666,968.8486666666666,SITE 5,EXT
2026-01-28 20:00:00,91.57783333333333,81.47233333333334,53.6255,33.333333333333336,0.29629629629629634,12.0,969.9146666666667,SITE 5,EXT
2026-01-28 21:00:00,73.3915,59.37483333333333,38.088166666666666,32.87037037037037,-0.14814814814814817,12.0,970.4956666666666,SITE 5,EXT
2026-01-28 22:00:00,83.75516129032258,69.38000000000001,42.59854838709678,32.07885304659498,-0.4659498207885305,12.0,970.5664516129033,SITE 5,EXT
2026-01-28 23:00:00,65.73733333333332,50.902166666666666,33.20816666666666,31.40740740740741,-0.6851851851851852,12.233333333333333,970.4383333333334,SITE 5,EXT
2026-01-29 00:00:00,61.719166666666666,47.92666666666666,31.19633333333333,30.81481481481482,-0.46296296296296297,13.033333333333333,970.3466666666667,SITE 5,EXT
2026-01-29 01:00:00,58.04633333333334,45.28933333333334,29.346999999999998,29.87037037037037,-0.42592592592592593,13.966666666666667,969.8516666666667,SITE 5,EXT
2026-01-29 02:00:00,55.855333333333334,43.68116666666666,27.95633333333333,29.222222222222225,-0.6296296296296297,14.0,969.1266666666667,SITE 5,EXT
2026-01-29 03:00:00,49.20066666666666,38.67383333333333,24.670333333333335,28.833333333333332,-0.5555555555555556,14.633333333333333,968.6963333333333,SITE 5,EXT
2026-01-29 04:00:00,46.47816666666667,36.98533333333333,23.848166666666668,28.27777777777778,-0.8518518518518519,15.0,968.7796666666667,SITE 5,EXT
2026-01-29 05:00:00,53.885,42.60116666666667,27.72416666666667,27.77777777777778,-1.6666666666666667,14.0,969.1659999999999,SITE 5,EXT
2026-01-29 06:00:00,69.98883333333333,57.32483333333333,37.60316666666667,27.296296296296298,-1.2222222222222223,15.266666666666667,969.7026666666667,SITE 5,EXT
2026-01-29 07:00:00,85.47666666666667,76.72399999999999,50.3065,26.833333333333332,-0.6296296296296297,16.466666666666665,970.2606666666667,SITE 5,EXT
2026-01-29 08:00:00,81.79806451612903,72.09370967741935,47.5758064516129,28.351254480286737,-0.23297491039426524,15.419354838709678,971.0135483870968,SITE 5,EXT
2026-01-29 09:00:00,47.624,38.37483333333333,25.343,30.444444444444446,-0.9444444444444445,12.8,971.3303333333333,SITE 5,EXT
2026-01-29 10:00:00,52.02016666666667,41.71483333333333,27.531833333333335,33.03703703703704,-0.40740740740740744,11.433333333333334,971.1476666666666,SITE 5,EXT
2026-01-29 11:00:00,45.47866666666666,36.943333333333335,24.520666666666667,35.96296296296296,-0.24074074074074076,9.866666666666667,970.5406666666667,SITE 5,EXT
2026-01-29 12:00:00,74.4275,66.84166666666667,43.34116666666667,38.05555555555556,-0.611111111111111,8.466666666666667,969.5186666666667,SITE 5,EXT
2026-01-29 13:00:00,36.9315,30.688499999999998,20.045333333333335,39.51851851851852,-2.462962962962963,6.833333333333333,968.3993333333333,SITE 5,EXT
2026-01-29 14:00:00,33.6535,28.509833333333333,18.75,39.7037037037037,-2.648148148148148,6.466666666666667,967.5606666666666,SITE 5,EXT
2026-01-29 15:00:00,36.3465,30.485833333333336,20.2515,39.851851851851855,-1.3148148148148147,7.266666666666667,967.1640000000001,SITE 5,EXT
2026-01-29 16:00:00,35.966499999999996,30.20266666666667,19.909499999999998,38.96296296296296,-1.3703703703703705,7.733333333333333,967.1800000000001,SITE 5,EXT
2026-01-29 17:00:00,40.76854838709678,33.48096774193549,22.11774193548387,37.29390681003584,-1.5770609318996418,8.35483870967742,967.5383870967742,SITE 5,EXT
2026-01-29 18:00:00,65.83666666666666,53.159666666666666,35.359833333333334,35.44444444444445,1.2222222222222223,11.366666666666667,968.2363333333334,SITE 5,EXT
2026-01-29 19:00:00,85.18333333333334,76.24116666666667,51.944833333333335,34.12962962962963,0.6296296296296297,11.9,969.0303333333334,SITE 5,EXT
2026-01-29 20:00:00,75.09966666666666,64.36999999999999,43.530499999999996,33.46296296296296,-0.37037037037037035,11.366666666666667,969.9136666666667,SITE 5,EXT
2026-01-29 21:00:00,64.66666666666667,50.95433333333334,34.215333333333334,31.925925925925927,-2.240740740740741,10.933333333333334,970.5923333333334,SITE 5,EXT
2026-01-29 22:00:00,56.62800000000001,44.628,29.216333333333335,31.462962962962965,-1.7962962962962965,11.333333333333334,970.768,SITE 5,EXT
2026-01-29 23:00:00,46.57899999999999,37.547000000000004,24.684666666666665,30.851851851851855,-2.444444444444444,11.0,970.6593333333333,SITE 5,EXT
2026-01-30 00:00:00,46.307,37.357,24.3605,30.037037037037035,-2.3703703703703707,11.933333333333334,970.3353333333333,SITE 5,EXT
2026-01-30 01:00:00,43.938,35.839000000000006,23.549333333333333,29.388888888888893,-2.8333333333333335,12.0,969.6683333333333,SITE 5,EXT
2026-01-30 02:00:00,38.041333333333334,31.721,20.5605,28.90740740740741,-3.3333333333333335,11.966666666666667,969.0093333333333,SITE 5,EXT
2026-01-30 03:00:00,37.6135,31.659,20.762,28.592592592592595,-3.3333333333333335,12.0,968.5310000000001,SITE 5,EXT
2026-01-30 04:00:00,39.09870967741935,32.6908064516129,21.29725806451613,28.243727598566313,-3.853046594982079,11.935483870967742,968.7409677419355,SITE 5,EXT
2026-01-30 05:00:00,43.5395,35.919333333333334,24.030666666666665,28.14814814814815,-4.87037037037037,11.0,969.185,SITE 5,EXT
2026-01-30 06:00:00,57.243833333333335,45.56283333333333,30.431500000000003,27.925925925925927,-4.037037037037037,11.833333333333334,969.721,SITE 5,EXT
2026-01-30 07:00:00,126.16716666666666,116.234,77.779,27.962962962962965,-0.2777777777777778,15.766666666666667,970.388,SITE 5,EXT
2026-01-30 08:00:00,101.59899999999999,89.0415,57.7495,29.666666666666668,1.0925925925925926,15.966666666666667,971.1460000000001,SITE 5,EXT
2026-01-30 09:00:00,68.93933333333332,57.11783333333334,39.098,31.685185185185183,-0.2777777777777778,12.633333333333333,971.3223333333334,SITE 5,EXT
2026-01-30 10:00:00,60.37733333333333,48.0725,32.383,33.333333333333336,-0.40740740740740744,11.366666666666667,971.0653333333333,SITE 5,EXT
2026-01-30 11:00:00,50.44733333333333,40.697,27.239166666666666,36.37037037037037,-0.20370370370370372,9.633333333333333,970.3973333333332,SITE 5,EXT
2026-01-30 12:00:00,46.61816666666667,37.89816666666666,25.494833333333336,38.64814814814815,-0.24074074074074076,8.6,969.4423333333333,SITE 5,EXT
2026-01-30 13:00:00,34.1108064516129,29.231290322580644,19.46677419354839,40.28673835125448,-2.3118279569892475,6.451612903225806,968.2041935483871,SITE 5,EXT
2026-01-30 14:00:00,30.870833333333334,27.060666666666666,18.475666666666665,40.90740740740741,-2.8703703703703707,6.0,967.2986666666667,SITE 5,EXT
2026-01-30 15:00:00,34.31716666666667,29.887833333333333,20.625999999999998,40.55555555555556,-2.814814814814815,6.133333333333334,966.7656666666667,SITE 5,EXT
2026-01-30 16:00:00,32.105666666666664,28.3755,19.451833333333333,39.18518518518519,-3.092592592592593,6.7,966.8953333333334,SITE 5,EXT
2026-01-30 17:00:00,34.676,30.357333333333333,20.852500000000003,37.907407407407405,-2.074074074074074,7.6,967.3096666666667,SITE 5,EXT
2026-01-30 18:00:00,71.15116666666667,60.77433333333333,40.76716666666667,36.12962962962963,-1.1481481481481481,9.033333333333333,967.6093333333333,SITE 5,EXT
2026-01-30 19:00:00,166.7868333333333,149.26749999999998,88.73583333333333,34.75925925925926,-0.5740740740740741,10.1,968.2083333333334,SITE 5,EXT
2026-01-30 20:00:00,118.60783333333333,104.43833333333333,62.353833333333334,34.25925925925926,-1.6111111111111112,10.0,969.2383333333333,SITE 5,EXT
2026-01-30 21:00:00,83.6885,75.40583333333333,51.19166666666667,33.148148148148145,-1.6481481481481481,10.333333333333334,969.9946666666667,SITE 5,EXT
2026-01-30 22:00:00,71.24716666666667,59.868,40.85616666666667,32.07407407407407,-1.1481481481481481,11.433333333333334,970.0363333333333,SITE 5,EXT
2026-01-30 23:00:00,54.44266666666667,44.0665,29.783666666666665,31.185185185185187,-0.6851851851851852,12.533333333333333,969.7866666666666,SITE 5,EXT
2026-01-31 00:00:00,42.41383333333333,35.53666666666666,24.168166666666664,30.25925925925926,-0.46296296296296297,13.533333333333333,969.3743333333333,SITE 5,EXT
2026-01-31 01:00:00,42.724000000000004,35.722833333333334,24.096,29.574074074074076,-0.01851851851851852,14.666666666666666,969.029,SITE 5,EXT
2026-01-31 02:00:00,46.357166666666664,38.364000000000004,26.029833333333332,29.14814814814815,0.2777777777777778,15.133333333333333,968.6496666666666,SITE 5,EXT
2026-01-31 03:00:00,45.027,37.66116666666667,25.8325,28.444444444444446,0.12962962962962965,16.0,968.3323333333334,SITE 5,EXT
2026-01-31 04:00:00,44.776666666666664,37.559666666666665,25.924333333333333,27.833333333333332,0.40740740740740744,16.633333333333333,968.3443333333332,SITE 5,EXT
2026-01-31 05:00:00,67.687,54.46083333333333,36.847,26.074074074074076,3.7592592592592595,23.8,968.9443333333334,SITE 5,EXT
2026-01-31 06:00:00,69.23566666666667,56.38466666666667,38.172000000000004,26.37037037037037,3.4074074074074074,22.7,969.2346666666667,SITE 5,EXT
2026-01-31 07:00:00,78.679,68.954,46.5765,26.740740740740744,3.148148148148148,21.933333333333334,969.9236666666667,SITE 5,EXT
2026-01-31 08:00:00,92.6805,86.00633333333333,58.434666666666665,28.62962962962963,2.8333333333333335,18.966666666666665,970.7193333333332,SITE 5,EXT
2026-01-31 09:00:00,82.20933333333333,74.50383333333333,51.337999999999994,31.35185185185185,4.759259259259259,18.533333333333335,971.1193333333333,SITE 5,EXT
2026-01-31 10:00:00,71.40566666666668,60.5075,41.98799999999999,34.01851851851852,9.796296296296298,22.6,970.8463333333333,SITE 5,EXT
2026-01-31 11:00:00,65.80116666666666,54.7065,36.60666666666667,36.55555555555556,11.018518518518517,21.366666666666667,969.908,SITE 5,EXT
2026-01-31 12:00:00,76.73533333333333,67.54299999999999,41.854166666666664,38.2037037037037,9.777777777777777,17.8,968.7756666666667,SITE 5,EXT
2026-01-31 13:00:00,52.50533333333333,44.098166666666664,29.548333333333336,39.27777777777778,10.092592592592592,17.333333333333332,967.6476666666666,SITE 5,EXT
2026-01-31 14:00:00,56.535833333333336,46.942,31.009666666666664,39.31481481481482,11.722222222222223,19.266666666666666,966.7203333333333,SITE 5,EXT
2026-01-31 15:00:00,42.12016666666667,35.50916666666667,24.165666666666667,39.666666666666664,9.88888888888889,16.766666666666666,966.1853333333333,SITE 5,EXT
2026-01-31 16:00:00,37.656,32.38816666666666,22.313666666666666,39.2962962962963,7.314814814814815,14.2,966.047,SITE 5,EXT
2026-01-31 17:00:00,41.88616666666667,36.12883333333333,24.454166666666666,38.37037037037037,5.87037037037037,13.533333333333333,966.3576666666667,SITE 5,EXT
2026-01-31 18:00:00,76.36283333333333,67.583,45.93366666666667,35.907407407407405,4.962962962962963,14.466666666666667,966.809,SITE 5,EXT
2026-01-31 19:00:00,90.71866666666666,83.859,57.9795,34.46296296296296,4.592592592592593,15.333333333333334,967.4926666666667,SITE 5,EXT
2026-01-31 20:00:00,99.89483333333332,92.74316666666667,63.409666666666666,33.68518518518519,3.6851851851851856,15.0,968.3140000000001,SITE 5,EXT
2026-01-31 21:00:00,94.21499999999999,88.45483333333333,60.5675,32.98148148148148,3.592592592592593,15.533333333333333,968.7823333333333,SITE 5,EXT
2026-01-31 22:00:00,68.79066666666667,57.52616666666667,39.495666666666665,32.351851851851855,1.1481481481481481,13.566666666666666,968.9506666666667,SITE 5,EXT
2026-01-31 23:00:00,61.7045,49.63033333333333,33.93866666666666,31.740740740740744,0.07407407407407408,13.0,968.8926666666666,SITE 5,EXT
2026-02-01 00:00:00,60.0485,48.53733333333333,32.82966666666667,31.31481481481482,0.962962962962963,14.2,968.7246666666667,SITE 5,EXT
2026-02-01 01:00:00,75.09370967741934,64.15403225806452,43.630322580645164,29.910394265232977,3.1541218637992836,18.032258064516128,968.3070967741936,SITE 5,EXT
2026-02-01 02:00:00,72.222,61.037166666666664,41.70933333333333,28.90740740740741,3.092592592592593,18.9,967.8686666666667,SITE 5,EXT
2026-02-01 03:00:00,68.3205,55.474000000000004,37.9165,28.685185185185183,2.888888888888889,19.2,967.5056666666666,SITE 5,EXT
2026-02-01 04:00:00,76.33766666666666,65.79666666666667,43.44566666666666,28.240740740740744,4.5,22.3,967.7726666666666,SITE 5,EXT
2026-02-01 05:00:00,77.82233333333333,68.93283333333333,47.443,26.592592592592595,7.203703703703704,29.266666666666666,968.3463333333333,SITE 5,EXT
2026-02-01 06:00:00,86.23233333333333,78.90516666666667,54.01583333333333,28.444444444444446,10.462962962962964,32.766666666666666,968.8963333333334,SITE 5,EXT
2026-02-01 07:00:00,113.04689655172415,103.07206896551725,64.18896551724139,28.390804597701152,10.306513409961687,32.51724137931034,969.4531034482759,SITE 5,EXT
2026-02-01 08:00:00,107.51233333333333,97.009,60.535333333333334,30.314814814814817,14.296296296296298,38.03333333333333,970.197,SITE 5,EXT
2026-02-01 09:00:00,64.7215,51.823166666666665,34.2875,31.77777777777778,18.074074074074076,44.43333333333333,970.548,SITE 5,EXT
2026-02-01 10:00:00,64.831,52.01983333333333,34.721000000000004,34.22222222222222,18.092592592592595,38.833333333333336,970.2873333333333,SITE 5,EXT
2026-02-01 11:00:00,61.21816666666667,49.59916666666666,33.2555,37.7037037037037,16.074074074074073,28.333333333333332,969.2963333333333,SITE 5,EXT
2026-02-01 12:00:00,55.36516666666667,45.193333333333335,30.467,39.2037037037037,11.407407407407408,19.033333333333335,968.2903333333333,SITE 5,EXT
2026-02-01 13:00:00,52.995666666666665,45.235,30.403666666666666,40.592592592592595,9.703703703703702,15.666666666666666,967.2823333333333,SITE 5,EXT
2026-02-01 14:00:00,63.774499999999996,55.26649999999999,37.665499999999994,40.611111111111114,8.074074074074074,13.9,966.3156666666667,SITE 5,EXT
2026-02-01 15:00:00,66.373,58.1365,38.12733333333333,41.07407407407408,8.092592592592593,13.7,965.6973333333333,SITE 5,EXT
2026-02-01 16:00:00,67.35966666666667,59.0005,38.385,40.24074074074074,8.88888888888889,15.066666666666666,965.4023333333333,SITE 5,EXT
2026-02-01 17:00:00,49.87433333333333,40.097833333333334,26.310166666666664,38.75925925925926,9.351851851851851,16.9,965.5106666666667,SITE 5,EXT
2026-02-01 18:00:00,66.90316666666666,55.30433333333333,36.809666666666665,36.88888888888889,9.796296296296298,19.4,965.9063333333332,SITE 5,EXT
2026-02-01 19:00:00,84.33633333333334,77.51433333333333,52.58983333333333,35.833333333333336,10.24074074074074,21.133333333333333,966.332,SITE 5,EXT
2026-02-01 20:00:00,89.60333333333332,82.58566666666667,55.3425,35.0,9.796296296296298,21.4,966.9643333333333,SITE 5,EXT
2026-02-01 21:00:00,102.6545,96.00500000000001,63.584833333333336,33.94444444444444,7.611111111111112,19.566666666666666,967.554,SITE 5,EXT
2026-02-01 22:00:00,75.54466666666667,66.16266666666667,44.635,32.7037037037037,5.425925925925926,18.0,967.6456666666667,SITE 5,EXT
2026-02-01 23:00:00,61.153666666666666,49.400666666666666,33.402833333333334,32.148148148148145,4.148148148148149,16.766666666666666,967.5603333333333,SITE 5,EXT
2026-02-02 00:00:00,66.3345,103.71383333333333,243.2711666666667,700.3703703703704,46.333333333333336,15.633333333333333,936.197,SITE 5,EXT
2026-02-02 01:00:00,62.135,49.32,32.83533333333333,30.53703703703704,7.240740740740741,23.1,966.973,SITE 5,EXT
2026-02-02 02:00:00,60.43933333333334,48.094,32.009,30.0,7.888888888888889,24.966666666666665,966.5206666666667,SITE 5,EXT
2026-02-02 03:00:00,62.1235,49.653,33.030499999999996,29.074074074074076,8.296296296296298,27.2,966.3756666666667,SITE 5,EXT
2026-02-02 04:00:00,59.166000000000004,47.56216666666667,32.03366666666667,29.77777777777778,8.518518518518519,26.433333333333334,966.4433333333333,SITE 5,EXT
2026-02-02 05:00:00,76.421,65.91083333333333,44.82966666666667,29.53703703703704,9.314814814814815,28.5,967.1346666666667,SITE 5,EXT
2026-02-02 06:00:00,87.95483333333333,80.92416666666666,53.2965,27.851851851851855,9.74074074074074,32.4,968.2396666666666,SITE 5,EXT
2026-02-02 07:00:00,113.85183333333333,104.7965,67.8825,28.51851851851852,10.685185185185185,33.166666666666664,968.7479999999999,SITE 5,EXT
2026-02-02 08:00:00,80.47983333333333,71.66733333333333,46.8935,31.222222222222225,14.092592592592592,35.46666666666667,969.2543333333334,SITE 5,EXT
2026-02-02 09:00:00,65.9145,53.89366666666667,35.575,32.92592592592593,17.833333333333332,41.1,969.3626666666667,SITE 5,EXT
2026-02-02 10:00:00,56.643,45.66316666666667,30.322166666666664,35.07407407407407,19.14814814814815,39.4,969.3716666666667,SITE 5,EXT
2026-02-02 11:00:00,54.43083333333333,44.557166666666674,29.807333333333336,37.2962962962963,18.40740740740741,33.3,968.6546666666667,SITE 5,EXT
2026-02-02 12:00:00,47.75916666666667,39.33316666666666,26.50316666666667,38.851851851851855,16.37037037037037,26.933333333333334,967.6206666666666,SITE 5,EXT
2026-02-02 13:00:00,48.35,40.19533333333333,27.244333333333334,40.44444444444445,14.555555555555555,21.833333333333332,966.6663333333333,SITE 5,EXT
2026-02-02 14:00:00,43.28645161290323,36.25693548387097,24.817903225806454,40.59139784946237,13.24372759856631,19.806451612903224,965.7464516129032,SITE 5,EXT
2026-02-02 15:00:00,40.52883333333333,34.417500000000004,23.525166666666667,40.2037037037037,12.407407407407408,19.233333333333334,965.2066666666667,SITE 5,EXT
2026-02-02 16:00:00,41.776833333333336,35.08766666666667,23.822,40.22222222222222,12.425925925925927,19.1,964.9173333333333,SITE 5,EXT
2026-02-02 17:00:00,48.406666666666666,40.01883333333333,26.710166666666666,39.0,13.518518518518517,22.066666666666666,964.99,SITE 5,EXT
2026-02-02 18:00:00,63.66816666666667,51.995666666666665,35.02616666666667,37.277777777777786,13.962962962962964,25.133333333333333,965.42,SITE 5,EXT
2026-02-02 19:00:00,79.08016666666667,69.44083333333333,46.757333333333335,36.166666666666664,14.055555555555555,26.7,966.1920000000001,SITE 5,EXT
2026-02-02 20:00:00,99.69283333333333,92.27133333333333,61.50233333333333,35.351851851851855,14.370370370370372,28.466666666666665,966.936,SITE 5,EXT
2026-02-02 21:00:00,129.216,119.97033333333334,79.87816666666666,34.12962962962963,14.407407407407408,30.666666666666668,967.5759999999999,SITE 5,EXT
2026-02-02 22:00:00,120.6875,112.58066666666667,74.47916666666667,33.68518518518519,14.074074074074074,30.7,967.8506666666667,SITE 5,EXT
2026-02-02 23:00:00,112.768,104.70183333333333,68.99483333333333,33.074074074074076,14.574074074074074,33.03333333333333,967.92,SITE 5,EXT
2026-02-03 00:00:00,75.71583333333334,65.96816666666668,44.44666666666667,32.81481481481482,14.055555555555555,32.333333333333336,967.9513333333333,SITE 5,EXT
2026-02-03 01:00:00,68.20666666666666,56.76533333333334,37.751,32.87037037037037,13.462962962962964,31.0,967.367,SITE 5,EXT
2026-02-03 02:00:00,59.137166666666666,47.499833333333335,31.6095,31.944444444444446,14.648148148148149,35.5,966.9056666666667,SITE 5,EXT
2026-02-03 03:00:00,47.92666666666666,39.524,26.132166666666667,28.14814814814815,17.240740740740744,52.2,967.9486666666667,SITE 5,EXT
2026-02-03 04:00:00,37.80333333333333,33.065000000000005,22.273666666666667,26.14814814814815,16.25925925925926,55.2,968.5206666666667,SITE 5,EXT
2026-02-03 05:00:00,37.01583333333333,32.55566666666667,21.894833333333334,25.444444444444446,16.814814814814817,59.43333333333333,969.5256666666667,SITE 5,EXT
2026-02-03 06:00:00,44.35566666666667,37.66466666666667,25.156333333333336,24.03703703703704,16.814814814814817,64.66666666666667,970.6389999999999,SITE 5,EXT
2026-02-03 07:00:00,43.63733333333333,37.24666666666667,24.747833333333336,23.351851851851855,16.462962962962965,66.06666666666666,972.0373333333333,SITE 5,EXT
2026-02-03 08:00:00,48.94666666666667,40.86266666666667,27.611333333333334,24.0,16.61111111111111,63.96666666666667,972.151,SITE 5,EXT
2026-02-03 09:00:00,58.83416666666666,49.79866666666667,33.10466666666667,24.462962962962965,16.98148148148148,64.0,971.4396666666667,SITE 5,EXT
2026-02-03 10:00:00,53.64066666666667,44.04383333333333,29.604166666666668,25.12962962962963,17.666666666666668,63.8,971.4283333333333,SITE 5,EXT
2026-02-03 11:00:00,51.37616666666667,42.08233333333333,27.869833333333336,24.85185185185185,17.22222222222222,63.266666666666666,970.8296666666666,SITE 5,EXT
2026-02-03 12:00:00,48.8875,40.2815,27.025333333333332,26.90740740740741,17.51851851851852,57.13333333333333,970.0236666666666,SITE 5,EXT
2026-02-03 13:00:00,55.649,47.557,32.248333333333335,28.814814814814817,15.351851851851851,44.86666666666667,969.2990000000001,SITE 5,EXT
2026-02-03 14:00:00,49.541333333333334,41.5535,28.675,31.425925925925927,13.851851851851851,34.5,968.5926666666667,SITE 5,EXT
2026-02-03 15:00:00,81.18516666666666,73.94816666666667,50.75933333333333,32.01851851851852,15.222222222222223,36.56666666666667,968.4259999999999,SITE 5,EXT
2026-02-03 16:00:00,74.82199999999999,66.16166666666666,46.72683333333334,31.425925925925927,16.425925925925927,40.7,968.185,SITE 5,EXT
2026-02-03 17:00:00,66.5765,54.9225,37.51283333333333,31.018518518518523,15.5,39.36666666666667,968.2289999999999,SITE 5,EXT
2026-02-03 18:00:00,63.352666666666664,51.168,34.59,29.48148148148148,17.555555555555557,49.266666666666666,968.9026666666667,SITE 5,EXT
2026-02-03 19:00:00,68.23866666666667,56.76983333333333,38.657333333333334,28.48148148148148,18.314814814814817,54.53333333333333,969.4183333333333,SITE 5,EXT
2026-02-03 20:00:00,60.67916666666667,49.73466666666666,33.56633333333333,28.0,18.462962962962965,56.7,970.827,SITE 5,EXT
2026-02-03 21:00:00,52.80583333333333,43.36066666666667,28.767,27.75925925925926,18.40740740740741,57.43333333333333,971.5863333333333,SITE 5,EXT
2026-02-03 22:00:00,55.332499999999996,45.31366666666667,30.243666666666666,27.333333333333336,18.703703703703702,59.8,971.9806666666666,SITE 5,EXT
2026-02-03 23:00:00,57.038333333333334,46.3795,30.87816666666667,27.703703703703702,18.703703703703702,58.8,972.2603333333334,SITE 5,EXT
2026-02-04 00:00:00,56.178666666666665,45.80833333333333,30.369833333333336,27.462962962962965,18.925925925925927,60.3,972.6883333333334,SITE 5,EXT
2026-02-04 01:00:00,55.722580645161294,45.61725806451613,30.01258064516129,26.774193548387096,19.211469534050178,63.70967741935484,972.5812903225807,SITE 5,EXT
2026-02-04 02:00:00,46.778666666666666,39.114333333333335,25.82016666666667,25.53703703703704,18.796296296296298,66.8,972.3536666666666,SITE 5,EXT
2026-02-04 03:00:00,43.051,36.52466666666667,24.28983333333333,25.555555555555557,18.166666666666668,64.23333333333333,971.8526666666668,SITE 5,EXT
2026-02-04 04:00:00,38.68966666666667,33.95883333333333,22.786,25.53703703703704,17.75925925925926,63.1,971.3556666666666,SITE 5,EXT
2026-02-04 05:00:00,59.35633333333333,51.67366666666667,35.699333333333335,26.12962962962963,18.074074074074076,61.733333333333334,970.5356666666667,SITE 5,EXT
2026-02-04 06:00:00,49.924499999999995,42.288333333333334,28.440333333333335,25.296296296296298,17.703703703703702,63.2,969.5246666666667,SITE 5,EXT
2026-02-04 07:00:00,59.65233333333333,48.367,32.103,24.833333333333332,17.740740740740744,65.63333333333334,970.1146666666667,SITE 5,EXT
2026-02-04 08:00:00,55.535666666666664,45.49333333333333,30.187666666666665,26.27777777777778,17.61111111111111,59.5,970.4536666666667,SITE 5,EXT
2026-02-04 09:00:00,55.74216666666667,45.262166666666666,29.757333333333335,27.66666666666667,17.5,54.333333333333336,970.9153333333333,SITE 5,EXT
2026-02-04 10:00:00,60.31233333333333,51.37733333333333,34.23016666666667,29.222222222222225,17.740740740740744,50.56666666666667,970.812,SITE 5,EXT
2026-02-04 11:00:00,55.524499999999996,45.80383333333334,30.96216666666667,32.77777777777778,16.98148148148148,39.266666666666666,969.9066666666666,SITE 5,EXT
2026-02-04 12:00:00,49.27633333333333,40.80916666666667,27.794500000000003,34.7037037037037,15.481481481481483,31.9,968.8466666666667,SITE 5,EXT
2026-02-04 13:00:00,37.91916666666667,33.17366666666667,23.019833333333334,37.592592592592595,13.111111111111112,23.333333333333332,967.6556666666667,SITE 5,EXT
2026-02-04 14:00:00,28.70716666666667,26.60533333333333,18.716333333333335,38.666666666666664,11.351851851851851,19.533333333333335,966.9123333333333,SITE 5,EXT
2026-02-04 15:00:00,27.93566666666667,26.311833333333333,18.447166666666664,37.907407407407405,11.185185185185185,20.033333333333335,966.7413333333334,SITE 5,EXT
2026-02-04 16:00:00,35.099000000000004,31.4335,21.747666666666664,36.81481481481482,11.870370370370372,22.266666666666666,966.859,SITE 5,EXT
2026-02-04 17:00:00,46.77183333333333,39.07266666666667,26.519833333333334,35.51851851851852,11.981481481481483,24.066666666666666,967.3406666666667,SITE 5,EXT
2026-02-04 18:00:00,58.303999999999995,47.1285,31.948333333333334,34.14814814814815,12.481481481481483,26.933333333333334,967.9326666666667,SITE 5,EXT
2026-02-04 19:00:00,61.80583333333333,49.507333333333335,33.571666666666665,33.46296296296296,12.222222222222223,27.6,968.6110000000001,SITE 5,EXT
2026-02-04 20:00:00,53.623000000000005,43.654,29.399,32.75925925925926,11.62962962962963,27.266666666666666,969.4466666666667,SITE 5,EXT
2026-02-04 21:00:00,50.788000000000004,41.60133333333333,27.820666666666668,31.90740740740741,11.055555555555554,27.9,970.13,SITE 5,EXT
2026-02-04 22:00:00,52.02133333333334,42.474000000000004,28.563666666666666,31.074074074074076,10.777777777777777,28.733333333333334,970.3143333333334,SITE 5,EXT
2026-02-04 23:00:00,46.182,38.33433333333333,25.963,30.333333333333332,9.351851851851851,27.2,969.9253333333332,SITE 5,EXT
2026-02-05 00:00:00,44.19416666666667,36.892500000000005,24.969833333333334,29.722222222222225,9.0,27.666666666666668,969.3163333333334,SITE 5,EXT
2026-02-05 01:00:00,43.844833333333334,36.877500000000005,25.007833333333334,29.166666666666668,8.814814814814815,27.833333333333332,968.67,SITE 5,EXT
2026-02-05 02:00:00,42.880833333333335,36.15416666666667,24.594333333333335,28.53703703703704,8.500000000000002,28.6,968.2289999999999,SITE 5,EXT
2026-02-05 03:00:00,46.20683333333333,38.467999999999996,25.836333333333336,27.722222222222225,8.925925925925926,30.766666666666666,967.9503333333333,SITE 5,EXT
2026-02-05 04:00:00,48.0685,39.878166666666665,26.734333333333332,26.90740740740741,9.351851851851851,33.166666666666664,968.024,SITE 5,EXT
2026-02-05 05:00:00,55.859,45.44883333333334,30.3325,26.425925925925927,9.796296296296298,35.233333333333334,968.3613333333334,SITE 5,EXT
2026-02-05 06:00:00,66.3455,53.49433333333333,35.60133333333333,25.462962962962965,10.0,37.96666666666667,968.7933333333333,SITE 5,EXT
2026-02-05 07:00:00,71.779,60.17333333333333,39.6735,26.574074074074076,9.981481481481483,35.53333333333333,969.1783333333333,SITE 5,EXT
2026-02-05 08:00:00,75.07383333333334,64.31833333333333,42.9095,28.814814814814817,8.962962962962964,28.966666666666665,969.8986666666666,SITE 5,EXT
2026-02-05 09:00:00,53.55683333333333,43.75233333333333,29.354166666666668,30.185185185185183,7.314814814814815,23.866666666666667,970.318,SITE 5,EXT
2026-02-05 10:00:00,31.439,28.835166666666666,20.064833333333336,32.74074074074074,4.611111111111112,16.966666666666665,970.1673333333333,SITE 5,EXT
2026-02-05 11:00:00,23.324666666666666,22.14333333333333,16.041833333333333,36.351851851851855,3.8703703703703707,13.233333333333333,969.7266666666667,SITE 5,EXT
2026-02-05 12:00:00,13.678666666666667,12.996,10.095333333333334,39.24074074074074,1.9814814814814814,9.633333333333333,968.6653333333333,SITE 5,EXT
2026-02-05 13:00:00,10.329333333333333,9.799333333333333,7.848,41.037037037037045,0.05555555555555556,7.4,967.2783333333333,SITE 5,EXT
2026-02-05 14:00:00,11.907,11.300333333333333,9.014333333333333,41.20370370370371,-0.6481481481481483,7.033333333333333,966.1550000000001,SITE 5,EXT
2026-02-05 15:00:00,17.666612903225804,16.62516129032258,12.724032258064517,41.218637992831546,-0.5376344086021506,7.129032258064516,965.6090322580645,SITE 5,EXT
2026-02-05 16:00:00,22.021166666666666,20.481833333333334,15.735000000000001,40.64814814814815,0.24074074074074076,7.766666666666667,965.6363333333334,SITE 5,EXT
2026-02-05 17:00:00,23.698833333333333,22.14333333333333,16.471833333333333,39.0,0.9444444444444445,9.0,966.006,SITE 5,EXT
2026-02-05 18:00:00,71.44733333333333,62.047333333333334,39.8055,36.166666666666664,2.8333333333333335,12.266666666666667,966.7433333333333,SITE 5,EXT
2026-02-05 19:00:00,83.49683333333334,73.62650000000001,51.043,35.0,3.148148148148148,13.4,967.4356666666666,SITE 5,EXT
2026-02-05 20:00:00,107.6975,100.94616666666667,69.3145,33.851851851851855,4.148148148148148,15.566666666666666,968.2860000000001,SITE 5,EXT
2026-02-05 21:00:00,105.17800000000001,98.25150000000001,67.105,32.7962962962963,4.185185185185185,16.466666666666665,969.152,SITE 5,EXT
2026-02-05 22:00:00,72.18733333333333,61.69383333333334,42.88016666666667,32.31481481481482,2.2962962962962963,14.7,969.1830000000001,SITE 5,EXT
2026-02-05 23:00:00,71.57333333333332,60.618,41.6345,31.98148148148148,1.777777777777778,14.6,968.9983333333333,SITE 5,EXT
2026-02-06 00:00:00,56.741551724137935,45.419137931034484,30.132758620689657,31.37931034482759,1.5325670498084292,14.96551724137931,968.6231034482759,SITE 5,EXT
2026-02-06 01:00:00,44.535333333333334,37.11983333333333,24.682166666666667,31.092592592592595,1.1296296296296298,14.533333333333333,968.232,SITE 5,EXT
2026-02-06 02:00:00,55.622166666666665,45.0255,30.197166666666664,30.12962962962963,3.814814814814815,18.8,968.2909999999999,SITE 5,EXT
2026-02-06 03:00:00,67.72133333333333,56.07083333333333,38.2465,28.48148148148148,6.648148148148149,25.166666666666668,968.5666666666667,SITE 5,EXT
2026-02-06 04:00:00,56.29683333333333,45.9075,31.151333333333334,27.90740740740741,4.814814814814815,23.0,968.6856666666666,SITE 5,EXT
2026-02-06 05:00:00,68.1155,55.77333333333333,37.5075,27.90740740740741,4.333333333333333,21.9,968.993,SITE 5,EXT
2026-02-06 06:00:00,103.08916666666667,93.328,62.005833333333335,27.53703703703704,5.611111111111112,24.966666666666665,969.6866666666666,SITE 5,EXT
2026-02-06 07:00:00,125.63933333333333,118.46733333333333,78.83483333333334,27.14814814814815,7.555555555555556,29.0,970.6139999999999,SITE 5,EXT
2026-02-06 08:00:00,66.03450000000001,54.87266666666667,37.348,30.01851851851852,10.25925925925926,29.366666666666667,971.3083333333333,SITE 5,EXT
2026-02-06 09:00:00,53.221333333333334,43.71216666666667,29.740833333333335,32.92592592592593,11.925925925925926,27.9,972.0103333333334,SITE 5,EXT
2026-02-06 10:00:00,41.96816666666667,35.82233333333333,24.509999999999998,34.53703703703704,9.61111111111111,21.866666666666667,972.1346666666667,SITE 5,EXT
2026-02-06 11:00:00,28.983666666666668,26.405666666666665,18.7415,36.907407407407405,6.777777777777778,15.833333333333334,971.5946666666666,SITE 5,EXT
2026-02-06 12:00:00,24.3075,22.622500000000002,16.390625,38.40277777777778,5.277777777777778,13.0,970.99625,SITE 5,EXT
2026-02-06 21:00:00,49.24,40.83,27.015,30.0,12.222222222222223,34.0,971.19,SITE 5,EXT
2026-02-06 22:00:00,50.72983333333333,41.815000000000005,28.504666666666665,31.48148148148148,12.296296296296298,31.233333333333334,971.1323333333333,SITE 5,EXT
2026-02-06 23:00:00,41.17183333333333,35.34316666666667,24.279666666666667,31.351851851851855,12.222222222222223,31.0,970.9063333333332,SITE 5,EXT
2026-02-07 00:00:00,40.35966666666666,34.63366666666666,23.573333333333334,30.944444444444446,12.222222222222223,31.833333333333332,970.4993333333333,SITE 5,EXT
2026-02-07 01:00:00,64.88633333333333,54.777,34.830666666666666,30.14814814814815,12.444444444444446,33.93333333333333,970.1783333333333,SITE 5,EXT
2026-02-07 02:00:00,60.04383333333333,51.102,34.2815,29.01851851851852,12.203703703703704,35.56666666666667,969.7526666666668,SITE 5,EXT
2026-02-07 03:00:00,61.253,51.38733333333333,34.05233333333334,27.740740740740744,9.870370370370372,32.86666666666667,969.9446666666666,SITE 5,EXT
2026-02-07 04:00:00,49.60316666666667,40.91433333333334,26.827666666666666,29.27777777777778,10.796296296296296,31.9,969.8863333333334,SITE 5,EXT
2026-02-07 05:00:00,56.18783333333333,44.95766666666667,29.228666666666665,28.25925925925926,11.166666666666666,34.7,970.2080000000001,SITE 5,EXT
2026-02-07 06:00:00,66.45833333333333,54.68,35.9875,27.703703703703702,11.092592592592592,35.36666666666667,970.8503333333333,SITE 5,EXT
2026-02-07 07:00:00,79.009,67.982,44.7945,27.53703703703704,12.555555555555555,39.766666666666666,971.6556666666667,SITE 5,EXT
2026-02-07 08:00:00,153.98166666666665,137.99283333333332,77.04683333333334,30.962962962962965,13.62962962962963,35.0,972.2306666666667,SITE 5,EXT
2026-02-07 09:00:00,79.58716666666668,67.32766666666666,39.736999999999995,33.074074074074076,16.037037037037038,36.233333333333334,972.6759999999999,SITE 5,EXT
2026-02-07 10:00:00,47.12683333333334,39.55766666666667,26.548833333333334,34.81481481481482,14.74074074074074,30.3,972.3883333333334,SITE 5,EXT
2026-02-07 11:00:00,43.65683333333333,37.98766666666667,26.052833333333336,36.68518518518519,12.611111111111112,23.5,971.8439999999999,SITE 5,EXT
2026-02-07 12:00:00,38.118500000000004,34.376333333333335,23.731499999999997,37.7037037037037,10.407407407407408,19.333333333333332,970.8449999999999,SITE 5,EXT
2026-02-07 13:00:00,32.025166666666664,29.202,21.103,39.96296296296296,8.62962962962963,15.1,969.8973333333332,SITE 5,EXT
2026-02-07 14:00:00,28.665666666666667,26.77466666666667,19.403666666666666,40.51851851851852,7.944444444444445,13.933333333333334,969.0323333333333,SITE 5,EXT
2026-02-07 15:00:00,23.163333333333334,21.939166666666665,16.6195,40.24074074074074,4.314814814814815,10.866666666666667,968.4933333333333,SITE 5,EXT
2026-02-07 16:00:00,21.086833333333335,20.087,15.4675,40.24074074074074,1.6111111111111112,8.933333333333334,968.4566666666667,SITE 5,EXT
2026-02-07 17:00:00,250.72816666666668,224.92033333333336,102.99666666666667,38.666666666666664,3.5740740740740744,11.333333333333334,968.5616666666666,SITE 5,EXT
2026-02-07 18:00:00,66.23783333333333,55.425666666666665,37.62033333333333,36.18518518518519,3.1296296296296293,12.466666666666667,968.8046666666667,SITE 5,EXT
2026-02-07 19:00:00,90.55633333333334,83.21733333333333,57.155833333333334,34.77777777777778,3.740740740740741,14.066666666666666,969.3533333333332,SITE 5,EXT
2026-02-07 20:00:00,88.25433333333334,81.39116666666668,56.920833333333334,34.05555555555556,3.055555555555556,14.0,970.2443333333333,SITE 5,EXT
2026-02-07 21:00:00,55.08833333333334,44.685500000000005,30.625,33.2962962962963,2.2222222222222223,14.0,971.226,SITE 5,EXT
2026-02-07 22:00:00,49.0995,40.43216666666667,28.021,32.77777777777778,1.8333333333333333,14.0,971.63,SITE 5,EXT
2026-02-07 23:00:00,49.2125,40.6025,28.008,32.24074074074074,1.9814814814814816,14.333333333333334,971.5416666666666,SITE 5,EXT
2026-02-08 00:00:00,74.08283333333334,65.50866666666667,41.500166666666665,31.055555555555557,3.5185185185185186,17.433333333333334,971.2273333333334,SITE 5,EXT
2026-02-08 01:00:00,49.7645,41.18266666666667,28.129666666666665,30.5,2.3333333333333335,16.233333333333334,970.3333333333334,SITE 5,EXT
2026-02-08 02:00:00,46.98866666666667,39.29600000000001,27.082833333333333,29.98148148148148,2.1296296296296298,16.666666666666668,969.5596666666667,SITE 5,EXT
2026-02-08 03:00:00,58.99933333333333,47.89116666666667,32.64233333333333,29.14814814814815,2.3703703703703707,17.666666666666668,969.4253333333332,SITE 5,EXT
2026-02-08 04:00:00,58.695166666666665,47.719166666666666,32.7735,28.518518518518523,2.5185185185185186,18.8,969.275,SITE 5,EXT
2026-02-08 05:00:00,63.46,53.18266666666667,36.64683333333333,27.851851851851855,4.092592592592593,22.2,969.9053333333334,SITE 5,EXT
2026-02-08 06:00:00,62.724666666666664,50.50683333333333,33.98383333333333,26.12962962962963,8.203703703703704,32.266666666666666,970.4806666666667,SITE 5,EXT
2026-02-08 07:00:00,62.678,49.789833333333334,33.14933333333333,27.48148148148148,7.833333333333334,29.133333333333333,970.973,SITE 5,EXT
2026-02-08 08:00:00,58.621,49.734833333333334,33.842,30.574074074074076,6.12962962962963,21.7,971.3803333333333,SITE 5,EXT
2026-02-08 09:00:00,35.5875,31.639499999999998,22.178333333333335,32.851851851851855,3.981481481481482,16.066666666666666,971.6583333333333,SITE 5,EXT
2026-02-08 10:00:00,29.4525,27.141000000000002,19.2115,34.64814814814815,4.277777777777778,14.833333333333334,971.4733333333334,SITE 5,EXT
2026-02-08 11:00:00,21.39532258064516,20.163709677419355,15.25290322580645,37.38351254480287,2.8494623655913975,11.451612903225806,970.4645161290323,SITE 5,EXT
2026-02-08 12:00:00,19.119000000000003,18.118166666666664,13.909666666666668,39.851851851851855,2.351851851851852,9.7,969.3366666666666,SITE 5,EXT
2026-02-08 13:00:00,16.794833333333333,15.744166666666667,12.327499999999999,41.333333333333336,1.5555555555555558,8.266666666666667,968.24,SITE 5,EXT
2026-02-08 14:00:00,16.130666666666666,14.980166666666666,11.615,41.38888888888889,0.5,7.833333333333333,967.1419999999999,SITE 5,EXT
2026-02-08 15:00:00,16.686333333333334,15.753166666666667,12.297,40.75925925925926,0.24074074074074076,7.966666666666667,966.49,SITE 5,EXT
2026-02-08 16:00:00,17.296,16.459333333333333,12.872000000000002,40.75925925925926,0.8148148148148149,8.066666666666666,966.1973333333334,SITE 5,EXT
2026-02-08 17:00:00,23.459833333333332,21.767666666666667,16.0765,38.92592592592593,1.2037037037037037,9.3,966.4240000000001,SITE 5,EXT
2026-02-08 18:00:00,50.02883333333333,41.412166666666664,28.6585,36.98148148148149,2.7222222222222223,11.566666666666666,966.893,SITE 5,EXT
2026-02-08 19:00:00,74.58666666666666,64.77933333333334,44.25666666666667,35.46296296296296,3.3333333333333335,13.1,967.5196666666667,SITE 5,EXT
2026-02-08 20:00:00,71.13216666666668,61.01933333333333,42.35633333333333,34.53703703703704,2.7222222222222223,13.1,968.4263333333333,SITE 5,EXT
2026-02-08 21:00:00,64.41033333333333,53.74816666666666,35.345,34.092592592592595,2.444444444444444,13.466666666666667,969.0943333333333,SITE 5,EXT
2026-02-08 22:00:00,50.95816666666666,41.52066666666667,28.440333333333335,33.24074074074074,2.185185185185185,14.0,969.1643333333334,SITE 5,EXT
2026-02-08 23:00:00,49.5135,40.86266666666667,28.070666666666668,32.62962962962963,2.314814814814815,14.333333333333334,968.8163333333334,SITE 5,EXT
2026-02-09 00:00:00,52.4105,43.147333333333336,29.733333333333334,31.444444444444446,2.037037037037037,15.066666666666666,968.5110000000001,SITE 5,EXT
2026-02-09 01:00:00,58.215,47.282000000000004,32.4565,30.240740740740744,2.611111111111111,17.2,968.3963333333334,SITE 5,EXT
2026-02-09 02:00:00,54.3475,44.1925,29.85666666666667,29.35185185185185,3.3333333333333335,18.933333333333334,968.2076666666667,SITE 5,EXT
2026-02-09 03:00:00,41.217999999999996,35.00516666666667,23.943166666666666,28.31481481481482,3.425925925925926,20.166666666666668,967.862,SITE 5,EXT
2026-02-09 04:00:00,44.4765,37.136833333333335,25.1325,27.925925925925927,4.000000000000001,21.366666666666667,967.9276666666667,SITE 5,EXT
2026-02-09 05:00:00,51.02283333333333,41.651833333333336,27.889166666666668,27.462962962962965,4.12962962962963,22.166666666666668,968.0776666666666,SITE 5,EXT
2026-02-09 06:00:00,59.055,46.757666666666665,30.859833333333334,27.03703703703704,4.351851851851852,23.266666666666666,968.455,SITE 5,EXT
2026-02-09 07:00:00,67.4075,53.646499999999996,35.380833333333335,27.75925925925926,5.111111111111112,23.7,969.255,SITE 5,EXT
2026-02-09 08:00:00,64.7915,51.64683333333333,34.42866666666667,30.074074074074076,6.166666666666667,22.166666666666668,969.9773333333334,SITE 5,EXT
2026-02-09 09:00:00,49.6905,40.3755,26.615333333333336,31.77777777777778,5.37037037037037,19.066666666666666,970.3746666666667,SITE 5,EXT
2026-02-09 10:00:00,30.562,26.366666666666667,17.291666666666668,33.98148148148148,5.055555555555555,16.4,970.0139999999999,SITE 5,EXT
2026-02-09 11:00:00,23.3085,20.456666666666667,13.742166666666666,36.96296296296296,4.5,13.133333333333333,969.185,SITE 5,EXT
2026-02-09 12:00:00,21.303333333333335,19.066,13.130666666666666,39.666666666666664,4.537037037037037,11.366666666666667,968.2090000000001,SITE 5,EXT
2026-02-09 13:00:00,16.568166666666666,14.4965,10.0605,40.87037037037037,3.2222222222222223,9.7,966.9556666666667,SITE 5,EXT
2026-02-09 14:00:00,16.220166666666668,14.275333333333332,10.039166666666667,40.90740740740741,2.814814814814815,9.233333333333333,965.89,SITE 5,EXT
2026-02-09 15:00:00,17.561,15.668166666666668,11.177833333333332,40.833333333333336,2.7777777777777777,9.433333333333334,965.187,SITE 5,EXT
2026-02-09 16:00:00,18.036,15.945,11.276000000000002,40.7962962962963,2.240740740740741,9.0,964.941,SITE 5,EXT
2026-02-09 17:00:00,45.83016666666666,40.6715,26.946,39.166666666666664,3.0185185185185186,10.533333333333333,965.351,SITE 5,EXT
2026-02-09 18:00:00,81.56483333333334,73.28566666666667,48.734833333333334,36.90740740740741,4.296296296296296,13.066666666666666,965.94,SITE 5,EXT
2026-02-09 19:00:00,85.749,76.97416666666666,53.75,35.57407407407407,4.240740740740741,14.0,966.561,SITE 5,EXT
2026-02-09 20:00:00,98.09433333333332,90.82549999999999,63.00966666666667,34.92592592592593,4.648148148148149,14.966666666666667,967.4063333333332,SITE 5,EXT
2026-02-09 21:00:00,65.5315,52.463,35.76683333333334,34.05555555555556,3.5,14.533333333333333,968.1553333333334,SITE 5,EXT
2026-02-09 22:00:00,57.588499999999996,47.993,33.545,32.90740740740741,3.055555555555556,14.966666666666667,968.4966666666667,SITE 5,EXT
2026-02-09 23:00:00,46.804833333333335,39.97716666666667,27.346833333333333,32.166666666666664,2.851851851851852,15.3,968.556,SITE 5,EXT
2026-02-10 00:00:00,37.018166666666666,32.11933333333334,21.927,31.351851851851855,3.2962962962962963,16.666666666666668,968.1876666666667,SITE 5,EXT
2026-02-10 01:00:00,35.923,31.277333333333335,21.315333333333335,30.240740740740744,3.4629629629629632,18.133333333333333,967.6623333333333,SITE 5,EXT
2026-02-10 02:00:00,33.08116666666667,29.482666666666667,20.035,29.62962962962963,3.6851851851851856,18.966666666666665,967.2256666666667,SITE 5,EXT
2026-02-10 03:00:00,30.6145,27.3625,18.577166666666667,28.87037037037037,3.388888888888889,19.666666666666668,967.0313333333332,SITE 5,EXT
2026-02-10 04:00:00,28.4105,25.532,17.24383333333333,28.074074074074076,3.0740740740740744,20.0,967.1036666666666,SITE 5,EXT
2026-02-10 05:00:00,44.43116666666666,36.809999999999995,24.700666666666667,27.740740740740744,3.5,20.9,967.8623333333333,SITE 5,EXT
2026-02-10 06:00:00,77.3817741935484,68.05548387096773,47.38258064516129,27.688172043010756,5.663082437275986,24.741935483870968,968.9661290322581,SITE 5,EXT
2026-02-10 07:00:00,74.45366666666668,63.38733333333334,42.53,27.90740740740741,5.777777777777778,24.566666666666666,969.8686666666667,SITE 5,EXT
2026-02-10 08:00:00,80.98583333333333,72.86833333333334,48.94433333333333,29.40740740740741,5.666666666666667,22.266666666666666,970.6843333333333,SITE 5,EXT
2026-02-10 09:00:00,50.9075,41.426,27.639166666666668,31.555555555555557,4.037037037037037,17.5,970.5563333333333,SITE 5,EXT
2026-02-10 10:00:00,32.446333333333335,28.323666666666668,19.304,33.62962962962963,3.555555555555556,15.033333333333333,970.12,SITE 5,EXT
2026-02-10 11:00:00,24.71783333333333,22.134333333333334,15.5365,37.53703703703704,3.185185185185185,11.6,969.5110000000001,SITE 5,EXT
2026-02-10 12:00:00,24.106333333333335,21.732333333333333,15.365499999999999,38.38888888888889,3.388888888888889,11.233333333333333,968.632,SITE 5,EXT
2026-02-10 13:00:00,20.240000000000002,18.035862068965518,12.820344827586208,40.11494252873563,2.8352490421455943,9.862068965517242,967.5703448275863,SITE 5,EXT
2026-02-10 14:00:00,19.871,17.72233333333333,12.764166666666666,39.833333333333336,2.7222222222222223,9.866666666666667,966.836,SITE 5,EXT
2026-02-10 15:00:00,25.268166666666666,22.381333333333334,16.3895,39.07407407407407,3.055555555555556,10.533333333333333,966.6063333333334,SITE 5,EXT
2026-02-10 16:00:00,37.26983333333333,32.2035,21.63,38.88888888888889,3.2962962962962967,10.8,966.6103333333334,SITE 5,EXT
2026-02-10 17:00:00,41.511833333333335,34.652833333333334,23.558833333333332,36.777777777777786,3.1666666666666665,12.066666666666666,966.6036666666666,SITE 5,EXT
2026-02-10 18:00:00,54.11838709677419,43.256129032258066,28.973064516129032,35.0,3.620071684587814,13.806451612903226,967.2390322580645,SITE 5,EXT
2026-02-10 19:00:00,65.87068965517241,52.7798275862069,35.62724137931035,34.348659003831415,4.233716475095786,15.0,968.0186206896552,SITE 5,EXT
2026-02-10 20:00:00,68.93548387096774,55.5691935483871,36.950967741935486,33.566308243727605,4.211469534050179,15.870967741935484,968.9358064516128,SITE 5,EXT
2026-02-10 21:00:00,77.5085,67.82549999999999,44.2145,33.18518518518519,4.185185185185186,16.0,969.5206666666667,SITE 5,EXT
2026-02-10 22:00:00,59.095166666666664,46.86933333333333,30.954333333333334,32.92592592592593,4.037037037037037,16.166666666666668,969.6603333333334,SITE 5,EXT
2026-02-10 23:00:00,49.0145,40.241166666666665,27.401666666666664,32.2037037037037,3.7037037037037037,16.433333333333334,969.4503333333333,SITE 5,EXT
2026-02-11 00:00:00,60.567,48.882333333333335,31.654833333333332,31.314814814814817,5.722222222222222,19.9,969.2076666666667,SITE 5,EXT
2026-02-11 01:00:00,46.37233333333334,37.98266666666667,25.450833333333332,30.27777777777778,4.740740740740741,20.0,968.703,SITE 5,EXT
2026-02-11 02:00:00,32.285862068965514,27.82862068965517,19.121896551724138,30.325670498084293,3.2758620689655173,17.75862068965517,968.0931034482759,SITE 5,EXT
2026-02-11 03:00:00,34.31551724137931,29.461724137931036,20.432413793103446,30.019157088122604,4.0038314176245215,19.275862068965516,968.1275862068966,SITE 5,EXT
2026-02-11 04:00:00,54.79816666666667,44.037166666666664,29.600666666666665,28.16666666666667,6.888888888888889,25.966666666666665,968.686,SITE 5,EXT
2026-02-11 05:00:00,60.24,47.885,32.027166666666666,27.203703703703706,6.740740740740741,27.3,969.08,SITE 5,EXT
2026-02-11 06:00:00,91.68249999999999,82.2855,55.922333333333334,27.296296296296298,7.333333333333334,28.4,969.6743333333333,SITE 5,EXT
2026-02-11 07:00:00,82.99866666666667,74.53333333333333,50.71816666666667,27.925925925925927,8.351851851851853,29.2,970.2906666666667,SITE 5,EXT
2026-02-11 08:00:00,67.44566666666667,54.87983333333333,37.39516666666667,29.48148148148148,11.722222222222223,33.63333333333333,970.785,SITE 5,EXT
2026-02-11 09:00:00,61.3985,49.52916666666667,33.684333333333335,31.25925925925926,15.425925925925927,38.43333333333333,971.3936666666667,SITE 5,EXT
2026-02-11 10:00:00,55.29516666666667,45.0045,30.743166666666664,33.833333333333336,14.277777777777779,31.1,971.0300000000001,SITE 5,EXT
2026-02-11 11:00:00,49.2155,40.594500000000004,27.924833333333332,36.75925925925926,11.407407407407408,21.833333333333332,970.2853333333334,SITE 5,EXT
2026-02-11 12:00:00,42.9525,36.326,25.259333333333334,38.537037037037045,8.74074074074074,16.4,969.3193333333332,SITE 5,EXT
2026-02-11 13:00:00,38.42833333333333,33.28783333333333,23.05666666666667,39.333333333333336,8.462962962962964,15.3,968.2886666666667,SITE 5,EXT
2026-02-11 14:00:00,36.40933333333333,31.904166666666665,22.396166666666666,39.87037037037037,8.351851851851853,14.9,967.4016666666666,SITE 5,EXT
2026-02-11 15:00:00,41.41716666666666,35.338499999999996,24.7855,39.51851851851852,9.018518518518517,15.866666666666667,967.3253333333334,SITE 5,EXT
2026-02-11 16:00:00,37.284,32.591166666666666,22.683666666666667,39.98148148148148,9.25925925925926,15.633333333333333,967.5310000000001,SITE 5,EXT
2026-02-11 17:00:00,43.745,36.818,25.506333333333334,38.592592592592595,9.5,17.066666666666666,967.9156666666667,SITE 5,EXT
2026-02-11 18:00:00,67.7955,57.6865,39.91716666666666,36.351851851851855,9.592592592592592,19.733333333333334,968.4449999999999,SITE 5,EXT
2026-02-11 19:00:00,86.94250000000001,76.752,52.01033333333333,35.166666666666664,10.796296296296298,22.733333333333334,969.2836666666666,SITE 5,EXT
2026-02-11 20:00:00,64.00933333333333,52.09916666666666,35.9,34.42592592592593,11.851851851851853,25.433333333333334,970.0166666666667,SITE 5,EXT
2026-02-11 21:00:00,61.87916666666667,49.67633333333333,34.23683333333334,33.46296296296296,12.092592592592593,27.0,970.385,SITE 5,EXT
2026-02-11 22:00:00,60.749,49.752500000000005,34.00533333333333,32.81481481481482,11.833333333333336,27.633333333333333,970.634,SITE 5,EXT
2026-02-11 23:00:00,64.2125,52.57566666666666,36.06716666666667,32.44444444444444,12.222222222222223,29.2,970.891,SITE 5,EXT
2026-02-12 00:00:00,65.105,53.221333333333334,36.40133333333333,31.425925925925927,12.407407407407408,31.366666666666667,970.7146666666666,SITE 5,EXT
2026-02-12 01:00:00,57.623000000000005,46.567,31.476499999999998,30.64814814814815,12.38888888888889,32.7,970.0736666666667,SITE 5,EXT
2026-02-12 02:00:00,54.20333333333333,44.257666666666665,29.927333333333333,29.53703703703704,12.592592592592593,35.333333333333336,969.7453333333334,SITE 5,EXT
2026-02-12 03:00:00,56.99766666666667,46.2125,31.242833333333333,29.444444444444446,13.01851851851852,36.733333333333334,969.6536666666667,SITE 5,EXT
2026-02-12 04:00:00,55.25516666666667,45.13333333333333,30.416833333333333,28.166666666666668,14.185185185185185,42.63333333333333,969.6096666666667,SITE 5,EXT
2026-02-12 05:00:00,57.785666666666664,47.024833333333326,31.739166666666666,27.333333333333332,16.0,50.6,969.8316666666667,SITE 5,EXT
2026-02-12 06:00:00,62.4075,50.55883333333333,33.97533333333333,27.25925925925926,16.537037037037038,52.46666666666667,970.3646666666666,SITE 5,EXT
2026-02-12 07:00:00,68.199,56.21183333333333,38.23616666666667,27.98148148148148,16.796296296296298,50.96666666666667,970.7713333333334,SITE 5,EXT
2026-02-12 08:00:00,60.38733333333333,49.030833333333334,33.14233333333333,29.962962962962965,17.592592592592595,47.93333333333333,971.422,SITE 5,EXT
2026-02-12 09:00:00,61.414,50.42549999999999,34.544333333333334,33.20370370370371,17.38888888888889,39.2,971.5496666666667,SITE 5,EXT
2026-02-12 10:00:00,51.984500000000004,42.835,29.361833333333333,35.22222222222222,16.925925925925927,34.06666666666667,971.2753333333333,SITE 5,EXT
2026-02-12 11:00:00,45.816833333333335,38.667,26.8655,38.111111111111114,15.203703703703704,25.933333333333334,970.6536666666667,SITE 5,EXT
2026-02-12 12:00:00,42.99516666666667,36.53783333333333,25.433666666666667,40.148148148148145,13.203703703703704,20.133333333333333,969.6403333333333,SITE 5,EXT
2026-02-12 13:00:00,35.56816666666667,31.447166666666664,22.200666666666667,41.48148148148149,10.74074074074074,15.933333333333334,968.5243333333333,SITE 5,EXT
2026-02-12 14:00:00,35.96666666666667,31.819,22.342333333333332,42.092592592592595,8.611111111111112,13.3,967.2926666666666,SITE 5,EXT
2026-02-12 15:00:00,65.72816666666667,60.147666666666666,37.998000000000005,42.05555555555556,8.870370370370372,13.566666666666666,966.8296666666666,SITE 5,EXT
2026-02-12 16:00:00,54.25716666666666,47.052,30.89466666666667,41.44444444444445,10.0,15.133333333333333,966.7806666666667,SITE 5,EXT
2026-02-12 17:00:00,40.052,34.1785,23.416833333333333,40.12962962962963,9.75925925925926,16.033333333333335,966.9293333333334,SITE 5,EXT
2026-02-12 18:00:00,68.25066666666666,58.591,37.82516666666667,37.777777777777786,10.11111111111111,18.8,967.3643333333333,SITE 5,EXT
2026-02-12 19:00:00,100.23383333333332,93.14883333333334,63.154833333333336,36.40740740740741,10.648148148148149,20.9,968.1813333333333,SITE 5,EXT
2026-02-12 20:00:00,105.0085,98.31466666666667,67.32066666666667,35.25925925925926,10.12962962962963,21.633333333333333,968.9993333333333,SITE 5,EXT
2026-02-12 21:00:00,88.19677419354838,80.13741935483871,54.34306451612903,34.06810035842294,9.802867383512545,22.419354838709676,969.4583870967741,SITE 5,EXT
2026-02-12 22:00:00,87.91603448275862,78.47344827586207,54.306724137931035,33.67816091954023,8.735632183908047,21.517241379310345,969.7358620689655,SITE 5,EXT
2026-02-12 23:00:00,72.1035,60.18533333333333,40.523,33.333333333333336,8.203703703703704,21.0,969.7093333333333,SITE 5,EXT
2026-02-13 00:00:00,68.88550000000001,57.393,40.041333333333334,32.77777777777778,8.370370370370372,22.1,969.2566666666667,SITE 5,EXT
2026-02-13 01:00:00,64.3225,51.85133333333333,34.51883333333333,32.22222222222222,8.462962962962964,23.066666666666666,968.6616666666666,SITE 5,EXT
2026-02-13 02:00:00,60.751999999999995,49.33266666666667,33.492666666666665,31.314814814814817,10.88888888888889,28.966666666666665,968.3833333333333,SITE 5,EXT
2026-02-13 03:00:00,55.79666666666667,45.443666666666665,30.8325,30.14814814814815,12.407407407407408,33.833333333333336,968.3853333333334,SITE 5,EXT
2026-02-13 04:00:00,50.907333333333334,42.04983333333333,28.489833333333333,29.222222222222225,14.518518518518517,40.96666666666667,968.66,SITE 5,EXT
2026-02-13 05:00:00,56.033500000000004,46.067166666666665,31.49683333333333,28.88888888888889,15.370370370370372,44.1,969.0853333333333,SITE 5,EXT
2026-02-13 06:00:00,63.63033333333333,53.44266666666667,36.96933333333333,28.53703703703704,16.35185185185185,48.03333333333333,969.8773333333334,SITE 5,EXT
2026-02-13 07:00:00,60.74916666666666,49.10783333333333,33.4175,29.074074074074076,16.5,46.7,970.5893333333333,SITE 5,EXT
2026-02-13 08:00:00,58.39083333333333,47.21116666666667,32.10433333333334,30.462962962962965,17.51851851851852,46.233333333333334,971.2873333333333,SITE 5,EXT
2026-02-13 09:00:00,52.035666666666664,42.035833333333336,27.984666666666666,32.592592592592595,18.944444444444446,44.86666666666667,971.5543333333334,SITE 5,EXT
2026-02-13 10:00:00,46.25666666666667,38.64966666666667,26.5145,35.05555555555556,19.240740740740744,39.7,971.1873333333333,SITE 5,EXT
2026-02-13 11:00:00,45.219166666666666,38.05833333333333,26.562,37.907407407407405,18.77777777777778,32.9,970.2323333333334,SITE 5,EXT
2026-02-13 12:00:00,41.469500000000004,35.65466666666667,25.095666666666666,39.01851851851852,17.40740740740741,28.433333333333334,969.5016666666667,SITE 5,EXT
2026-02-13 13:00:00,39.3805,33.93066666666667,23.923833333333334,40.48148148148149,15.666666666666666,23.533333333333335,968.3356666666666,SITE 5,EXT
2026-02-13 14:00:00,37.8305,33.24666666666666,23.751166666666666,41.64814814814815,14.962962962962964,21.1,967.0723333333334,SITE 5,EXT
2026-02-13 15:00:00,34.7625,30.831000000000003,21.934666666666665,41.57407407407408,12.38888888888889,17.833333333333332,966.3006666666666,SITE 5,EXT
2026-02-13 16:00:00,30.253833333333333,27.607666666666667,19.721999999999998,41.07407407407408,11.592592592592592,17.266666666666666,965.9643333333333,SITE 5,EXT
2026-02-13 17:00:00,31.14816666666667,28.262666666666668,20.074,39.51851851851852,11.74074074074074,19.0,965.7656666666667,SITE 5,EXT
2026-02-13 18:00:00,51.45066666666666,42.61183333333334,28.539499999999997,37.333333333333336,11.333333333333334,20.833333333333332,965.8556666666666,SITE 5,EXT
2026-02-13 19:00:00,59.505,48.21383333333333,32.41566666666667,36.14814814814815,12.333333333333334,23.933333333333334,966.4,SITE 5,EXT
2026-02-13 20:00:00,61.16066666666667,48.94916666666666,32.66833333333333,35.46296296296296,13.111111111111112,26.1,967.371,SITE 5,EXT
2026-02-13 21:00:00,66.01383333333334,55.067,37.9675,34.092592592592595,13.537037037037038,29.0,968.1296666666666,SITE 5,EXT
2026-02-13 22:00:00,49.210166666666666,40.37883333333333,27.362666666666666,33.03703703703704,13.907407407407408,31.6,968.27,SITE 5,EXT
2026-02-13 23:00:00,49.84683333333333,40.83883333333333,27.374000000000002,32.72222222222222,14.537037037037038,33.4,968.4083333333333,SITE 5,EXT
2026-02-14 00:00:00,43.2425,36.693,25.209333333333333,32.111111111111114,14.685185185185185,35.03333333333333,968.3243333333334,SITE 5,EXT
2026-02-14 01:00:00,43.497166666666665,36.909,25.419333333333334,31.111111111111118,14.944444444444445,37.766666666666666,967.8903333333333,SITE 5,EXT
2026-02-14 02:00:00,42.99766666666667,36.47616666666667,24.999000000000002,30.11111111111111,16.14814814814815,43.233333333333334,967.439,SITE 5,EXT
2026-02-14 03:00:00,40.169,34.6445,23.8605,29.425925925925927,17.203703703703702,48.03333333333333,967.3823333333333,SITE 5,EXT
2026-02-14 04:00:00,39.215333333333334,34.24333333333333,23.65716666666667,28.666666666666668,17.87037037037037,52.5,967.5466666666667,SITE 5,EXT
2026-02-14 05:00:00,38.36683333333334,33.62166666666666,23.182833333333335,27.925925925925927,18.018518518518523,55.36666666666667,967.624,SITE 5,EXT
2026-02-14 06:00:00,40.730000000000004,35.143166666666666,24.205499999999997,27.27777777777778,18.203703703703706,58.06666666666667,968.0716666666667,SITE 5,EXT
2026-02-14 07:00:00,40.60116666666667,34.642,23.418499999999998,27.685185185185187,18.796296296296298,59.4,968.8009999999999,SITE 5,EXT
2026-02-14 08:00:00,39.463,34.28616666666667,23.551,29.240740740740744,19.75925925925926,57.333333333333336,969.749,SITE 5,EXT
2026-02-14 09:00:00,41.202999999999996,35.37416666666666,24.392333333333333,31.77777777777778,19.85185185185185,49.766666666666666,970.0793333333334,SITE 5,EXT
2026-02-14 10:00:00,46.29966666666667,38.999,26.839,34.18518518518519,19.370370370370374,42.1,969.8966666666668,SITE 5,EXT
2026-02-14 11:00:00,39.540333333333336,34.26566666666667,23.880666666666666,35.98148148148149,19.314814814814817,37.9,969.2593333333333,SITE 5,EXT
2026-02-14 12:00:00,36.677,32.5125,22.981166666666663,38.333333333333336,18.203703703703702,31.066666666666666,967.971,SITE 5,EXT
2026-02-14 13:00:00,32.78783333333333,29.646833333333333,21.308666666666667,40.351851851851855,16.24074074074074,24.5,966.7253333333333,SITE 5,EXT
2026-02-14 14:00:00,34.16133333333333,30.769333333333336,22.020500000000002,40.90740740740741,14.370370370370372,21.066666666666666,965.528,SITE 5,EXT
2026-02-14 15:00:00,35.617666666666665,31.6295,22.459833333333332,40.777777777777786,12.944444444444446,19.233333333333334,964.5263333333334,SITE 5,EXT
2026-02-14 16:00:00,32.391666666666666,29.2425,20.94,40.57407407407407,12.51851851851852,18.833333333333332,964.1976666666667,SITE 5,EXT
2026-02-14 17:00:00,33.89448275862069,30.21396551724138,21.05,38.96551724137931,12.624521072796936,20.79310344827586,964.2824137931034,SITE 5,EXT
2026-02-14 18:00:00,64.72583333333334,56.19566666666666,37.820166666666665,37.31481481481482,12.722222222222223,22.933333333333334,964.9233333333334,SITE 5,EXT
2026-02-14 19:00:00,103.83566666666667,96.09866666666667,63.60966666666666,35.92592592592593,12.981481481481483,25.066666666666666,965.8336666666667,SITE 5,EXT
2026-02-14 20:00:00,138.76333333333332,128.643,83.09816666666667,35.12962962962963,13.481481481481483,27.133333333333333,966.703,SITE 5,EXT
2026-02-14 21:00:00,85.06116666666667,75.33333333333333,50.22516666666666,34.666666666666664,13.88888888888889,28.866666666666667,967.4486666666667,SITE 5,EXT
2026-02-14 22:00:00,61.80983333333334,49.882333333333335,34.131,33.38888888888889,14.185185185185185,31.5,967.6106666666667,SITE 5,EXT
2026-02-14 23:00:00,49.4295,40.86483333333333,27.891666666666666,32.407407407407405,14.203703703703704,33.3,967.6433333333333,SITE 5,EXT
2026-02-15 00:00:00,43.99,37.44983333333333,26.192833333333333,31.962962962962965,15.222222222222223,36.56666666666667,967.12,SITE 5,EXT
2026-02-15 01:00:00,42.74883333333333,36.313833333333335,25.069166666666668,30.925925925925927,16.425925925925927,41.8,966.9946666666667,SITE 5,EXT
2026-02-15 02:00:00,39.583,34.392500000000005,24.066,29.98148148148148,17.12962962962963,46.03333333333333,967.1873333333333,SITE 5,EXT
2026-02-15 03:00:00,39.2165,34.565333333333335,24.330666666666666,29.518518518518523,17.185185185185183,47.733333333333334,967.3433333333334,SITE 5,EXT
2026-02-15 04:00:00,34.40533333333334,31.377666666666666,22.142,28.944444444444446,17.444444444444446,50.2,967.3716666666667,SITE 5,EXT
2026-02-15 05:00:00,37.013,33.16916666666667,23.485833333333336,28.87037037037037,17.666666666666668,50.96666666666667,967.537,SITE 5,EXT
2026-02-15 06:00:00,39.068666666666665,33.9645,23.6915,28.462962962962965,17.796296296296298,52.766666666666666,968.0693333333334,SITE 5,EXT
2026-02-15 07:00:00,39.13216666666666,34.0265,23.62316666666667,28.85185185185185,18.018518518518523,52.36666666666667,968.7643333333333,SITE 5,EXT
2026-02-15 08:00:00,56.891290322580645,50.744193548387095,34.557903225806456,31.0573476702509,18.67383512544803,48.0,969.3748387096774,SITE 5,EXT
2026-02-15 09:00:00,32.433928571428574,29.51107142857143,20.807142857142857,32.420634920634924,19.226190476190478,46.17857142857143,969.7225,SITE 5,EXT
2026-02-15 10:00:00,31.360833333333336,28.776,20.204,32.666666666666664,19.462962962962965,46.06666666666667,969.9186666666667,SITE 5,EXT
2026-02-15 11:00:00,32.85677419354838,29.899193548387096,21.075645161290325,34.69534050179212,19.587813620071685,41.41935483870968,969.4496774193548,SITE 5,EXT
2026-02-15 12:00:00,38.655166666666666,33.74916666666667,23.7755,36.851851851851855,19.27777777777778,35.96666666666667,968.4286666666667,SITE 5,EXT
2026-02-15 13:00:00,32.165,29.53983333333333,21.03216666666667,38.24074074074074,18.444444444444446,31.6,967.6146666666666,SITE 5,EXT
2026-02-15 14:00:00,31.0085,28.600166666666667,20.419833333333333,39.53703703703704,18.351851851851855,29.2,966.5493333333333,SITE 5,EXT
2026-02-15 15:00:00,38.0648275862069,32.16189655172414,21.693103448275863,37.79693486590038,17.375478927203066,30.413793103448278,966.106896551724,SITE 5,EXT
2026-02-15 16:00:00,33.4205,29.0305,19.927333333333333,27.925925925925927,18.666666666666668,58.06666666666667,967.849,SITE 5,EXT
2026-02-15 17:00:00,56.87016666666667,48.852666666666664,34.10133333333333,28.592592592592595,20.11111111111111,60.9,968.117,SITE 5,EXT
2026-02-15 18:00:00,23.926166666666667,21.8555,16.189833333333333,26.740740740740744,18.740740740740744,62.06666666666667,968.6953333333333,SITE 5,EXT
2026-02-15 19:00:00,27.9875,25.846666666666668,18.915833333333335,26.444444444444446,18.092592592592595,60.7,969.4266666666666,SITE 5,EXT
2026-02-15 20:00:00,23.801166666666667,22.544666666666668,16.5655,25.685185185185183,18.555555555555557,65.23333333333333,971.3676666666667,SITE 5,EXT
2026-02-15 21:00:00,29.5135,27.293166666666664,19.295666666666666,25.814814814814817,19.314814814814817,67.96666666666667,972.4699999999999,SITE 5,EXT
2026-02-15 22:00:00,29.802833333333336,27.599666666666668,19.284166666666668,26.425925925925927,19.88888888888889,68.16666666666667,973.5696666666666,SITE 5,EXT
2026-02-15 23:00:00,33.97666666666667,30.839,21.426833333333335,26.11111111111111,20.055555555555554,69.96666666666667,973.0173333333333,SITE 5,EXT
2026-02-16 00:00:00,36.361666666666665,32.34133333333333,22.311,26.462962962962965,20.185185185185183,69.13333333333334,971.3903333333333,SITE 5,EXT
2026-02-16 01:00:00,31.01833333333333,28.899,20.0885,26.074074074074076,19.944444444444446,69.6,969.5740000000001,SITE 5,EXT
2026-02-16 02:00:00,34.215333333333334,30.7955,21.294333333333334,27.092592592592595,19.703703703703702,64.73333333333333,968.8183333333333,SITE 5,EXT
2026-02-16 03:00:00,43.787,37.22416666666666,25.41783333333333,26.425925925925927,20.25925925925926,69.83333333333333,969.0486666666667,SITE 5,EXT
2026-02-16 04:00:00,40.876333333333335,35.338499999999996,24.40083333333333,26.38888888888889,19.185185185185183,65.1,969.3860000000001,SITE 5,EXT
2026-02-16 05:00:00,41.97966666666666,35.67816666666667,24.526166666666665,26.24074074074074,17.90740740740741,60.93333333333333,969.793,SITE 5,EXT
2026-02-16 06:00:00,49.82533333333333,40.352333333333334,26.82316666666667,26.14814814814815,16.425925925925927,55.56666666666667,970.7623333333333,SITE 5,EXT
2026-02-16 07:00:00,54.9645,42.875166666666665,27.4295,25.90740740740741,13.314814814814815,46.1,971.586,SITE 5,EXT
2026-02-16 08:00:00,56.616166666666665,41.04183333333334,22.841666666666665,27.555555555555557,8.870370370370372,31.166666666666668,972.3873333333333,SITE 5,EXT
2026-02-16 09:00:00,60.169999999999995,41.684,20.702166666666667,29.14814814814815,6.055555555555555,23.3,972.9026666666666,SITE 5,EXT
2026-02-16 10:00:00,54.967,38.973333333333336,19.625666666666667,31.40740740740741,7.111111111111112,21.8,972.8176666666666,SITE 5,EXT
2026-02-16 11:00:00,45.146166666666666,32.3985,15.923333333333334,34.42592592592593,6.740740740740741,17.833333333333332,972.02,SITE 5,EXT
2026-02-16 12:00:00,39.0595,28.49683333333333,14.433833333333332,36.94444444444445,5.12962962962963,13.966666666666667,970.8539999999999,SITE 5,EXT
2026-02-16 13:00:00,34.868833333333335,25.982833333333335,13.2965,38.333333333333336,4.407407407407407,12.066666666666666,969.6633333333334,SITE 5,EXT
2026-02-16 14:00:00,40.99316666666667,31.207833333333333,18.325,38.75925925925926,3.9074074074074074,11.5,968.759,SITE 5,EXT
2026-02-16 15:00:00,35.3155,26.31833333333333,13.466666666666667,38.592592592592595,3.7592592592592595,11.333333333333334,968.2253333333333,SITE 5,EXT
2026-02-16 16:00:00,48.99633333333334,36.181333333333335,20.1245,36.092592592592595,3.5,12.933333333333334,968.0883333333334,SITE 5,EXT
2026-02-16 17:00:00,51.940000000000005,37.928,21.069,35.42592592592593,3.8333333333333335,13.733333333333333,968.3023333333333,SITE 5,EXT
2026-02-16 18:00:00,59.53633333333333,43.978500000000004,25.790666666666667,34.87037037037037,4.962962962962963,15.4,968.8706666666666,SITE 5,EXT
2026-02-16 19:00:00,67.485,49.94316666666667,30.268166666666666,33.777777777777786,5.111111111111112,16.566666666666666,969.5453333333334,SITE 5,EXT
2026-02-16 20:00:00,67.4385,49.9815,30.30216666666667,33.333333333333336,5.037037037037037,16.966666666666665,970.5913333333334,SITE 5,EXT
2026-02-16 21:00:00,66.32433333333333,49.156666666666666,29.758,32.92592592592593,5.666666666666667,18.166666666666668,971.1419999999999,SITE 5,EXT
2026-02-16 22:00:00,58.98583333333333,43.087333333333326,24.562833333333334,31.962962962962965,4.092592592592593,17.133333333333333,971.1493333333333,SITE 5,EXT
2026-02-16 23:00:00,53.917741935483875,38.6341935483871,20.785,31.415770609318997,1.810035842293907,14.96774193548387,971.0464516129032,SITE 5,EXT
2026-02-17 00:00:00,54.4315,38.734500000000004,20.595000000000002,30.833333333333336,0.2592592592592593,14.0,970.5803333333333,SITE 5,EXT
2026-02-17 01:00:00,53.53283333333333,38.093333333333334,20.016666666666666,30.222222222222225,0.09259259259259259,14.0,970.112,SITE 5,EXT
2026-02-17 02:00:00,53.131499999999996,37.658500000000004,19.52316666666667,29.555555555555557,0.05555555555555556,14.6,969.6033333333332,SITE 5,EXT
2026-02-17 03:00:00,54.58416666666667,39.242666666666665,20.99116666666667,28.85185185185185,1.6111111111111112,17.133333333333333,969.38,SITE 5,EXT
2026-02-17 04:00:00,56.74166666666667,40.64033333333334,22.4845,27.740740740740744,1.777777777777778,18.566666666666666,969.7090000000001,SITE 5,EXT
2026-02-17 05:00:00,58.18933333333334,41.96366666666667,23.8165,26.851851851851855,-0.01851851851851852,17.133333333333333,970.0623333333333,SITE 5,EXT
2026-02-17 06:00:00,63.27033333333334,46.13366666666666,26.84333333333333,25.796296296296298,-1.1111111111111112,16.833333333333332,970.3343333333333,SITE 5,EXT
2026-02-17 07:00:00,67.6585,50.12233333333334,28.9395,25.740740740740744,-1.8333333333333333,15.933333333333334,970.778,SITE 5,EXT
2026-02-17 08:00:00,59.493,42.92866666666667,23.783166666666666,26.740740740740744,-1.9074074074074077,15.033333333333333,971.4626666666667,SITE 5,EXT
2026-02-17 09:00:00,54.47516666666666,38.533500000000004,20.1385,28.48148148148148,-2.3333333333333335,13.133333333333333,971.7863333333333,SITE 5,EXT
2026-02-17 10:00:00,49.683499999999995,35.259,17.293499999999998,32.05555555555556,-1.2407407407407407,11.5,971.6389999999999,SITE 5,EXT
2026-02-17 11:00:00,47.8295,33.861000000000004,16.096333333333334,34.53703703703704,-1.5185185185185186,9.7,970.8296666666666,SITE 5,EXT
2026-02-17 12:00:00,47.786833333333334,33.99966666666667,16.37183333333333,36.12962962962963,-1.425925925925926,9.0,969.6136666666666,SITE 5,EXT
2026-02-17 13:00:00,47.23416666666667,33.5895,16.174333333333333,37.2037037037037,-1.7222222222222223,8.166666666666666,968.501,SITE 5,EXT
2026-02-17 14:00:00,47.302,33.856,16.518666666666668,37.98148148148149,-2.037037037037037,7.566666666666666,967.5573333333334,SITE 5,EXT
2026-02-17 15:00:00,48.623333333333335,34.86266666666667,17.378666666666668,38.0,-2.0185185185185186,7.6,967.132,SITE 5,EXT
2026-02-17 16:00:00,50.347833333333334,36.49466666666667,19.118333333333332,37.648148148148145,-0.40740740740740744,8.766666666666667,966.8340000000001,SITE 5,EXT
2026-02-17 17:00:00,53.064482758620684,38.44034482758621,20.835172413793103,36.28352490421456,0.019157088122605373,9.96551724137931,967.0217241379311,SITE 5,EXT
2026-02-17 18:00:00,66.35916666666667,48.55783333333333,28.677500000000002,34.2962962962963,1.962962962962963,12.7,967.8376666666667,SITE 5,EXT
2026-02-17 19:00:00,95.28816666666667,79.31533333333333,48.43266666666667,33.50000000000001,3.9444444444444446,15.466666666666667,968.535,SITE 5,EXT
2026-02-17 20:00:00,120.7575,106.07933333333334,67.00816666666667,32.666666666666664,3.2592592592592595,15.4,969.0833333333334,SITE 5,EXT
2026-02-17 21:00:00,97.52733333333335,81.09733333333334,49.87433333333333,31.666666666666668,3.648148148148148,17.0,969.6136666666666,SITE 5,EXT
2026-02-17 22:00:00,64.37183333333333,47.47116666666667,28.3705,31.27777777777778,1.2222222222222223,14.5,969.6933333333333,SITE 5,EXT
2026-02-17 23:00:00,92.11216666666665,77.00416666666666,47.1165,30.11111111111111,3.6111111111111116,18.466666666666665,969.5033333333333,SITE 5,EXT
2026-02-18 00:00:00,107.63366666666667,91.8415,55.0385,29.53703703703704,4.444444444444445,20.233333333333334,969.185,SITE 5,EXT
2026-02-18 01:00:00,81.18,64.367,38.66833333333333,29.0,2.388888888888889,18.033333333333335,968.827,SITE 5,EXT
2026-02-18 02:00:00,65.257,47.853500000000004,28.535,28.53703703703704,0.7962962962962963,16.366666666666667,968.5293333333334,SITE 5,EXT
2026-02-18 03:00:00,60.52033333333333,43.9315,25.615833333333335,27.444444444444446,-1.1296296296296298,15.0,968.138,SITE 5,EXT
2026-02-18 04:00:00,63.640166666666666,46.38699999999999,27.49233333333333,26.666666666666668,-1.6111111111111112,15.333333333333334,968.0,SITE 5,EXT
2026-02-18 05:00:00,84.92516666666667,66.13166666666667,38.505833333333335,26.38888888888889,-1.074074074074074,16.266666666666666,968.4093333333333,SITE 5,EXT
2026-02-18 06:00:00,73.66583333333332,55.016333333333336,32.58416666666667,26.11111111111111,-0.46296296296296297,17.333333333333332,968.7693333333334,SITE 5,EXT
2026-02-18 07:00:00,83.74716666666667,65.50266666666667,37.35216666666667,26.185185185185183,0.4444444444444445,18.333333333333332,969.2086666666667,SITE 5,EXT
2026-02-18 08:00:00,88.53999999999999,69.36716666666666,38.60466666666667,28.166666666666668,0.40740740740740744,16.6,969.9053333333334,SITE 5,EXT
2026-02-18 09:00:00,72.99483333333333,51.98766666666667,29.235166666666665,30.75925925925926,1.7222222222222223,15.466666666666667,970.2246666666666,SITE 5,EXT
2026-02-18 10:00:00,68.507,47.992333333333335,25.913166666666665,33.53703703703704,0.9259259259259259,12.466666666666667,970.121,SITE 5,EXT
2026-02-18 11:00:00,65.80666666666667,45.64866666666667,23.63383333333333,35.777777777777786,-0.14814814814814817,10.066666666666666,969.378,SITE 5,EXT
2026-02-18 12:00:00,63.7615,43.767833333333336,21.995333333333335,37.94444444444445,-0.7037037037037037,8.466666666666667,968.3093333333333,SITE 5,EXT
2026-02-18 13:00:00,61.52483333333334,42.72833333333333,21.517333333333333,38.31481481481482,-2.5,7.3,967.2493333333333,SITE 5,EXT
2026-02-18 14:00:00,59.952666666666666,41.58633333333333,20.9325,38.92592592592593,-2.7037037037037037,6.933333333333334,966.388,SITE 5,EXT
2026-02-18 15:00:00,57.7065,40.085166666666666,20.251166666666666,39.2962962962963,-1.8333333333333333,7.133333333333334,965.809,SITE 5,EXT
2026-02-18 16:00:00,59.98566666666667,41.51116666666667,21.326166666666666,38.94444444444445,-0.7222222222222222,7.933333333333334,965.6626666666667,SITE 5,EXT
2026-02-18 17:00:00,60.75083333333334,43.01016666666667,23.197499999999998,37.14814814814815,-0.22222222222222224,9.166666666666666,966.0103333333334,SITE 5,EXT
2026-02-18 18:00:00,88.52199999999999,71.185,42.06633333333333,34.96296296296296,1.3333333333333333,11.833333333333334,966.522,SITE 5,EXT
2026-02-18 19:00:00,119.27416666666666,100.027,58.85783333333333,33.851851851851855,1.5555555555555558,12.8,966.9136666666667,SITE 5,EXT
2026-02-18 20:00:00,87.30116666666666,69.59716666666667,40.985,33.370370370370374,1.037037037037037,12.633333333333333,967.3993333333333,SITE 5,EXT
2026-02-18 21:00:00,99.41083333333333,81.12283333333333,47.285833333333336,32.592592592592595,1.6111111111111112,13.733333333333333,968.1446666666667,SITE 5,EXT
2026-02-18 22:00:00,103.43116666666667,83.15216666666667,46.699666666666666,32.0,0.4444444444444445,12.966666666666667,968.3919999999999,SITE 5,EXT
2026-02-18 23:00:00,110.01849999999999,92.338,52.393166666666666,31.203703703703706,-0.37037037037037035,12.966666666666667,968.4063333333332,SITE 5,EXT
2026-02-19 00:00:00,92.066,75.45716666666667,44.1905,30.333333333333332,0.3148148148148148,14.3,968.2123333333333,SITE 5,EXT
2026-02-19 01:00:00,89.389,72.903,42.90016666666667,29.53703703703704,2.6666666666666665,17.966666666666665,967.828,SITE 5,EXT
2026-02-19 02:00:00,90.22383333333333,73.48783333333333,43.5685,28.796296296296298,3.055555555555556,19.166666666666668,967.4150000000001,SITE 5,EXT
2026-02-19 03:00:00,74.22,55.5345,32.96033333333334,28.333333333333336,1.5,17.4,967.2153333333333,SITE 5,EXT
2026-02-19 04:00:00,70.52749999999999,51.99033333333333,31.362833333333334,28.055555555555557,1.277777777777778,17.566666666666666,967.2096666666667,SITE 5,EXT
2026-02-19 05:00:00,71.1975,53.41133333333333,32.494,27.851851851851855,0.05555555555555556,16.366666666666667,967.3486666666666,SITE 5,EXT
2026-02-19 06:00:00,78.95383333333332,62.526666666666664,38.967,26.944444444444446,-1.4074074074074074,15.033333333333333,967.8423333333334,SITE 5,EXT
2026-02-19 07:00:00,83.64883333333334,69.00266666666667,41.943333333333335,26.796296296296298,-0.888888888888889,16.066666666666666,968.4353333333333,SITE 5,EXT
2026-02-19 08:00:00,87.17,73.35016666666667,45.179833333333335,28.166666666666668,-0.46296296296296297,15.333333333333334,969.0946666666666,SITE 5,EXT
2026-02-19 09:00:00,57.56516666666666,43.50666666666667,26.921666666666667,31.444444444444446,0.6481481481481483,13.733333333333333,969.5436666666667,SITE 5,EXT
2026-02-19 10:00:00,38.719,30.465833333333332,18.4025,34.94444444444445,-1.1296296296296298,9.833333333333334,969.4246666666667,SITE 5,EXT
2026-02-19 11:00:00,38.168749999999996,29.76375,17.765,36.111111111111114,-1.527777777777778,8.75,969.145,SITE 5,EXT
2026-02-19 14:00:00,37.105384615384615,29.109615384615385,17.726153846153846,39.18803418803419,-3.931623931623932,6.153846153846154,965.7615384615384,SITE 5,EXT
2026-02-19 15:00:00,38.92766666666667,30.77466666666667,18.966,40.75925925925926,-3.185185185185185,5.9,965.205,SITE 5,EXT
2026-02-19 16:00:00,37.63366666666666,29.999333333333333,18.68933333333333,40.148148148148145,-2.8333333333333335,6.266666666666667,965.013,SITE 5,EXT
2026-02-19 17:00:00,43.64483333333333,34.47166666666667,22.067,38.46296296296296,-1.0555555555555556,7.9,965.3093333333333,SITE 5,EXT
2026-02-19 18:00:00,58.806000000000004,45.301833333333335,29.331166666666668,35.88888888888889,-0.07407407407407408,10.0,965.847,SITE 5,EXT
2026-02-19 19:00:00,97.52733333333335,83.89616666666667,52.90716666666666,34.833333333333336,0.6481481481481483,11.366666666666667,966.5300000000001,SITE 5,EXT
2026-02-19 20:00:00,78.35716666666667,65.85966666666667,43.439166666666665,34.2037037037037,-0.11111111111111112,10.966666666666667,967.4553333333333,SITE 5,EXT
2026-02-19 21:00:00,80.45316666666668,67.9905,44.924,32.92592592592593,-0.4444444444444445,11.566666666666666,968.1456666666667,SITE 5,EXT
2026-02-19 22:00:00,80.91883333333334,69.4755,45.418,31.90740740740741,-0.22222222222222224,12.566666666666666,968.5226666666666,SITE 5,EXT
2026-02-19 23:00:00,75.554,63.438833333333335,42.149833333333326,31.000000000000004,0.22222222222222224,13.666666666666666,968.649,SITE 5,EXT
2026-02-20 00:00:00,74.01433333333333,60.394999999999996,39.65533333333334,30.27777777777778,0.37037037037037035,14.233333333333333,968.3726666666666,SITE 5,EXT
2026-02-20 01:00:00,64.015,49.270833333333336,31.830499999999997,29.62962962962963,0.16666666666666666,14.7,967.941,SITE 5,EXT
2026-02-20 02:00:00,57.30333333333333,44.68516666666667,29.1395,29.037037037037035,-1.8703703703703705,13.033333333333333,967.6073333333334,SITE 5,EXT
2026-02-20 03:00:00,63.434,48.843666666666664,31.669,28.166666666666668,-1.0925925925925926,14.633333333333333,967.6483333333333,SITE 5,EXT
2026-02-20 04:00:00,72.85799999999999,60.31783333333333,39.74133333333334,27.333333333333336,1.0925925925925926,18.2,968.0523333333333,SITE 5,EXT
2026-02-20 05:00:00,71.90833333333333,59.09066666666667,39.8185,26.166666666666668,-0.4814814814814815,17.266666666666666,968.1016666666667,SITE 5,EXT
2026-02-20 06:00:00,71.172,57.51616666666666,38.30283333333333,26.074074074074073,-1.8148148148148147,15.8,968.5423333333333,SITE 5,EXT
2026-02-20 07:00:00,80.589,71.33116666666666,47.826,27.03703703703704,-1.0370370370370372,15.7,969.3516666666667,SITE 5,EXT
2026-02-20 08:00:00,78.1005,68.4795,46.07533333333333,29.53703703703704,-0.5740740740740741,13.966666666666667,970.0706666666666,SITE 5,EXT
2026-02-20 09:00:00,63.214166666666664,50.21083333333333,33.477333333333334,32.074074074074076,4.351851851851852,17.8,970.6263333333334,SITE 5,EXT
2026-02-20 10:00:00,55.925,43.35516666666667,28.0795,33.92592592592593,11.333333333333334,25.366666666666667,970.6,SITE 5,EXT
2026-02-20 11:00:00,53.499,41.85033333333333,26.5865,36.51851851851852,7.703703703703704,17.033333333333335,969.9986666666666,SITE 5,EXT
2026-02-20 12:00:00,54.339000000000006,42.720000000000006,27.058666666666667,38.2962962962963,5.62962962962963,13.366666666666667,969.0506666666666,SITE 5,EXT
2026-02-20 13:00:00,91.278,81.7655,49.816,40.351851851851855,-2.592592592592593,6.4,968.0903333333333,SITE 5,EXT
2026-02-20 14:00:00,90.85716666666667,80.42883333333333,47.03733333333333,40.90740740740741,-4.888888888888888,5.133333333333334,967.232,SITE 5,EXT
2026-02-20 15:00:00,47.139,37.937,24.8035,41.05555555555556,-4.462962962962963,5.066666666666666,966.5916666666667,SITE 5,EXT
2026-02-20 16:00:00,36.36965517241379,29.434137931034485,18.772068965517242,40.651340996168585,-4.42528735632184,5.344827586206897,966.2831034482758,SITE 5,EXT
2026-02-20 17:00:00,41.7225,33.53816666666667,21.266166666666667,39.18518518518519,-2.3703703703703707,6.966666666666667,966.2976666666667,SITE 5,EXT
2026-02-20 18:00:00,62.394,49.55,32.47233333333333,36.44444444444445,-1.5185185185185186,8.8,966.513,SITE 5,EXT
2026-02-20 19:00:00,85.74600000000001,74.43133333333334,50.907333333333334,35.0,-0.2777777777777778,10.433333333333334,967.1196666666667,SITE 5,EXT
2026-02-20 20:00:00,86.07806451612903,73.34435483870968,49.24596774193548,33.960573476702514,0.053763440860215055,11.419354838709678,968.12,SITE 5,EXT
2026-02-20 21:00:00,75.10466666666666,63.33416666666667,42.8155,32.574074074074076,1.0370370370370372,13.433333333333334,969.037,SITE 5,EXT
2026-02-20 22:00:00,84.92483333333332,74.52483333333333,49.973333333333336,31.64814814814815,-0.14814814814814817,12.766666666666667,969.3583333333333,SITE 5,EXT
2026-02-20 23:00:00,110.56516666666667,99.35966666666667,64.78916666666666,31.27777777777778,0.5,13.7,969.2956666666666,SITE 5,EXT
2026-02-21 00:00:00,70.45599999999999,57.251333333333335,37.208666666666666,30.740740740740744,-0.9259259259259259,12.7,969.1713333333333,SITE 5,EXT
2026-02-21 01:00:00,55.08183333333333,43.21033333333333,28.290833333333335,30.5,-2.240740740740741,11.8,968.711,SITE 5,EXT
2026-02-21 02:00:00,51.193103448275856,40.39862068965517,26.25689655172414,29.808429118773947,-3.352490421455939,11.03448275862069,968.1472413793103,SITE 5,EXT
2026-02-21 03:00:00,66.6465,55.67316666666667,36.38533333333333,28.62962962962963,-0.055555555555555476,15.733333333333333,968.3096666666667,SITE 5,EXT
2026-02-21 04:00:00,74.305,61.993833333333335,40.76416666666667,26.796296296296298,1.574074074074074,19.466666666666665,968.513,SITE 5,EXT
2026-02-21 05:00:00,69.39666666666668,55.37966666666667,36.616,27.77777777777778,1.0370370370370372,17.466666666666665,968.7576666666666,SITE 5,EXT
2026-02-21 06:00:00,80.14316666666667,67.08966666666667,43.64533333333333,27.055555555555557,3.037037037037037,21.233333333333334,969.5603333333333,SITE 5,EXT
2026-02-21 07:00:00,148.75166666666667,134.97966666666667,79.95716666666667,27.333333333333336,3.2037037037037037,21.066666666666666,970.217,SITE 5,EXT
2026-02-21 08:00:00,158.797,145.94,83.58883333333333,29.703703703703706,5.537037037037037,21.7,970.9390000000001,SITE 5,EXT
2026-02-21 09:00:00,65.47083333333333,52.299499999999995,34.62583333333334,32.2962962962963,11.74074074074074,28.7,971.4490000000001,SITE 5,EXT
2026-02-21 10:00:00,56.13383333333333,43.780499999999996,28.626833333333334,34.62962962962963,13.722222222222223,28.533333333333335,971.4616666666666,SITE 5,EXT
2026-02-21 11:00:00,55.4,44.01,28.059666666666665,37.24074074074074,11.018518518518517,20.6,970.795,SITE 5,EXT
2026-02-21 12:00:00,56.4215,45.621833333333335,28.9055,39.05555555555556,9.62962962962963,16.9,969.8693333333334,SITE 5,EXT
2026-02-21 13:00:00,50.23350000000001,40.00533333333333,25.614833333333333,39.88888888888889,8.722222222222223,15.4,968.9753333333333,SITE 5,EXT
2026-02-21 14:00:00,45.231,36.41433333333334,23.35616666666667,41.0,2.8333333333333335,9.3,967.9509999999999,SITE 5,EXT
2026-02-21 15:00:00,30.32766666666667,25.10666666666667,16.18916666666667,40.68518518518519,-2.962962962962963,6.166666666666667,967.2653333333333,SITE 5,EXT
2026-02-21 16:00:00,32.38583333333334,26.985,17.643166666666666,40.2037037037037,-3.055555555555556,6.133333333333334,967.0783333333333,SITE 5,EXT
2026-02-21 17:00:00,38.52166666666667,31.655666666666665,20.78033333333333,38.7962962962963,-1.3518518518518519,7.566666666666666,967.0826666666667,SITE 5,EXT
2026-02-21 18:00:00,65.981,54.89933333333333,36.94949999999999,36.351851851851855,-0.18518518518518517,9.733333333333333,967.368,SITE 5,EXT
2026-02-21 19:00:00,99.0898275862069,90.17862068965516,60.802241379310345,34.73180076628352,1.57088122605364,11.931034482758621,968.0406896551724,SITE 5,EXT
2026-02-21 20:00:00,82.0225,72.284,49.732,34.14814814814815,0.5185185185185185,11.6,968.7433333333333,SITE 5,EXT
2026-02-21 21:00:00,59.49066666666667,47.68066666666667,31.3465,33.611111111111114,-1.7037037037037037,10.0,969.3136666666667,SITE 5,EXT
2026-02-21 22:00:00,58.96033333333333,48.08983333333333,30.64033333333333,33.25925925925926,-2.8703703703703707,9.333333333333334,969.7106666666666,SITE 5,EXT
2026-02-21 23:00:00,42.73799999999999,34.63533333333333,23.171499999999998,32.092592592592595,-1.8333333333333333,11.0,969.7073333333334,SITE 5,EXT
2026-02-22 00:00:00,69.15033333333334,57.0385,36.66383333333333,31.055555555555557,0.12962962962962962,13.5,969.3539999999999,SITE 5,EXT
2026-02-22 01:00:00,89.61200000000001,79.66799999999999,49.61083333333333,29.925925925925927,1.0185185185185186,15.433333333333334,968.9423333333333,SITE 5,EXT
2026-02-22 02:00:00,98.73866666666666,89.53783333333334,55.05783333333333,28.88888888888889,0.05555555555555556,15.333333333333334,968.428,SITE 5,EXT
2026-02-22 03:00:00,66.75183333333334,54.7505,35.85333333333333,28.88888888888889,-1.5,13.5,968.1356666666667,SITE 5,EXT
2026-02-22 04:00:00,56.20333333333333,44.82333333333334,30.080666666666666,28.40740740740741,-2.4074074074074074,13.033333333333333,967.999,SITE 5,EXT
2026-02-22 05:00:00,58.724500000000006,46.774833333333326,31.66433333333333,27.574074074074076,-2.9814814814814814,13.033333333333333,968.284,SITE 5,EXT
2026-02-22 06:00:00,103.64033333333333,91.73933333333333,58.057833333333335,26.75925925925926,-2.814814814814815,13.933333333333334,968.978,SITE 5,EXT
2026-02-22 07:00:00,76.99066666666666,65.75983333333333,43.642833333333336,26.870370370370374,-2.185185185185185,14.633333333333333,969.7993333333333,SITE 5,EXT
2026-02-22 08:00:00,63.68866666666667,50.9925,34.358333333333334,29.40740740740741,-1.2962962962962965,13.4,970.5319999999999,SITE 5,EXT
2026-02-22 09:00:00,61.0475,49.315000000000005,33.42766666666667,32.2037037037037,-0.22222222222222224,12.233333333333333,970.813,SITE 5,EXT
2026-02-22 10:00:00,51.258,41.32566666666666,27.401833333333332,34.87037037037037,-0.2777777777777778,10.433333333333334,970.8236666666667,SITE 5,EXT
2026-02-22 11:00:00,46.91048387096774,38.05806451612903,25.014193548387095,37.795698924731184,-1.5232974910394266,8.0,969.9403225806452,SITE 5,EXT
2026-02-22 12:00:00,27.1495,23.073666666666668,15.405333333333335,40.22222222222222,-3.777777777777778,5.766666666666667,969.0016666666667,SITE 5,EXT
2026-02-22 13:00:00,24.217,20.4575,13.855166666666666,41.14814814814815,-5.0,5.0,967.8233333333334,SITE 5,EXT
2026-02-22 14:00:00,27.056166666666666,22.901333333333334,15.802166666666666,41.037037037037045,-4.962962962962963,5.133333333333334,966.9,SITE 5,EXT
2026-02-22 15:00:00,27.078333333333333,23.181333333333335,16.073333333333334,41.14814814814815,-4.740740740740741,5.1,966.2633333333334,SITE 5,EXT
2026-02-22 16:00:00,31.226499999999998,26.462333333333333,17.94066666666667,40.92592592592593,-4.018518518518518,5.5,966.0840000000001,SITE 5,EXT
2026-02-22 17:00:00,32.900333333333336,27.669333333333334,18.656499999999998,39.2962962962963,-3.2037037037037037,6.466666666666667,966.2136666666667,SITE 5,EXT
2026-02-22 18:00:00,60.909666666666666,48.36816666666667,32.96183333333333,36.96296296296296,-0.7962962962962963,8.866666666666667,966.5636666666667,SITE 5,EXT
2026-02-22 19:00:00,80.231,69.334,47.56466666666667,35.64814814814815,0.05555555555555556,10.3,967.0633333333334,SITE 5,EXT
2026-02-22 20:00:00,75.38449999999999,64.10383333333333,42.6825,34.92592592592593,-1.7592592592592593,9.3,967.7223333333333,SITE 5,EXT
2026-02-22 21:00:00,58.2415,45.89933333333333,30.843166666666665,33.833333333333336,-2.5925925925925926,9.0,968.4063333333332,SITE 5,EXT
2026-02-22 22:00:00,54.873666666666665,43.57266666666667,29.353166666666667,33.03703703703704,-2.537037037037037,9.833333333333334,968.547,SITE 5,EXT
2026-02-22 23:00:00,48.12066666666667,38.46516666666666,25.689500000000002,32.31481481481482,-2.240740740740741,10.566666666666666,968.429,SITE 5,EXT
2026-02-23 00:00:00,49.92133333333333,40.01883333333333,26.910666666666664,31.25925925925926,-1.8148148148148147,11.5,968.0496666666667,SITE 5,EXT
2026-02-23 01:00:00,45.422333333333334,37.0485,25.13533333333333,30.90740740740741,-1.5,12.133333333333333,967.368,SITE 5,EXT
2026-02-23 02:00:00,52.11133333333333,41.47983333333333,28.040666666666667,30.01851851851852,-0.537037037037037,13.633333333333333,966.8176666666666,SITE 5,EXT
2026-02-23 03:00:00,43.28633333333333,35.409,23.524166666666666,29.5,-0.8333333333333334,13.8,966.3756666666667,SITE 5,EXT
2026-02-23 04:00:00,53.94466666666666,43.179833333333335,28.804333333333332,28.77777777777778,-2.4814814814814814,12.766666666666667,966.2373333333333,SITE 5,EXT
2026-02-23 05:00:00,70.315,59.561166666666665,40.10133333333333,28.314814814814817,-2.074074074074074,13.533333333333333,966.48,SITE 5,EXT
2026-02-23 06:00:00,74.97133333333333,64.74016666666667,44.564,27.11111111111111,-1.462962962962963,15.133333333333333,967.0586666666666,SITE 5,EXT
2026-02-23 07:00:00,72.76216666666666,60.90116666666667,41.54933333333334,26.388888888888893,2.814814814814815,22.233333333333334,968.2189999999999,SITE 5,EXT
2026-02-23 08:00:00,68.68816666666666,55.466,38.5195,29.018518518518523,4.2592592592592595,20.7,968.75,SITE 5,EXT
2026-02-23 09:00:00,47.6385,39.07283333333333,26.863333333333333,32.53703703703704,0.2037037037037037,12.466666666666667,968.7513333333334,SITE 5,EXT
2026-02-23 10:00:00,41.23283333333333,34.594166666666666,23.853666666666665,34.68518518518519,0.2777777777777778,11.0,968.5360000000001,SITE 5,EXT
2026-02-23 11:00:00,32.75333333333334,28.57016666666667,20.023333333333333,38.24074074074074,-0.7777777777777779,8.366666666666667,967.7800000000001,SITE 5,EXT
2026-02-23 12:00:00,39.24366666666666,33.1505,22.738666666666667,40.7037037037037,-1.4074074074074074,6.8,966.807,SITE 5,EXT
2026-02-23 13:00:00,31.290833333333335,26.470166666666668,18.136166666666668,41.666666666666664,-3.037037037037037,5.8,965.6056666666666,SITE 5,EXT
2026-02-23 14:00:00,26.255666666666666,23.00766666666667,16.3615,41.7037037037037,-3.777777777777778,5.266666666666667,964.6796666666667,SITE 5,EXT
2026-02-23 15:00:00,26.1315,23.000999999999998,16.378666666666668,41.44444444444445,-3.648148148148148,5.433333333333334,964.028,SITE 5,EXT
2026-02-23 16:00:00,26.732000000000003,23.512,16.832833333333333,41.31481481481482,-3.277777777777778,5.8,963.9693333333333,SITE 5,EXT
2026-02-23 17:00:00,29.49433333333333,25.62183333333333,18.194333333333336,39.907407407407405,-1.3518518518518519,7.166666666666667,964.036,SITE 5,EXT
2026-02-23 18:00:00,45.91416666666667,37.998000000000005,26.213833333333334,37.25925925925926,-0.7222222222222222,8.8,964.5516666666666,SITE 5,EXT
2026-02-23 19:00:00,89.54596774193548,81.46419354838709,56.641935483870974,35.50179211469534,1.0752688172043012,11.225806451612904,965.1596774193548,SITE 5,EXT
2026-02-23 20:00:00,84.17716666666666,75.713,52.0105,34.648148148148145,-0.2592592592592593,10.466666666666667,965.712,SITE 5,EXT
2026-02-23 21:00:00,74.11883333333334,62.26433333333333,41.642,33.92592592592593,-1.6481481481481484,10.0,966.187,SITE 5,EXT
2026-02-23 22:00:00,55.44666666666667,44.144999999999996,29.750999999999998,33.148148148148145,-1.6851851851851853,10.3,966.5143333333333,SITE 5,EXT
2026-02-23 23:00:00,50.16683333333333,40.51083333333334,27.172,32.333333333333336,-1.6111111111111112,11.0,966.506,SITE 5,EXT
2026-02-24 00:00:00,37.225,31.578333333333333,21.781833333333335,31.77777777777778,-2.2037037037037037,11.1,966.179,SITE 5,EXT
2026-02-24 01:00:00,57.913,46.46816666666667,31.327833333333334,30.48148148148148,1.0555555555555556,14.966666666666667,965.7386666666666,SITE 5,EXT
2026-02-24 02:00:00,69.316,56.08083333333333,38.09283333333334,29.203703703703706,2.240740740740741,17.633333333333333,965.3373333333333,SITE 5,EXT
2026-02-24 03:00:00,60.9325,49.17966666666667,34.5015,29.14814814814815,1.0555555555555556,16.266666666666666,964.9856666666667,SITE 5,EXT
2026-02-24 04:00:00,63.82155172413793,50.9848275862069,35.5253448275862,28.256704980842912,2.0689655172413794,18.344827586206897,964.7689655172413,SITE 5,EXT
2026-02-24 05:00:00,63.849000000000004,50.81883333333334,34.88016666666667,27.5,0.14814814814814817,16.633333333333333,965.1919999999999,SITE 5,EXT
2026-02-24 06:00:00,74.77566666666667,64.0515,43.37383333333333,27.16666666666667,-0.018518518518518542,16.833333333333332,966.0873333333333,SITE 5,EXT
2026-02-24 07:00:00,82.143,74.16149999999999,50.624833333333335,25.833333333333332,5.37037037037037,27.033333333333335,967.2233333333334,SITE 5,EXT
2026-02-24 08:00:00,69.91166666666666,60.14233333333333,41.080000000000005,29.074074074074076,2.425925925925926,18.2,967.5233333333333,SITE 5,EXT
2026-02-24 09:00:00,56.530499999999996,45.37116666666667,31.025,32.62962962962963,0.22222222222222224,12.433333333333334,967.522,SITE 5,EXT
2026-02-24 10:00:00,53.81316666666667,43.54233333333333,29.8445,35.37037037037037,1.425925925925926,11.566666666666666,967.4443333333334,SITE 5,EXT
2026-02-24 11:00:00,39.552,33.27366666666667,22.997333333333334,38.611111111111114,2.1666666666666665,10.133333333333333,966.61,SITE 5,EXT
2026-02-24 12:00:00,41.131166666666665,34.366166666666665,23.72416666666667,40.0,5.833333333333333,12.233333333333333,965.6236666666666,SITE 5,EXT
2026-02-24 13:00:00,30.94333333333333,26.253833333333333,18.255333333333333,40.666666666666664,5.37037037037037,11.433333333333334,964.379,SITE 5,EXT
2026-02-24 14:00:00,29.5375,25.45583333333333,17.688166666666667,41.370370370370374,4.222222222222222,10.066666666666666,963.5906666666667,SITE 5,EXT
2026-02-24 15:00:00,30.223064516129032,26.15790322580645,18.166129032258063,41.344086021505376,4.032258064516129,10.03225806451613,962.9725806451613,SITE 5,EXT
2026-02-24 16:00:00,37.151833333333336,31.41166666666667,21.96333333333333,40.12962962962963,4.62962962962963,11.2,963.0273333333333,SITE 5,EXT
2026-02-24 17:00:00,40.88633333333333,34.003,23.14333333333333,39.18518518518519,4.407407407407407,11.7,963.2803333333334,SITE 5,EXT
2026-02-24 18:00:00,53.87,43.09216666666667,29.265,37.333333333333336,5.37037037037037,13.8,963.865,SITE 5,EXT
2026-02-24 19:00:00,78.35516666666668,68.1925,46.35516666666667,36.0,5.87037037037037,15.366666666666667,964.7993333333333,SITE 5,EXT
2026-02-24 20:00:00,68.23133333333334,54.299,36.48533333333333,35.148148148148145,5.37037037037037,15.4,965.6366666666667,SITE 5,EXT
2026-02-24 21:00:00,72.21233333333333,59.42466666666667,39.843333333333334,34.2037037037037,5.481481481481482,16.8,966.2693333333334,SITE 5,EXT
2026-02-24 22:00:00,68.32,53.8945,36.11266666666667,33.55555555555556,5.740740740740741,17.5,966.563,SITE 5,EXT
2026-02-24 23:00:00,63.843333333333334,50.8195,34.44183333333333,32.42592592592593,5.277777777777778,18.1,966.4633333333334,SITE 5,EXT
2026-02-25 00:00:00,73.29532258064515,60.85387096774193,40.13967741935484,31.666666666666668,5.985663082437276,20.0,966.2216129032257,SITE 5,EXT
2026-02-25 01:00:00,59.59983333333333,47.435500000000005,32.25633333333334,30.740740740740744,3.685185185185185,17.766666666666666,965.6613333333333,SITE 5,EXT
2026-02-25 02:00:00,51.5075,41.68966666666667,28.335666666666665,30.314814814814817,1.4814814814814814,15.566666666666666,965.288,SITE 5,EXT
2026-02-25 03:00:00,52.21183333333333,41.5205,27.739833333333333,30.074074074074076,1.2592592592592593,15.566666666666666,965.3593333333333,SITE 5,EXT
2026-02-25 04:00:00,55.81616666666667,44.32383333333333,29.749166666666667,28.833333333333332,0.38888888888888895,15.766666666666667,965.5113333333334,SITE 5,EXT
2026-02-25 05:00:00,65.0295,51.29833333333333,35.06633333333333,28.25925925925926,5.277777777777778,23.266666666666666,966.2713333333334,SITE 5,EXT
2026-02-25 06:00:00,59.93216666666667,47.71133333333333,32.39083333333333,27.77777777777778,6.240740740740741,25.566666666666666,966.8663333333334,SITE 5,EXT
2026-02-25 07:00:00,63.005833333333335,50.19833333333334,34.4855,28.37037037037037,7.666666666666667,27.3,967.5023333333334,SITE 5,EXT
2026-02-25 08:00:00,64.08883333333333,50.667,34.6435,30.240740740740744,12.833333333333334,34.7,968.073,SITE 5,EXT
2026-02-25 09:00:00,50.36032258064516,40.5,27.480645161290322,32.27598566308244,17.275985663082437,41.193548387096776,968.5054838709677,SITE 5,EXT
2026-02-25 10:00:00,44.797333333333334,36.582,24.73616666666667,34.48148148148149,17.61111111111111,37.06666666666667,968.606,SITE 5,EXT
2026-02-25 11:00:00,38.724833333333336,31.74116666666667,21.1585,36.62962962962963,14.425925925925926,26.9,967.872,SITE 5,EXT
2026-02-25 12:00:00,36.209500000000006,29.821166666666667,20.054666666666666,38.25925925925926,13.944444444444446,23.633333333333333,966.8006666666666,SITE 5,EXT
2026-02-25 13:00:00,35.593666666666664,29.209666666666667,19.287166666666668,38.5,11.814814814814815,20.1,965.9046666666667,SITE 5,EXT
2026-02-25 14:00:00,36.122166666666665,29.550333333333334,19.616333333333333,39.592592592592595,10.5,17.5,965.0903333333333,SITE 5,EXT
2026-02-25 15:00:00,34.80133333333333,28.707666666666668,19.167166666666667,39.75925925925926,10.037037037037036,16.733333333333334,964.388,SITE 5,EXT
2026-02-25 16:00:00,34.917500000000004,28.932666666666666,19.483166666666666,39.42592592592593,8.222222222222223,15.033333333333333,964.2703333333334,SITE 5,EXT
2026-02-25 17:00:00,44.14433333333333,35.7,23.365333333333336,38.2037037037037,7.037037037037037,14.966666666666667,964.6263333333334,SITE 5,EXT
2026-02-25 18:00:00,61.32435483870968,49.66951612903226,32.92209677419355,36.738351254480285,7.275985663082438,16.225806451612904,965.3603225806451,SITE 5,EXT
2026-02-25 19:00:00,91.75483333333334,82.70283333333333,55.01116666666667,35.333333333333336,7.666666666666668,18.133333333333333,966.31,SITE 5,EXT
2026-02-25 20:00:00,86.40083333333334,77.2175,51.67066666666667,34.407407407407405,7.333333333333333,18.666666666666668,967.2053333333333,SITE 5,EXT
2026-02-25 21:00:00,96.10433333333334,86.07916666666667,57.50333333333334,32.81481481481482,7.500000000000001,20.833333333333332,967.8523333333334,SITE 5,EXT
2026-02-25 22:00:00,57.794666666666664,45.657333333333334,30.624666666666666,32.2037037037037,5.407407407407407,18.5,967.7263333333334,SITE 5,EXT
2026-02-25 23:00:00,53.090333333333334,41.98166666666667,27.853666666666665,31.85185185185185,3.9074074074074074,16.966666666666665,967.399,SITE 5,EXT
2026-02-26 00:00:00,51.824,41.045833333333334,27.282500000000002,31.25925925925926,2.6666666666666665,16.3,966.9646666666666,SITE 5,EXT
2026-02-26 01:00:00,47.15683333333333,37.720666666666666,24.894333333333336,30.666666666666668,1.3148148148148147,15.133333333333333,966.395,SITE 5,EXT
2026-02-26 02:00:00,42.275,34.51766666666666,22.78033333333333,30.333333333333332,1.1296296296296298,15.0,965.8913333333334,SITE 5,EXT
2026-02-26 03:00:00,42.275000000000006,34.465161290322584,22.67758064516129,30.017921146953405,1.863799283154122,16.387096774193548,965.9283870967741,SITE 5,EXT
2026-02-26 04:00:00,52.0205,41.353833333333334,27.423333333333336,28.64814814814815,3.092592592592593,19.3,966.276,SITE 5,EXT
2026-02-26 05:00:00,69.61183333333334,57.77916666666667,36.812333333333335,27.962962962962965,7.259259259259259,27.466666666666665,966.962,SITE 5,EXT
2026-02-26 06:00:00,61.396499999999996,48.193333333333335,31.705666666666666,27.77777777777778,11.370370370370372,36.266666666666666,967.5563333333333,SITE 5,EXT
2026-02-26 07:00:00,56.812,44.55266666666667,29.695,28.388888888888893,13.074074074074074,38.96666666666667,968.2963333333333,SITE 5,EXT
2026-02-26 08:00:00,56.09466666666666,44.493,29.83566666666667,29.166666666666668,15.907407407407408,44.833333333333336,969.1360000000001,SITE 5,EXT
2026-02-26 09:00:00,51.513333333333335,41.348,27.770666666666667,31.055555555555557,17.0,43.1,969.8433333333334,SITE 5,EXT
2026-02-26 10:00:00,45.00266666666666,37.01583333333333,25.087333333333333,33.648148148148145,18.703703703703706,41.63333333333333,969.8343333333333,SITE 5,EXT
2026-02-26 11:00:00,44.824333333333335,36.2915,24.1095,36.14814814814815,16.88888888888889,32.43333333333333,968.9789999999999,SITE 5,EXT
2026-02-26 12:00:00,44.73903225806452,35.83725806451613,23.480806451612903,37.74193548387097,15.0,26.096774193548388,967.7603225806452,SITE 5,EXT
2026-02-26 13:00:00,42.59616666666667,34.167833333333334,22.2355,38.75925925925926,14.370370370370372,23.766666666666666,967.0046666666666,SITE 5,EXT
2026-02-26 14:00:00,39.831,31.237166666666667,19.349333333333334,39.74074074074074,10.333333333333334,17.066666666666666,966.2009999999999,SITE 5,EXT
2026-02-26 15:00:00,40.597833333333334,31.884999999999998,19.653666666666666,39.57407407407407,10.222222222222223,17.166666666666668,965.403,SITE 5,EXT
2026-02-26 16:00:00,44.155833333333334,34.50183333333334,21.443500000000004,39.46296296296296,8.74074074074074,15.6,965.3143333333334,SITE 5,EXT
2026-02-26 17:00:00,47.156666666666666,36.40983333333334,22.7415,37.666666666666664,9.0,17.566666666666666,965.27,SITE 5,EXT
2026-02-26 18:00:00,54.3,41.56366666666667,26.438166666666667,36.48148148148149,9.185185185185185,18.966666666666665,966.2353333333334,SITE 5,EXT
2026-02-26 19:00:00,76.37916666666666,62.536833333333334,40.7425,35.7037037037037,9.037037037037038,19.566666666666666,967.2653333333333,SITE 5,EXT
2026-02-26 20:00:00,89.3465,77.30333333333333,50.16166666666666,35.05555555555556,9.75925925925926,21.333333333333332,968.1393333333333,SITE 5,EXT
2026-02-26 21:00:00,120.507,109.00883333333333,73.31133333333334,34.00000000000001,10.666666666666666,24.0,968.6183333333333,SITE 5,EXT
2026-02-26 22:00:00,117.34133333333334,105.04683333333334,68.27116666666666,33.38888888888889,10.11111111111111,23.866666666666667,968.9106666666667,SITE 5,EXT
2026-02-26 23:00:00,136.22383333333335,122.28166666666667,79.5325,32.87037037037037,10.462962962962962,25.233333333333334,968.6669999999999,SITE 5,EXT
2026-02-27 00:00:00,161.05066666666667,145.88483333333335,89.1715,32.25925925925926,9.925925925925926,25.433333333333334,968.047,SITE 5,EXT
2026-02-27 01:00:00,67.71166666666667,54.839000000000006,35.12283333333333,31.555555555555557,11.574074074074074,30.266666666666666,967.5423333333333,SITE 5,EXT
2026-02-27 02:00:00,53.894999999999996,42.0195,27.34283333333333,30.01851851851852,16.27777777777778,43.766666666666666,967.4423333333333,SITE 5,EXT
2026-02-27 03:00:00,52.346935483870965,41.206935483870964,26.99435483870968,29.444444444444446,17.186379928315414,48.16129032258065,967.6464516129032,SITE 5,EXT
2026-02-27 04:00:00,48.82633333333333,38.84316666666667,25.554166666666667,28.85185185185185,18.055555555555557,52.4,967.5996666666667,SITE 5,EXT
2026-02-27 05:00:00,46.963499999999996,37.73383333333334,24.9165,28.518518518518523,18.333333333333336,54.53333333333333,967.8389999999999,SITE 5,EXT
2026-02-27 06:00:00,51.318,41.020833333333336,27.5415,28.296296296296298,18.48148148148148,55.96666666666667,968.3506666666667,SITE 5,EXT
2026-02-27 07:00:00,53.83316666666666,42.658,28.601166666666664,28.314814814814817,18.814814814814817,56.4,968.903,SITE 5,EXT
2026-02-27 08:00:00,50.80766666666667,41.01283333333333,27.780666666666665,29.685185185185183,19.40740740740741,54.333333333333336,969.5533333333333,SITE 5,EXT
2026-02-27 09:00:00,45.20483333333333,36.80216666666667,24.656833333333335,31.944444444444446,19.574074074074076,48.53333333333333,969.5606666666666,SITE 5,EXT
2026-02-27 10:00:00,40.656666666666666,33.265,22.055666666666664,33.96296296296296,19.555555555555557,42.96666666666667,969.258,SITE 5,EXT
2026-02-27 11:00:00,43.415333333333336,34.963,22.83566666666667,35.88888888888889,18.944444444444446,37.166666666666664,968.7096666666667,SITE 5,EXT
2026-02-27 12:00:00,43.382,34.961,22.947166666666664,37.166666666666664,18.185185185185187,32.96666666666667,967.7966666666667,SITE 5,EXT
2026-02-27 13:00:00,43.42183333333333,34.785,22.448,38.0,17.333333333333332,29.9,966.7536666666667,SITE 5,EXT
2026-02-27 14:00:00,43.649833333333326,34.88033333333333,22.497166666666665,37.111111111111114,17.037037037037035,30.833333333333332,965.9506666666667,SITE 5,EXT
2026-02-27 15:00:00,44.004333333333335,34.9895,22.651999999999997,36.25925925925926,16.814814814814817,31.8,965.1623333333333,SITE 5,EXT
2026-02-27 16:00:00,47.091,37.16816666666667,24.093166666666665,35.55555555555556,16.22222222222222,31.8,964.9603333333333,SITE 5,EXT
2026-02-27 17:00:00,53.78693548387097,41.87241935483871,27.654677419354837,35.51971326164875,16.559139784946236,32.645161290322584,965.176129032258,SITE 5,EXT
2026-02-27 18:00:00,57.225166666666674,44.55166666666666,29.412,35.18518518518519,16.98148148148148,34.0,965.6826666666667,SITE 5,EXT
2026-02-27 19:00:00,62.82116666666666,49.27583333333334,32.948,34.648148148148145,17.51851851851852,36.46666666666667,966.7653333333333,SITE 5,EXT
2026-02-27 20:00:00,53.911833333333334,42.37116666666667,28.175666666666665,33.592592592592595,17.425925925925927,38.4,967.9853333333334,SITE 5,EXT
2026-02-27 21:00:00,54.675666666666665,42.78066666666667,28.273333333333333,33.31481481481482,17.203703703703702,38.333333333333336,968.3646666666666,SITE 5,EXT
2026-02-27 22:00:00,53.532000000000004,42.03966666666667,27.76833333333333,33.31481481481482,17.259259259259256,38.93333333333333,968.3103333333333,SITE 5,EXT
2026-02-27 23:00:00,50.66416666666667,39.78633333333333,26.108166666666666,33.0,17.48148148148148,39.833333333333336,968.0843333333333,SITE 5,EXT
2026-02-28 00:00:00,49.55216666666667,39.028,25.5695,32.25925925925926,17.685185185185183,41.9,967.9490000000001,SITE 5,EXT
2026-02-28 01:00:00,46.49883333333333,36.94266666666667,24.073333333333334,31.61111111111111,17.833333333333332,44.03333333333333,967.7063333333333,SITE 5,EXT
2026-02-28 02:00:00,43.531612903225806,35.100967741935484,22.87532258064516,31.433691756272403,17.99283154121864,44.87096774193548,967.343870967742,SITE 5,EXT
2026-02-28 03:00:00,44.477999999999994,35.83733333333334,23.467,30.722222222222225,18.0,46.96666666666667,967.0463333333333,SITE 5,EXT
2026-02-28 04:00:00,44.38666666666666,35.76199999999999,23.584333333333333,29.944444444444446,18.40740740740741,50.3,967.0313333333332,SITE 5,EXT
2026-02-28 05:00:00,41.680166666666665,34.26583333333333,22.616333333333333,29.425925925925927,18.944444444444446,54.06666666666667,967.7336666666666,SITE 5,EXT
2026-02-28 06:00:00,37.52183333333333,31.419666666666668,21.014666666666667,28.88888888888889,18.333333333333336,53.8,968.3196666666666,SITE 5,EXT
2026-02-28 07:00:00,39.2225,32.99016666666667,22.301499999999997,28.666666666666668,18.48148148148148,54.733333333333334,968.9526666666667,SITE 5,EXT
2026-02-28 08:00:00,59.72183333333333,51.444833333333335,32.81016666666667,29.01851851851852,18.48148148148148,53.5,969.2766666666666,SITE 5,EXT
2026-02-28 09:00:00,36.992333333333335,31.36116666666667,21.670833333333334,29.703703703703706,18.370370370370374,50.733333333333334,969.6233333333333,SITE 5,EXT
2026-02-28 10:00:00,41.669666666666664,34.94166666666667,23.84733333333333,31.555555555555557,18.87037037037037,47.333333333333336,969.6116666666666,SITE 5,EXT
2026-02-28 11:00:00,46.27258064516129,38.24822580645161,25.966451612903228,33.70967741935484,19.050179211469533,42.38709677419355,968.8503225806452,SITE 5,EXT
2026-02-28 12:00:00,44.707166666666666,36.657666666666664,24.943666666666665,35.24074074074074,18.62962962962963,37.833333333333336,967.7133333333334,SITE 5,EXT
2026-02-28 13:00:00,47.3525,38.579166666666666,26.255333333333333,36.166666666666664,18.296296296296298,35.06666666666667,966.4636666666667,SITE 5,EXT
2026-02-28 14:00:00,41.368500000000004,34.0315,22.922666666666665,38.092592592592595,18.092592592592595,31.266666666666666,965.1466666666668,SITE 5,EXT
2026-02-28 15:00:00,45.051833333333335,36.34066666666667,24.095833333333335,38.2037037037037,17.296296296296298,29.5,964.3363333333333,SITE 5,EXT
2026-02-28 16:00:00,45.3375,36.50683333333333,24.086333333333336,37.31481481481482,17.01851851851852,30.4,964.0913333333334,SITE 5,EXT
2026-02-28 17:00:00,51.019999999999996,40.3205,26.99416666666667,35.64814814814815,17.203703703703702,33.766666666666666,964.553,SITE 5,EXT
2026-02-28 18:00:00,59.2025,46.3185,30.809166666666666,32.55555555555556,17.796296296296298,41.7,965.3226666666667,SITE 5,EXT
2026-02-28 19:00:00,66.40050000000001,53.516666666666666,36.281333333333336,33.05555555555556,17.666666666666668,40.0,965.643,SITE 5,EXT
2026-02-28 20:00:00,71.01683333333334,58.91433333333334,39.81133333333333,32.87037037037037,17.814814814814817,40.93333333333333,966.2583333333333,SITE 5,EXT
2026-02-28 21:00:00,56.598499999999994,44.57266666666667,29.616333333333333,31.722222222222225,17.64814814814815,43.2,967.003,SITE 5,EXT
2026-02-28 22:00:00,58.744516129032256,46.16919354838709,30.34983870967742,32.06093189964158,17.043010752688172,40.96774193548387,967.3596774193549,SITE 5,EXT
2026-02-28 23:00:00,54.80433333333334,42.986999999999995,28.328666666666667,32.22222222222222,16.75925925925926,39.766666666666666,967.304,SITE 5,EXT
2026-03-01 00:00:00,51.84683333333333,41.034666666666666,26.904666666666667,30.98148148148148,16.944444444444446,43.3,966.9076666666666,SITE 5,EXT
2026-03-01 01:00:00,51.66,41.08983333333333,26.979666666666667,28.833333333333332,17.703703703703702,51.5,966.3676666666667,SITE 5,EXT
2026-03-01 02:00:00,54.62083333333333,43.2005,28.699833333333334,26.870370370370374,18.370370370370374,60.46666666666667,965.8673333333334,SITE 5,EXT
2026-03-01 03:00:00,52.217166666666664,41.49283333333334,27.302500000000002,26.574074074074076,18.018518518518523,59.766666666666666,965.6716666666667,SITE 5,EXT
2026-03-01 04:00:00,48.451,38.86383333333333,25.686666666666667,26.35185185185185,17.314814814814817,58.03333333333333,965.7016666666666,SITE 5,EXT
2026-03-01 05:00:00,52.07933333333334,40.475833333333334,25.601166666666664,26.888888888888893,16.796296296296298,54.43333333333333,966.2926666666666,SITE 5,EXT
2026-03-01 06:00:00,60.050666666666665,49.978500000000004,32.324,26.537037037037035,15.722222222222223,52.06666666666667,967.0323333333333,SITE 5,EXT
2026-03-01 07:00:00,64.62741935483871,52.87612903225807,36.70870967741936,27.09677419354839,13.512544802867385,43.516129032258064,967.4706451612903,SITE 5,EXT
2026-03-01 08:00:00,75.8515,65.47283333333333,42.28333333333333,28.53703703703704,12.703703703703704,37.833333333333336,968.0083333333333,SITE 5,EXT
2026-03-01 09:00:00,53.8895,43.247,28.308833333333332,30.40740740740741,11.74074074074074,31.8,968.3133333333334,SITE 5,EXT
2026-03-01 10:00:00,46.39816666666666,38.25816666666666,25.175666666666665,32.38888888888889,11.481481481481483,27.966666666666665,968.5856666666666,SITE 5,EXT
2026-03-01 11:00:00,48.24616666666667,39.559,27.009333333333334,34.24074074074074,10.722222222222223,23.866666666666667,968.1446666666667,SITE 5,EXT
2026-03-01 12:00:00,41.785,34.42633333333333,23.075,36.666666666666664,10.333333333333334,20.266666666666666,967.1273333333334,SITE 5,EXT
2026-03-01 13:00:00,47.03033333333334,38.6845,26.079166666666666,38.72222222222222,11.462962962962964,19.4,965.7479999999999,SITE 5,EXT
2026-03-01 14:00:00,45.024833333333326,36.766333333333336,24.8685,39.14814814814815,12.648148148148149,20.633333333333333,964.3889999999999,SITE 5,EXT
2026-03-01 15:00:00,45.051500000000004,36.61366666666667,24.651,39.166666666666664,13.0,21.1,963.5006666666667,SITE 5,EXT
2026-03-01 16:00:00,46.37583333333334,37.57816666666667,25.3265,38.51851851851852,12.703703703703704,21.5,963.2556666666666,SITE 5,EXT
2026-03-01 17:00:00,49.5858064516129,39.66854838709677,26.566290322580645,37.32974910394266,12.759856630824375,22.967741935483872,963.5187096774195,SITE 5,EXT
2026-03-01 18:00:00,54.24166666666667,42.60566666666667,28.342499999999998,36.20370370370371,12.796296296296298,24.733333333333334,964.3506666666667,SITE 5,EXT
2026-03-01 19:00:00,56.63983333333333,45.093666666666664,30.431499999999996,35.148148148148145,13.092592592592592,26.566666666666666,965.5026666666666,SITE 5,EXT
2026-03-01 20:00:00,56.467666666666666,44.94433333333333,30.564333333333334,33.94444444444444,13.314814814814815,28.866666666666667,966.3456666666666,SITE 5,EXT
2026-03-01 21:00:00,49.50633333333334,39.87483333333333,26.980833333333333,31.796296296296298,14.185185185185185,34.4,967.622,SITE 5,EXT
2026-03-01 22:00:00,45.889,37.19533333333333,24.749666666666666,30.37037037037037,17.222222222222225,45.9,968.3860000000001,SITE 5,EXT
2026-03-01 23:00:00,41.440666666666665,34.440000000000005,23.04733333333333,29.185185185185183,18.203703703703706,51.8,968.6746666666667,SITE 5,EXT
2026-03-02 00:00:00,36.26683333333333,30.927833333333336,20.834999999999997,28.98148148148148,17.51851851851852,50.36666666666667,967.7966666666667,SITE 5,EXT
2026-03-02 01:00:00,32.5145,28.360166666666668,19.243,29.444444444444446,16.944444444444443,47.266666666666666,967.4293333333334,SITE 5,EXT
2026-03-02 02:00:00,33.614333333333335,29.076166666666666,19.715500000000002,28.666666666666668,17.074074074074076,50.0,967.6546666666667,SITE 5,EXT
2026-03-02 03:00:00,41.27854838709678,34.53758064516129,23.133387096774193,27.939068100358426,18.351254480286737,56.54838709677419,967.6470967741936,SITE 5,EXT
2026-03-02 04:00:00,40.0855,33.6375,22.560166666666664,27.333333333333332,18.740740740740744,60.0,967.4806666666666,SITE 5,EXT
2026-03-02 05:00:00,24.532500000000002,22.112333333333332,15.785333333333334,26.666666666666668,18.333333333333336,61.06666666666667,967.7596666666667,SITE 5,EXT
2026-03-02 06:00:00,21.665666666666667,19.658833333333334,14.857166666666666,26.666666666666668,18.31481481481482,60.266666666666666,968.3580000000001,SITE 5,EXT
2026-03-02 07:00:00,21.8945,19.8445,14.910666666666666,27.351851851851855,18.444444444444446,58.4,968.8323333333334,SITE 5,EXT
2026-03-02 08:00:00,26.383,23.186,16.848,28.0,18.25925925925926,55.86666666666667,969.1513333333334,SITE 5,EXT
2026-03-02 09:00:00,42.94766666666667,37.7545,26.898500000000002,27.796296296296298,17.962962962962965,55.56666666666667,969.2099999999999,SITE 5,EXT
2026-03-02 10:00:00,53.339000000000006,45.06016666666667,27.816,29.77777777777778,17.444444444444446,47.86666666666667,969.1323333333333,SITE 5,EXT
2026-03-02 11:00:00,58.725166666666674,49.755833333333335,34.3935,30.666666666666668,17.074074074074073,44.333333333333336,968.7913333333333,SITE 5,EXT
2026-03-02 12:00:00,73.46032258064515,65.12112903225807,44.82048387096774,31.559139784946236,13.440860215053764,33.645161290322584,968.1064516129032,SITE 5,EXT
2026-03-02 13:00:00,39.660999999999994,33.118,22.7505,32.388888888888886,10.981481481481483,27.066666666666666,967.5396666666667,SITE 5,EXT
2026-03-02 14:00:00,43.23566666666667,35.64816666666666,24.19816666666667,32.62962962962963,11.074074074074074,26.9,966.9976666666666,SITE 5,EXT
2026-03-02 15:00:00,35.77583333333334,30.139333333333333,20.666666666666668,33.51851851851852,12.092592592592593,27.3,966.4573333333334,SITE 5,EXT
2026-03-02 16:00:00,38.33083333333333,32.285,22.064,33.68518518518519,12.574074074074074,27.833333333333332,966.4693333333332,SITE 5,EXT
2026-03-02 17:00:00,49.48800000000001,40.01383333333333,27.329,33.0,11.925925925925927,28.0,966.6463333333334,SITE 5,EXT
2026-03-02 18:00:00,65.36999999999999,53.61583333333333,36.5345,32.31481481481482,11.88888888888889,28.8,967.1496666666667,SITE 5,EXT
2026-03-02 19:00:00,73.03283333333334,61.458499999999994,41.6105,32.2037037037037,12.611111111111112,30.366666666666667,967.6746666666667,SITE 5,EXT
2026-03-02 20:00:00,70.4375,57.82233333333333,39.32,32.07407407407407,12.851851851851853,31.2,968.2713333333334,SITE 5,EXT
2026-03-02 21:00:00,72.92666666666668,61.208499999999994,41.510999999999996,31.62962962962963,13.111111111111112,32.53333333333333,969.0806666666666,SITE 5,EXT
2026-03-02 22:00:00,67.1658064516129,53.62048387096774,36.30741935483871,30.94982078853047,13.13620071684588,33.83870967741935,969.6106451612903,SITE 5,EXT
2026-03-02 23:00:00,58.716833333333334,46.49433333333333,31.0115,30.296296296296298,13.092592592592592,35.06666666666667,969.7103333333333,SITE 5,EXT
2026-03-03 00:00:00,56.51766666666666,44.857,29.723833333333335,30.12962962962963,12.611111111111112,34.333333333333336,969.5043333333334,SITE 5,EXT
2026-03-03 01:00:00,48.3885,38.61933333333333,25.241,29.055555555555557,10.685185185185185,32.1,969.427,SITE 5,EXT
2026-03-03 02:00:00,48.022666666666666,37.63066666666667,23.55566666666667,28.87037037037037,8.12962962962963,27.266666666666666,968.9626666666667,SITE 5,EXT
2026-03-03 03:00:00,41.04966666666667,32.53933333333333,20.191,28.462962962962965,7.314814814814815,26.033333333333335,968.8353333333333,SITE 5,EXT
2026-03-03 04:00:00,47.98433333333333,37.577,23.858666666666668,28.444444444444446,7.259259259259259,26.466666666666665,968.419,SITE 5,EXT
2026-03-03 05:00:00,46.9815,36.636833333333335,23.0305,27.574074074074076,7.5925925925925934,28.466666666666665,968.5300000000001,SITE 5,EXT
2026-03-03 06:00:00,48.832499999999996,38.09983333333333,24.051666666666666,27.64814814814815,7.259259259259259,27.966666666666665,968.8013333333333,SITE 5,EXT
2026-03-03 07:00:00,55.174354838709675,42.25790322580645,26.916451612903224,27.77777777777778,7.634408602150538,28.0,969.0416129032259,SITE 5,EXT
2026-03-03 08:00:00,56.292833333333334,43.70133333333333,27.784333333333333,28.962962962962965,8.11111111111111,27.233333333333334,969.746,SITE 5,EXT
2026-03-03 09:00:00,55.541333333333334,44.247,28.789166666666667,30.25925925925926,8.518518518518519,25.833333333333332,969.9786666666666,SITE 5,EXT
2026-03-03 10:00:00,42.10116666666667,33.56316666666667,21.30816666666667,32.75925925925926,8.611111111111112,22.466666666666665,969.8483333333334,SITE 5,EXT
2026-03-03 11:00:00,39.49766666666667,31.478,19.915666666666667,35.27777777777778,7.796296296296297,18.4,969.3919999999999,SITE 5,EXT
2026-03-03 12:00:00,37.789833333333334,30.278166666666667,19.580166666666667,37.46296296296296,8.11111111111111,16.6,968.3293333333334,SITE 5,EXT
2026-03-03 13:00:00,33.08183333333333,26.6875,17.434,38.74074074074074,8.222222222222223,15.533333333333333,967.2270000000001,SITE 5,EXT
2026-03-03 14:00:00,32.26316666666666,26.3615,17.478333333333335,39.2962962962963,8.555555555555555,15.5,966.1923333333333,SITE 5,EXT
2026-03-03 15:00:00,34.899833333333326,28.423,18.95,38.611111111111114,9.333333333333334,16.933333333333334,965.4406666666667,SITE 5,EXT
2026-03-03 16:00:00,39.31433333333334,31.9445,21.303,37.92592592592593,9.370370370370372,17.633333333333333,965.25,SITE 5,EXT
2026-03-03 17:00:00,39.01870967741935,31.495483870967742,20.887096774193548,37.078853046594986,9.56989247311828,18.806451612903224,965.5654838709677,SITE 5,EXT
2026-03-03 18:00:00,43.03933333333334,34.65333333333333,22.775333333333332,35.98148148148149,10.11111111111111,20.9,966.1683333333333,SITE 5,EXT
2026-03-03 19:00:00,48.93983333333333,38.71383333333333,25.382166666666667,35.2037037037037,11.314814814814815,23.5,966.7933333333333,SITE 5,EXT
2026-03-03 20:00:00,50.3465,39.7755,26.4585,34.72222222222222,10.814814814814815,23.266666666666666,967.94,SITE 5,EXT
2026-03-03 21:00:00,65.74383333333334,53.64666666666667,36.018,34.166666666666664,10.777777777777777,24.033333333333335,968.633,SITE 5,EXT
2026-03-03 22:00:00,60.5975,47.348166666666664,31.643833333333337,33.42592592592593,10.777777777777777,25.133333333333333,968.6693333333334,SITE 5,EXT
2026-03-03 23:00:00,65.80916666666666,51.8585,35.306000000000004,32.87037037037037,11.38888888888889,26.966666666666665,968.61,SITE 5,EXT
2026-03-04 00:00:00,69.162,55.21783333333334,37.16716666666667,32.092592592592595,11.944444444444446,29.066666666666666,968.1993333333334,SITE 5,EXT
2026-03-04 01:00:00,51.81066666666666,41.4725,27.690833333333334,30.77777777777778,11.018518518518517,29.7,967.378,SITE 5,EXT
2026-03-04 02:00:00,44.32096774193548,35.60790322580645,23.578387096774193,30.25089605734767,10.75268817204301,30.258064516129032,966.5880645161291,SITE 5,EXT
2026-03-04 03:00:00,42.6715,34.61816666666667,22.890333333333334,29.518518518518523,10.944444444444445,31.6,966.1596666666667,SITE 5,EXT
2026-03-04 04:00:00,43.257666666666665,34.885999999999996,23.011166666666668,29.0,10.962962962962962,32.7,966.298,SITE 5,EXT
2026-03-04 05:00:00,52.91016666666667,41.74066666666667,27.7525,28.75925925925926,11.074074074074074,33.7,966.753,SITE 5,EXT
2026-03-04 06:00:00,103.94916666666667,91.06483333333334,57.254333333333335,28.31481481481482,11.555555555555555,35.63333333333333,967.3106666666666,SITE 5,EXT
2026-03-04 07:00:00,61.718666666666664,48.75866666666666,32.41316666666667,28.518518518518523,12.444444444444446,37.4,968.141,SITE 5,EXT
2026-03-04 08:00:00,55.78216666666666,43.978833333333334,29.2655,29.90740740740741,13.925925925925926,37.833333333333336,968.8213333333333,SITE 5,EXT
2026-03-04 09:00:00,48.070166666666665,38.51416666666667,25.63883333333333,31.75925925925926,14.462962962962964,35.333333333333336,969.1493333333333,SITE 5,EXT
2026-03-04 10:00:00,44.04483333333334,35.592999999999996,23.769333333333336,35.44444444444445,14.351851851851851,28.433333333333334,969.2283333333332,SITE 5,EXT
2026-03-04 11:00:00,39.977333333333334,32.80133333333333,22.148666666666667,38.27777777777778,13.314814814814815,22.633333333333333,968.6836666666667,SITE 5,EXT
2026-03-04 12:00:00,38.813870967741934,31.898548387096774,21.653387096774193,40.17921146953405,12.258064516129032,18.870967741935484,967.7190322580645,SITE 5,EXT
2026-03-04 13:00:00,38.04533333333333,30.997,20.983833333333333,41.0,10.37037037037037,16.066666666666666,966.9306666666668,SITE 5,EXT
2026-03-04 14:00:00,35.565000000000005,28.798833333333334,19.3635,41.351851851851855,8.925925925925926,14.166666666666666,966.1393333333333,SITE 5,EXT
2026-03-04 15:00:00,41.40983333333334,33.53333333333333,22.578833333333332,41.25925925925926,9.537037037037038,14.933333333333334,965.5343333333333,SITE 5,EXT
2026-03-04 16:00:00,37.43416666666667,30.548166666666663,20.43883333333333,40.57407407407407,9.462962962962964,15.166666666666666,965.3156666666667,SITE 5,EXT
2026-03-04 17:00:00,40.058166666666665,32.60033333333333,21.867666666666665,39.648148148148145,9.61111111111111,16.333333333333332,965.446,SITE 5,EXT
2026-03-04 18:00:00,53.2105,41.57716666666667,27.493666666666666,37.7962962962963,10.555555555555555,19.233333333333334,965.9703333333333,SITE 5,EXT
2026-03-04 19:00:00,65.249,52.517,35.022333333333336,36.46296296296296,10.75925925925926,21.033333333333335,966.753,SITE 5,EXT
2026-03-04 20:00:00,61.90467741935484,48.99564516129032,32.839354838709674,35.68100358422939,11.093189964157705,22.64516129032258,967.7987096774193,SITE 5,EXT
2026-03-04 21:00:00,66.86083333333333,53.27633333333333,35.94583333333333,35.03703703703704,11.351851851851851,23.633333333333333,968.274,SITE 5,EXT
2026-03-04 22:00:00,62.040333333333336,49.13583333333334,33.0755,34.833333333333336,12.074074074074074,25.033333333333335,968.6676666666666,SITE 5,EXT
2026-03-04 23:00:00,53.33883333333333,42.44533333333334,28.784333333333333,33.46296296296296,12.62962962962963,28.433333333333334,968.5786666666667,SITE 5,EXT
2026-03-05 00:00:00,52.30116666666667,41.92766666666667,28.530166666666666,32.05555555555556,14.407407407407408,34.46666666666667,968.8903333333333,SITE 5,EXT
2026-03-05 01:00:00,52.26733333333333,42.152166666666666,28.813,31.14814814814815,15.777777777777779,39.833333333333336,968.7806666666667,SITE 5,EXT
2026-03-05 02:00:00,52.468833333333336,42.472833333333334,29.187166666666666,30.166666666666668,17.055555555555557,45.5,968.379,SITE 5,EXT
2026-03-05 03:00:00,52.800333333333334,43.037166666666664,29.728833333333334,29.61111111111111,17.703703703703702,49.166666666666664,967.958,SITE 5,EXT
2026-03-05 04:00:00,47.91133333333333,39.685833333333335,27.56066666666667,28.518518518518523,18.333333333333332,54.3,968.1536666666667,SITE 5,EXT
2026-03-05 05:00:00,46.18416666666667,38.51283333333333,26.710833333333333,28.185185185185187,18.962962962962965,57.833333333333336,968.1056666666667,SITE 5,EXT
2026-03-05 06:00:00,51.29483870967742,42.138064516129035,29.27532258064516,27.77777777777778,18.978494623655916,59.12903225806452,968.4729032258065,SITE 5,EXT
2026-03-05 07:00:00,50.69216666666667,41.99333333333333,29.384,28.185185185185187,19.296296296296298,58.93333333333333,968.953,SITE 5,EXT
2026-03-05 08:00:00,42.908166666666666,36.106,25.268666666666665,29.666666666666668,19.574074074074076,55.233333333333334,969.6336666666666,SITE 5,EXT
2026-03-05 09:00:00,37.4105,32.20883333333333,22.759833333333333,31.574074074074076,19.796296296296298,50.166666666666664,969.8926666666666,SITE 5,EXT
2026-03-05 10:00:00,35.6905,30.957333333333334,22.144333333333336,34.88888888888889,19.740740740740744,41.233333333333334,969.9913333333334,SITE 5,EXT
2026-03-05 11:00:00,34.2495,29.8845,21.2585,37.24074074074074,19.314814814814817,35.333333333333336,969.2483333333333,SITE 5,EXT
2026-03-05 12:00:00,33.38616666666667,28.757166666666667,20.677,38.666666666666664,18.555555555555557,31.166666666666668,967.9946666666667,SITE 5,EXT
2026-03-05 13:00:00,34.80716666666667,29.796833333333332,21.2715,39.57407407407407,17.555555555555554,27.766666666666666,966.9069999999999,SITE 5,EXT
2026-03-05 14:00:00,35.429833333333335,29.717499999999998,20.796833333333332,39.51851851851852,16.24074074074074,25.6,966.0206666666667,SITE 5,EXT
2026-03-05 15:00:00,35.29016129032258,29.72403225806452,20.868225806451612,38.261648745519715,16.11111111111111,27.29032258064516,965.3393548387097,SITE 5,EXT
2026-03-05 16:00:00,34.666000000000004,29.19183333333333,20.2435,38.25925925925926,16.12962962962963,27.2,964.9476666666667,SITE 5,EXT
2026-03-05 17:00:00,37.20766666666667,30.976333333333333,21.496166666666667,37.592592592592595,15.38888888888889,27.0,965.1043333333333,SITE 5,EXT
2026-03-05 18:00:00,39.29566666666667,32.919,22.96916666666667,35.5,17.37037037037037,34.53333333333333,965.8306666666666,SITE 5,EXT
2026-03-05 19:00:00,35.95016666666667,30.849333333333334,21.659333333333333,34.44444444444444,18.333333333333336,38.6,966.7116666666666,SITE 5,EXT
2026-03-05 20:00:00,39.73283333333333,33.67616666666667,23.49866666666667,33.96296296296297,17.85185185185185,38.666666666666664,967.2016666666666,SITE 5,EXT
2026-03-05 21:00:00,45.228500000000004,37.32033333333333,25.792666666666666,33.94444444444445,18.388888888888893,39.9,967.6623333333333,SITE 5,EXT
2026-03-05 22:00:00,46.5475,38.39083333333333,26.608,33.70370370370371,18.462962962962965,40.8,967.98,SITE 5,EXT
2026-03-05 23:00:00,44.41716666666667,37.17166666666667,26.0035,33.333333333333336,18.444444444444446,41.5,968.1076666666667,SITE 5,EXT
2026-03-06 00:00:00,44.18096774193549,37.006129032258066,25.753225806451614,32.45519713261648,18.333333333333336,43.38709677419355,967.621935483871,SITE 5,EXT
2026-03-06 01:00:00,43.00883333333333,36.10166666666667,25.1,32.0,18.48148148148148,45.03333333333333,966.8703333333334,SITE 5,EXT
2026-03-06 02:00:00,42.03666666666666,35.51,24.653000000000002,31.53703703703704,18.666666666666668,46.666666666666664,966.485,SITE 5,EXT
2026-03-06 03:00:00,43.690333333333335,36.817,25.82316666666667,31.48148148148148,18.703703703703702,47.0,966.2993333333333,SITE 5,EXT
2026-03-06 04:00:00,38.71633333333333,33.39666666666667,23.43166666666667,30.685185185185187,18.722222222222225,49.333333333333336,966.2176666666667,SITE 5,EXT
2026-03-06 05:00:00,37.903,33.053000000000004,23.288,30.240740740740744,19.037037037037035,51.5,966.224,SITE 5,EXT
2026-03-06 06:00:00,40.87683333333334,34.84183333333333,24.4735,30.0,19.11111111111111,52.6,966.5696666666666,SITE 5,EXT
2026-03-06 07:00:00,48.528666666666666,40.05216666666667,27.8055,29.888888888888893,19.388888888888893,53.9,967.2196666666666,SITE 5,EXT
2026-03-06 08:00:00,47.9235,39.52916666666667,27.34283333333333,31.370370370370374,19.87037037037037,51.0,967.7416666666667,SITE 5,EXT
2026-03-06 09:00:00,43.336774193548386,36.51387096774194,25.5408064516129,33.24372759856631,20.268817204301076,46.96774193548387,968.2964516129032,SITE 5,EXT
2026-03-06 10:00:00,40.653666666666666,34.644,24.485500000000002,35.74074074074074,20.5,41.2,968.3523333333334,SITE 5,EXT
2026-03-06 11:00:00,41.02133333333334,34.86616666666667,24.803,38.07407407407407,20.037037037037035,35.4,967.645,SITE 5,EXT
2026-03-06 12:00:00,37.50633333333334,32.0725,22.992,39.833333333333336,19.185185185185183,30.366666666666667,966.6533333333333,SITE 5,EXT
2026-03-06 13:00:00,35.10483333333333,29.939666666666664,21.384333333333334,40.7962962962963,17.666666666666668,26.3,965.6360000000001,SITE 5,EXT
2026-03-06 14:00:00,34.516666666666666,29.16166666666667,20.6355,40.72222222222222,16.944444444444446,25.2,964.5016666666667,SITE 5,EXT
2026-03-06 15:00:00,34.591,29.41,20.8935,39.7037037037037,16.64814814814815,26.033333333333335,963.3169999999999,SITE 5,EXT
2026-03-06 16:00:00,36.104166666666664,30.268166666666666,21.110666666666667,38.2037037037037,16.37037037037037,27.766666666666666,963.2919999999999,SITE 5,EXT
2026-03-06 17:00:00,40.77516666666667,34.01466666666666,23.8755,37.07407407407407,17.61111111111111,32.06666666666667,963.5996666666667,SITE 5,EXT
2026-03-06 18:00:00,46.41290322580645,38.48564516129032,27.261935483870968,36.09318996415771,18.118279569892476,34.903225806451616,964.3787096774194,SITE 5,EXT
2026-03-06 19:00:00,53.473,43.333999999999996,29.9305,35.88888888888889,18.074074074074076,35.3,965.1676666666666,SITE 5,EXT
2026-03-06 20:00:00,73.76150000000001,62.85166666666667,44.722166666666666,35.48148148148149,18.333333333333336,36.7,966.1506666666667,SITE 5,EXT
2026-03-06 21:00:00,44.98733333333333,37.0,25.29416666666667,32.851851851851855,19.055555555555557,44.7,967.2156666666667,SITE 5,EXT
2026-03-06 22:00:00,42.61666666666667,35.72416666666666,24.61,31.222222222222225,19.77777777777778,51.1,967.018,SITE 5,EXT
2026-03-06 23:00:00,40.43683333333333,34.0775,23.447333333333333,30.925925925925927,19.48148148148148,50.96666666666667,967.1946666666666,SITE 5,EXT
2026-03-07 00:00:00,35.026500000000006,30.36,21.237333333333332,30.0,18.61111111111111,51.06666666666667,966.8893333333333,SITE 5,EXT
2026-03-07 01:00:00,33.56883333333334,29.066166666666668,20.368166666666664,29.555555555555557,17.814814814814817,49.6,966.372,SITE 5,EXT
2026-03-07 02:00:00,32.12716666666667,28.0095,19.960500000000003,29.555555555555557,17.51851851851852,48.766666666666666,966.7176666666667,SITE 5,EXT
2026-03-07 03:00:00,29.438499999999998,26.13266666666667,18.863333333333333,28.870370370370374,18.703703703703702,54.8,967.754,SITE 5,EXT
2026-03-07 04:00:00,23.680666666666664,22.173833333333334,16.12783333333333,25.462962962962965,18.555555555555557,66.4,968.6036666666666,SITE 5,EXT
2026-03-07 05:00:00,27.926129032258064,25.113225806451613,18.015967741935484,25.46594982078853,19.551971326164875,70.41935483870968,969.2822580645161,SITE 5,EXT
2026-03-07 06:00:00,31.90357142857143,28.34642857142857,20.2175,25.31746031746032,19.563492063492067,71.07142857142857,969.8357142857143,SITE 5,EXT
2026-03-07 14:00:00,34.941428571428574,30.16785714285714,20.85571428571429,29.603174603174605,19.32539682539683,54.57142857142857,966.5835714285714,SITE 5,EXT
2026-03-07 15:00:00,40.81783333333333,34.67433333333334,24.06566666666667,31.592592592592595,19.370370370370374,48.766666666666666,966.0963333333333,SITE 5,EXT
2026-03-07 16:00:00,36.859,31.853666666666665,21.971166666666665,32.574074074074076,19.425925925925927,46.2,965.825,SITE 5,EXT
2026-03-07 17:00:00,58.020161290322584,47.43306451612903,33.02645161290322,31.594982078853047,20.125448028673837,51.096774193548384,965.7854838709677,SITE 5,EXT
2026-03-07 18:00:00,63.45233333333333,52.38766666666666,36.30050000000001,30.796296296296298,20.518518518518523,54.766666666666666,965.8743333333333,SITE 5,EXT
2026-03-07 19:00:00,80.9235,75.37100000000001,52.45399999999999,30.40740740740741,20.5,55.93333333333333,966.4803333333333,SITE 5,EXT
2026-03-07 20:00:00,87.11083333333333,82.42933333333333,56.47166666666667,29.962962962962965,20.555555555555557,57.833333333333336,967.4776666666668,SITE 5,EXT
2026-03-07 21:00:00,79.5525,72.58099999999999,50.7815,29.444444444444446,20.555555555555557,59.13333333333333,968.3853333333334,SITE 5,EXT
2026-03-07 22:00:00,88.48466666666667,82.63066666666667,57.666666666666664,29.11111111111111,20.240740740740744,59.766666666666666,968.7323333333334,SITE 5,EXT
2026-03-07 23:00:00,63.68233333333333,53.266333333333336,36.62983333333333,28.53703703703704,19.77777777777778,59.766666666666666,968.85,SITE 5,EXT
2026-03-08 00:00:00,34.35433333333334,30.226666666666667,20.74416666666667,28.814814814814817,19.11111111111111,56.46666666666667,968.1483333333333,SITE 5,EXT
2026-03-08 01:00:00,33.775333333333336,29.845666666666666,20.23483333333333,28.814814814814817,19.35185185185185,56.8,967.3520000000001,SITE 5,EXT
2026-03-08 02:00:00,33.76466666666667,30.131166666666665,20.7245,28.0,19.35185185185185,59.86666666666667,966.8176666666666,SITE 5,EXT
2026-03-08 03:00:00,35.06633333333333,30.949333333333335,21.284499999999998,28.055555555555557,19.01851851851852,58.3,966.4300000000001,SITE 5,EXT
2026-03-08 04:00:00,41.19822580645161,35.23225806451613,24.10483870967742,27.831541218637994,19.301075268817204,60.354838709677416,966.3567741935484,SITE 5,EXT
2026-03-08 05:00:00,48.424499999999995,40.082499999999996,27.095333333333333,27.40740740740741,19.092592592592595,61.1,966.8206666666666,SITE 5,EXT
2026-03-08 06:00:00,76.7445,67.04966666666667,46.526666666666664,27.592592592592595,19.814814814814817,63.166666666666664,967.4226666666667,SITE 5,EXT
2026-03-08 07:00:00,62.839666666666666,50.51916666666667,34.220666666666666,28.62962962962963,20.074074074074076,60.6,967.996,SITE 5,EXT
2026-03-08 08:00:00,51.88066666666667,42.40266666666666,28.81066666666667,30.40740740740741,19.75925925925926,53.53333333333333,968.528,SITE 5,EXT
2026-03-08 09:00:00,37.146166666666666,32.39216666666667,22.4115,33.05555555555556,18.685185185185183,43.03333333333333,968.9243333333333,SITE 5,EXT
2026-03-08 10:00:00,33.333999999999996,29.790833333333335,20.590833333333332,35.7037037037037,19.27777777777778,38.233333333333334,968.841,SITE 5,EXT
2026-03-08 11:00:00,31.210500000000003,28.154166666666665,19.665000000000003,37.851851851851855,18.925925925925927,33.4,968.0930000000001,SITE 5,EXT
2026-03-08 12:00:00,31.351499999999998,28.307000000000002,19.795833333333334,39.2037037037037,18.53703703703704,30.133333333333333,967.232,SITE 5,EXT
2026-03-08 13:00:00,33.84096774193548,29.984032258064516,20.653870967741934,40.143369175627235,17.544802867383513,26.838709677419356,966.1316129032259,SITE 5,EXT
2026-03-08 14:00:00,35.0385,30.409,21.01383333333333,40.75925925925926,16.685185185185183,24.7,965.019,SITE 5,EXT
2026-03-08 15:00:00,32.722166666666666,28.669,19.64383333333333,40.14814814814815,16.5,25.0,964.383,SITE 5,EXT
2026-03-08 16:00:00,32.42183333333333,28.6735,19.782,39.7962962962963,16.61111111111111,25.833333333333332,964.1949999999999,SITE 5,EXT
2026-03-08 17:00:00,32.172666666666665,28.399333333333335,19.5875,38.74074074074075,16.90740740740741,27.9,964.2933333333333,SITE 5,EXT
2026-03-08 18:00:00,49.43183333333333,40.3875,27.267333333333333,36.851851851851855,16.40740740740741,30.1,964.856,SITE 5,EXT
2026-03-08 19:00:00,65.09633333333333,52.98266666666667,36.38666666666666,35.72222222222222,17.25925925925926,33.766666666666666,965.6593333333333,SITE 5,EXT
2026-03-08 20:00:00,64.33283333333333,51.8475,35.4905,35.31481481481482,17.703703703703702,35.46666666666667,966.1856666666666,SITE 5,EXT
2026-03-08 21:00:00,68.0395,55.875,38.26383333333333,34.31481481481481,18.25925925925926,38.93333333333333,966.8543333333333,SITE 5,EXT
2026-03-08 22:00:00,52.28766666666666,42.227333333333334,28.34333333333333,33.18518518518519,17.64814814814815,40.03333333333333,967.2273333333334,SITE 5,EXT
2026-03-08 23:00:00,47.27133333333334,38.80566666666666,26.117666666666665,32.77777777777778,17.722222222222225,41.03333333333333,967.1766666666666,SITE 5,EXT
2026-03-09 00:00:00,45.73083333333333,37.924166666666665,25.696833333333334,32.05555555555556,17.75925925925926,42.7,966.8433333333334,SITE 5,EXT
2026-03-09 01:00:00,40.64354838709678,34.26032258064516,23.073870967741936,31.720430107526884,17.99283154121864,44.38709677419355,966.5067741935484,SITE 5,EXT
2026-03-09 02:00:00,46.698166666666665,38.4375,26.063333333333333,30.962962962962965,19.296296296296298,50.3,965.9153333333333,SITE 5,EXT
2026-03-09 03:00:00,42.54416666666667,35.80016666666666,24.398333333333333,30.37037037037037,19.27777777777778,52.1,965.4963333333333,SITE 5,EXT
2026-03-09 04:00:00,42.647000000000006,35.948,24.500166666666665,29.98148148148148,19.48148148148148,53.6,965.9886666666666,SITE 5,EXT
2026-03-09 05:00:00,49.27616666666667,40.49583333333333,27.08083333333333,29.666666666666668,19.703703703703702,55.43333333333333,967.008,SITE 5,EXT
2026-03-09 06:00:00,63.96066666666666,54.11033333333333,36.410666666666664,29.740740740740744,19.87037037037037,55.666666666666664,967.8083333333333,SITE 5,EXT
2026-03-09 07:00:00,59.5445,47.7895,32.23266666666667,30.12962962962963,20.092592592592595,55.333333333333336,968.2996666666667,SITE 5,EXT
2026-03-09 08:00:00,67.11583333333334,58.62966666666667,40.872499999999995,30.962962962962965,20.296296296296298,53.5,968.6329999999999,SITE 5,EXT
2026-03-09 09:00:00,90.18249999999999,81.74666666666667,56.18033333333334,33.2037037037037,20.833333333333332,48.7,969.0123333333333,SITE 5,EXT
2026-03-09 10:00:00,60.434333333333335,51.181333333333335,36.65566666666667,35.2037037037037,20.88888888888889,43.5,968.9490000000001,SITE 5,EXT
2026-03-09 11:00:00,42.48096774193549,35.96193548387097,24.903870967741934,37.63440860215054,20.268817204301076,36.774193548387096,968.3264516129032,SITE 5,EXT
2026-03-09 12:00:00,37.904666666666664,32.62433333333333,22.854166666666668,39.907407407407405,18.870370370370374,29.8,967.369,SITE 5,EXT
2026-03-09 13:00:00,34.6065,30.222166666666666,21.157833333333333,41.12962962962963,17.185185185185183,25.033333333333335,966.4133333333334,SITE 5,EXT
2026-03-09 14:00:00,32.028666666666666,27.80483333333333,19.395333333333333,41.68518518518519,14.314814814814815,20.0,965.4803333333333,SITE 5,EXT
2026-03-09 15:00:00,31.513166666666667,27.369666666666667,18.9345,41.7037037037037,14.185185185185185,19.9,965.0233333333333,SITE 5,EXT
2026-03-09 16:00:00,33.735499999999995,29.044,19.9575,40.44444444444445,13.981481481481483,21.133333333333333,964.8786666666667,SITE 5,EXT
2026-03-09 17:00:00,35.36233333333334,30.21916666666667,20.614333333333335,39.18518518518519,14.703703703703704,23.466666666666665,965.0163333333334,SITE 5,EXT
2026-03-09 18:00:00,46.2385,39.08716666666667,26.516666666666666,38.18518518518519,14.796296296296298,25.166666666666668,965.2366666666666,SITE 5,EXT
2026-03-09 19:00:00,59.9125,49.961666666666666,33.5225,37.0,16.444444444444446,29.8,966.0446666666667,SITE 5,EXT
2026-03-09 20:00:00,54.10816666666666,43.526833333333336,29.546499999999998,35.74074074074074,17.90740740740741,35.1,966.8023333333333,SITE 5,EXT
2026-03-09 21:00:00,44.295967741935485,36.8558064516129,25.114838709677418,34.30107526881721,18.67383512544803,39.96774193548387,967.4477419354839,SITE 5,EXT
2026-03-09 22:00:00,40.302,34.14433333333333,23.3395,33.48148148148149,19.0,42.833333333333336,967.7909999999999,SITE 5,EXT
2026-03-09 23:00:00,44.883833333333335,37.415,25.512,32.092592592592595,20.51851851851852,50.96666666666667,967.6686666666667,SITE 5,EXT
2026-03-10 00:00:00,45.77433333333333,38.12983333333333,25.859166666666667,31.240740740740744,21.037037037037035,55.1,967.3430000000001,SITE 5,EXT
2026-03-10 01:00:00,42.462833333333336,35.94866666666667,24.647166666666667,30.555555555555557,20.62962962962963,55.8,967.0803333333333,SITE 5,EXT
2026-03-10 02:00:00,37.381166666666665,32.8355,22.562333333333335,29.85185185185185,19.85185185185185,55.3,966.6636666666667,SITE 5,EXT
2026-03-10 03:00:00,34.95433333333334,31.27283333333333,21.421,29.40740740740741,19.944444444444446,57.4,966.5413333333333,SITE 5,EXT
2026-03-10 04:00:00,39.437999999999995,34.227833333333336,23.446833333333334,29.14814814814815,20.22222222222222,59.36666666666667,966.686,SITE 5,EXT
2026-03-10 05:00:00,41.46633333333333,35.457166666666666,24.210333333333335,28.61111111111111,20.222222222222225,60.833333333333336,966.971,SITE 5,EXT
2026-03-10 06:00:00,45.6195,37.907000000000004,25.555666666666664,28.685185185185183,20.333333333333332,60.63333333333333,967.5956666666666,SITE 5,EXT
2026-03-10 07:00:00,52.348333333333336,42.52383333333333,28.551333333333332,29.37037037037037,20.40740740740741,59.03333333333333,968.2943333333334,SITE 5,EXT
2026-03-10 08:00:00,47.854516129032255,39.53596774193549,26.61193548387097,30.448028673835125,20.663082437275985,56.38709677419355,968.8325806451613,SITE 5,EXT
2026-03-10 09:00:00,43.24633333333333,36.229,24.81,32.44444444444444,20.574074074074076,50.13333333333333,968.7956666666666,SITE 5,EXT
2026-03-10 10:00:00,43.52733333333333,36.428,25.169,34.68518518518519,20.074074074074076,42.833333333333336,968.3586666666666,SITE 5,EXT
2026-03-10 11:00:00,40.475,34.3025,23.925833333333333,36.22222222222222,17.38888888888889,33.1,967.6176666666667,SITE 5,EXT
2026-03-10 12:00:00,43.652,36.66866666666667,25.071833333333334,38.44444444444445,14.833333333333334,24.866666666666667,966.866,SITE 5,EXT
2026-03-10 13:00:00,38.1885,32.544666666666664,22.46083333333333,39.57407407407407,14.296296296296298,22.6,966.0796666666666,SITE 5,EXT
2026-03-10 14:00:00,31.697,27.8415,19.438166666666667,40.24074074074074,14.648148148148149,22.133333333333333,965.1306666666666,SITE 5,EXT
2026-03-10 15:00:00,31.06383333333333,27.3005,19.167333333333332,40.53703703703704,13.851851851851851,20.666666666666668,964.6123333333333,SITE 5,EXT
2026-03-10 16:00:00,31.434,27.657,19.250666666666667,38.94444444444445,13.555555555555555,22.133333333333333,964.5293333333334,SITE 5,EXT
2026-03-10 17:00:00,38.63383333333333,32.52466666666667,22.412333333333333,37.62962962962963,13.518518518518517,23.8,964.6493333333333,SITE 5,EXT
2026-03-10 18:00:00,63.30137931034483,52.52034482758621,35.764482758620694,36.16858237547893,13.67816091954023,26.20689655172414,964.9575862068966,SITE 5,EXT
2026-03-10 19:00:00,88.166,79.63183333333333,55.934,35.2962962962963,15.537037037037038,30.833333333333332,965.5816666666667,SITE 5,EXT
2026-03-10 20:00:00,70.09733333333334,57.867333333333335,39.81883333333334,34.592592592592595,15.944444444444445,32.733333333333334,966.2823333333333,SITE 5,EXT
2026-03-10 21:00:00,63.426500000000004,50.00033333333333,34.01133333333333,33.31481481481482,15.666666666666666,34.63333333333333,966.8993333333333,SITE 5,EXT
2026-03-10 22:00:00,51.99216666666667,41.755833333333335,28.238333333333333,32.388888888888886,15.222222222222223,35.46666666666667,966.9743333333333,SITE 5,EXT
2026-03-10 23:00:00,47.082166666666666,38.51933333333333,26.2505,31.833333333333332,16.055555555555557,38.96666666666667,967.2223333333334,SITE 5,EXT
2026-03-11 00:00:00,51.401833333333336,41.940666666666665,28.8825,30.81481481481482,18.14814814814815,47.13333333333333,967.0450000000001,SITE 5,EXT
2026-03-11 01:00:00,49.69016129032258,40.79064516129032,27.878225806451614,30.14336917562724,18.81720430107527,50.903225806451616,966.5935483870968,SITE 5,EXT
2026-03-11 02:00:00,50.697,41.51983333333333,28.286166666666666,29.296296296296298,19.592592592592595,56.46666666666667,966.4403333333333,SITE 5,EXT
2026-03-11 03:00:00,54.993,44.98800000000001,30.66166666666667,29.25925925925926,20.444444444444446,59.8,966.295,SITE 5,EXT
2026-03-11 04:00:00,53.739333333333335,43.7885,29.573333333333334,29.444444444444446,20.703703703703702,60.233333333333334,966.2836666666666,SITE 5,EXT
2026-03-11 05:00:00,55.426500000000004,44.9915,30.215333333333334,29.14814814814815,21.01851851851852,61.93333333333333,967.143,SITE 5,EXT
2026-03-11 06:00:00,58.48116666666667,47.25,31.732000000000003,28.166666666666668,20.85185185185185,65.16666666666667,968.1949999999999,SITE 5,EXT
2026-03-11 07:00:00,57.82933333333333,46.794666666666664,31.209166666666665,27.740740740740744,21.314814814814817,68.66666666666667,969.2583333333333,SITE 5,EXT
2026-03-11 08:00:00,52.670833333333334,42.99816666666666,28.707,28.740740740740744,21.185185185185183,64.36666666666666,969.6493333333333,SITE 5,EXT
2026-03-11 09:00:00,49.17766666666667,40.45916666666667,26.873833333333334,30.703703703703706,21.055555555555554,57.233333333333334,970.0176666666666,SITE 5,EXT
2026-03-11 10:00:00,47.165333333333336,39.13066666666667,26.154833333333332,32.22222222222222,21.11111111111111,52.2,970.1550000000001,SITE 5,EXT
2026-03-11 11:00:00,46.14433333333333,38.49933333333333,26.049,33.70370370370371,21.12962962962963,48.2,969.624,SITE 5,EXT
2026-03-11 12:00:00,42.138548387096776,35.66241935483871,24.67822580645161,36.98924731182796,20.82437275985663,39.41935483870968,968.0561290322581,SITE 5,EXT
2026-03-11 13:00:00,37.20666666666667,32.39083333333333,22.636833333333335,38.92592592592593,19.722222222222225,33.1,966.4580000000001,SITE 5,EXT
2026-03-11 14:00:00,34.51133333333333,30.491666666666667,21.527833333333334,39.48148148148148,18.296296296296298,29.266666666666666,965.269,SITE 5,EXT
2026-03-11 15:00:00,31.62232142857143,28.43607142857143,19.910714285714285,39.22619047619048,17.341269841269842,27.857142857142858,964.4282142857144,SITE 5,EXT
2026-03-11 16:00:00,33.00661290322581,29.148548387096774,20.35435483870968,38.207885304659506,17.168458781362006,29.193548387096776,964.4216129032258,SITE 5,EXT
2026-03-11 17:00:00,34.97683333333334,30.564833333333336,21.194666666666667,36.72222222222222,17.09259259259259,31.533333333333335,964.8443333333332,SITE 5,EXT
2026-03-11 18:00:00,46.90683333333333,40.092666666666666,27.5085,35.94444444444445,17.666666666666668,34.2,965.2873333333333,SITE 5,EXT
2026-03-11 19:00:00,45.31233333333333,37.099666666666664,25.134166666666665,35.351851851851855,17.90740740740741,35.833333333333336,965.9143333333334,SITE 5,EXT
2026-03-11 20:00:00,47.49183333333333,39.185833333333335,26.542666666666666,34.333333333333336,18.53703703703704,39.666666666666664,966.629,SITE 5,EXT
2026-03-11 21:00:00,56.21566666666667,45.217333333333336,30.58716666666667,33.7962962962963,19.25925925925926,42.6,967.24,SITE 5,EXT
2026-03-11 22:00:00,60.5251724137931,48.862758620689654,33.38879310344827,33.14176245210728,19.42528735632184,44.6551724137931,967.5993103448276,SITE 5,EXT
2026-03-11 23:00:00,65.5705,52.186,35.82116666666666,32.388888888888886,19.87037037037037,47.733333333333334,967.759,SITE 5,EXT
2026-03-12 00:00:00,57.469,46.32933333333334,31.487666666666666,31.62962962962963,19.462962962962965,48.9,967.316,SITE 5,EXT
2026-03-12 01:00:00,54.702,44.78933333333334,30.631000000000004,30.833333333333336,19.833333333333332,52.333333333333336,966.5946666666666,SITE 5,EXT
2026-03-12 02:00:00,55.025333333333336,44.8555,30.483999999999998,30.333333333333332,20.166666666666668,55.06666666666667,966.0323333333333,SITE 5,EXT
2026-03-12 03:00:00,57.01266666666666,46.28483333333334,31.325166666666668,29.61111111111111,20.5,58.6,965.9770000000001,SITE 5,EXT
2026-03-12 04:00:00,55.15844827586207,44.87810344827586,30.24793103448276,29.061302681992338,21.03448275862069,62.58620689655172,966.0203448275862,SITE 5,EXT
2026-03-12 05:00:00,59.29783333333333,47.7575,31.958000000000002,28.333333333333336,21.055555555555554,65.46666666666667,966.4853333333334,SITE 5,EXT
2026-03-12 06:00:00,61.43816666666667,49.57166666666667,33.638666666666666,28.166666666666668,21.22222222222222,66.73333333333333,967.4686666666668,SITE 5,EXT
2026-03-12 07:00:00,58.507666666666665,47.1145,31.81,28.98148148148148,21.203703703703702,63.5,968.3386666666667,SITE 5,EXT
2026-03-12 08:00:00,50.948,41.42516666666667,27.970833333333335,30.388888888888893,20.77777777777778,56.96666666666667,968.9186666666667,SITE 5,EXT
2026-03-12 09:00:00,46.65896551724138,38.69793103448276,26.604482758620687,32.93103448275862,20.977011494252874,49.86206896551724,969.273103448276,SITE 5,EXT
2026-03-12 10:00:00,46.260666666666665,38.964333333333336,26.918499999999998,35.96296296296296,20.88888888888889,41.96666666666667,969.2236666666666,SITE 5,EXT
2026-03-12 11:00:00,37.13816666666666,32.625,23.022333333333332,38.111111111111114,19.796296296296298,34.7,968.5036666666667,SITE 5,EXT
2026-03-12 12:00:00,38.020833333333336,32.93666666666667,23.522666666666666,40.12962962962963,18.85185185185185,29.3,967.5419999999999,SITE 5,EXT
2026-03-12 13:00:00,40.532333333333334,34.755833333333335,24.622833333333332,41.351851851851855,18.092592592592595,26.1,966.251,SITE 5,EXT
2026-03-12 14:00:00,39.659666666666666,33.94916666666667,23.852,41.22222222222222,17.37037037037037,25.066666666666666,965.1573333333333,SITE 5,EXT
2026-03-12 15:00:00,38.35166666666667,32.8305,23.162166666666668,41.07407407407408,16.333333333333332,23.6,964.5343333333333,SITE 5,EXT
2026-03-12 16:00:00,34.67672413793103,30.442241379310346,21.61689655172414,39.80842911877395,16.226053639846743,25.137931034482758,964.2613793103448,SITE 5,EXT
2026-03-12 17:00:00,55.83866666666667,48.406166666666664,32.015166666666666,38.46296296296296,16.685185185185183,27.966666666666665,964.4699999999999,SITE 5,EXT
2026-03-12 18:00:00,55.58233333333333,45.121,30.680833333333332,37.11111111111111,17.35185185185185,31.333333333333332,965.1156666666667,SITE 5,EXT
2026-03-12 19:00:00,53.25466666666667,43.213499999999996,29.54866666666667,35.25925925925926,16.62962962962963,33.06666666666667,965.919,SITE 5,EXT
2026-03-12 20:00:00,54.2705,43.846000000000004,30.014,35.12962962962963,16.88888888888889,34.03333333333333,966.3936666666667,SITE 5,EXT
2026-03-12 21:00:00,73.98166666666665,62.99133333333334,41.797000000000004,34.98148148148148,17.64814814814815,36.1,967.056,SITE 5,EXT
2026-03-12 22:00:00,52.56433333333334,42.74733333333334,29.2585,34.14814814814815,17.98148148148148,38.7,967.5583333333333,SITE 5,EXT
2026-03-12 23:00:00,39.49466666666667,34.00516666666667,23.892999999999997,32.7962962962963,17.796296296296298,41.0,967.5743333333334,SITE 5,EXT
2026-03-13 00:00:00,39.003166666666665,33.806333333333335,23.793,32.2962962962963,17.98148148148148,42.8,966.9276666666667,SITE 5,EXT
2026-03-13 01:00:00,36.71810344827586,32.23706896551724,22.487758620689654,31.283524904214563,17.854406130268202,45.10344827586207,966.1655172413792,SITE 5,EXT
2026-03-13 02:00:00,35.209833333333336,31.351499999999998,22.128333333333334,30.685185185185187,18.092592592592595,47.06666666666667,965.8293333333334,SITE 5,EXT
2026-03-13 03:00:00,32.517833333333336,29.366,20.61616666666667,30.01851851851852,17.75925925925926,48.03333333333333,966.005,SITE 5,EXT
2026-03-13 04:00:00,34.033,30.450166666666668,21.400166666666667,30.074074074074076,17.48148148148148,47.233333333333334,966.346,SITE 5,EXT
2026-03-13 05:00:00,32.036833333333334,29.049333333333333,20.331666666666667,29.85185185185185,17.666666666666668,48.266666666666666,966.8629999999999,SITE 5,EXT
2026-03-13 06:00:00,33.134655172413794,29.765,21.00051724137931,28.88888888888889,18.160919540229887,52.86206896551724,967.7403448275862,SITE 5,EXT
2026-03-13 07:00:00,39.26433333333333,33.756499999999996,23.704,29.11111111111111,18.592592592592595,53.8,968.5543333333334,SITE 5,EXT
2026-03-13 08:00:00,33.707166666666666,30.129,21.139666666666667,30.055555555555557,19.51851851851852,53.86666666666667,969.1229999999999,SITE 5,EXT
2026-03-13 09:00:00,33.44083333333334,29.8445,21.246333333333332,32.01851851851852,19.98148148148148,49.46666666666667,969.4506666666667,SITE 5,EXT
2026-03-13 10:00:00,32.09166666666667,28.828833333333332,20.538666666666664,35.12962962962963,20.166666666666668,41.96666666666667,969.4393333333334,SITE 5,EXT
2026-03-13 11:00:00,33.101333333333336,29.723833333333335,21.352500000000003,37.94444444444445,20.074074074074076,35.63333333333333,968.7413333333334,SITE 5,EXT
2026-03-13 12:00:00,33.32816666666667,29.904,21.520833333333332,39.74074074074074,19.092592592592595,30.433333333333334,967.8253333333333,SITE 5,EXT
2026-03-13 13:00:00,36.053,31.664833333333334,22.680166666666665,40.38888888888889,17.5,26.433333333333334,966.4403333333333,SITE 5,EXT
2026-03-13 14:00:00,33.0785,29.6335,21.497166666666665,41.05555555555556,16.555555555555557,24.033333333333335,965.2866666666666,SITE 5,EXT
2026-03-13 15:00:00,33.827666666666666,29.90716666666667,21.589,40.46296296296296,15.814814814814815,23.566666666666666,964.3430000000001,SITE 5,EXT
2026-03-13 16:00:00,31.476333333333333,28.237000000000002,20.53166666666667,40.75925925925926,15.425925925925927,22.533333333333335,963.85,SITE 5,EXT
2026-03-13 17:00:00,30.925833333333333,28.008666666666667,20.18,39.777777777777786,15.500000000000002,24.1,964.0503333333332,SITE 5,EXT
2026-03-13 18:00:00,41.48822580645161,35.11064516129032,24.50693548387097,37.81362007168459,15.609318996415771,27.096774193548388,964.5625806451612,SITE 5,EXT
2026-03-13 19:00:00,46.658166666666666,38.818,26.9065,36.64814814814815,16.62962962962963,30.766666666666666,965.1573333333333,SITE 5,EXT
2026-03-13 20:00:00,44.08616666666667,36.79266666666667,25.68433333333333,34.96296296296296,17.796296296296298,36.5,966.2016666666666,SITE 5,EXT
2026-03-13 21:00:00,40.64783333333333,34.757666666666665,24.4205,34.074074074074076,17.85185185185185,38.6,966.649,SITE 5,EXT
2026-03-13 22:00:00,39.227666666666664,34.044666666666664,24.208000000000002,32.90740740740741,17.444444444444446,40.1,966.9083333333333,SITE 5,EXT
2026-03-13 23:00:00,37.207499999999996,32.65233333333334,23.235500000000002,32.2962962962963,17.796296296296298,42.46666666666667,966.9726666666667,SITE 5,EXT
2026-03-14 00:00:00,33.317166666666665,30.198500000000003,21.593833333333333,31.62962962962963,18.018518518518523,44.53333333333333,966.4913333333334,SITE 5,EXT
2026-03-14 01:00:00,31.930166666666665,29.283,20.8705,30.888888888888893,18.203703703703706,47.0,965.7936666666667,SITE 5,EXT
2026-03-14 02:00:00,29.908333333333335,27.861333333333334,19.921333333333333,29.98148148148148,18.203703703703706,49.5,965.2006666666667,SITE 5,EXT
2026-03-14 03:00:00,31.449666666666666,28.979833333333332,20.653333333333332,29.925925925925927,18.75925925925926,51.333333333333336,964.681,SITE 5,EXT
2026-03-14 04:00:00,31.773500000000002,29.184833333333334,20.579,29.425925925925927,18.77777777777778,53.266666666666666,964.7633333333334,SITE 5,EXT
2026-03-14 05:00:00,33.1655,30.116833333333332,21.245333333333335,28.87037037037037,19.0,55.766666666666666,965.3816666666667,SITE 5,EXT
2026-03-14 06:00:00,41.40133333333333,35.540499999999994,24.828166666666668,28.85185185185185,19.40740740740741,57.333333333333336,966.1953333333333,SITE 5,EXT
2026-03-14 07:00:00,46.568,38.56966666666666,26.548333333333336,29.64814814814815,19.796296296296298,56.03333333333333,967.0226666666666,SITE 5,EXT
2026-03-14 08:00:00,42.609,36.118500000000004,25.154,30.666666666666668,20.0,53.63333333333333,967.8486666666666,SITE 5,EXT
2026-03-14 09:00:00,40.37733333333333,34.709500000000006,24.485666666666667,32.37037037037037,20.203703703703702,49.03333333333333,968.5073333333333,SITE 5,EXT
2026-03-14 10:00:00,49.23583333333333,42.29383333333333,29.554,34.55555555555556,20.203703703703702,43.5,968.4633333333333,SITE 5,EXT
2026-03-14 11:00:00,42.04566666666667,35.99366666666666,25.454166666666666,36.90740740740741,19.98148148148148,37.43333333333333,967.6596666666667,SITE 5,EXT
2026-03-14 12:00:00,40.43183333333333,34.78333333333333,24.745333333333335,39.37037037037037,18.592592592592595,30.1,966.3973333333332,SITE 5,EXT
2026-03-14 13:00:00,30.58833333333333,27.83,20.358,41.14814814814815,15.25925925925926,22.066666666666666,965.135,SITE 5,EXT
2026-03-14 14:00:00,29.563666666666666,26.930999999999997,19.774833333333333,42.44444444444444,14.75925925925926,19.9,963.9913333333334,SITE 5,EXT
2026-03-14 15:00:00,32.740500000000004,29.117166666666666,21.062833333333334,42.0,14.185185185185185,19.633333333333333,962.965,SITE 5,EXT
2026-03-14 16:00:00,34.2225,30.403666666666666,21.934833333333334,41.25925925925926,13.092592592592592,18.833333333333332,962.4436666666667,SITE 5,EXT
2026-03-14 17:00:00,35.24066666666667,31.271666666666665,22.683333333333334,40.092592592592595,13.685185185185185,21.033333333333335,962.7306666666666,SITE 5,EXT
2026-03-14 18:00:00,41.9365,35.33383333333334,24.859666666666666,38.62962962962963,14.203703703703704,23.6,963.425,SITE 5,EXT
2026-03-14 19:00:00,70.0765,60.1625,41.85583333333333,37.27777777777778,14.722222222222223,26.2,964.3126666666667,SITE 5,EXT
2026-03-14 20:00:00,71.452,60.407333333333334,41.45133333333333,36.537037037037045,15.185185185185185,28.1,965.4419999999999,SITE 5,EXT
2026-03-14 21:00:00,49.54066666666667,40.796166666666664,28.4415,35.11111111111111,17.074074074074073,34.666666666666664,966.4076666666666,SITE 5,EXT
2026-03-14 22:00:00,45.4875,38.0245,26.461000000000002,34.22222222222222,17.722222222222225,37.833333333333336,966.6523333333333,SITE 5,EXT
2026-03-14 23:00:00,47.7175,39.9315,27.937666666666665,33.24074074074074,17.888888888888893,40.166666666666664,966.721,SITE 5,EXT
2026-03-15 00:00:00,45.90083333333334,38.4795,26.88383333333333,31.98148148148148,17.814814814814817,43.13333333333333,966.41,SITE 5,EXT
2026-03-15 01:00:00,41.432,35.665333333333336,25.14783333333333,31.48148148148148,17.592592592592595,43.86666666666667,966.0413333333332,SITE 5,EXT
2026-03-15 02:00:00,45.01083333333334,38.07216666666667,26.8125,30.925925925925927,17.90740740740741,46.266666666666666,965.5086666666666,SITE 5,EXT
2026-03-15 03:00:00,43.12266666666667,36.74916666666666,25.773,30.64814814814815,18.25925925925926,47.766666666666666,965.0463333333333,SITE 5,EXT
2026-03-15 04:00:00,46.06677419354838,38.68854838709677,26.809516129032257,30.161290322580644,18.53046594982079,50.096774193548384,965.3687096774194,SITE 5,EXT
2026-03-15 05:00:00,51.01616666666666,42.025,28.794333333333334,29.925925925925927,18.740740740740744,51.5,966.4973333333332,SITE 5,EXT
2026-03-15 06:00:00,59.9075,48.973333333333336,33.15,29.11111111111111,18.64814814814815,53.6,967.6616666666666,SITE 5,EXT
2026-03-15 07:00:00,58.099333333333334,47.150333333333336,32.40716666666667,29.888888888888893,19.185185185185183,53.1,968.5596666666667,SITE 5,EXT
2026-03-15 08:00:00,56.006499999999996,45.62683333333334,31.259,31.388888888888893,19.98148148148148,51.0,969.0683333333333,SITE 5,EXT
2026-03-15 09:00:00,59.4855,48.32533333333333,33.25983333333333,32.87037037037037,20.185185185185183,47.6,969.2083333333334,SITE 5,EXT
2026-03-15 10:00:00,53.37683333333334,43.85216666666667,30.26066666666667,35.148148148148145,20.25925925925926,42.1,969.0916666666667,SITE 5,EXT
2026-03-15 11:00:00,52.358666666666664,43.209500000000006,30.124166666666667,36.68518518518519,20.12962962962963,38.333333333333336,968.2803333333334,SITE 5,EXT
2026-03-15 12:00:00,50.8635,42.06816666666667,29.347166666666666,38.24074074074074,19.666666666666668,34.13333333333333,967.1286666666667,SITE 5,EXT
2026-03-15 13:00:00,46.373333333333335,38.87516666666667,27.242833333333333,39.87037037037037,17.796296296296298,27.933333333333334,965.9273333333333,SITE 5,EXT
2026-03-15 14:00:00,42.32966666666667,36.032333333333334,25.436,40.81481481481482,17.722222222222225,26.233333333333334,965.0773333333333,SITE 5,EXT
2026-03-15 15:00:00,35.777166666666666,31.576166666666666,22.702166666666667,40.03703703703704,16.72222222222222,25.666666666666668,964.4746666666667,SITE 5,EXT
2026-03-15 16:00:00,33.765166666666666,30.2025,21.746,39.42592592592593,15.574074074074074,24.5,964.316,SITE 5,EXT
2026-03-15 17:00:00,37.17383333333333,32.446333333333335,23.147333333333332,38.18518518518519,16.0,27.1,964.6033333333332,SITE 5,EXT
2026-03-15 18:00:00,41.07716666666667,34.9375,24.549500000000002,37.166666666666664,16.72222222222222,30.133333333333333,965.2396666666666,SITE 5,EXT
2026-03-15 19:00:00,53.7155,43.61516666666667,30.4335,36.38888888888889,17.944444444444446,33.9,965.8466666666667,SITE 5,EXT
2026-03-15 20:00:00,57.11116666666667,46.3115,32.080999999999996,35.5,18.240740740740744,36.4,966.8893333333333,SITE 5,EXT
2026-03-15 21:00:00,54.297000000000004,44.450833333333335,30.834,34.74074074074074,18.53703703703704,38.8,967.7326666666667,SITE 5,EXT
2026-03-15 22:00:00,47.854,39.5705,27.383333333333333,34.03703703703704,18.64814814814815,40.56666666666667,968.0973333333333,SITE 5,EXT
2026-03-15 23:00:00,45.025,37.669333333333334,26.019833333333334,32.87037037037037,18.925925925925927,43.93333333333333,968.0526666666666,SITE 5,EXT
2026-03-16 00:00:00,49.64783333333333,41.14483333333333,28.600666666666665,32.37037037037037,19.185185185185183,45.9,967.8083333333333,SITE 5,EXT
2026-03-16 01:00:00,45.14533333333334,37.93366666666667,26.414166666666667,31.370370370370374,18.98148148148148,47.9,967.1586666666667,SITE 5,EXT
2026-03-16 02:00:00,38.735,33.880833333333335,23.844833333333334,30.870370370370374,18.666666666666668,48.4,966.67,SITE 5,EXT
2026-03-16 03:00:00,37.68066666666667,33.31183333333333,23.531833333333335,29.87037037037037,18.388888888888893,50.56666666666667,966.6333333333333,SITE 5,EXT
2026-03-16 04:00:00,40.037166666666664,34.74916666666666,24.2365,29.055555555555557,18.5,53.46666666666667,966.6396666666666,SITE 5,EXT
2026-03-16 05:00:00,43.20233333333333,36.69183333333333,25.429166666666667,28.740740740740744,18.703703703703702,54.86666666666667,966.8633333333333,SITE 5,EXT
2026-03-16 06:00:00,92.484,80.80016666666667,49.2355,28.425925925925927,18.425925925925927,55.166666666666664,967.5053333333333,SITE 5,EXT
2026-03-16 07:00:00,57.00183333333334,46.40333333333333,31.309,28.75925925925926,18.574074074074076,54.43333333333333,968.9426666666666,SITE 5,EXT
2026-03-16 08:00:00,56.395833333333336,45.68983333333333,31.017,30.203703703703706,18.574074074074076,50.13333333333333,969.654,SITE 5,EXT
2026-03-16 09:00:00,51.582,42.18816666666667,28.868833333333335,32.333333333333336,18.296296296296298,43.63333333333333,969.84,SITE 5,EXT
2026-03-16 10:00:00,49.651500000000006,41.43416666666667,28.768500000000003,35.592592592592595,17.074074074074076,33.733333333333334,969.677,SITE 5,EXT
2026-03-16 11:00:00,37.89516666666667,32.809999999999995,23.198833333333333,38.611111111111114,15.055555555555555,24.966666666666665,968.795,SITE 5,EXT
2026-03-16 12:00:00,33.1955,28.861333333333334,20.41283333333333,39.98148148148148,12.203703703703704,19.3,967.6033333333332,SITE 5,EXT
2026-03-16 13:00:00,26.555,23.078611111111112,16.503611111111113,42.345679012345684,8.333333333333334,12.88888888888889,966.5405555555556,SITE 5,EXT
2026-03-16 14:00:00,21.36875,19.348125,14.070625,40.97222222222223,6.111111111111112,12.0,964.73875,SITE 5,EXT
2026-03-16 15:00:00,25.605,22.119074074074074,15.832407407407409,41.99588477366255,6.460905349794239,11.481481481481481,964.3107407407407,SITE 5,EXT
2026-03-16 16:00:00,26.678166666666666,23.205666666666666,16.517,41.55555555555556,7.074074074074074,12.233333333333333,963.9546666666666,SITE 5,EXT
2026-03-16 17:00:00,26.878666666666668,23.456,16.496666666666666,39.74074074074074,6.611111111111112,13.066666666666666,964.065,SITE 5,EXT
2026-03-16 18:00:00,45.660833333333336,37.12016666666667,25.295166666666667,38.38888888888889,7.12962962962963,14.8,964.6483333333333,SITE 5,EXT
2026-03-16 19:00:00,76.31333333333333,64.88083333333333,43.43516666666667,36.851851851851855,8.055555555555555,16.933333333333334,965.3036666666667,SITE 5,EXT
2026-03-16 20:00:00,67.72344827586207,53.68827586206897,36.49017241379311,36.0536398467433,7.777777777777779,17.275862068965516,966.2410344827587,SITE 5,EXT
2026-03-16 21:00:00,67.31649999999999,54.11216666666667,37.1115,35.166666666666664,7.574074074074074,18.233333333333334,966.7783333333333,SITE 5,EXT
2026-03-16 22:00:00,61.00083333333334,48.397166666666664,33.330999999999996,34.57407407407407,6.814814814814815,18.0,967.1226666666666,SITE 5,EXT
2026-03-16 23:00:00,43.797000000000004,36.293,25.0995,33.870370370370374,6.314814814814815,18.2,967.0826666666667,SITE 5,EXT
2026-03-17 00:00:00,61.16316666666667,49.13216666666666,33.762166666666666,33.111111111111114,8.74074074074074,22.3,966.9493333333334,SITE 5,EXT
2026-03-17 01:00:00,51.47354838709678,42.1283870967742,29.199193548387097,31.433691756272403,14.802867383512545,36.774193548387096,966.7106451612902,SITE 5,EXT
2026-03-17 02:00:00,53.032666666666664,43.458499999999994,30.0255,30.962962962962965,16.296296296296298,41.56666666666667,966.378,SITE 5,EXT
2026-03-17 03:00:00,53.5135,44.07566666666666,30.5385,30.40740740740741,17.25925925925926,45.46666666666667,966.1433333333333,SITE 5,EXT
2026-03-17 04:00:00,52.17183333333333,42.92283333333333,29.598833333333335,29.796296296296298,18.166666666666668,50.166666666666664,966.2483333333333,SITE 5,EXT
2026-03-17 05:00:00,46.42466666666667,38.75416666666667,26.758,29.40740740740741,18.833333333333332,53.6,967.1293333333334,SITE 5,EXT
2026-03-17 06:00:00,48.622166666666665,40.35016666666666,27.9935,29.40740740740741,19.222222222222225,54.93333333333333,967.6843333333333,SITE 5,EXT
2026-03-17 07:00:00,50.407833333333336,41.628,28.891333333333332,29.314814814814817,19.740740740740744,56.8,968.7156666666667,SITE 5,EXT
2026-03-17 08:00:00,41.0205,35.15883333333333,24.559666666666665,30.11111111111111,20.14814814814815,55.56666666666667,969.3436666666668,SITE 5,EXT
2026-03-17 09:00:00,37.26883333333333,32.770833333333336,23.157666666666668,32.37037037037037,20.222222222222225,49.2,969.7283333333332,SITE 5,EXT
2026-03-17 10:00:00,33.46516666666666,30.261166666666668,21.743166666666664,35.37037037037037,20.37037037037037,41.733333333333334,969.616,SITE 5,EXT
2026-03-17 11:00:00,34.27741379310345,30.782586206896553,22.281724137931032,37.816091954022994,20.268199233716476,36.37931034482759,968.7665517241379,SITE 5,EXT
2026-03-17 12:00:00,32.539,29.2775,21.3835,39.01851851851852,18.888888888888893,31.066666666666666,967.9513333333333,SITE 5,EXT
2026-03-17 13:00:00,32.1725,28.893166666666666,21.093,39.37037037037037,18.092592592592595,29.066666666666666,966.673,SITE 5,EXT
2026-03-17 14:00:00,31.00883333333333,27.912333333333333,20.329833333333333,39.92592592592593,17.555555555555554,27.4,965.5733333333334,SITE 5,EXT
2026-03-17 15:00:00,31.487833333333334,28.567666666666664,20.808333333333334,39.351851851851855,17.037037037037035,27.166666666666668,965.007,SITE 5,EXT
2026-03-17 16:00:00,32.9595,29.5775,21.43616666666667,38.81481481481481,16.88888888888889,27.9,964.9896666666666,SITE 5,EXT
2026-03-17 17:00:00,30.747166666666665,27.824,20.054,37.03703703703704,16.555555555555557,30.033333333333335,965.3330000000001,SITE 5,EXT
2026-03-17 18:00:00,31.58583333333333,28.047833333333337,20.214333333333332,35.62962962962963,16.314814814814817,31.9,965.673,SITE 5,EXT
2026-03-17 19:00:00,33.50383333333333,29.715500000000002,21.328333333333333,34.74074074074074,16.462962962962965,33.733333333333334,966.3653333333333,SITE 5,EXT
2026-03-17 20:00:00,31.152833333333334,27.9975,20.220333333333333,34.14814814814815,16.37037037037037,34.93333333333333,967.3333333333334,SITE 5,EXT
2026-03-17 21:00:00,31.316166666666668,28.145500000000002,20.149333333333335,33.53703703703704,16.444444444444446,36.06666666666667,968.1419999999999,SITE 5,EXT
2026-03-17 22:00:00,40.404333333333334,34.4305,24.221,33.03703703703704,16.64814814814815,37.766666666666666,968.4356666666666,SITE 5,EXT
2026-03-17 23:00:00,40.70483333333333,34.79233333333333,24.549833333333332,32.42592592592593,16.74074074074074,39.4,968.2909999999999,SITE 5,EXT
2026-03-18 00:00:00,46.33183333333333,38.70633333333333,27.130333333333333,31.722222222222225,17.12962962962963,42.0,967.7693333333334,SITE 5,EXT
2026-03-18 01:00:00,42.299354838709675,36.02596774193549,25.274193548387096,31.111111111111114,17.741935483870968,45.16129032258065,966.9422580645161,SITE 5,EXT
2026-03-18 02:00:00,40.62,34.90983333333334,24.625833333333333,30.61111111111111,17.90740740740741,46.96666666666667,966.179,SITE 5,EXT
2026-03-18 03:00:00,39.98533333333333,34.492666666666665,24.421333333333333,30.055555555555554,18.074074074074076,48.7,965.9433333333333,SITE 5,EXT
2026-03-18 04:00:00,40.285666666666664,34.775,24.62066666666667,29.796296296296298,18.48148148148148,51.03333333333333,966.1566666666666,SITE 5,EXT
2026-03-18 05:00:00,42.521499999999996,36.04266666666667,25.189500000000002,29.01851851851852,18.703703703703702,54.333333333333336,966.6063333333333,SITE 5,EXT
2026-03-18 06:00:00,38.588499999999996,33.59066666666667,23.579333333333334,28.31481481481482,19.314814814814817,58.93333333333333,967.1753333333332,SITE 5,EXT
2026-03-18 07:00:00,34.69166666666667,30.7975,21.660500000000003,29.185185185185183,19.85185185185185,57.7,967.7083333333334,SITE 5,EXT
2026-03-18 08:00:00,33.215833333333336,29.99116666666667,21.356333333333335,30.944444444444446,20.055555555555554,52.666666666666664,968.3856666666667,SITE 5,EXT
2026-03-18 09:00:00,33.897000000000006,30.09766666666667,21.60183333333333,33.24074074074074,20.037037037037035,46.46666666666667,968.9276666666666,SITE 5,EXT
2026-03-18 10:00:00,33.3695,30.020166666666668,21.562,35.87037037037037,19.925925925925927,39.7,969.0603333333333,SITE 5,EXT
2026-03-18 11:00:00,36.60466666666667,32.123000000000005,23.031333333333336,37.07407407407407,19.85185185185185,36.86666666666667,968.4753333333333,SITE 5,EXT
2026-03-18 12:00:00,36.792500000000004,32.198,23.167166666666667,37.74074074074075,20.11111111111111,36.2,967.5966666666667,SITE 5,EXT
2026-03-18 13:00:00,36.34,31.8835,23.154999999999998,40.22222222222222,19.48148148148148,30.5,966.462,SITE 5,EXT
2026-03-18 14:00:00,30.327833333333334,27.4815,20.234166666666667,39.46296296296296,17.685185185185183,28.2,965.5403333333333,SITE 5,EXT
2026-03-18 15:00:00,26.663833333333333,24.8625,18.307833333333335,39.61111111111111,16.12962962962963,25.366666666666667,964.8736666666666,SITE 5,EXT
2026-03-18 16:00:00,33.04533333333333,29.190166666666666,21.191333333333333,39.12962962962963,16.01851851851852,25.866666666666667,964.3616666666666,SITE 5,EXT
2026-03-18 17:00:00,33.60166666666667,29.564833333333336,21.218833333333336,38.351851851851855,15.62962962962963,26.433333333333334,964.4236666666667,SITE 5,EXT
2026-03-18 18:00:00,43.074,35.60883333333333,24.7255,37.2037037037037,15.925925925925926,28.533333333333335,964.8430000000001,SITE 5,EXT
2026-03-18 19:00:00,59.415499999999994,47.825500000000005,32.87716666666667,36.277777777777786,16.574074074074073,31.3,965.524,SITE 5,EXT
2026-03-18 20:00:00,68.38799999999999,56.12466666666667,38.59066666666667,35.64814814814815,16.85185185185185,32.86666666666667,966.357,SITE 5,EXT
2026-03-18 21:00:00,55.20466666666666,44.47,30.471833333333333,34.666666666666664,16.555555555555557,34.13333333333333,966.7916666666666,SITE 5,EXT
2026-03-18 22:00:00,52.45633333333333,42.641,29.738999999999997,34.27777777777778,16.74074074074074,35.43333333333333,967.1003333333334,SITE 5,EXT
2026-03-18 23:00:00,47.95316666666667,39.670833333333334,27.7545,33.148148148148145,17.314814814814817,39.2,967.1933333333333,SITE 5,EXT
2026-03-19 00:00:00,47.77166666666667,39.7175,27.825333333333333,32.22222222222222,17.62962962962963,42.4,966.772,SITE 5,EXT
2026-03-19 01:00:00,46.5715,39.40833333333333,27.973166666666668,32.22222222222222,17.85185185185185,42.93333333333333,966.3123333333333,SITE 5,EXT
2026-03-19 02:00:00,38.54183333333333,33.61566666666667,23.99683333333333,31.722222222222225,17.90740740740741,44.0,965.9556666666666,SITE 5,EXT
2026-03-19 03:00:00,36.290333333333336,32.202666666666666,23.027833333333334,31.055555555555557,17.90740740740741,46.2,965.696,SITE 5,EXT
2026-03-19 04:00:00,37.63466666666667,33.0815,23.617833333333333,30.444444444444446,18.222222222222225,48.4,965.8893333333333,SITE 5,EXT
2026-03-19 05:00:00,42.24483333333333,36.0525,25.28083333333333,29.203703703703706,18.370370370370374,52.6,966.307,SITE 5,EXT
2026-03-19 06:00:00,45.013333333333335,37.7305,26.477500000000003,28.64814814814815,18.98148148148148,56.266666666666666,967.0006666666667,SITE 5,EXT
2026-03-19 07:00:00,42.089333333333336,35.7625,25.043333333333333,29.25925925925926,19.796296296296298,57.333333333333336,967.582,SITE 5,EXT
2026-03-19 08:00:00,35.4775,31.113166666666665,21.9325,30.425925925925927,20.14814814814815,54.766666666666666,968.2906666666667,SITE 5,EXT
2026-03-19 09:00:00,30.61616666666667,27.636666666666667,19.924833333333332,32.74074074074074,20.240740740740744,48.233333333333334,968.8716666666667,SITE 5,EXT
2026-03-19 10:00:00,28.927413793103447,26.593793103448277,19.442758620689656,36.015325670498086,20.191570881226053,40.13793103448276,969.2155172413793,SITE 5,EXT
2026-03-19 11:00:00,31.127666666666666,28.005,20.5665,37.88888888888889,19.87037037037037,35.3,968.4766666666667,SITE 5,EXT
2026-03-19 12:00:00,34.935500000000005,31.118333333333332,22.872666666666664,39.88888888888889,19.48148148148148,30.866666666666667,967.1326666666666,SITE 5,EXT
2026-03-19 13:00:00,33.114666666666665,29.463666666666665,21.926,40.98148148148149,18.703703703703706,27.7,965.8963333333334,SITE 5,EXT
2026-03-19 14:00:00,29.176666666666666,26.473333333333336,19.811,41.20370370370371,18.296296296296298,26.6,964.8430000000001,SITE 5,EXT
2026-03-19 15:00:00,29.517166666666665,26.983,20.06433333333333,40.18518518518519,17.98148148148148,27.433333333333334,964.0246666666667,SITE 5,EXT
2026-03-19 16:00:00,32.04383333333333,28.819000000000003,21.332333333333334,39.96296296296296,17.796296296296298,27.666666666666668,963.5693333333334,SITE 5,EXT
2026-03-19 17:00:00,36.66716666666667,32.35783333333333,23.4825,39.31481481481481,17.407407407407405,27.966666666666665,963.4926666666667,SITE 5,EXT
2026-03-19 18:00:00,58.4135,50.0555,34.088166666666666,37.77777777777778,16.98148148148148,29.566666666666666,963.9443333333334,SITE 5,EXT
2026-03-19 19:00:00,56.94566666666666,45.816833333333335,31.3915,37.11111111111111,17.037037037037035,30.833333333333332,964.5840000000001,SITE 5,EXT
2026-03-19 20:00:00,46.99816666666666,39.50233333333333,27.862666666666666,36.40740740740741,17.037037037037035,32.0,965.3539999999999,SITE 5,EXT
2026-03-19 21:00:00,52.38633333333333,43.191833333333335,30.1685,36.18518518518519,17.61111111111111,33.63333333333333,965.8603333333334,SITE 5,EXT
2026-03-19 22:00:00,79.21350000000001,68.49283333333332,43.97266666666666,35.592592592592595,17.814814814814817,35.333333333333336,966.025,SITE 5,EXT
2026-03-19 23:00:00,49.17316666666667,40.401833333333336,28.045666666666666,33.870370370370374,18.092592592592595,39.46666666666667,966.3653333333333,SITE 5,EXT
2026-03-20 00:00:00,47.544666666666664,39.56366666666667,27.824166666666667,33.111111111111114,18.370370370370374,41.833333333333336,965.787,SITE 5,EXT
2026-03-20 01:00:00,44.10633333333333,37.406333333333336,26.549666666666667,32.72222222222222,18.351851851851855,43.03333333333333,965.2526666666668,SITE 5,EXT
2026-03-20 02:00:00,41.276500000000006,35.98633333333333,25.7865,32.03703703703704,18.25925925925926,44.0,965.1726666666667,SITE 5,EXT
2026-03-20 03:00:00,36.010999999999996,31.227,22.1425,30.074074074074076,18.25925925925926,50.2,965.8243333333334,SITE 5,EXT
2026-03-20 04:00:00,23.924166666666668,22.28983333333333,16.36733333333333,27.018518518518523,18.240740740740744,59.3,965.356,SITE 5,EXT
2026-03-20 05:00:00,22.50183333333333,20.847166666666666,15.487833333333333,26.333333333333332,18.240740740740744,61.833333333333336,965.913,SITE 5,EXT
2026-03-20 06:00:00,24.3435,22.77583333333333,16.850166666666667,26.98148148148148,18.666666666666668,60.766666666666666,966.3693333333334,SITE 5,EXT
2026-03-20 07:00:00,52.49533333333333,47.55133333333333,29.913833333333333,29.092592592592595,19.27777777777778,55.93333333333333,967.1323333333333,SITE 5,EXT
2026-03-20 08:00:00,28.5575,26.125333333333334,18.7695,30.018518518518523,19.203703703703706,52.833333333333336,967.889,SITE 5,EXT
2026-03-20 09:00:00,34.63983333333333,30.7695,22.171499999999998,32.833333333333336,20.166666666666668,47.733333333333334,968.1656666666667,SITE 5,EXT
2026-03-20 10:00:00,38.79333333333333,33.85316666666667,24.293166666666664,35.18518518518519,20.87037037037037,43.63333333333333,968.3153333333333,SITE 5,EXT
2026-03-20 11:00:00,37.7775,33.21516666666667,24.026,37.333333333333336,21.0,38.96666666666667,967.5456666666666,SITE 5,EXT
2026-03-20 12:00:00,34.878,31.080499999999997,22.834666666666667,38.94444444444444,20.12962962962963,33.93333333333333,966.3936666666667,SITE 5,EXT
2026-03-20 13:00:00,35.22866666666666,31.235833333333336,23.1215,40.18518518518519,19.333333333333332,30.033333333333335,965.2783333333333,SITE 5,EXT
2026-03-20 14:00:00,33.37266666666667,29.932166666666667,22.108999999999998,38.333333333333336,19.12962962962963,33.03333333333333,964.3223333333334,SITE 5,EXT
2026-03-20 15:00:00,25.057666666666666,23.223166666666664,17.4405,33.648148148148145,17.740740740740744,39.06666666666667,963.8770000000001,SITE 5,EXT
2026-03-20 16:00:00,34.85133333333333,31.25433333333333,22.887166666666666,37.81481481481482,18.962962962962965,33.46666666666667,963.1356666666667,SITE 5,EXT
2026-03-20 17:00:00,34.6155,30.953500000000002,22.7405,38.22222222222222,18.166666666666668,30.966666666666665,963.259,SITE 5,EXT
2026-03-20 18:00:00,43.78366666666667,37.94116666666666,27.06116666666667,35.833333333333336,17.62962962962963,34.43333333333333,963.7786666666667,SITE 5,EXT
2026-03-20 19:00:00,43.345666666666666,36.74316666666667,26.275,33.77777777777778,18.925925925925927,41.86666666666667,964.3430000000001,SITE 5,EXT
2026-03-20 20:00:00,41.4435,35.273,25.255333333333333,33.22222222222222,19.055555555555557,43.333333333333336,965.0433333333333,SITE 5,EXT
2026-03-20 21:00:00,43.147166666666664,36.739333333333335,26.029666666666667,32.46296296296296,18.888888888888893,45.0,965.3729999999999,SITE 5,EXT
2026-03-20 22:00:00,38.195344827586204,33.252931034482756,23.916206896551724,32.12643678160919,18.333333333333336,44.51724137931034,965.67,SITE 5,EXT
2026-03-20 23:00:00,40.01133333333333,34.47,24.449833333333334,32.01851851851852,18.370370370370374,44.733333333333334,965.6473333333332,SITE 5,EXT
2026-03-21 00:00:00,40.51416666666667,34.96183333333333,24.788666666666664,31.555555555555557,19.11111111111111,48.166666666666664,965.4446666666666,SITE 5,EXT
2026-03-21 01:00:00,38.52283333333333,33.805166666666665,24.267,31.03703703703704,19.314814814814817,49.93333333333333,965.2203333333333,SITE 5,EXT
2026-03-21 02:00:00,37.23716666666667,33.013999999999996,23.740333333333336,30.388888888888893,19.351851851851855,52.2,964.6166666666667,SITE 5,EXT
2026-03-21 03:00:00,36.209500000000006,32.403333333333336,23.292666666666666,30.203703703703702,19.240740740740744,52.3,964.3523333333334,SITE 5,EXT
2026-03-21 04:00:00,39.957,34.68216666666667,24.767166666666665,30.0,19.444444444444446,53.53333333333333,964.454,SITE 5,EXT
2026-03-21 05:00:00,42.673,36.390499999999996,25.49683333333333,29.85185185185185,19.592592592592595,54.86666666666667,964.7099999999999,SITE 5,EXT
2026-03-21 06:00:00,45.867666666666665,38.549,26.924500000000002,29.444444444444446,19.88888888888889,56.56666666666667,965.2180000000001,SITE 5,EXT
2026-03-21 07:00:00,47.459833333333336,39.583333333333336,27.5475,29.85185185185185,20.240740740740744,56.6,965.8283333333333,SITE 5,EXT
2026-03-21 08:00:00,42.67333333333333,36.41733333333333,25.681166666666666,31.666666666666668,20.574074074074076,52.36666666666667,966.4773333333334,SITE 5,EXT
2026-03-21 09:00:00,39.19949999999999,34.1825,24.412666666666667,32.77777777777778,20.722222222222225,49.46666666666667,967.1343333333333,SITE 5,EXT
2026-03-21 10:00:00,37.217,32.78883333333333,23.726333333333333,35.51851851851852,20.574074074074076,42.0,967.0,SITE 5,EXT
2026-03-21 11:00:00,37.450833333333335,33.11966666666667,23.998333333333335,38.38888888888889,20.444444444444446,35.6,966.4646666666666,SITE 5,EXT
2026-03-21 12:00:00,36.441833333333335,32.17716666666667,23.625,40.38888888888889,20.074074074074076,31.1,965.5403333333333,SITE 5,EXT
2026-03-21 13:00:00,34.46366666666667,30.793166666666664,22.961666666666666,40.94444444444445,19.574074074074076,29.433333333333334,964.5133333333334,SITE 5,EXT
2026-03-21 14:00:00,30.485166666666665,27.449333333333335,20.478833333333334,41.81481481481482,17.833333333333332,25.066666666666666,963.438,SITE 5,EXT
2026-03-21 15:00:00,33.099666666666664,29.275333333333332,21.609166666666667,41.88888888888889,17.407407407407405,24.2,962.582,SITE 5,EXT
2026-03-21 16:00:00,31.255666666666666,27.912333333333333,20.9515,41.92592592592593,17.12962962962963,23.733333333333334,962.2003333333334,SITE 5,EXT
2026-03-21 17:00:00,30.729666666666667,27.478333333333335,20.507,40.7037037037037,16.74074074074074,24.833333333333332,962.0946666666666,SITE 5,EXT
2026-03-21 18:00:00,32.28551724137931,28.853103448275863,21.150517241379312,35.21072796934866,17.873563218390807,36.62068965517241,962.7531034482759,SITE 5,EXT
2026-03-21 19:00:00,47.36816666666667,39.5145,27.986,33.98148148148148,18.333333333333332,39.93333333333333,963.6113333333334,SITE 5,EXT
2026-03-21 20:00:00,55.07566666666666,44.48966666666667,30.9405,35.11111111111111,18.574074074074076,37.9,964.6023333333334,SITE 5,EXT
2026-03-21 21:00:00,45.9835,38.47866666666666,27.162,34.72222222222222,19.092592592592595,40.166666666666664,965.4493333333334,SITE 5,EXT
2026-03-21 22:00:00,40.427,34.95433333333334,24.958666666666666,33.66666666666667,18.90740740740741,42.2,966.1903333333333,SITE 5,EXT
2026-03-21 23:00:00,36.4915,32.150999999999996,23.404333333333334,32.7962962962963,19.40740740740741,45.56666666666667,966.2673333333333,SITE 5,EXT
2026-03-22 00:00:00,38.9125,33.841166666666666,24.233333333333334,32.12962962962963,19.444444444444446,47.733333333333334,965.9546666666666,SITE 5,EXT
2026-03-22 01:00:00,37.86116666666667,33.206,23.992666666666665,31.462962962962965,19.351851851851855,48.9,965.254,SITE 5,EXT
2026-03-22 02:00:00,34.0925,30.43116666666667,22.442,31.16666666666667,19.370370370370374,49.8,964.6949999999999,SITE 5,EXT
2026-03-22 03:00:00,32.746,29.854333333333333,21.650166666666667,30.5,19.40740740740741,52.03333333333333,964.7316666666667,SITE 5,EXT
2026-03-22 04:00:00,31.4665,29.0545,20.975166666666667,29.833333333333332,19.518518518518523,54.7,964.8593333333333,SITE 5,EXT
2026-03-22 05:00:00,35.607166666666664,31.806833333333334,22.773,29.40740740740741,20.14814814814815,57.733333333333334,965.0840000000001,SITE 5,EXT
2026-03-22 06:00:00,41.056000000000004,35.282000000000004,24.918,29.296296296296298,20.40740740740741,60.0,965.6996666666668,SITE 5,EXT
2026-03-22 07:00:00,44.33983870967742,37.50096774193548,26.278225806451612,29.60573476702509,21.18279569892473,60.774193548387096,966.5403225806451,SITE 5,EXT
2026-03-22 08:00:00,41.98116666666667,35.9375,25.4115,30.35185185185185,21.444444444444446,59.56666666666667,967.4509999999999,SITE 5,EXT
2026-03-22 09:00:00,44.90551724137931,37.895172413793105,26.829655172413794,32.04980842911878,21.475095785440615,54.06896551724138,967.6524137931034,SITE 5,EXT
2026-03-22 10:00:00,50.10583333333333,41.53766666666666,29.3825,35.092592592592595,21.296296296296298,45.166666666666664,967.453,SITE 5,EXT
2026-03-22 11:00:00,47.73766666666667,39.99216666666666,28.521666666666665,37.5,20.90740740740741,38.43333333333333,966.592,SITE 5,EXT
2026-03-22 12:00:00,44.472833333333334,37.79866666666667,27.162,39.592592592592595,20.37037037037037,32.93333333333333,965.474,SITE 5,EXT
2026-03-22 13:00:00,42.774166666666666,36.61483333333333,26.380499999999998,40.53703703703704,20.01851851851852,30.933333333333334,964.5293333333334,SITE 5,EXT
2026-03-22 14:00:00,42.958,36.6775,26.456333333333337,40.94444444444445,19.85185185185185,29.933333333333334,963.5746666666668,SITE 5,EXT
2026-03-22 15:00:00,40.297000000000004,34.955333333333336,25.360833333333336,41.111111111111114,19.203703703703702,28.433333333333334,962.6906666666667,SITE 5,EXT
2026-03-22 16:00:00,40.27066666666666,34.91766666666667,25.305833333333332,40.01851851851852,19.314814814814817,30.3,962.133,SITE 5,EXT
2026-03-22 17:00:00,42.002833333333335,35.97683333333334,25.825499999999998,38.12962962962963,19.333333333333332,33.733333333333334,962.1906666666667,SITE 5,EXT
2026-03-22 18:00:00,45.536833333333334,38.11033333333333,27.15583333333333,37.05555555555556,19.574074074074076,36.333333333333336,962.9396666666667,SITE 5,EXT
2026-03-22 19:00:00,57.118,46.76133333333333,33.32933333333333,36.07407407407408,20.01851851851852,39.43333333333333,963.8539999999999,SITE 5,EXT
2026-03-22 20:00:00,58.83833333333334,48.26,34.66266666666666,35.55555555555556,20.14814814814815,40.93333333333333,964.7819999999999,SITE 5,EXT
2026-03-22 21:00:00,57.311,46.788333333333334,33.11416666666666,34.7962962962963,20.333333333333332,43.166666666666664,965.5476666666667,SITE 5,EXT
2026-03-22 22:00:00,45.45883333333334,38.20183333333333,26.962833333333332,33.851851851851855,19.074074074074076,42.166666666666664,966.4673333333334,SITE 5,EXT
2026-03-22 23:00:00,36.622499999999995,32.156333333333336,23.2515,33.18518518518519,17.407407407407405,39.5,966.5936666666668,SITE 5,EXT
2026-03-23 00:00:00,35.44283333333333,31.245333333333335,22.8885,32.5,17.814814814814817,41.766666666666666,966.3093333333333,SITE 5,EXT
2026-03-23 01:00:00,39.28333333333333,34.0815,24.384999999999998,32.03703703703704,18.40740740740741,44.9,965.2396666666666,SITE 5,EXT
2026-03-23 02:00:00,32.68483333333333,28.744000000000003,20.646,29.685185185185187,17.814814814814817,49.9,965.5693333333334,SITE 5,EXT
2026-03-23 03:00:00,40.274,34.07866666666667,25.874333333333333,24.61111111111111,18.888888888888893,71.13333333333334,968.4216666666667,SITE 5,EXT
2026-03-23 04:00:00,12.655166666666666,12.067,9.673166666666667,24.574074074074076,19.351851851851855,73.16666666666667,969.5216666666668,SITE 5,EXT
2026-03-23 05:00:00,12.118,11.669166666666666,9.687833333333334,24.685185185185183,18.944444444444446,70.7,969.516,SITE 5,EXT
2026-03-23 06:00:00,14.419666666666666,13.572833333333334,11.202,23.53703703703704,18.814814814814817,75.76666666666667,969.7713333333334,SITE 5,EXT
2026-03-23 07:00:00,19.596999999999998,18.329833333333333,14.315333333333333,23.62962962962963,18.296296296296298,72.66666666666667,969.7403333333333,SITE 5,EXT
2026-03-23 08:00:00,24.531166666666664,21.674666666666667,16.0475,24.944444444444446,18.53703703703704,68.2,970.118,SITE 5,EXT
2026-03-23 09:00:00,19.953666666666667,18.0545,13.980500000000001,26.11111111111111,19.074074074074076,66.1,970.1493333333333,SITE 5,EXT
2026-03-23 10:00:00,20.409333333333333,18.338666666666665,13.866999999999999,27.444444444444446,19.27777777777778,61.63333333333333,969.8993333333333,SITE 5,EXT
2026-03-23 11:00:00,18.394833333333334,17.014833333333332,13.467166666666666,29.796296296296298,19.592592592592595,54.9,968.8976666666666,SITE 5,EXT
2026-03-23 12:00:00,18.634166666666665,17.2665,13.944333333333333,32.07407407407407,19.48148148148148,47.7,967.569,SITE 5,EXT
2026-03-23 13:00:00,21.907333333333334,19.7835,15.4835,32.92592592592593,19.25925925925926,44.93333333333333,966.5956666666666,SITE 5,EXT
2026-03-23 14:00:00,19.602666666666668,18.197,14.433,33.611111111111114,18.962962962962965,42.43333333333333,966.1346666666667,SITE 5,EXT
2026-03-23 15:00:00,23.142,21.056166666666666,16.438,33.05555555555556,18.388888888888893,42.1,965.9150000000001,SITE 5,EXT
2026-03-23 16:00:00,26.44,24.043499999999998,18.459833333333332,33.370370370370374,18.85185185185185,42.5,965.5073333333333,SITE 5,EXT
2026-03-23 17:00:00,35.10916666666667,30.595000000000002,22.553,32.53703703703704,19.074074074074076,45.266666666666666,965.3133333333334,SITE 5,EXT
2026-03-23 18:00:00,43.43483333333334,36.438833333333335,25.860333333333337,31.40740740740741,19.833333333333332,50.56666666666667,965.6366666666667,SITE 5,EXT
2026-03-23 19:00:00,63.46116666666667,52.03216666666666,37.82233333333333,30.61111111111111,20.074074074074076,54.03333333333333,966.394,SITE 5,EXT
2026-03-23 20:00:00,60.948,49.52066666666666,35.593333333333334,30.555555555555557,20.333333333333332,54.8,967.2180000000001,SITE 5,EXT
2026-03-23 21:00:00,64.55383333333333,57.589166666666664,39.074666666666666,30.462962962962965,20.48148148148148,55.733333333333334,968.0623333333333,SITE 5,EXT
2026-03-23 22:00:00,60.030499999999996,48.996833333333335,34.5915,29.962962962962965,20.814814814814817,58.43333333333333,968.5876666666667,SITE 5,EXT
2026-03-23 23:00:00,52.361,42.95583333333333,30.06566666666667,29.444444444444446,20.5,59.3,968.391,SITE 5,EXT
2026-03-24 00:00:00,46.029333333333334,38.727999999999994,27.22533333333333,29.185185185185183,20.75925925925926,61.2,968.3539999999999,SITE 5,EXT
2026-03-24 01:00:00,40.1175,34.751999999999995,24.731166666666663,28.87037037037037,21.037037037037035,63.03333333333333,967.7253333333333,SITE 5,EXT
2026-03-24 02:00:00,42.60548387096774,36.50887096774194,25.694193548387098,28.799283154121866,21.00358422939068,63.225806451612904,967.2506451612903,SITE 5,EXT
2026-03-24 03:00:00,44.276833333333336,37.997166666666665,26.939666666666668,28.203703703703706,20.703703703703702,64.53333333333333,967.3403333333333,SITE 5,EXT
2026-03-24 04:00:00,39.627500000000005,34.39033333333334,24.320666666666668,27.740740740740744,20.5,65.43333333333334,967.2393333333333,SITE 5,EXT
2026-03-24 05:00:00,39.15083333333334,33.86233333333333,24.207333333333334,27.48148148148148,20.12962962962963,64.7,967.4483333333334,SITE 5,EXT
2026-03-24 06:00:00,40.38966666666667,34.63416666666667,24.96466666666667,27.77777777777778,19.592592592592595,61.6,968.004,SITE 5,EXT
2026-03-24 07:00:00,43.642833333333336,36.34916666666666,25.393833333333337,28.203703703703706,19.685185185185183,60.63333333333333,968.6133333333333,SITE 5,EXT
2026-03-24 08:00:00,36.706,31.918166666666664,23.081666666666667,29.64814814814815,20.166666666666668,57.36666666666667,969.1306666666666,SITE 5,EXT
2026-03-24 09:00:00,37.02766666666666,32.519,23.603166666666667,31.90740740740741,20.77777777777778,52.333333333333336,969.1736666666667,SITE 5,EXT
2026-03-24 10:00:00,37.09583333333333,32.71183333333333,23.923833333333334,34.7962962962963,20.740740740740744,44.36666666666667,969.2143333333333,SITE 5,EXT
2026-03-24 11:00:00,39.02433333333333,34.0625,24.887166666666666,36.351851851851855,20.203703703703702,39.166666666666664,968.788,SITE 5,EXT
2026-03-24 12:00:00,37.99583333333333,33.33233333333333,24.158,38.01851851851852,19.685185185185183,34.8,967.8050000000001,SITE 5,EXT
2026-03-24 13:00:00,40.275666666666666,34.94383333333334,25.185666666666666,38.611111111111114,18.98148148148148,31.966666666666665,966.7213333333333,SITE 5,EXT
2026-03-24 14:00:00,33.8215,30.250666666666667,22.474,39.53703703703704,18.925925925925927,30.433333333333334,965.7263333333334,SITE 5,EXT
2026-03-24 15:00:00,32.377833333333335,29.107833333333335,21.566333333333333,39.98148148148148,18.185185185185183,28.333333333333332,965.019,SITE 5,EXT
2026-03-24 16:00:00,28.732000000000003,26.343833333333336,19.65266666666667,39.22222222222222,17.888888888888893,29.133333333333333,964.5433333333333,SITE 5,EXT
2026-03-24 17:00:00,29.563666666666666,26.8995,19.952833333333334,37.48148148148148,17.796296296296298,31.633333333333333,964.688,SITE 5,EXT
2026-03-24 18:00:00,44.434666666666665,37.419999999999995,26.54366666666667,36.14814814814815,17.685185185185183,33.86666666666667,965.2573333333333,SITE 5,EXT
2026-03-24 19:00:00,54.150999999999996,43.69433333333333,30.31683333333333,35.57407407407407,18.925925925925927,37.86666666666667,966.0933333333334,SITE 5,EXT
2026-03-24 20:00:00,50.1575,41.522166666666664,29.282500000000002,34.666666666666664,19.14814814814815,40.36666666666667,967.1080000000001,SITE 5,EXT
2026-03-24 21:00:00,35.47633333333333,31.46216666666667,22.9875,32.166666666666664,18.666666666666668,45.03333333333333,967.9356666666666,SITE 5,EXT
2026-03-24 22:00:00,33.93366666666667,30.432666666666666,22.3925,31.98148148148148,18.444444444444446,44.93333333333333,968.4986666666666,SITE 5,EXT
2026-03-24 23:00:00,29.617666666666665,27.366333333333333,20.33533333333333,30.962962962962965,18.425925925925927,47.733333333333334,968.4876666666667,SITE 5,EXT
2026-03-25 00:00:00,24.677500000000002,23.400166666666667,17.7815,30.074074074074073,18.333333333333336,49.7,967.9366666666666,SITE 5,EXT
2026-03-25 01:00:00,26.1535,24.605,18.587833333333332,29.740740740740744,18.53703703703704,51.46666666666667,967.5933333333334,SITE 5,EXT
2026-03-25 02:00:00,24.489333333333335,23.184666666666665,17.612333333333332,28.85185185185185,18.462962962962965,54.03333333333333,967.08,SITE 5,EXT
2026-03-25 03:00:00,24.403666666666666,23.133666666666667,17.568833333333334,28.351851851851855,18.5,55.96666666666667,966.4856666666667,SITE 5,EXT
2026-03-25 04:00:00,23.1965,22.121,16.914666666666665,28.0,18.388888888888893,56.36666666666667,966.356,SITE 5,EXT
2026-03-25 05:00:00,27.1505,25.310333333333332,18.986666666666668,28.296296296296298,18.518518518518523,56.0,966.5423333333333,SITE 5,EXT
2026-03-25 06:00:00,33.52016666666667,29.9405,22.228666666666665,27.925925925925927,18.814814814814817,57.93333333333333,966.9316666666667,SITE 5,EXT
2026-03-25 07:00:00,33.928666666666665,29.766666666666666,21.921166666666668,28.48148148148148,18.944444444444446,57.0,967.5076666666666,SITE 5,EXT
2026-03-25 08:00:00,35.98350000000001,31.367833333333333,22.982000000000003,29.27777777777778,18.88888888888889,53.8,967.8973333333332,SITE 5,EXT
2026-03-25 09:00:00,36.07566666666666,31.822499999999998,23.083000000000002,30.962962962962965,19.77777777777778,51.833333333333336,968.5946666666666,SITE 5,EXT
2026-03-25 10:00:00,35.75033333333333,31.827166666666667,23.165000000000003,33.870370370370374,20.27777777777778,45.266666666666666,968.5523333333333,SITE 5,EXT
2026-03-25 11:00:00,39.731833333333334,34.525333333333336,24.69516666666667,35.27777777777778,20.85185185185185,43.36666666666667,967.9643333333333,SITE 5,EXT
2026-03-25 12:00:00,33.660833333333336,30.42666666666667,22.502166666666668,37.907407407407405,19.888888888888893,35.4,966.913,SITE 5,EXT
2026-03-25 13:00:00,34.259,30.720333333333333,22.7655,38.7962962962963,19.740740740740744,33.333333333333336,965.7853333333334,SITE 5,EXT
2026-03-25 14:00:00,33.45133333333333,30.134666666666664,22.288666666666664,39.2962962962963,19.037037037037035,30.9,964.8856666666667,SITE 5,EXT
2026-03-25 15:00:00,34.36466666666667,30.421499999999998,22.157500000000002,39.01851851851852,19.185185185185183,31.666666666666668,964.3163333333334,SITE 5,EXT
2026-03-25 16:00:00,34.9375,30.748,22.264333333333337,37.5,19.0,33.93333333333333,964.163,SITE 5,EXT
2026-03-25 17:00:00,35.94133333333333,31.456666666666667,22.526833333333332,36.87037037037037,18.98148148148148,35.266666666666666,964.4376666666667,SITE 5,EXT
2026-03-25 18:00:00,43.85033333333333,36.5905,25.488833333333332,35.87037037037037,19.314814814814817,38.1,965.0543333333334,SITE 5,EXT
2026-03-25 19:00:00,53.32516666666667,43.45433333333334,30.11616666666667,34.7962962962963,19.814814814814817,41.733333333333334,965.8946666666667,SITE 5,EXT
2026-03-25 20:00:00,45.83166666666667,38.501,27.320833333333333,33.7962962962963,19.185185185185183,42.13333333333333,966.5696666666666,SITE 5,EXT
2026-03-25 21:00:00,44.765,37.820166666666665,26.982166666666668,33.03703703703704,19.185185185185183,44.333333333333336,967.3383333333334,SITE 5,EXT
2026-03-25 22:00:00,44.791500000000006,37.92266666666667,26.9605,32.407407407407405,19.425925925925927,46.6,967.5266666666666,SITE 5,EXT
2026-03-25 23:00:00,47.90116666666667,40.04116666666667,28.382166666666667,31.833333333333332,19.425925925925927,48.36666666666667,967.4163333333333,SITE 5,EXT
2026-03-26 00:00:00,45.27633333333333,38.30466666666667,27.032666666666668,31.092592592592595,20.0,52.03333333333333,966.9543333333334,SITE 5,EXT
2026-03-26 01:00:00,39.59616666666667,34.592333333333336,24.735833333333336,30.388888888888893,19.98148148148148,54.166666666666664,966.1623333333333,SITE 5,EXT
2026-03-26 02:00:00,39.98629032258064,34.777903225806455,24.893225806451614,29.928315412186382,19.928315412186382,55.58064516129032,965.961935483871,SITE 5,EXT
2026-03-26 03:00:00,40.756499999999996,35.23866666666667,25.171,29.462962962962965,19.592592592592595,56.13333333333333,965.7983333333334,SITE 5,EXT
2026-03-26 04:00:00,40.8795,35.37966666666667,25.2655,28.944444444444446,19.5,57.06666666666667,965.976,SITE 5,EXT
2026-03-26 05:00:00,42.48466666666666,36.357,25.851333333333333,28.88888888888889,19.814814814814817,58.13333333333333,966.5696666666666,SITE 5,EXT
2026-03-26 06:00:00,47.091499999999996,39.2855,27.879833333333334,28.351851851851855,19.462962962962965,59.733333333333334,967.078,SITE 5,EXT
2026-03-26 07:00:00,50.13283333333333,41.285833333333336,29.022,28.75925925925926,19.64814814814815,58.53333333333333,967.753,SITE 5,EXT
2026-03-26 08:00:00,47.855333333333334,41.077999999999996,29.126666666666665,30.462962962962965,19.833333333333332,53.43333333333333,968.2863333333333,SITE 5,EXT
2026-03-26 09:00:00,43.54195652173913,37.04717391304348,26.442391304347826,32.05314009661836,19.97584541062802,49.391304347826086,968.4682608695653,SITE 5,EXT
2026-03-26 10:00:00,46.49896551724138,39.49534482758621,28.395172413793105,34.67432950191571,20.153256704980844,43.06896551724138,968.158275862069,SITE 5,EXT
2026-03-26 11:00:00,46.7562,39.3906,28.295,37.333333333333336,20.355555555555558,37.52,967.4448,SITE 5,EXT
2026-03-26 12:00:00,44.9205,38.11083333333333,27.566,38.57407407407408,20.092592592592595,34.4,966.3226666666667,SITE 5,EXT
2026-03-26 13:00:00,43.720666666666666,37.28416666666667,26.723833333333335,40.351851851851855,19.944444444444446,30.9,964.984,SITE 5,EXT
2026-03-26 14:00:00,46.63866666666667,38.382666666666665,26.588833333333334,40.0,19.48148148148148,30.7,964.0536666666667,SITE 5,EXT
2026-03-26 15:00:00,44.52466666666667,36.6015,25.299833333333332,40.42592592592593,18.77777777777778,28.666666666666668,963.4060000000001,SITE 5,EXT
2026-03-26 16:00:00,41.89083333333333,34.77816666666667,24.209166666666665,40.27777777777778,18.740740740740744,28.866666666666667,963.139,SITE 5,EXT
2026-03-26 17:00:00,46.361666666666665,38.05983333333334,26.500333333333334,38.277777777777786,18.222222222222225,31.066666666666666,963.06,SITE 5,EXT
2026-03-26 18:00:00,60.5405,49.40833333333333,34.129666666666665,37.092592592592595,18.518518518518523,33.9,963.7710000000001,SITE 5,EXT
2026-03-26 19:00:00,55.42183333333333,44.4805,30.959333333333333,36.20370370370371,18.944444444444446,36.1,964.4856666666667,SITE 5,EXT
2026-03-26 20:00:00,58.999,47.60366666666666,33.40133333333333,35.148148148148145,19.185185185185183,39.4,965.235,SITE 5,EXT
2026-03-26 21:00:00,46.716166666666666,38.383,26.567666666666664,33.833333333333336,19.14814814814815,42.3,966.028,SITE 5,EXT
2026-03-26 22:00:00,51.751333333333335,42.20783333333333,29.329,33.092592592592595,19.40740740740741,44.766666666666666,966.4923333333334,SITE 5,EXT
2026-03-26 23:00:00,42.124,35.67483333333333,25.156833333333335,32.75925925925926,19.5,46.03333333333333,966.7153333333333,SITE 5,EXT
2026-03-27 00:00:00,45.7205,38.19866666666667,26.792333333333332,32.166666666666664,19.574074074074076,47.733333333333334,966.0346666666667,SITE 5,EXT
2026-03-27 01:00:00,44.89866666666667,37.79516666666667,26.666,31.518518518518523,19.87037037037037,50.36666666666667,965.4806666666667,SITE 5,EXT
2026-03-27 02:00:00,48.53033333333334,40.31366666666667,28.426,30.925925925925927,20.0,52.8,965.194,SITE 5,EXT
2026-03-27 03:00:00,48.11366666666667,39.943,28.163,30.12962962962963,20.0,54.86666666666667,965.1806666666666,SITE 5,EXT
2026-03-27 04:00:00,46.398275862068964,38.76603448275862,27.20344827586207,29.770114942528735,20.0,56.48275862068966,965.4834482758621,SITE 5,EXT
2026-03-27 05:00:00,48.05133333333333,39.79266666666667,27.942666666666664,29.53703703703704,20.092592592592595,57.53333333333333,966.0086666666667,SITE 5,EXT
2026-03-27 06:00:00,51.33083333333333,42.03883333333333,29.417166666666667,29.48148148148148,20.074074074074073,57.766666666666666,966.5936666666668,SITE 5,EXT
2026-03-27 07:00:00,49.289,40.428666666666665,28.228666666666665,29.703703703703702,20.166666666666668,57.3,967.6583333333333,SITE 5,EXT
2026-03-27 08:00:00,50.708999999999996,41.6445,29.2575,30.888888888888893,20.37037037037037,54.13333333333333,968.5316666666666,SITE 5,EXT
2026-03-27 09:00:00,45.665166666666664,38.1195,26.79416666666667,32.48148148148148,20.5,49.666666666666664,968.6513333333334,SITE 5,EXT
2026-03-27 10:00:00,41.73316666666666,35.656333333333336,25.584666666666667,35.25925925925926,20.592592592592595,42.766666666666666,968.6736666666667,SITE 5,EXT
2026-03-27 11:00:00,39.195,34.153666666666666,24.679,38.55555555555556,20.592592592592595,35.6,968.2716666666668,SITE 5,EXT
2026-03-27 12:00:00,40.31166666666666,34.78616666666667,25.067999999999998,39.01851851851852,20.0,33.4,967.3203333333333,SITE 5,EXT
2026-03-27 13:00:00,48.51064516129032,41.990483870967736,29.21709677419355,37.38351254480287,19.838709677419356,36.193548387096776,966.1687096774193,SITE 5,EXT
2026-03-27 14:00:00,55.18666666666666,45.52383333333333,30.825166666666668,35.87037037037037,19.35185185185185,38.3,964.982,SITE 5,EXT
2026-03-27 15:00:00,42.88583333333334,36.07449999999999,25.358833333333333,37.87037037037037,19.296296296296298,34.233333333333334,964.3273333333333,SITE 5,EXT
2026-03-27 16:00:00,43.8085,36.641,25.80616666666667,29.074074074074076,19.203703703703706,56.2,964.841,SITE 5,EXT
2026-03-27 17:00:00,55.38616666666667,45.507333333333335,31.377333333333336,28.98148148148148,20.666666666666668,61.266666666666666,965.385,SITE 5,EXT
2026-03-27 18:00:00,39.68866666666667,33.713,23.816,29.555555555555557,19.75925925925926,56.0,966.4926666666667,SITE 5,EXT
2026-03-27 19:00:00,51.015,41.85483333333333,29.473166666666668,29.462962962962965,20.87037037037037,60.36666666666667,967.121,SITE 5,EXT
2026-03-27 20:00:00,50.349500000000006,41.495999999999995,29.233833333333333,29.40740740740741,21.0,60.9,967.9796666666666,SITE 5,EXT
2026-03-27 21:00:00,46.809,38.77833333333333,27.065,28.740740740740744,20.703703703703702,62.43333333333333,968.6853333333333,SITE 5,EXT
2026-03-27 22:00:00,44.64683333333333,37.4105,26.537333333333333,29.01851851851852,20.944444444444446,62.3,969.1383333333334,SITE 5,EXT
2026-03-27 23:00:00,44.17550000000001,37.303,26.242,28.314814814814817,21.185185185185183,65.9,968.935,SITE 5,EXT
2026-03-28 00:00:00,33.23116666666667,29.6875,21.40983333333333,27.87037037037037,20.48148148148148,64.73333333333333,968.9419999999999,SITE 5,EXT
2026-03-28 01:00:00,30.533833333333334,27.925333333333334,20.09733333333333,27.574074074074076,20.14814814814815,64.73333333333333,968.2526666666668,SITE 5,EXT
2026-03-28 02:00:00,31.970833333333335,28.683666666666667,20.8075,27.222222222222225,19.888888888888893,65.06666666666666,967.7996666666667,SITE 5,EXT
2026-03-28 03:00:00,32.87466666666667,29.368833333333335,21.184,27.425925925925927,19.53703703703704,62.766666666666666,968.3083333333333,SITE 5,EXT
2026-03-28 04:00:00,32.95233333333333,29.220000000000002,21.162,27.62962962962963,19.314814814814817,61.0,968.6020000000001,SITE 5,EXT
2026-03-28 05:00:00,35.11516666666667,30.898666666666667,22.418333333333333,27.53703703703704,19.62962962962963,62.833333333333336,968.8729999999999,SITE 5,EXT
2026-03-28 06:00:00,37.77283333333333,32.4945,22.986,27.148148148148152,19.90740740740741,64.76666666666667,969.2676666666666,SITE 5,EXT
2026-03-28 07:00:00,38.55266666666667,32.98883333333333,23.404999999999998,27.351851851851855,19.962962962962965,64.66666666666667,969.6293333333334,SITE 5,EXT
2026-03-28 08:00:00,38.142833333333336,32.58,23.337666666666667,28.833333333333332,19.90740740740741,59.06666666666667,970.0923333333334,SITE 5,EXT
2026-03-28 09:00:00,30.618833333333335,27.392166666666665,19.892666666666667,30.12962962962963,19.666666666666668,54.0,970.9563333333333,SITE 5,EXT
2026-03-28 10:00:00,30.10183333333333,27.18166666666667,19.9155,31.12962962962963,19.77777777777778,51.1,971.6756666666666,SITE 5,EXT
2026-03-28 11:00:00,31.205333333333332,28.155166666666666,20.556,32.27777777777778,19.722222222222225,47.9,971.2946666666667,SITE 5,EXT
2026-03-28 12:00:00,26.721,24.704166666666666,18.391833333333334,32.22222222222222,19.75925925925926,48.06666666666667,970.0849999999999,SITE 5,EXT
2026-03-28 13:00:00,24.363833333333332,22.67983333333333,17.304166666666667,34.277777777777786,19.925925925925927,43.36666666666667,968.3860000000001,SITE 5,EXT
2026-03-28 14:00:00,24.721666666666668,22.858,17.31116666666667,35.351851851851855,19.222222222222225,39.06666666666667,967.0863333333333,SITE 5,EXT
2026-03-28 15:00:00,27.197666666666667,24.767666666666667,18.469833333333334,35.94444444444445,18.796296296296298,36.766666666666666,965.98,SITE 5,EXT
2026-03-28 16:00:00,27.7015,25.159333333333333,18.652833333333334,35.166666666666664,18.203703703703706,36.9,965.8456666666666,SITE 5,EXT
2026-03-28 17:00:00,33.382666666666665,29.321666666666665,21.333333333333332,33.81481481481482,18.833333333333332,41.53333333333333,966.1023333333334,SITE 5,EXT
2026-03-28 18:00:00,40.9605,34.5555,24.500666666666667,32.53703703703704,18.14814814814815,42.766666666666666,966.5753333333333,SITE 5,EXT
2026-03-28 19:00:00,51.50483333333333,41.97233333333334,29.2165,32.2037037037037,19.03703703703704,46.166666666666664,967.1743333333333,SITE 5,EXT
2026-03-28 20:00:00,57.118500000000004,46.0915,32.272,31.85185185185185,19.27777777777778,47.63333333333333,967.7866666666666,SITE 5,EXT
2026-03-28 21:00:00,81.93933333333332,72.593,49.80433333333334,31.574074074074076,19.740740740740744,49.766666666666666,968.1493333333333,SITE 5,EXT
2026-03-28 22:00:00,61.33166666666667,49.34216666666667,34.16583333333333,30.833333333333336,20.01851851851852,52.833333333333336,968.5866666666666,SITE 5,EXT
2026-03-28 23:00:00,43.52733333333333,36.64966666666667,25.783666666666665,30.53703703703704,19.592592592592595,52.63333333333333,968.5753333333333,SITE 5,EXT
2026-03-29 00:00:00,43.741,36.37166666666667,25.218166666666665,30.333333333333332,19.5,52.9,968.122,SITE 5,EXT
2026-03-29 01:00:00,48.90783333333333,39.963,27.204,30.555555555555557,19.814814814814817,53.06666666666667,967.51,SITE 5,EXT
2026-03-29 02:00:00,44.7255,37.406333333333336,26.109166666666667,30.11111111111111,20.01851851851852,55.4,966.816,SITE 5,EXT
2026-03-29 03:00:00,44.38666666666666,37.21483333333333,26.032333333333334,29.48148148148148,20.14814814814815,57.7,966.4933333333333,SITE 5,EXT
2026-03-29 04:00:00,41.6,35.363166666666665,24.883,29.425925925925927,20.518518518518523,59.03333333333333,966.6536666666667,SITE 5,EXT
2026-03-29 05:00:00,44.096612903225804,37.00725806451613,25.754193548387097,29.121863799283155,20.51971326164875,60.41935483870968,967.0883870967742,SITE 5,EXT
2026-03-29 06:00:00,44.056333333333335,36.85433333333333,25.64966666666667,28.703703703703706,20.27777777777778,60.96666666666667,967.5596666666667,SITE 5,EXT
2026-03-29 07:00:00,42.4475,35.690000000000005,25.056166666666666,29.518518518518523,20.01851851851852,57.333333333333336,968.3639999999999,SITE 5,EXT
2026-03-29 08:00:00,44.186166666666665,36.83716666666667,25.971166666666665,30.90740740740741,20.01851851851852,52.93333333333333,968.9083333333333,SITE 5,EXT
2026-03-29 09:00:00,34.54316666666667,30.24566666666667,21.96783333333333,33.03703703703704,19.25925925925926,44.5,968.9023333333333,SITE 5,EXT
2026-03-29 10:00:00,33.43233333333333,29.579333333333334,21.691166666666668,35.14814814814815,19.722222222222225,40.8,968.8363333333333,SITE 5,EXT
2026-03-29 11:00:00,31.074,27.9695,20.567666666666664,37.44444444444444,19.98148148148148,36.36666666666667,967.8846666666667,SITE 5,EXT
2026-03-29 12:00:00,28.765666666666668,25.637833333333333,18.6125,39.96296296296296,19.5,30.8,966.4449999999999,SITE 5,EXT
2026-03-29 13:00:00,26.502166666666668,23.57,16.971999999999998,40.7962962962963,18.87037037037037,28.366666666666667,964.7763333333334,SITE 5,EXT
2026-03-29 14:00:00,29.349833333333333,25.604499999999998,18.11916666666667,40.166666666666664,18.61111111111111,28.8,963.402,SITE 5,EXT
2026-03-29 15:00:00,33.1848275862069,27.611896551724136,18.419827586206896,37.567049808429125,18.5632183908046,33.206896551724135,963.4772413793104,SITE 5,EXT
2026-03-29 16:00:00,18.776833333333332,15.093166666666667,11.072166666666668,29.425925925925927,18.90740740740741,53.8,965.807,SITE 5,EXT
2026-03-29 17:00:00,27.1255,23.180166666666665,16.33233333333333,27.962962962962965,19.722222222222225,61.8,968.1086666666666,SITE 5,EXT
2026-03-29 18:00:00,29.528833333333335,24.828666666666667,17.144166666666667,26.166666666666668,19.814814814814817,68.76666666666667,968.4323333333334,SITE 5,EXT
2026-03-29 19:00:00,40.08433333333333,31.511833333333335,19.608333333333334,25.62962962962963,19.666666666666668,70.1,968.3296666666666,SITE 5,EXT
2026-03-29 20:00:00,36.777,28.190166666666666,16.6875,25.833333333333332,19.462962962962965,68.5,969.1423333333333,SITE 5,EXT
2026-03-29 21:00:00,39.1455,30.094833333333334,18.052833333333336,26.944444444444446,19.796296296296298,65.66666666666667,969.2793333333334,SITE 5,EXT
2026-03-29 22:00:00,39.73116666666667,30.494333333333334,18.314166666666665,25.092592592592595,19.75925925925926,72.96666666666667,970.473,SITE 5,EXT
2026-03-29 23:00:00,27.564310344827586,21.937413793103445,13.984310344827588,24.540229885057474,19.846743295019156,75.62068965517241,969.5851724137931,SITE 5,EXT
2026-03-30 00:00:00,19.74566666666667,16.756,11.946833333333334,25.0,19.61111111111111,72.96666666666667,968.2403333333333,SITE 5,EXT
2026-03-30 01:00:00,14.1005,12.503000000000002,9.547,25.48148148148148,19.203703703703706,69.06666666666666,966.9063333333332,SITE 5,EXT
2026-03-30 02:00:00,13.927,12.387166666666667,9.578166666666666,26.38888888888889,19.092592592592595,65.26666666666667,966.3723333333332,SITE 5,EXT
2026-03-30 03:00:00,18.516833333333334,16.2985,12.188333333333333,26.51851851851852,19.666666666666668,66.6,966.1736666666667,SITE 5,EXT
2026-03-30 04:00:00,26.396166666666666,23.165166666666668,16.856166666666667,25.944444444444446,19.796296296296298,69.76666666666667,965.9789999999999,SITE 5,EXT
2026-03-30 05:00:00,27.753,23.712333333333333,16.576333333333334,26.77777777777778,19.90740740740741,66.6,966.5656666666667,SITE 5,EXT
2026-03-30 06:00:00,38.8275,32.103833333333334,22.140666666666668,26.25925925925926,19.75925925925926,68.03333333333333,966.9463333333333,SITE 5,EXT
2026-03-30 07:00:00,33.151666666666664,27.37066666666667,18.767,26.61111111111111,19.61111111111111,66.33333333333333,967.5146666666666,SITE 5,EXT
2026-03-30 08:00:00,29.855666666666664,24.978666666666665,17.046499999999998,28.40740740740741,19.814814814814817,60.1,968.0313333333332,SITE 5,EXT
2026-03-30 09:00:00,33.45183333333333,28.759666666666664,20.160833333333336,28.796296296296298,20.055555555555557,59.93333333333333,968.634,SITE 5,EXT
2026-03-30 10:00:00,28.16016666666667,24.639833333333335,17.449166666666667,31.27777777777778,20.740740740740744,54.2,968.7686666666667,SITE 5,EXT
2026-03-30 11:00:00,25.215500000000002,22.5255,16.536833333333334,34.18518518518519,20.925925925925927,46.266666666666666,968.3343333333333,SITE 5,EXT
2026-03-30 12:00:00,21.617666666666665,19.421833333333332,14.72,35.777777777777786,20.833333333333332,42.1,967.4426666666666,SITE 5,EXT
2026-03-30 13:00:00,22.201833333333333,19.641333333333332,15.040833333333333,37.25925925925926,20.537037037037035,38.166666666666664,966.3343333333333,SITE 5,EXT
2026-03-30 14:00:00,16.592166666666667,14.815500000000002,11.891833333333333,38.03703703703704,19.0,33.166666666666664,965.3723333333332,SITE 5,EXT
2026-03-30 15:00:00,21.158,18.471333333333334,14.014666666666667,37.75925925925926,18.77777777777778,33.166666666666664,964.8216666666667,SITE 5,EXT
2026-03-30 16:00:00,17.843833333333336,15.868333333333334,12.513333333333332,37.51851851851852,17.962962962962965,32.06666666666667,964.7186666666668,SITE 5,EXT
2026-03-30 17:00:00,22.470333333333333,19.753,14.596333333333332,35.55555555555556,17.296296296296298,34.166666666666664,964.818,SITE 5,EXT
2026-03-30 18:00:00,31.011833333333335,26.539,18.554166666666667,34.53703703703704,18.12962962962963,38.06666666666667,965.2180000000001,SITE 5,EXT
2026-03-30 19:00:00,54.899499999999996,43.76116666666667,29.851666666666667,34.00000000000001,19.240740740740744,41.96666666666667,965.9233333333334,SITE 5,EXT
2026-03-30 20:00:00,55.881166666666665,45.0245,31.445833333333333,33.64814814814815,19.962962962962965,44.96666666666667,966.55,SITE 5,EXT
2026-03-30 21:00:00,50.9755,40.977666666666664,28.2955,33.111111111111114,20.35185185185185,47.46666666666667,967.2153333333333,SITE 5,EXT
2026-03-30 22:00:00,38.19379310344828,32.1353448275862,22.430172413793105,32.37547892720307,20.095785440613028,48.62068965517241,967.7434482758621,SITE 5,EXT
2026-03-30 23:00:00,30.265166666666666,26.20716666666667,18.433333333333334,31.75925925925926,21.37037037037037,54.6,967.7099999999999,SITE 5,EXT
2026-03-31 00:00:00,28.493499999999997,25.095833333333335,18.0405,31.16666666666667,21.314814814814817,56.233333333333334,967.1176666666667,SITE 5,EXT
2026-03-31 01:00:00,28.13133333333333,24.861333333333334,17.793666666666663,30.888888888888893,21.09259259259259,56.333333333333336,966.61,SITE 5,EXT
2026-03-31 02:00:00,27.0995,24.052,17.663166666666665,30.555555555555557,20.703703703703702,56.03333333333333,966.1703333333334,SITE 5,EXT
2026-03-31 03:00:00,22.415166666666668,20.3465,15.318333333333333,30.27777777777778,20.48148148148148,56.666666666666664,965.7653333333333,SITE 5,EXT
2026-03-31 04:00:00,25.858666666666668,23.454,17.043333333333333,29.518518518518523,20.75925925925926,59.666666666666664,965.7403333333333,SITE 5,EXT
2026-03-31 05:00:00,25.421333333333333,22.531,16.330666666666666,29.092592592592595,19.64814814814815,57.266666666666666,965.9453333333333,SITE 5,EXT
2026-03-31 06:00:00,30.883,26.9355,19.267166666666665,28.88888888888889,19.833333333333332,58.56666666666667,966.5346666666667,SITE 5,EXT
2026-03-31 07:00:00,36.29116666666667,31.222500000000004,22.253833333333333,28.88888888888889,20.314814814814817,60.36666666666667,967.5266666666666,SITE 5,EXT
2026-03-31 08:00:00,41.758833333333335,35.04983333333333,24.810166666666667,29.222222222222225,20.64814814814815,60.46666666666667,968.8703333333334,SITE 5,EXT
2026-03-31 09:00:00,39.11083333333333,33.39333333333333,23.6445,30.48148148148148,20.77777777777778,56.7,969.6273333333334,SITE 5,EXT
2026-03-31 10:00:00,28.075,25.377833333333335,18.790166666666668,33.333333333333336,20.962962962962965,48.766666666666666,969.8770000000001,SITE 5,EXT
2026-03-31 11:00:00,30.060666666666666,27.062166666666666,19.747,33.851851851851855,20.833333333333332,46.9,969.588,SITE 5,EXT
2026-03-31 12:00:00,28.166999999999998,25.37316666666667,19.009666666666664,34.77777777777778,20.962962962962965,45.0,968.715,SITE 5,EXT
2026-03-31 13:00:00,30.35,27.217666666666666,20.185333333333336,35.87037037037037,21.166666666666668,42.8,967.7236666666666,SITE 5,EXT
2026-03-31 14:00:00,25.00133333333333,23.141000000000002,17.613166666666665,37.01851851851852,21.5,40.9,966.4706666666666,SITE 5,EXT
2026-03-31 15:00:00,25.653333333333332,23.659,17.805,35.74074074074074,21.796296296296298,44.86666666666667,965.8063333333333,SITE 5,EXT
2026-03-31 16:00:00,30.7575,27.058666666666667,19.841166666666666,36.22222222222222,21.24074074074074,42.13333333333333,965.3233333333334,SITE 5,EXT
2026-03-31 17:00:00,32.092,27.132166666666667,19.3755,29.77777777777778,17.85185185185185,49.2,966.4609999999999,SITE 5,EXT
2026-03-31 18:00:00,33.144333333333336,28.465333333333334,20.515833333333333,28.092592592592595,16.962962962962965,51.233333333333334,966.9246666666667,SITE 5,EXT
2026-03-31 19:00:00,51.094,41.21083333333333,28.0115,29.555555555555557,17.296296296296298,48.0,967.1093333333333,SITE 5,EXT
2026-03-31 20:00:00,44.384,36.38883333333333,25.142833333333332,29.72222222222222,17.074074074074073,47.3,967.4143333333334,SITE 5,EXT
2026-03-31 21:00:00,28.966333333333335,25.552500000000002,18.416166666666665,29.074074074074076,17.296296296296298,49.43333333333333,968.065,SITE 5,EXT
2026-03-31 22:00:00,28.892,25.118499999999997,17.879166666666666,29.055555555555557,16.925925925925927,48.4,968.3753333333333,SITE 5,EXT
2026-03-31 23:00:00,27.880999999999997,24.7615,17.983333333333334,28.77777777777778,18.074074074074076,52.86666666666667,968.7199999999999,SITE 5,EXT
2026-04-01 00:00:00,24.2285,21.8575,16.407666666666668,28.370370370370374,18.40740740740741,55.13333333333333,968.3836666666666,SITE 5,EXT
2026-04-01 01:00:00,22.69333333333333,21.0545,16.0085,28.092592592592595,18.796296296296298,57.266666666666666,968.125,SITE 5,EXT
2026-04-01 02:00:00,26.382241379310347,23.820689655172412,17.498793103448275,27.681992337164754,18.96551724137931,59.62068965517241,968.0713793103448,SITE 5,EXT
2026-04-01 03:00:00,25.47741935483871,23.223225806451612,17.199516129032258,27.437275985663085,19.06810035842294,60.96774193548387,967.7064516129033,SITE 5,EXT
2026-04-01 04:00:00,23.616666666666667,21.481333333333332,15.991000000000001,27.222222222222225,18.90740740740741,60.93333333333333,967.8193333333334,SITE 5,EXT
2026-04-01 05:00:00,29.263166666666667,25.722166666666666,18.625333333333334,27.018518518518523,18.740740740740744,61.333333333333336,968.143,SITE 5,EXT
2026-04-01 06:00:00,41.61783333333333,34.76716666666667,24.35533333333333,27.370370370370374,18.90740740740741,60.46666666666667,968.6996666666666,SITE 5,EXT
2026-04-01 07:00:00,54.88133333333334,44.358666666666664,29.935,28.64814814814815,18.64814814814815,55.333333333333336,969.379,SITE 5,EXT
2026-04-01 08:00:00,48.61966666666667,38.07166666666667,24.8335,29.222222222222225,16.72222222222222,47.2,969.884,SITE 5,EXT
2026-04-01 09:00:00,39.906333333333336,30.525166666666667,18.336166666666667,30.203703703703702,14.314814814814815,38.266666666666666,970.1933333333333,SITE 5,EXT
2026-04-01 10:00:00,38.95033333333333,29.072333333333333,16.661833333333334,32.611111111111114,12.722222222222223,30.066666666666666,969.974,SITE 5,EXT
2026-04-01 11:00:00,40.59883333333333,30.024,17.127166666666668,35.87037037037037,12.185185185185187,24.166666666666668,969.4159999999999,SITE 5,EXT
2026-04-01 12:00:00,38.902833333333334,28.67733333333333,15.921,37.75925925925926,10.74074074074074,19.566666666666666,968.3259999999999,SITE 5,EXT
2026-04-01 13:00:00,37.55983333333334,27.305666666666664,14.976333333333335,38.68518518518519,10.25925925925926,17.933333333333334,966.9789999999999,SITE 5,EXT
2026-04-01 14:00:00,37.46816666666667,27.463166666666666,15.342833333333333,38.851851851851855,9.777777777777777,17.333333333333332,966.2710000000001,SITE 5,EXT
2026-04-01 15:00:00,35.986999999999995,26.204,14.6125,39.01851851851852,10.185185185185185,17.666666666666668,965.6816666666667,SITE 5,EXT
2026-04-01 16:00:00,36.3455,26.666166666666665,15.05,38.55555555555556,10.25925925925926,18.233333333333334,965.5146666666666,SITE 5,EXT
2026-04-01 17:00:00,49.469500000000004,36.76083333333334,22.061,36.51851851851852,9.462962962962964,19.166666666666668,965.6800000000001,SITE 5,EXT
2026-04-01 18:00:00,51.8545,38.53666666666666,23.087666666666667,35.092592592592595,9.055555555555555,20.133333333333333,966.3643333333333,SITE 5,EXT
2026-04-01 19:00:00,109.95,92.76633333333332,54.308,34.5,9.333333333333334,21.366666666666667,967.2776666666667,SITE 5,EXT
2026-04-01 20:00:00,116.36416666666668,99.5035,57.488166666666665,33.46296296296296,12.222222222222223,27.666666666666668,968.1759999999999,SITE 5,EXT
2026-04-01 21:00:00,57.751666666666665,43.51316666666666,27.227833333333333,32.851851851851855,12.777777777777779,29.733333333333334,968.626,SITE 5,EXT
2026-04-01 22:00:00,63.43866666666667,47.56483333333333,30.20583333333333,32.12962962962963,13.981481481481483,33.43333333333333,969.0113333333334,SITE 5,EXT
2026-04-01 23:00:00,78.988,64.062,40.09216666666667,31.61111111111111,13.944444444444446,34.333333333333336,968.9689999999999,SITE 5,EXT
2026-04-02 00:00:00,66.07716666666667,50.127833333333335,31.8495,31.000000000000004,13.666666666666666,34.96666666666667,968.6296666666666,SITE 5,EXT
2026-04-02 01:00:00,62.172000000000004,47.427,29.663166666666665,30.53703703703704,12.370370370370372,32.833333333333336,968.1736666666667,SITE 5,EXT
2026-04-02 02:00:00,51.51533333333334,38.98416666666667,24.509833333333333,30.01851851851852,11.092592592592592,31.433333333333334,967.6560000000001,SITE 5,EXT
2026-04-02 03:00:00,44.050666666666665,33.215333333333334,19.469833333333334,29.85185185185185,10.351851851851851,30.0,967.4586666666667,SITE 5,EXT
2026-04-02 04:00:00,47.64433333333333,35.12283333333333,19.890333333333334,28.85185185185185,10.518518518518517,32.0,967.5126666666667,SITE 5,EXT
2026-04-02 05:00:00,57.46566666666667,42.34316666666667,25.573333333333334,28.444444444444446,11.722222222222223,35.733333333333334,968.1373333333333,SITE 5,EXT
2026-04-02 06:00:00,75.50016666666667,59.8865,38.665166666666664,28.296296296296298,12.574074074074074,38.166666666666664,968.5673333333333,SITE 5,EXT
2026-04-02 07:00:00,106.3095,93.75150000000001,57.81666666666667,28.185185185185187,10.796296296296298,34.1,969.2406666666667,SITE 5,EXT
2026-04-02 08:00:00,67.884,53.6365,33.33716666666667,29.055555555555557,7.981481481481482,26.6,969.9906666666667,SITE 5,EXT
2026-04-02 09:00:00,50.48316666666666,38.1945,23.453,30.685185185185183,7.240740740740741,23.166666666666668,970.5023333333334,SITE 5,EXT
2026-04-02 10:00:00,44.07516666666667,34.18683333333333,21.42,33.81481481481482,7.166666666666667,19.166666666666668,970.3023333333333,SITE 5,EXT
2026-04-02 11:00:00,39.873000000000005,30.544500000000003,18.551,36.38888888888889,7.166666666666667,16.466666666666665,969.8813333333333,SITE 5,EXT
2026-04-02 12:00:00,38.016333333333336,28.848,17.27283333333333,38.62962962962963,6.5,13.933333333333334,968.9746666666666,SITE 5,EXT
2026-04-02 13:00:00,39.04034482758621,29.730344827586205,17.82465517241379,39.674329501915715,5.862068965517241,12.620689655172415,967.9437931034482,SITE 5,EXT
2026-04-02 14:00:00,39.611,29.807333333333336,17.354499999999998,39.5,5.722222222222222,12.4,967.0283333333333,SITE 5,EXT
2026-04-02 15:00:00,38.900666666666666,29.584333333333333,17.726666666666667,39.01851851851852,5.055555555555556,12.2,966.2536666666667,SITE 5,EXT
2026-04-02 16:00:00,38.31683333333333,29.634166666666665,18.157,38.38888888888889,5.518518518518518,13.133333333333333,965.7506666666667,SITE 5,EXT
2026-04-02 17:00:00,35.87916666666667,27.220333333333333,16.21933333333333,37.55555555555556,6.5,14.766666666666667,965.821,SITE 5,EXT
2026-04-02 18:00:00,56.344166666666666,44.030499999999996,27.8365,35.53703703703704,7.351851851851852,17.633333333333333,966.573,SITE 5,EXT
2026-04-02 19:00:00,86.03233333333333,73.615,48.410333333333334,33.66666666666667,8.75925925925926,21.5,967.698,SITE 5,EXT
2026-04-02 20:00:00,76.622,62.49433333333333,40.76366666666667,33.12962962962963,9.0,22.633333333333333,968.6800000000001,SITE 5,EXT
2026-04-02 21:00:00,70.53033333333333,54.58716666666667,35.18633333333333,32.42592592592593,8.88888888888889,23.3,969.3773333333334,SITE 5,EXT
2026-04-02 22:00:00,71.6805,55.56166666666666,36.05416666666667,31.77777777777778,8.870370370370372,24.266666666666666,969.7446666666667,SITE 5,EXT
2026-04-02 23:00:00,76.05883333333333,60.32816666666667,38.5485,31.25925925925926,8.425925925925927,24.166666666666668,969.7176666666667,SITE 5,EXT
2026-04-03 00:00:00,59.26661290322581,44.7858064516129,28.406451612903226,30.734767025089607,7.222222222222223,22.967741935483872,969.2409677419355,SITE 5,EXT
2026-04-03 01:00:00,73.83,58.312000000000005,36.186166666666665,30.333333333333332,7.851851851851852,24.5,968.552,SITE 5,EXT
2026-04-03 02:00:00,59.46366666666666,45.37433333333333,27.581666666666667,29.666666666666668,7.574074074074074,25.033333333333335,967.9633333333334,SITE 5,EXT
2026-04-03 03:00:00,76.95566666666667,62.665333333333336,38.616,28.90740740740741,9.351851851851851,29.666666666666668,967.4346666666667,SITE 5,EXT
2026-04-03 04:00:00,61.485,46.751999999999995,30.1415,28.685185185185183,9.037037037037038,29.466666666666665,967.3106666666666,SITE 5,EXT
2026-04-03 05:00:00,68.81183333333334,55.39216666666667,33.9665,28.12962962962963,8.851851851851851,29.966666666666665,967.559,SITE 5,EXT
2026-04-03 06:00:00,73.63433333333334,59.026833333333336,37.09433333333333,27.000000000000004,9.055555555555555,32.5,967.87,SITE 5,EXT
2026-04-03 07:00:00,71.7565,56.78366666666667,36.962999999999994,27.25925925925926,10.75925925925926,35.9,968.9449999999999,SITE 5,EXT
2026-04-03 08:00:00,70.67316666666667,55.79766666666667,36.857166666666664,28.888888888888893,12.407407407407408,36.3,969.7396666666666,SITE 5,EXT
2026-04-03 09:00:00,52.79483333333334,41.32966666666667,26.19783333333333,31.462962962962965,9.518518518518517,26.066666666666666,970.1116666666666,SITE 5,EXT
2026-04-03 10:00:00,42.53666666666666,33.011833333333335,20.627833333333335,34.833333333333336,7.888888888888889,19.066666666666666,970.0213333333334,SITE 5,EXT
2026-04-03 11:00:00,42.84451612903226,33.42741935483871,21.14032258064516,37.29390681003584,8.154121863799284,16.903225806451612,969.5590322580646,SITE 5,EXT
2026-04-03 12:00:00,39.829,30.811333333333334,19.4225,39.166666666666664,7.111111111111112,14.1,968.8716666666667,SITE 5,EXT
2026-04-03 13:00:00,36.17066666666667,27.721166666666665,17.316166666666668,39.907407407407405,6.537037037037037,13.0,967.9696666666666,SITE 5,EXT
2026-04-03 14:00:00,34.327,26.10216666666667,16.104,39.666666666666664,5.851851851851852,12.466666666666667,967.1683333333333,SITE 5,EXT
2026-04-03 15:00:00,36.95283333333334,28.4745,17.8665,39.37037037037037,7.240740740740741,14.066666666666666,966.6083333333333,SITE 5,EXT
2026-04-03 16:00:00,34.837833333333336,26.435333333333332,16.38866666666667,38.81481481481482,7.203703703703704,14.433333333333334,966.3006666666666,SITE 5,EXT
2026-04-03 17:00:00,38.56266666666667,29.7215,18.619833333333336,37.2962962962963,7.75925925925926,16.433333333333334,966.4933333333333,SITE 5,EXT
2026-04-03 18:00:00,48.777166666666666,37.74883333333333,24.153333333333332,35.5,9.62962962962963,20.7,967.2800000000001,SITE 5,EXT
2026-04-03 19:00:00,59.929,45.8895,30.384333333333334,34.61111111111111,11.907407407407408,25.266666666666666,968.0509999999999,SITE 5,EXT
2026-04-03 20:00:00,56.62283333333333,42.73766666666667,27.472666666666665,33.75925925925926,11.62962962962963,26.1,969.0216666666668,SITE 5,EXT
2026-04-03 21:00:00,58.14333333333333,44.548,29.179666666666666,33.01851851851852,11.25925925925926,26.466666666666665,970.0023333333334,SITE 5,EXT
2026-04-03 22:00:00,53.997,40.777833333333334,26.122,32.5,11.351851851851851,27.433333333333334,970.4616666666666,SITE 5,EXT
2026-04-03 23:00:00,61.25666666666667,47.156333333333336,30.707,32.57407407407407,11.981481481481483,28.533333333333335,970.4509999999999,SITE 5,EXT
2026-04-04 00:00:00,57.8841935483871,44.34258064516129,28.93548387096774,30.734767025089607,13.13620071684588,34.354838709677416,969.984193548387,SITE 5,EXT
2026-04-04 01:00:00,49.844166666666666,38.56233333333333,24.9725,29.962962962962965,12.907407407407408,35.3,969.289,SITE 5,EXT
2026-04-04 02:00:00,46.36133333333333,36.33233333333333,23.517666666666667,29.77777777777778,12.444444444444446,34.766666666666666,968.883,SITE 5,EXT
2026-04-04 03:00:00,48.512166666666666,38.150999999999996,25.4305,28.61111111111111,15.203703703703704,44.5,968.9436666666667,SITE 5,EXT
2026-04-04 04:00:00,47.15683333333333,37.628,25.233,27.62962962962963,16.38888888888889,50.9,969.0603333333333,SITE 5,EXT
2026-04-04 05:00:00,43.38166666666667,35.361999999999995,24.014499999999998,27.092592592592595,17.75925925925926,57.233333333333334,969.5623333333333,SITE 5,EXT
2026-04-04 06:00:00,45.56516666666666,37.46366666666667,26.151166666666665,26.685185185185183,19.01851851851852,63.233333333333334,970.1596666666667,SITE 5,EXT
2026-04-04 07:00:00,47.45166666666667,38.6625,27.039499999999997,27.444444444444446,19.833333333333332,64.0,970.8086666666666,SITE 5,EXT
2026-04-04 08:00:00,42.509,35.462833333333336,24.968,28.555555555555557,20.5,62.233333333333334,971.4196666666667,SITE 5,EXT
2026-04-04 09:00:00,36.17966666666667,30.71783333333333,21.963,29.98148148148148,20.685185185185183,58.06666666666667,971.975,SITE 5,EXT
2026-04-04 10:00:00,28.976499999999998,25.525,18.418666666666663,32.611111111111114,20.944444444444446,50.63333333333333,971.8443333333333,SITE 5,EXT
2026-04-04 11:00:00,30.56816666666667,26.17,18.793,35.42592592592593,20.77777777777778,42.766666666666666,971.3333333333334,SITE 5,EXT
2026-04-04 12:00:00,32.509,27.307000000000002,19.5975,37.5,20.12962962962963,36.7,970.2163333333334,SITE 5,EXT
2026-04-04 13:00:00,33.623064516129034,27.828548387096774,19.78322580645161,39.78494623655914,18.835125448028673,29.93548387096774,968.9399999999999,SITE 5,EXT
2026-04-04 14:00:00,35.56883333333334,29.341166666666666,20.761833333333335,40.44444444444445,17.666666666666668,26.6,967.779,SITE 5,EXT
2026-04-04 15:00:00,34.340333333333334,28.237000000000002,19.948500000000003,39.88888888888889,17.25925925925926,26.833333333333332,967.024,SITE 5,EXT
2026-04-04 16:00:00,35.26199999999999,28.90666666666667,20.171,38.55555555555556,17.037037037037035,28.4,966.7993333333333,SITE 5,EXT
2026-04-04 17:00:00,37.61233333333333,30.740666666666666,20.982833333333335,37.57407407407407,17.01851851851852,29.933333333333334,967.0146666666666,SITE 5,EXT
2026-04-04 18:00:00,46.877833333333335,37.42133333333333,25.269833333333334,36.0,16.22222222222222,31.033333333333335,967.7090000000001,SITE 5,EXT
2026-04-04 19:00:00,59.1265,46.193666666666665,31.363666666666667,35.2037037037037,16.72222222222222,33.666666666666664,968.677,SITE 5,EXT
2026-04-04 20:00:00,45.912,36.855000000000004,24.769833333333334,34.38888888888889,16.555555555555557,34.733333333333334,969.4490000000001,SITE 5,EXT
2026-04-04 21:00:00,48.7815,38.51083333333334,25.833333333333332,33.611111111111114,15.981481481481483,34.96666666666667,970.046,SITE 5,EXT
2026-04-04 22:00:00,55.89233333333333,43.55166666666666,29.374333333333333,33.24074074074074,15.703703703703704,35.1,970.3013333333333,SITE 5,EXT
2026-04-04 23:00:00,56.12,43.84,29.630166666666664,32.51851851851852,15.62962962962963,36.3,970.2123333333333,SITE 5,EXT
2026-04-05 00:00:00,52.555,41.19316666666667,27.604666666666667,31.685185185185183,15.51851851851852,38.1,969.8196666666666,SITE 5,EXT
2026-04-05 01:00:00,48.855645161290326,38.68193548387097,25.981451612903225,31.469534050179213,15.448028673835127,38.064516129032256,969.0996774193549,SITE 5,EXT
2026-04-05 02:00:00,47.935500000000005,38.16583333333333,25.9005,30.685185185185187,15.333333333333334,39.733333333333334,968.4646666666666,SITE 5,EXT
2026-04-05 03:00:00,44.417,36.0455,24.458333333333332,29.962962962962965,15.462962962962964,41.4,968.0933333333334,SITE 5,EXT
2026-04-05 04:00:00,43.77883333333333,35.92283333333333,24.757,29.296296296296298,15.314814814814815,42.96666666666667,968.0666666666667,SITE 5,EXT
2026-04-05 05:00:00,44.968333333333334,36.092,24.495166666666666,29.092592592592595,15.222222222222223,43.166666666666664,968.349,SITE 5,EXT
2026-04-05 06:00:00,47.925666666666665,38.09166666666667,25.740833333333335,29.444444444444446,16.055555555555557,44.4,968.7103333333333,SITE 5,EXT
2026-04-05 07:00:00,68.62533333333333,56.5195,38.223,29.425925925925927,16.944444444444443,47.13333333333333,969.5836666666667,SITE 5,EXT
2026-04-05 08:00:00,54.99083333333333,43.77133333333334,29.7105,30.53703703703704,17.444444444444446,45.833333333333336,970.495,SITE 5,EXT
2026-04-05 09:00:00,51.0795,40.6645,27.474833333333333,32.53703703703704,17.407407407407405,40.7,970.7866666666666,SITE 5,EXT
2026-04-05 10:00:00,49.732499999999995,39.76883333333333,27.370333333333335,35.37037037037037,17.425925925925927,34.766666666666666,970.5193333333334,SITE 5,EXT
2026-04-05 11:00:00,44.101,35.879666666666665,24.890833333333333,38.351851851851855,17.592592592592595,29.9,969.8843333333333,SITE 5,EXT
2026-04-05 12:00:00,35.52316666666666,29.111333333333334,20.2935,39.74074074074074,16.75925925925926,26.2,968.9706666666666,SITE 5,EXT
2026-04-05 13:00:00,31.75774193548387,26.013548387096773,18.238709677419354,40.55555555555556,14.229390681003585,21.258064516129032,967.7706451612903,SITE 5,EXT
2026-04-05 14:00:00,31.968666666666664,26.204666666666665,18.712666666666667,41.62962962962963,13.24074074074074,18.833333333333332,966.867,SITE 5,EXT
2026-04-05 15:00:00,31.2245,25.52766666666667,18.194333333333336,41.7962962962963,12.796296296296298,18.033333333333335,966.3306666666667,SITE 5,EXT
2026-04-05 16:00:00,28.75183333333333,23.61733333333333,16.768666666666668,41.277777777777786,10.314814814814815,15.833333333333334,966.0436666666667,SITE 5,EXT
2026-04-05 17:00:00,30.013166666666667,24.516000000000002,17.362333333333332,39.81481481481481,8.925925925925926,15.433333333333334,965.7613333333334,SITE 5,EXT
2026-04-05 18:00:00,41.77766666666666,33.85,23.448,37.57407407407407,8.314814814814815,16.6,966.2036666666667,SITE 5,EXT
2026-04-05 19:00:00,82.57183333333333,71.727,50.919333333333334,36.01851851851852,9.222222222222223,19.4,966.8313333333333,SITE 5,EXT
2026-04-05 20:00:00,80.90266666666666,70.75216666666667,49.399499999999996,35.092592592592595,7.555555555555556,18.466666666666665,967.422,SITE 5,EXT
2026-04-05 21:00:00,89.23216666666667,78.80483333333333,54.77766666666666,34.0,9.055555555555555,21.666666666666668,968.2323333333334,SITE 5,EXT
2026-04-05 22:00:00,66.75366666666667,56.95066666666666,39.83183333333333,32.98148148148148,7.648148148148149,20.8,968.5693333333334,SITE 5,EXT
2026-04-05 23:00:00,60.38338709677419,50.714677419354835,36.32387096774193,32.65232974910394,6.415770609318996,19.516129032258064,968.4758064516129,SITE 5,EXT
2026-04-06 00:00:00,41.831,34.60166666666667,24.27583333333333,31.925925925925927,6.166666666666667,19.766666666666666,968.0670000000001,SITE 5,EXT
2026-04-06 01:00:00,51.4345,41.8755,29.798,31.666666666666668,6.444444444444445,20.566666666666666,967.4993333333333,SITE 5,EXT
2026-04-06 02:00:00,44.50566666666667,35.472833333333334,24.441166666666668,31.351851851851855,8.38888888888889,24.033333333333335,966.8736666666666,SITE 5,EXT
2026-04-06 03:00:00,36.87283333333333,29.555333333333333,19.774166666666666,30.925925925925927,9.62962962962963,26.8,966.8033333333333,SITE 5,EXT
2026-04-06 04:00:00,52.33383333333334,42.623000000000005,30.032,29.53703703703704,10.462962962962964,30.833333333333332,967.4556666666667,SITE 5,EXT
2026-04-06 05:00:00,59.224500000000006,49.006499999999996,34.03766666666667,28.166666666666668,14.055555555555555,42.46666666666667,968.2773333333333,SITE 5,EXT
2026-04-06 06:00:00,51.79783333333333,41.51683333333334,28.74116666666667,27.666666666666668,16.61111111111111,51.233333333333334,968.5803333333333,SITE 5,EXT
2026-04-06 07:00:00,66.10116666666667,55.40383333333333,39.32733333333333,27.425925925925927,18.037037037037035,56.96666666666667,969.741,SITE 5,EXT
2026-04-06 08:00:00,49.209666666666664,39.92316666666667,27.930666666666664,29.166666666666668,19.11111111111111,54.96666666666667,970.3960000000001,SITE 5,EXT
2026-04-06 09:00:00,41.98096774193549,35.111935483870965,24.98193548387097,31.648745519713263,19.677419354838708,49.67741935483871,970.4596774193549,SITE 5,EXT
2026-04-06 10:00:00,38.80333333333333,32.5805,23.453833333333332,34.96296296296296,20.240740740740744,42.6,970.1136666666666,SITE 5,EXT
2026-04-06 11:00:00,32.140166666666666,27.322333333333333,19.89783333333333,37.777777777777786,18.12962962962963,32.03333333333333,969.573,SITE 5,EXT
2026-04-06 12:00:00,32.122499999999995,27.11116666666667,20.012166666666666,40.03703703703704,15.666666666666666,23.933333333333334,968.75,SITE 5,EXT
2026-04-06 13:00:00,31.704166666666666,26.657500000000002,19.682166666666667,41.64814814814815,14.222222222222223,19.933333333333334,967.7616666666667,SITE 5,EXT
2026-04-06 14:00:00,30.12183333333333,25.380166666666664,18.613666666666667,42.27777777777778,13.648148148148149,18.6,966.9686666666668,SITE 5,EXT
2026-04-06 15:00:00,30.981333333333335,25.582,18.925333333333334,42.05555555555556,12.333333333333334,17.233333333333334,966.3266666666666,SITE 5,EXT
2026-04-06 16:00:00,33.5,27.8925,19.9915,41.851851851851855,11.25925925925926,16.1,965.927,SITE 5,EXT
2026-04-06 17:00:00,37.939499999999995,30.77733333333333,21.014166666666664,40.25925925925926,11.592592592592592,18.133333333333333,966.0293333333334,SITE 5,EXT
2026-04-06 18:00:00,48.050333333333334,38.60133333333333,26.838,37.72222222222222,12.074074074074074,21.4,966.5196666666667,SITE 5,EXT
2026-04-06 19:00:00,70.16149999999999,56.733,39.81716666666667,36.44444444444445,12.981481481481483,24.5,967.0826666666667,SITE 5,EXT
2026-04-06 20:00:00,95.525,86.37903225806451,57.88532258064516,35.94982078853047,13.13620071684588,25.612903225806452,967.7164516129031,SITE 5,EXT
2026-04-06 21:00:00,105.22833333333332,96.10633333333334,64.84816666666667,35.07407407407407,12.925925925925927,26.3,968.1603333333334,SITE 5,EXT
2026-04-06 22:00:00,79.87816666666666,69.68233333333333,48.13216666666666,34.18518518518519,13.574074074074074,28.966666666666665,968.572,SITE 5,EXT
2026-04-06 23:00:00,57.04766666666667,45.06366666666667,30.831666666666667,33.66666666666667,14.111111111111112,30.933333333333334,968.5766666666666,SITE 5,EXT
2026-04-07 00:00:00,46.53883333333333,37.9465,26.125666666666667,32.333333333333336,14.777777777777777,34.9,968.2639999999999,SITE 5,EXT
2026-04-07 01:00:00,39.72416666666666,33.323,23.398500000000002,31.61111111111111,15.648148148148149,38.4,967.537,SITE 5,EXT
2026-04-07 02:00:00,41.05166666666666,34.719500000000004,24.749833333333335,30.925925925925927,16.27777777777778,41.53333333333333,967.0523333333333,SITE 5,EXT
2026-04-07 03:00:00,42.16766666666667,35.44733333333333,25.1165,30.462962962962965,16.537037037037038,43.43333333333333,967.0156666666667,SITE 5,EXT
2026-04-07 04:00:00,44.23316666666666,37.040166666666664,26.15583333333333,29.166666666666668,17.444444444444446,49.666666666666664,967.4756666666667,SITE 5,EXT
2026-04-07 05:00:00,49.85816666666667,40.609500000000004,28.610166666666668,29.203703703703706,18.796296296296298,53.8,968.0120000000001,SITE 5,EXT
2026-04-07 06:00:00,48.33983333333333,39.633500000000005,27.809833333333334,28.685185185185183,19.98148148148148,59.86666666666667,968.5763333333333,SITE 5,EXT
2026-04-07 07:00:00,48.815000000000005,39.774833333333326,27.898833333333336,29.27777777777778,20.64814814814815,60.43333333333333,969.2873333333333,SITE 5,EXT
2026-04-07 08:00:00,45.587758620689655,37.830862068965516,26.880344827586207,30.65134099616858,21.685823754789272,59.48275862068966,970.5396551724139,SITE 5,EXT
2026-04-07 09:00:00,43.71583333333333,36.2575,25.638166666666667,32.7962962962963,21.814814814814817,53.06666666666667,970.6433333333333,SITE 5,EXT
2026-04-07 10:00:00,39.64216666666667,33.598,24.14466666666667,35.5,21.574074074074076,44.9,970.3080000000001,SITE 5,EXT
2026-04-07 11:00:00,38.04216666666667,32.32483333333333,23.707333333333334,38.5,21.12962962962963,37.03333333333333,969.7516666666667,SITE 5,EXT
2026-04-07 12:00:00,37.87233333333334,31.750999999999998,23.331,40.22222222222222,19.64814814814815,30.7,968.8556666666666,SITE 5,EXT
2026-04-07 13:00:00,37.48566666666667,31.804166666666667,23.3795,41.20370370370371,18.518518518518523,26.966666666666665,967.8539999999999,SITE 5,EXT
2026-04-07 14:00:00,37.150999999999996,31.35533333333333,23.1085,41.46296296296296,17.444444444444446,24.866666666666667,966.972,SITE 5,EXT
2026-04-07 15:00:00,34.20883333333334,29.103166666666667,21.450166666666668,41.57407407407408,16.64814814814815,23.5,966.3860000000001,SITE 5,EXT
2026-04-07 16:00:00,41.433166666666665,34.49883333333333,24.617833333333333,39.98148148148148,16.25925925925926,25.1,965.7313333333333,SITE 5,EXT
2026-04-07 17:00:00,38.59283333333334,32.332166666666666,22.8655,38.55555555555556,16.24074074074074,26.966666666666665,966.0866666666666,SITE 5,EXT
2026-04-07 18:00:00,58.881166666666665,48.43733333333333,33.47366666666667,37.61111111111111,16.555555555555557,28.933333333333334,966.8886666666666,SITE 5,EXT
2026-04-07 19:00:00,103.29050000000001,91.1255,58.839166666666664,36.7962962962963,16.77777777777778,30.833333333333332,967.0573333333334,SITE 5,EXT
2026-04-07 20:00:00,55.63533333333333,44.47516666666666,31.177166666666665,35.75925925925926,18.203703703703702,35.86666666666667,967.294,SITE 5,EXT
2026-04-07 21:00:00,53.18866666666667,43.02316666666666,30.407,34.2962962962963,19.203703703703706,41.333333333333336,968.384,SITE 5,EXT
2026-04-07 22:00:00,49.597833333333334,40.5815,28.795666666666666,33.77777777777778,18.962962962962965,42.233333333333334,968.6193333333333,SITE 5,EXT
2026-04-07 23:00:00,46.51683333333333,38.40683333333333,27.006500000000003,33.111111111111114,18.296296296296298,41.5,968.478,SITE 5,EXT
2026-04-08 00:00:00,41.519666666666666,35.227833333333336,25.264833333333332,32.38888888888889,17.90740740740741,42.43333333333333,968.132,SITE 5,EXT
2026-04-08 01:00:00,38.425333333333334,33.08483333333333,23.91433333333333,30.185185185185183,18.37037037037037,49.56666666666667,968.1773333333333,SITE 5,EXT
2026-04-08 02:00:00,31.530166666666666,28.249333333333333,21.010166666666667,29.53703703703704,18.75925925925926,52.666666666666664,967.9403333333333,SITE 5,EXT
2026-04-08 03:00:00,32.075,28.497333333333334,21.389666666666663,29.074074074074076,18.962962962962965,54.8,967.8543333333333,SITE 5,EXT
2026-04-08 04:00:00,31.5585,28.053833333333333,20.979166666666668,28.814814814814817,19.092592592592595,56.3,967.609,SITE 5,EXT
2026-04-08 05:00:00,28.807333333333336,26.000666666666667,19.596833333333333,28.462962962962965,18.796296296296298,56.166666666666664,967.736,SITE 5,EXT
2026-04-08 06:00:00,33.452666666666666,29.13516666666667,21.599833333333333,28.31481481481482,18.814814814814817,56.266666666666666,967.7189999999999,SITE 5,EXT
2026-04-08 07:00:00,37.1215,31.566166666666668,22.866666666666667,28.370370370370374,18.796296296296298,56.6,968.5636666666667,SITE 5,EXT
2026-04-08 08:00:00,38.1,32.511,23.3585,29.240740740740744,18.64814814814815,53.53333333333333,969.536,SITE 5,EXT
2026-04-08 09:00:00,33.32516666666667,28.71516666666667,20.828166666666668,31.48148148148148,18.5,46.53333333333333,969.5996666666666,SITE 5,EXT
2026-04-08 10:00:00,31.227500000000003,27.73966666666667,20.52316666666667,34.98148148148149,18.48148148148148,38.13333333333333,969.351,SITE 5,EXT
2026-04-08 11:00:00,38.07866666666666,32.19833333333334,23.490166666666667,38.0,18.388888888888893,31.933333333333334,968.7716666666668,SITE 5,EXT
2026-04-08 12:00:00,39.01,33.38,24.2985,39.333333333333336,17.888888888888893,28.766666666666666,967.7463333333333,SITE 5,EXT
2026-04-08 13:00:00,37.214000000000006,31.99866666666667,23.5375,40.64814814814815,16.87037037037037,25.066666666666666,966.4883333333333,SITE 5,EXT
2026-04-08 14:00:00,36.882,31.572666666666667,23.2925,42.38888888888889,15.296296296296298,20.666666666666668,965.7406666666667,SITE 5,EXT
2026-04-08 15:00:00,38.094,32.4135,23.689166666666665,42.7037037037037,14.555555555555555,19.266666666666666,965.1073333333334,SITE 5,EXT
2026-04-08 16:00:00,36.38416666666667,30.937166666666666,22.666999999999998,42.24074074074074,15.611111111111112,21.366666666666667,964.772,SITE 5,EXT
2026-04-08 17:00:00,36.0775,30.679166666666667,22.419,41.0,15.925925925925926,23.066666666666666,964.868,SITE 5,EXT
2026-04-08 18:00:00,43.382333333333335,36.1735,25.824333333333335,38.62962962962963,15.74074074074074,26.066666666666666,965.721,SITE 5,EXT
2026-04-08 19:00:00,45.564166666666665,37.54066666666667,26.637166666666666,37.03703703703704,16.925925925925927,30.833333333333332,966.1873333333333,SITE 5,EXT
2026-04-08 20:00:00,36.2155,31.187833333333334,22.687833333333334,35.05555555555556,17.833333333333332,36.5,967.0063333333333,SITE 5,EXT
2026-04-08 21:00:00,38.69566666666666,33.1145,24.1285,34.42592592592593,18.055555555555557,38.0,967.7826666666666,SITE 5,EXT
2026-04-08 22:00:00,42.95916666666667,36.224333333333334,26.032833333333333,34.03703703703704,18.85185185185185,41.03333333333333,968.4703333333333,SITE 5,EXT
2026-04-08 23:00:00,37.474666666666664,32.438833333333335,23.687666666666665,33.03703703703704,19.685185185185183,45.93333333333333,968.2563333333333,SITE 5,EXT
2026-04-09 00:00:00,37.178275862068965,32.2651724137931,23.612068965517242,31.283524904214563,20.804597701149426,54.275862068965516,967.6672413793103,SITE 5,EXT
2026-04-09 01:00:00,40.897333333333336,34.959500000000006,25.154666666666667,29.5,19.722222222222225,56.266666666666666,967.5936666666668,SITE 5,EXT
2026-04-09 02:00:00,37.549166666666665,32.57,23.561833333333333,28.388888888888893,18.296296296296298,54.733333333333334,967.8493333333333,SITE 5,EXT
2026-04-09 03:00:00,28.545666666666666,25.5845,18.835833333333333,27.61111111111111,17.055555555555557,52.833333333333336,968.0376666666667,SITE 5,EXT
2026-04-09 04:00:00,23.9985,22.00316666666667,16.520166666666668,27.703703703703706,16.88888888888889,52.333333333333336,967.6753333333332,SITE 5,EXT
2026-04-09 05:00:00,23.31967741935484,21.436612903225804,16.129032258064516,28.154121863799286,17.114695340501793,51.96774193548387,967.3516129032258,SITE 5,EXT
2026-04-09 06:00:00,29.096666666666668,25.985833333333332,18.990666666666666,27.87037037037037,17.314814814814817,53.06666666666667,967.6136666666666,SITE 5,EXT
2026-04-09 07:00:00,87.81866666666666,78.20700000000001,50.4625,28.370370370370374,17.740740740740744,52.53333333333333,968.5273333333333,SITE 5,EXT
2026-04-09 08:00:00,30.28483333333333,26.2375,19.074666666666666,29.27777777777778,17.833333333333332,50.766666666666666,969.4150000000001,SITE 5,EXT
2026-04-09 09:00:00,31.051666666666666,26.975,19.7465,30.40740740740741,18.0,47.9,969.7343333333333,SITE 5,EXT
2026-04-09 10:00:00,30.981,26.837,19.71916666666667,31.85185185185185,18.462962962962965,45.2,969.7563333333333,SITE 5,EXT
2026-04-09 11:00:00,28.424500000000002,24.909333333333333,18.436833333333333,34.81481481481482,18.833333333333332,39.233333333333334,969.2836666666666,SITE 5,EXT
2026-04-09 12:00:00,30.590500000000002,26.245833333333334,19.328833333333332,37.51851851851852,18.666666666666668,33.4,968.2486666666666,SITE 5,EXT
2026-04-09 13:00:00,32.39783333333333,27.404166666666665,19.8915,38.5,18.27777777777778,30.966666666666665,967.3093333333333,SITE 5,EXT
2026-04-09 14:00:00,30.822666666666667,25.78083333333333,18.949,39.851851851851855,18.14814814814815,28.4,966.5733333333334,SITE 5,EXT
2026-04-09 15:00:00,31.303833333333333,26.465166666666665,19.432666666666666,39.7962962962963,18.166666666666668,28.6,966.2213333333333,SITE 5,EXT
2026-04-09 16:00:00,36.313,30.328833333333332,22.122833333333332,39.2037037037037,18.185185185185187,29.666666666666668,966.0993333333333,SITE 5,EXT
2026-04-09 17:00:00,38.6295,32.248333333333335,23.33833333333333,37.648148148148145,18.11111111111111,31.966666666666665,966.383,SITE 5,EXT
2026-04-09 18:00:00,38.0635,31.504666666666665,22.180666666666664,35.851851851851855,18.296296296296298,35.9,966.7203333333333,SITE 5,EXT
2026-04-09 19:00:00,47.58266666666667,38.55333333333333,26.785833333333333,35.42592592592593,18.685185185185183,37.63333333333333,967.6426666666666,SITE 5,EXT
2026-04-09 20:00:00,53.54866666666667,43.282666666666664,30.744500000000002,34.851851851851855,19.685185185185183,41.266666666666666,968.2716666666668,SITE 5,EXT
2026-04-09 21:00:00,43.553,36.02883333333333,25.000833333333333,33.7962962962963,20.14814814814815,45.06666666666667,968.9186666666667,SITE 5,EXT
2026-04-09 22:00:00,39.67883333333334,33.20016666666667,23.591833333333334,32.62962962962963,20.01851851851852,47.56666666666667,969.553,SITE 5,EXT
2026-04-09 23:00:00,38.06016666666667,32.155,22.944166666666668,31.962962962962965,19.85185185185185,49.2,969.6596666666667,SITE 5,EXT
2026-04-10 00:00:00,32.991,28.717,20.625,30.981481481481485,19.64814814814815,51.166666666666664,969.3803333333333,SITE 5,EXT
2026-04-10 01:00:00,32.251333333333335,28.394166666666667,20.567666666666664,30.222222222222225,19.48148148148148,53.233333333333334,969.2146666666666,SITE 5,EXT
2026-04-10 02:00:00,32.592,28.655666666666665,20.758666666666667,29.962962962962965,20.01851851851852,55.46666666666667,968.937,SITE 5,EXT
2026-04-10 03:00:00,34.9765,30.6335,22.336833333333335,29.296296296296298,20.14814814814815,58.666666666666664,968.6566666666666,SITE 5,EXT
2026-04-10 04:00:00,37.31233333333333,32.30566666666667,23.339499999999997,29.092592592592595,20.35185185185185,60.166666666666664,968.4813333333333,SITE 5,EXT
2026-04-10 05:00:00,40.54516666666667,34.67433333333334,24.848000000000003,29.40740740740741,20.64814814814815,60.13333333333333,968.7993333333333,SITE 5,EXT
2026-04-10 06:00:00,41.77133333333333,35.271166666666666,25.229166666666668,29.037037037037035,20.703703703703702,60.96666666666667,968.9456666666666,SITE 5,EXT
2026-04-10 07:00:00,40.872166666666665,34.564,24.82,29.685185185185183,20.75925925925926,59.36666666666667,969.258,SITE 5,EXT
2026-04-10 08:00:00,41.505833333333335,34.957499999999996,25.013333333333332,30.27777777777778,20.222222222222225,55.333333333333336,969.722,SITE 5,EXT
2026-04-10 09:00:00,35.157666666666664,30.104666666666667,21.603,31.388888888888893,19.90740740740741,50.93333333333333,970.036,SITE 5,EXT
2026-04-10 10:00:00,35.43816666666667,29.977500000000003,21.292166666666667,33.7037037037037,19.444444444444446,43.5,969.957,SITE 5,EXT
2026-04-10 11:00:00,34.91172413793104,29.41344827586207,20.755344827586207,35.74712643678161,19.272030651340998,38.44827586206897,969.3862068965517,SITE 5,EXT
2026-04-10 12:00:00,35.208666666666666,29.162333333333333,20.735833333333336,38.62962962962963,19.27777777777778,32.46666666666667,968.654,SITE 5,EXT
2026-04-10 13:00:00,35.57266666666667,29.3355,20.963166666666666,39.7962962962963,19.055555555555557,30.3,967.5566666666667,SITE 5,EXT
2026-04-10 14:00:00,34.58083333333333,28.200166666666668,19.578833333333332,40.75925925925926,18.85185185185185,28.266666666666666,966.6579999999999,SITE 5,EXT
2026-04-10 15:00:00,39.25,31.849,22.205666666666666,40.18518518518519,18.48148148148148,28.566666666666666,965.9633333333334,SITE 5,EXT
2026-04-10 16:00:00,42.544999999999995,34.2465,23.091666666666665,37.14814814814815,18.740740740740744,34.9,965.6786666666667,SITE 5,EXT
2026-04-10 17:00:00,30.389499999999998,25.066,17.36616666666667,32.62962962962963,18.333333333333332,43.266666666666666,966.5,SITE 5,EXT
2026-04-10 18:00:00,31.0165,25.743999999999996,18.080333333333332,30.77777777777778,18.75925925925926,49.166666666666664,966.7389999999999,SITE 5,EXT
2026-04-10 19:00:00,38.571333333333335,32.2605,22.387333333333334,30.944444444444446,18.5,48.03333333333333,967.3133333333334,SITE 5,EXT
2026-04-10 20:00:00,28.546333333333333,24.066,16.785,30.962962962962965,18.592592592592595,48.13333333333333,968.1283333333333,SITE 5,EXT
2026-04-10 21:00:00,33.173500000000004,27.719,19.055,30.77777777777778,19.388888888888893,51.2,969.0453333333334,SITE 5,EXT
2026-04-10 22:00:00,29.414166666666667,24.901666666666664,17.401166666666665,30.90740740740741,19.5,50.96666666666667,969.866,SITE 5,EXT
2026-04-10 23:00:00,27.69183333333333,23.6705,16.844166666666666,30.388888888888893,19.462962962962965,52.733333333333334,969.772,SITE 5,EXT
2026-04-11 00:00:00,26.774,23.111666666666668,16.702333333333332,29.722222222222225,19.796296296296298,55.86666666666667,969.266,SITE 5,EXT
2026-04-11 01:00:00,27.9645,23.63266666666667,16.879,29.388888888888893,20.425925925925927,59.06666666666667,968.698,SITE 5,EXT
2026-04-11 02:00:00,28.018666666666665,24.05933333333333,17.311833333333333,29.40740740740741,20.518518518518523,59.36666666666667,968.1346666666667,SITE 5,EXT
2026-04-11 03:00:00,29.01383333333333,24.6495,17.882166666666667,29.166666666666668,20.64814814814815,60.93333333333333,968.134,SITE 5,EXT
2026-04-11 04:00:00,30.200833333333332,25.718,18.706500000000002,29.351851851851855,20.685185185185183,60.36666666666667,968.5683333333333,SITE 5,EXT
2026-04-11 05:00:00,30.817666666666664,26.188,18.997333333333334,29.055555555555557,20.722222222222225,60.93333333333333,969.27,SITE 5,EXT
2026-04-11 06:00:00,36.64366666666667,31.10983333333333,22.682666666666666,28.740740740740744,20.796296296296298,62.6,969.7663333333334,SITE 5,EXT
2026-04-11 07:00:00,38.689499999999995,31.670166666666667,22.069333333333336,28.85185185185185,20.85185185185185,62.43333333333333,970.2479999999999,SITE 5,EXT
2026-04-11 08:00:00,37.86383333333333,32.0385,23.015,29.40740740740741,21.11111111111111,61.46666666666667,971.0693333333332,SITE 5,EXT
2026-04-11 09:00:00,71.30183333333333,62.972833333333334,37.23716666666667,30.574074074074076,21.5,58.666666666666664,971.475,SITE 5,EXT
2026-04-11 10:00:00,155.4343103448276,139.38379310344828,78.81068965517242,34.367816091954026,21.590038314176244,47.93103448275862,971.2027586206897,SITE 5,EXT
2026-04-11 11:00:00,126.48366666666666,112.69,57.797000000000004,35.98148148148149,21.592592592592595,43.6,970.4313333333333,SITE 5,EXT
2026-04-11 12:00:00,29.480166666666666,25.723166666666668,18.748,37.166666666666664,21.37037037037037,40.3,969.2456666666666,SITE 5,EXT
2026-04-11 13:00:00,28.742166666666666,25.013666666666666,18.523500000000002,37.7962962962963,21.037037037037035,38.0,968.0216666666668,SITE 5,EXT
2026-04-11 14:00:00,39.123666666666665,33.73866666666667,23.212,37.37037037037037,20.62962962962963,38.03333333333333,967.1936666666667,SITE 5,EXT
2026-04-11 15:00:00,31.08216666666667,26.632166666666667,19.36733333333333,38.537037037037045,20.5,35.36666666666667,966.5300000000001,SITE 5,EXT
2026-04-11 16:00:00,33.65383333333333,28.281833333333335,20.058,38.37037037037037,19.962962962962965,34.733333333333334,966.135,SITE 5,EXT
2026-04-11 17:00:00,36.842,30.369500000000002,21.220833333333335,37.14814814814815,19.388888888888893,35.86666666666667,965.8383333333334,SITE 5,EXT
2026-04-11 18:00:00,37.26,30.68616666666667,21.284,36.166666666666664,19.925925925925927,38.9,966.2676666666666,SITE 5,EXT
2026-04-11 19:00:00,46.09616666666667,37.906666666666666,26.373333333333335,35.03703703703704,21.12962962962963,44.63333333333333,967.0336666666666,SITE 5,EXT
2026-04-11 20:00:00,41.62275862068965,33.75586206896551,23.33448275862069,33.40996168582375,20.478927203065133,47.275862068965516,968.3813793103449,SITE 5,EXT
2026-04-11 21:00:00,37.13068965517241,30.70637931034483,24.07689655172414,25.478927203065133,18.275862068965516,65.65517241379311,969.9127586206897,SITE 5,EXT
2026-04-11 22:00:00,36.13033333333333,29.694000000000003,22.2225,25.944444444444446,19.35185185185185,67.6,970.6983333333334,SITE 5,EXT
2026-04-11 23:00:00,31.494166666666665,25.6345,19.220166666666668,26.11111111111111,19.12962962962963,66.1,970.23,SITE 5,EXT
2026-04-12 00:00:00,27.805833333333332,22.711833333333335,17.672666666666665,25.37037037037037,19.370370370370374,70.0,970.2336666666666,SITE 5,EXT
2026-04-12 01:00:00,27.572166666666664,22.769166666666667,17.536333333333335,25.462962962962965,19.35185185185185,69.56666666666666,970.3376666666667,SITE 5,EXT
2026-04-12 02:00:00,27.48448275862069,22.989655172413794,17.87051724137931,25.114942528735632,19.92337164750958,73.96551724137932,969.8875862068965,SITE 5,EXT
2026-04-12 03:00:00,23.8035,20.05666666666667,15.833166666666667,25.037037037037035,19.62962962962963,72.66666666666667,969.819,SITE 5,EXT
2026-04-12 04:00:00,30.221666666666668,24.86433333333333,19.233333333333334,25.12962962962963,19.222222222222225,70.46666666666667,969.985,SITE 5,EXT
2026-04-12 05:00:00,29.962833333333332,24.500999999999998,18.589,25.0,19.314814814814817,71.3,970.243,SITE 5,EXT
2026-04-12 06:00:00,32.66758620689655,27.012931034482758,20.468620689655175,25.383141762452105,19.46360153256705,70.62068965517241,970.0089655172413,SITE 5,EXT
2026-04-12 07:00:00,39.46844827586207,32.21810344827586,25.70810344827586,26.03448275862069,18.9272030651341,65.55172413793103,970.1293103448276,SITE 5,EXT
2026-04-12 08:00:00,51.8375,43.49616666666667,32.11116666666667,27.870370370370374,18.90740740740741,58.833333333333336,970.3889999999999,SITE 5,EXT
2026-04-12 09:00:00,59.970000000000006,48.96857142857142,34.8775,29.047619047619047,18.76984126984127,54.285714285714285,970.3964285714285,SITE 5,EXT
2026-04-12 17:00:00,26.910833333333333,22.8875,17.482499999999998,34.351851851851855,18.333333333333336,39.166666666666664,966.0466666666666,SITE 5,EXT
2026-04-12 18:00:00,25.972833333333334,22.16916666666667,16.8355,34.62962962962963,18.25925925925926,38.333333333333336,966.349,SITE 5,EXT
2026-04-12 19:00:00,45.398,37.07533333333333,26.845333333333333,34.24074074074074,19.574074074074076,42.6,967.1800000000001,SITE 5,EXT
2026-04-12 20:00:00,51.56666666666667,42.593666666666664,30.970000000000002,33.62962962962963,19.666666666666668,44.166666666666664,967.3513333333334,SITE 5,EXT
2026-04-12 21:00:00,41.5675,34.38666666666666,24.631666666666668,33.18518518518519,19.518518518518523,44.666666666666664,967.9023333333333,SITE 5,EXT
2026-04-12 22:00:00,38.23283333333333,31.732833333333335,22.554666666666666,31.75925925925926,19.62962962962963,48.96666666666667,968.3766666666667,SITE 5,EXT
2026-04-12 23:00:00,38.45183333333333,32.099666666666664,22.874166666666667,31.222222222222225,19.444444444444446,49.93333333333333,968.2493333333333,SITE 5,EXT
2026-04-13 00:00:00,36.373666666666665,30.1225,22.12366666666667,31.518518518518523,18.870370370370374,47.36666666666667,967.63,SITE 5,EXT
2026-04-13 01:00:00,34.06316666666667,28.581,20.967,30.796296296296298,19.962962962962965,52.86666666666667,967.1263333333334,SITE 5,EXT
2026-04-13 02:00:00,37.275666666666666,31.217,22.902833333333334,30.055555555555554,20.333333333333332,56.46666666666667,966.4383333333334,SITE 5,EXT
2026-04-13 03:00:00,37.3165,31.323666666666668,22.919833333333333,30.01851851851852,20.518518518518523,57.43333333333333,965.8713333333333,SITE 5,EXT
2026-04-13 04:00:00,41.41233333333333,34.587833333333336,25.347166666666666,30.185185185185183,20.64814814814815,57.166666666666664,966.0326666666666,SITE 5,EXT
2026-04-13 05:00:00,40.556000000000004,34.16916666666667,24.953666666666667,29.666666666666668,20.87037037037037,59.93333333333333,966.272,SITE 5,EXT
2026-04-13 06:00:00,47.43233333333333,38.859,28.453666666666667,28.870370370370374,20.75925925925926,62.36666666666667,966.778,SITE 5,EXT
2026-04-13 07:00:00,50.756,41.37883333333333,29.991833333333332,29.61111111111111,20.518518518518523,58.43333333333333,967.0256666666667,SITE 5,EXT
2026-04-13 08:00:00,46.12383333333333,37.68766666666667,27.3385,31.333333333333332,20.592592592592595,53.56666666666667,967.4433333333333,SITE 5,EXT
2026-04-13 09:00:00,43.6625,35.28966666666667,25.272,32.94444444444444,20.98148148148148,49.93333333333333,967.6133333333333,SITE 5,EXT
2026-04-13 10:00:00,46.791666666666664,38.91433333333334,27.307333333333336,35.22222222222222,20.074074074074076,41.36666666666667,967.3276666666667,SITE 5,EXT
2026-04-13 11:00:00,44.44383333333334,36.661833333333334,26.273500000000002,38.0,19.51851851851852,34.2,966.7603333333334,SITE 5,EXT
2026-04-13 12:00:00,43.61066666666667,36.270833333333336,25.805166666666665,39.333333333333336,17.833333333333332,28.833333333333332,965.9736666666666,SITE 5,EXT
2026-04-13 13:00:00,38.85066666666667,32.505,23.715833333333332,40.48148148148149,17.51851851851852,26.4,965.065,SITE 5,EXT
2026-04-13 14:00:00,31.855517241379314,26.006551724137932,19.160689655172412,41.3984674329502,17.624521072796934,25.275862068965516,964.2141379310344,SITE 5,EXT
2026-04-13 15:00:00,40.48466666666666,33.224833333333336,24.328166666666668,41.2962962962963,16.62962962962963,23.733333333333334,963.2653333333333,SITE 5,EXT
2026-04-13 16:00:00,32.7545,26.718166666666665,19.612666666666666,40.22222222222222,16.944444444444446,25.8,962.5526666666667,SITE 5,EXT
2026-04-13 17:00:00,37.14866666666667,30.700166666666668,22.6125,39.57407407407407,17.296296296296298,27.266666666666666,962.5063333333333,SITE 5,EXT
2026-04-13 18:00:00,46.78483333333334,38.16166666666666,27.92716666666667,38.05555555555556,17.90740740740741,30.966666666666665,963.2136666666667,SITE 5,EXT
2026-04-13 19:00:00,54.06133333333333,43.415166666666664,31.3615,37.42592592592593,18.388888888888893,32.96666666666667,964.3816666666667,SITE 5,EXT
2026-04-13 20:00:00,46.510999999999996,38.07966666666667,27.235,36.12962962962963,19.77777777777778,38.7,965.5773333333333,SITE 5,EXT
2026-04-13 21:00:00,48.174,39.512166666666666,29.098,34.648148148148145,20.574074074074076,44.06666666666667,965.9323333333334,SITE 5,EXT
2026-04-13 22:00:00,43.216,35.64783333333333,25.867833333333333,33.24074074074074,20.333333333333332,46.833333333333336,966.6536666666667,SITE 5,EXT
2026-04-13 23:00:00,41.428225806451614,34.41451612903226,25.112903225806452,32.22222222222222,19.892473118279568,48.58064516129032,966.5274193548387,SITE 5,EXT
2026-04-14 00:00:00,39.133500000000005,32.639500000000005,23.505333333333333,31.5,19.944444444444446,50.86666666666667,966.0243333333333,SITE 5,EXT
2026-04-14 01:00:00,36.66833333333333,30.628,22.119333333333334,30.388888888888893,19.925925925925927,54.13333333333333,966.0373333333333,SITE 5,EXT
2026-04-14 02:00:00,28.578833333333332,23.837833333333332,17.845333333333333,29.27777777777778,19.64814814814815,56.56666666666667,966.0406666666667,SITE 5,EXT
2026-04-14 03:00:00,28.793,23.621333333333332,17.785666666666668,27.796296296296298,19.537037037037035,61.36666666666667,965.8506666666667,SITE 5,EXT
2026-04-14 04:00:00,30.901666666666664,25.541333333333334,19.181500000000003,27.222222222222225,20.0,65.5,966.0546666666667,SITE 5,EXT
2026-04-14 05:00:00,32.236333333333334,27.09916666666667,20.44183333333333,27.203703703703706,20.11111111111111,65.6,966.367,SITE 5,EXT
2026-04-14 06:00:00,32.222166666666666,26.894833333333334,20.43616666666667,27.370370370370374,19.87037037037037,64.26666666666667,967.766,SITE 5,EXT
2026-04-14 07:00:00,36.619166666666665,30.4005,23.444833333333335,27.944444444444446,20.074074074074076,62.93333333333333,968.2686666666667,SITE 5,EXT
2026-04-14 08:00:00,35.50333333333333,29.556499999999996,21.84016666666667,29.12962962962963,19.722222222222225,57.333333333333336,969.0360000000001,SITE 5,EXT
2026-04-14 09:00:00,31.563333333333333,26.934,20.12366666666667,29.87037037037037,19.351851851851855,53.733333333333334,969.5786666666667,SITE 5,EXT
2026-04-14 10:00:00,26.129583333333333,22.498958333333334,17.190416666666668,31.550925925925927,19.39814814814815,48.791666666666664,970.015,SITE 5,EXT
2026-04-14 11:00:00,32.65683333333333,27.835833333333333,21.238333333333333,33.77777777777778,19.5,43.43333333333333,969.6163333333334,SITE 5,EXT
2026-04-14 12:00:00,27.05216666666667,22.849,17.625166666666665,34.31481481481481,18.962962962962965,40.733333333333334,969.015,SITE 5,EXT
2026-04-14 13:00:00,28.090666666666667,23.645333333333333,18.378666666666668,34.72222222222222,19.425925925925927,40.93333333333333,968.0786666666667,SITE 5,EXT
2026-04-14 14:00:00,26.890192307692306,22.929423076923076,17.488076923076925,35.64102564102564,19.594017094017094,39.19230769230769,967.3349999999999,SITE 5,EXT
2026-04-14 15:00:00,32.440000000000005,27.063,20.522,33.94444444444444,19.64814814814815,43.4,966.7610000000001,SITE 5,EXT
2026-04-14 16:00:00,41.23655172413793,34.52862068965517,25.602068965517244,32.41379310344828,19.789272030651343,47.758620689655174,966.3517241379311,SITE 5,EXT
2026-04-14 17:00:00,41.63333333333333,34.65933333333333,25.517666666666667,32.166666666666664,20.166666666666668,49.56666666666667,966.3696666666667,SITE 5,EXT
2026-04-14 18:00:00,38.195166666666665,31.903000000000002,23.43583333333333,31.14814814814815,20.51851851851852,53.9,966.8889999999999,SITE 5,EXT
2026-04-14 19:00:00,39.549,33.212,24.050666666666665,30.222222222222225,20.25925925925926,55.8,967.7676666666666,SITE 5,EXT
2026-04-14 20:00:00,41.515166666666666,34.75116666666667,25.299333333333333,30.14814814814815,20.444444444444446,56.4,968.4166666666666,SITE 5,EXT
2026-04-14 21:00:00,43.334500000000006,36.144666666666666,26.701833333333333,29.240740740740744,20.222222222222225,59.03333333333333,968.8313333333333,SITE 5,EXT
2026-04-14 22:00:00,42.857499999999995,35.0375,24.2045,28.90740740740741,19.5,57.166666666666664,969.0646666666667,SITE 5,EXT
2026-04-14 23:00:00,37.1645,31.051666666666666,21.967166666666667,28.685185185185183,19.240740740740744,57.56666666666667,968.8073333333334,SITE 5,EXT
2026-04-15 00:00:00,34.71216666666667,28.9085,21.448833333333333,28.018518518518523,19.685185185185183,60.96666666666667,968.1996666666668,SITE 5,EXT
2026-04-15 01:00:00,35.350166666666674,29.430333333333333,22.068500000000004,28.40740740740741,19.98148148148148,60.766666666666666,967.5046666666666,SITE 5,EXT
2026-04-15 02:00:00,35.221000000000004,29.42366666666667,22.153166666666667,28.12962962962963,20.333333333333332,63.266666666666666,966.8646666666666,SITE 5,EXT
2026-04-15 03:00:00,39.69655172413793,33.14706896551724,24.95344827586207,27.89272030651341,20.632183908045977,65.20689655172414,966.8103448275862,SITE 5,EXT
2026-04-15 04:00:00,38.676,32.473333333333336,24.133333333333333,27.833333333333332,20.77777777777778,66.0,967.1246666666667,SITE 5,EXT
2026-04-15 05:00:00,47.6215,39.354166666666664,29.225666666666665,27.75925925925926,20.814814814814817,66.53333333333333,967.3456666666666,SITE 5,EXT
2026-04-15 06:00:00,57.80783333333333,47.732,36.447,28.0,20.64814814814815,65.0,967.7226666666667,SITE 5,EXT
2026-04-15 07:00:00,49.837833333333336,41.09,30.394000000000002,29.166666666666668,20.85185185185185,61.3,968.3786666666667,SITE 5,EXT
2026-04-15 08:00:00,42.929,36.18083333333333,26.255999999999997,30.185185185185183,20.51851851851852,56.86666666666667,969.0206666666667,SITE 5,EXT
2026-04-15 09:00:00,35.44116666666666,30.108333333333334,22.483666666666668,32.2962962962963,19.01851851851852,45.9,968.9860000000001,SITE 5,EXT
2026-04-15 10:00:00,25.970833333333335,22.29733333333333,17.232333333333333,35.98148148148149,17.703703703703702,34.233333333333334,968.756,SITE 5,EXT
2026-04-15 11:00:00,31.327166666666663,26.37933333333333,19.8535,38.44444444444445,17.14814814814815,29.0,968.152,SITE 5,EXT
2026-04-15 12:00:00,38.29116666666666,31.851833333333335,23.08983333333333,40.57407407407407,15.5,23.033333333333335,967.039,SITE 5,EXT
2026-04-15 13:00:00,37.735517241379306,31.231724137931035,22.652241379310343,41.072796934865906,16.03448275862069,23.20689655172414,965.8403448275861,SITE 5,EXT
2026-04-15 14:00:00,35.033166666666666,28.861333333333334,21.114833333333333,41.592592592592595,15.0,21.166666666666668,964.9166666666666,SITE 5,EXT
2026-04-15 15:00:00,28.55666666666667,23.4035,17.307000000000002,41.592592592592595,12.5,17.866666666666667,964.4110000000001,SITE 5,EXT
2026-04-15 16:00:00,32.0805,26.25183333333333,18.871333333333332,40.72222222222222,13.111111111111112,19.533333333333335,964.0886666666667,SITE 5,EXT
2026-04-15 17:00:00,36.341166666666666,29.734666666666666,21.080333333333332,39.72222222222222,13.38888888888889,21.033333333333335,964.05,SITE 5,EXT
2026-04-15 18:00:00,80.354,67.6905,45.009,37.74074074074074,14.203703703703704,24.666666666666668,964.5793333333334,SITE 5,EXT
2026-04-15 19:00:00,142.47766666666666,130.17716666666666,82.84400000000001,36.277777777777786,15.11111111111111,28.566666666666666,965.206,SITE 5,EXT
2026-04-15 20:00:00,90.2495,81.0995,57.23966666666667,35.592592592592595,16.01851851851852,31.366666666666667,965.6346666666667,SITE 5,EXT
2026-04-15 21:00:00,50.734833333333334,40.8435,28.774,34.12962962962963,16.537037037037038,35.13333333333333,966.018,SITE 5,EXT
2026-04-15 22:00:00,49.315000000000005,40.006499999999996,28.304166666666667,33.833333333333336,17.055555555555557,36.9,966.539,SITE 5,EXT
2026-04-15 23:00:00,52.287166666666664,41.88533333333333,30.014166666666664,32.611111111111114,17.314814814814817,40.36666666666667,966.5053333333333,SITE 5,EXT
2026-04-16 00:00:00,48.286500000000004,39.9895,29.819,31.796296296296298,17.64814814814815,43.1,966.0096666666667,SITE 5,EXT
2026-04-16 01:00:00,41.91435483870968,35.241290322580646,25.681451612903224,31.236559139784948,17.867383512544805,45.193548387096776,965.3725806451613,SITE 5,EXT
2026-04-16 02:00:00,40.594,34.400999999999996,25.13533333333333,30.574074074074076,18.166666666666668,48.1,964.938,SITE 5,EXT
2026-04-16 03:00:00,35.790333333333336,30.5315,22.6265,30.166666666666668,18.77777777777778,50.96666666666667,964.4883333333333,SITE 5,EXT
2026-04-16 04:00:00,34.87883333333333,29.56116666666667,21.891166666666667,29.833333333333332,19.074074074074076,53.2,964.579,SITE 5,EXT
2026-04-16 05:00:00,39.72383333333333,33.44866666666667,24.709999999999997,29.388888888888893,19.296296296296298,55.1,965.214,SITE 5,EXT
2026-04-16 06:00:00,45.86866666666666,38.07783333333334,27.7975,29.166666666666668,19.53703703703704,56.7,966.0646666666667,SITE 5,EXT
2026-04-16 07:00:00,48.085,39.6715,28.967333333333332,30.203703703703702,19.90740740740741,54.266666666666666,966.6683333333333,SITE 5,EXT
2026-04-16 08:00:00,38.0105,32.02616666666667,23.596,31.462962962962965,19.925925925925927,50.733333333333334,967.3556666666666,SITE 5,EXT
2026-04-16 09:00:00,39.19266666666667,32.63316666666667,25.024,32.72222222222222,19.944444444444446,47.43333333333333,967.7283333333332,SITE 5,EXT
2026-04-16 10:00:00,33.54633333333333,28.323333333333334,21.232333333333333,35.46296296296296,19.944444444444446,40.7,967.7446666666667,SITE 5,EXT
2026-04-16 11:00:00,32.2695,27.429333333333332,20.7775,38.333333333333336,19.35185185185185,33.53333333333333,967.1353333333334,SITE 5,EXT
2026-04-16 12:00:00,32.088499999999996,26.762833333333333,20.206166666666665,40.37037037037037,18.333333333333332,28.0,966.0763333333333,SITE 5,EXT
2026-04-16 13:00:00,34.927,28.845833333333335,21.4955,41.351851851851855,17.27777777777778,24.833333333333332,964.981,SITE 5,EXT
2026-04-16 14:00:00,35.48225806451613,29.516774193548386,21.872258064516128,41.4336917562724,16.91756272401434,24.06451612903226,964.0167741935484,SITE 5,EXT
2026-04-16 15:00:00,35.02966666666667,28.989666666666665,21.462666666666667,41.01851851851852,16.61111111111111,24.133333333333333,963.2856666666667,SITE 5,EXT
2026-04-16 16:00:00,32.731500000000004,26.913833333333333,19.900666666666666,40.55555555555556,15.24074074074074,22.7,962.94,SITE 5,EXT
2026-04-16 17:00:00,38.48683333333334,31.624666666666666,22.9035,39.87037037037037,15.092592592592592,23.2,962.9,SITE 5,EXT
2026-04-16 18:00:00,48.83533333333333,39.350166666666674,28.063,38.14814814814815,16.444444444444443,28.066666666666666,963.3046666666667,SITE 5,EXT
2026-04-16 19:00:00,53.5095,42.7915,30.548,36.87037037037037,17.944444444444446,33.0,964.077,SITE 5,EXT
2026-04-16 20:00:00,63.747166666666665,52.11933333333333,38.5415,36.24074074074075,18.03703703703704,34.46666666666667,964.5939999999999,SITE 5,EXT
2026-04-16 21:00:00,54.10883333333334,43.8375,31.804666666666666,35.37037037037037,18.185185185185187,36.333333333333336,965.1830000000001,SITE 5,EXT
2026-04-16 22:00:00,49.0935,39.833,27.897499999999997,34.61111111111111,17.314814814814817,35.93333333333333,965.5786666666667,SITE 5,EXT
2026-04-16 23:00:00,50.85733333333334,41.0575,28.986833333333333,33.70370370370371,18.03703703703704,39.766666666666666,965.6403333333333,SITE 5,EXT
2026-04-17 00:00:00,47.14149999999999,38.96,28.921333333333333,33.12962962962963,18.62962962962963,42.5,965.223,SITE 5,EXT
2026-04-17 01:00:00,52.571666666666665,43.503166666666665,34.216499999999996,32.03703703703704,19.166666666666668,47.0,964.562,SITE 5,EXT
2026-04-17 02:00:00,45.046166666666664,37.7355,27.632166666666667,31.111111111111118,19.037037037037035,49.266666666666666,963.9086666666666,SITE 5,EXT
2026-04-17 03:00:00,41.078833333333336,34.838166666666666,25.424333333333333,30.5,19.53703703703704,52.43333333333333,963.422,SITE 5,EXT
2026-04-17 04:00:00,41.63645161290323,35.31693548387097,26.023709677419355,30.0,19.982078853046595,55.32258064516129,963.5754838709678,SITE 5,EXT
2026-04-17 05:00:00,42.85483333333333,36.2935,26.7115,29.925925925925927,20.48148148148148,57.36666666666667,964.018,SITE 5,EXT
2026-04-17 06:00:00,51.07333333333334,41.68283333333333,30.513166666666667,29.944444444444446,20.574074074074076,57.833333333333336,965.3486666666666,SITE 5,EXT
2026-04-17 07:00:00,78.16116666666667,67.726,48.092166666666664,31.11111111111111,20.722222222222225,54.43333333333333,966.1990000000001,SITE 5,EXT
2026-04-17 08:00:00,50.459833333333336,41.8625,30.785500000000003,31.833333333333332,21.166666666666668,53.3,966.6046666666666,SITE 5,EXT
2026-04-17 09:00:00,47.282333333333334,39.468666666666664,29.12,33.31481481481482,21.51851851851852,50.43333333333333,966.8926666666666,SITE 5,EXT
2026-04-17 10:00:00,43.151833333333336,36.53433333333333,27.0105,35.51851851851852,21.425925925925927,44.4,966.716,SITE 5,EXT
2026-04-17 11:00:00,45.10466666666666,37.89383333333333,27.81116666666667,37.611111111111114,20.27777777777778,36.9,966.1146666666666,SITE 5,EXT
2026-04-17 12:00:00,41.839333333333336,35.10033333333333,25.790166666666668,40.166666666666664,18.814814814814817,29.1,965.2143333333333,SITE 5,EXT
2026-04-17 13:00:00,45.00883333333333,37.35566666666667,27.416333333333334,41.48148148148149,18.25925925925926,26.2,963.9543333333334,SITE 5,EXT
2026-04-17 14:00:00,45.22,37.38533333333333,27.37066666666667,41.40740740740741,17.5,24.966666666666665,962.769,SITE 5,EXT
2026-04-17 15:00:00,47.77333333333333,38.92433333333334,28.231166666666663,41.333333333333336,16.38888888888889,23.466666666666665,961.9003333333333,SITE 5,EXT
2026-04-17 16:00:00,53.67274193548387,44.18016129032258,30.852096774193548,40.788530465949826,15.734767025089607,23.06451612903226,961.4393548387096,SITE 5,EXT
2026-04-17 17:00:00,48.926,39.451,28.360000000000003,39.25925925925926,15.666666666666666,25.033333333333335,961.4636666666667,SITE 5,EXT
2026-04-17 18:00:00,56.0445,44.23683333333334,31.107000000000003,38.03703703703704,15.24074074074074,26.066666666666666,961.6656666666667,SITE 5,EXT
2026-04-17 19:00:00,61.244166666666665,49.778,36.63666666666666,37.25925925925926,18.018518518518523,32.63333333333333,962.7263333333334,SITE 5,EXT
2026-04-17 20:00:00,82.55366666666667,73.04766666666666,53.339166666666664,36.351851851851855,17.814814814814817,33.7,963.8043333333334,SITE 5,EXT
2026-04-17 21:00:00,57.13466666666667,45.99133333333334,33.095666666666666,34.777777777777786,18.40740740740741,38.43333333333333,964.4456666666666,SITE 5,EXT
2026-04-17 22:00:00,56.425333333333334,46.294,34.775333333333336,33.74074074074074,20.0,44.9,964.832,SITE 5,EXT
2026-04-17 23:00:00,52.495999999999995,43.724333333333334,34.55233333333333,32.72222222222222,20.055555555555554,47.733333333333334,965.182,SITE 5,EXT
2026-04-18 00:00:00,50.80116666666667,43.403666666666666,35.72416666666666,32.09259259259259,20.01851851851852,49.43333333333333,964.8533333333332,SITE 5,EXT
2026-04-18 01:00:00,52.92616666666667,48.23516666666667,41.3825,31.64814814814815,19.98148148148148,50.833333333333336,964.1659999999999,SITE 5,EXT
2026-04-18 02:00:00,52.424499999999995,47.505,40.775333333333336,31.62962962962963,19.962962962962965,50.733333333333334,963.622,SITE 5,EXT
2026-04-18 03:00:00,41.595166666666664,34.91766666666667,25.212333333333333,31.16666666666667,19.98148148148148,52.1,963.5126666666667,SITE 5,EXT
2026-04-18 04:00:00,43.21064516129032,36.266451612903225,26.331129032258065,29.551971326164875,20.28673835125448,58.096774193548384,963.6387096774193,SITE 5,EXT
2026-04-18 05:00:00,42.17366666666667,35.1905,26.414333333333335,28.833333333333332,20.25925925925926,60.36666666666667,964.0383333333334,SITE 5,EXT
2026-04-18 06:00:00,34.68183333333333,28.705333333333332,22.03216666666667,28.31481481481482,19.425925925925927,59.06666666666667,964.336,SITE 5,EXT
2026-04-18 07:00:00,37.72483333333333,31.617833333333333,23.7115,28.814814814814817,19.833333333333332,58.766666666666666,964.5503333333332,SITE 5,EXT
2026-04-18 08:00:00,36.314,30.431166666666666,22.688,30.314814814814817,20.296296296296298,55.43333333333333,965.513,SITE 5,EXT
2026-04-18 09:00:00,37.69,31.564999999999998,23.794999999999998,31.666666666666668,20.555555555555557,52.0,965.84,SITE 5,EXT
2026-04-18 14:00:00,35.72344827586207,29.20431034482759,21.182241379310344,40.11494252873563,17.126436781609197,26.275862068965516,962.8448275862069,SITE 5,EXT
2026-04-18 15:00:00,37.64,31.154166666666665,22.745833333333334,40.53703703703704,17.24074074074074,25.8,962.4066666666666,SITE 5,EXT
2026-04-18 16:00:00,37.681666666666665,31.093,22.6235,40.74074074074074,17.092592592592595,25.366666666666667,962.0223333333332,SITE 5,EXT
2026-04-18 17:00:00,41.581,34.141333333333336,24.927500000000002,39.333333333333336,16.944444444444443,27.066666666666666,961.721,SITE 5,EXT
2026-04-18 18:00:00,46.522166666666664,37.978833333333334,26.929,37.77777777777778,17.24074074074074,30.033333333333335,962.3169999999999,SITE 5,EXT
2026-04-18 19:00:00,59.72716666666667,47.7495,34.754333333333335,36.81481481481482,17.740740740740744,32.7,962.9793333333333,SITE 5,EXT
2026-04-18 20:00:00,53.3405,43.459666666666664,31.308833333333332,35.851851851851855,18.53703703703704,36.333333333333336,963.6533333333333,SITE 5,EXT
2026-04-18 21:00:00,44.60116666666667,37.082499999999996,26.882166666666667,34.14814814814815,19.944444444444446,43.46666666666667,964.1716666666667,SITE 5,EXT
2026-04-18 22:00:00,45.19950000000001,37.657333333333334,27.87366666666667,33.148148148148145,20.314814814814817,47.266666666666666,964.9680000000001,SITE 5,EXT
2026-04-18 23:00:00,48.51866666666667,40.403999999999996,31.02,32.53703703703704,20.555555555555557,49.8,965.1990000000001,SITE 5,EXT
2026-04-19 00:00:00,47.806666666666665,39.60216666666667,28.971666666666668,31.666666666666668,20.722222222222225,52.733333333333334,965.0266666666666,SITE 5,EXT
2026-04-19 01:00:00,49.745,40.90683333333333,29.851,31.111111111111118,20.722222222222225,54.53333333333333,964.5736666666667,SITE 5,EXT
2026-04-19 02:00:00,49.61833333333333,40.873000000000005,29.9785,30.64814814814815,20.98148148148148,56.56666666666667,964.0699999999999,SITE 5,EXT
2026-04-19 03:00:00,47.62016666666667,39.58683333333333,28.879166666666666,30.555555555555557,21.11111111111111,57.9,963.706,SITE 5,EXT
2026-04-19 04:00:00,44.75433333333333,37.81633333333333,27.540000000000003,30.14814814814815,21.12962962962963,58.8,963.5396666666667,SITE 5,EXT
2026-04-19 05:00:00,47.23564516129032,39.586129032258064,28.860645161290325,30.071684587813618,21.308243727598565,59.83870967741935,963.9548387096773,SITE 5,EXT
2026-04-19 06:00:00,49.376666666666665,40.66616666666666,29.638166666666667,29.48148148148148,21.166666666666668,61.53333333333333,964.4163333333333,SITE 5,EXT
2026-04-19 07:00:00,52.29316666666667,42.96516666666666,31.54883333333333,29.85185185185185,21.444444444444446,61.2,965.0713333333333,SITE 5,EXT
2026-04-19 08:00:00,51.958999999999996,42.766333333333336,31.946833333333334,31.018518518518523,21.592592592592595,57.93333333333333,965.8926666666666,SITE 5,EXT
2026-04-19 09:00:00,47.96583333333333,39.77333333333333,29.112166666666667,32.94444444444444,21.796296296296298,52.43333333333333,966.303,SITE 5,EXT
2026-04-19 10:00:00,40.95483333333333,34.69266666666667,25.58083333333333,35.75925925925926,21.37037037037037,43.7,966.1286666666667,SITE 5,EXT
2026-04-19 11:00:00,39.050333333333334,33.0605,24.541333333333334,38.98148148148149,21.01851851851852,35.7,965.7186666666668,SITE 5,EXT
2026-04-19 12:00:00,38.68933333333334,32.451499999999996,24.21516666666667,40.62962962962963,20.388888888888893,31.4,964.9183333333333,SITE 5,EXT
2026-04-19 13:00:00,36.75383333333333,30.799500000000002,23.083333333333332,41.351851851851855,19.444444444444446,28.5,963.8406666666667,SITE 5,EXT
2026-04-19 14:00:00,41.276833333333336,34.4095,25.66,41.777777777777786,18.25925925925926,25.733333333333334,962.9419999999999,SITE 5,EXT
2026-04-19 15:00:00,42.472166666666666,35.30283333333333,26.821166666666667,42.25925925925926,17.51851851851852,24.1,961.9523333333333,SITE 5,EXT
2026-04-19 16:00:00,43.276833333333336,36.05050000000001,27.2885,41.537037037037045,16.88888888888889,23.933333333333334,961.526,SITE 5,EXT
2026-04-19 17:00:00,46.474000000000004,38.622499999999995,29.055833333333332,40.12962962962963,17.01851851851852,26.066666666666666,961.5243333333333,SITE 5,EXT
2026-04-19 18:00:00,45.64816666666666,37.8425,28.03666666666667,38.2037037037037,17.814814814814817,30.466666666666665,962.1833333333333,SITE 5,EXT
2026-04-19 19:00:00,56.4405,46.43266666666667,33.88733333333333,36.55555555555556,18.574074074074076,34.8,963.2526666666668,SITE 5,EXT
2026-04-19 20:00:00,43.94766666666667,36.728500000000004,26.614666666666665,36.037037037037045,18.77777777777778,36.333333333333336,964.0856666666666,SITE 5,EXT
2026-04-19 21:00:00,46.64083333333333,38.60033333333333,27.640666666666668,35.44444444444445,19.0,38.266666666666666,965.0246666666667,SITE 5,EXT
2026-04-19 22:00:00,40.38616666666667,34.75083333333334,27.752166666666664,30.166666666666668,20.203703703703706,56.8,966.7306666666667,SITE 5,EXT
2026-04-19 23:00:00,32.60316666666667,26.776999999999997,22.709,25.722222222222225,20.64814814814815,74.4,967.3916666666667,SITE 5,EXT
2026-04-20 00:00:00,33.52683333333333,27.930666666666664,21.79866666666667,25.962962962962965,20.703703703703702,73.53333333333333,967.878,SITE 5,EXT
2026-04-20 01:00:00,30.622999999999998,25.766833333333334,19.8535,25.98148148148148,20.14814814814815,70.9,967.1816666666667,SITE 5,EXT
2026-04-20 02:00:00,28.611,24.255999999999997,18.886833333333335,24.90740740740741,19.88888888888889,74.4,965.274,SITE 5,EXT
2026-04-20 03:00:00,28.044500000000003,23.854499999999998,18.59416666666667,25.518518518518523,20.01851851851852,71.66666666666667,964.6863333333333,SITE 5,EXT
2026-04-20 04:00:00,30.833387096774196,25.794999999999998,19.92967741935484,25.967741935483872,19.910394265232977,69.96774193548387,964.3409677419355,SITE 5,EXT
2026-04-20 05:00:00,35.83533333333333,29.845166666666668,22.815833333333334,26.074074074074073,19.962962962962965,69.96666666666667,964.6353333333334,SITE 5,EXT
2026-04-20 06:00:00,44.19466666666666,36.95483333333333,26.953500000000002,26.537037037037035,19.944444444444446,67.76666666666667,965.3546666666666,SITE 5,EXT
2026-04-20 07:00:00,49.50833333333333,40.776833333333336,28.975666666666665,26.851851851851855,20.12962962962963,67.36666666666666,966.0213333333334,SITE 5,EXT
2026-04-20 08:00:00,52.23633333333333,43.01683333333334,30.9835,27.61111111111111,20.518518518518523,65.93333333333334,967.0293333333334,SITE 5,EXT
2026-04-20 09:00:00,42.37133333333333,35.51133333333333,25.976166666666664,28.12962962962963,20.51851851851852,64.0,967.565,SITE 5,EXT
2026-04-20 10:00:00,40.857499999999995,34.34433333333333,25.283833333333334,29.166666666666668,20.574074074074076,60.3,967.0336666666666,SITE 5,EXT
2026-04-20 11:00:00,44.619,37.52183333333333,27.2225,31.62962962962963,20.87037037037037,53.56666666666667,966.7056666666666,SITE 5,EXT
2026-04-20 12:00:00,43.4345,36.36216666666667,26.660166666666665,31.833333333333332,21.037037037037035,53.46666666666667,966.2643333333333,SITE 5,EXT
2026-04-20 13:00:00,47.031166666666664,38.97183333333333,28.16933333333333,33.2037037037037,21.25925925925926,50.1,965.24,SITE 5,EXT
2026-04-20 14:00:00,50.1125,41.02383333333333,29.639333333333337,35.88888888888889,20.88888888888889,41.96666666666667,964.4616666666666,SITE 5,EXT
2026-04-20 15:00:00,45.9765,38.040499999999994,27.407833333333333,35.2962962962963,20.62962962962963,42.56666666666667,964.3096666666667,SITE 5,EXT
2026-04-20 16:00:00,45.02516666666667,37.55233333333333,27.384666666666664,35.22222222222222,20.685185185185183,42.96666666666667,963.864,SITE 5,EXT
2026-04-20 17:00:00,48.03435483870968,39.605000000000004,28.85677419354839,33.94265232974911,21.218637992831543,47.70967741935484,963.8596774193549,SITE 5,EXT
2026-04-20 18:00:00,52.76683333333334,43.489333333333335,33.0575,32.0,21.555555555555557,54.733333333333334,964.4599999999999,SITE 5,EXT
2026-04-20 19:00:00,48.90833333333333,40.4195,29.669333333333334,30.944444444444446,21.703703703703702,58.5,965.0813333333333,SITE 5,EXT
2026-04-20 20:00:00,54.4745,44.46116666666667,33.56816666666666,31.462962962962965,20.666666666666668,53.1,965.6293333333334,SITE 5,EXT
2026-04-20 21:00:00,52.99766666666667,43.234833333333334,32.5775,31.64814814814815,21.14814814814815,54.2,966.4240000000001,SITE 5,EXT
2026-04-20 22:00:00,56.948,46.22716666666667,34.648,31.25925925925926,22.11111111111111,58.53333333333333,966.9946666666667,SITE 5,EXT
2026-04-20 23:00:00,51.397000000000006,42.175,30.821833333333334,31.000000000000004,22.61111111111111,61.333333333333336,967.1396666666666,SITE 5,EXT
2026-04-21 00:00:00,48.70466666666667,40.26483333333333,29.184666666666665,30.555555555555557,22.796296296296298,63.733333333333334,966.8796666666666,SITE 5,EXT
2026-04-21 01:00:00,47.852666666666664,40.095166666666664,29.659499999999998,30.14814814814815,22.888888888888893,65.56666666666666,966.4146666666667,SITE 5,EXT
2026-04-21 02:00:00,47.54333333333333,39.881166666666665,29.74416666666667,30.14814814814815,22.944444444444446,65.76666666666667,966.397,SITE 5,EXT
2026-04-21 03:00:00,49.781333333333336,41.438833333333335,31.107166666666668,29.40740740740741,22.925925925925927,68.9,966.0576666666667,SITE 5,EXT
2026-04-21 04:00:00,44.123000000000005,37.51766666666666,27.4715,29.0,22.462962962962965,68.7,966.052,SITE 5,EXT
2026-04-21 05:00:00,52.20233333333333,43.647333333333336,32.632,29.40740740740741,22.64814814814815,67.33333333333333,966.561,SITE 5,EXT
2026-04-21 06:00:00,52.40935483870968,43.550161290322585,33.165,29.480286738351257,22.580645161290324,67.2258064516129,967.007741935484,SITE 5,EXT
2026-04-21 07:00:00,49.38883333333333,41.044666666666664,31.285666666666664,30.166666666666668,22.833333333333332,65.3,967.4096666666667,SITE 5,EXT
2026-04-21 08:00:00,45.800333333333334,38.698,28.6405,30.90740740740741,22.555555555555554,61.36666666666667,968.1633333333334,SITE 5,EXT
2026-04-21 09:00:00,44.589666666666666,37.55466666666666,28.103333333333335,31.833333333333332,22.462962962962965,58.4,968.0636666666667,SITE 5,EXT
2026-04-21 10:00:00,42.11583333333333,35.534,26.468,33.592592592592595,22.85185185185185,53.833333333333336,967.6053333333333,SITE 5,EXT
2026-04-21 11:00:00,40.02383333333333,33.96366666666667,25.621,35.94444444444445,22.592592592592595,46.233333333333334,967.1073333333334,SITE 5,EXT
2026-04-21 12:00:00,36.1535,30.7255,22.9805,37.277777777777786,22.259259259259256,41.96666666666667,966.3846666666667,SITE 5,EXT
2026-04-21 13:00:00,36.007666666666665,30.3935,22.586333333333336,37.5,21.314814814814817,39.2,965.215,SITE 5,EXT
2026-04-21 14:00:00,37.1845,31.286833333333334,23.299166666666668,37.22222222222222,21.38888888888889,40.333333333333336,964.5699999999999,SITE 5,EXT
2026-04-21 15:00:00,36.792500000000004,31.125,23.021666666666665,37.351851851851855,21.11111111111111,39.333333333333336,964.5083333333333,SITE 5,EXT
2026-04-21 16:00:00,40.89866666666667,34.16433333333334,25.041833333333333,32.5,20.037037037037035,48.36666666666667,964.6333333333333,SITE 5,EXT
2026-04-21 17:00:00,47.690333333333335,39.23716666666667,28.425,32.166666666666664,19.722222222222225,48.233333333333334,964.4373333333333,SITE 5,EXT
2026-04-21 18:00:00,69.10354838709678,59.149032258064516,42.83887096774194,32.34767025089606,20.03584229390681,48.61290322580645,964.9777419354839,SITE 5,EXT
2026-04-21 19:00:00,54.86483333333333,44.575833333333335,32.47816666666667,31.592592592592595,19.98148148148148,50.63333333333333,965.946,SITE 5,EXT
2026-04-21 20:00:00,28.047,23.24383333333333,17.64966666666667,30.074074074074076,18.444444444444446,50.36666666666667,966.6896666666667,SITE 5,EXT
2026-04-21 21:00:00,33.88666666666667,28.259,21.10533333333333,30.333333333333332,18.796296296296298,50.36666666666667,967.5163333333334,SITE 5,EXT
2026-04-21 22:00:00,26.612333333333332,22.077833333333334,17.174166666666668,27.888888888888893,19.055555555555557,59.233333333333334,968.8013333333333,SITE 5,EXT
2026-04-21 23:00:00,23.632166666666667,20.264,16.0125,27.64814814814815,18.796296296296298,59.13333333333333,967.8306666666667,SITE 5,EXT
2026-04-22 00:00:00,27.2545,22.784,17.959999999999997,28.240740740740744,19.0,58.1,967.3313333333333,SITE 5,EXT
2026-04-22 01:00:00,24.337833333333332,20.611333333333334,16.317166666666665,28.12962962962963,19.055555555555557,58.333333333333336,966.8449999999999,SITE 5,EXT
2026-04-22 02:00:00,24.362000000000002,21.046166666666668,16.541,27.75925925925926,19.314814814814817,60.766666666666666,966.3240000000001,SITE 5,EXT
2026-04-22 03:00:00,25.887999999999998,22.2215,17.3665,28.074074074074076,19.740740740740744,61.13333333333333,966.6276666666668,SITE 5,EXT
2026-04-22 04:00:00,30.913,26.33,20.013666666666666,27.85185185185185,19.796296296296298,62.36666666666667,967.0246666666667,SITE 5,EXT
2026-04-22 05:00:00,30.953333333333333,25.631666666666668,19.733,26.11111111111111,19.11111111111111,66.06666666666666,968.6110000000001,SITE 5,EXT
2026-04-22 06:00:00,30.85983870967742,25.70225806451613,19.432258064516127,24.874551971326163,18.81720430107527,69.87096774193549,969.1438709677419,SITE 5,EXT
2026-04-22 07:00:00,35.037166666666664,29.118166666666664,21.547666666666665,25.833333333333332,19.0,66.83333333333333,969.3556666666667,SITE 5,EXT
2026-04-22 08:00:00,33.000166666666665,27.288333333333334,20.52466666666667,27.25925925925926,18.77777777777778,60.36666666666667,969.4069999999999,SITE 5,EXT
2026-04-22 09:00:00,31.90583333333333,26.095166666666668,19.146,30.11111111111111,18.03703703703704,48.9,968.8033333333333,SITE 5,EXT
2026-04-22 10:00:00,31.607000000000003,25.80933333333333,19.087833333333332,32.870370370370374,17.592592592592595,40.53333333333333,968.3286666666667,SITE 5,EXT
2026-04-22 11:00:00,33.16916666666667,27.35533333333333,20.0965,35.851851851851855,18.240740740740744,35.8,967.7639999999999,SITE 5,EXT
2026-04-22 12:00:00,28.019833333333334,23.25766666666667,17.709166666666665,38.46296296296296,17.425925925925927,29.366666666666667,966.7853333333334,SITE 5,EXT
2026-04-22 13:00:00,23.459333333333333,19.736333333333334,15.508333333333333,38.5,17.222222222222225,28.9,966.0126666666667,SITE 5,EXT
2026-04-22 14:00:00,27.042666666666666,22.548333333333336,17.228833333333334,37.61111111111111,18.370370370370374,32.666666666666664,965.078,SITE 5,EXT
2026-04-22 15:00:00,27.4125,22.613166666666665,17.271666666666665,37.31481481481482,18.055555555555557,32.666666666666664,964.568,SITE 5,EXT
2026-04-22 16:00:00,26.84,21.971333333333334,16.788833333333333,37.03703703703704,16.77777777777778,30.433333333333334,964.3246666666668,SITE 5,EXT
2026-04-22 17:00:00,30.2045,25.090666666666667,18.743833333333335,35.88888888888889,17.814814814814817,34.46666666666667,964.5453333333334,SITE 5,EXT
2026-04-22 18:00:00,33.45916666666667,27.666,20.392999999999997,34.25925925925926,19.055555555555557,41.1,965.3236666666667,SITE 5,EXT
2026-04-22 19:00:00,47.781333333333336,39.19883333333333,28.353833333333334,33.55555555555556,20.14814814814815,45.666666666666664,966.3503333333333,SITE 5,EXT
2026-04-22 20:00:00,41.730645161290326,34.72483870967742,26.00548387096774,32.61648745519713,20.806451612903224,50.354838709677416,967.111935483871,SITE 5,EXT
2026-04-22 21:00:00,38.693,32.5825,23.732166666666668,31.75925925925926,21.166666666666668,53.86666666666667,967.7493333333333,SITE 5,EXT
2026-04-22 22:00:00,37.98566666666667,31.93566666666667,23.31066666666667,31.425925925925927,21.722222222222225,56.96666666666667,967.9490000000001,SITE 5,EXT
2026-04-22 23:00:00,36.32983333333333,30.494833333333336,22.529833333333332,31.055555555555557,22.01851851851852,59.3,967.8396666666666,SITE 5,EXT
2026-04-23 00:00:00,33.3,27.820333333333334,20.888166666666667,30.851851851851855,22.12962962962963,60.2,967.3656666666667,SITE 5,EXT
2026-04-23 01:00:00,35.481833333333334,30.188166666666667,22.687166666666666,30.555555555555557,22.203703703703702,61.266666666666666,966.8359999999999,SITE 5,EXT
2026-04-23 02:00:00,35.039,29.5115,22.3055,30.037037037037035,22.24074074074074,63.5,966.3806666666667,SITE 5,EXT
2026-04-23 03:00:00,33.47416666666667,28.297166666666666,21.153833333333335,29.98148148148148,22.203703703703702,64.0,966.152,SITE 5,EXT
2026-04-23 04:00:00,35.6535,30.1925,22.232166666666668,29.64814814814815,22.203703703703702,64.9,966.2333333333333,SITE 5,EXT
2026-04-23 05:00:00,39.05051724137931,32.90568965517242,24.221206896551724,29.75095785440613,22.011494252873565,63.96551724137931,966.6251724137932,SITE 5,EXT
2026-04-23 06:00:00,47.92316666666667,40.339666666666666,29.7685,30.0,22.14814814814815,63.266666666666666,967.1433333333333,SITE 5,EXT
2026-04-23 07:00:00,44.3115,37.567,27.97716666666667,29.962962962962965,21.685185185185183,61.96666666666667,967.5699999999999,SITE 5,EXT
2026-04-23 08:00:00,39.1265,32.76983333333333,24.0995,31.203703703703706,21.77777777777778,57.733333333333334,967.8716666666666,SITE 5,EXT
2026-04-23 09:00:00,38.1435,31.551666666666666,23.157,33.18518518518519,20.90740740740741,49.166666666666664,967.5803333333333,SITE 5,EXT
2026-04-23 10:00:00,33.642833333333336,27.98483333333333,20.668499999999998,36.092592592592595,20.12962962962963,39.733333333333334,967.134,SITE 5,EXT
2026-04-23 11:00:00,33.178000000000004,27.463,20.557833333333335,38.62962962962963,19.203703703703706,32.5,966.5763333333333,SITE 5,EXT
2026-04-23 12:00:00,35.2175,29.384,22.047833333333333,39.96296296296296,18.703703703703706,29.3,965.654,SITE 5,EXT
2026-04-23 13:00:00,37.237096774193546,30.785,23.091451612903228,41.61290322580645,17.741935483870968,25.193548387096776,964.4645161290323,SITE 5,EXT
2026-04-23 14:00:00,35.75933333333333,29.597666666666665,22.224333333333334,41.833333333333336,19.296296296296298,27.533333333333335,963.587,SITE 5,EXT
2026-04-23 15:00:00,36.24916666666666,30.293499999999998,22.573666666666668,40.166666666666664,20.037037037037035,31.5,962.853,SITE 5,EXT
2026-04-23 16:00:00,36.34283333333334,30.195666666666668,23.095833333333335,39.77777777777778,20.64814814814815,33.3,962.4393333333334,SITE 5,EXT
2026-04-23 17:00:00,35.86216666666667,29.851333333333333,22.495,38.7037037037037,20.666666666666668,35.46666666666667,962.553,SITE 5,EXT
2026-04-23 18:00:00,41.336999999999996,34.32366666666667,25.375,37.03703703703704,20.740740740740744,39.1,963.0976666666667,SITE 5,EXT
2026-04-23 19:00:00,46.941833333333335,38.61566666666667,28.31683333333333,36.18518518518519,21.09259259259259,41.833333333333336,964.1800000000001,SITE 5,EXT
2026-04-23 20:00:00,38.14666666666667,32.32266666666667,23.532666666666668,34.74074074074074,21.12962962962963,45.43333333333333,964.6386666666666,SITE 5,EXT
2026-04-23 21:00:00,50.558,42.09316666666667,30.339166666666664,33.68518518518519,21.5,49.5,965.5483333333334,SITE 5,EXT
2026-04-23 22:00:00,42.754333333333335,35.99183333333334,26.764166666666664,32.7037037037037,21.48148148148148,51.93333333333333,966.024,SITE 5,EXT
2026-04-23 23:00:00,46.6925,38.93633333333333,28.189166666666665,31.61111111111111,21.592592592592595,55.833333333333336,966.0226666666666,SITE 5,EXT
2026-04-24 00:00:00,51.144,42.42883333333334,33.344166666666666,30.944444444444446,21.85185185185185,58.93333333333333,965.7203333333333,SITE 5,EXT
2026-04-24 01:00:00,50.42290322580645,41.9566129032258,33.130483870967744,30.591397849462368,21.36200716845878,57.935483870967744,964.878064516129,SITE 5,EXT
2026-04-24 02:00:00,39.392,33.367,25.062,29.722222222222225,19.944444444444446,55.93333333333333,964.8753333333334,SITE 5,EXT
2026-04-24 03:00:00,33.33566666666666,28.173,21.503833333333333,29.222222222222225,19.14814814814815,54.766666666666666,965.2116666666666,SITE 5,EXT
2026-04-24 04:00:00,31.786166666666666,26.727500000000003,20.606333333333332,28.518518518518523,18.25925925925926,54.3,965.1983333333334,SITE 5,EXT
2026-04-24 05:00:00,32.859833333333334,27.609666666666666,21.069000000000003,27.685185185185187,18.462962962962965,57.63333333333333,966.164,SITE 5,EXT
2026-04-24 06:00:00,39.00233333333333,32.91866666666667,24.185333333333336,27.03703703703704,18.833333333333332,61.266666666666666,966.9316666666667,SITE 5,EXT
2026-04-24 07:00:00,42.39533333333333,35.61333333333334,26.96783333333333,28.333333333333332,19.222222222222225,58.5,967.5116666666667,SITE 5,EXT
2026-04-24 08:00:00,43.39066666666667,36.30233333333333,27.074,29.537037037037035,19.5,55.36666666666667,968.096,SITE 5,EXT
2026-04-24 09:00:00,46.13883333333333,38.4725,29.921166666666668,31.666666666666668,19.64814814814815,49.46666666666667,967.9953333333334,SITE 5,EXT
2026-04-24 10:00:00,40.45216666666667,33.99883333333334,25.552833333333336,34.407407407407405,19.425925925925927,41.9,967.3933333333333,SITE 5,EXT
2026-04-24 11:00:00,38.77066666666666,32.71933333333333,24.499000000000002,37.72222222222222,19.62962962962963,35.166666666666664,966.588,SITE 5,EXT
2026-04-24 12:00:00,39.84133333333333,33.1315,25.658166666666666,39.68518518518518,19.35185185185185,30.933333333333334,965.545,SITE 5,EXT
2026-04-24 13:00:00,41.8745,34.8765,27.377,39.24074074074074,20.055555555555557,33.166666666666664,964.6129999999999,SITE 5,EXT
2026-04-24 14:00:00,43.45048387096774,36.32661290322581,28.68,38.63799283154122,20.609318996415773,35.45161290322581,963.9577419354838,SITE 5,EXT
2026-04-24 15:00:00,42.097833333333334,35.17816666666667,27.685000000000002,38.40740740740741,20.666666666666668,36.06666666666667,963.7520000000001,SITE 5,EXT
2026-04-24 16:00:00,41.190666666666665,34.56433333333334,26.053833333333333,37.407407407407405,20.53703703703704,37.733333333333334,963.7633333333334,SITE 5,EXT
2026-04-24 17:00:00,40.915333333333336,34.3295,25.9395,36.51851851851852,20.48148148148148,39.46666666666667,963.807,SITE 5,EXT
2026-04-24 18:00:00,41.25683333333333,34.540333333333336,25.86433333333333,34.98148148148148,20.166666666666668,42.3,964.3073333333334,SITE 5,EXT
2026-04-24 19:00:00,39.482166666666664,33.43,24.639,33.70370370370371,20.703703703703702,47.06666666666667,965.1853333333333,SITE 5,EXT
2026-04-24 20:00:00,43.608,36.82683333333333,27.075666666666667,33.092592592592595,19.962962962962965,46.5,965.7126666666667,SITE 5,EXT
2026-04-24 21:00:00,37.5625,31.711333333333336,23.876166666666666,32.48148148148148,19.666666666666668,47.233333333333334,966.571,SITE 5,EXT
2026-04-24 22:00:00,38.833999999999996,32.60133333333333,24.675166666666666,31.425925925925927,19.85185185185185,50.53333333333333,966.956,SITE 5,EXT
2026-04-24 23:00:00,38.43833333333334,32.6815,24.635166666666667,30.722222222222225,19.944444444444446,53.2,966.736,SITE 5,EXT
2026-04-25 00:00:00,39.31166666666666,33.48316666666667,24.8625,30.037037037037035,20.222222222222225,56.03333333333333,966.3169999999999,SITE 5,EXT
2026-04-25 01:00:00,40.400333333333336,34.23166666666667,25.135333333333335,29.574074074074076,20.53703703703704,59.166666666666664,965.7616666666667,SITE 5,EXT
2026-04-25 02:00:00,43.244354838709675,36.61790322580645,26.91032258064516,29.265232974910397,20.734767025089607,60.58064516129032,965.3390322580645,SITE 5,EXT
2026-04-25 03:00:00,44.981,37.92766666666667,28.186,28.88888888888889,20.555555555555557,61.5,964.9689999999999,SITE 5,EXT
2026-04-25 04:00:00,44.91616666666666,37.960166666666666,27.884333333333334,28.462962962962965,20.61111111111111,63.0,965.4206666666666,SITE 5,EXT
2026-04-25 05:00:00,44.958,37.98283333333333,27.464499999999997,27.90740740740741,20.5,64.66666666666667,965.9390000000001,SITE 5,EXT
2026-04-25 06:00:00,50.69716666666667,41.907000000000004,30.694166666666668,27.40740740740741,20.185185185185183,65.56666666666666,966.4159999999999,SITE 5,EXT
2026-04-25 07:00:00,54.706,44.5975,33.60633333333333,28.14814814814815,20.092592592592595,62.266666666666666,967.2523333333334,SITE 5,EXT
2026-04-25 08:00:00,55.07066666666666,44.89783333333333,33.653333333333336,29.462962962962965,20.5,59.333333333333336,967.723,SITE 5,EXT
2026-04-25 09:00:00,52.1925,42.588499999999996,31.394000000000002,31.462962962962965,21.27777777777778,55.2,968.0143333333333,SITE 5,EXT
2026-04-25 10:00:00,49.14116666666666,40.667500000000004,30.066,33.88888888888889,21.14814814814815,47.766666666666666,968.0229999999999,SITE 5,EXT
2026-04-25 11:00:00,48.37583333333334,40.25183333333334,30.092333333333332,36.666666666666664,20.555555555555557,39.3,967.3066666666667,SITE 5,EXT
2026-04-25 12:00:00,50.568666666666665,41.70883333333333,32.01766666666666,37.44444444444444,20.27777777777778,37.06666666666667,966.3983333333333,SITE 5,EXT
2026-04-25 13:00:00,56.690666666666665,46.21216666666667,36.07366666666667,38.46296296296296,20.074074074074076,34.666666666666664,965.4183333333333,SITE 5,EXT
2026-04-25 14:00:00,57.513387096774196,47.30435483870968,37.27887096774194,39.587813620071685,19.910394265232977,32.354838709677416,964.4722580645162,SITE 5,EXT
2026-04-25 15:00:00,55.348166666666664,45.48,35.900666666666666,39.38888888888889,19.77777777777778,32.36666666666667,963.8576666666667,SITE 5,EXT
2026-04-25 16:00:00,53.108,43.42816666666667,33.74466666666667,38.907407407407405,19.53703703703704,32.766666666666666,963.6363333333334,SITE 5,EXT
2026-04-25 17:00:00,54.97033333333333,44.82616666666667,34.549166666666665,37.166666666666664,19.722222222222225,36.333333333333336,963.7343333333333,SITE 5,EXT
2026-04-25 18:00:00,62.58383333333334,51.66283333333333,39.53333333333333,35.98148148148149,20.27777777777778,40.3,964.4516666666666,SITE 5,EXT
2026-04-25 19:00:00,61.535833333333336,50.665499999999994,39.06266666666667,34.75925925925926,20.685185185185183,44.166666666666664,965.3330000000001,SITE 5,EXT
2026-04-25 20:00:00,59.15466666666667,48.09166666666667,36.77916666666667,33.53703703703704,20.87037037037037,47.9,966.0763333333333,SITE 5,EXT
2026-04-25 21:00:00,57.32899999999999,46.72616666666667,36.09733333333334,32.74074074074074,20.833333333333332,49.833333333333336,966.638,SITE 5,EXT
2026-04-25 22:00:00,57.787166666666664,46.901500000000006,35.89333333333333,32.46296296296296,20.796296296296298,50.96666666666667,967.3653333333333,SITE 5,EXT
2026-04-25 23:00:00,56.4195,45.78033333333334,34.59916666666666,31.61111111111111,20.462962962962965,52.03333333333333,967.2506666666667,SITE 5,EXT
2026-04-26 00:00:00,59.879,49.03633333333333,37.209666666666664,31.074074074074076,21.0,55.43333333333333,966.8493333333333,SITE 5,EXT
2026-04-26 01:00:00,59.73766666666667,48.252833333333335,35.87266666666667,30.25925925925926,21.14814814814815,58.5,966.3866666666667,SITE 5,EXT
2026-04-26 02:00:00,62.37233333333334,50.904833333333336,37.818999999999996,29.740740740740744,21.14814814814815,60.5,966.0813333333333,SITE 5,EXT
2026-04-26 03:00:00,62.7945,51.73516666666667,38.7895,29.27777777777778,21.24074074074074,62.56666666666667,966.0930000000001,SITE 5,EXT
2026-04-26 04:00:00,64.03583333333333,53.0415,39.719166666666666,28.87037037037037,21.09259259259259,63.666666666666664,966.4053333333334,SITE 5,EXT
2026-04-26 05:00:00,65.87633333333333,54.803999999999995,40.602666666666664,28.85185185185185,21.27777777777778,64.43333333333334,966.9566666666667,SITE 5,EXT
2026-04-26 06:00:00,67.47683333333333,56.64366666666667,41.97266666666667,28.351851851851855,21.185185185185183,66.4,967.4076666666666,SITE 5,EXT
2026-04-26 07:00:00,61.435500000000005,50.64983333333334,37.4985,28.962962962962965,21.037037037037035,62.86666666666667,968.2009999999999,SITE 5,EXT
2026-04-26 08:00:00,50.1735,41.107166666666664,29.656833333333335,30.11111111111111,20.77777777777778,58.0,968.9053333333334,SITE 5,EXT
2026-04-26 09:00:00,51.514,42.23283333333333,30.666,31.833333333333332,21.074074074074073,53.56666666666667,969.2433333333333,SITE 5,EXT
2026-04-26 10:00:00,49.88783333333333,41.173,30.435666666666666,34.351851851851855,20.907407407407405,45.733333333333334,969.072,SITE 5,EXT
2026-04-26 11:00:00,49.5375,41.05916666666667,30.044,36.88888888888889,20.75925925925926,39.53333333333333,968.6076666666667,SITE 5,EXT
2026-04-26 12:00:00,46.152833333333334,38.48716666666667,27.911833333333334,37.851851851851855,20.796296296296298,37.36666666666667,967.8156666666667,SITE 5,EXT
2026-04-26 13:00:00,44.06466666666667,36.891333333333336,26.793333333333333,38.333333333333336,20.35185185185185,35.43333333333333,966.8256666666667,SITE 5,EXT
2026-04-26 14:00:00,43.98435483870967,36.781612903225806,26.70467741935484,38.04659498207886,20.304659498207887,36.03225806451613,966.8041935483872,SITE 5,EXT
2026-04-26 15:00:00,43.154666666666664,36.12833333333333,26.266333333333332,37.74074074074074,20.203703703703702,36.3,966.365,SITE 5,EXT
2026-04-26 16:00:00,43.86333333333334,36.7965,26.676,37.0,20.37037037037037,38.266666666666666,966.5333333333333,SITE 5,EXT
2026-04-26 17:00:00,43.81783333333333,36.589000000000006,26.5915,35.2037037037037,20.27777777777778,42.0,966.795,SITE 5,EXT
2026-04-26 18:00:00,44.433499999999995,37.078833333333336,26.985500000000002,33.833333333333336,20.11111111111111,44.733333333333334,967.2883333333334,SITE 5,EXT
2026-04-26 19:00:00,45.60816666666666,37.9385,27.412333333333333,33.50000000000001,20.037037037037035,45.56666666666667,968.2206666666666,SITE 5,EXT
2026-04-26 20:00:00,50.9225,41.977999999999994,31.107333333333333,33.12962962962963,20.01851851851852,46.63333333333333,968.4436666666667,SITE 5,EXT
2026-04-26 21:00:00,44.9535,37.85116666666667,27.8455,32.44444444444444,19.944444444444446,47.9,969.0123333333333,SITE 5,EXT
2026-04-26 22:00:00,43.517,36.44316666666667,26.467166666666667,32.09259259259259,20.222222222222225,49.833333333333336,969.6233333333333,SITE 5,EXT
2026-04-26 23:00:00,43.99616666666667,37.00266666666666,27.3755,31.666666666666668,20.0,50.8,969.401,SITE 5,EXT
2026-04-27 00:00:00,40.075,33.666333333333334,24.544666666666668,31.148148148148152,19.574074074074076,51.03333333333333,969.1383333333334,SITE 5,EXT
2026-04-27 01:00:00,38.42933333333334,32.5135,23.794500000000003,30.61111111111111,19.666666666666668,52.46666666666667,968.7703333333334,SITE 5,EXT
2026-04-27 02:00:00,38.74596774193548,32.785000000000004,23.918064516129032,30.555555555555557,19.96415770609319,53.58064516129032,968.3729032258065,SITE 5,EXT
2026-04-27 03:00:00,40.61016666666667,34.346000000000004,25.029999999999998,30.35185185185185,20.055555555555554,54.733333333333334,967.9563333333333,SITE 5,EXT
2026-04-27 04:00:00,39.35516666666667,33.482,24.161833333333334,29.518518518518523,20.14814814814815,57.733333333333334,968.9613333333333,SITE 5,EXT
2026-04-27 05:00:00,43.147166666666664,36.375499999999995,26.1675,29.462962962962965,20.166666666666668,58.06666666666667,969.6726666666667,SITE 5,EXT
2026-04-27 06:00:00,52.337333333333326,43.07516666666666,30.566166666666668,29.48148148148148,20.092592592592595,57.833333333333336,969.8336666666667,SITE 5,EXT
2026-04-27 07:00:00,47.34666666666667,39.12233333333334,27.846,29.5,20.074074074074073,57.4,970.9056666666668,SITE 5,EXT
2026-04-27 08:00:00,46.3565,38.45633333333333,27.571,30.0,20.388888888888893,56.7,971.8346666666667,SITE 5,EXT
2026-04-27 09:00:00,42.0975,35.3895,25.789499999999997,31.555555555555557,20.074074074074076,51.166666666666664,972.2646666666666,SITE 5,EXT
2026-04-27 10:00:00,41.720166666666664,35.165166666666664,25.584166666666665,33.24074074074074,20.0,46.13333333333333,972.1323333333333,SITE 5,EXT
2026-04-27 11:00:00,42.19983333333333,35.156333333333336,25.358666666666668,34.407407407407405,20.055555555555557,43.4,971.6856666666666,SITE 5,EXT
2026-04-27 12:00:00,29.424500000000002,24.294833333333333,18.477333333333334,35.05555555555556,19.925925925925927,41.43333333333333,970.855,SITE 5,EXT
2026-04-27 13:00:00,29.699516129032258,24.68290322580645,19.078225806451613,36.487455197132626,19.336917562724015,36.83870967741935,969.1574193548388,SITE 5,EXT
2026-04-27 14:00:00,29.20583333333333,24.182833333333335,18.631333333333334,37.05555555555556,18.61111111111111,34.13333333333333,967.8813333333333,SITE 5,EXT
2026-04-27 15:00:00,29.001166666666666,24.214166666666664,18.688666666666666,37.94444444444445,18.370370370370374,32.06666666666667,966.862,SITE 5,EXT
2026-04-27 16:00:00,31.821666666666665,26.072999999999997,19.42366666666667,38.351851851851855,18.25925925925926,31.2,966.3979999999999,SITE 5,EXT
2026-04-27 17:00:00,32.4425,27.016666666666666,20.250333333333334,37.64814814814815,18.27777777777778,32.2,966.3196666666666,SITE 5,EXT
2026-04-27 18:00:00,40.4045,33.67066666666667,25.008333333333333,35.88888888888889,17.75925925925926,34.5,966.8823333333333,SITE 5,EXT
2026-04-27 19:00:00,43.966499999999996,36.60366666666666,26.872166666666665,34.72222222222222,19.092592592592595,40.13333333333333,967.553,SITE 5,EXT
2026-04-27 20:00:00,48.408500000000004,40.163,29.724666666666668,33.592592592592595,20.574074074074076,46.56666666666667,968.1416666666667,SITE 5,EXT
2026-04-27 21:00:00,44.73916666666666,37.73416666666667,27.642,33.12962962962963,20.5,47.733333333333334,968.8993333333333,SITE 5,EXT
2026-04-27 22:00:00,47.67766666666667,39.5995,29.367166666666666,32.351851851851855,20.055555555555554,48.833333333333336,969.1736666666667,SITE 5,EXT
2026-04-27 23:00:00,78.18916666666668,69.1945,43.807833333333335,31.64814814814815,19.740740740740744,49.63333333333333,969.0103333333334,SITE 5,EXT
2026-04-28 00:00:00,140.24532258064517,128.4922580645161,77.16161290322582,31.57706093189964,20.25089605734767,51.774193548387096,968.6216129032258,SITE 5,EXT
2026-04-28 01:00:00,58.38966666666667,48.80466666666666,34.48833333333334,31.111111111111118,20.53703703703704,53.36666666666667,967.8340000000001,SITE 5,EXT
2026-04-28 02:00:00,49.8845,41.213499999999996,30.1835,30.722222222222225,20.35185185185185,54.266666666666666,967.587,SITE 5,EXT
2026-04-28 03:00:00,43.59316666666667,37.096333333333334,27.139333333333333,30.53703703703704,20.14814814814815,54.333333333333336,967.3843333333333,SITE 5,EXT
2026-04-28 04:00:00,50.10966666666666,41.913333333333334,30.964666666666666,30.555555555555557,20.11111111111111,54.5,967.8696666666667,SITE 5,EXT
2026-04-28 05:00:00,48.5315,40.36133333333333,29.559166666666666,30.12962962962963,20.425925925925927,56.6,968.45,SITE 5,EXT
2026-04-28 06:00:00,51.37233333333334,42.36566666666667,31.143666666666665,29.296296296296298,20.40740740740741,59.333333333333336,969.1143333333333,SITE 5,EXT
2026-04-28 07:00:00,44.017833333333336,37.050666666666665,27.104499999999998,29.333333333333332,19.61111111111111,56.5,969.8393333333333,SITE 5,EXT
2026-04-28 08:00:00,43.554,36.56266666666667,26.764333333333337,30.518518518518523,20.092592592592595,54.233333333333334,970.5046666666666,SITE 5,EXT
2026-04-28 09:00:00,41.380833333333335,35.023,25.996166666666667,32.092592592592595,20.555555555555557,51.0,970.4743333333333,SITE 5,EXT
2026-04-28 10:00:00,40.92616666666667,34.537,25.827833333333334,33.51851851851852,20.574074074074076,47.06666666666667,970.126,SITE 5,EXT
2026-04-28 11:00:00,37.522000000000006,32.01883333333333,23.873833333333334,36.351851851851855,20.85185185185185,40.9,969.5553333333334,SITE 5,EXT
2026-04-28 12:00:00,34.333,28.96033333333333,21.971999999999998,39.14814814814815,19.740740740740744,32.666666666666664,968.2443333333334,SITE 5,EXT
2026-04-28 13:00:00,34.90483870967742,29.35741935483871,22.15290322580645,41.075268817204304,19.068100358422942,28.193548387096776,966.8245161290323,SITE 5,EXT
2026-04-28 14:00:00,34.216833333333334,28.65566666666667,21.6735,40.87037037037037,18.925925925925927,28.2,965.7166666666667,SITE 5,EXT
2026-04-28 15:00:00,34.95516666666666,29.298000000000002,22.35033333333333,40.5,18.87037037037037,28.6,964.7316666666667,SITE 5,EXT
2026-04-28 16:00:00,35.343333333333334,29.614166666666666,22.552833333333336,39.2962962962963,18.425925925925927,29.766666666666666,964.226,SITE 5,EXT
2026-04-28 17:00:00,47.42016666666667,39.60516666666667,29.5165,37.64814814814815,18.40740740740741,32.766666666666666,964.6366666666667,SITE 5,EXT
2026-04-28 18:00:00,56.14216666666667,45.36816666666667,31.6795,34.31481481481482,19.25925925925926,41.53333333333333,966.1946666666666,SITE 5,EXT
2026-04-28 19:00:00,34.9535,28.9935,22.170833333333334,32.20370370370371,19.370370370370374,47.233333333333334,967.2583333333333,SITE 5,EXT
2026-04-28 20:00:00,32.19716666666667,27.009666666666664,20.814500000000002,31.25925925925926,19.574074074074076,50.233333333333334,967.507,SITE 5,EXT
2026-04-28 21:00:00,26.547666666666668,22.684,17.788,30.40740740740741,19.314814814814817,51.9,968.819,SITE 5,EXT
2026-04-28 22:00:00,28.305,23.964,18.579,29.85185185185185,19.944444444444446,56.03333333333333,969.4756666666667,SITE 5,EXT
2026-04-28 23:00:00,28.906000000000002,24.2685,18.846999999999998,29.314814814814817,20.40740740740741,59.43333333333333,969.2006666666667,SITE 5,EXT
2026-04-29 00:00:00,24.066333333333333,21.1325,16.755333333333333,28.61111111111111,19.98148148148148,60.06666666666667,968.5203333333334,SITE 5,EXT
2026-04-29 01:00:00,24.8555,21.6995,17.050666666666665,28.574074074074076,20.092592592592595,60.6,968.0079999999999,SITE 5,EXT
2026-04-29 02:00:00,25.77725806451613,22.161290322580644,17.43951612903226,28.745519713261647,20.340501792114694,60.774193548387096,967.7045161290323,SITE 5,EXT
2026-04-29 03:00:00,24.146833333333333,21.374833333333335,16.875833333333333,28.12962962962963,20.14814814814815,62.36666666666667,967.4003333333333,SITE 5,EXT
2026-04-29 04:00:00,25.638333333333332,22.269333333333336,17.385833333333334,28.12962962962963,20.0,61.8,968.0163333333334,SITE 5,EXT
2026-04-29 05:00:00,29.145333333333333,24.910833333333336,19.016666666666666,27.77777777777778,20.0,63.4,968.4363333333333,SITE 5,EXT
2026-04-29 06:00:00,31.903833333333335,27.221833333333333,20.7015,27.833333333333332,20.0,63.1,968.732,SITE 5,EXT
2026-04-29 07:00:00,37.51533333333334,32.191,24.616833333333332,28.666666666666668,20.092592592592595,60.53333333333333,969.4753333333334,SITE 5,EXT
2026-04-29 08:00:00,38.166000000000004,32.208666666666666,24.232833333333335,30.185185185185183,20.5,56.6,970.0486666666667,SITE 5,EXT
2026-04-29 09:00:00,34.428999999999995,29.165166666666668,22.362666666666666,31.87037037037037,20.462962962962965,51.4,970.135,SITE 5,EXT
2026-04-29 10:00:00,32.57683333333333,27.488666666666667,21.449166666666667,34.01851851851852,20.35185185185185,45.1,969.55,SITE 5,EXT
2026-04-29 11:00:00,31.781333333333336,27.017666666666667,20.725666666666665,35.092592592592595,20.296296296296298,42.333333333333336,969.2009999999999,SITE 5,EXT
2026-04-29 12:00:00,32.650999999999996,27.749833333333335,21.311333333333334,36.25925925925926,20.35185185185185,39.93333333333333,968.6133333333333,SITE 5,EXT
2026-04-29 13:00:00,34.175161290322585,29.003225806451614,22.356451612903225,37.06093189964158,20.51971326164875,38.354838709677416,967.7538709677419,SITE 5,EXT
2026-04-29 14:00:00,35.258833333333335,29.990666666666666,23.064333333333334,37.53703703703704,20.48148148148148,37.333333333333336,966.9186666666667,SITE 5,EXT
2026-04-29 15:00:00,37.7495,32.059333333333335,24.733,38.03703703703704,20.51851851851852,36.4,966.2463333333333,SITE 5,EXT
2026-04-29 16:00:00,38.165333333333336,32.5045,24.933333333333334,36.46296296296296,20.53703703703704,39.93333333333333,966.0166666666667,SITE 5,EXT
2026-04-29 17:00:00,44.2984375,37.068125,27.3684375,34.02777777777778,19.270833333333336,42.0625,966.72,SITE 5,EXT
2026-04-29 20:00:00,40.58241379310345,34.104827586206895,25.584310344827585,27.16475095785441,20.229885057471268,66.41379310344827,969.7313793103448,SITE 5,EXT
2026-04-29 21:00:00,36.76316666666666,30.677666666666667,23.123,28.462962962962965,20.0,60.8,970.0696666666666,SITE 5,EXT
2026-04-29 22:00:00,32.75216666666667,27.223000000000003,21.029333333333334,27.85185185185185,19.87037037037037,62.5,970.625,SITE 5,EXT
2026-04-29 23:00:00,43.515166666666666,36.467333333333336,27.521833333333333,27.48148148148148,20.166666666666668,64.9,971.2063333333333,SITE 5,EXT
2026-04-30 00:00:00,41.29983333333333,34.972166666666666,26.4695,28.185185185185187,20.48148148148148,63.53333333333333,971.3539999999999,SITE 5,EXT
2026-04-30 01:00:00,40.59283333333334,34.30383333333334,26.299333333333333,28.03703703703704,20.796296296296298,65.63333333333334,970.7003333333333,SITE 5,EXT
2026-04-30 02:00:00,40.58533333333333,34.375,26.017999999999997,27.444444444444446,20.85185185185185,68.26666666666667,970.202,SITE 5,EXT
2026-04-30 03:00:00,42.127833333333335,35.5085,27.413999999999998,27.740740740740744,20.77777777777778,66.63333333333334,969.9050000000001,SITE 5,EXT
2026-04-30 04:00:00,45.28370967741936,38.1133870967742,28.776774193548388,27.759856630824373,21.451612903225808,69.09677419354838,970.0670967741936,SITE 5,EXT
2026-04-30 05:00:00,48.592999999999996,40.66733333333333,30.31833333333333,27.77777777777778,21.666666666666668,70.33333333333333,970.368,SITE 5,EXT
2026-04-30 06:00:00,45.165166666666664,38.14566666666666,28.366,27.61111111111111,21.666666666666668,70.6,970.7706666666667,SITE 5,EXT
2026-04-30 07:00:00,45.99483333333333,38.80049999999999,30.399333333333335,28.851851851851855,21.85185185185185,66.6,971.386,SITE 5,EXT
2026-04-30 08:00:00,42.23633333333333,35.64783333333333,27.10966666666667,29.814814814814817,21.98148148148148,63.43333333333333,971.9826666666667,SITE 5,EXT
2026-04-30 09:00:00,42.770999999999994,36.16816666666667,27.38566666666667,30.314814814814817,21.962962962962965,61.63333333333333,972.2013333333333,SITE 5,EXT
2026-04-30 10:00:00,38.506166666666665,32.684666666666665,25.0005,32.72222222222222,22.0,53.833333333333336,971.9516666666666,SITE 5,EXT
2026-04-30 11:00:00,33.02066666666666,28.108833333333333,21.863,35.833333333333336,21.555555555555557,43.86666666666667,971.5253333333333,SITE 5,EXT
2026-04-30 12:00:00,34.3855,29.1915,22.601833333333335,37.611111111111114,21.51851851851852,39.93333333333333,970.4773333333334,SITE 5,EXT
2026-04-30 13:00:00,31.887833333333333,26.6925,20.843,38.81481481481482,20.796296296296298,35.56666666666667,969.2766666666666,SITE 5,EXT
2026-04-30 14:00:00,33.53566666666667,28.0865,21.78533333333333,39.092592592592595,20.814814814814817,34.93333333333333,968.3613333333334,SITE 5,EXT
2026-04-30 15:00:00,34.847166666666666,29.266166666666667,22.659166666666668,38.94444444444445,20.444444444444446,34.46666666666667,967.592,SITE 5,EXT
2026-04-30 16:00:00,33.3297619047619,28.00357142857143,21.549761904761905,38.22751322751323,20.052910052910054,35.23809523809524,967.0076190476191,SITE 5,EXT
2026-04-30 17:00:00,38.29183333333333,32.15266666666667,24.593833333333333,37.22222222222222,20.555555555555557,38.2,966.9263333333333,SITE 5,EXT
2026-04-30 18:00:00,42.71183333333333,35.662166666666664,26.997833333333336,35.611111111111114,20.90740740740741,42.7,967.2283333333332,SITE 5,EXT
2026-04-30 19:00:00,61.83833333333334,51.931333333333335,40.271499999999996,34.98148148148148,21.35185185185185,45.5,967.7593333333333,SITE 5,EXT
2026-04-30 20:00:00,42.221034482758625,35.2648275862069,27.535172413793102,31.39846743295019,19.82758620689655,51.06896551724138,968.7165517241378,SITE 5,EXT
2026-04-30 21:00:00,46.675666666666665,38.906333333333336,29.074333333333335,30.0,20.555555555555554,57.43333333333333,969.2909999999999,SITE 5,EXT
2026-04-30 22:00:00,42.4035,35.131499999999996,26.082333333333334,31.000000000000004,20.833333333333332,55.06666666666667,969.3193333333332,SITE 5,EXT
2026-04-30 23:00:00,39.21216666666667,32.558,24.0,31.11111111111111,20.555555555555557,53.9,969.2006666666667,SITE 5,EXT
2026-05-01 00:00:00,41.747499999999995,34.663333333333334,25.653000000000002,30.592592592592595,20.75925925925926,56.5,968.8826666666666,SITE 5,EXT
2026-05-01 01:00:00,36.42580645161291,30.796451612903226,22.82951612903226,30.125448028673837,20.304659498207887,56.29032258064516,968.2683870967742,SITE 5,EXT
2026-05-01 02:00:00,32.114,27.0885,20.740000000000002,30.296296296296298,19.370370370370374,52.6,967.6076666666667,SITE 5,EXT
2026-05-01 03:00:00,30.378333333333334,25.8835,19.846166666666665,29.962962962962965,19.574074074074076,54.266666666666666,967.4153333333333,SITE 5,EXT
2026-05-01 04:00:00,34.28616666666667,29.093833333333336,21.918499999999998,29.64814814814815,20.462962962962965,58.36666666666667,967.601,SITE 5,EXT
2026-05-01 05:00:00,42.5575,36.25783333333333,26.597166666666666,29.425925925925927,20.833333333333332,60.63333333333333,967.7136666666667,SITE 5,EXT
2026-05-01 06:00:00,44.811166666666665,37.4795,27.608166666666666,28.814814814814817,20.814814814814817,62.333333333333336,967.9316666666667,SITE 5,EXT
2026-05-01 07:00:00,54.443,44.47416666666666,32.618833333333335,29.592592592592595,21.14814814814815,60.9,968.8946666666667,SITE 5,EXT
2026-05-01 08:00:00,44.281,36.959500000000006,27.75316666666667,31.48148148148148,21.27777777777778,55.3,969.6663333333333,SITE 5,EXT
2026-05-01 09:00:00,36.815000000000005,30.865000000000002,23.57133333333333,33.51851851851852,21.38888888888889,49.333333333333336,969.6043333333333,SITE 5,EXT
2026-05-01 10:00:00,35.515499999999996,29.81066666666667,22.550833333333333,35.851851851851855,21.296296296296298,43.3,969.3876666666667,SITE 5,EXT
2026-05-01 11:00:00,36.59903225806451,30.698709677419355,23.391774193548386,38.333333333333336,21.433691756272403,37.87096774193548,968.8758064516129,SITE 5,EXT
2026-05-01 12:00:00,33.40266666666667,27.694166666666668,21.200333333333333,39.75925925925926,20.592592592592595,33.36666666666667,968.063,SITE 5,EXT
2026-05-01 13:00:00,33.48433333333333,27.832833333333333,21.30483333333333,40.333333333333336,20.833333333333332,32.63333333333333,967.0066666666667,SITE 5,EXT
2026-05-01 14:00:00,34.401666666666664,28.55633333333333,22.026166666666665,40.87037037037037,20.61111111111111,31.533333333333335,966.1419999999999,SITE 5,EXT
2026-05-01 15:00:00,32.071666666666665,26.723166666666668,20.447666666666667,41.166666666666664,20.61111111111111,30.866666666666667,965.5176666666666,SITE 5,EXT
2026-05-01 16:00:00,36.09616666666667,29.938499999999998,22.97283333333333,40.51851851851852,20.574074074074076,32.03333333333333,965.2473333333332,SITE 5,EXT
2026-05-01 17:00:00,35.984,29.9965,22.759333333333334,39.68518518518519,20.722222222222225,33.7,965.3043333333334,SITE 5,EXT
2026-05-01 18:00:00,49.0005,41.4965,31.242666666666665,37.55555555555556,21.61111111111111,40.1,965.5363333333333,SITE 5,EXT
2026-05-01 19:00:00,71.9275,62.091833333333334,46.919,36.351851851851855,22.11111111111111,44.13333333333333,966.0676666666666,SITE 5,EXT
2026-05-01 20:00:00,61.425,49.781666666666666,37.339666666666666,35.90740740740741,22.01851851851852,45.03333333333333,966.4913333333334,SITE 5,EXT
2026-05-01 21:00:00,64.02716666666667,53.564499999999995,40.768,35.51851851851852,21.62962962962963,45.03333333333333,967.0166666666667,SITE 5,EXT
2026-05-01 22:00:00,50.608333333333334,41.4775,30.17366666666667,34.907407407407405,21.25925925925926,45.5,967.286,SITE 5,EXT
2026-05-01 23:00:00,45.005833333333335,37.52283333333333,27.223666666666666,33.88888888888889,21.85185185185185,50.06666666666667,967.0536666666667,SITE 5,EXT
2026-05-02 00:00:00,47.38903225806452,39.29354838709677,28.907258064516128,32.95698924731183,22.32974910394265,54.096774193548384,966.8132258064516,SITE 5,EXT
2026-05-02 01:00:00,43.582,36.7615,27.68616666666667,32.31481481481482,22.11111111111111,55.36666666666667,966.4466666666667,SITE 5,EXT
2026-05-02 02:00:00,42.05166666666666,35.562333333333335,26.481333333333335,31.40740740740741,22.14814814814815,58.233333333333334,966.0066666666667,SITE 5,EXT
2026-05-02 03:00:00,41.4065,35.333666666666666,26.077333333333335,30.64814814814815,21.75925925925926,59.96666666666667,965.7696666666667,SITE 5,EXT
2026-05-02 04:00:00,42.57066666666667,36.37233333333334,26.832833333333333,30.12962962962963,21.77777777777778,61.63333333333333,966.109,SITE 5,EXT
2026-05-02 05:00:00,43.244166666666665,36.727,27.203166666666668,29.574074074074076,21.40740740740741,62.333333333333336,966.3783333333333,SITE 5,EXT
2026-05-02 06:00:00,43.79966666666667,37.017833333333336,27.329166666666666,29.444444444444446,21.5,63.0,966.838,SITE 5,EXT
2026-05-02 07:00:00,39.789,33.915333333333336,25.305833333333332,29.666666666666668,21.203703703703702,61.03333333333333,967.6556666666668,SITE 5,EXT
2026-05-02 08:00:00,36.31766666666667,31.024,23.439166666666665,30.685185185185187,21.51851851851852,58.666666666666664,968.274,SITE 5,EXT
2026-05-02 09:00:00,38.405833333333334,32.651666666666664,24.50766666666667,31.62962962962963,21.814814814814817,56.7,968.8806666666666,SITE 5,EXT
2026-05-02 10:00:00,40.559333333333335,34.3945,26.358666666666668,33.31481481481482,22.203703703703702,52.7,969.0023333333334,SITE 5,EXT
2026-05-02 11:00:00,36.57354838709677,31.13516129032258,23.38048387096774,34.856630824372765,22.34767025089606,48.935483870967744,968.6977419354839,SITE 5,EXT
2026-05-02 12:00:00,36.05416666666667,31.334666666666667,24.687833333333334,36.07407407407408,22.259259259259256,45.36666666666667,968.057,SITE 5,EXT
2026-05-02 13:00:00,33.00233333333333,28.16916666666667,21.529666666666667,37.351851851851855,22.537037037037035,42.9,967.42,SITE 5,EXT
2026-05-02 14:00:00,32.99733333333333,28.133333333333333,21.450666666666667,37.2962962962963,22.48148148148148,43.0,966.6493333333333,SITE 5,EXT
2026-05-02 15:00:00,35.1,30.113,22.741,37.2962962962963,22.407407407407405,42.833333333333336,965.985,SITE 5,EXT
2026-05-02 16:00:00,38.33866666666667,32.666666666666664,24.634833333333333,37.148148148148145,22.166666666666668,42.56666666666667,965.6966666666667,SITE 5,EXT
2026-05-02 17:00:00,36.179833333333335,30.950666666666667,23.535,35.833333333333336,21.962962962962965,44.93333333333333,965.4783333333332,SITE 5,EXT
2026-05-02 18:00:00,39.122166666666665,32.98116666666667,24.7385,34.37037037037037,21.90740740740741,48.666666666666664,966.0203333333334,SITE 5,EXT
2026-05-02 19:00:00,44.47483333333333,37.31316666666667,27.897333333333332,33.592592592592595,22.14814814814815,51.4,966.6106666666667,SITE 5,EXT
2026-05-02 20:00:00,43.718333333333334,36.8305,27.899166666666666,32.98148148148148,22.296296296296298,53.8,967.6593333333333,SITE 5,EXT
2026-05-02 21:00:00,43.19916666666666,36.530833333333334,27.680833333333332,31.64814814814815,22.24074074074074,57.833333333333336,968.0533333333333,SITE 5,EXT
2026-05-02 22:00:00,39.219032258064516,33.55112903225807,25.137096774193548,31.433691756272403,22.168458781362006,58.67741935483871,968.9161290322581,SITE 5,EXT
2026-05-02 23:00:00,38.358333333333334,32.72383333333333,24.54866666666667,31.074074074074076,22.185185185185183,59.6,969.423,SITE 5,EXT
2026-05-03 00:00:00,26.627333333333336,22.389166666666664,17.092666666666666,28.740740740740744,18.703703703703702,55.6,970.017,SITE 5,EXT
2026-05-03 01:00:00,21.171166666666668,18.915166666666668,15.156333333333333,26.296296296296298,18.51851851851852,62.93333333333333,968.0786666666667,SITE 5,EXT
2026-05-03 02:00:00,21.58083333333333,19.323666666666668,15.518,26.055555555555554,18.055555555555557,62.13333333333333,967.3693333333334,SITE 5,EXT
2026-05-03 03:00:00,19.273333333333333,17.650666666666666,14.301833333333333,25.685185185185183,18.388888888888893,64.7,966.596,SITE 5,EXT
2026-05-03 04:00:00,19.259666666666664,17.7985,14.395333333333333,25.62962962962963,18.5,65.4,966.2466666666667,SITE 5,EXT
2026-05-03 05:00:00,20.48966666666667,18.503666666666668,15.043666666666667,26.11111111111111,18.31481481481482,63.166666666666664,966.7733333333333,SITE 5,EXT
2026-05-03 06:00:00,25.274833333333333,21.931166666666666,17.478833333333334,26.851851851851855,18.462962962962965,60.56666666666667,967.4979999999999,SITE 5,EXT
2026-05-03 07:00:00,31.150166666666667,26.384166666666665,20.160166666666665,27.27777777777778,18.425925925925927,59.3,968.115,SITE 5,EXT
2026-05-03 08:00:00,30.976833333333335,25.955499999999997,19.661166666666666,28.555555555555557,18.14814814814815,53.7,969.497,SITE 5,EXT
2026-05-03 09:00:00,29.767931034482757,25.068620689655173,19.314310344827586,29.88505747126437,18.103448275862068,49.62068965517241,969.9051724137931,SITE 5,EXT
2026-05-03 10:00:00,27.403333333333332,23.041999999999998,18.181833333333334,31.888888888888893,18.222222222222225,44.5,969.6446666666667,SITE 5,EXT
2026-05-03 11:00:00,28.598870967741938,24.521129032258063,19.051774193548386,34.87455197132616,19.17562724014337,39.96774193548387,969.5087096774193,SITE 5,EXT
2026-05-03 12:00:00,24.052333333333333,20.884166666666665,16.65,35.74074074074074,20.037037037037035,40.06666666666667,968.509,SITE 5,EXT
2026-05-03 13:00:00,24.416333333333334,21.288166666666665,16.9295,37.37037037037037,20.22222222222222,37.233333333333334,967.5523333333333,SITE 5,EXT
2026-05-03 14:00:00,25.299833333333332,21.948500000000003,17.449,38.18518518518519,20.25925925925926,35.5,966.8456666666666,SITE 5,EXT
2026-05-03 15:00:00,28.6515,24.597166666666666,19.310333333333332,38.42592592592593,20.314814814814817,35.233333333333334,966.6123333333333,SITE 5,EXT
2026-05-03 16:00:00,32.812586206896555,27.783620689655173,21.326206896551724,37.96934865900383,20.574712643678165,36.827586206896555,966.2851724137931,SITE 5,EXT
2026-05-03 17:00:00,31.701,27.0085,20.788333333333334,37.01851851851852,20.555555555555557,38.63333333333333,966.6156666666667,SITE 5,EXT
2026-05-03 18:00:00,42.998666666666665,35.78666666666666,26.62,35.611111111111114,20.685185185185183,42.03333333333333,967.2016666666666,SITE 5,EXT
2026-05-03 19:00:00,44.84316666666667,37.65433333333333,27.761000000000003,34.666666666666664,21.11111111111111,45.833333333333336,967.962,SITE 5,EXT
2026-05-03 20:00:00,47.36466666666667,39.57966666666667,29.4145,33.851851851851855,21.925925925925927,50.03333333333333,968.4333333333333,SITE 5,EXT
2026-05-03 21:00:00,42.61983333333333,36.05016666666666,27.084833333333332,33.31481481481482,21.64814814814815,50.96666666666667,968.9283333333333,SITE 5,EXT
2026-05-03 22:00:00,44.0485,36.9685,27.499000000000002,32.90740740740741,21.685185185185183,52.166666666666664,969.173,SITE 5,EXT
2026-05-03 23:00:00,45.46338709677419,38.104193548387094,28.009193548387096,32.58064516129032,21.75627240143369,53.645161290322584,969.6483870967742,SITE 5,EXT
2026-05-04 00:00:00,40.471000000000004,34.64566666666666,25.868666666666666,32.05555555555556,21.703703703703702,55.2,969.662,SITE 5,EXT
2026-05-04 01:00:00,38.693,33.17216666666666,25.112166666666667,31.222222222222225,21.703703703703702,57.733333333333334,969.2396666666666,SITE 5,EXT
2026-05-04 02:00:00,37.9765,32.846666666666664,24.615833333333335,30.944444444444446,22.01851851851852,59.56666666666667,968.798,SITE 5,EXT
2026-05-04 03:00:00,38.09283333333334,33.047,24.65983333333333,30.40740740740741,22.203703703703702,61.833333333333336,968.4606666666666,SITE 5,EXT
2026-05-04 04:00:00,38.63466666666667,33.3075,24.858333333333334,29.90740740740741,22.14814814814815,63.56666666666667,968.4583333333334,SITE 5,EXT
2026-05-04 05:00:00,40.278999999999996,34.757333333333335,25.711333333333336,29.574074074074076,22.0,64.56666666666666,968.941,SITE 5,EXT
2026-05-04 06:00:00,43.93066666666667,37.30416666666667,27.655833333333337,28.88888888888889,22.185185185185183,67.23333333333333,969.4146666666667,SITE 5,EXT
2026-05-04 07:00:00,44.472,37.510999999999996,27.407500000000002,29.64814814814815,22.12962962962963,64.66666666666667,970.152,SITE 5,EXT
2026-05-04 08:00:00,39.52516666666667,33.59733333333333,25.094,30.75925925925926,21.574074074074076,58.63333333333333,970.9236666666667,SITE 5,EXT
2026-05-04 09:00:00,38.5795,32.713,24.656333333333333,32.351851851851855,21.703703703703702,53.833333333333336,971.1146666666666,SITE 5,EXT
2026-05-04 10:00:00,34.85633333333333,29.816666666666666,22.7345,34.46296296296296,21.537037037037035,47.43333333333333,970.9413333333334,SITE 5,EXT
2026-05-04 11:00:00,34.35258064516129,29.14548387096774,22.200967741935486,37.77777777777778,21.451612903225808,39.064516129032256,970.1290322580645,SITE 5,EXT
2026-05-04 12:00:00,34.44862068965517,29.343793103448277,22.54689655172414,39.291187739463595,20.881226053639846,34.793103448275865,969.2220689655172,SITE 5,EXT
2026-05-04 15:00:00,54.1125,44.175,31.155,28.333333333333336,20.833333333333336,64.0,967.255,SITE 5,EXT
2026-05-04 16:00:00,43.077,35.6485,25.0935,29.370370370370374,20.61111111111111,59.9,967.3770000000001,SITE 5,EXT
2026-05-04 17:00:00,39.14516666666667,33.24783333333333,24.36616666666667,29.574074074074076,20.11111111111111,57.4,968.1456666666667,SITE 5,EXT
2026-05-04 18:00:00,45.82966666666667,38.26533333333334,27.74566666666667,29.48148148148148,20.037037037037035,57.2,968.4693333333333,SITE 5,EXT
2026-05-04 19:00:00,42.44516129032258,36.057903225806456,27.026290322580646,27.777777777777782,19.838709677419356,62.516129032258064,968.6767741935483,SITE 5,EXT
2026-05-04 20:00:00,36.348166666666664,30.412666666666667,23.285500000000003,27.98148148148148,19.5,60.7,969.5656666666667,SITE 5,EXT
2026-05-04 21:00:00,32.25233333333333,27.262999999999998,20.823333333333334,27.740740740740744,18.75925925925926,58.733333333333334,969.7876666666667,SITE 5,EXT
2026-05-04 22:00:00,30.478333333333335,25.646666666666665,19.543499999999998,27.685185185185187,18.814814814814817,59.13333333333333,970.0300000000001,SITE 5,EXT
2026-05-04 23:00:00,26.24683333333333,22.473666666666666,17.549666666666667,27.925925925925927,18.722222222222225,58.4,969.8006666666666,SITE 5,EXT
2026-05-05 00:00:00,26.9025,23.086833333333335,17.906833333333335,28.14814814814815,18.592592592592595,56.6,969.082,SITE 5,EXT
2026-05-05 01:00:00,27.879833333333334,23.764333333333337,18.33716666666667,28.574074074074076,18.518518518518523,55.13333333333333,967.9966666666667,SITE 5,EXT
2026-05-05 02:00:00,30.244500000000002,25.849833333333333,19.954333333333334,28.240740740740744,19.72222222222222,60.5,967.128,SITE 5,EXT
2026-05-05 03:00:00,30.41,26.163166666666665,20.063,27.462962962962965,19.85185185185185,64.06666666666666,966.7743333333333,SITE 5,EXT
2026-05-05 04:00:00,30.863,26.439166666666665,20.139666666666667,26.98148148148148,19.796296296296298,65.33333333333333,966.8223333333333,SITE 5,EXT
2026-05-05 05:00:00,33.86483333333334,28.861333333333334,21.72233333333333,26.666666666666668,19.740740740740744,66.26666666666667,967.5120000000001,SITE 5,EXT
2026-05-05 06:00:00,36.531666666666666,31.114166666666666,23.512166666666666,26.722222222222225,19.462962962962965,64.9,968.0156666666667,SITE 5,EXT
2026-05-05 07:00:00,35.34483870967742,29.936612903225804,22.82032258064516,27.74193548387097,19.06810035842294,59.83870967741935,968.7538709677419,SITE 5,EXT
2026-05-05 08:00:00,31.749166666666667,26.620166666666666,20.496666666666666,28.98148148148148,18.685185185185183,54.266666666666666,969.9063333333332,SITE 5,EXT
2026-05-05 09:00:00,33.17916666666667,27.891666666666666,21.11916666666667,30.11111111111111,18.888888888888893,51.46666666666667,970.3363333333333,SITE 5,EXT
2026-05-05 10:00:00,32.63666666666667,27.538833333333333,21.0175,32.74074074074074,18.592592592592595,43.43333333333333,970.1123333333333,SITE 5,EXT
2026-05-05 11:00:00,28.227833333333333,23.940833333333334,18.58716666666667,36.44444444444445,18.53703703703704,35.333333333333336,969.7906666666667,SITE 5,EXT
2026-05-05 12:00:00,30.223333333333336,25.608333333333334,19.693166666666666,37.96296296296296,18.796296296296298,33.0,968.9693333333333,SITE 5,EXT
2026-05-05 13:00:00,30.784333333333333,26.051666666666666,20.364166666666666,39.92592592592593,19.12962962962963,30.266666666666666,967.8770000000001,SITE 5,EXT
2026-05-05 14:00:00,29.334999999999997,24.768666666666668,19.428833333333333,39.7962962962963,19.77777777777778,31.633333333333333,967.1086666666666,SITE 5,EXT
2026-05-05 15:00:00,29.718,24.904666666666667,19.5155,39.07407407407407,19.87037037037037,33.06666666666667,966.67,SITE 5,EXT
2026-05-05 16:00:00,32.92733333333333,27.949166666666667,21.477666666666668,39.46296296296296,19.703703703703702,31.9,966.0866666666666,SITE 5,EXT
2026-05-05 17:00:00,43.0415,36.54116666666666,27.842666666666666,38.333333333333336,19.555555555555557,33.833333333333336,966.0473333333333,SITE 5,EXT
2026-05-05 18:00:00,46.469500000000004,38.5415,28.365,36.851851851851855,20.074074074074076,37.9,966.075,SITE 5,EXT
2026-05-05 19:00:00,48.88166666666667,40.23533333333333,29.663666666666664,35.46296296296296,20.703703703703702,42.46666666666667,967.2023333333333,SITE 5,EXT
2026-05-05 20:00:00,31.634166666666665,26.581166666666665,20.858666666666668,29.545454545454547,17.727272727272727,50.0,969.329090909091,SITE 5,EXT
2026-05-05 21:00:00,27.754833333333334,23.45,18.213166666666666,,,,,SITE 5,EXT
2026-05-05 22:00:00,30.727833333333333,26.275333333333332,20.100166666666667,,,,,SITE 5,EXT
2026-05-05 23:00:00,27.362333333333332,23.435166666666664,18.109333333333332,,,,,SITE 5,EXT
2026-05-06 00:00:00,26.698709677419355,23.018548387096775,18.063387096774196,,,,,SITE 5,EXT
2026-05-06 01:00:00,27.914333333333335,23.912333333333333,18.39783333333333,,,,,SITE 5,EXT
2026-05-06 02:00:00,31.315833333333334,26.73166666666667,20.421499999999998,,,,,SITE 5,EXT
2026-05-06 03:00:00,31.458833333333335,26.49816666666667,20.4815,,,,,SITE 5,EXT
2026-05-06 04:00:00,33.98766666666667,28.183833333333332,21.973666666666666,,,,,SITE 5,EXT
2026-05-06 05:00:00,40.264,33.963,25.115833333333335,,,,,SITE 5,EXT
2026-05-06 06:00:00,37.57816666666667,32.141333333333336,23.978166666666667,,,,,SITE 5,EXT
2026-05-06 07:00:00,35.413,30.31116666666667,22.86733333333333,,,,,SITE 5,EXT
2026-05-06 08:00:00,31.904999999999998,27.363833333333332,21.197499999999998,,,,,SITE 5,EXT
2026-05-06 09:00:00,28.069666666666667,23.982833333333335,18.740833333333335,,,,,SITE 5,EXT
2026-05-06 10:00:00,29.481333333333335,25.081833333333336,19.68116666666667,,,,,SITE 5,EXT
2026-05-06 11:00:00,30.770333333333333,26.18616666666667,20.216166666666666,,,,,SITE 5,EXT
2026-05-06 12:00:00,30.793999999999997,26.231833333333334,20.129166666666666,,,,,SITE 5,EXT
2026-05-06 13:00:00,29.267833333333332,25.100166666666667,19.361,,,,,SITE 5,EXT
2026-05-06 14:00:00,30.149333333333335,25.58716666666667,19.769,,,,,SITE 5,EXT
2026-05-06 15:00:00,30.783333333333335,26.115666666666666,20.321833333333334,,,,,SITE 5,EXT
2026-05-06 16:00:00,33.10838709677419,28.107096774193547,21.48483870967742,,,,,SITE 5,EXT
2026-05-06 17:00:00,39.160999999999994,33.08383333333333,24.922166666666666,,,,,SITE 5,EXT
2026-05-06 18:00:00,38.911500000000004,33.00116666666666,24.49683333333333,,,,,SITE 5,EXT
2026-05-06 19:00:00,57.0065,46.93383333333333,34.68983333333333,,,,,SITE 5,EXT
2026-05-06 20:00:00,50.024166666666666,41.31283333333333,30.2765,,,,,SITE 5,EXT
2026-05-06 21:00:00,45.89783333333333,38.8615,30.20133333333333,,,,,SITE 5,EXT
2026-05-06 22:00:00,39.42666666666666,33.76866666666667,25.413,,,,,SITE 5,EXT
2026-05-06 23:00:00,33.74916666666667,29.081166666666665,22.176666666666666,,,,,SITE 5,EXT
2026-05-07 00:00:00,31.6585,27.657,21.14466666666667,,,,,SITE 5,EXT
2026-05-07 01:00:00,30.102833333333333,26.1915,20.409,,,,,SITE 5,EXT
2026-05-07 02:00:00,27.574833333333334,23.861666666666668,18.919666666666668,,,,,SITE 5,EXT
2026-05-07 03:00:00,28.86,24.648500000000002,19.483999999999998,,,,,SITE 5,EXT
2026-05-07 04:00:00,25.249166666666667,22.274166666666666,17.739166666666666,,,,,SITE 5,EXT
2026-05-07 05:00:00,27.50616666666667,24.146666666666665,19.049833333333332,,,,,SITE 5,EXT
2026-05-07 06:00:00,104.91916666666665,97.61166666666666,58.421166666666664,,,,,SITE 5,EXT
2026-05-07 07:00:00,64.03919354838709,56.461774193548386,39.48919354838709,,,,,SITE 5,EXT
2026-05-07 08:00:00,38.917833333333334,32.991,24.174666666666667,,,,,SITE 5,EXT
2026-05-07 09:00:00,32.201499999999996,27.733666666666668,21.138666666666666,,,,,SITE 5,EXT
2026-05-07 10:00:00,32.971666666666664,27.944,21.434833333333334,,,,,SITE 5,EXT
2026-05-07 11:00:00,32.81883333333334,28.025,21.431833333333334,,,,,SITE 5,EXT
2026-05-07 12:00:00,32.986333333333334,28.310833333333335,21.8965,,,,,SITE 5,EXT
2026-05-07 13:00:00,31.384500000000003,26.770333333333333,20.762666666666668,,,,,SITE 5,EXT
2026-05-07 14:00:00,29.1735,24.875166666666665,19.304333333333332,,,,,SITE 5,EXT
2026-05-07 15:00:00,30.229333333333333,25.921666666666667,20.133,,,,,SITE 5,EXT
2026-05-07 16:00:00,30.22233333333333,25.747833333333332,19.873333333333335,,,,,SITE 5,EXT
2026-05-07 17:00:00,34.36033333333333,29.20633333333333,22.216833333333334,,,,,SITE 5,EXT
2026-05-07 18:00:00,38.82666666666667,32.76766666666666,24.67716666666667,,,,,SITE 5,EXT
2026-05-07 19:00:00,43.066833333333335,35.980333333333334,26.675666666666665,,,,,SITE 5,EXT
2026-05-07 20:00:00,40.309333333333335,33.98266666666667,25.384166666666665,,,,,SITE 5,EXT
2026-05-07 21:00:00,41.05683333333333,34.509,26.118666666666666,,,,,SITE 5,EXT
2026-05-07 22:00:00,39.11983333333333,33.29116666666667,24.813333333333333,,,,,SITE 5,EXT
2026-05-07 23:00:00,35.82866666666666,30.4975,22.9445,,,,,SITE 5,EXT
2026-05-08 00:00:00,38.491,32.898,24.03483333333333,,,,,SITE 5,EXT
2026-05-08 01:00:00,31.215967741935486,26.914032258064516,20.393709677419356,,,,,SITE 5,EXT
2026-05-08 02:00:00,30.44783333333333,26.342,20.195333333333334,,,,,SITE 5,EXT
2026-05-08 03:00:00,29.721666666666668,25.672,19.730666666666664,,,,,SITE 5,EXT
2026-05-08 04:00:00,33.691,29.161333333333335,22.123833333333334,,,,,SITE 5,EXT
2026-05-08 05:00:00,42.27333333333333,36.371833333333335,27.3245,,,,,SITE 5,EXT
2026-05-08 06:00:00,43.4665,36.16683333333334,26.1615,,,,,SITE 5,EXT
2026-05-08 07:00:00,36.94866666666667,31.426,23.609166666666667,,,,,SITE 5,EXT
2026-05-08 08:00:00,34.75233333333333,29.467166666666667,22.375,,,,,SITE 5,EXT
2026-05-08 09:00:00,37.022333333333336,31.3675,23.547,,,,,SITE 5,EXT
2026-05-08 10:00:00,32.74183333333333,27.497,21.036,,,,,SITE 5,EXT
2026-05-08 11:00:00,32.18966666666667,27.016666666666666,20.916,,,,,SITE 5,EXT
2026-05-08 12:00:00,31.270333333333333,26.581666666666667,20.812833333333334,,,,,SITE 5,EXT
2026-05-08 13:00:00,31.292166666666667,26.512,20.449166666666667,,,,,SITE 5,EXT
2026-05-08 14:00:00,32.913666666666664,27.761000000000003,21.529666666666667,,,,,SITE 5,EXT
2026-05-08 15:00:00,32.756499999999996,27.703666666666667,21.424666666666667,,,,,SITE 5,EXT
2026-05-08 16:00:00,35.126999999999995,29.5335,22.747333333333334,,,,,SITE 5,EXT
2026-05-08 17:00:00,33.66225,27.2925,19.5745,31.265432098765434,19.59876543209877,51.44444444444444,967.3233333333333,SITE 5,EXT
2026-05-08 18:00:00,30.46966666666667,26.264833333333332,20.188333333333333,30.01851851851852,20.75925925925926,57.96666666666667,967.7983333333334,SITE 5,EXT
2026-05-08 19:00:00,31.950161290322583,27.106612903225805,20.88790322580645,28.835125448028673,20.017921146953405,59.54838709677419,968.2,SITE 5,EXT
2026-05-08 20:00:00,41.065333333333335,34.111333333333334,24.654333333333334,28.166666666666668,20.166666666666668,62.3,968.3306666666666,SITE 5,EXT
2026-05-08 21:00:00,44.446000000000005,36.830333333333336,26.730833333333333,27.98148148148148,20.592592592592595,64.66666666666667,968.7643333333333,SITE 5,EXT
2026-05-08 22:00:00,29.31683333333333,24.72266666666667,18.895833333333332,28.833333333333332,19.962962962962965,59.666666666666664,969.4856666666667,SITE 5,EXT
2026-05-08 23:00:00,33.32116666666666,27.926666666666666,20.788,28.314814814814817,19.814814814814817,60.666666666666664,970.5076666666666,SITE 5,EXT
2026-05-09 00:00:00,30.8155,26.122166666666665,19.86116666666667,28.31481481481482,19.962962962962965,60.96666666666667,970.047,SITE 5,EXT
2026-05-09 01:00:00,28.810166666666667,24.28783333333333,18.753333333333334,27.962962962962965,19.87037037037037,62.13333333333333,969.8653333333333,SITE 5,EXT
2026-05-09 02:00:00,29.485333333333333,24.9025,19.487833333333334,27.240740740740744,20.555555555555557,67.36666666666666,969.6633333333334,SITE 5,EXT
2026-05-09 03:00:00,31.552500000000002,26.743666666666666,20.8205,27.944444444444446,20.814814814814817,66.13333333333334,969.8539999999999,SITE 5,EXT
2026-05-09 04:00:00,33.101166666666664,28.188166666666667,21.497666666666664,27.814814814814817,21.09259259259259,67.66666666666667,970.1296666666666,SITE 5,EXT
2026-05-09 05:00:00,31.240000000000002,26.77283333333333,20.426666666666666,27.77777777777778,21.01851851851852,66.86666666666666,970.1816666666667,SITE 5,EXT
2026-05-09 06:00:00,39.77274193548387,33.2458064516129,24.968870967741935,27.795698924731184,21.021505376344084,67.29032258064517,970.3422580645162,SITE 5,EXT
2026-05-09 07:00:00,42.9285,35.843666666666664,26.6915,28.14814814814815,21.22222222222222,66.96666666666667,970.8349999999999,SITE 5,EXT
2026-05-09 08:00:00,38.695,32.71183333333333,24.557666666666666,29.61111111111111,21.333333333333332,61.666666666666664,971.3306666666666,SITE 5,EXT
2026-05-09 09:00:00,38.36266666666666,32.833999999999996,24.540166666666668,30.77777777777778,21.425925925925927,58.06666666666667,971.4606666666666,SITE 5,EXT
2026-05-09 10:00:00,34.88883333333333,29.417166666666667,22.217666666666666,31.555555555555557,21.185185185185183,54.6,971.2116666666666,SITE 5,EXT
2026-05-09 11:00:00,34.66916666666667,29.321250000000003,22.346875,32.43055555555556,21.087962962962962,51.708333333333336,970.9079166666667,SITE 5,EXT
2026-05-09 13:00:00,31.767916666666668,26.849166666666665,20.5875,32.26851851851852,21.48148148148148,53.416666666666664,968.9941666666667,SITE 5,EXT
2026-05-09 14:00:00,32.83583333333333,27.913,21.3855,34.01851851851852,21.48148148148148,48.3,968.427,SITE 5,EXT
2026-05-09 15:00:00,31.366,26.73,20.526666666666664,34.62962962962963,21.51851851851852,46.8,968.0106666666667,SITE 5,EXT
2026-05-09 16:00:00,32.9335,28.103833333333334,21.363833333333332,35.18518518518519,21.685185185185183,45.9,967.8986666666666,SITE 5,EXT
2026-05-09 17:00:00,34.40716666666666,29.156166666666664,22.3005,33.51851851851852,21.537037037037035,50.2,968.3003333333332,SITE 5,EXT
2026-05-09 18:00:00,39.978833333333334,33.659,25.326,32.77777777777778,21.51851851851852,52.0,968.7353333333334,SITE 5,EXT
2026-05-09 19:00:00,49.75677419354839,40.83774193548387,30.19967741935484,32.68817204301075,21.720430107526884,53.193548387096776,969.4516129032259,SITE 5,EXT
2026-05-09 20:00:00,57.117,48.30833333333333,36.168,32.18518518518518,21.944444444444446,55.43333333333333,970.119,SITE 5,EXT
2026-05-09 21:00:00,60.0525,50.08583333333333,38.001999999999995,31.27777777777778,22.24074074074074,59.233333333333334,970.5753333333333,SITE 5,EXT
2026-05-09 22:00:00,49.65083333333334,41.04083333333333,30.254666666666665,30.833333333333336,22.166666666666668,60.6,971.2426666666667,SITE 5,EXT
2026-05-09 23:00:00,42.871,36.68316666666667,26.892999999999997,30.037037037037035,21.85185185185185,62.1,971.2403333333333,SITE 5,EXT
2026-05-10 00:00:00,38.36933333333333,33.0475,24.7515,29.88888888888889,21.574074074074076,61.86666666666667,970.8166666666667,SITE 5,EXT
2026-05-10 01:00:00,40.486666666666665,34.6725,25.815833333333334,29.388888888888893,21.51851851851852,63.233333333333334,970.3663333333334,SITE 5,EXT
2026-05-10 02:00:00,38.91766666666667,33.43866666666666,25.043,29.037037037037035,21.62962962962963,64.8,969.8093333333333,SITE 5,EXT
2026-05-10 03:00:00,38.915,33.2935,25.025666666666666,28.62962962962963,21.425925925925927,65.86666666666666,969.481,SITE 5,EXT
2026-05-10 04:00:00,40.648833333333336,34.74033333333333,25.9995,28.77777777777778,21.425925925925927,65.16666666666667,969.5206666666667,SITE 5,EXT
2026-05-10 05:00:00,43.88616666666667,37.30083333333334,27.544833333333333,27.796296296296298,21.22222222222222,67.86666666666666,970.1039999999999,SITE 5,EXT
2026-05-10 06:00:00,47.352333333333334,39.63916666666667,29.188499999999998,27.62962962962963,21.38888888888889,69.03333333333333,970.4466666666667,SITE 5,EXT
2026-05-10 07:00:00,41.00116666666667,34.67466666666667,25.919333333333334,28.75925925925926,21.61111111111111,65.96666666666667,971.06,SITE 5,EXT
2026-05-10 08:00:00,33.3225,28.195666666666668,21.331000000000003,30.074074074074076,21.61111111111111,61.0,971.522,SITE 5,EXT
2026-05-10 09:00:00,29.769833333333334,25.092499999999998,19.317166666666665,31.87037037037037,21.64814814814815,55.1,971.6586666666667,SITE 5,EXT
2026-05-10 10:00:00,27.9685,23.497333333333334,18.34466666666667,34.88888888888889,21.25925925925926,45.6,971.2036666666667,SITE 5,EXT
2026-05-10 11:00:00,31.377741935483872,26.381451612903227,20.200000000000003,37.99283154121864,20.43010752688172,36.16129032258065,970.2893548387098,SITE 5,EXT
2026-05-10 12:00:00,29.634999999999998,24.556499999999996,19.064833333333333,40.12962962962963,19.98148148148148,31.533333333333335,969.1886666666667,SITE 5,EXT
2026-05-10 13:00:00,33.58133333333333,28.1335,22.02466666666667,40.96296296296296,19.666666666666668,29.333333333333332,968.028,SITE 5,EXT
2026-05-10 14:00:00,30.669,25.478333333333335,19.613833333333332,40.24074074074074,19.296296296296298,30.033333333333335,967.1946666666666,SITE 5,EXT
2026-05-10 15:00:00,31.582333333333334,26.123,20.08566666666667,40.333333333333336,19.35185185185185,29.833333333333332,966.7313333333333,SITE 5,EXT
2026-05-10 16:00:00,32.774166666666666,27.1805,20.676666666666666,39.7962962962963,19.037037037037035,30.0,966.3246666666668,SITE 5,EXT
2026-05-10 17:00:00,35.30283333333333,29.418833333333335,22.107166666666668,38.907407407407405,18.62962962962963,30.766666666666666,966.5453333333334,SITE 5,EXT
2026-05-10 18:00:00,46.64,38.23316666666667,27.649833333333333,37.81481481481482,19.055555555555557,33.733333333333334,966.9863333333334,SITE 5,EXT
2026-05-10 19:00:00,58.76933333333333,47.301833333333335,34.347833333333334,36.70370370370371,19.703703703703702,37.166666666666664,967.5643333333334,SITE 5,EXT
2026-05-10 20:00:00,65.99416666666667,54.61483333333333,40.25216666666667,35.94444444444445,20.11111111111111,39.96666666666667,968.0486666666667,SITE 5,EXT
2026-05-10 21:00:00,62.372166666666665,50.594500000000004,37.61866666666666,34.88888888888889,20.444444444444446,43.233333333333334,968.5976666666667,SITE 5,EXT
2026-05-10 22:00:00,49.94383333333334,40.8705,29.725666666666665,34.42592592592593,20.055555555555554,43.96666666666667,969.0323333333333,SITE 5,EXT
2026-05-10 23:00:00,48.917741935483875,40.59290322580645,29.734193548387097,33.028673835125446,20.340501792114694,47.774193548387096,968.9077419354838,SITE 5,EXT
2026-05-11 00:00:00,46.80116666666667,39.2945,28.63566666666667,31.666666666666668,21.314814814814817,54.733333333333334,968.7090000000001,SITE 5,EXT
2026-05-11 01:00:00,45.39866666666667,38.272000000000006,27.791833333333333,30.77777777777778,21.25925925925926,57.56666666666667,968.2966666666667,SITE 5,EXT
2026-05-11 02:00:00,40.723499999999994,34.882,25.682333333333336,30.092592592592595,20.75925925925926,58.2,967.755,SITE 5,EXT
2026-05-11 03:00:00,38.515166666666666,33.0985,24.6215,29.90740740740741,20.740740740740744,58.43333333333333,967.6096666666667,SITE 5,EXT
2026-05-11 04:00:00,38.04883333333333,32.55433333333333,24.239,29.944444444444446,20.592592592592595,58.13333333333333,967.8886666666666,SITE 5,EXT
2026-05-11 05:00:00,37.08416666666667,31.774,23.647499999999997,29.296296296296298,20.740740740740744,60.5,968.37,SITE 5,EXT
2026-05-11 06:00:00,41.566,35.161500000000004,25.78966666666667,28.88888888888889,20.98148148148148,63.266666666666666,968.8166666666667,SITE 5,EXT
2026-05-11 07:00:00,43.6915,36.91133333333333,26.949166666666667,29.25925925925926,21.48148148148148,64.0,969.4256666666666,SITE 5,EXT
2026-05-11 08:00:00,39.04216666666667,33.325,24.82766666666667,30.703703703703706,22.22222222222222,61.166666666666664,970.071,SITE 5,EXT
2026-05-11 09:00:00,43.510999999999996,36.72833333333333,27.098000000000003,32.611111111111114,22.296296296296298,55.2,970.3199999999999,SITE 5,EXT
2026-05-11 10:00:00,38.560806451612905,32.86016129032258,24.49741935483871,34.354838709677416,22.32974910394265,50.193548387096776,970.1312903225806,SITE 5,EXT
2026-05-11 11:00:00,35.52816666666667,30.119333333333334,22.819166666666668,36.5,22.24074074074074,44.3,969.671,SITE 5,EXT
2026-05-11 12:00:00,36.00333333333334,30.471666666666668,23.078,37.333333333333336,22.01851851851852,41.53333333333333,968.8296666666666,SITE 5,EXT
2026-05-11 13:00:00,38.098,32.611333333333334,25.376166666666666,36.87037037037037,21.77777777777778,42.13333333333333,968.1966666666667,SITE 5,EXT
2026-05-11 14:00:00,33.61383333333333,28.4925,21.858999999999998,37.87037037037037,21.555555555555557,39.166666666666664,967.6516666666666,SITE 5,EXT
2026-05-11 15:00:00,35.731833333333334,30.493999999999996,23.254666666666665,37.907407407407405,21.37037037037037,38.733333333333334,967.1129999999999,SITE 5,EXT
2026-05-11 16:00:00,39.50083333333334,33.54983333333333,25.399833333333333,36.94444444444445,21.333333333333332,40.833333333333336,966.847,SITE 5,EXT
2026-05-11 17:00:00,39.92633333333333,34.04566666666667,25.6415,35.68518518518519,21.40740740740741,43.96666666666667,966.917,SITE 5,EXT
2026-05-11 18:00:00,40.66366666666667,34.63216666666666,25.946666666666665,33.833333333333336,21.51851851851852,48.96666666666667,967.1096666666667,SITE 5,EXT
2026-05-11 19:00:00,41.8225,35.4745,26.5095,32.74074074074074,21.462962962962965,51.86666666666667,967.6963333333333,SITE 5,EXT
2026-05-11 20:00:00,44.10033333333333,37.144,27.488833333333332,32.31481481481482,21.51851851851852,53.53333333333333,968.7486666666666,SITE 5,EXT
2026-05-11 21:00:00,48.983870967741936,40.66612903225807,29.85483870967742,31.953405017921146,21.612903225806452,54.67741935483871,969.5916129032258,SITE 5,EXT
2026-05-11 22:00:00,45.37683333333334,38.178,27.9895,31.333333333333336,21.62962962962963,56.93333333333333,969.8186666666667,SITE 5,EXT
2026-05-11 23:00:00,42.243,35.885999999999996,26.894166666666667,31.111111111111118,21.666666666666668,57.93333333333333,969.7593333333333,SITE 5,EXT
2026-05-12 00:00:00,44.74133333333334,38.147166666666664,28.35033333333333,30.75925925925926,21.75925925925926,59.03333333333333,969.5949999999999,SITE 5,EXT
2026-05-12 01:00:00,40.86816666666667,35.120666666666665,26.017333333333333,30.555555555555557,21.666666666666668,59.766666666666666,969.0756666666667,SITE 5,EXT
2026-05-12 02:00:00,40.126,34.57933333333334,25.800833333333333,30.055555555555554,21.444444444444446,60.5,968.4003333333333,SITE 5,EXT
2026-05-12 03:00:00,41.727833333333336,35.80016666666666,26.4725,29.740740740740744,21.592592592592595,61.9,968.5283333333333,SITE 5,EXT
2026-05-12 04:00:00,43.973,37.4385,27.308666666666667,29.444444444444446,21.666666666666668,63.93333333333333,969.3473333333333,SITE 5,EXT
2026-05-12 05:00:00,47.36,39.63766666666667,28.944166666666668,29.203703703703706,21.685185185185183,64.73333333333333,969.8439999999999,SITE 5,EXT
2026-05-12 06:00:00,47.03516666666667,39.325,28.61116666666667,28.61111111111111,21.814814814814817,67.13333333333334,970.688,SITE 5,EXT
2026-05-12 07:00:00,46.29783333333333,38.844,28.242,29.5,22.055555555555554,64.8,971.3866666666667,SITE 5,EXT
2026-05-12 08:00:00,44.73833333333334,37.400333333333336,27.5645,30.61111111111111,21.77777777777778,59.86666666666667,971.705,SITE 5,EXT
2026-05-12 09:00:00,39.189827586206896,33.23206896551724,26.586379310344828,32.35632183908046,20.49808429118774,50.06896551724138,971.7668965517242,SITE 5,EXT
2026-05-12 10:00:00,37.056666666666665,31.879833333333334,25.703166666666668,34.7037037037037,19.03703703703704,40.03333333333333,971.4246666666666,SITE 5,EXT
2026-05-12 11:00:00,29.937833333333334,25.831833333333336,20.551333333333332,37.2962962962963,18.01851851851852,32.53333333333333,970.971,SITE 5,EXT
2026-05-12 12:00:00,38.006,31.8795,26.834666666666667,38.88888888888889,17.98148148148148,29.6,969.7639999999999,SITE 5,EXT
2026-05-12 13:00:00,49.53933333333334,44.472166666666666,33.798833333333334,40.87037037037037,17.592592592592595,26.033333333333335,968.69,SITE 5,EXT
2026-05-12 14:00:00,33.31066666666666,28.540333333333333,23.15,39.96296296296296,17.185185185185183,26.566666666666666,967.913,SITE 5,EXT
2026-05-12 15:00:00,31.927333333333333,27.55633333333333,21.784,38.666666666666664,17.296296296296298,28.7,967.1460000000001,SITE 5,EXT
2026-05-12 16:00:00,36.5375,31.224,26.189000000000004,39.53703703703704,17.35185185185185,27.6,966.5633333333334,SITE 5,EXT
2026-05-12 17:00:00,47.315000000000005,40.61416666666666,32.885,37.87037037037037,18.48148148148148,32.63333333333333,966.684,SITE 5,EXT
2026-05-12 18:00:00,61.17633333333333,53.618,43.76016666666667,34.68518518518519,20.555555555555557,44.03333333333333,967.193,SITE 5,EXT
2026-05-12 19:00:00,53.96566666666667,45.52883333333333,36.669999999999995,32.75925925925926,20.314814814814817,48.3,968.0483333333334,SITE 5,EXT
2026-05-12 20:00:00,53.943333333333335,45.68066666666667,37.073,32.0,20.388888888888893,50.7,968.9276666666667,SITE 5,EXT
2026-05-12 21:00:00,50.36716666666666,42.9325,34.530833333333334,31.11111111111111,20.796296296296298,54.56666666666667,969.5443333333334,SITE 5,EXT
2026-05-12 22:00:00,51.582258064516125,44.578709677419354,34.615483870967736,30.51971326164875,20.93189964157706,56.935483870967744,970.603870967742,SITE 5,EXT
2026-05-12 23:00:00,43.6215,37.935833333333335,30.128,30.0,21.01851851851852,59.3,970.3153333333333,SITE 5,EXT
2026-05-13 00:00:00,41.0565,35.458,29.026999999999997,29.77777777777778,21.01851851851852,60.13333333333333,969.768,SITE 5,EXT
2026-05-13 01:00:00,40.38416666666667,34.74016666666667,29.049166666666668,29.222222222222225,21.055555555555554,61.7,969.276,SITE 5,EXT
2026-05-13 02:00:00,37.068999999999996,31.84333333333333,26.1085,28.88888888888889,21.0,62.733333333333334,968.5830000000001,SITE 5,EXT
2026-05-13 03:00:00,38.68,33.321666666666665,27.337333333333333,28.64814814814815,20.87037037037037,63.2,968.0896666666666,SITE 5,EXT
2026-05-13 04:00:00,41.223333333333336,35.351,30.120333333333335,28.333333333333336,20.962962962962965,64.7,968.2033333333333,SITE 5,EXT
2026-05-13 05:00:00,41.400666666666666,35.537000000000006,29.843833333333333,28.166666666666668,20.925925925925927,65.1,968.4789999999999,SITE 5,EXT
2026-05-13 06:00:00,42.48083333333333,36.74483333333333,29.295166666666667,27.75925925925926,20.925925925925927,66.76666666666667,968.9926666666667,SITE 5,EXT
2026-05-13 07:00:00,45.49283333333334,39.248000000000005,32.2635,28.666666666666668,21.5,65.83333333333333,970.1476666666666,SITE 5,EXT
2026-05-13 08:00:00,45.15383333333333,38.99733333333334,31.333000000000002,29.87037037037037,21.11111111111111,59.93333333333333,970.7933333333333,SITE 5,EXT
2026-05-13 09:00:00,42.78216666666667,37.0555,30.4375,31.944444444444446,20.962962962962965,52.833333333333336,970.9676666666667,SITE 5,EXT
2026-05-13 10:00:00,41.067741935483866,35.490483870967736,28.501129032258063,34.354838709677416,21.0573476702509,46.25806451612903,970.8274193548388,SITE 5,EXT
2026-05-13 11:00:00,46.437666666666665,40.4345,32.275333333333336,37.24074074074075,20.925925925925927,39.2,970.1963333333333,SITE 5,EXT
2026-05-13 12:00:00,41.9375,36.05383333333334,29.7405,38.7037037037037,20.87037037037037,35.86666666666667,969.3506666666667,SITE 5,EXT
2026-05-13 13:00:00,40.991,35.305,28.404,38.62962962962963,20.388888888888893,34.9,968.4590000000001,SITE 5,EXT
2026-05-13 14:00:00,42.748666666666665,36.716,30.233333333333334,39.74074074074074,20.14814814814815,32.3,967.6613333333333,SITE 5,EXT
2026-05-13 15:00:00,42.69083333333333,36.700833333333335,30.294833333333333,39.55555555555556,19.814814814814817,32.233333333333334,967.0490000000001,SITE 5,EXT
2026-05-13 16:00:00,45.026666666666664,38.5545,31.677166666666665,39.333333333333336,19.64814814814815,32.36666666666667,966.5523333333333,SITE 5,EXT
2026-05-13 17:00:00,48.01433333333333,41.30266666666667,33.613,37.851851851851855,19.61111111111111,34.833333333333336,966.473,SITE 5,EXT
2026-05-13 18:00:00,51.88983333333333,44.334666666666664,36.16833333333333,36.611111111111114,19.87037037037037,37.93333333333333,966.8913333333334,SITE 5,EXT
2026-05-13 19:00:00,63.772166666666664,55.50983333333333,43.79683333333333,35.75925925925926,20.092592592592595,40.2,967.5319999999999,SITE 5,EXT
2026-05-13 20:00:00,65.00783333333332,57.09666666666667,44.928000000000004,34.92592592592593,20.166666666666668,42.36666666666667,968.4486666666667,SITE 5,EXT
2026-05-13 21:00:00,62.208666666666666,54.27283333333333,43.342,34.31481481481481,20.37037037037037,44.63333333333333,969.2083333333334,SITE 5,EXT
2026-05-13 22:00:00,53.9341935483871,45.66161290322581,36.95854838709677,33.172043010752695,20.483870967741936,47.41935483870968,969.3535483870968,SITE 5,EXT
2026-05-13 23:00:00,54.77183333333333,47.589333333333336,39.08683333333333,32.25925925925926,20.592592592592595,50.56666666666667,969.5229999999999,SITE 5,EXT
2026-05-14 00:00:00,55.07116666666666,47.7375,39.028999999999996,32.22222222222222,20.64814814814815,51.13333333333333,969.274,SITE 5,EXT
2026-05-14 01:00:00,51.842333333333336,44.36216666666667,35.690000000000005,31.722222222222225,20.703703703703702,52.63333333333333,968.612,SITE 5,EXT
2026-05-14 02:00:00,51.439,43.67266666666667,34.90266666666666,31.53703703703704,20.85185185185185,53.7,967.9083333333333,SITE 5,EXT
2026-05-14 03:00:00,49.72116666666667,42.56133333333333,34.353500000000004,31.222222222222225,21.037037037037035,55.266666666666666,967.5873333333333,SITE 5,EXT
2026-05-14 04:00:00,67.20966666666666,60.83133333333333,46.769,30.25925925925926,21.092592592592595,58.46666666666667,967.6336666666667,SITE 5,EXT
2026-05-14 05:00:00,62.04416666666667,54.890166666666666,43.022666666666666,30.166666666666668,21.25925925925926,59.333333333333336,967.997,SITE 5,EXT
2026-05-14 06:00:00,50.721333333333334,43.24583333333333,34.332499999999996,29.77777777777778,21.11111111111111,60.4,968.4253333333332,SITE 5,EXT
2026-05-14 07:00:00,53.23533333333333,45.4885,35.91433333333334,29.796296296296298,21.12962962962963,60.4,969.022,SITE 5,EXT
2026-05-14 08:00:00,52.12483333333333,44.724000000000004,36.155833333333334,30.98148148148148,21.537037037037035,57.63333333333333,969.6696666666667,SITE 5,EXT
2026-05-14 09:00:00,49.516935483870974,43.81629032258065,37.205,32.52688172043011,21.7921146953405,53.58064516129032,970.0303225806451,SITE 5,EXT
2026-05-14 10:00:00,46.66866666666667,40.34,33.581833333333336,35.24074074074075,21.87037037037037,46.43333333333333,969.821,SITE 5,EXT
2026-05-14 11:00:00,43.8065,37.91583333333333,30.797833333333333,37.07407407407407,21.703703703703702,41.36666666666667,969.1270000000001,SITE 5,EXT
2026-05-14 12:00:00,44.855000000000004,38.646,31.962333333333333,38.14814814814815,21.925925925925927,39.5,968.2213333333333,SITE 5,EXT
2026-05-14 13:00:00,42.86266666666666,37.018166666666666,30.092499999999998,39.03703703703704,21.166666666666668,35.9,967.3313333333333,SITE 5,EXT
2026-05-14 14:00:00,43.467,37.45,31.037166666666668,39.62962962962963,20.5,33.43333333333333,966.638,SITE 5,EXT
2026-05-14 15:00:00,45.51133333333333,39.326,32.834666666666664,39.01851851851852,20.185185185185183,33.9,965.696,SITE 5,EXT
2026-05-14 16:00:00,47.085,40.63700000000001,33.999833333333335,38.64814814814815,19.796296296296298,33.8,964.984,SITE 5,EXT
2026-05-14 17:00:00,45.629333333333335,39.26533333333334,32.60616666666667,37.7037037037037,20.185185185185183,36.3,964.9696666666666,SITE 5,EXT
2026-05-14 18:00:00,53.55133333333333,47.266333333333336,39.45016666666666,36.037037037037045,20.25925925925926,40.06666666666667,965.339,SITE 5,EXT
2026-05-14 19:00:00,53.23883333333333,45.38333333333333,36.84583333333333,34.907407407407405,20.425925925925927,43.166666666666664,966.2453333333334,SITE 5,EXT
2026-05-14 20:00:00,55.43066666666667,47.54966666666667,38.424166666666665,34.00000000000001,20.462962962962965,45.5,966.868,SITE 5,EXT
2026-05-14 21:00:00,53.8205,46.82833333333333,38.494166666666665,33.18518518518519,20.592592592592595,47.86666666666667,967.8486666666666,SITE 5,EXT
2026-05-14 22:00:00,53.47366666666667,47.72383333333333,39.969500000000004,32.53703703703704,20.62962962962963,50.0,968.37,SITE 5,EXT
2026-05-14 23:00:00,54.48548387096774,49.835,42.16548387096775,31.75627240143369,20.64516129032258,52.32258064516129,968.3025806451614,SITE 5,EXT
2026-05-15 00:00:00,51.413333333333334,45.73116666666667,38.41433333333334,31.111111111111118,20.61111111111111,54.333333333333336,968.0213333333334,SITE 5,EXT
2026-05-15 01:00:00,47.905833333333334,41.83566666666666,35.468666666666664,31.074074074074076,20.833333333333332,54.93333333333333,967.6036666666666,SITE 5,EXT
2026-05-15 02:00:00,48.463166666666666,42.5655,36.153999999999996,30.75925925925926,20.88888888888889,56.1,967.226,SITE 5,EXT
2026-05-15 03:00:00,50.90916666666667,46.401666666666664,39.80683333333333,30.166666666666668,20.88888888888889,57.93333333333333,966.9626666666667,SITE 5,EXT
2026-05-15 04:00:00,50.31166666666666,44.974333333333334,38.04333333333333,29.444444444444446,20.925925925925927,60.6,967.275,SITE 5,EXT
2026-05-15 05:00:00,46.167500000000004,40.04116666666667,33.280166666666666,28.722222222222225,21.25925925925926,64.8,967.8003333333332,SITE 5,EXT
2026-05-15 06:00:00,46.80833333333333,40.48983333333333,34.01166666666667,28.666666666666668,21.425925925925927,65.6,968.5683333333333,SITE 5,EXT
2026-05-15 07:00:00,44.1605,38.05416666666667,31.756166666666665,29.240740740740744,21.537037037037035,63.666666666666664,969.4513333333333,SITE 5,EXT
2026-05-15 08:00:00,44.7995,38.835,33.18716666666667,30.185185185185183,21.592592592592595,60.7,970.0233333333333,SITE 5,EXT
2026-05-15 09:00:00,53.205333333333336,48.676,42.0655,31.888888888888893,21.64814814814815,55.233333333333334,969.8520000000001,SITE 5,EXT
2026-05-15 10:00:00,57.40533333333334,49.97533333333333,40.601,34.277777777777786,21.61111111111111,48.0,969.6766666666666,SITE 5,EXT
2026-05-15 11:00:00,59.629,52.129000000000005,42.469500000000004,36.64814814814815,21.240740740740744,41.266666666666666,969.2733333333333,SITE 5,EXT
2026-05-15 12:00:00,58.64366666666667,51.400666666666666,42.15983333333334,37.277777777777786,20.64814814814815,38.3,968.42,SITE 5,EXT
2026-05-15 13:00:00,55.498387096774195,48.56612903225806,40.255806451612905,38.9426523297491,20.23297491039427,34.12903225806452,967.5890322580644,SITE 5,EXT
2026-05-15 14:00:00,54.05883333333334,46.94616666666666,38.61516666666667,39.55555555555556,19.666666666666668,31.933333333333334,966.6503333333333,SITE 5,EXT
2026-05-15 15:00:00,53.868833333333335,47.53966666666667,39.72083333333333,38.75925925925926,19.444444444444446,32.7,965.8476666666667,SITE 5,EXT
2026-05-15 16:00:00,56.16983333333334,49.691,41.37516666666667,38.90740740740741,19.444444444444446,32.5,964.939,SITE 5,EXT
2026-05-15 17:00:00,54.81616666666666,48.19533333333333,39.979,37.38888888888889,19.64814814814815,35.8,964.8596666666667,SITE 5,EXT
2026-05-15 18:00:00,56.17516666666667,52.52016666666667,45.43316666666667,34.68518518518519,18.944444444444446,39.766666666666666,965.7270000000001,SITE 5,EXT
2026-05-15 19:00:00,51.5075,46.86666666666667,40.274166666666666,33.25925925925926,19.055555555555557,43.36666666666667,966.88,SITE 5,EXT
2026-05-15 20:00:00,51.225500000000004,44.91766666666667,37.25683333333333,30.222222222222225,18.092592592592595,48.63333333333333,968.7763333333334,SITE 5,EXT
2026-05-15 21:00:00,61.852333333333334,56.16366666666667,44.925333333333334,30.240740740740744,17.944444444444446,48.2,969.4773333333334,SITE 5,EXT
2026-05-15 22:00:00,40.84433333333333,34.9875,30.838833333333334,29.722222222222225,17.38888888888889,47.7,970.1093333333333,SITE 5,EXT
2026-05-15 23:00:00,38.162166666666664,32.45333333333333,27.141000000000002,28.77777777777778,17.796296296296298,51.96666666666667,969.5406666666667,SITE 5,EXT
2026-05-16 00:00:00,39.02133333333334,33.31066666666667,28.344,29.240740740740744,18.703703703703702,53.36666666666667,969.0206666666667,SITE 5,EXT
2026-05-16 01:00:00,40.34645161290322,34.52322580645161,29.918225806451613,28.763440860215056,18.906810035842295,55.54838709677419,968.651935483871,SITE 5,EXT
2026-05-16 02:00:00,40.44216666666667,34.62616666666667,29.595166666666668,28.314814814814817,19.87037037037037,60.733333333333334,968.9003333333333,SITE 5,EXT
2026-05-16 03:00:00,48.94464285714286,46.53767857142857,44.12714285714286,24.107142857142858,19.047619047619047,74.35714285714286,970.6850000000001,SITE 5,EXT
2026-05-16 04:00:00,27.350833333333334,23.50133333333333,19.17233333333333,23.77777777777778,18.888888888888893,75.06666666666666,970.5156666666667,SITE 5,EXT
2026-05-16 05:00:00,35.28483333333334,30.943666666666665,27.828166666666668,24.64814814814815,19.055555555555557,71.86666666666666,970.8580000000001,SITE 5,EXT
2026-05-16 06:00:00,39.55870967741935,34.52225806451613,31.46451612903226,25.41218637992832,19.193548387096776,69.09677419354838,970.1864516129032,SITE 5,EXT
2026-05-16 07:00:00,40.248000000000005,34.687,29.499000000000002,25.425925925925927,19.166666666666668,69.46666666666667,969.2133333333334,SITE 5,EXT
2026-05-16 08:00:00,41.07483333333333,35.142500000000005,30.671333333333333,26.851851851851855,19.296296296296298,64.1,969.5103333333334,SITE 5,EXT
2026-05-16 09:00:00,38.32783333333334,33.20133333333333,26.967166666666667,28.222222222222225,19.962962962962965,61.36666666666667,970.1816666666667,SITE 5,EXT
2026-05-16 10:00:00,35.87733333333333,30.860500000000002,24.498833333333334,29.074074074074076,20.444444444444446,60.2,970.537,SITE 5,EXT
2026-05-16 11:00:00,37.11533333333333,31.997999999999998,25.980166666666666,30.666666666666668,21.14814814814815,57.3,970.6176666666667,SITE 5,EXT
2026-05-16 12:00:00,41.04783333333333,37.236999999999995,33.341166666666666,31.370370370370374,20.703703703703702,53.36666666666667,970.2146666666666,SITE 5,EXT
2026-05-16 13:00:00,35.724666666666664,30.4345,25.634,31.296296296296298,20.592592592592595,53.53333333333333,969.4580000000001,SITE 5,EXT
2026-05-16 14:00:00,32.7355,28.262333333333334,22.827833333333334,34.01851851851852,20.98148148148148,46.833333333333336,968.9346666666667,SITE 5,EXT
2026-05-16 15:00:00,32.597,28.22416666666667,22.217499999999998,34.14814814814815,20.666666666666668,45.833333333333336,968.221,SITE 5,EXT
2026-05-16 16:00:00,32.834666666666664,28.496166666666667,22.44816666666667,34.14814814814815,20.962962962962965,46.53333333333333,967.6526666666667,SITE 5,EXT
2026-05-16 17:00:00,39.58433333333333,34.066833333333335,28.318666666666665,32.833333333333336,20.962962962962965,50.166666666666664,968.0110000000001,SITE 5,EXT
2026-05-16 18:00:00,46.51532258064517,40.04354838709678,32.57838709677419,32.00716845878136,21.344086021505376,53.903225806451616,968.2654838709677,SITE 5,EXT
2026-05-16 19:00:00,55.00916666666667,47.480000000000004,37.25183333333334,31.129629629629633,21.61111111111111,57.166666666666664,968.825,SITE 5,EXT
2026-05-16 20:00:00,54.169,46.774166666666666,36.7495,31.111111111111118,21.574074074074076,57.4,969.5313333333332,SITE 5,EXT
2026-05-16 21:00:00,51.984,44.76733333333333,36.30383333333334,31.111111111111118,21.833333333333332,58.6,970.103,SITE 5,EXT
2026-05-16 22:00:00,47.35183333333334,40.79183333333333,32.98683333333334,31.148148148148152,21.64814814814815,57.4,970.4110000000001,SITE 5,EXT
2026-05-16 23:00:00,42.90716666666666,36.93716666666667,30.3345,30.796296296296298,21.77777777777778,58.96666666666667,970.5229999999999,SITE 5,EXT
2026-05-17 00:00:00,42.789833333333334,36.96366666666667,29.62066666666667,30.444444444444446,22.24074074074074,62.166666666666664,970.3313333333333,SITE 5,EXT
2026-05-17 01:00:00,42.603500000000004,36.970166666666664,29.519166666666667,30.092592592592595,22.592592592592595,64.96666666666667,970.101,SITE 5,EXT
2026-05-17 02:00:00,45.53783333333333,39.525,31.937833333333334,29.444444444444446,22.77777777777778,67.36666666666666,969.7416666666667,SITE 5,EXT
2026-05-17 03:00:00,46.29566666666666,40.33566666666666,33.315333333333335,29.90740740740741,22.740740740740744,66.2,969.5423333333333,SITE 5,EXT
2026-05-17 04:00:00,48.093833333333336,42.19266666666667,35.6815,29.833333333333332,22.61111111111111,65.83333333333333,969.608,SITE 5,EXT
2026-05-17 05:00:00,51.92966666666666,45.49433333333333,37.571333333333335,29.444444444444446,22.407407407407405,66.7,970.0526666666667,SITE 5,EXT
2026-05-17 06:00:00,49.85338709677419,43.269677419354835,35.62564516129032,29.157706093189965,22.293906810035843,67.0,970.5538709677419,SITE 5,EXT
2026-05-17 07:00:00,48.693666666666665,42.16766666666667,34.35366666666667,29.425925925925927,22.01851851851852,65.16666666666667,971.0896666666666,SITE 5,EXT
2026-05-17 08:00:00,48.164833333333334,41.73383333333334,34.13666666666666,30.35185185185185,21.925925925925927,61.13333333333333,971.542,SITE 5,EXT
2026-05-17 09:00:00,46.30166666666666,40.526500000000006,34.12683333333333,31.925925925925927,21.685185185185183,55.266666666666666,971.9693333333332,SITE 5,EXT
2026-05-17 10:00:00,41.709666666666664,36.255833333333335,29.47733333333333,34.38888888888889,21.85185185185185,48.6,971.819,SITE 5,EXT
2026-05-17 11:00:00,41.05383333333334,35.63816666666666,29.1375,37.111111111111114,21.88888888888889,41.733333333333334,971.421,SITE 5,EXT
2026-05-17 12:00:00,42.00366666666666,36.35816666666666,29.744833333333336,38.37037037037037,21.574074074074076,38.43333333333333,970.5026666666668,SITE 5,EXT
2026-05-17 13:00:00,39.875,34.437,28.695666666666668,38.68518518518519,21.48148148148148,37.333333333333336,969.5409999999999,SITE 5,EXT
2026-05-17 14:00:00,38.190000000000005,33.013333333333335,27.172,39.44444444444444,21.24074074074074,35.233333333333334,968.7636666666666,SITE 5,EXT
2026-05-17 15:00:00,42.29,36.71,30.55666666666667,39.44444444444444,20.944444444444446,34.63333333333333,967.8456666666666,SITE 5,EXT
2026-05-17 16:00:00,45.28916666666667,39.16766666666667,31.524166666666666,38.2962962962963,20.962962962962965,36.8,966.9953333333334,SITE 5,EXT
2026-05-17 17:00:00,41.84216666666667,36.243,29.298333333333336,37.851851851851855,21.01851851851852,38.03333333333333,966.756,SITE 5,EXT
2026-05-17 18:00:00,46.3285,39.974666666666664,32.48233333333334,36.46296296296296,21.85185185185185,43.1,967.1783333333333,SITE 5,EXT
2026-05-17 19:00:00,61.836290322580645,53.4908064516129,42.11677419354839,35.3405017921147,22.32974910394265,47.32258064516129,967.7293548387097,SITE 5,EXT
2026-05-17 20:00:00,52.524166666666666,44.85666666666667,36.34016666666666,33.75925925925926,21.185185185185183,48.333333333333336,968.8553333333333,SITE 5,EXT
2026-05-17 21:00:00,45.57733333333333,39.48316666666667,32.79216666666667,32.648148148148145,20.833333333333332,50.13333333333333,969.8803333333333,SITE 5,EXT
2026-05-17 22:00:00,46.06916666666667,40.035333333333334,34.332166666666666,32.166666666666664,20.61111111111111,51.13333333333333,970.132,SITE 5,EXT
2026-05-17 23:00:00,41.1545,35.317,30.400166666666667,31.333333333333336,20.240740740740744,52.266666666666666,970.1593333333333,SITE 5,EXT
2026-05-18 00:00:00,37.982499999999995,32.616,27.109166666666667,29.77777777777778,20.14814814814815,56.733333333333334,969.598,SITE 5,EXT
2026-05-18 01:00:00,38.535999999999994,33.300333333333334,26.665333333333333,29.425925925925927,20.75925925925926,60.6,968.9593333333333,SITE 5,EXT
2026-05-18 02:00:00,44.76172413793103,38.88637931034482,32.40862068965517,28.79310344827586,21.97318007662835,67.3103448275862,970.6879310344827,SITE 5,EXT
2026-05-18 03:00:00,40.176,34.95316666666667,31.2125,25.98148148148148,20.11111111111111,70.8,970.717,SITE 5,EXT
2026-05-18 04:00:00,39.1775,34.5035,31.4595,25.166666666666668,19.240740740740744,70.4,969.4116666666666,SITE 5,EXT
2026-05-18 05:00:00,37.79416666666667,32.39,27.924,26.037037037037035,19.388888888888893,67.6,970.513,SITE 5,EXT
2026-05-18 06:00:00,39.472419354838706,34.125,29.45483870967742,26.075268817204304,19.946236559139788,69.7741935483871,970.3193548387097,SITE 5,EXT
2026-05-18 07:00:00,40.56166666666666,35.63133333333334,31.57633333333333,26.074074074074076,20.037037037037035,70.13333333333334,972.5223333333332,SITE 5,EXT
2026-05-18 08:00:00,39.98416666666667,34.33083333333333,29.267999999999997,26.40740740740741,20.222222222222225,68.93333333333334,975.0593333333333,SITE 5,EXT
2026-05-18 09:00:00,36.667500000000004,31.547833333333337,27.226,26.12962962962963,19.85185185185185,68.83333333333333,975.7573333333333,SITE 5,EXT
2026-05-18 10:00:00,53.501666666666665,47.20216666666667,37.577666666666666,26.537037037037035,19.944444444444446,67.8,975.1273333333334,SITE 5,EXT
2026-05-18 11:00:00,54.47616666666667,48.214000000000006,39.708333333333336,26.98148148148148,20.240740740740744,67.16666666666667,973.5476666666667,SITE 5,EXT
2026-05-18 12:00:00,34.9295,29.887666666666668,24.3665,28.870370370370374,20.12962962962963,59.833333333333336,971.2776666666667,SITE 5,EXT
2026-05-18 13:00:00,30.174333333333333,26.026166666666665,20.64783333333333,30.90740740740741,19.944444444444446,52.333333333333336,970.0579999999999,SITE 5,EXT
2026-05-18 14:00:00,48.05883333333333,41.974333333333334,33.18533333333333,32.51851851851852,19.444444444444446,46.3,968.8349999999999,SITE 5,EXT
2026-05-18 15:00:00,63.684999999999995,57.159,41.70333333333333,33.55555555555556,19.962962962962965,45.233333333333334,967.9103333333334,SITE 5,EXT
2026-05-18 16:00:00,47.6155,41.9985,30.952166666666667,33.81481481481482,20.425925925925927,45.9,967.5446666666667,SITE 5,EXT
2026-05-18 17:00:00,60.29483333333334,54.056666666666665,41.07816666666667,32.592592592592595,21.055555555555554,50.96666666666667,967.6983333333334,SITE 5,EXT
2026-05-18 18:00:00,59.21133333333333,54.645833333333336,46.028,31.574074074074076,21.537037037037035,55.8,968.3843333333333,SITE 5,EXT
2026-05-18 19:00:00,66.01983333333334,59.29116666666666,46.78783333333333,31.074074074074076,22.203703703703702,60.0,969.3966666666668,SITE 5,EXT
2026-05-18 20:00:00,64.30112903225806,57.13629032258065,44.971774193548384,30.66308243727599,22.22222222222222,61.41935483870968,970.656129032258,SITE 5,EXT
2026-05-18 21:00:00,61.015166666666666,53.292,41.819833333333335,30.27777777777778,22.296296296296298,63.13333333333333,971.018,SITE 5,EXT
2026-05-18 22:00:00,52.4445,45.008500000000005,36.195166666666665,29.98148148148148,22.75925925925926,65.53333333333333,971.55,SITE 5,EXT
2026-05-18 23:00:00,42.35850000000001,36.67483333333333,28.702333333333332,29.814814814814817,22.203703703703702,64.6,971.5856666666666,SITE 5,EXT
2026-05-19 00:00:00,35.475833333333334,30.613666666666667,24.4745,29.092592592592595,21.814814814814817,65.43333333333334,970.8430000000001,SITE 5,EXT
2026-05-19 01:00:00,33.548,28.8625,23.5475,28.296296296296298,21.296296296296298,66.7,970.4313333333333,SITE 5,EXT
2026-05-19 02:00:00,32.574333333333335,28.032666666666668,22.788166666666665,27.77777777777778,21.11111111111111,68.2,969.8256666666667,SITE 5,EXT
2026-05-19 03:00:00,38.20766666666667,33.95166666666667,29.8635,27.518518518518523,21.425925925925927,69.83333333333333,969.4536666666667,SITE 5,EXT
2026-05-19 04:00:00,41.69766666666667,38.114333333333335,34.766666666666666,27.222222222222225,21.11111111111111,69.86666666666666,969.2046666666666,SITE 5,EXT
2026-05-19 05:00:00,40.03816666666667,34.719166666666666,30.199,27.222222222222225,21.074074074074073,69.53333333333333,969.3366666666666,SITE 5,EXT
2026-05-19 06:00:00,37.36233333333333,32.05716666666667,27.119833333333336,27.27777777777778,20.27777777777778,66.53333333333333,969.8303333333333,SITE 5,EXT
2026-05-19 07:00:00,38.914833333333334,33.4165,28.845166666666668,27.944444444444446,20.444444444444446,64.2,970.6903333333333,SITE 5,EXT
2026-05-19 08:00:00,34.84666666666667,30.165666666666667,24.190166666666666,29.185185185185183,20.333333333333332,59.4,971.2669999999999,SITE 5,EXT
2026-05-19 09:00:00,33.00387096774194,28.668870967741935,22.64516129032258,30.448028673835125,20.358422939068102,55.354838709677416,971.5432258064516,SITE 5,EXT
2026-05-19 10:00:00,35.09583333333333,30.478,24.951833333333337,31.722222222222225,20.01851851851852,50.5,971.7226666666667,SITE 5,EXT
2026-05-19 11:00:00,30.87316666666667,26.9745,21.725666666666665,34.092592592592595,20.5,45.46666666666667,971.298,SITE 5,EXT
2026-05-19 12:00:00,30.78983333333333,26.801499999999997,21.322333333333333,35.72222222222222,20.574074074074076,41.666666666666664,970.8493333333333,SITE 5,EXT
2026-05-19 13:00:00,32.69833333333334,28.469333333333335,22.59466666666667,36.333333333333336,20.703703703703702,40.4,970.0016666666667,SITE 5,EXT
2026-05-19 14:00:00,31.060333333333332,27.132166666666667,21.38566666666667,36.87037037037037,21.037037037037035,40.0,969.222,SITE 5,EXT
2026-05-19 15:00:00,32.333,28.262833333333333,22.25183333333333,36.370370370370374,21.12962962962963,41.5,968.573,SITE 5,EXT
2026-05-19 16:00:00,31.918166666666664,27.896333333333335,21.895166666666668,35.98148148148149,20.685185185185183,41.3,968.1393333333333,SITE 5,EXT
2026-05-19 17:00:00,33.495599999999996,29.176199999999998,22.882399999999997,34.77777777777778,20.822222222222223,44.4,968.0396,SITE 5,EXT
2026-05-19 18:00:00,36.534827586206895,31.78844827586207,25.275344827586206,32.8544061302682,21.168582375478927,50.86206896551724,968.4413793103448,SITE 5,EXT
2026-05-19 19:00:00,45.236,39.2615,32.415,32.2962962962963,21.185185185185183,52.43333333333333,969.2366666666666,SITE 5,EXT
2026-05-19 20:00:00,58.23193548387097,51.16048387096774,41.78645161290323,32.32974910394265,21.594982078853047,53.45161290322581,969.8064516129032,SITE 5,EXT
2026-05-19 21:00:00,60.8375,56.6215,47.8895,31.685185185185183,21.166666666666668,54.36666666666667,970.3166666666667,SITE 5,EXT
2026-05-19 22:00:00,56.67016666666667,50.27333333333333,41.170833333333334,31.48148148148148,21.074074074074073,54.666666666666664,970.764,SITE 5,EXT
2026-05-19 23:00:00,59.47616666666667,51.751666666666665,41.45316666666667,30.888888888888893,21.574074074074076,58.233333333333334,970.7080000000001,SITE 5,EXT
2026-05-20 00:00:00,54.70516666666666,47.3955,38.3715,30.388888888888893,21.77777777777778,60.833333333333336,970.175,SITE 5,EXT
2026-05-20 01:00:00,47.5895,40.95516666666666,32.219166666666666,29.740740740740744,21.40740740740741,62.0,969.4953333333334,SITE 5,EXT
2026-05-20 02:00:00,44.02283333333333,38.51383333333333,30.102666666666668,29.388888888888893,21.462962962962965,62.766666666666666,968.847,SITE 5,EXT
2026-05-20 03:00:00,44.41816666666667,38.735,30.563,28.796296296296298,21.444444444444446,64.93333333333334,968.5886666666667,SITE 5,EXT
2026-05-20 04:00:00,44.0695,38.40266666666666,30.422,28.62962962962963,21.24074074074074,64.73333333333333,968.6596666666667,SITE 5,EXT
2026-05-20 05:00:00,47.03616666666667,40.60366666666666,32.507666666666665,28.333333333333336,21.12962962962963,66.23333333333333,968.9976666666666,SITE 5,EXT
2026-05-20 06:00:00,47.41383333333333,41.216499999999996,33.3275,28.31481481481482,21.14814814814815,66.13333333333334,969.777,SITE 5,EXT
2026-05-20 07:00:00,53.734833333333334,46.2245,37.232499999999995,28.14814814814815,21.333333333333332,67.1,970.5646666666667,SITE 5,EXT
2026-05-20 08:00:00,49.71233333333334,42.809999999999995,33.509166666666665,29.537037037037035,21.703703703703702,63.266666666666666,970.8856666666667,SITE 5,EXT
2026-05-20 09:00:00,47.46725806451613,41.170967741935485,31.75693548387097,31.200716845878137,21.899641577060933,58.32258064516129,971.1932258064517,SITE 5,EXT
2026-05-20 10:00:00,47.20233333333333,41.357499999999995,33.391333333333336,33.111111111111114,21.666666666666668,51.5,970.929,SITE 5,EXT
2026-05-20 11:00:00,35.307,30.7745,24.135166666666667,35.666666666666664,21.40740740740741,43.9,970.836,SITE 5,EXT
2026-05-20 12:00:00,34.318,29.988333333333333,23.243666666666666,37.51851851851852,21.11111111111111,38.833333333333336,970.2463333333333,SITE 5,EXT
2026-05-20 13:00:00,34.74283333333334,30.254,23.306833333333334,38.37037037037037,20.925925925925927,36.833333333333336,969.2163333333334,SITE 5,EXT
2026-05-20 14:00:00,36.63616666666667,31.759,24.666166666666665,38.74074074074075,20.64814814814815,35.46666666666667,968.6216666666667,SITE 5,EXT
2026-05-20 15:00:00,38.03666666666667,32.979166666666664,25.438166666666667,38.5,20.61111111111111,35.7,968.0139999999999,SITE 5,EXT
2026-05-20 16:00:00,37.21366666666667,32.22966666666667,25.163999999999998,38.07407407407407,20.055555555555557,35.4,967.935,SITE 5,EXT
2026-05-20 17:00:00,51.04716666666666,43.779333333333334,33.89983333333333,34.74074074074075,21.48148148148148,46.766666666666666,968.414,SITE 5,EXT
2026-05-20 18:00:00,54.72633333333333,46.43833333333334,36.526666666666664,33.18518518518519,22.092592592592595,52.6,968.855,SITE 5,EXT
2026-05-20 19:00:00,55.32783333333334,46.93216666666667,36.82233333333333,32.72222222222222,22.037037037037035,53.93333333333333,969.1783333333333,SITE 5,EXT
2026-05-20 20:00:00,44.73583333333333,38.62516666666667,30.437666666666665,31.62962962962963,21.203703703703702,54.4,969.7533333333333,SITE 5,EXT
2026-05-20 21:00:00,46.089666666666666,39.87716666666667,31.816666666666666,31.092592592592595,21.5,56.93333333333333,970.3226666666667,SITE 5,EXT
2026-05-20 22:00:00,59.75,52.55774193548387,39.29145161290323,30.806451612903228,21.52329749103943,58.41935483870968,970.9787096774194,SITE 5,EXT
2026-05-20 23:00:00,50.426833333333335,43.620999999999995,35.24933333333333,30.53703703703704,21.64814814814815,59.93333333333333,970.8736666666666,SITE 5,EXT
2026-05-21 00:00:00,40.893166666666666,35.676,28.096999999999998,30.055555555555554,21.62962962962963,60.9,970.471,SITE 5,EXT
2026-05-21 01:00:00,42.05383333333334,36.70333333333333,28.913999999999998,29.90740740740741,21.722222222222225,62.13333333333333,969.7393333333333,SITE 5,EXT
2026-05-21 02:00:00,40.7595,35.39933333333333,28.291833333333333,29.01851851851852,21.685185185185183,65.56666666666666,969.0696666666666,SITE 5,EXT
2026-05-21 03:00:00,41.45,36.06766666666667,28.722166666666666,28.518518518518523,21.87037037037037,67.73333333333333,968.8050000000001,SITE 5,EXT
2026-05-21 04:00:00,42.644,37.15333333333333,29.569833333333335,28.31481481481482,22.185185185185183,69.23333333333333,969.3246666666668,SITE 5,EXT
2026-05-21 05:00:00,48.40383333333333,42.475166666666674,34.20766666666667,28.11111111111111,21.814814814814817,69.46666666666667,969.9253333333332,SITE 5,EXT
2026-05-21 06:00:00,54.71166666666667,48.772666666666666,40.12,27.555555555555557,21.925925925925927,71.46666666666667,970.7146666666666,SITE 5,EXT
2026-05-21 07:00:00,45.89516666666667,40.319833333333335,32.87866666666667,28.222222222222225,21.75925925925926,68.5,971.4590000000001,SITE 5,EXT
2026-05-21 08:00:00,45.78933333333334,39.69116666666667,30.81833333333333,29.314814814814817,21.61111111111111,64.0,972.4573333333334,SITE 5,EXT
2026-05-21 09:00:00,44.598,38.78033333333334,30.546166666666668,30.35185185185185,22.074074074074073,61.9,972.982,SITE 5,EXT
2026-05-21 10:00:00,37.998666666666665,32.91166666666667,26.1035,31.074074074074076,21.37037037037037,57.06666666666667,972.9516666666666,SITE 5,EXT
2026-05-21 11:00:00,41.329193548387096,35.88387096774194,27.870806451612903,33.10035842293907,21.487455197132615,51.225806451612904,972.0232258064517,SITE 5,EXT
2026-05-21 12:00:00,35.8625,31.042166666666667,24.015,34.92592592592593,21.203703703703702,45.13333333333333,970.9746666666667,SITE 5,EXT
2026-05-21 13:00:00,35.116499999999995,30.606333333333335,23.734333333333332,35.851851851851855,21.092592592592595,42.733333333333334,969.6393333333333,SITE 5,EXT
2026-05-21 14:00:00,31.743448275862068,27.72103448275862,21.81206896551724,35.97701149425288,20.881226053639846,41.89655172413793,968.3203448275863,SITE 5,EXT
2026-05-21 15:00:00,31.8875,27.821833333333334,21.549833333333332,35.92592592592593,20.592592592592595,41.266666666666666,967.5110000000001,SITE 5,EXT
2026-05-21 16:00:00,37.73266666666667,33.269666666666666,25.0655,35.62962962962963,20.814814814814817,42.3,967.8919999999999,SITE 5,EXT
2026-05-21 17:00:00,36.52583333333334,31.847166666666666,24.017333333333333,35.05555555555556,20.12962962962963,42.0,968.1193333333334,SITE 5,EXT
2026-05-21 18:00:00,39.21266666666667,34.217333333333336,25.828833333333332,33.851851851851855,20.388888888888893,45.6,968.5606666666666,SITE 5,EXT
2026-05-21 19:00:00,47.98416666666667,41.1115,32.0545,33.2962962962963,20.518518518518523,47.266666666666666,968.487,SITE 5,EXT
2026-05-21 20:00:00,53.559333333333335,46.38583333333334,36.85166666666667,33.092592592592595,21.01851851851852,49.46666666666667,969.0246666666666,SITE 5,EXT
2026-05-21 21:00:00,61.72633333333333,54.161833333333334,43.251666666666665,32.648148148148145,21.51851851851852,52.3,969.5993333333333,SITE 5,EXT
2026-05-21 22:00:00,48.24966666666667,42.16616666666666,33.730666666666664,31.40740740740741,21.314814814814817,55.766666666666666,970.2313333333333,SITE 5,EXT
2026-05-21 23:00:00,48.38933333333333,41.779333333333334,33.88316666666667,30.90740740740741,21.62962962962963,57.93333333333333,970.3073333333334,SITE 5,EXT
2026-05-22 00:00:00,50.06616666666666,43.57783333333334,34.89233333333333,30.40740740740741,21.796296296296298,60.53333333333333,970.072,SITE 5,EXT
2026-05-22 01:00:00,45.281,39.473499999999994,31.727333333333334,29.48148148148148,21.666666666666668,63.06666666666667,970.0263333333334,SITE 5,EXT
2026-05-22 02:00:00,44.55233333333333,38.82683333333333,31.317999999999998,29.370370370370374,21.61111111111111,63.733333333333334,970.0496666666667,SITE 5,EXT
2026-05-22 03:00:00,43.994354838709675,38.339354838709674,30.81048387096774,29.157706093189965,21.415770609318997,64.06451612903226,970.3729032258065,SITE 5,EXT
2026-05-22 04:00:00,48.702,42.54683333333333,34.3165,28.53703703703704,21.48148148148148,66.16666666666667,970.7693333333333,SITE 5,EXT
2026-05-22 05:00:00,41.06633333333333,35.6885,28.873333333333335,27.833333333333332,21.166666666666668,67.03333333333333,971.039,SITE 5,EXT
2026-05-22 06:00:00,38.46566666666667,33.47983333333333,26.872166666666665,27.703703703703702,20.740740740740744,66.56666666666666,971.501,SITE 5,EXT
2026-05-22 07:00:00,37.69116666666666,32.713166666666666,26.449666666666666,28.092592592592595,20.685185185185183,64.8,971.7246666666667,SITE 5,EXT
2026-05-22 08:00:00,38.0765,32.9625,27.05616666666667,29.25925925925926,20.796296296296298,60.96666666666667,971.9259999999999,SITE 5,EXT
2026-05-22 09:00:00,36.091166666666666,31.3075,24.965666666666667,30.90740740740741,21.166666666666668,56.63333333333333,972.0113333333334,SITE 5,EXT
2026-05-22 10:00:00,35.9305,31.295333333333335,26.057666666666666,33.22222222222222,21.27777777777778,50.1,971.8833333333333,SITE 5,EXT
2026-05-22 11:00:00,33.64533333333333,29.286333333333335,23.564333333333334,36.14814814814815,21.5,43.06666666666667,971.4060000000001,SITE 5,EXT
2026-05-22 12:00:00,31.202166666666667,27.173000000000002,21.432666666666666,37.44444444444445,20.814814814814817,38.333333333333336,970.2143333333333,SITE 5,EXT
2026-05-22 13:00:00,33.184666666666665,29.006666666666668,22.8485,37.833333333333336,20.88888888888889,37.733333333333334,969.0923333333334,SITE 5,EXT
2026-05-22 14:00:00,33.660833333333336,29.247166666666665,23.001666666666665,37.777777777777786,20.722222222222225,37.53333333333333,968.35,SITE 5,EXT
2026-05-22 15:00:00,32.23833333333333,28.085500000000003,22.1445,38.18518518518519,20.53703703703704,36.266666666666666,967.7596666666667,SITE 5,EXT
2026-05-22 16:00:00,33.67,29.40016129032258,22.95467741935484,37.61648745519713,20.43010752688172,37.064516129032256,967.2858064516129,SITE 5,EXT
2026-05-22 17:00:00,38.04883333333333,32.993833333333335,25.547166666666666,36.037037037037045,20.333333333333332,40.1,967.598,SITE 5,EXT
2026-05-22 18:00:00,49.513,43.777,33.54783333333333,35.01851851851852,20.537037037037035,43.166666666666664,968.347,SITE 5,EXT
2026-05-22 19:00:00,63.523,56.59766666666667,44.1685,34.53703703703704,20.796296296296298,45.03333333333333,969.107,SITE 5,EXT
2026-05-22 20:00:00,49.019666666666666,41.6065,32.3745,34.01851851851852,20.962962962962965,46.86666666666667,969.7153333333333,SITE 5,EXT
2026-05-22 21:00:00,44.9885,38.94716666666667,31.6425,32.57407407407407,21.185185185185183,51.733333333333334,969.8113333333333,SITE 5,EXT
2026-05-22 22:00:00,40.4345,34.9505,28.42983333333333,31.944444444444446,21.296296296296298,53.666666666666664,970.1753333333332,SITE 5,EXT
2026-05-22 23:00:00,44.2165,39.1265,34.705333333333336,31.814814814814817,21.27777777777778,54.6,970.1336666666666,SITE 5,EXT
2026-05-23 00:00:00,46.70603448275862,43.32086206896552,38.97327586206896,31.590038314176248,21.26436781609195,55.172413793103445,969.8172413793104,SITE 5,EXT
2026-05-23 01:00:00,38.44403225806452,33.252096774193554,26.644516129032258,30.394265232974913,21.236559139784948,58.45161290322581,969.3212903225806,SITE 5,EXT
2026-05-23 02:00:00,38.26016666666667,33.284166666666664,27.037333333333333,29.90740740740741,21.37037037037037,60.7,968.8833333333333,SITE 5,EXT
2026-05-23 03:00:00,34.71233333333334,30.182166666666667,23.908666666666665,29.370370370370374,21.666666666666668,63.7,967.9643333333333,SITE 5,EXT
2026-05-23 04:00:00,35.310500000000005,30.73616666666667,24.271,28.5,21.333333333333332,66.0,968.2193333333332,SITE 5,EXT
2026-05-23 05:00:00,37.92466666666667,32.784166666666664,26.0655,27.925925925925927,21.25925925925926,68.06666666666666,968.9183333333333,SITE 5,EXT
2026-05-23 06:00:00,40.45516666666666,34.93216666666667,28.257333333333335,27.685185185185183,21.27777777777778,68.86666666666666,970.1756666666666,SITE 5,EXT
2026-05-23 07:00:00,37.699999999999996,32.96931034482758,28.58879310344828,25.90038314176245,19.6360153256705,69.10344827586206,971.9113793103448,SITE 5,EXT
2026-05-23 08:00:00,38.14149999999999,32.936166666666665,27.200833333333332,26.314814814814817,19.64814814814815,67.3,971.3116666666666,SITE 5,EXT
2026-05-23 09:00:00,39.507,33.66566666666667,27.238,25.833333333333332,19.351851851851855,68.4,971.5849999999999,SITE 5,EXT
2026-05-23 10:00:00,35.18483333333334,30.156333333333336,24.825666666666667,27.12962962962963,19.64814814814815,64.23333333333333,971.2806666666668,SITE 5,EXT
2026-05-23 11:00:00,37.009354838709676,32.005806451612905,25.890806451612903,31.34408602150538,20.28673835125448,52.25806451612903,970.9996774193548,SITE 5,EXT
2026-05-23 12:00:00,31.072,26.5275,22.063499999999998,32.72222222222222,20.740740740740744,49.7,970.4003333333333,SITE 5,EXT
2026-05-23 13:00:00,31.747166666666665,27.171666666666667,23.090833333333332,32.333333333333336,21.092592592592595,52.0,969.8223333333333,SITE 5,EXT
2026-05-23 14:00:00,28.217333333333332,24.307666666666666,19.700833333333332,33.40740740740741,21.35185185185185,49.63333333333333,969.173,SITE 5,EXT
2026-05-23 15:00:00,25.641666666666666,22.28083333333333,17.892166666666665,34.55555555555556,21.185185185185183,46.266666666666666,968.716,SITE 5,EXT
2026-05-23 16:00:00,27.125172413793102,23.520000000000003,18.722586206896555,33.9080459770115,21.302681992337167,48.03448275862069,968.1696551724139,SITE 5,EXT
2026-05-23 17:00:00,31.258166666666668,26.9,22.716166666666666,32.62962962962963,21.685185185185183,52.766666666666666,968.0633333333334,SITE 5,EXT
2026-05-23 18:00:00,41.57,37.393166666666666,33.956,30.814814814814817,21.907407407407405,59.46666666666667,968.559,SITE 5,EXT
2026-05-23 19:00:00,45.09016666666666,38.94683333333333,31.295833333333334,30.462962962962965,21.925925925925927,60.93333333333333,969.3943333333334,SITE 5,EXT
2026-05-23 20:00:00,44.6865,38.73116666666667,31.394333333333336,30.27777777777778,21.944444444444446,61.53333333333333,969.7646666666666,SITE 5,EXT
2026-05-23 21:00:00,53.18316666666667,47.23266666666667,37.14333333333333,29.796296296296298,21.814814814814817,62.56666666666667,970.0356666666667,SITE 5,EXT
2026-05-23 22:00:00,47.3115,40.9745,32.877833333333335,29.962962962962965,21.740740740740744,62.2,970.375,SITE 5,EXT
2026-05-23 23:00:00,42.227333333333334,36.711999999999996,29.255166666666664,29.75925925925926,21.666666666666668,62.56666666666667,970.7126666666667,SITE 5,EXT
2026-05-24 00:00:00,37.71516666666666,32.8555,25.851499999999998,29.574074074074076,21.555555555555557,63.0,970.394,SITE 5,EXT
2026-05-24 01:00:00,36.222166666666666,31.437666666666665,25.116,28.944444444444446,21.5,64.76666666666667,969.751,SITE 5,EXT
2026-05-24 02:00:00,34.39935483870968,30.01467741935484,23.505967741935482,29.444444444444446,21.164874551971327,62.096774193548384,969.2687096774195,SITE 5,EXT
2026-05-24 03:00:00,35.462833333333336,30.832666666666668,24.575666666666667,28.98148148148148,21.537037037037035,64.73333333333333,969.2586666666667,SITE 5,EXT
2026-05-24 04:00:00,39.5105,34.27383333333333,28.021,28.333333333333336,21.25925925925926,66.36666666666666,969.6873333333333,SITE 5,EXT
2026-05-24 05:00:00,47.11966666666667,40.649,32.64083333333333,28.574074074074076,21.685185185185183,67.36666666666666,970.0319999999999,SITE 5,EXT
2026-05-24 06:00:00,46.159666666666666,39.8525,31.131166666666665,28.740740740740744,22.074074074074073,67.7,970.5616666666666,SITE 5,EXT
2026-05-24 07:00:00,42.400999999999996,36.891333333333336,29.134999999999998,29.25925925925926,21.722222222222225,64.16666666666667,971.3963333333334,SITE 5,EXT
2026-05-24 08:00:00,42.20399999999999,36.63933333333333,29.085166666666666,29.092592592592595,21.314814814814817,63.666666666666664,972.1686666666667,SITE 5,EXT
2026-05-24 09:00:00,39.45884615384615,34.44230769230769,26.957692307692305,29.572649572649574,21.367521367521366,62.0,972.3446153846154,SITE 5,EXT
2026-05-24 17:00:00,39.085277777777776,34.04027777777778,27.195555555555554,33.67283950617284,21.296296296296294,48.888888888888886,967.9516666666667,SITE 5,EXT
2026-05-24 18:00:00,47.811166666666665,41.19433333333333,32.335499999999996,33.370370370370374,21.0,48.9,968.476,SITE 5,EXT
2026-05-24 19:00:00,43.55833333333333,38.03366666666667,29.740000000000002,31.388888888888893,20.796296296296298,53.93333333333333,969.9076666666666,SITE 5,EXT
2026-05-24 20:00:00,35.21083333333333,30.652833333333334,23.932666666666666,29.740740740740744,21.296296296296298,60.96666666666667,970.5683333333333,SITE 5,EXT
2026-05-24 21:00:00,33.368,28.976499999999998,22.44433333333333,29.27777777777778,20.944444444444446,61.4,970.879,SITE 5,EXT
2026-05-24 22:00:00,31.700833333333332,27.707333333333334,21.8825,28.425925925925927,20.240740740740744,61.9,971.3456666666666,SITE 5,EXT
2026-05-24 23:00:00,27.6375,24.004,19.057666666666666,28.074074074074076,20.222222222222225,63.13333333333333,971.136,SITE 5,EXT
2026-05-25 00:00:00,28.761166666666668,24.9375,19.680833333333332,27.962962962962965,20.703703703703702,65.4,971.0886666666667,SITE 5,EXT
2026-05-25 01:00:00,31.125,26.944833333333335,21.3345,28.31481481481482,21.14814814814815,65.73333333333333,970.8363333333333,SITE 5,EXT
2026-05-25 02:00:00,33.717333333333336,29.0075,23.355833333333333,28.03703703703704,21.074074074074073,66.6,970.2546666666666,SITE 5,EXT
2026-05-25 03:00:00,34.46366666666667,29.71966666666667,23.970166666666668,28.370370370370374,21.11111111111111,65.63333333333334,969.8979999999999,SITE 5,EXT
2026-05-25 04:00:00,35.919999999999995,31.098000000000003,25.048833333333334,28.425925925925927,21.203703703703702,65.3,970.1513333333334,SITE 5,EXT
2026-05-25 05:00:00,34.9625,30.375833333333333,24.229499999999998,28.40740740740741,21.01851851851852,65.06666666666666,970.8356666666666,SITE 5,EXT
2026-05-25 06:00:00,40.019,35.76016666666667,31.012166666666666,27.518518518518523,20.796296296296298,67.4,971.2593333333333,SITE 5,EXT
2026-05-25 07:00:00,36.79383333333333,31.930833333333332,25.580499999999997,28.166666666666668,20.833333333333332,65.23333333333333,972.4046666666667,SITE 5,EXT
2026-05-25 08:00:00,41.891333333333336,37.383,33.10166666666667,26.35185185185185,20.25925925925926,70.0,975.2103333333333,SITE 5,EXT
2026-05-25 09:00:00,33.472833333333334,28.26033333333333,24.023500000000002,25.296296296296298,20.037037037037035,73.5,975.6896666666667,SITE 5,EXT
2026-05-25 10:00:00,31.794,27.40583333333333,21.622333333333334,26.314814814814817,20.388888888888893,70.73333333333333,974.8406666666667,SITE 5,EXT
2026-05-25 11:00:00,34.32583333333333,29.371166666666667,23.775666666666666,27.61111111111111,21.055555555555554,68.4,973.671,SITE 5,EXT
2026-05-25 12:00:00,29.229833333333332,25.371,20.282,29.48148148148148,21.14814814814815,61.36666666666667,972.4453333333333,SITE 5,EXT
2026-05-25 13:00:00,29.970666666666666,25.884333333333334,20.120833333333334,31.092592592592595,21.092592592592595,55.766666666666666,971.4006666666667,SITE 5,EXT
2026-05-25 14:00:00,33.398709677419355,28.975967741935484,24.788870967741936,31.881720430107528,21.254480286738353,53.935483870967744,970.3764516129032,SITE 5,EXT
2026-05-25 15:00:00,35.93083333333333,31.483666666666668,27.586833333333335,31.685185185185183,21.074074074074076,53.93333333333333,969.662,SITE 5,EXT
2026-05-25 16:00:00,28.988666666666667,24.743499999999997,19.1605,33.27777777777778,21.40740740740741,50.03333333333333,969.5466666666667,SITE 5,EXT
2026-05-25 17:00:00,32.50966666666667,27.608999999999998,21.769166666666667,32.48148148148148,21.01851851851852,51.3,969.6993333333334,SITE 5,EXT
2026-05-25 18:00:00,41.75216666666667,35.5525,27.575833333333332,31.185185185185187,20.555555555555557,53.666666666666664,970.173,SITE 5,EXT
2026-05-25 19:00:00,65.461,57.645833333333336,44.57816666666667,30.62962962962963,21.0,56.86666666666667,970.8233333333334,SITE 5,EXT
2026-05-25 20:00:00,70.452,63.115,48.357166666666664,30.222222222222225,21.24074074074074,59.3,971.5616666666666,SITE 5,EXT
2026-05-25 21:00:00,68.7015,61.059333333333335,46.744,29.88888888888889,21.537037037037035,61.53333333333333,972.3913333333334,SITE 5,EXT
2026-05-25 22:00:00,50.49883333333333,43.29083333333333,33.14966666666667,29.462962962962965,21.703703703703702,63.3,972.7916666666666,SITE 5,EXT
2026-05-25 23:00:00,34.92216666666666,30.094833333333334,23.104666666666667,28.88888888888889,21.666666666666668,65.5,972.5116666666667,SITE 5,EXT
2026-05-26 00:00:00,29.9325,25.742,19.894166666666667,28.88888888888889,21.166666666666668,63.86666666666667,972.276,SITE 5,EXT
2026-05-26 01:00:00,29.354499999999998,25.182666666666666,19.561333333333334,28.77777777777778,21.185185185185183,64.43333333333334,971.9256666666666,SITE 5,EXT
2026-05-26 02:00:00,28.338064516129034,24.216451612903228,18.65241935483871,28.584229390681006,20.806451612903224,63.25806451612903,971.6509677419355,SITE 5,EXT
2026-05-26 03:00:00,28.921833333333332,24.816666666666666,19.014166666666664,28.333333333333336,20.555555555555557,63.3,971.5383333333334,SITE 5,EXT
2026-05-26 04:00:00,31.85666666666667,27.12066666666667,21.441,28.31481481481482,20.87037037037037,64.86666666666666,971.6386666666666,SITE 5,EXT
2026-05-26 05:00:00,34.936,29.87366666666667,23.632166666666667,28.31481481481482,21.27777777777778,66.43333333333334,971.9576666666667,SITE 5,EXT
2026-05-26 06:00:00,48.07383333333333,41.393,33.3005,28.166666666666668,21.5,67.36666666666666,972.378,SITE 5,EXT
2026-05-26 07:00:00,42.73516666666667,36.797333333333334,28.436833333333333,28.833333333333332,21.35185185185185,64.66666666666667,972.652,SITE 5,EXT
2026-05-26 08:00:00,34.944833333333335,30.1265,23.17366666666667,29.425925925925927,21.0,61.2,973.0873333333333,SITE 5,EXT
2026-05-26 09:00:00,37.066,31.971333333333334,24.873833333333334,29.12962962962963,21.5,64.26666666666667,973.1386666666666,SITE 5,EXT
2026-05-26 10:00:00,37.260666666666665,32.654333333333334,26.138333333333332,31.722222222222225,21.962962962962965,56.86666666666667,973.039,SITE 5,EXT
2026-05-26 11:00:00,30.712666666666667,26.705,20.66283333333333,34.01851851851852,21.87037037037037,49.53333333333333,973.0246666666667,SITE 5,EXT
2026-05-26 12:00:00,35.949666666666666,31.12933333333333,24.50883333333333,29.518518518518523,21.166666666666668,62.1,972.6946666666666,SITE 5,EXT
2026-05-26 13:00:00,33.61383333333333,29.12066666666667,22.610333333333333,30.5,21.703703703703702,60.233333333333334,971.6413333333334,SITE 5,EXT
2026-05-26 14:00:00,26.804193548387094,23.20387096774194,18.429354838709674,34.157706093189965,21.093189964157705,46.87096774193548,970.3648387096774,SITE 5,EXT
2026-05-26 15:00:00,28.656166666666667,24.830166666666667,19.528333333333332,34.68518518518519,21.01851851851852,45.3,969.4276666666667,SITE 5,EXT
2026-05-26 16:00:00,28.840666666666667,24.899166666666666,19.518166666666666,34.98148148148148,20.5,43.3,968.75,SITE 5,EXT
2026-05-26 17:00:00,35.61633333333334,30.929166666666667,23.93933333333333,33.72222222222222,20.703703703703702,46.9,969.2306666666666,SITE 5,EXT
2026-05-26 18:00:00,61.347,53.54266666666667,42.034666666666666,32.53703703703704,21.166666666666668,51.7,970.1139999999999,SITE 5,EXT
2026-05-26 19:00:00,115.8685,110.70766666666667,85.628,32.01851851851852,21.88888888888889,55.56666666666667,971.073,SITE 5,EXT
2026-05-26 20:00:00,186.2976666666667,178.52216666666666,115.99933333333334,31.944444444444446,21.203703703703702,53.6,971.8326666666667,SITE 5,EXT
2026-05-26 21:00:00,47.95583333333333,41.39416666666667,32.753166666666665,30.888888888888893,21.444444444444446,58.06666666666667,972.2330000000001,SITE 5,EXT
2026-05-26 22:00:00,43.55566666666667,37.60883333333334,29.50616666666667,29.703703703703702,22.592592592592595,66.06666666666666,972.5210000000001,SITE 5,EXT
2026-05-26 23:00:00,45.587833333333336,39.36933333333333,31.28033333333333,29.444444444444446,22.296296296296298,65.96666666666667,972.5006666666667,SITE 5,EXT
2026-05-27 00:00:00,47.396166666666666,40.826,31.8625,29.425925925925927,22.01851851851852,65.26666666666667,971.737,SITE 5,EXT
2026-05-27 01:00:00,47.9565,41.393,32.486666666666665,29.351851851851855,22.09259259259259,65.9,970.7800000000001,SITE 5,EXT
2026-05-27 02:00:00,48.607741935483865,42.067096774193544,32.99209677419355,28.72759856630824,21.75627240143369,66.74193548387096,969.6251612903226,SITE 5,EXT
2026-05-27 03:00:00,33.51033333333333,28.875333333333334,22.857000000000003,28.203703703703706,20.61111111111111,64.06666666666666,968.83,SITE 5,EXT
2026-05-27 04:00:00,34.93666666666666,29.956333333333337,24.274166666666666,28.31481481481482,21.09259259259259,65.23333333333333,969.212,SITE 5,EXT
2026-05-27 05:00:00,44.281,38.794333333333334,32.095166666666664,28.27777777777778,21.592592592592595,67.63333333333334,969.6813333333333,SITE 5,EXT
2026-05-27 06:00:00,65.00233333333333,58.992666666666665,47.0205,28.61111111111111,21.944444444444446,67.73333333333333,970.4186666666667,SITE 5,EXT
2026-05-27 07:00:00,64.55866666666667,57.63933333333333,45.3755,29.185185185185183,22.074074074074073,66.3,971.4259999999999,SITE 5,EXT
2026-05-27 08:00:00,37.352833333333336,32.4795,25.354,30.40740740740741,21.88888888888889,61.03333333333333,971.8896666666666,SITE 5,EXT
2026-05-27 09:00:00,34.61033333333333,30.102666666666668,23.5655,31.48148148148148,21.333333333333332,55.43333333333333,972.0579999999999,SITE 5,EXT
2026-05-27 10:00:00,36.32783333333334,31.77283333333333,24.581500000000002,32.90740740740741,20.944444444444446,50.03333333333333,972.1513333333334,SITE 5,EXT
2026-05-27 11:00:00,35.3705,31.095833333333335,24.325166666666668,34.37037037037037,21.0,46.233333333333334,971.5746666666668,SITE 5,EXT
2026-05-27 12:00:00,31.930166666666665,27.841333333333335,21.703666666666667,36.5,20.85185185185185,40.43333333333333,970.7973333333333,SITE 5,EXT
2026-05-27 13:00:00,33.90316666666667,29.776333333333334,23.038833333333333,36.611111111111114,20.555555555555557,39.43333333333333,969.8633333333333,SITE 5,EXT
2026-05-27 14:00:00,37.4515,33.219833333333334,25.166999999999998,36.537037037037045,20.12962962962963,38.5,968.9526666666667,SITE 5,EXT
2026-05-27 15:00:00,37.784516129032255,33.79080645161291,26.188548387096777,37.401433691756274,19.910394265232977,36.096774193548384,968.2258064516129,SITE 5,EXT
2026-05-27 16:00:00,34.55683333333333,30.36483333333333,23.383333333333333,37.592592592592595,19.796296296296298,35.6,967.8393333333333,SITE 5,EXT
2026-05-27 17:00:00,41.113166666666665,35.91316666666667,28.090500000000002,36.07407407407408,19.685185185185183,38.53333333333333,968.0096666666667,SITE 5,EXT
2026-05-27 18:00:00,42.217,36.711999999999996,28.988833333333332,34.53703703703704,19.98148148148148,42.8,968.425,SITE 5,EXT
2026-05-27 19:00:00,65.73683333333334,57.92100000000001,44.276833333333336,34.03703703703704,20.592592592592595,45.733333333333334,969.2170000000001,SITE 5,EXT
2026-05-27 20:00:00,55.17016666666667,47.42133333333334,36.574333333333335,33.75925925925926,21.12962962962963,48.1,969.9796666666666,SITE 5,EXT
2026-05-27 21:00:00,39.73316666666666,34.49033333333333,26.709666666666667,32.77777777777778,21.51851851851852,52.1,970.8733333333333,SITE 5,EXT
2026-05-27 22:00:00,38.852999999999994,33.94766666666666,26.267999999999997,32.07407407407407,21.35185185185185,53.666666666666664,971.2306666666666,SITE 5,EXT
2026-05-27 23:00:00,34.702999999999996,30.50583333333333,23.576999999999998,31.129629629629633,21.12962962962963,55.733333333333334,971.0116666666667,SITE 5,EXT
2026-05-28 00:00:00,34.3605,30.15233333333333,23.353166666666667,30.740740740740744,21.09259259259259,57.03333333333333,970.2326666666667,SITE 5,EXT
2026-05-28 01:00:00,35.1045,30.584,23.791666666666668,30.037037037037035,21.14814814814815,59.46666666666667,969.4366666666666,SITE 5,EXT
2026-05-28 02:00:00,36.33683333333333,31.64816666666667,24.921499999999998,29.796296296296298,21.537037037037035,61.6,969.004,SITE 5,EXT
2026-05-28 03:00:00,36.553548387096775,31.825000000000003,25.11032258064516,29.444444444444446,21.666666666666668,63.0,969.4148387096774,SITE 5,EXT
2026-05-28 04:00:00,35.99066666666667,31.374166666666667,24.569666666666667,29.444444444444446,21.555555555555557,62.8,969.7746666666667,SITE 5,EXT
2026-05-28 05:00:00,35.191833333333335,30.81683333333333,23.979,29.185185185185183,21.51851851851852,63.766666666666666,970.1893333333334,SITE 5,EXT
2026-05-28 06:00:00,37.205000000000005,32.48833333333333,25.479833333333332,29.092592592592595,21.51851851851852,64.2,970.596,SITE 5,EXT
2026-05-28 07:00:00,40.443333333333335,35.162666666666674,28.5735,29.814814814814817,21.666666666666668,62.1,970.9776666666666,SITE 5,EXT
2026-05-28 08:00:00,38.1945,33.067166666666665,26.972833333333334,30.53703703703704,21.796296296296298,60.233333333333334,971.4236666666667,SITE 5,EXT
2026-05-28 09:00:00,39.539833333333334,34.58883333333333,27.066166666666668,31.740740740740744,22.037037037037035,57.1,971.842,SITE 5,EXT
2026-05-28 10:00:00,37.18366666666667,32.29,25.666,33.70370370370371,22.24074074074074,51.36666666666667,971.5556666666666,SITE 5,EXT
2026-05-28 11:00:00,34.8895,30.567666666666664,23.966833333333334,35.42592592592593,22.074074074074073,46.2,971.1186666666667,SITE 5,EXT
2026-05-28 12:00:00,35.38816666666666,30.892999999999997,24.2245,36.777777777777786,21.592592592592595,41.766666666666666,970.3706666666666,SITE 5,EXT
2026-05-28 13:00:00,34.36983333333333,30.058833333333332,23.300666666666665,38.111111111111114,20.962962962962965,37.36666666666667,969.632,SITE 5,EXT
2026-05-28 14:00:00,37.6265,32.412,26.476499999999998,38.907407407407405,20.62962962962963,35.1,968.814,SITE 5,EXT
2026-05-28 15:00:00,36.6815,31.70266666666667,25.044666666666668,38.40740740740741,20.425925925925927,35.56666666666667,967.6550000000001,SITE 5,EXT
2026-05-28 16:00:00,40.81725806451613,35.28209677419355,27.796935483870968,37.68817204301076,19.82078853046595,35.67741935483871,966.9722580645162,SITE 5,EXT
2026-05-28 17:00:00,44.788333333333334,38.50633333333334,29.6675,34.24074074074075,20.592592592592595,45.233333333333334,967.1763333333333,SITE 5,EXT
2026-05-28 18:00:00,41.3225,35.58316666666667,27.287,31.833333333333332,20.462962962962965,51.43333333333333,968.5580000000001,SITE 5,EXT
2026-05-28 19:00:00,54.158863636363634,46.13522727272727,35.76272727272727,31.641414141414142,20.656565656565657,53.04545454545455,969.0518181818181,SITE 5,EXT
2026-05-28 20:00:00,45.113035714285715,38.71339285714286,29.490000000000002,30.753968253968257,20.416666666666668,54.5,970.0575,SITE 5,EXT
2026-05-28 21:00:00,39.175333333333334,33.81216666666667,25.321,30.64814814814815,20.592592592592595,55.3,970.2623333333333,SITE 5,EXT
2026-05-28 22:00:00,36.336290322580645,31.375967741935483,23.267096774193547,30.25089605734767,20.394265232974913,56.064516129032256,970.9816129032258,SITE 5,EXT
2026-05-28 23:00:00,34.42283333333333,29.818499999999997,22.514,29.518518518518523,20.62962962962963,59.1,970.9813333333333,SITE 5,EXT
2026-05-29 00:00:00,33.375166666666665,28.87933333333333,22.014333333333333,29.703703703703702,20.796296296296298,59.1,970.6706666666666,SITE 5,EXT
2026-05-29 01:00:00,36.2725,31.1255,23.323666666666668,29.51851851851852,20.314814814814817,58.166666666666664,970.207,SITE 5,EXT
2026-05-29 02:00:00,42.138333333333335,36.185500000000005,27.784166666666668,29.296296296296298,20.833333333333332,61.166666666666664,969.8953333333334,SITE 5,EXT
2026-05-29 03:00:00,39.10850000000001,33.587666666666664,26.197999999999997,29.092592592592595,21.037037037037035,62.1,970.3346666666667,SITE 5,EXT
2026-05-29 04:00:00,30.03516666666667,25.806166666666666,19.743166666666664,27.5,20.0,64.36666666666666,970.75,SITE 5,EXT
2026-05-29 05:00:00,32.87416666666667,28.380166666666664,21.318666666666665,27.814814814814817,20.203703703703706,63.96666666666667,971.0276666666667,SITE 5,EXT
2026-05-29 06:00:00,55.109500000000004,47.373000000000005,36.368500000000004,27.814814814814817,20.444444444444446,64.56666666666666,971.3656666666667,SITE 5,EXT
2026-05-29 07:00:00,44.0015,37.5415,28.968666666666664,27.722222222222225,20.574074074074076,65.66666666666667,971.946,SITE 5,EXT
2026-05-29 08:00:00,50.431333333333335,43.13733333333333,32.80233333333333,28.61111111111111,20.62962962962963,62.7,972.4973333333334,SITE 5,EXT
2026-05-29 09:00:00,46.664,40.11716666666667,30.935999999999996,30.796296296296298,20.62962962962963,55.1,972.647,SITE 5,EXT
2026-05-29 10:00:00,47.171166666666664,41.090333333333334,33.436166666666665,32.22222222222222,20.555555555555557,50.36666666666667,972.582,SITE 5,EXT
2026-05-29 11:00:00,39.774166666666666,34.10516666666667,26.483666666666668,33.092592592592595,20.98148148148148,49.233333333333334,972.1956666666666,SITE 5,EXT
2026-05-29 12:00:00,36.71951612903226,31.41,23.50048387096774,34.892473118279575,20.913978494623656,44.58064516129032,971.63,SITE 5,EXT
2026-05-29 13:00:00,36.23016666666667,30.885166666666667,23.206333333333337,35.96296296296296,21.01851851851852,42.333333333333336,970.706,SITE 5,EXT
2026-05-29 14:00:00,34.43683333333333,29.644333333333336,22.503333333333334,36.88888888888889,21.0,40.13333333333333,969.804,SITE 5,EXT
2026-05-29 15:00:00,36.38283333333333,31.324833333333334,23.715333333333334,36.25925925925926,21.12962962962963,41.93333333333333,969.2743333333333,SITE 5,EXT
2026-05-29 16:00:00,42.551,36.74533333333333,28.142999999999997,35.333333333333336,21.296296296296298,44.3,969.2043333333334,SITE 5,EXT
2026-05-29 17:00:00,64.95383333333334,58.44833333333334,42.30566666666667,34.01851851851852,21.37037037037037,48.0,969.3193333333334,SITE 5,EXT
2026-05-29 18:00:00,52.3515,45.548,34.44016666666666,32.94444444444444,20.722222222222225,49.56666666666667,969.8536666666666,SITE 5,EXT
2026-05-29 19:00:00,56.2935,47.85483333333333,37.10433333333334,32.77777777777778,21.35185185185185,51.36666666666667,970.49,SITE 5,EXT
2026-05-29 20:00:00,60.9875,52.53066666666667,41.111666666666665,32.75925925925926,21.64814814814815,52.63333333333333,971.1263333333334,SITE 5,EXT
2026-05-29 21:00:00,61.38666666666666,53.60216666666667,41.86300000000001,32.31481481481482,21.537037037037035,53.7,971.5193333333334,SITE 5,EXT
2026-05-29 22:00:00,44.7645,38.67766666666667,29.821833333333334,31.75925925925926,21.51851851851852,55.233333333333334,971.6743333333333,SITE 5,EXT
2026-05-29 23:00:00,49.521,42.26583333333333,31.841166666666666,31.000000000000004,21.814814814814817,58.666666666666664,971.742,SITE 5,EXT
2026-05-30 00:00:00,47.33290322580645,40.50370967741936,30.71516129032258,30.46594982078853,21.863799283154123,60.903225806451616,971.3790322580645,SITE 5,EXT
2026-05-30 01:00:00,47.833333333333336,40.63433333333333,30.863833333333332,30.0,22.037037037037035,62.733333333333334,970.6669999999999,SITE 5,EXT
2026-05-30 02:00:00,43.87583333333334,37.74083333333333,29.012833333333333,30.0,21.666666666666668,61.766666666666666,969.9073333333333,SITE 5,EXT
2026-05-30 03:00:00,46.912666666666674,40.02933333333333,30.881833333333336,29.62962962962963,21.64814814814815,63.1,969.691,SITE 5,EXT
2026-05-30 04:00:00,43.772000000000006,37.93416666666667,28.880666666666666,28.685185185185183,21.944444444444446,67.4,969.8633333333333,SITE 5,EXT
2026-05-30 05:00:00,45.82666666666667,39.163333333333334,30.265333333333334,28.85185185185185,21.944444444444446,66.83333333333333,970.2876666666667,SITE 5,EXT
2026-05-30 06:00:00,50.527,42.842,33.1665,29.462962962962965,22.0,64.83333333333333,970.5636666666667,SITE 5,EXT
2026-05-30 07:00:00,50.1865,42.46133333333333,33.3945,30.14814814814815,22.259259259259256,63.4,970.8133333333334,SITE 5,EXT
2026-05-30 08:00:00,44.34666666666667,38.160666666666664,30.743333333333332,31.685185185185183,22.22222222222222,57.733333333333334,971.0526666666667,SITE 5,EXT
2026-05-30 09:00:00,43.698166666666665,37.3045,30.14966666666667,32.77777777777778,21.925925925925927,53.3,971.161,SITE 5,EXT
2026-05-30 10:00:00,38.534,33.168166666666664,25.596,35.092592592592595,21.944444444444446,46.96666666666667,971.035,SITE 5,EXT
2026-05-30 11:00:00,37.18966666666667,31.857333333333333,25.03033333333333,37.98148148148149,21.574074074074076,39.233333333333334,970.6423333333333,SITE 5,EXT
2026-05-30 12:00:00,37.60583333333333,32.23133333333333,25.127333333333333,37.851851851851855,21.296296296296298,38.63333333333333,970.303,SITE 5,EXT
2026-05-30 13:00:00,38.26112903225807,32.79516129032258,25.323870967741936,38.27956989247312,21.344086021505376,37.87096774193548,969.3696774193548,SITE 5,EXT
2026-05-30 14:00:00,39.01733333333333,33.411,26.054166666666667,38.64814814814815,21.074074074074073,36.53333333333333,968.3506666666667,SITE 5,EXT
2026-05-30 15:00:00,40.463,34.41566666666667,27.78933333333333,39.44444444444444,20.703703703703702,34.2,967.3936666666667,SITE 5,EXT
2026-05-30 16:00:00,41.48283333333334,35.17033333333333,29.139,38.64814814814815,20.462962962962965,35.0,966.663,SITE 5,EXT
2026-05-30 17:00:00,45.45,38.6375,30.617833333333333,36.5,20.61111111111111,39.9,966.4683333333334,SITE 5,EXT
2026-05-30 18:00:00,58.04866666666667,49.8155,38.54833333333333,35.57407407407407,21.85185185185185,45.166666666666664,967.0816666666667,SITE 5,EXT
2026-05-30 19:00:00,50.876666666666665,43.278,34.183166666666665,34.42592592592593,20.222222222222225,43.733333333333334,967.957,SITE 5,EXT
2026-05-30 20:00:00,64.7555,56.43216666666667,43.23116666666667,33.870370370370374,19.685185185185183,43.7,968.466,SITE 5,EXT
2026-05-30 21:00:00,57.733333333333334,49.60883333333333,38.79116666666667,33.66666666666667,19.796296296296298,44.36666666666667,969.303,SITE 5,EXT
2026-05-30 22:00:00,55.63966666666667,47.03433333333333,36.825,32.666666666666664,20.240740740740744,48.36666666666667,969.7743333333333,SITE 5,EXT
2026-05-30 23:00:00,49.9305,42.28416666666667,32.704,32.46296296296296,20.740740740740744,50.53333333333333,970.667,SITE 5,EXT
2026-05-31 00:00:00,41.40866666666667,35.662,30.100666666666665,26.814814814814817,19.62962962962963,66.4,971.9699999999999,SITE 5,EXT
2026-05-31 01:00:00,33.160666666666664,27.923833333333334,23.318499999999997,25.814814814814817,19.37037037037037,68.43333333333334,971.0843333333333,SITE 5,EXT
2026-05-31 02:00:00,35.873620689655176,30.15741379310345,26.220344827586207,24.86590038314176,18.946360153256705,70.6896551724138,971.3779310344827,SITE 5,EXT
2026-05-31 03:00:00,33.62583333333333,28.353,23.2495,24.462962962962965,19.25925925925926,73.5,970.992,SITE 5,EXT
2026-05-31 04:00:00,32.36,27.558833333333332,21.5145,24.87037037037037,19.796296296296298,74.13333333333334,969.913,SITE 5,EXT
2026-05-31 05:00:00,32.63633333333333,27.87366666666667,21.71333333333333,25.98148148148148,20.203703703703702,71.03333333333333,969.8083333333333,SITE 5,EXT
2026-05-31 06:00:00,33.25354838709678,28.601935483870967,21.925967741935484,25.017921146953405,19.46236559139785,72.19354838709677,969.7525806451614,SITE 5,EXT
2026-05-31 07:00:00,34.5135,29.412,22.538,25.185185185185183,19.62962962962963,72.3,969.9490000000001,SITE 5,EXT
2026-05-31 08:00:00,38.23233333333334,32.337833333333336,25.209,26.61111111111111,20.092592592592595,68.16666666666667,970.545,SITE 5,EXT
2026-05-31 09:00:00,38.20233333333333,32.459666666666664,25.472500000000004,28.51851851851852,20.462962962962965,62.266666666666666,970.897,SITE 5,EXT
2026-05-31 10:00:00,35.915166666666664,30.40266666666667,24.30233333333333,30.203703703703706,20.666666666666668,57.166666666666664,970.723,SITE 5,EXT
2026-05-31 11:00:00,32.154833333333336,27.399,21.83966666666667,32.92592592592593,20.88888888888889,49.666666666666664,970.4143333333334,SITE 5,EXT
2026-05-31 12:00:00,33.189166666666665,28.308333333333334,21.785666666666668,35.2962962962963,21.240740740740744,44.2,969.9756666666667,SITE 5,EXT
2026-05-31 13:00:00,30.794833333333333,26.482833333333335,20.48616666666667,36.74074074074075,20.833333333333332,39.8,969.2673333333333,SITE 5,EXT
2026-05-31 14:00:00,29.837833333333332,25.636666666666667,19.858166666666666,37.24074074074074,20.314814814814817,37.46666666666667,968.4493333333334,SITE 5,EXT
2026-05-31 15:00:00,28.980166666666666,25.0035,19.404666666666667,36.68518518518519,19.944444444444446,37.9,967.7256666666667,SITE 5,EXT
2026-05-31 16:00:00,29.613,25.521166666666666,19.850166666666667,36.0,20.203703703703702,40.03333333333333,967.6056666666666,SITE 5,EXT
2026-05-31 17:00:00,39.426500000000004,34.18083333333333,26.69066666666667,35.46296296296296,20.703703703703702,42.666666666666664,967.7756666666667,SITE 5,EXT
2026-05-31 18:00:00,41.400666666666666,35.482166666666664,28.259166666666665,34.0,20.962962962962965,47.0,968.3246666666668,SITE 5,EXT
2026-05-31 19:00:00,52.75516666666667,46.1355,37.04366666666667,33.05555555555556,21.11111111111111,50.03333333333333,969.1990000000001,SITE 5,EXT
2026-05-31 20:00:00,52.085,44.550333333333334,35.970333333333336,32.87037037037037,22.185185185185183,54.06666666666667,969.7233333333334,SITE 5,EXT
2026-05-31 21:00:00,44.58403225806452,38.39483870967742,30.621774193548386,31.827956989247316,22.32974910394265,57.774193548387096,970.2606451612904,SITE 5,EXT
2026-05-31 22:00:00,41.55683333333333,35.8265,28.869500000000002,31.03703703703704,22.11111111111111,59.03333333333333,970.3726666666666,SITE 5,EXT
2026-05-31 23:00:00,39.468833333333336,33.991,27.2385,30.555555555555557,21.666666666666668,59.666666666666664,970.082,SITE 5,EXT
2026-06-01 00:00:00,36.839000000000006,31.768500000000003,25.132,30.037037037037035,21.61111111111111,61.13333333333333,969.6656666666667,SITE 5,EXT
2026-06-01 01:00:00,35.16566666666667,30.30933333333333,23.7805,29.074074074074076,21.35185185185185,63.9,969.2963333333333,SITE 5,EXT
2026-06-01 02:00:00,35.511833333333335,30.437666666666665,24.188499999999998,28.796296296296298,21.555555555555557,65.3,968.9756666666667,SITE 5,EXT
2026-06-01 03:00:00,34.099666666666664,29.291666666666668,23.250833333333333,28.5,21.27777777777778,65.73333333333333,968.4590000000001,SITE 5,EXT
2026-06-01 04:00:00,34.961,29.942666666666664,23.903333333333332,28.53703703703704,21.333333333333332,65.8,968.5036666666667,SITE 5,EXT
2026-06-01 05:00:00,40.5705,34.76683333333334,28.057000000000002,27.98148148148148,21.462962962962965,68.46666666666667,968.9243333333333,SITE 5,EXT
2026-06-01 06:00:00,45.650666666666666,39.17966666666667,31.0095,27.925925925925927,21.14814814814815,67.6,969.493,SITE 5,EXT
2026-06-01 07:00:00,39.68216666666667,34.13766666666666,26.851,28.833333333333332,21.48148148148148,65.13333333333334,969.8836666666666,SITE 5,EXT
2026-06-01 08:00:00,37.4165,32.08716666666667,25.64966666666667,29.98148148148148,21.37037037037037,60.53333333333333,970.1486666666666,SITE 5,EXT
2026-06-01 09:00:00,35.373333333333335,30.263166666666667,24.331666666666667,31.574074074074076,21.35185185185185,55.3,970.603,SITE 5,EXT
2026-06-01 10:00:00,38.13333333333333,32.668166666666664,26.781166666666664,33.62962962962963,21.462962962962965,49.46666666666667,970.8046666666667,SITE 5,EXT
2026-06-01 11:00:00,37.91716666666667,32.700833333333335,25.942666666666664,36.5,21.61111111111111,42.56666666666667,970.5043333333334,SITE 5,EXT
2026-06-01 12:00:00,39.032666666666664,33.599833333333336,26.91166666666667,37.96296296296296,21.537037037037035,39.03333333333333,970.0580000000001,SITE 5,EXT
2026-06-01 13:00:00,37.769999999999996,32.2855,26.262999999999998,38.333333333333336,21.38888888888889,37.86666666666667,969.4166666666666,SITE 5,EXT
2026-06-01 14:00:00,37.96783333333334,32.61333333333333,25.927833333333336,37.2037037037037,21.35185185185185,40.3,968.7846666666667,SITE 5,EXT
2026-06-01 15:00:00,36.814193548387095,31.785645161290322,24.475806451612904,36.52329749103943,21.559139784946236,42.225806451612904,968.2141935483871,SITE 5,EXT
2026-06-01 16:00:00,42.84466666666666,36.900499999999994,28.449,37.55555555555556,21.240740740740744,38.96666666666667,967.5543333333334,SITE 5,EXT
2026-06-01 17:00:00,36.893,31.754,24.172833333333333,36.88888888888889,20.796296296296298,39.4,967.412,SITE 5,EXT
2026-06-01 18:00:00,44.202999999999996,37.6695,28.73983333333333,35.2962962962963,20.944444444444446,43.666666666666664,967.7896666666667,SITE 5,EXT
2026-06-01 19:00:00,53.25683333333333,44.87466666666667,35.430166666666665,34.61111111111111,22.37037037037037,49.333333333333336,968.347,SITE 5,EXT
2026-06-01 20:00:00,48.73516666666667,41.7015,32.94383333333333,32.648148148148145,22.22222222222222,54.56666666666667,969.1143333333333,SITE 5,EXT
2026-06-01 21:00:00,46.383,39.95783333333334,30.6135,31.90740740740741,22.24074074074074,57.2,969.7573333333333,SITE 5,EXT
2026-06-01 22:00:00,39.138333333333335,33.888333333333335,25.237333333333332,31.296296296296298,21.574074074074076,56.666666666666664,970.4396666666667,SITE 5,EXT
2026-06-01 23:00:00,39.7155,34.46633333333333,25.895833333333332,30.90740740740741,21.296296296296298,57.3,970.9413333333334,SITE 5,EXT
2026-06-02 00:00:00,38.250344827586204,33.19137931034483,24.80655172413793,30.42145593869732,21.379310344827587,59.0,970.6589655172414,SITE 5,EXT
2026-06-02 01:00:00,36.45,31.595166666666668,23.7985,29.5,21.203703703703702,61.666666666666664,969.9423333333333,SITE 5,EXT
2026-06-02 02:00:00,36.41683333333334,31.444666666666667,23.963,28.796296296296298,21.166666666666668,63.9,969.3943333333334,SITE 5,EXT
2026-06-02 03:00:00,38.70283333333334,33.281333333333336,25.887999999999998,28.685185185185183,21.462962962962965,65.33333333333333,969.0020000000001,SITE 5,EXT
2026-06-02 04:00:00,37.526833333333336,32.202666666666666,25.09333333333333,28.351851851851855,21.12962962962963,65.83333333333333,968.9743333333333,SITE 5,EXT
2026-06-02 05:00:00,41.78155172413793,35.92431034482759,27.849999999999998,28.467432950191576,21.49425287356322,66.62068965517241,968.8444827586208,SITE 5,EXT
2026-06-02 06:00:00,42.165499999999994,36.205666666666666,28.234166666666667,28.055555555555557,21.38888888888889,67.43333333333334,969.0913333333334,SITE 5,EXT
2026-06-02 07:00:00,43.154,37.16583333333333,29.2325,28.53703703703704,21.574074074074076,66.53333333333333,970.0216666666668,SITE 5,EXT
2026-06-02 08:00:00,42.943999999999996,36.9555,28.24866666666667,29.75925925925926,21.962962962962965,63.46666666666667,971.184,SITE 5,EXT
2026-06-02 09:00:00,48.2175,41.675333333333334,32.141,30.962962962962965,22.37037037037037,60.7,971.6306666666667,SITE 5,EXT
2026-06-02 10:00:00,47.17568965517241,40.78155172413793,32.34396551724138,31.724137931034484,22.47126436781609,58.44827586206897,971.6589655172414,SITE 5,EXT
2026-06-02 11:00:00,47.01199999999999,40.765166666666666,32.96783333333333,32.74074074074074,22.37037037037037,54.9,971.508,SITE 5,EXT
2026-06-02 12:00:00,43.02883333333333,37.29316666666667,28.647333333333332,34.166666666666664,22.27777777777778,50.6,971.1696666666667,SITE 5,EXT
2026-06-02 13:00:00,48.24816666666666,42.146499999999996,32.88583333333334,35.833333333333336,22.314814814814817,46.1,970.5766666666666,SITE 5,EXT
2026-06-02 14:00:00,42.384,36.68966666666667,28.43883333333333,36.94444444444445,22.259259259259256,42.9,969.9596666666667,SITE 5,EXT
2026-06-02 15:00:00,41.28933333333334,35.83983333333333,27.441333333333333,36.75925925925926,22.01851851851852,42.86666666666667,969.417,SITE 5,EXT
2026-06-02 16:00:00,41.08137931034483,35.60241379310345,27.58379310344828,36.64750957854406,21.57088122605364,41.86206896551724,968.6720689655173,SITE 5,EXT
2026-06-02 17:00:00,43.332,37.376999999999995,28.789833333333334,35.7962962962963,21.35185185185185,43.43333333333333,968.7876666666667,SITE 5,EXT
2026-06-02 18:00:00,59.598499999999994,51.232166666666664,39.209666666666664,34.27777777777778,21.814814814814817,48.5,969.1206666666666,SITE 5,EXT
2026-06-02 19:00:00,63.85666666666667,55.537666666666674,42.73266666666667,33.48148148148149,22.444444444444446,52.833333333333336,970.3286666666667,SITE 5,EXT
2026-06-02 20:00:00,61.457166666666666,52.9405,40.81033333333333,32.88888888888889,22.814814814814817,55.86666666666667,970.774,SITE 5,EXT
2026-06-02 21:00:00,55.1215,47.20133333333333,36.8035,32.22222222222222,22.5,57.3,971.6536666666667,SITE 5,EXT
2026-06-02 22:00:00,49.906666666666666,42.68183333333333,33.65683333333333,32.22222222222222,22.796296296296298,58.233333333333334,972.2606666666667,SITE 5,EXT
2026-06-02 23:00:00,47.385999999999996,40.758,31.670666666666666,31.574074074074076,22.537037037037035,59.233333333333334,972.2483333333333,SITE 5,EXT
2026-06-03 00:00:00,45.081896551724135,39.07689655172414,30.271034482758623,30.95785440613027,22.70114942528736,62.172413793103445,971.7355172413794,SITE 5,EXT
2026-06-03 01:00:00,38.32633333333333,33.368833333333335,25.1285,30.40740740740741,22.14814814814815,62.166666666666664,971.4536666666667,SITE 5,EXT
2026-06-03 02:00:00,35.6635,31.004666666666665,23.377166666666668,29.87037037037037,21.88888888888889,63.1,971.0963333333333,SITE 5,EXT
2026-06-03 03:00:00,31.787666666666667,27.519,21.079166666666666,28.444444444444446,20.703703703703702,63.96666666666667,970.9723333333333,SITE 5,EXT
2026-06-03 04:00:00,30.49086206896552,26.397068965517242,20.468103448275862,28.48659003831418,20.59386973180077,62.51724137931034,971.2048275862069,SITE 5,EXT
2026-06-03 05:00:00,31.668333333333333,27.44816666666667,21.283333333333335,28.703703703703702,20.925925925925927,62.93333333333333,971.3546666666666,SITE 5,EXT
2026-06-03 06:00:00,34.704166666666666,30.03983333333333,23.342666666666666,28.48148148148148,20.333333333333332,62.1,971.8216666666667,SITE 5,EXT
2026-06-03 07:00:00,36.290499999999994,31.370833333333334,23.793833333333335,28.685185185185183,20.61111111111111,62.2,972.2736666666666,SITE 5,EXT
2026-06-03 08:00:00,34.267,29.846333333333334,22.886833333333335,29.703703703703702,21.074074074074073,60.1,972.885,SITE 5,EXT
2026-06-03 09:00:00,36.92883333333334,31.977333333333334,24.603166666666667,31.203703703703706,21.5,56.8,972.9466666666667,SITE 5,EXT
2026-06-03 10:00:00,37.80482758620689,32.8151724137931,25.219655172413795,33.85057471264368,21.800766283524908,49.89655172413793,972.8637931034483,SITE 5,EXT
2026-06-03 11:00:00,38.624500000000005,33.63933333333333,25.653833333333335,36.851851851851855,21.685185185185183,41.766666666666666,972.5693333333332,SITE 5,EXT
2026-06-03 12:00:00,37.67583333333334,32.696666666666665,25.493,37.81481481481482,21.092592592592595,38.233333333333334,972.099,SITE 5,EXT
2026-06-03 13:00:00,37.43333333333333,32.42433333333334,25.162666666666667,38.81481481481482,21.11111111111111,36.2,971.2916666666666,SITE 5,EXT
2026-06-03 14:00:00,37.805,32.736666666666665,25.518666666666668,37.68518518518519,21.166666666666668,38.53333333333333,970.6146666666666,SITE 5,EXT
2026-06-03 15:00:00,39.00706896551724,33.87931034482759,26.269655172413795,38.371647509578544,21.091954022988503,36.93103448275862,969.6117241379311,SITE 5,EXT
2026-06-03 16:00:00,37.80083333333334,32.8195,25.157833333333333,38.111111111111114,20.592592592592595,36.63333333333333,968.8906666666667,SITE 5,EXT
2026-06-03 17:00:00,45.136833333333335,39.069833333333335,30.442999999999998,36.907407407407405,21.203703703703702,40.5,968.5733333333334,SITE 5,EXT
2026-06-03 18:00:00,48.30083333333334,41.23766666666667,31.639000000000003,35.05555555555556,21.51851851851852,45.766666666666666,968.8263333333333,SITE 5,EXT
2026-06-03 19:00:00,56.22,47.527,37.16766666666667,33.833333333333336,21.703703703703702,49.63333333333333,969.7723333333332,SITE 5,EXT
2026-06-03 20:00:00,49.481896551724134,42.375517241379306,33.44155172413793,32.58620689655172,21.62835249042146,53.0,970.4951724137932,SITE 5,EXT
2026-06-03 21:00:00,42.66366666666667,37.071000000000005,27.9725,31.25925925925926,21.51851851851852,56.833333333333336,970.9943333333334,SITE 5,EXT
2026-06-03 22:00:00,41.6025,36.16366666666667,27.41866666666667,30.740740740740744,21.703703703703702,59.36666666666667,971.5826666666667,SITE 5,EXT
2026-06-03 23:00:00,39.781666666666666,34.69216666666667,26.139,30.425925925925927,22.166666666666668,61.833333333333336,971.5949999999999,SITE 5,EXT
2026-06-04 00:00:00,35.408793103448275,30.968620689655175,23.364310344827587,29.789272030651343,22.011494252873565,64.10344827586206,971.4,SITE 5,EXT
2026-06-04 01:00:00,36.23416666666667,31.546499999999998,24.345666666666666,29.444444444444446,22.14814814814815,65.0,970.793,SITE 5,EXT
2026-06-04 02:00:00,33.924827586206895,29.342758620689654,22.556206896551725,29.09961685823755,21.436781609195403,64.3103448275862,971.2262068965517,SITE 5,EXT
2026-06-04 03:00:00,41.98222222222222,37.812222222222225,33.81666666666666,24.135802469135804,19.938271604938272,78.11111111111111,972.3588888888888,SITE 5,EXT
2026-06-04 06:00:00,68.17833333333333,62.39166666666666,50.196666666666665,22.962962962962962,20.37037037037037,86.0,972.1666666666666,SITE 5,EXT
2026-06-04 07:00:00,35.93224137931035,31.587241379310345,24.563275862068966,25.30651340996169,20.3639846743295,75.13793103448276,972.3113793103448,SITE 5,EXT
2026-06-04 08:00:00,28.497999999999998,25.620833333333334,19.82266666666667,25.055555555555554,20.11111111111111,74.9,974.0346666666667,SITE 5,EXT
2026-06-04 09:00:00,22.809833333333334,20.841666666666665,16.958000000000002,24.77777777777778,19.962962962962965,75.46666666666667,975.6139999999999,SITE 5,EXT
2026-06-04 10:00:00,23.076724137931034,21.041551724137932,17.12103448275862,24.406130268199234,19.96168582375479,77.24137931034483,973.7996551724137,SITE 5,EXT
2026-06-04 11:00:00,21.734166666666667,20.037666666666667,16.43,24.074074074074076,19.666666666666668,77.2,972.038,SITE 5,EXT
2026-06-04 12:00:00,22.317833333333333,20.620166666666666,16.5885,25.796296296296298,19.814814814814817,70.23333333333333,971.6650000000001,SITE 5,EXT
2026-06-04 13:00:00,22.700166666666668,20.756833333333336,16.584166666666665,28.074074074074076,20.25925925925926,63.2,971.0156666666667,SITE 5,EXT
2026-06-04 14:00:00,20.733833333333333,19.156499999999998,15.541666666666666,28.75925925925926,19.88888888888889,59.2,970.9516666666666,SITE 5,EXT
2026-06-04 15:00:00,28.187413793103445,25.087758620689655,19.599137931034484,29.406130268199234,20.249042145593872,58.37931034482759,970.8686206896551,SITE 5,EXT
2026-06-04 16:00:00,29.36883333333333,25.767999999999997,20.198666666666668,29.944444444444446,20.203703703703702,56.5,970.4253333333334,SITE 5,EXT
2026-06-04 17:00:00,36.67758620689656,31.86465517241379,24.833448275862068,29.55938697318008,20.13409961685824,57.37931034482759,970.145172413793,SITE 5,EXT
2026-06-04 18:00:00,62.05916666666667,55.62166666666667,42.4895,28.555555555555557,20.333333333333332,61.6,969.976,SITE 5,EXT
2026-06-04 19:00:00,68.241,60.553,45.844166666666666,27.77777777777778,20.75925925925926,66.43333333333334,970.293,SITE 5,EXT
2026-06-04 20:00:00,53.45399999999999,46.493833333333335,34.70666666666667,27.77777777777778,20.555555555555557,65.46666666666667,970.9866666666666,SITE 5,EXT
2026-06-04 21:00:00,48.0275,41.08233333333333,30.808666666666667,27.888888888888893,21.037037037037035,66.96666666666667,971.7443333333334,SITE 5,EXT
2026-06-04 22:00:00,50.78327586206896,42.975,32.39224137931034,27.27969348659004,21.0727969348659,69.62068965517241,972.0044827586207,SITE 5,EXT
2026-06-04 23:00:00,37.957,33.468333333333334,25.1395,27.185185185185187,20.833333333333332,69.03333333333333,971.802,SITE 5,EXT
2026-06-05 00:00:00,33.44866666666667,29.43933333333333,22.776166666666665,26.740740740740744,20.537037037037035,69.76666666666667,971.2756666666667,SITE 5,EXT
2026-06-05 01:00:00,33.26266666666667,29.161333333333335,22.670833333333334,26.537037037037035,20.462962962962965,70.76666666666667,970.5816666666667,SITE 5,EXT
2026-06-05 02:00:00,33.561166666666665,29.4875,23.103333333333335,26.38888888888889,20.462962962962965,70.5,970.0793333333334,SITE 5,EXT
2026-06-05 03:00:00,32.64448275862069,28.81155172413793,22.70689655172414,26.475095785440615,20.3639846743295,70.24137931034483,970.1079310344828,SITE 5,EXT
2026-06-05 04:00:00,32.53216666666667,28.6415,22.651666666666664,26.11111111111111,20.555555555555557,71.7,970.0849999999999,SITE 5,EXT
2026-06-05 05:00:00,35.30166666666666,30.918499999999998,24.304666666666666,26.38888888888889,20.537037037037035,70.86666666666666,970.0546666666667,SITE 5,EXT
2026-06-05 06:00:00,35.853500000000004,31.339833333333335,25.325833333333332,26.203703703703702,20.203703703703702,70.86666666666666,970.3686666666667,SITE 5,EXT
2026-06-05 07:00:00,35.002758620689654,30.69741379310345,23.91741379310345,26.724137931034484,20.517241379310345,69.51724137931035,970.9300000000001,SITE 5,EXT
2026-06-05 08:00:00,31.123833333333334,27.505333333333333,21.3905,27.722222222222225,20.5,65.46666666666667,971.3553333333333,SITE 5,EXT
2026-06-05 09:00:00,24.968,22.468,17.9905,29.5,20.0,57.06666666666667,971.4156666666667,SITE 5,EXT
2026-06-05 10:00:00,22.115833333333335,20.311500000000002,16.3345,31.740740740740744,20.074074074074076,50.56666666666667,971.2943333333334,SITE 5,EXT
2026-06-05 11:00:00,35.58766666666667,33.316833333333335,23.354666666666667,34.61111111111111,20.01851851851852,42.733333333333334,970.7813333333332,SITE 5,EXT
2026-06-05 12:00:00,28.00241379310345,25.33362068965517,19.770344827586207,36.24521072796936,19.88505747126437,38.6551724137931,970.0289655172414,SITE 5,EXT
2026-06-05 13:00:00,28.505,25.831833333333336,19.78216666666667,37.48148148148149,19.388888888888893,35.06666666666667,969.073,SITE 5,EXT
2026-06-05 14:00:00,25.465333333333334,22.98933333333333,18.267999999999997,37.92592592592593,19.166666666666668,33.63333333333333,968.1443333333333,SITE 5,EXT
2026-06-05 15:00:00,24.8175,22.438333333333333,17.88533333333333,37.833333333333336,19.574074074074076,34.766666666666666,967.693,SITE 5,EXT
2026-06-05 16:00:00,33.134,29.2415,22.32633333333333,37.25925925925926,19.592592592592595,35.9,967.5873333333333,SITE 5,EXT
2026-06-05 17:00:00,32.24016666666667,28.501666666666665,21.851666666666667,36.333333333333336,19.722222222222225,38.2,967.734,SITE 5,EXT
2026-06-05 18:00:00,45.004333333333335,38.95933333333333,29.627333333333336,34.666666666666664,20.222222222222225,43.266666666666666,967.948,SITE 5,EXT
2026-06-05 19:00:00,57.95399999999999,49.056333333333335,35.94416666666667,33.38888888888889,21.27777777777778,49.6,968.221,SITE 5,EXT
2026-06-05 20:00:00,75.03534482758621,67.57879310344828,49.2246551724138,33.02681992337165,20.842911877394638,49.37931034482759,968.4665517241378,SITE 5,EXT
2026-06-05 21:00:00,69.83116666666666,61.0385,44.327,32.5,20.40740740740741,49.43333333333333,968.8883333333334,SITE 5,EXT
2026-06-05 22:00:00,65.761,57.09466666666666,43.3565,31.62962962962963,21.14814814814815,54.03333333333333,969.3963333333334,SITE 5,EXT
2026-06-05 23:00:00,53.217999999999996,44.8645,33.808166666666665,30.75925925925926,21.77777777777778,59.766666666666666,969.4646666666666,SITE 5,EXT
2026-06-06 00:00:00,37.43383333333333,32.885666666666665,24.703333333333333,29.87037037037037,21.24074074074074,60.63333333333333,969.187,SITE 5,EXT
2026-06-06 01:00:00,31.816666666666666,28.201166666666666,21.59333333333333,29.074074074074076,21.203703703703702,63.2,968.295,SITE 5,EXT
2026-06-06 02:00:00,30.068500000000004,26.697499999999998,20.672666666666665,28.388888888888893,21.314814814814817,66.26666666666667,967.9896666666666,SITE 5,EXT
2026-06-06 03:00:00,28.490000000000002,25.442666666666664,19.921666666666667,28.11111111111111,21.462962962962965,67.9,968.072,SITE 5,EXT
2026-06-06 04:00:00,30.513166666666667,27.0945,21.1895,27.740740740740744,21.62962962962963,69.76666666666667,968.3793333333334,SITE 5,EXT
2026-06-06 05:00:00,31.131166666666665,27.658666666666665,21.409499999999998,27.240740740740744,21.444444444444446,71.4,968.7743333333333,SITE 5,EXT
2026-06-06 06:00:00,39.10516666666667,33.916000000000004,24.8915,27.296296296296298,21.703703703703702,71.9,969.3516666666667,SITE 5,EXT
2026-06-06 07:00:00,38.27133333333334,33.571,25.079666666666665,28.25925925925926,21.77777777777778,68.86666666666666,969.9613333333333,SITE 5,EXT
2026-06-06 08:00:00,36.695517241379314,32.20844827586207,24.617758620689653,29.6360153256705,21.877394636015325,63.689655172413794,970.2944827586207,SITE 5,EXT
2026-06-06 09:00:00,32.81816666666666,29.00883333333333,22.041666666666668,31.25925925925926,21.77777777777778,57.7,970.7166666666667,SITE 5,EXT
2026-06-06 10:00:00,32.45725,28.5245,21.895,32.77777777777778,21.97222222222222,53.5,970.9254999999999,SITE 5,EXT
2026-06-06 11:00:00,31.888333333333332,28.110166666666665,21.40983333333333,34.18518518518519,21.944444444444446,49.43333333333333,970.5476666666667,SITE 5,EXT
2026-06-06 12:00:00,29.29416666666667,25.550416666666667,18.469791666666666,28.449074074074076,20.115740740740744,61.5,970.9266666666667,SITE 5,EXT
2026-06-06 13:00:00,42.30766666666667,38.85666666666667,29.601666666666667,29.27777777777778,20.14814814814815,58.53333333333333,969.7273333333334,SITE 5,EXT
2026-06-06 14:00:00,21.430833333333332,19.59416666666667,15.929166666666667,31.0,20.40740740740741,53.766666666666666,968.3349999999999,SITE 5,EXT
2026-06-06 15:00:00,21.565,19.570666666666668,15.755333333333333,31.537037037037035,20.314814814814817,51.96666666666667,967.6753333333332,SITE 5,EXT
2026-06-06 16:00:00,27.865000000000002,24.380666666666666,18.615666666666666,31.11111111111111,20.61111111111111,54.2,967.7853333333334,SITE 5,EXT
2026-06-06 17:00:00,27.895333333333333,24.43166666666667,18.58966666666667,30.222222222222225,20.055555555555554,55.233333333333334,968.634,SITE 5,EXT
2026-06-06 18:00:00,50.533500000000004,44.05833333333333,32.291000000000004,29.814814814814817,20.796296296296298,59.03333333333333,969.2186666666668,SITE 5,EXT
2026-06-06 19:00:00,58.17066666666666,49.466499999999996,37.0385,29.40740740740741,21.5,63.2,969.5246666666667,SITE 5,EXT
2026-06-06 20:00:00,47.81466666666667,40.650999999999996,30.38,29.166666666666668,21.555555555555557,64.06666666666666,970.319,SITE 5,EXT
2026-06-06 21:00:00,43.0655,37.28216666666666,28.238999999999997,28.333333333333336,21.09259259259259,65.4,971.2103333333333,SITE 5,EXT
2026-06-06 22:00:00,51.938,43.7555,32.90266666666667,28.333333333333336,21.166666666666668,65.7,971.5096666666667,SITE 5,EXT
2026-06-06 23:00:00,50.559666666666665,42.488166666666665,32.062,28.370370370370374,21.425925925925927,66.9,971.65,SITE 5,EXT
2026-06-07 00:00:00,40.269,35.11083333333333,26.206833333333332,27.85185185185185,21.314814814814817,68.4,971.0166666666667,SITE 5,EXT
2026-06-07 01:00:00,35.0725,30.73,23.447499999999998,27.074074074074076,21.425925925925927,71.7,970.3113333333333,SITE 5,EXT
2026-06-07 02:00:00,33.78116666666667,29.69516666666667,22.447499999999998,26.62962962962963,21.074074074074073,72.96666666666667,970.0786666666667,SITE 5,EXT
2026-06-07 03:00:00,32.97189655172414,29.07448275862069,22.218620689655175,26.11111111111111,20.862068965517242,73.51724137931035,969.8631034482759,SITE 5,EXT
2026-06-07 04:00:00,30.376166666666666,26.938,20.8755,26.11111111111111,21.11111111111111,74.73333333333333,970.315,SITE 5,EXT
2026-06-07 05:00:00,31.652333333333335,27.786166666666666,21.050833333333333,26.296296296296298,21.166666666666668,73.9,970.9616666666666,SITE 5,EXT
2026-06-07 06:00:00,31.434,27.884833333333333,21.34283333333333,26.11111111111111,20.166666666666668,70.56666666666666,971.6293333333334,SITE 5,EXT
2026-06-07 07:00:00,27.874833333333335,24.530166666666666,19.5105,26.185185185185183,19.222222222222225,66.13333333333334,972.3916666666667,SITE 5,EXT
2026-06-07 08:00:00,25.729833333333332,23.09783333333333,18.235666666666667,27.61111111111111,19.462962962962965,61.6,972.914,SITE 5,EXT
2026-06-07 09:00:00,27.134833333333333,24.191,18.902333333333335,28.796296296296298,19.85185185185185,58.9,973.0316666666666,SITE 5,EXT
2026-06-07 10:00:00,21.1365,19.408833333333334,15.792499999999999,29.98148148148148,19.40740740740741,53.43333333333333,972.9363333333333,SITE 5,EXT
2026-06-07 11:00:00,24.69066666666667,22.188,17.8005,30.981481481481485,19.388888888888893,50.7,972.9026666666667,SITE 5,EXT
2026-06-07 12:00:00,27.417758620689657,24.160862068965518,19.121206896551723,32.43295019157088,19.69348659003831,47.241379310344826,972.5513793103448,SITE 5,EXT
2026-06-07 13:00:00,26.181500000000003,23.022666666666666,18.322833333333335,33.53703703703704,19.814814814814817,44.833333333333336,971.7813333333332,SITE 5,EXT
2026-06-07 14:00:00,22.854333333333333,20.576833333333333,16.6325,34.0,19.925925925925927,43.8,971.0976666666667,SITE 5,EXT
2026-06-07 15:00:00,25.583833333333335,22.688666666666666,18.073333333333334,33.833333333333336,20.12962962962963,45.0,970.6063333333333,SITE 5,EXT
2026-06-07 16:00:00,25.949166666666667,23.254833333333334,18.198,34.25925925925926,19.87037037037037,43.166666666666664,970.315,SITE 5,EXT
2026-06-07 17:00:00,32.67583333333333,28.772166666666667,22.2245,33.12962962962963,20.25925925925926,47.06666666666667,970.5136666666666,SITE 5,EXT
2026-06-07 18:00:00,38.99333333333333,34.775,26.2565,32.18518518518518,20.48148148148148,50.43333333333333,970.9703333333333,SITE 5,EXT
2026-06-07 19:00:00,44.0015,38.103833333333334,28.177333333333333,31.444444444444446,20.666666666666668,53.3,971.9486666666667,SITE 5,EXT
2026-06-07 20:00:00,40.64866666666667,35.77166666666667,26.4125,30.5,20.40740740740741,55.233333333333334,972.7913333333333,SITE 5,EXT
2026-06-07 21:00:00,41.36366666666667,36.230000000000004,26.884333333333334,30.203703703703702,20.64814814814815,57.233333333333334,973.4576666666667,SITE 5,EXT
2026-06-07 22:00:00,42.5055,36.94616666666666,27.944166666666668,29.888888888888893,20.98148148148148,59.4,973.7256666666667,SITE 5,EXT
2026-06-07 23:00:00,32.04216666666667,28.30933333333333,21.753666666666668,29.240740740740744,21.12962962962963,62.36666666666667,973.6110000000001,SITE 5,EXT
2026-06-08 00:00:00,29.432241379310344,26.16965517241379,20.385689655172413,28.639846743295017,20.95785440613027,63.55172413793103,973.0848275862069,SITE 5,EXT
2026-06-08 01:00:00,29.62683333333333,26.339,20.5265,28.48148148148148,21.074074074074073,64.73333333333333,972.8063333333333,SITE 5,EXT
2026-06-08 02:00:00,34.01016666666666,29.879,22.520333333333333,28.25925925925926,20.944444444444446,65.1,972.41,SITE 5,EXT
2026-06-08 03:00:00,29.054333333333332,25.889833333333335,20.211666666666666,27.944444444444446,21.01851851851852,66.63333333333334,972.3993333333333,SITE 5,EXT
2026-06-08 04:00:00,31.1101724137931,27.519655172413792,21.134310344827586,28.06513409961686,20.95785440613027,65.82758620689656,972.6648275862069,SITE 5,EXT
2026-06-08 05:00:00,33.6795,29.769333333333336,22.6635,27.77777777777778,21.092592592592595,67.3,972.9483333333334,SITE 5,EXT
2026-06-08 06:00:00,47.249,40.43633333333333,29.7775,28.166666666666668,21.092592592592595,66.0,973.587,SITE 5,EXT
2026-06-08 07:00:00,42.06633333333333,36.84916666666666,27.746333333333332,27.925925925925927,21.074074074074073,67.03333333333333,974.2926666666666,SITE 5,EXT
2026-06-08 08:00:00,43.8095,38.29333333333333,28.91433333333333,28.518518518518523,21.296296296296298,65.76666666666667,974.7916666666666,SITE 5,EXT
2026-06-08 09:00:00,36.2145,31.96083333333333,23.980166666666666,29.314814814814817,21.14814814814815,62.06666666666667,974.8736666666666,SITE 5,EXT
2026-06-08 10:00:00,38.92672413793103,34.438793103448276,25.580689655172414,30.49808429118774,21.28352490421456,58.48275862068966,974.7927586206896,SITE 5,EXT
2026-06-08 11:00:00,44.83133333333333,40.4205,29.7425,31.962962962962965,21.444444444444446,54.333333333333336,974.2876666666667,SITE 5,EXT
2026-06-08 12:00:00,34.4,30.262166666666666,23.232000000000003,32.81481481481482,21.444444444444446,51.666666666666664,973.841,SITE 5,EXT
2026-06-08 13:00:00,30.418833333333335,26.821166666666667,20.997333333333334,33.66666666666667,21.0,48.0,973.1496666666666,SITE 5,EXT
2026-06-08 14:00:00,28.796,25.459333333333333,20.049,34.94444444444444,21.092592592592595,44.766666666666666,972.322,SITE 5,EXT
2026-06-08 15:00:00,28.939655172413794,25.770689655172415,20.257241379310347,35.78544061302682,20.90038314176245,42.241379310344826,971.4689655172414,SITE 5,EXT
2026-06-08 16:00:00,35.00566666666667,30.797166666666666,23.380166666666664,36.0,20.75925925925926,41.5,970.9283333333333,SITE 5,EXT
2026-06-08 17:00:00,35.07633333333333,30.975,23.82,35.11111111111111,20.740740740740744,43.5,970.7393333333333,SITE 5,EXT
2026-06-08 18:00:00,43.9985,37.98016666666667,29.136499999999998,33.40740740740741,20.814814814814817,48.36666666666667,970.8863333333334,SITE 5,EXT
2026-06-08 19:00:00,65.1575,56.663000000000004,43.48383333333333,32.55555555555556,21.574074074074076,52.63333333333333,971.1766666666666,SITE 5,EXT
2026-06-08 20:00:00,70.39258620689655,62.58948275862069,47.198965517241376,31.99233716475096,21.45593869731801,53.89655172413793,971.7172413793103,SITE 5,EXT
2026-06-08 21:00:00,56.26533333333334,46.967,35.311166666666665,30.740740740740744,21.51851851851852,58.2,971.8933333333333,SITE 5,EXT
2026-06-08 22:00:00,49.2695,41.85366666666667,31.403333333333332,30.074074074074073,21.48148148148148,60.63333333333333,972.1566666666666,SITE 5,EXT
2026-06-08 23:00:00,49.814499999999995,42.334666666666664,31.327166666666667,29.64814814814815,21.555555555555557,62.46666666666667,971.923,SITE 5,EXT
2026-06-09 00:00:00,45.38310344827586,39.319310344827585,29.021551724137932,29.137931034482758,21.360153256704983,63.6551724137931,971.4468965517241,SITE 5,EXT
2026-06-09 01:00:00,46.269666666666666,40.26433333333333,30.08566666666667,28.88888888888889,21.333333333333332,64.43333333333334,970.9883333333333,SITE 5,EXT
2026-06-09 02:00:00,45.232,39.192,28.687833333333334,29.388888888888893,21.61111111111111,63.36666666666667,970.7479999999999,SITE 5,EXT
2026-06-09 03:00:00,49.635666666666665,42.05016666666666,30.948833333333333,29.185185185185183,21.666666666666668,64.7,970.7863333333333,SITE 5,EXT
2026-06-09 04:00:00,53.12620689655173,44.375,32.729827586206895,28.42911877394636,21.800766283524908,67.96551724137932,971.0193103448277,SITE 5,EXT
2026-06-09 05:00:00,53.92383333333333,44.98316666666667,33.32233333333333,28.296296296296298,21.740740740740744,68.3,971.5113333333334,SITE 5,EXT
2026-06-09 06:00:00,48.29666666666667,41.174499999999995,30.178,28.12962962962963,21.462962962962965,67.7,971.6246666666666,SITE 5,EXT
2026-06-09 07:00:00,51.265499999999996,45.44416666666667,32.7965,28.240740740740744,21.703703703703702,68.8,971.724,SITE 5,EXT
2026-06-09 08:00:00,61.5045,55.1055,39.117666666666665,29.314814814814817,22.11111111111111,65.86666666666666,971.9689999999999,SITE 5,EXT
2026-06-09 09:00:00,40.98051724137931,35.89862068965517,26.094137931034485,30.727969348659006,22.145593869731798,60.758620689655174,972.0548275862069,SITE 5,EXT
2026-06-09 10:00:00,42.193333333333335,37.02366666666667,26.322499999999998,32.88888888888889,22.185185185185183,54.03333333333333,972.059,SITE 5,EXT
2026-06-09 11:00:00,39.93733333333333,35.529333333333334,27.111,34.88888888888889,22.185185185185183,48.1,971.8633333333333,SITE 5,EXT
2026-06-09 12:00:00,38.13285714285714,33.581607142857145,25.493392857142858,35.91269841269842,21.785714285714285,44.32142857142857,971.6046428571428,SITE 5,EXT
2026-06-09 13:00:00,26.691086956521737,23.219130434782606,18.190652173913044,26.52173913043478,19.371980676328505,65.6086956521739,971.5569565217392,SITE 5,EXT
2026-06-09 14:00:00,29.144333333333336,25.8615,20.545833333333334,27.740740740740744,19.555555555555557,61.833333333333336,970.6673333333333,SITE 5,EXT
2026-06-09 15:00:00,32.779310344827586,28.978793103448275,22.287068965517243,27.39463601532567,19.482758620689655,62.3448275862069,970.1258620689656,SITE 5,EXT
2026-06-09 16:00:00,39.473166666666664,34.577999999999996,26.029999999999998,26.888888888888893,19.5,64.43333333333334,969.4826666666667,SITE 5,EXT
2026-06-09 17:00:00,50.7595,43.989333333333335,32.45166666666667,27.574074074074076,19.51851851851852,62.0,969.4926666666667,SITE 5,EXT
2026-06-09 18:00:00,57.16816666666667,48.18683333333333,36.277833333333334,27.351851851851855,20.092592592592595,64.9,969.374,SITE 5,EXT
2026-06-09 19:00:00,63.00216666666667,53.497,40.405,27.27777777777778,20.055555555555554,65.23333333333333,969.809,SITE 5,EXT
2026-06-09 20:00:00,67.731,60.129333333333335,44.81516666666666,27.018518518518523,20.12962962962963,66.83333333333333,970.5223333333332,SITE 5,EXT
2026-06-09 21:00:00,49.90965517241379,42.96068965517241,31.892758620689655,26.475095785440615,20.229885057471268,69.44827586206897,970.8496551724138,SITE 5,EXT
2026-06-09 22:00:00,46.27883333333333,39.80283333333333,28.782666666666668,26.555555555555557,20.444444444444446,69.86666666666666,971.33,SITE 5,EXT
2026-06-09 23:00:00,41.968666666666664,36.663000000000004,26.631833333333336,26.25925925925926,20.185185185185183,70.66666666666667,970.967,SITE 5,EXT
2026-06-10 00:00:00,40.45166666666667,35.47966666666667,25.98483333333333,26.12962962962963,20.333333333333332,70.86666666666666,970.4806666666666,SITE 5,EXT
2026-06-10 01:00:00,38.7248275862069,34.015,24.938103448275864,26.0727969348659,20.191570881226053,70.86206896551724,970.2558620689655,SITE 5,EXT
2026-06-10 02:00:00,38.4525,33.884166666666665,24.87366666666667,25.518518518518523,19.962962962962965,72.76666666666667,970.1446666666667,SITE 5,EXT
2026-06-10 03:00:00,38.54683333333333,33.89116666666667,25.289166666666667,25.944444444444446,20.314814814814817,71.53333333333333,970.0883333333334,SITE 5,EXT
2026-06-10 04:00:00,39.993833333333335,35.08133333333333,25.442999999999998,26.314814814814817,20.555555555555557,71.03333333333333,970.2833333333333,SITE 5,EXT
2026-06-10 05:00:00,41.023,35.79416666666667,25.755666666666666,26.38888888888889,20.703703703703702,71.5,970.429,SITE 5,EXT
2026-06-10 06:00:00,42.41362068965517,36.8601724137931,26.91844827586207,26.551724137931036,20.842911877394638,71.24137931034483,970.8275862068965,SITE 5,EXT
2026-06-10 07:00:00,39.032000000000004,34.24166666666667,24.981166666666663,27.055555555555557,20.98148148148148,69.8,971.1873333333333,SITE 5,EXT
2026-06-10 08:00:00,34.834666666666664,30.711166666666667,22.77,28.0,20.592592592592595,64.8,971.4889999999999,SITE 5,EXT
2026-06-10 09:00:00,35.34466666666666,31.258333333333333,23.219333333333335,29.166666666666668,20.592592592592595,60.4,971.8396666666666,SITE 5,EXT
2026-06-10 10:00:00,32.94916666666667,29.245833333333334,21.927333333333333,31.055555555555557,20.703703703703702,54.766666666666666,971.7243333333333,SITE 5,EXT
2026-06-10 11:00:00,38.46689655172413,33.26793103448276,25.30793103448276,33.16091954022989,20.938697318007666,49.10344827586207,971.3541379310345,SITE 5,EXT
2026-06-10 12:00:00,36.99583333333333,32.44,24.32133333333333,34.22222222222222,20.90740740740741,46.166666666666664,971.0293333333334,SITE 5,EXT
2026-06-10 13:00:00,33.673,29.493833333333335,22.025333333333332,34.72222222222222,20.98148148148148,45.2,970.3803333333333,SITE 5,EXT
2026-06-10 14:00:00,32.74066666666667,28.795666666666666,21.608666666666668,34.666666666666664,20.944444444444446,44.96666666666667,969.8173333333333,SITE 5,EXT
2026-06-10 15:00:00,31.62633333333333,27.815333333333335,21.104166666666668,34.648148148148145,20.666666666666668,44.5,969.1923333333333,SITE 5,EXT
2026-06-10 16:00:00,33.18655172413793,29.173448275862068,22.074310344827584,34.34865900383142,20.804597701149426,45.41379310344828,968.7586206896551,SITE 5,EXT
2026-06-10 17:00:00,34.886833333333335,30.704333333333334,23.04733333333333,34.074074074074076,20.77777777777778,46.0,968.6586666666667,SITE 5,EXT
2026-06-10 18:00:00,44.867666666666665,38.763000000000005,29.362666666666666,33.148148148148145,20.944444444444446,49.1,968.947,SITE 5,EXT
2026-06-10 19:00:00,58.213499999999996,50.09466666666666,38.95316666666667,32.2037037037037,21.40740740740741,53.56666666666667,969.2696666666667,SITE 5,EXT
2026-06-10 20:00:00,58.067166666666665,48.63066666666667,36.525999999999996,31.62962962962963,21.62962962962963,55.96666666666667,969.7416666666667,SITE 5,EXT
2026-06-10 21:00:00,70.47172413793103,62.195344827586204,45.470689655172414,31.149425287356323,21.57088122605364,57.41379310344828,970.5103448275862,SITE 5,EXT
2026-06-10 22:00:00,71.66166666666666,63.83283333333333,46.084500000000006,30.64814814814815,21.814814814814817,59.9,970.9233333333334,SITE 5,EXT
2026-06-10 23:00:00,79.17533333333334,73.87116666666667,52.57366666666667,30.0,21.75925925925926,61.93333333333333,970.9973333333332,SITE 5,EXT
2026-06-11 00:00:00,70.34283333333333,61.9085,45.11566666666667,29.722222222222225,21.62962962962963,62.333333333333336,970.9256666666666,SITE 5,EXT
2026-06-11 01:00:00,53.16137931034483,44.866379310344826,32.15603448275862,29.080459770114945,21.302681992337167,63.58620689655172,970.7682758620689,SITE 5,EXT
2026-06-11 02:00:00,40.20399999999999,35.54183333333333,25.486333333333334,28.88888888888889,21.11111111111111,63.93333333333333,970.4276666666667,SITE 5,EXT
2026-06-11 03:00:00,43.78916666666667,38.169333333333334,27.5455,28.88888888888889,21.314814814814817,64.36666666666666,970.0753333333333,SITE 5,EXT
2026-06-11 04:00:00,45.01466666666667,39.04266666666667,27.950833333333332,28.574074074074076,21.555555555555557,66.3,969.836,SITE 5,EXT
2026-06-11 05:00:00,49.670833333333334,42.41283333333333,30.648666666666664,28.14814814814815,21.48148148148148,67.8,969.7333333333333,SITE 5,EXT
2026-06-11 06:00:00,55.80637931034483,46.460344827586205,34.3598275862069,28.390804597701152,21.704980842911876,67.27586206896552,970.4410344827586,SITE 5,EXT
2026-06-11 07:00:00,53.4195,44.62466666666667,32.717333333333336,28.88888888888889,21.796296296296298,66.53333333333333,971.6236666666666,SITE 5,EXT
2026-06-11 08:00:00,45.785,39.42383333333333,28.113333333333333,29.75925925925926,21.85185185185185,63.03333333333333,972.3240000000001,SITE 5,EXT
2026-06-11 09:00:00,41.471333333333334,36.54716666666666,26.033666666666665,31.240740740740744,21.814814814814817,58.03333333333333,972.5580000000001,SITE 5,EXT
2026-06-11 10:00:00,41.997068965517244,36.86551724137931,27.283103448275863,33.35249042145594,22.049808429118773,52.172413793103445,972.0003448275861,SITE 5,EXT
2026-06-11 11:00:00,40.51533333333334,35.59316666666667,26.18316666666667,35.88888888888889,21.703703703703702,44.5,971.4493333333334,SITE 5,EXT
2026-06-11 12:00:00,39.999,35.541333333333334,26.4525,37.092592592592595,21.5,41.03333333333333,970.4396666666667,SITE 5,EXT
2026-06-11 13:00:00,38.839137931034486,34.02758620689655,24.529137931034484,37.088122605363985,21.32183908045977,40.51724137931034,969.6396551724138,SITE 5,EXT
2026-06-11 14:00:00,26.09689655172414,23.41103448275862,18.087413793103448,27.796934865900386,20.91954022988506,67.17241379310344,970.4927586206896,SITE 5,EXT
2026-06-11 15:00:00,29.014166666666664,25.95716666666667,19.99416666666667,28.64814814814815,21.5,65.93333333333334,969.9723333333333,SITE 5,EXT
2026-06-11 16:00:00,29.132241379310347,25.88206896551724,20.240000000000002,28.141762452107283,20.78544061302682,64.82758620689656,969.3072413793103,SITE 5,EXT
2026-06-11 17:00:00,42.31816666666667,36.87383333333333,27.5965,27.240740740740744,21.296296296296298,70.9,969.1333333333333,SITE 5,EXT
2026-06-11 18:00:00,40.225,35.3545,26.512166666666666,27.333333333333336,21.51851851851852,71.1,969.5503333333332,SITE 5,EXT
2026-06-11 19:00:00,41.231,36.049166666666665,26.772666666666666,27.333333333333336,21.24074074074074,70.2,970.2456666666666,SITE 5,EXT
2026-06-11 20:00:00,48.62683333333334,41.223333333333336,28.9975,26.870370370370374,21.444444444444446,72.6,970.6346666666667,SITE 5,EXT
2026-06-11 21:00:00,45.64086206896552,39.3001724137931,27.94689655172414,27.011494252873565,21.532567049808428,72.58620689655173,970.6165517241379,SITE 5,EXT
2026-06-11 22:00:00,40.55333333333333,35.653999999999996,25.531,27.03703703703704,21.462962962962965,72.36666666666666,970.9493333333334,SITE 5,EXT
2026-06-11 23:00:00,36.05683333333333,31.9615,23.32133333333333,27.203703703703706,21.14814814814815,70.73333333333333,970.7643333333333,SITE 5,EXT
2026-06-12 00:00:00,34.424,30.442,22.297666666666665,26.870370370370374,21.296296296296298,72.06666666666666,970.4393333333334,SITE 5,EXT
2026-06-12 01:00:00,35.7145,31.4165,23.166,26.444444444444446,21.22222222222222,73.96666666666667,970.4693333333333,SITE 5,EXT
2026-06-12 02:00:00,36.925000000000004,32.180689655172415,24.33586206896552,26.532567049808428,21.226053639846743,73.48275862068965,970.1710344827586,SITE 5,EXT
2026-06-12 03:00:00,36.8295,32.06166666666667,24.272499999999997,26.64814814814815,21.09259259259259,72.43333333333334,970.0216666666668,SITE 5,EXT
2026-06-12 04:00:00,38.273,33.21,25.815833333333334,26.537037037037035,20.98148148148148,73.0,970.3936666666667,SITE 5,EXT
2026-06-12 05:00:00,40.917500000000004,35.7595,27.852166666666665,26.38888888888889,21.01851851851852,73.23333333333333,970.7826666666666,SITE 5,EXT
2026-06-12 06:00:00,44.78416666666667,39.05316666666667,30.101333333333333,26.38888888888889,21.037037037037035,73.23333333333333,971.6990000000001,SITE 5,EXT
2026-06-12 07:00:00,41.734655172413795,36.47689655172414,27.618275862068966,26.49425287356322,21.245210727969347,73.3103448275862,972.3665517241379,SITE 5,EXT
2026-06-12 08:00:00,38.95916666666667,34.34766666666667,25.534499999999998,27.685185185185187,21.35185185185185,69.0,972.7946666666667,SITE 5,EXT
2026-06-12 09:00:00,35.281166666666664,30.960333333333335,23.400166666666667,28.685185185185183,21.092592592592595,64.56666666666666,973.1563333333332,SITE 5,EXT
2026-06-12 10:00:00,32.89033333333334,28.971,21.681833333333334,30.296296296296298,20.833333333333332,57.46666666666667,973.0826666666667,SITE 5,EXT
2026-06-12 11:00:00,34.13883333333333,30.090500000000002,22.572,30.98148148148148,21.27777777777778,56.7,972.806,SITE 5,EXT
2026-06-12 12:00:00,33.33155172413793,29.207241379310343,22.31706896551724,33.10344827586207,21.666666666666668,51.37931034482759,972.2372413793104,SITE 5,EXT
2026-06-12 13:00:00,34.41316666666667,30.384333333333334,22.50133333333333,34.2037037037037,21.666666666666668,48.53333333333333,971.7363333333334,SITE 5,EXT
2026-06-12 14:00:00,36.79,32.63066666666666,24.367666666666665,35.166666666666664,21.62962962962963,45.766666666666666,971.0310000000001,SITE 5,EXT
2026-06-12 15:00:00,35.045833333333334,31.029333333333334,22.882,35.592592592592595,21.537037037037035,44.43333333333333,970.3233333333334,SITE 5,EXT
2026-06-12 16:00:00,34.708275862068966,30.79362068965517,22.445,35.0,21.417624521072796,45.41379310344828,970.0537931034484,SITE 5,EXT
2026-06-12 17:00:00,41.88633333333333,36.574333333333335,26.602666666666668,33.7962962962963,21.296296296296298,48.5,970.109,SITE 5,EXT
2026-06-12 18:00:00,55.39149999999999,47.719500000000004,34.558166666666665,32.833333333333336,21.61111111111111,52.03333333333333,970.579,SITE 5,EXT
2026-06-12 19:00:00,75.8815,69.317,50.80016666666667,32.03703703703704,21.90740740740741,55.8,971.2626666666667,SITE 5,EXT
2026-06-12 20:00:00,90.53666666666666,85.82300000000001,59.93716666666667,31.53703703703704,22.333333333333332,58.63333333333333,971.9963333333333,SITE 5,EXT
2026-06-12 21:00:00,50.588793103448275,42.76120689655173,30.323793103448274,30.65134099616858,22.318007662835246,61.827586206896555,972.5982758620689,SITE 5,EXT
2026-06-12 22:00:00,42.06583333333333,36.787,26.18933333333333,30.12962962962963,22.22222222222222,63.56666666666667,973.033,SITE 5,EXT
2026-06-12 23:00:00,40.04,35.2515,25.1725,30.0,22.22222222222222,63.8,973.2133333333334,SITE 5,EXT
2026-06-13 00:00:00,42.29183333333333,36.963166666666666,26.450166666666668,30.0,22.203703703703702,63.4,972.7379999999999,SITE 5,EXT
2026-06-13 01:00:00,37.75844827586207,33.365172413793104,23.96948275862069,29.712643678160923,22.088122605363985,63.96551724137931,971.9379310344827,SITE 5,EXT
2026-06-13 02:00:00,41.270833333333336,36.226,26.079333333333334,29.14814814814815,22.09259259259259,66.2,971.507,SITE 5,EXT
2026-06-13 03:00:00,41.808,36.55233333333333,26.882166666666667,28.351851851851855,21.685185185185183,68.53333333333333,971.1813333333333,SITE 5,EXT
2026-06-13 04:00:00,40.74916666666666,35.667500000000004,26.177,28.351851851851855,21.740740740740744,67.93333333333334,971.5853333333333,SITE 5,EXT
2026-06-13 05:00:00,45.31965517241379,39.41310344827586,28.729482758620687,28.333333333333336,21.954022988505745,69.24137931034483,971.8613793103448,SITE 5,EXT
2026-06-13 06:00:00,49.6605,42.3605,31.176666666666666,28.722222222222225,22.055555555555554,68.23333333333333,972.5553333333334,SITE 5,EXT
2026-06-13 07:00:00,56.443999999999996,47.211,34.106833333333334,29.092592592592595,22.296296296296298,67.66666666666667,972.6919999999999,SITE 5,EXT
2026-06-13 08:00:00,43.71333333333334,38.07816666666667,27.089833333333335,30.296296296296298,22.407407407407405,63.333333333333336,973.1129999999999,SITE 5,EXT
2026-06-13 09:00:00,41.207,36.18933333333334,25.8155,30.870370370370374,22.22222222222222,60.6,973.1020000000001,SITE 5,EXT
2026-06-13 10:00:00,41.478833333333334,36.30766666666667,26.811666666666667,32.370370370370374,22.62962962962963,56.8,972.9536666666667,SITE 5,EXT
2026-06-13 11:00:00,41.512166666666666,36.28966666666667,27.17233333333333,33.833333333333336,22.314814814814817,51.666666666666664,973.1056666666667,SITE 5,EXT
2026-06-13 12:00:00,40.077413793103446,35.140689655172416,25.790172413793105,34.23371647509579,22.39463601532567,50.58620689655172,972.8279310344827,SITE 5,EXT
2026-06-13 13:00:00,41.71216666666667,36.32616666666667,26.872833333333332,36.38888888888889,22.24074074074074,44.4,971.785,SITE 5,EXT
2026-06-13 14:00:00,38.434666666666665,33.7535,25.055166666666665,36.94444444444445,22.25925925925926,43.03333333333333,970.316,SITE 5,EXT
2026-06-13 15:00:00,51.94716666666667,46.650999999999996,33.616166666666665,35.94444444444445,21.72222222222222,44.1,969.4646666666666,SITE 5,EXT
2026-06-13 16:00:00,43.310517241379316,37.552241379310345,27.527413793103445,30.708812260536398,20.574712643678165,55.241379310344826,969.773448275862,SITE 5,EXT
2026-06-13 17:00:00,41.285,36.5,26.259999999999998,29.444444444444446,20.0,57.0,969.68,SITE 5,EXT
2026-06-13 18:00:00,26.116176470588236,23.490882352941178,18.372647058823528,26.27450980392157,20.522875816993466,71.0,971.5600000000001,SITE 5,EXT
2026-06-13 19:00:00,29.00206896551724,25.80155172413793,19.731034482758623,28.1992337164751,21.0727969348659,65.55172413793103,973.8610344827587,SITE 5,EXT
2026-06-13 20:00:00,26.944666666666667,24.017833333333332,18.519333333333336,27.90740740740741,20.740740740740744,65.9,974.7656666666667,SITE 5,EXT
2026-06-13 21:00:00,23.571833333333334,21.44183333333333,16.9925,27.592592592592595,21.14814814814815,68.36666666666666,975.022,SITE 5,EXT
2026-06-13 22:00:00,23.217666666666666,21.204166666666666,16.944833333333335,27.870370370370374,20.962962962962965,66.8,974.8073333333334,SITE 5,EXT
2026-06-13 23:00:00,29.833833333333335,26.578500000000002,20.242,27.351851851851855,21.11111111111111,69.36666666666666,973.9533333333333,SITE 5,EXT
2026-06-14 00:00:00,26.839666666666666,24.209166666666665,18.721999999999998,26.055555555555554,20.833333333333332,73.36666666666666,972.7056666666666,SITE 5,EXT
2026-06-14 01:00:00,22.397241379310344,20.75051724137931,16.663275862068964,26.03448275862069,20.708812260536398,73.37931034482759,971.2513793103449,SITE 5,EXT
2026-06-14 02:00:00,22.815166666666666,21.0295,16.78066666666667,25.555555555555557,20.555555555555557,74.23333333333333,970.537,SITE 5,EXT
2026-06-14 03:00:00,24.121666666666666,21.967666666666666,17.202,25.555555555555557,20.555555555555557,74.93333333333334,970.409,SITE 5,EXT
2026-06-14 04:00:00,29.567166666666665,26.370833333333334,20.169,25.555555555555557,20.592592592592595,75.3,970.7543333333334,SITE 5,EXT
2026-06-14 05:00:00,29.803833333333333,26.2695,21.491333333333333,25.962962962962965,20.555555555555557,72.96666666666667,971.1806666666666,SITE 5,EXT
2026-06-14 06:00:00,28.275344827586206,25.020344827586207,19.92155172413793,26.226053639846743,20.325670498084293,70.48275862068965,971.8293103448276,SITE 5,EXT
2026-06-14 07:00:00,29.648833333333336,26.258333333333333,20.709333333333333,26.09259259259259,20.222222222222225,70.76666666666667,972.6306666666667,SITE 5,EXT
2026-06-14 08:00:00,32.887166666666666,28.681499999999996,22.041999999999998,27.055555555555557,20.37037037037037,67.43333333333334,973.0646666666667,SITE 5,EXT
2026-06-14 09:00:00,24.171666666666667,21.892166666666665,17.5965,27.85185185185185,20.074074074074076,63.2,973.8580000000001,SITE 5,EXT
2026-06-14 10:00:00,25.11637931034483,22.659655172413792,17.988793103448273,28.582375478927204,20.229885057471268,61.03448275862069,974.08,SITE 5,EXT
2026-06-14 11:00:00,21.59916666666667,19.885499999999997,16.049333333333333,29.555555555555557,20.240740740740744,57.833333333333336,974.0740000000001,SITE 5,EXT
2026-06-14 12:00:00,25.605,23.345666666666666,18.0385,30.11111111111111,20.444444444444446,56.7,973.7513333333334,SITE 5,EXT
2026-06-14 13:00:00,25.1205,22.54866666666667,17.836833333333335,31.53703703703704,20.51851851851852,52.666666666666664,972.8416666666667,SITE 5,EXT
2026-06-14 14:00:00,27.372666666666664,23.859333333333332,19.70716666666667,32.31481481481482,20.27777777777778,49.46666666666667,972.2153333333333,SITE 5,EXT
2026-06-14 15:00:00,29.641551724137933,25.87620689655172,21.515862068965518,32.337164750957854,20.191570881226053,49.0,971.6017241379311,SITE 5,EXT
2026-06-14 16:00:00,32.94316666666666,28.535833333333336,23.087666666666667,32.75925925925926,20.592592592592595,49.03333333333333,971.3733333333333,SITE 5,EXT
2026-06-14 17:00:00,36.1798,31.7986,24.7844,31.822222222222223,20.244444444444447,50.96,971.4984,SITE 5,EXT
2026-06-14 18:00:00,37.728833333333334,33.16316666666667,25.140333333333334,31.03703703703704,20.462962962962965,53.86666666666667,971.5513333333333,SITE 5,EXT
2026-06-14 19:00:00,48.847166666666666,42.227999999999994,31.692999999999998,30.314814814814817,20.814814814814817,57.43333333333333,972.3483333333334,SITE 5,EXT
2026-06-14 20:00:00,49.924827586206895,42.63086206896552,31.605862068965514,29.808429118773947,21.091954022988503,60.206896551724135,973.0637931034482,SITE 5,EXT
2026-06-14 21:00:00,53.63333333333333,45.21333333333334,33.80266666666667,29.444444444444446,21.11111111111111,62.0,973.6476666666666,SITE 5,EXT
2026-06-14 22:00:00,40.76683333333334,36.024,26.701833333333333,28.888888888888893,21.12962962962963,63.733333333333334,974.0413333333332,SITE 5,EXT
2026-06-14 23:00:00,34.66816666666667,30.7535,23.250999999999998,28.462962962962965,21.092592592592595,65.06666666666666,974.0906666666667,SITE 5,EXT
2026-06-15 00:00:00,28.897499999999997,25.773333333333333,20.135833333333334,27.85185185185185,21.0,66.7,973.6436666666667,SITE 5,EXT
2026-06-15 01:00:00,29.684310344827587,26.399482758620692,20.470344827586207,27.75862068965517,20.938697318007662,66.72413793103448,973.2006896551724,SITE 5,EXT
2026-06-15 02:00:00,30.043833333333335,26.851833333333335,20.6995,27.31481481481482,20.88888888888889,68.5,972.465,SITE 5,EXT
2026-06-15 03:00:00,28.598166666666668,25.517666666666667,19.940333333333335,27.03703703703704,20.925925925925927,70.13333333333334,972.3043333333334,SITE 5,EXT
2026-06-15 04:00:00,29.102333333333334,25.851666666666667,19.982666666666667,26.90740740740741,20.925925925925927,70.53333333333333,972.571,SITE 5,EXT
2026-06-15 05:00:00,32.708666666666666,28.877333333333336,22.304666666666666,26.722222222222225,20.833333333333332,71.13333333333334,972.7003333333333,SITE 5,EXT
2026-06-15 06:00:00,34.94862068965517,30.980344827586205,23.73448275862069,26.647509578544064,21.091954022988503,72.65517241379311,973.1,SITE 5,EXT
2026-06-15 07:00:00,35.183,31.1275,23.6855,27.03703703703704,21.166666666666668,70.8,973.5153333333333,SITE 5,EXT
2026-06-15 08:00:00,37.217666666666666,32.944,25.949833333333334,28.296296296296298,21.35185185185185,66.9,973.8496666666666,SITE 5,EXT
2026-06-15 09:00:00,30.006333333333334,26.608833333333333,20.632166666666667,29.574074074074076,21.40740740740741,61.833333333333336,974.0723333333333,SITE 5,EXT
2026-06-15 10:00:00,28.897758620689654,25.6651724137931,20.326206896551724,31.800766283524908,21.57088122605364,55.310344827586206,973.8048275862069,SITE 5,EXT
2026-06-15 11:00:00,33.817166666666665,30.378833333333333,23.319333333333336,34.38888888888889,21.574074074074076,47.56666666666667,972.9196666666667,SITE 5,EXT
2026-06-15 12:00:00,42.04933333333334,38.59083333333333,28.535999999999998,36.62962962962963,21.51851851851852,41.9,972.0253333333334,SITE 5,EXT
2026-06-15 13:00:00,36.11366666666667,31.72283333333333,24.613666666666667,37.55555555555556,21.25925925925926,39.166666666666664,970.8793333333334,SITE 5,EXT
2026-06-15 14:00:00,43.03655172413793,38.0103448275862,30.04706896551724,37.8544061302682,21.091954022988503,38.310344827586206,970.1348275862069,SITE 5,EXT
2026-06-15 15:00:00,32.7375,28.4705,22.5125,38.05555555555556,20.685185185185183,36.833333333333336,969.6653333333333,SITE 5,EXT
2026-06-15 16:00:00,36.817,31.961666666666666,25.824166666666667,37.24074074074074,20.685185185185183,38.6,969.5403333333333,SITE 5,EXT
2026-06-15 17:00:00,35.142833333333336,30.917333333333332,23.726,36.05555555555556,20.814814814814817,41.46666666666667,969.4113333333333,SITE 5,EXT
2026-06-15 18:00:00,40.698166666666665,35.45766666666667,26.86416666666667,34.833333333333336,21.27777777777778,45.56666666666667,969.8870000000001,SITE 5,EXT
2026-06-15 19:00:00,44.878793103448274,39.14655172413793,29.29448275862069,34.06130268199234,21.666666666666668,48.827586206896555,970.6934482758621,SITE 5,EXT
2026-06-15 20:00:00,35.76483333333333,31.295666666666666,23.793166666666664,31.53703703703704,20.35185185185185,51.8,971.371,SITE 5,EXT
2026-06-15 21:00:00,22.220833333333335,20.169833333333333,16.112666666666666,29.12962962962963,18.703703703703702,53.7,971.7860000000001,SITE 5,EXT
2026-06-15 22:00:00,25.90583333333333,22.578333333333333,17.742833333333333,28.88888888888889,18.925925925925927,55.46666666666667,971.922,SITE 5,EXT
2026-06-15 23:00:00,23.84416666666667,21.229,16.638333333333332,28.833333333333332,19.722222222222225,58.4,971.9983333333333,SITE 5,EXT
2026-06-16 00:00:00,24.2001724137931,21.86758620689655,17.138275862068966,28.869731800766285,20.057471264367816,59.793103448275865,971.9224137931035,SITE 5,EXT
2026-06-16 01:00:00,23.248,21.0015,16.53216666666667,28.87037037037037,20.296296296296298,60.333333333333336,971.3296666666666,SITE 5,EXT
2026-06-16 02:00:00,24.2755,21.952,17.074166666666667,28.518518518518523,20.185185185185183,61.5,971.0243333333333,SITE 5,EXT
2026-06-16 03:00:00,21.675333333333334,19.903166666666667,15.750166666666667,27.90740740740741,19.796296296296298,62.0,970.5580000000001,SITE 5,EXT
2026-06-16 04:00:00,22.552413793103447,20.598620689655174,16.293793103448277,27.52873563218391,19.712643678160923,63.03448275862069,970.4920689655172,SITE 5,EXT
2026-06-16 05:00:00,30.43933333333333,26.92233333333333,20.56683333333333,27.574074074074076,20.203703703703706,64.9,970.7330000000001,SITE 5,EXT
2026-06-16 06:00:00,34.422000000000004,30.466,23.029,27.740740740740744,20.518518518518523,65.8,971.0396666666667,SITE 5,EXT
2026-06-16 07:00:00,34.938833333333335,30.772833333333335,23.103166666666667,28.314814814814817,20.944444444444446,65.03333333333333,971.472,SITE 5,EXT
2026-06-16 08:00:00,33.77448275862069,29.89862068965517,22.625172413793102,29.46360153256705,21.26436781609195,61.96551724137931,971.7906896551724,SITE 5,EXT
2026-06-16 09:00:00,33.129333333333335,29.336666666666666,22.389,31.333333333333332,21.77777777777778,57.43333333333333,972.4,SITE 5,EXT
2026-06-16 10:00:00,34.15266666666666,30.042666666666666,23.086166666666667,33.5,21.944444444444446,51.4,972.561,SITE 5,EXT
2026-06-16 11:00:00,33.076,29.177500000000002,22.465,35.57407407407407,22.0,45.833333333333336,972.1556666666667,SITE 5,EXT
2026-06-16 12:00:00,34.592241379310344,30.43293103448276,23.640172413793106,37.43295019157088,22.03065134099617,41.48275862068966,971.4731034482759,SITE 5,EXT
2026-06-16 13:00:00,37.629333333333335,32.83983333333334,25.997166666666665,37.62962962962963,21.75925925925926,40.166666666666664,970.8520000000001,SITE 5,EXT
2026-06-16 14:00:00,41.11300000000001,35.64183333333333,29.02583333333333,38.01851851851852,21.61111111111111,38.93333333333333,970.1039999999999,SITE 5,EXT
2026-06-16 15:00:00,38.13816666666666,33.38733333333333,25.794333333333334,37.092592592592595,21.296296296296298,40.333333333333336,969.4123333333333,SITE 5,EXT
2026-06-16 16:00:00,43.621,37.52883333333333,28.714333333333332,36.092592592592595,20.85185185185185,41.6,969.1626666666667,SITE 5,EXT
2026-06-16 17:00:00,54.16379310344828,49.032758620689656,39.63965517241379,31.379310344827587,20.45977011494253,52.62068965517241,968.6720689655172,SITE 5,EXT
2026-06-16 18:00:00,69.78299999999999,63.02833333333333,48.747,31.925925925925927,21.01851851851852,52.9,968.8833333333333,SITE 5,EXT
2026-06-16 19:00:00,87.34616666666668,81.91183333333333,59.83383333333334,31.462962962962965,21.27777777777778,55.2,970.25,SITE 5,EXT
2026-06-16 20:00:00,87.80666666666666,82.09333333333333,60.139,31.77777777777778,21.666666666666668,55.53333333333333,970.806,SITE 5,EXT
2026-06-16 21:00:00,66.01206896551724,56.589999999999996,42.262241379310346,31.072796934865902,21.762452107279692,58.241379310344826,971.5931034482759,SITE 5,EXT
2026-06-16 22:00:00,44.11566666666667,38.3335,28.304,30.296296296296298,21.814814814814817,61.1,971.8846666666667,SITE 5,EXT
2026-06-16 23:00:00,36.665166666666664,32.38333333333333,24.338833333333334,29.5,21.22222222222222,62.06666666666667,971.955,SITE 5,EXT
2026-06-17 00:00:00,35.733333333333334,31.7145,23.721,29.240740740740744,21.462962962962965,63.03333333333333,971.5453333333334,SITE 5,EXT
2026-06-17 01:00:00,34.97810344827586,31.099310344827586,23.277758620689653,28.869731800766285,21.245210727969347,64.27586206896552,970.7824137931034,SITE 5,EXT
2026-06-17 02:00:00,37.843333333333334,33.6325,25.098333333333336,28.574074074074076,21.333333333333332,65.36666666666666,970.35,SITE 5,EXT
2026-06-17 03:00:00,40.097833333333334,35.412,26.06683333333333,28.64814814814815,21.425925925925927,65.43333333333334,970.0310000000001,SITE 5,EXT
2026-06-17 04:00:00,40.32449999999999,35.72533333333333,26.114333333333335,28.64814814814815,21.425925925925927,65.16666666666667,970.1843333333333,SITE 5,EXT
2026-06-17 05:00:00,44.28,38.441,28.056333333333335,28.333333333333336,21.11111111111111,65.63333333333334,971.2376666666667,SITE 5,EXT
2026-06-17 06:00:00,46.91741379310345,40.403965517241375,29.67137931034483,28.409961685823756,21.187739463601535,65.10344827586206,972.1624137931034,SITE 5,EXT
2026-06-17 07:00:00,49.93633333333333,42.35066666666667,31.042166666666667,28.333333333333336,21.296296296296298,66.5,972.9533333333333,SITE 5,EXT
2026-06-17 08:00:00,50.22983333333333,42.438,30.539666666666665,28.296296296296298,21.462962962962965,66.8,973.4493333333334,SITE 5,EXT
2026-06-17 09:00:00,42.356833333333334,36.829166666666666,26.703333333333333,29.314814814814817,21.166666666666668,62.266666666666666,973.4643333333333,SITE 5,EXT
2026-06-17 10:00:00,37.618448275862065,33.00258620689655,24.39034482758621,31.45593869731801,20.99616858237548,54.48275862068966,973.4386206896552,SITE 5,EXT
2026-06-17 11:00:00,40.63583333333334,35.477333333333334,26.797666666666668,32.833333333333336,21.185185185185183,50.766666666666666,973.8273333333333,SITE 5,EXT
2026-06-17 12:00:00,35.23916666666666,31.081666666666667,23.42716666666667,34.2037037037037,21.27777777777778,47.333333333333336,973.815,SITE 5,EXT
2026-06-17 13:00:00,36.624,32.288666666666664,24.312333333333335,34.851851851851855,21.296296296296298,45.53333333333333,972.981,SITE 5,EXT
2026-06-17 14:00:00,40.036500000000004,34.81516666666666,27.176166666666667,36.592592592592595,21.0,40.766666666666666,971.8236666666667,SITE 5,EXT
2026-06-17 15:00:00,43.26566666666667,37.47366666666667,29.01033333333333,36.20370370370371,21.092592592592595,41.733333333333334,970.9843333333333,SITE 5,EXT
2026-06-17 16:00:00,48.7115,42.242,33.044333333333334,36.72222222222222,21.14814814814815,40.6,970.4673333333334,SITE 5,EXT
2026-06-17 17:00:00,57.29120689655172,51.47327586206896,40.11137931034483,36.13026819923372,20.95785440613027,41.55172413793103,970.1879310344827,SITE 5,EXT
2026-06-17 18:00:00,47.73383333333334,40.631499999999996,30.367666666666665,34.44444444444444,20.98148148148148,45.9,969.5699999999999,SITE 5,EXT
2026-06-17 19:00:00,65.72116666666666,56.42549999999999,42.19616666666666,33.48148148148149,21.574074074074076,50.1,970.0046666666666,SITE 5,EXT
2026-06-17 20:00:00,76.50033333333334,69.77783333333333,51.57483333333334,33.148148148148145,21.666666666666668,51.43333333333333,971.2406666666667,SITE 5,EXT
2026-06-17 21:00:00,79.20344827586207,72.84551724137931,53.37310344827586,32.547892720306514,21.800766283524908,53.55172413793103,972.0989655172414,SITE 5,EXT
2026-06-17 22:00:00,64.875,55.44683333333333,41.099000000000004,31.703703703703702,21.203703703703702,54.733333333333334,972.6756666666666,SITE 5,EXT
2026-06-17 23:00:00,75.84383333333334,68.79933333333334,49.382333333333335,31.240740740740744,21.944444444444446,57.9,972.2996666666667,SITE 5,EXT
2026-06-18 00:00:00,70.2615,61.8045,45.402166666666666,31.092592592592595,21.925925925925927,58.733333333333334,971.967,SITE 5,EXT
2026-06-18 01:00:00,63.24896551724138,53.51379310344828,39.801034482758624,30.65134099616858,22.011494252873565,60.48275862068966,971.8355172413793,SITE 5,EXT
2026-06-18 02:00:00,58.5595,49.02883333333333,36.549166666666665,30.166666666666668,21.814814814814817,61.666666666666664,971.4946666666667,SITE 5,EXT
2026-06-18 03:00:00,56.1225,46.661249999999995,34.80625,30.0,21.805555555555557,62.25,971.1491666666667,SITE 5,EXT
