datetime,PM10,PM25,PM1,temp_c,dewpoint_c,humidity,pressure_hpa,site,location
2025-12-01 00:00:00,38.6455,33.81283333333333,21.7875,31.16666666666667,20.40740740740741,53.4,964.3050000000001,SITE 4,INT
2025-12-01 01:00:00,33.716166666666666,30.796499999999998,19.967499999999998,31.129629629629633,20.425925925925927,53.36666666666667,963.7896666666667,SITE 4,INT
2025-12-01 02:00:00,28.572499999999998,26.957333333333334,17.615833333333335,30.833333333333336,20.35185185185185,54.36666666666667,963.421,SITE 4,INT
2025-12-01 03:00:00,29.406833333333335,27.725833333333334,18.06883333333333,30.333333333333332,20.462962962962965,56.13333333333333,963.2296666666666,SITE 4,INT
2025-12-01 04:00:00,29.361666666666668,27.94333333333333,17.9715,29.425925925925927,20.185185185185183,58.233333333333334,963.5716666666667,SITE 4,INT
2025-12-01 05:00:00,38.23716666666667,33.628,21.717499999999998,29.14814814814815,20.0,58.2,964.1370000000001,SITE 4,INT
2025-12-01 06:00:00,38.49709677419355,33.895483870967745,22.138870967741937,28.870967741935484,19.96415770609319,59.096774193548384,964.8038709677419,SITE 4,INT
2025-12-01 07:00:00,34.53333333333333,31.308,20.37816666666667,28.62962962962963,20.185185185185183,60.6,965.5436666666667,SITE 4,INT
2025-12-01 08:00:00,27.938333333333333,26.08833333333333,16.9695,29.518518518518523,19.48148148148148,55.36666666666667,965.9770000000001,SITE 4,INT
2025-12-01 09:00:00,34.80433333333333,31.253666666666668,20.272499999999997,30.592592592592595,19.185185185185183,50.86666666666667,966.3140000000001,SITE 4,INT
2025-12-01 10:00:00,26.137833333333333,23.994333333333334,15.257166666666667,31.925925925925927,19.740740740740744,49.166666666666664,966.2616666666667,SITE 4,INT
2025-12-01 11:00:00,22.020166666666668,20.68566666666667,13.709333333333332,33.72222222222222,20.296296296296298,45.63333333333333,965.6883333333334,SITE 4,INT
2025-12-01 12:00:00,24.278166666666667,22.568666666666665,14.8765,35.24074074074074,19.98148148148148,41.3,964.7853333333334,SITE 4,INT
2025-12-01 13:00:00,22.413833333333333,21.05483333333333,14.043333333333333,36.07407407407408,19.61111111111111,38.43333333333333,964.0173333333333,SITE 4,INT
2025-12-01 14:00:00,23.738225806451613,22.473709677419357,15.036612903225807,37.58064516129032,19.444444444444446,34.935483870967744,963.3806451612903,SITE 4,INT
2025-12-01 15:00:00,24.623,23.3935,15.547333333333334,37.851851851851855,19.555555555555557,34.666666666666664,962.9316666666667,SITE 4,INT
2025-12-01 16:00:00,25.547,24.34325,16.117,36.97222222222222,19.416666666666668,36.1,962.742,SITE 4,INT
2025-12-01 18:00:00,47.65714285714286,39.699999999999996,25.357499999999998,32.77777777777778,20.31746031746032,48.142857142857146,964.2164285714287,SITE 4,INT
2025-12-01 19:00:00,48.367,40.33266666666667,25.833333333333332,33.833333333333336,20.0,44.63333333333333,965.099,SITE 4,INT
2025-12-01 20:00:00,63.68216666666667,53.03633333333333,33.008833333333335,33.68518518518519,19.62962962962963,43.766666666666666,965.9173333333333,SITE 4,INT
2025-12-01 21:00:00,45.97870967741935,38.9641935483871,25.179516129032258,33.18996415770609,19.60573476702509,45.064516129032256,966.3267741935484,SITE 4,INT
2025-12-01 22:00:00,37.19433333333333,32.79833333333333,20.869666666666667,31.27777777777778,19.722222222222225,50.766666666666666,966.3846666666667,SITE 4,INT
2025-12-01 23:00:00,29.951,27.856499999999997,17.895166666666668,31.27777777777778,19.592592592592595,50.233333333333334,965.9533333333333,SITE 4,INT
2025-12-02 00:00:00,31.401833333333336,28.97416666666667,18.409166666666668,31.296296296296298,19.85185185185185,51.06666666666667,965.366,SITE 4,INT
2025-12-02 01:00:00,26.591166666666666,25.16,16.1795,31.03703703703704,19.944444444444446,52.233333333333334,964.697,SITE 4,INT
2025-12-02 02:00:00,25.791166666666665,24.418166666666664,15.718166666666667,30.685185185185187,19.62962962962963,51.9,963.9256666666666,SITE 4,INT
2025-12-02 03:00:00,23.419833333333333,22.418833333333332,14.698333333333332,30.203703703703702,19.62962962962963,53.56666666666667,963.4216666666667,SITE 4,INT
2025-12-02 04:00:00,30.918166666666668,28.6435,18.555833333333336,29.98148148148148,19.61111111111111,53.93333333333333,963.7496666666667,SITE 4,INT
2025-12-02 05:00:00,42.64661290322581,36.718387096774194,23.81048387096774,29.910394265232977,19.982078853046595,55.41935483870968,964.3070967741936,SITE 4,INT
2025-12-02 06:00:00,79.98816666666667,72.57633333333334,45.522333333333336,29.592592592592595,19.925925925925927,56.86666666666667,965.0516666666666,SITE 4,INT
2025-12-02 07:00:00,86.6555,80.26883333333333,50.994166666666665,29.90740740740741,20.222222222222225,56.63333333333333,965.2223333333333,SITE 4,INT
2025-12-02 08:00:00,40.50016666666667,35.28666666666666,22.835166666666666,30.925925925925927,20.51851851851852,54.13333333333333,965.9436666666667,SITE 4,INT
2025-12-02 09:00:00,29.931333333333335,27.790666666666667,17.981333333333335,31.98148148148148,20.87037037037037,52.2,965.8633333333333,SITE 4,INT
2025-12-02 10:00:00,26.80633333333333,25.425333333333334,16.8535,33.75925925925926,20.666666666666668,46.833333333333336,965.5246666666667,SITE 4,INT
2025-12-02 11:00:00,25.39,24.046666666666667,15.898166666666667,34.907407407407405,20.61111111111111,43.733333333333334,964.9763333333334,SITE 4,INT
2025-12-02 12:00:00,25.311451612903223,24.05822580645161,15.889999999999999,36.075268817204304,20.053763440860212,39.58064516129032,964.1212903225806,SITE 4,INT
2025-12-02 13:00:00,24.506666666666668,23.326999999999998,15.617166666666666,36.24074074074075,19.962962962962965,38.9,963.2376666666667,SITE 4,INT
2025-12-02 14:00:00,26.948833333333333,25.315833333333334,16.601666666666667,34.666666666666664,20.240740740740744,43.266666666666666,962.7473333333332,SITE 4,INT
2025-12-02 15:00:00,28.1,26.469333333333335,17.642999999999997,33.22222222222222,20.185185185185183,46.666666666666664,962.314,SITE 4,INT
2025-12-02 16:00:00,29.266833333333334,27.650666666666666,18.4825,34.777777777777786,20.25925925925926,42.96666666666667,962.4473333333333,SITE 4,INT
2025-12-02 17:00:00,45.449,38.980333333333334,25.6665,34.77777777777778,20.814814814814817,44.56666666666667,963.1859999999999,SITE 4,INT
2025-12-02 18:00:00,54.70816666666666,45.32383333333333,30.2505,34.092592592592595,21.296296296296298,47.8,964.2066666666667,SITE 4,INT
2025-12-02 19:00:00,43.961999999999996,37.63,24.708000000000002,32.98148148148148,21.11111111111111,50.233333333333334,965.0156666666667,SITE 4,INT
2025-12-02 20:00:00,25.13290322580645,23.96758064516129,15.835806451612903,31.34408602150538,20.358422939068102,52.41935483870968,965.8458064516129,SITE 4,INT
2025-12-02 21:00:00,22.950166666666668,21.9995,14.662333333333333,31.5,19.98148148148148,50.86666666666667,966.6020000000001,SITE 4,INT
2025-12-02 22:00:00,29.531,27.72233333333333,18.358833333333333,31.03703703703704,20.5,54.0,966.6376666666667,SITE 4,INT
2025-12-02 23:00:00,20.3565,19.51066666666667,12.908333333333333,30.11111111111111,19.703703703703702,54.4,966.2606666666667,SITE 4,INT
2025-12-03 00:00:00,19.293499999999998,18.482333333333333,12.415833333333333,29.518518518518523,19.0,53.9,965.8253333333333,SITE 4,INT
2025-12-03 01:00:00,22.925833333333333,21.730666666666664,14.354999999999999,29.925925925925927,19.055555555555557,52.9,965.6146666666666,SITE 4,INT
2025-12-03 02:00:00,22.368333333333332,21.4465,14.41,29.425925925925927,18.333333333333336,51.63333333333333,965.1923333333333,SITE 4,INT
2025-12-03 03:00:00,21.50532258064516,20.574032258064516,13.667741935483871,29.31899641577061,18.405017921146953,52.354838709677416,965.1909677419354,SITE 4,INT
2025-12-03 04:00:00,19.768166666666666,18.7975,12.475666666666665,28.64814814814815,17.27777777777778,50.56666666666667,965.1966666666667,SITE 4,INT
2025-12-03 05:00:00,16.397833333333335,15.449833333333334,10.2515,28.31481481481482,15.407407407407408,45.63333333333333,965.2666666666667,SITE 4,INT
2025-12-03 06:00:00,18.4885,17.488666666666667,11.678333333333335,27.944444444444446,14.648148148148149,44.833333333333336,965.653,SITE 4,INT
2025-12-03 07:00:00,39.73016666666667,34.4705,21.834333333333333,28.351851851851855,14.962962962962964,44.03333333333333,966.7226666666667,SITE 4,INT
2025-12-03 08:00:00,17.466833333333334,16.373833333333334,10.629,29.75925925925926,14.38888888888889,39.5,967.568,SITE 4,INT
2025-12-03 09:00:00,11.334333333333332,10.522833333333333,6.925166666666667,31.518518518518523,11.833333333333334,30.266666666666666,967.6313333333333,SITE 4,INT
2025-12-03 10:00:00,8.4685,7.7635,5.110166666666667,33.111111111111114,10.055555555555555,24.366666666666667,967.2813333333332,SITE 4,INT
2025-12-03 11:00:00,7.380322580645161,6.629032258064516,4.313064516129033,34.76702508960574,9.408602150537636,21.29032258064516,966.631935483871,SITE 4,INT
2025-12-03 12:00:00,5.950333333333333,5.4245,3.4955,35.81481481481482,9.555555555555555,20.1,965.3413333333334,SITE 4,INT
2025-12-03 13:00:00,6.007666666666666,5.3345,3.2921666666666667,37.03703703703704,9.314814814814815,18.4,964.3336666666667,SITE 4,INT
2025-12-03 14:00:00,6.054,5.489333333333334,3.454333333333333,37.648148148148145,9.425925925925926,18.033333333333335,963.3386666666667,SITE 4,INT
2025-12-03 15:00:00,7.040333333333334,6.412166666666667,4.089833333333333,37.7037037037037,10.018518518518517,18.533333333333335,963.001,SITE 4,INT
2025-12-03 16:00:00,9.830333333333332,9.106,6.058833333333333,37.11111111111111,10.351851851851851,19.833333333333332,963.0893333333333,SITE 4,INT
2025-12-03 17:00:00,41.426500000000004,35.93666666666666,23.299,35.94444444444445,10.777777777777777,21.733333333333334,963.6569999999999,SITE 4,INT
2025-12-03 18:00:00,68.97758064516128,59.87354838709677,37.641129032258064,35.0,12.043010752688174,25.06451612903226,964.4751612903226,SITE 4,INT
2025-12-03 19:00:00,80.11966666666667,71.54066666666668,45.1605,34.51851851851851,12.833333333333334,27.166666666666668,965.5403333333333,SITE 4,INT
2025-12-03 20:00:00,63.93866666666667,52.920833333333334,33.349833333333336,34.38888888888889,13.277777777777779,28.0,966.2766666666666,SITE 4,INT
2025-12-03 21:00:00,45.65566666666667,38.413333333333334,25.156000000000002,33.55555555555556,13.0,28.933333333333334,966.796,SITE 4,INT
2025-12-03 22:00:00,72.87366666666667,62.208333333333336,37.657666666666664,33.31481481481482,12.814814814814815,29.0,967.033,SITE 4,INT
2025-12-03 23:00:00,63.0615,54.24616666666667,33.327333333333335,32.7037037037037,13.148148148148149,30.7,967.0026666666668,SITE 4,INT
2025-12-04 00:00:00,44.6305,37.383,23.496,31.61111111111111,13.907407407407408,34.3,966.9646666666666,SITE 4,INT
2025-12-04 01:00:00,18.157833333333333,16.898666666666667,10.878333333333334,30.75925925925926,12.462962962962964,32.8,966.2943333333334,SITE 4,INT
2025-12-04 02:00:00,15.510645161290322,14.231129032258066,9.216451612903224,29.96415770609319,11.899641577060933,33.03225806451613,965.8374193548386,SITE 4,INT
2025-12-04 03:00:00,14.524000000000001,13.203000000000001,8.382333333333333,29.166666666666668,11.648148148148149,34.06666666666667,965.4906666666667,SITE 4,INT
2025-12-04 04:00:00,13.321499999999999,12.138,7.533833333333333,28.444444444444446,11.222222222222223,34.43333333333333,965.2330000000001,SITE 4,INT
2025-12-04 05:00:00,29.363833333333332,26.092,15.922333333333334,27.796296296296298,10.648148148148149,34.46666666666667,965.8556666666667,SITE 4,INT
2025-12-04 06:00:00,38.72233333333334,33.335,21.237166666666667,27.703703703703702,10.38888888888889,34.13333333333333,966.3960000000001,SITE 4,INT
2025-12-04 07:00:00,22.6465,20.6335,12.752833333333333,28.14814814814815,9.185185185185185,30.566666666666666,967.178,SITE 4,INT
2025-12-04 08:00:00,12.812333333333333,11.245166666666668,6.4185,29.314814814814817,7.611111111111112,25.633333333333333,967.849,SITE 4,INT
2025-12-04 09:00:00,8.184666666666667,6.7604999999999995,3.632166666666667,31.03703703703704,6.574074074074074,21.466666666666665,968.0886666666667,SITE 4,INT
2025-12-04 10:00:00,7.069032258064516,5.863870967741936,3.117096774193548,32.97491039426524,7.724014336917564,20.870967741935484,967.7306451612903,SITE 4,INT
2025-12-04 11:00:00,8.056833333333334,6.870666666666667,3.8093333333333335,34.72222222222222,8.296296296296298,19.533333333333335,967.0763333333333,SITE 4,INT
2025-12-04 12:00:00,6.9595,5.797,3.103666666666667,36.111111111111114,8.000000000000002,17.8,965.972,SITE 4,INT
2025-12-04 13:00:00,7.6915000000000004,6.520666666666667,3.702,36.96296296296296,8.296296296296298,17.233333333333334,965.0256666666667,SITE 4,INT
2025-12-04 14:00:00,7.937666666666667,6.816833333333333,3.8855,37.62962962962963,8.425925925925927,16.9,964.0856666666666,SITE 4,INT
2025-12-04 15:00:00,9.5355,8.257666666666667,4.805000000000001,38.25925925925926,8.870370370370372,16.966666666666665,963.8050000000001,SITE 4,INT
2025-12-04 16:00:00,16.545333333333335,15.141833333333333,10.213666666666665,37.907407407407405,8.944444444444446,17.133333333333333,963.9213333333333,SITE 4,INT
2025-12-04 17:00:00,26.4305,23.023000000000003,15.126666666666667,36.333333333333336,9.537037037037038,19.466666666666665,964.2293333333333,SITE 4,INT
2025-12-04 18:00:00,58.17833333333333,47.6395,31.409333333333333,35.37037037037037,11.481481481481483,23.566666666666666,964.8503333333334,SITE 4,INT
2025-12-04 19:00:00,65.89183333333334,54.48566666666667,36.26083333333334,34.61111111111111,11.462962962962964,24.366666666666667,965.5346666666667,SITE 4,INT
2025-12-04 20:00:00,54.77816666666667,44.7385,28.782,33.75925925925926,10.962962962962962,24.9,966.2403333333333,SITE 4,INT
2025-12-04 21:00:00,46.289310344827584,38.584310344827585,24.610862068965517,33.08429118773947,10.383141762452107,24.862068965517242,966.7620689655172,SITE 4,INT
2025-12-04 22:00:00,33.602333333333334,30.05933333333333,19.137166666666666,32.22222222222222,9.851851851851851,25.233333333333334,966.9383333333334,SITE 4,INT
2025-12-04 23:00:00,36.796166666666664,31.997166666666665,20.734166666666667,31.64814814814815,9.75925925925926,25.866666666666667,966.8313333333333,SITE 4,INT
2025-12-05 00:00:00,34.95016666666667,30.460500000000003,19.564666666666668,30.14814814814815,11.370370370370372,31.533333333333335,966.9303333333334,SITE 4,INT
2025-12-05 01:00:00,23.059833333333334,21.175333333333334,13.559833333333334,29.444444444444446,10.962962962962962,32.06666666666667,966.4163333333333,SITE 4,INT
2025-12-05 02:00:00,20.032833333333333,18.236666666666668,11.881166666666667,28.87037037037037,10.629629629629628,32.2,966.0343333333333,SITE 4,INT
2025-12-05 03:00:00,20.116724137931033,18.57293103448276,12.061551724137932,28.295019157088127,10.90038314176245,33.86206896551724,965.7437931034483,SITE 4,INT
2025-12-05 04:00:00,19.604499999999998,18.057833333333335,11.732666666666667,27.87037037037037,10.648148148148149,34.0,965.8016666666666,SITE 4,INT
2025-12-05 05:00:00,21.1,19.47,12.92625,27.77777777777778,10.555555555555555,34.25,965.9825000000001,SITE 4,INT
2025-12-05 07:00:00,45.97770833333333,38.17041666666667,24.342083333333335,27.47685185185185,10.162037037037036,34.208333333333336,967.1645833333333,SITE 4,INT
2025-12-05 08:00:00,28.893166666666666,26.217,16.965166666666665,29.90740740740741,8.62962962962963,26.533333333333335,967.6726666666667,SITE 4,INT
2025-12-05 09:00:00,13.622666666666667,12.541666666666666,8.497,31.555555555555557,6.518518518518519,20.766666666666666,968.025,SITE 4,INT
2025-12-05 10:00:00,18.108,16.792166666666667,11.695333333333334,33.333333333333336,6.5925925925925934,18.9,967.981,SITE 4,INT
2025-12-05 11:00:00,15.287833333333333,14.354999999999999,10.417666666666667,35.05555555555556,5.592592592592593,15.933333333333334,967.2673333333333,SITE 4,INT
2025-12-05 12:00:00,10.346,9.664,6.843333333333334,36.611111111111114,4.759259259259259,13.766666666666667,966.3446666666666,SITE 4,INT
2025-12-05 13:00:00,11.952758620689655,11.248793103448275,8.124310344827586,37.43295019157088,5.134099616858237,13.517241379310345,965.528275862069,SITE 4,INT
2025-12-05 14:00:00,14.650666666666666,13.856166666666667,9.921166666666666,38.166666666666664,5.666666666666667,13.366666666666667,964.8376666666667,SITE 4,INT
2025-12-05 15:00:00,15.087833333333332,14.196333333333333,10.202499999999999,38.31481481481482,5.296296296296296,13.0,964.3556666666666,SITE 4,INT
2025-12-05 16:00:00,19.163666666666664,17.763666666666666,12.519833333333334,38.166666666666664,5.703703703703704,13.4,964.3326666666667,SITE 4,INT
2025-12-05 17:00:00,35.716166666666666,31.178166666666666,20.971833333333333,36.64814814814815,6.796296296296296,15.933333333333334,964.6983333333334,SITE 4,INT
2025-12-05 18:00:00,78.09616666666668,70.1725,46.25416666666667,35.48148148148149,9.851851851851851,21.033333333333335,965.2433333333333,SITE 4,INT
2025-12-05 19:00:00,160.7955,147.97266666666667,85.48216666666667,34.75925925925926,10.203703703703702,22.266666666666666,966.1146666666666,SITE 4,INT
2025-12-05 20:00:00,79.36550000000001,69.861,43.766666666666666,34.074074074074076,9.25925925925926,21.933333333333334,966.8833333333333,SITE 4,INT
2025-12-05 21:00:00,57.915166666666664,46.76,30.509166666666665,33.351851851851855,9.166666666666666,22.5,967.5936666666668,SITE 4,INT
2025-12-05 22:00:00,47.92716666666667,39.7965,26.483333333333334,32.407407407407405,8.574074074074074,22.966666666666665,967.677,SITE 4,INT
2025-12-05 23:00:00,24.49435483870968,22.85467741935484,15.634193548387097,31.666666666666668,7.437275985663083,22.032258064516128,967.4654838709678,SITE 4,INT
2025-12-06 00:00:00,20.93433333333333,19.953666666666667,14.000666666666666,30.90740740740741,7.055555555555556,22.466666666666665,967.0016666666667,SITE 4,INT
2025-12-06 01:00:00,24.00433333333333,22.372166666666665,15.365666666666668,30.25925925925926,6.759259259259259,22.866666666666667,966.5713333333333,SITE 4,INT
2025-12-06 02:00:00,19.152833333333334,18.139166666666664,12.7945,29.740740740740744,6.925925925925926,23.766666666666666,966.2090000000001,SITE 4,INT
2025-12-06 03:00:00,25.823,24.260333333333335,16.767333333333333,28.75925925925926,7.222222222222223,25.9,965.9236666666667,SITE 4,INT
2025-12-06 04:00:00,31.0865,28.796333333333333,19.86116666666667,28.074074074074076,7.648148148148149,27.666666666666668,966.2086666666667,SITE 4,INT
2025-12-06 05:00:00,42.828833333333336,36.889,24.658166666666666,27.222222222222225,8.444444444444445,30.5,966.466,SITE 4,INT
2025-12-06 06:00:00,60.47416666666666,52.2405,34.63516666666667,26.814814814814817,8.796296296296298,32.03333333333333,966.902,SITE 4,INT
2025-12-06 07:00:00,150.0325806451613,137.66887096774192,85.49451612903225,27.831541218637994,9.78494623655914,32.45161290322581,967.3503225806452,SITE 4,INT
2025-12-06 08:00:00,56.94833333333334,47.17833333333333,30.719333333333335,30.11111111111111,6.648148148148149,22.866666666666667,967.8473333333334,SITE 4,INT
2025-12-06 09:00:00,25.732666666666667,23.747,15.725333333333333,31.666666666666668,5.37037037037037,19.1,968.0303333333334,SITE 4,INT
2025-12-06 10:00:00,20.48616666666667,18.922833333333333,12.446666666666665,32.98148148148148,5.092592592592593,17.466666666666665,967.7099999999999,SITE 4,INT
2025-12-06 11:00:00,18.978166666666667,17.674333333333333,11.836166666666665,34.81481481481482,6.388888888888889,17.033333333333335,967.251,SITE 4,INT
2025-12-06 12:00:00,12.795666666666667,11.646333333333333,7.7055,36.2962962962963,5.203703703703704,14.4,966.234,SITE 4,INT
2025-12-06 13:00:00,9.993166666666667,9.221666666666666,6.1525,37.38888888888889,5.0,13.333333333333334,965.1936666666667,SITE 4,INT
2025-12-06 14:00:00,9.95016129032258,9.18016129032258,6.23483870967742,38.15412186379928,4.820788530465951,12.709677419354838,964.5174193548387,SITE 4,INT
2025-12-06 15:00:00,11.362166666666667,10.512166666666667,7.1834999999999996,38.70370370370371,5.518518518518518,12.966666666666667,963.9913333333334,SITE 4,INT
2025-12-06 16:00:00,19.5215,17.670166666666667,12.221,38.57407407407408,5.944444444444445,13.4,963.8173333333333,SITE 4,INT
2025-12-06 17:00:00,39.415,33.845666666666666,21.74116666666667,36.64814814814815,6.851851851851852,15.966666666666667,963.9576666666667,SITE 4,INT
2025-12-06 18:00:00,105.34266666666666,97.85300000000001,62.29183333333334,35.407407407407405,9.092592592592592,19.966666666666665,964.607,SITE 4,INT
2025-12-06 19:00:00,103.30783333333333,97.25383333333333,64.12416666666667,34.351851851851855,9.944444444444445,22.6,965.5493333333333,SITE 4,INT
2025-12-06 20:00:00,73.613,64.09166666666667,42.099500000000006,33.48148148148149,9.185185185185185,22.4,966.48,SITE 4,INT
2025-12-06 21:00:00,62.99066666666667,52.28183333333333,34.64149999999999,32.75925925925926,8.555555555555555,22.4,967.3013333333333,SITE 4,INT
2025-12-06 22:00:00,48.832580645161286,40.21354838709678,26.440967741935484,32.02508960573477,8.49462365591398,23.225806451612904,967.601935483871,SITE 4,INT
2025-12-06 23:00:00,35.33283333333333,31.314333333333334,21.176,31.27777777777778,7.944444444444445,23.5,967.437,SITE 4,INT
2025-12-07 00:00:00,35.13966666666667,30.64766666666667,20.3555,30.666666666666668,7.333333333333333,23.033333333333335,967.1186666666667,SITE 4,INT
2025-12-07 01:00:00,31.21516666666667,27.421833333333332,17.866666666666667,30.037037037037035,7.0,23.533333333333335,966.6643333333334,SITE 4,INT
2025-12-07 02:00:00,28.183333333333334,26.571666666666665,18.0955,28.64814814814815,8.481481481481483,28.166666666666668,966.4046666666667,SITE 4,INT
2025-12-07 03:00:00,22.2835,20.953666666666667,14.479333333333333,28.333333333333336,7.981481481481482,27.566666666666666,966.063,SITE 4,INT
2025-12-07 04:00:00,20.088666666666665,18.870833333333334,12.8065,28.166666666666668,7.203703703703704,26.833333333333332,965.9613333333333,SITE 4,INT
2025-12-07 05:00:00,32.968666666666664,29.949833333333334,20.432333333333336,27.5,7.185185185185186,27.8,966.325,SITE 4,INT
2025-12-07 06:00:00,61.958387096774196,55.41758064516129,35.76483870967742,26.91756272401434,7.6702508960573486,29.612903225806452,966.8738709677419,SITE 4,INT
2025-12-07 07:00:00,145.09183333333334,136.394,87.55616666666667,27.48148148148148,8.907407407407408,31.266666666666666,967.3683333333333,SITE 4,INT
2025-12-07 08:00:00,73.75466666666667,67.17366666666666,43.322,29.703703703703702,8.37037037037037,26.466666666666665,967.7886666666667,SITE 4,INT
2025-12-07 09:00:00,35.08833333333334,30.556500000000003,19.91466666666667,31.925925925925927,7.277777777777778,21.5,967.6876666666667,SITE 4,INT
2025-12-07 10:00:00,16.146833333333333,14.490333333333332,9.220666666666666,33.70370370370371,5.592592592592593,17.2,967.27,SITE 4,INT
2025-12-07 11:00:00,14.912,13.565833333333334,8.855333333333334,35.611111111111114,5.648148148148149,15.533333333333333,966.8050000000001,SITE 4,INT
2025-12-07 12:00:00,14.561833333333334,13.483333333333333,8.818833333333334,36.851851851851855,6.166666666666667,14.966666666666667,965.99,SITE 4,INT
2025-12-07 13:00:00,11.951666666666666,10.890833333333335,7.1905,38.03703703703704,5.925925925925926,13.8,965.1333333333333,SITE 4,INT
2025-12-07 14:00:00,9.381774193548386,8.445806451612903,5.546451612903225,38.49462365591398,5.465949820788531,13.03225806451613,964.351935483871,SITE 4,INT
2025-12-07 15:00:00,15.26,13.907833333333334,9.397833333333333,38.88888888888889,5.185185185185185,12.366666666666667,963.9146666666667,SITE 4,INT
2025-12-07 16:00:00,13.243,12.254666666666667,8.5145,38.72222222222222,5.851851851851852,13.233333333333333,963.955,SITE 4,INT
2025-12-07 17:00:00,31.216666666666665,27.824,19.094333333333335,37.46296296296296,7.148148148148149,15.633333333333333,964.4136666666667,SITE 4,INT
2025-12-07 18:00:00,79.97966666666666,71.4555,47.281166666666664,35.777777777777786,9.203703703703704,19.733333333333334,965.0256666666667,SITE 4,INT
2025-12-07 19:00:00,104.82950000000001,94.85216666666666,60.87766666666666,34.51851851851852,8.38888888888889,19.866666666666667,965.7583333333333,SITE 4,INT
2025-12-07 20:00:00,48.199333333333335,40.1625,26.5715,33.50000000000001,7.722222222222223,20.166666666666668,966.628,SITE 4,INT
2025-12-07 21:00:00,35.17677419354839,30.769193548387097,19.609354838709677,32.634408602150536,7.401433691756273,20.903225806451612,967.4425806451613,SITE 4,INT
2025-12-07 22:00:00,24.65666666666667,22.043833333333332,14.209,32.12962962962963,7.537037037037037,21.666666666666668,967.7383333333333,SITE 4,INT
2025-12-07 23:00:00,13.425666666666666,12.1235,7.853,31.148148148148152,7.148148148148149,22.2,967.5563333333333,SITE 4,INT
2025-12-08 00:00:00,14.751666666666667,13.351666666666667,8.758833333333333,30.35185185185185,6.5925925925925934,22.633333333333333,967.36,SITE 4,INT
2025-12-08 01:00:00,14.562833333333334,13.294166666666666,8.668000000000001,29.77777777777778,6.37037037037037,22.933333333333334,966.751,SITE 4,INT
2025-12-08 02:00:00,17.1145,15.756,10.448,29.11111111111111,6.481481481481482,23.866666666666667,966.1066666666667,SITE 4,INT
2025-12-08 03:00:00,17.104833333333332,15.753666666666668,10.3445,28.222222222222225,6.5,25.266666666666666,965.9033333333333,SITE 4,INT
2025-12-08 04:00:00,20.328333333333333,18.801666666666666,12.452833333333333,27.87037037037037,6.185185185185186,25.2,965.8883333333334,SITE 4,INT
2025-12-08 05:00:00,19.731290322580644,18.313548387096777,11.95,27.293906810035846,6.039426523297491,25.806451612903224,966.0880645161291,SITE 4,INT
2025-12-08 06:00:00,20.295833333333334,18.891666666666666,12.869,27.222222222222225,5.666666666666667,25.366666666666667,966.5673333333333,SITE 4,INT
2025-12-08 07:00:00,18.986,17.189666666666668,10.928666666666667,27.703703703703706,6.37037037037037,25.833333333333332,967.181,SITE 4,INT
2025-12-08 08:00:00,18.999333333333333,17.374833333333335,11.433833333333332,29.37037037037037,7.574074074074074,25.5,967.9753333333334,SITE 4,INT
2025-12-08 09:00:00,18.941,17.322333333333333,11.028666666666668,31.592592592592595,6.907407407407407,21.533333333333335,968.1476666666666,SITE 4,INT
2025-12-08 10:00:00,11.446499999999999,9.891333333333334,5.784166666666667,33.51851851851852,4.518518518518519,16.166666666666668,967.841,SITE 4,INT
2025-12-08 11:00:00,11.6405,10.136333333333333,6.0408333333333335,35.05555555555556,5.833333333333333,16.3,967.1793333333334,SITE 4,INT
2025-12-08 12:00:00,11.831333333333333,10.200999999999999,6.069999999999999,36.75925925925926,5.981481481481482,14.933333333333334,966.0796666666666,SITE 4,INT
2025-12-08 13:00:00,12.603225806451613,10.920483870967743,6.289838709677419,38.13620071684588,6.272401433691757,14.129032258064516,965.1616129032258,SITE 4,INT
2025-12-08 14:00:00,11.7165,10.017,5.757000000000001,38.62962962962963,6.333333333333333,13.866666666666667,964.4183333333333,SITE 4,INT
2025-12-08 15:00:00,13.672,12.005333333333335,7.242,39.31481481481481,6.351851851851852,13.066666666666666,963.9213333333333,SITE 4,INT
2025-12-08 16:00:00,17.983333333333334,15.904166666666667,9.800666666666666,38.96296296296296,6.37037037037037,13.5,964.168,SITE 4,INT
2025-12-08 17:00:00,38.17016666666667,31.968,20.516333333333332,37.38888888888889,7.518518518518519,16.033333333333335,964.6036666666666,SITE 4,INT
2025-12-08 18:00:00,101.94416666666666,93.38033333333333,60.11666666666667,36.38888888888889,9.907407407407408,19.933333333333334,965.443,SITE 4,INT
2025-12-08 19:00:00,143.45066666666665,132.5773333333333,85.46066666666667,35.31481481481482,10.222222222222223,21.666666666666668,966.4723333333333,SITE 4,INT
2025-12-08 20:00:00,131.49583333333334,122.43516666666667,79.92566666666667,34.37037037037037,10.444444444444445,23.1,967.418,SITE 4,INT
2025-12-08 21:00:00,91.71467741935483,82.91499999999999,53.954516129032264,33.870967741935495,9.67741935483871,22.741935483870968,968.0135483870969,SITE 4,INT
2025-12-08 22:00:00,48.892833333333336,39.93733333333333,25.292166666666667,33.111111111111114,8.925925925925926,22.4,968.2283333333332,SITE 4,INT
2025-12-08 23:00:00,31.782666666666668,26.85,16.166666666666668,31.592592592592595,8.370370370370372,23.433333333333334,967.9196666666667,SITE 4,INT
2025-12-09 00:00:00,24.009999999999998,20.94183333333333,12.309166666666666,31.203703703703706,8.648148148148149,24.633333333333333,967.447,SITE 4,INT
2025-12-09 01:00:00,22.455333333333332,19.782,12.0235,30.962962962962965,9.018518518518517,25.6,967.0086666666666,SITE 4,INT
2025-12-09 02:00:00,20.6155,18.618166666666664,11.809166666666666,29.722222222222225,9.574074074074074,28.7,966.561,SITE 4,INT
2025-12-09 03:00:00,22.372166666666665,20.446,13.226166666666666,29.074074074074076,10.87037037037037,32.43333333333333,966.6386666666666,SITE 4,INT
2025-12-09 04:00:00,22.9955,21.083833333333335,13.540166666666666,28.722222222222225,10.796296296296296,32.9,966.6253333333333,SITE 4,INT
2025-12-09 05:00:00,36.11033333333333,32.11483333333333,20.690333333333335,27.740740740740744,10.962962962962962,35.333333333333336,966.8359999999999,SITE 4,INT
2025-12-09 06:00:00,45.11096774193548,37.9108064516129,24.700806451612905,27.544802867383513,10.78853046594982,35.41935483870968,967.3729032258063,SITE 4,INT
2025-12-09 07:00:00,125.86533333333334,116.87883333333333,75.548,27.444444444444446,11.333333333333334,37.03333333333333,968.347,SITE 4,INT
2025-12-09 08:00:00,65.16086206896551,54.08793103448276,35.333103448275864,28.869731800766285,11.877394636015326,35.37931034482759,968.9824137931034,SITE 4,INT
2025-12-09 09:00:00,57.31133333333334,46.4625,30.537333333333333,31.62962962962963,11.814814814814815,29.733333333333334,969.2083333333334,SITE 4,INT
2025-12-09 10:00:00,38.06645161290322,32.98741935483871,21.489193548387096,33.781362007168454,10.14336917562724,23.580645161290324,968.8170967741936,SITE 4,INT
2025-12-09 11:00:00,35.88316666666666,31.498333333333335,20.805,35.48148148148149,10.574074074074074,22.033333333333335,968.2476666666666,SITE 4,INT
2025-12-09 12:00:00,26.463833333333334,24.398500000000002,16.068666666666665,37.666666666666664,9.62962962962963,18.3,967.1723333333333,SITE 4,INT
2025-12-09 13:00:00,24.547166666666666,22.496166666666667,14.604166666666666,37.74074074074074,9.796296296296298,18.2,966.1363333333334,SITE 4,INT
2025-12-09 14:00:00,21.448666666666668,19.184166666666666,12.238,38.68518518518519,9.666666666666666,17.366666666666667,965.569,SITE 4,INT
2025-12-09 15:00:00,21.01033333333333,19.005499999999998,12.405666666666667,38.48148148148149,9.666666666666666,17.4,965.332,SITE 4,INT
2025-12-09 16:00:00,26.299833333333332,23.75,15.201833333333333,37.833333333333336,10.092592592592592,18.7,965.5883333333334,SITE 4,INT
2025-12-09 17:00:00,44.48800000000001,37.17033333333333,24.081833333333332,36.092592592592595,10.88888888888889,21.633333333333333,966.1116666666666,SITE 4,INT
2025-12-09 18:00:00,84.43306451612904,73.4025806451613,45.86016129032258,34.76702508960574,11.774193548387098,24.903225806451612,966.7948387096774,SITE 4,INT
2025-12-09 19:00:00,111.3115,102.24216666666666,64.5145,34.333333333333336,12.51851851851852,26.866666666666667,967.2813333333332,SITE 4,INT
2025-12-09 20:00:00,168.88966666666664,156.24249999999998,98.78649999999999,33.62962962962963,13.055555555555555,28.866666666666667,968.1216666666667,SITE 4,INT
2025-12-09 21:00:00,148.67016666666666,137.661,87.4075,33.148148148148145,13.370370370370372,30.233333333333334,968.6956666666666,SITE 4,INT
2025-12-09 22:00:00,108.28883333333333,100.71166666666666,64.75733333333334,32.62962962962963,12.814814814814815,30.1,968.6726666666667,SITE 4,INT
2025-12-09 23:00:00,77.7375,69.71933333333332,46.00966666666667,32.03703703703704,12.611111111111112,30.766666666666666,968.4416666666667,SITE 4,INT
2025-12-10 00:00:00,56.34,46.43033333333334,30.291833333333333,31.425925925925927,12.24074074074074,31.166666666666668,968.045,SITE 4,INT
2025-12-10 01:00:00,37.361666666666665,32.493833333333335,21.30216666666667,31.03703703703704,12.24074074074074,31.5,967.5196666666667,SITE 4,INT
2025-12-10 02:00:00,34.70919354838709,30.99209677419355,20.40032258064516,30.41218637992832,13.225806451612904,35.03225806451613,967.0445161290323,SITE 4,INT
2025-12-10 03:00:00,36.10433333333334,31.941333333333333,21.083000000000002,29.64814814814815,13.314814814814815,36.86666666666667,966.811,SITE 4,INT
2025-12-10 04:00:00,36.354,31.845666666666666,20.826833333333333,29.444444444444446,12.833333333333334,36.166666666666664,967.0893333333333,SITE 4,INT
2025-12-10 05:00:00,45.628,38.127500000000005,25.149,29.092592592592595,13.037037037037038,37.6,967.533,SITE 4,INT
2025-12-10 06:00:00,55.7305,46.7845,30.563,28.88888888888889,13.166666666666666,38.13333333333333,967.9673333333334,SITE 4,INT
2025-12-10 07:00:00,107.89433333333334,101.1755,65.74633333333334,29.074074074074076,14.38888888888889,41.06666666666667,968.5153333333333,SITE 4,INT
2025-12-10 08:00:00,57.562666666666665,48.499500000000005,31.93166666666667,30.66666666666667,15.185185185185185,39.333333333333336,969.1883333333334,SITE 4,INT
2025-12-10 09:00:00,44.15466666666667,37.60183333333334,25.04283333333333,31.351851851851855,17.185185185185183,43.0,969.3516666666667,SITE 4,INT
2025-12-10 10:00:00,37.29209677419355,33.05741935483871,22.05306451612903,32.795698924731184,18.369175627240143,42.70967741935484,968.9729032258065,SITE 4,INT
2025-12-10 11:00:00,33.61566666666667,30.68433333333333,20.654999999999998,34.31481481481482,17.462962962962965,37.03333333333333,968.1453333333334,SITE 4,INT
2025-12-10 12:00:00,37.502500000000005,32.898833333333336,21.897666666666666,35.88888888888889,15.833333333333334,30.4,966.9866666666666,SITE 4,INT
2025-12-10 13:00:00,37.416333333333334,32.5255,21.413333333333334,37.46296296296296,14.314814814814815,25.3,966.075,SITE 4,INT
2025-12-10 14:00:00,33.5705,30.069000000000003,19.904166666666665,38.40740740740741,13.518518518518517,22.733333333333334,965.3373333333333,SITE 4,INT
2025-12-10 15:00:00,34.056,30.341333333333335,19.896166666666666,38.88888888888889,12.962962962962964,21.366666666666667,964.9609999999999,SITE 4,INT
2025-12-10 16:00:00,37.810833333333335,32.474833333333336,21.142333333333333,38.70370370370371,12.444444444444446,20.933333333333334,964.9663333333333,SITE 4,INT
2025-12-10 17:00:00,58.22666666666667,49.34133333333333,30.806833333333334,37.092592592592595,12.796296296296298,23.433333333333334,965.3433333333334,SITE 4,INT
2025-12-10 18:00:00,108.86274193548387,99.68806451612903,64.48258064516129,35.87813620071685,13.835125448028675,26.806451612903224,966.1496774193548,SITE 4,INT
2025-12-10 19:00:00,139.13333333333333,129.70416666666668,83.94133333333335,35.333333333333336,14.592592592592592,28.8,966.8629999999999,SITE 4,INT
2025-12-10 20:00:00,143.67999999999998,134.25266666666667,87.214,34.68518518518518,14.407407407407408,29.633333333333333,967.5196666666667,SITE 4,INT
2025-12-10 21:00:00,128.809,120.17666666666668,78.0415,34.00000000000001,14.38888888888889,30.8,968.0313333333332,SITE 4,INT
2025-12-10 22:00:00,96.57483333333333,89.79683333333332,58.849500000000006,33.31481481481482,13.851851851851851,30.9,968.0596666666667,SITE 4,INT
2025-12-10 23:00:00,71.59349999999999,63.083333333333336,41.233666666666664,32.5,13.333333333333334,31.366666666666667,967.8263333333333,SITE 4,INT
2025-12-11 00:00:00,47.741,39.51616666666666,25.591,31.944444444444446,16.24074074074074,39.3,967.5873333333333,SITE 4,INT
2025-12-11 01:00:00,42.153,35.82116666666666,23.435833333333335,30.074074074074076,17.37037037037037,46.766666666666666,967.1223333333332,SITE 4,INT
2025-12-11 02:00:00,43.70612903225807,36.735,24.026129032258062,29.731182795698928,17.168458781362006,47.096774193548384,966.6832258064517,SITE 4,INT
2025-12-11 03:00:00,46.314,38.68266666666667,25.33833333333333,29.962962962962965,16.64814814814815,45.3,966.4946666666667,SITE 4,INT
2025-12-11 04:00:00,53.635,43.917833333333334,28.486666666666668,29.25925925925926,16.203703703703702,45.766666666666666,966.696,SITE 4,INT
2025-12-11 05:00:00,60.17316666666667,48.719166666666666,31.716666666666665,28.77777777777778,15.925925925925926,45.833333333333336,967.0773333333333,SITE 4,INT
2025-12-11 06:00:00,68.04883333333333,55.584833333333336,35.92833333333333,28.296296296296298,15.0,44.7,967.5406666666667,SITE 4,INT
2025-12-11 07:00:00,63.31716666666667,51.49616666666667,33.38933333333333,29.03703703703704,14.38888888888889,41.03333333333333,968.2076666666667,SITE 4,INT
2025-12-11 08:00:00,50.924,41.72483333333333,27.200333333333333,31.12962962962963,15.425925925925926,38.93333333333333,968.5336666666667,SITE 4,INT
2025-12-11 09:00:00,48.42322580645161,40.39016129032258,26.637096774193548,32.168458781362006,18.351254480286737,44.096774193548384,968.5022580645161,SITE 4,INT
2025-12-11 10:00:00,47.43966666666667,40.023,26.048833333333334,33.42592592592593,19.185185185185183,43.333333333333336,967.9693333333333,SITE 4,INT
2025-12-11 11:00:00,46.07683333333333,38.89433333333333,25.680166666666665,35.22222222222222,18.166666666666668,36.733333333333334,967.0913333333334,SITE 4,INT
2025-12-11 12:00:00,42.305,35.73534482758621,23.320689655172412,36.87739463601533,15.919540229885058,29.03448275862069,966.0789655172414,SITE 4,INT
2025-12-11 13:00:00,36.782500000000006,32.354821428571434,21.183035714285715,37.61904761904761,15.05952380952381,26.357142857142858,965.1335714285715,SITE 4,INT
2025-12-11 14:00:00,32.361451612903224,29.287258064516127,19.111129032258063,38.51254480286738,14.050179211469533,23.516129032258064,964.2883870967742,SITE 4,INT
2025-12-11 15:00:00,28.851999999999997,26.624000000000002,17.31116666666667,39.25925925925926,12.851851851851853,20.833333333333332,963.9449999999999,SITE 4,INT
2025-12-11 16:00:00,31.084999999999997,28.1215,18.402166666666666,39.07407407407407,12.481481481481483,20.466666666666665,963.838,SITE 4,INT
2025-12-11 17:00:00,54.3275,44.550666666666665,29.074333333333335,37.666666666666664,13.148148148148149,23.133333333333333,964.132,SITE 4,INT
2025-12-11 18:00:00,111.09583333333333,103.59466666666667,66.41383333333333,36.44444444444445,14.74074074074074,27.5,964.9056666666667,SITE 4,INT
2025-12-11 19:00:00,78.72616666666666,67.98366666666666,44.35783333333334,35.777777777777786,13.777777777777779,26.866666666666667,965.9306666666666,SITE 4,INT
2025-12-11 20:00:00,79.01033333333334,68.99533333333333,44.42466666666667,34.77777777777778,12.462962962962964,26.066666666666666,966.8033333333333,SITE 4,INT
2025-12-11 21:00:00,56.847,45.603500000000004,29.403833333333335,33.77777777777778,12.148148148148149,26.966666666666665,967.159,SITE 4,INT
2025-12-11 22:00:00,46.24274193548387,37.82967741935484,24.223225806451612,33.13620071684588,11.469534050179211,26.774193548387096,967.211935483871,SITE 4,INT
2025-12-11 23:00:00,48.91366666666667,40.574333333333335,26.408333333333335,32.51851851851852,10.5,25.866666666666667,966.7266666666667,SITE 4,INT
2025-12-12 00:00:00,43.391333333333336,36.244,22.997166666666665,32.2037037037037,9.962962962962964,25.5,966.2046666666666,SITE 4,INT
2025-12-12 01:00:00,36.05533333333334,30.942666666666664,18.964499999999997,31.31481481481482,9.537037037037038,26.133333333333333,965.5246666666667,SITE 4,INT
2025-12-12 02:00:00,51.75533333333333,42.33316666666666,27.2525,30.25925925925926,11.666666666666666,32.0,965.1293333333334,SITE 4,INT
2025-12-12 03:00:00,48.65866666666667,40.114333333333335,26.030666666666665,29.444444444444446,12.722222222222223,36.266666666666666,964.8486666666666,SITE 4,INT
2025-12-12 04:00:00,43.008,36.43683333333333,23.887,29.40740740740741,12.907407407407408,36.6,965.0483333333334,SITE 4,INT
2025-12-12 05:00:00,43.78066666666667,36.92016666666667,24.078333333333333,28.685185185185183,15.203703703703702,44.3,965.3376666666667,SITE 4,INT
2025-12-12 06:00:00,52.62983870967742,43.619354838709675,28.296774193548387,28.5663082437276,17.02508960573477,50.03225806451613,965.7587096774193,SITE 4,INT
2025-12-12 07:00:00,51.85783333333333,42.74316666666667,27.742666666666665,29.074074074074076,17.833333333333332,51.1,966.5533333333333,SITE 4,INT
2025-12-12 08:00:00,45.61966666666667,38.33116666666667,24.887166666666666,29.351851851851855,19.722222222222225,56.666666666666664,967.203,SITE 4,INT
2025-12-12 09:00:00,45.840333333333334,38.94833333333334,25.590500000000002,30.444444444444446,20.22222222222222,54.86666666666667,967.4206666666666,SITE 4,INT
2025-12-12 10:00:00,37.98633333333333,34.158500000000004,22.688333333333333,32.74074074074074,20.425925925925927,48.56666666666667,967.0396666666667,SITE 4,INT
2025-12-12 11:00:00,31.265,28.943833333333334,19.113666666666667,34.407407407407405,18.722222222222225,39.96666666666667,966.4103333333334,SITE 4,INT
2025-12-12 12:00:00,29.553833333333333,27.653833333333335,18.417666666666666,36.611111111111114,17.14814814814815,31.8,965.2716666666668,SITE 4,INT
2025-12-12 13:00:00,27.65216666666667,25.749166666666667,17.11733333333333,38.07407407407407,15.277777777777779,26.3,964.2486666666666,SITE 4,INT
2025-12-12 14:00:00,29.756129032258066,27.524838709677418,18.236451612903227,38.70967741935484,14.283154121863799,23.548387096774192,963.2774193548387,SITE 4,INT
2025-12-12 15:00:00,31.721666666666668,29.26966666666667,19.642666666666667,39.166666666666664,14.351851851851851,23.066666666666666,962.7990000000001,SITE 4,INT
2025-12-12 16:00:00,33.2245,30.045,19.693166666666666,38.92592592592593,14.462962962962964,23.466666666666665,962.582,SITE 4,INT
2025-12-12 17:00:00,49.276666666666664,40.57683333333333,26.514166666666664,37.22222222222222,14.518518518518517,26.1,962.9726666666667,SITE 4,INT
2025-12-12 18:00:00,72.48116666666667,62.44433333333333,40.9375,36.20370370370371,14.444444444444445,27.466666666666665,963.8473333333333,SITE 4,INT
2025-12-12 19:00:00,109.25633333333333,101.85316666666667,66.66116666666667,35.31481481481482,14.703703703703702,29.133333333333333,964.6203333333334,SITE 4,INT
2025-12-12 20:00:00,84.47583333333334,75.69283333333333,49.26200000000001,34.72222222222222,14.407407407407408,29.866666666666667,965.3729999999999,SITE 4,INT
2025-12-12 21:00:00,55.46233333333334,44.86666666666667,29.258,33.851851851851855,12.685185185185187,27.8,966.0616666666666,SITE 4,INT
2025-12-12 22:00:00,60.50838709677419,48.5433870967742,31.780967741935484,33.369175627240146,13.45878136200717,30.032258064516128,966.3219354838709,SITE 4,INT
2025-12-12 23:00:00,52.39433333333333,42.937,28.1075,32.90740740740741,13.944444444444446,32.03333333333333,966.1610000000001,SITE 4,INT
2025-12-13 00:00:00,44.468833333333336,37.375,24.611333333333334,32.2962962962963,16.833333333333332,40.06666666666667,965.77,SITE 4,INT
2025-12-13 01:00:00,40.76483333333333,35.04483333333334,23.022166666666667,31.574074074074076,17.64814814814815,43.733333333333334,965.3126666666667,SITE 4,INT
2025-12-13 02:00:00,34.59283333333334,31.377000000000002,20.76383333333333,30.925925925925927,18.592592592592595,48.06666666666667,964.9646666666666,SITE 4,INT
2025-12-13 03:00:00,33.495333333333335,30.681833333333334,20.03933333333333,30.01851851851852,18.90740740740741,51.96666666666667,965.1753333333334,SITE 4,INT
2025-12-13 04:00:00,29.7245,27.99233333333333,18.68883333333333,29.833333333333332,19.574074074074076,54.46666666666667,965.3636666666666,SITE 4,INT
2025-12-13 05:00:00,36.189677419354844,32.53370967741935,21.607580645161292,29.695340501792113,19.695340501792113,55.25806451612903,965.5058064516129,SITE 4,INT
2025-12-13 06:00:00,53.547000000000004,44.25183333333334,29.081000000000003,29.444444444444446,19.53703703703704,56.1,965.823,SITE 4,INT
2025-12-13 07:00:00,47.12483333333333,39.583,25.881500000000003,29.48148148148148,20.01851851851852,57.333333333333336,966.819,SITE 4,INT
2025-12-13 08:00:00,45.842333333333336,39.24483333333333,25.4595,30.240740740740744,20.296296296296298,55.733333333333334,967.5043333333334,SITE 4,INT
2025-12-13 09:00:00,40.04,34.9075,23.274166666666666,31.740740740740744,20.37037037037037,51.46666666666667,967.3716666666667,SITE 4,INT
2025-12-13 10:00:00,34.193333333333335,31.247166666666665,20.911166666666666,33.22222222222222,20.462962962962965,47.63333333333333,966.8386666666667,SITE 4,INT
2025-12-13 11:00:00,30.837833333333332,28.71833333333333,19.15533333333333,34.74074074074074,19.296296296296298,40.7,966.077,SITE 4,INT
2025-12-13 12:00:00,28.944666666666667,26.911833333333334,18.006833333333336,36.62962962962963,16.77777777777778,31.3,964.9223333333334,SITE 4,INT
2025-12-13 13:00:00,27.302666666666667,25.474833333333333,16.903666666666666,37.96296296296296,16.425925925925927,28.2,964.024,SITE 4,INT
2025-12-13 14:00:00,27.742833333333333,25.709333333333333,16.965333333333334,38.38888888888889,15.555555555555555,26.033333333333335,963.0353333333334,SITE 4,INT
2025-12-13 15:00:00,26.473666666666666,24.884,16.844166666666666,38.5,15.62962962962963,25.9,962.3259999999999,SITE 4,INT
2025-12-13 16:00:00,28.41274193548387,26.57209677419355,17.813548387096777,37.63440860215054,15.860215053763442,27.741935483870968,962.3196774193549,SITE 4,INT
2025-12-13 17:00:00,45.36866666666666,39.327,25.903166666666667,36.64814814814815,16.37037037037037,30.2,963.0146666666666,SITE 4,INT
2025-12-13 18:00:00,73.04733333333334,65.03116666666666,42.13283333333333,35.7037037037037,16.925925925925927,33.03333333333333,963.6236666666666,SITE 4,INT
2025-12-13 19:00:00,74.106,64.21233333333333,41.84166666666667,35.25925925925926,17.185185185185183,34.43333333333333,964.5866666666666,SITE 4,INT
2025-12-13 20:00:00,97.35249999999999,90.885,58.9745,34.88888888888889,17.425925925925927,35.86666666666667,965.6073333333334,SITE 4,INT
2025-12-13 21:00:00,64.91883333333334,53.6355,34.969,34.44444444444444,17.425925925925927,36.46666666666667,966.2803333333334,SITE 4,INT
2025-12-13 22:00:00,43.202999999999996,36.66283333333333,23.9695,33.81481481481482,17.703703703703702,38.46666666666667,965.9863333333334,SITE 4,INT
2025-12-13 23:00:00,38.074333333333335,33.617,21.958333333333332,32.96296296296296,18.0,41.3,965.8596666666667,SITE 4,INT
2025-12-14 00:00:00,33.00758064516129,30.47016129032258,20.109193548387097,32.31182795698925,18.870967741935484,45.25806451612903,965.7,SITE 4,INT
2025-12-14 01:00:00,30.976666666666667,29.192999999999998,19.198,31.592592592592595,19.40740740740741,48.833333333333336,965.4956666666666,SITE 4,INT
2025-12-14 02:00:00,30.3675,28.671499999999998,18.857333333333333,30.37037037037037,19.64814814814815,53.266666666666666,965.0713333333333,SITE 4,INT
2025-12-14 03:00:00,29.305166666666665,27.857833333333335,18.386000000000003,30.0,19.87037037037037,55.03333333333333,965.034,SITE 4,INT
2025-12-14 04:00:00,31.540333333333333,29.543999999999997,19.4335,29.98148148148148,19.98148148148148,55.9,965.499,SITE 4,INT
2025-12-14 05:00:00,36.36533333333333,32.699666666666666,21.293,29.037037037037035,20.203703703703702,59.6,965.9403333333333,SITE 4,INT
2025-12-14 06:00:00,38.25216666666667,33.66133333333333,21.86733333333333,28.296296296296298,20.388888888888893,62.93333333333333,966.294,SITE 4,INT
2025-12-14 07:00:00,42.03048387096774,36.12983870967742,23.410806451612903,27.974910394265233,20.6989247311828,65.29032258064517,966.992258064516,SITE 4,INT
2025-12-14 08:00:00,39.313833333333335,34.4425,22.259166666666665,28.685185185185187,20.796296296296298,63.03333333333333,967.7096666666667,SITE 4,INT
2025-12-14 09:00:00,36.00966666666667,32.30433333333333,20.819,30.314814814814817,20.537037037037035,56.56666666666667,967.972,SITE 4,INT
2025-12-14 10:00:00,28.192166666666665,26.312333333333335,16.7525,31.5,20.388888888888893,52.06666666666667,967.6593333333333,SITE 4,INT
2025-12-14 11:00:00,28.2775,25.767666666666667,16.433833333333332,32.7037037037037,20.388888888888893,48.7,966.9246666666667,SITE 4,INT
2025-12-14 12:00:00,26.153333333333332,24.11916666666667,15.5235,34.18518518518519,20.25925925925926,44.46666666666667,966.1133333333333,SITE 4,INT
2025-12-14 13:00:00,26.238999999999997,24.480166666666666,16.144333333333332,34.57407407407407,19.722222222222225,41.93333333333333,965.0663333333334,SITE 4,INT
2025-12-14 14:00:00,26.571166666666667,24.828500000000002,16.246333333333332,35.7037037037037,19.51851851851852,38.9,964.2746666666666,SITE 4,INT
2025-12-14 15:00:00,26.773225806451613,24.978387096774195,16.400322580645163,36.27240143369176,19.283154121863802,37.193548387096776,963.8312903225807,SITE 4,INT
2025-12-14 16:00:00,34.21183333333333,30.574333333333335,19.920166666666667,35.57407407407407,18.888888888888893,37.733333333333334,964.2486666666666,SITE 4,INT
2025-12-14 17:00:00,39.39516666666667,33.681333333333335,21.52583333333333,34.18518518518519,19.166666666666668,41.733333333333334,965.0849999999999,SITE 4,INT
2025-12-14 18:00:00,64.28233333333334,58.26466666666667,35.94716666666667,31.685185185185183,19.666666666666668,49.3,965.9063333333332,SITE 4,INT
2025-12-14 19:00:00,31.855166666666666,29.1155,19.311,31.351851851851855,17.740740740740744,44.6,966.958,SITE 4,INT
2025-12-14 20:00:00,27.354499999999998,25.571666666666665,17.026333333333334,30.555555555555557,17.24074074074074,45.166666666666664,967.582,SITE 4,INT
2025-12-14 21:00:00,26.74233333333333,24.952833333333334,16.403333333333332,29.98148148148148,17.296296296296298,46.733333333333334,968.2763333333334,SITE 4,INT
2025-12-14 22:00:00,38.955000000000005,33.77333333333333,21.488166666666665,30.462962962962965,17.185185185185183,45.166666666666664,968.4993333333333,SITE 4,INT
2025-12-14 23:00:00,27.916290322580643,26.044838709677418,16.812096774193545,29.946236559139788,16.989247311827956,46.225806451612904,968.7587096774193,SITE 4,INT
2025-12-15 00:00:00,30.642166666666665,28.2795,18.268833333333337,28.11111111111111,18.462962962962965,56.3,969.2466666666667,SITE 4,INT
2025-12-15 01:00:00,25.615166666666667,24.074,15.2515,26.296296296296298,18.87037037037037,64.43333333333334,968.825,SITE 4,INT
2025-12-15 02:00:00,25.052666666666667,23.778333333333332,15.472666666666667,26.870370370370374,19.14814814814815,63.333333333333336,968.34,SITE 4,INT
2025-12-15 03:00:00,26.647499999999997,24.785666666666668,16.066333333333333,27.222222222222225,19.40740740740741,62.5,967.493,SITE 4,INT
2025-12-15 04:00:00,56.64666666666667,47.276500000000006,28.204666666666665,27.222222222222225,19.351851851851855,62.333333333333336,967.1646666666667,SITE 4,INT
2025-12-15 05:00:00,44.77766666666666,39.1885,24.22533333333333,27.185185185185187,19.14814814814815,62.166666666666664,967.5740000000001,SITE 4,INT
2025-12-15 06:00:00,61.34216666666667,51.45766666666667,30.861833333333333,27.222222222222225,18.88888888888889,61.0,968.0939999999999,SITE 4,INT
2025-12-15 07:00:00,43.02161290322581,37.409193548387094,24.65209677419355,27.38351254480287,18.835125448028673,60.516129032258064,968.9306451612903,SITE 4,INT
2025-12-15 08:00:00,56.583,46.283,29.227833333333333,28.296296296296298,19.166666666666668,58.3,969.5669999999999,SITE 4,INT
2025-12-15 09:00:00,43.3975,37.00066666666667,24.185,28.574074074074076,19.333333333333332,57.9,970.331,SITE 4,INT
2025-12-15 10:00:00,43.467666666666666,37.185500000000005,24.3345,29.314814814814817,19.907407407407405,57.333333333333336,969.7993333333333,SITE 4,INT
2025-12-15 11:00:00,39.227999999999994,34.47666666666667,22.66166666666667,30.01851851851852,19.62962962962963,54.3,969.1313333333333,SITE 4,INT
2025-12-15 12:00:00,37.467666666666666,32.98866666666667,21.337333333333333,31.90740740740741,19.90740740740741,49.3,967.7616666666667,SITE 4,INT
2025-12-15 13:00:00,29.367833333333333,27.939500000000002,18.6375,33.42592592592593,19.75925925925926,44.766666666666666,966.8169999999999,SITE 4,INT
2025-12-15 14:00:00,26.651999999999997,25.392166666666665,16.831,34.092592592592595,19.296296296296298,42.13333333333333,966.0699999999999,SITE 4,INT
2025-12-15 15:00:00,24.43166666666667,23.459333333333333,15.856,33.68518518518519,19.037037037037035,42.4,966.0786666666667,SITE 4,INT
2025-12-15 16:00:00,28.59693548387097,26.873064516129034,18.021290322580644,33.18996415770609,18.99641577060932,43.45161290322581,966.4570967741935,SITE 4,INT
2025-12-15 17:00:00,37.34316666666667,33.19833333333334,21.811833333333333,32.44444444444444,19.370370370370374,46.7,966.909,SITE 4,INT
2025-12-15 18:00:00,42.49216666666667,36.44466666666666,24.07283333333333,31.092592592592595,19.703703703703702,51.4,967.8166666666667,SITE 4,INT
2025-12-15 19:00:00,42.6565,36.69416666666667,24.161,31.092592592592595,19.425925925925927,50.53333333333333,968.3423333333334,SITE 4,INT
2025-12-15 20:00:00,39.55116666666667,34.51366666666667,22.334999999999997,30.555555555555557,18.0,47.4,968.8313333333333,SITE 4,INT
2025-12-15 21:00:00,32.809,29.59466666666667,19.3675,30.074074074074076,16.51851851851852,44.4,968.999,SITE 4,INT
2025-12-15 22:00:00,27.567666666666664,25.53933333333333,16.7,29.462962962962965,16.24074074074074,44.833333333333336,969.4653333333333,SITE 4,INT
2025-12-15 23:00:00,30.0385,26.90083333333333,16.847833333333334,29.11111111111111,16.51851851851852,46.86666666666667,969.0936666666668,SITE 4,INT
2025-12-16 00:00:00,34.54883333333333,30.265833333333333,18.542666666666666,28.666666666666668,15.648148148148149,45.766666666666666,969.0046666666666,SITE 4,INT
2025-12-16 01:00:00,21.04758064516129,19.460806451612903,12.623064516129032,28.297491039426525,15.304659498207887,45.38709677419355,968.5532258064517,SITE 4,INT
2025-12-16 02:00:00,33.5755,29.404166666666665,17.861,27.77777777777778,15.0,46.1,967.9433333333333,SITE 4,INT
2025-12-16 03:00:00,21.378,19.892,12.909166666666666,27.333333333333336,15.333333333333334,48.13333333333333,967.612,SITE 4,INT
2025-12-16 04:00:00,20.6785,19.224333333333334,12.529333333333334,26.666666666666668,15.0,49.46666666666667,967.4373333333333,SITE 4,INT
2025-12-16 05:00:00,24.192999999999998,22.556500000000003,14.801166666666667,26.333333333333332,15.018518518518517,50.03333333333333,967.9573333333334,SITE 4,INT
2025-12-16 06:00:00,27.3005,25.20266666666667,16.488,26.14814814814815,15.055555555555555,50.233333333333334,968.5473333333333,SITE 4,INT
2025-12-16 07:00:00,50.21183333333333,41.942,26.289499999999997,26.814814814814817,15.333333333333334,49.666666666666664,969.056,SITE 4,INT
2025-12-16 08:00:00,35.3305,31.331333333333337,20.146166666666666,27.64814814814815,15.092592592592592,46.833333333333336,969.596,SITE 4,INT
2025-12-16 09:00:00,26.07766666666667,23.971,15.694166666666666,28.722222222222225,13.833333333333334,40.3,969.375,SITE 4,INT
2025-12-16 10:00:00,25.925161290322578,24.225322580645162,16.254516129032258,29.82078853046595,13.799283154121863,37.61290322580645,969.0896774193548,SITE 4,INT
2025-12-16 11:00:00,25.313166666666667,23.358833333333333,14.951666666666666,32.092592592592595,13.62962962962963,32.7,968.5436666666667,SITE 4,INT
2025-12-16 12:00:00,20.584333333333333,19.205166666666667,12.794333333333332,33.370370370370374,12.851851851851853,29.0,967.4893333333333,SITE 4,INT
2025-12-16 13:00:00,18.13,16.913166666666665,11.386666666666667,34.166666666666664,12.88888888888889,27.666666666666668,966.5126666666667,SITE 4,INT
2025-12-16 14:00:00,17.64783333333333,16.504166666666666,10.789666666666667,33.92592592592593,12.851851851851853,28.066666666666666,965.8823333333333,SITE 4,INT
2025-12-16 15:00:00,17.4125,16.119333333333334,10.419666666666666,34.51851851851852,12.685185185185187,26.733333333333334,965.496,SITE 4,INT
2025-12-16 16:00:00,31.952166666666663,28.39333333333333,17.999000000000002,33.666666666666664,12.203703703703704,27.133333333333333,965.5183333333333,SITE 4,INT
2025-12-16 17:00:00,47.373333333333335,39.85483333333333,26.89783333333333,32.74074074074074,12.5,29.266666666666666,965.848,SITE 4,INT
2025-12-16 18:00:00,70.33016129032258,59.969193548387096,36.59935483870967,32.096774193548384,13.225806451612904,31.774193548387096,966.3645161290323,SITE 4,INT
2025-12-16 19:00:00,52.142833333333336,43.122166666666665,28.146833333333333,31.592592592592595,11.38888888888889,28.9,966.9789999999999,SITE 4,INT
2025-12-16 20:00:00,45.466499999999996,38.341166666666666,24.673833333333334,31.092592592592595,11.574074074074074,30.266666666666666,967.7546666666666,SITE 4,INT
2025-12-16 21:00:00,23.965,22.3915,14.449000000000002,30.925925925925927,12.277777777777779,32.1,967.947,SITE 4,INT
2025-12-16 22:00:00,26.583000000000002,24.608333333333334,16.197166666666668,30.333333333333332,12.74074074074074,34.03333333333333,967.8113333333333,SITE 4,INT
2025-12-16 23:00:00,36.03883333333333,31.577833333333334,19.713,29.61111111111111,13.166666666666666,36.7,967.6493333333333,SITE 4,INT
2025-12-17 00:00:00,30.675666666666665,28.0975,17.598333333333336,28.962962962962965,13.907407407407408,39.833333333333336,967.2486666666666,SITE 4,INT
2025-12-17 01:00:00,28.075833333333332,26.1635,16.7245,28.40740740740741,14.203703703703704,41.733333333333334,966.7603333333334,SITE 4,INT
2025-12-17 02:00:00,30.996935483870967,27.95258064516129,17.700806451612905,28.118279569892476,14.336917562724015,42.935483870967744,965.9941935483871,SITE 4,INT
2025-12-17 03:00:00,27.2485,25.536833333333334,16.403333333333332,27.722222222222225,14.833333333333334,45.733333333333334,965.6976666666667,SITE 4,INT
2025-12-17 04:00:00,25.919833333333333,24.352666666666668,15.867666666666667,27.12962962962963,14.75925925925926,47.333333333333336,965.8703333333334,SITE 4,INT
2025-12-17 05:00:00,25.948333333333334,24.428,15.721499999999999,26.666666666666668,14.537037037037038,48.0,966.4626666666667,SITE 4,INT
2025-12-17 06:00:00,27.937666666666665,26.073,16.9395,26.14814814814815,14.037037037037038,47.766666666666666,966.9803333333333,SITE 4,INT
2025-12-17 07:00:00,23.1055,21.554166666666667,13.874833333333333,26.62962962962963,13.851851851851851,45.63333333333333,967.8476666666667,SITE 4,INT
2025-12-17 08:00:00,19.619666666666667,18.1465,11.532833333333334,27.53703703703704,13.88888888888889,43.333333333333336,968.6673333333333,SITE 4,INT
2025-12-17 09:00:00,20.723333333333336,19.184666666666665,12.217,29.48148148148148,13.944444444444446,38.86666666666667,968.6813333333333,SITE 4,INT
2025-12-17 10:00:00,23.061833333333333,21.191,13.7855,30.98148148148148,13.611111111111112,34.766666666666666,968.331,SITE 4,INT
2025-12-17 11:00:00,25.105999999999998,22.77316666666667,14.830166666666665,33.20370370370371,13.481481481481483,30.433333333333334,967.4956666666666,SITE 4,INT
2025-12-17 12:00:00,20.137166666666666,18.198333333333334,11.1115,34.31481481481481,12.574074074074074,27.0,966.4376666666667,SITE 4,INT
2025-12-17 13:00:00,16.2865,14.237166666666667,8.121333333333332,35.46296296296296,11.574074074074074,23.533333333333335,965.1576666666666,SITE 4,INT
2025-12-17 14:00:00,17.9735,15.328000000000001,8.3225,36.51851851851852,11.055555555555555,21.433333333333334,964.4353333333333,SITE 4,INT
2025-12-17 15:00:00,18.761774193548387,16.01983870967742,8.78516129032258,37.24014336917563,10.860215053763442,20.258064516129032,963.9067741935484,SITE 4,INT
2025-12-17 16:00:00,23.1895,20.189,11.498666666666667,36.592592592592595,10.888888888888888,21.0,964.1456666666667,SITE 4,INT
2025-12-17 17:00:00,46.381166666666665,37.918,22.985166666666665,35.44444444444445,11.055555555555555,22.766666666666666,964.6696666666667,SITE 4,INT
2025-12-17 18:00:00,72.0615,61.596333333333334,39.38483333333333,34.092592592592595,12.111111111111112,26.466666666666665,965.4263333333333,SITE 4,INT
2025-12-17 19:00:00,96.1335,87.6805,55.80716666666667,33.51851851851852,12.962962962962964,28.766666666666666,966.1823333333334,SITE 4,INT
2025-12-17 20:00:00,60.5565,49.22616666666667,31.069000000000003,32.62962962962963,12.777777777777779,30.033333333333335,966.7106666666666,SITE 4,INT
2025-12-17 21:00:00,42.733,35.484,21.834999999999997,31.833333333333332,12.185185185185187,30.2,966.8520000000001,SITE 4,INT
2025-12-17 22:00:00,31.34209677419355,27.51483870967742,16.58467741935484,31.666666666666668,12.688172043010754,31.322580645161292,966.9796774193549,SITE 4,INT
2025-12-17 23:00:00,43.6875,35.8075,21.270833333333332,31.16666666666667,12.88888888888889,32.833333333333336,966.7916666666666,SITE 4,INT
2025-12-18 00:00:00,37.3865,31.640333333333334,19.295166666666667,29.98148148148148,12.38888888888889,34.166666666666664,966.8983333333333,SITE 4,INT
2025-12-18 01:00:00,25.17,22.315,13.013833333333334,29.388888888888893,11.833333333333336,34.233333333333334,966.7383333333333,SITE 4,INT
2025-12-18 02:00:00,20.796833333333332,18.84333333333333,11.5805,28.240740740740744,11.537037037037038,35.63333333333333,966.5306666666667,SITE 4,INT
2025-12-18 03:00:00,16.565166666666666,15.222,9.586833333333335,27.5,10.833333333333334,35.3,966.1353333333334,SITE 4,INT
2025-12-18 04:00:00,17.420333333333335,15.9755,10.054333333333334,27.12962962962963,10.648148148148149,35.8,966.0406666666667,SITE 4,INT
2025-12-18 05:00:00,20.620833333333334,19.007166666666667,12.1125,26.51851851851852,10.75925925925926,37.63333333333333,966.1316666666667,SITE 4,INT
2025-12-18 06:00:00,32.15451612903226,28.506774193548388,18.131129032258066,26.27240143369176,11.11111111111111,38.87096774193548,966.6925806451613,SITE 4,INT
2025-12-18 07:00:00,29.035833333333333,26.889333333333333,17.262999999999998,27.074074074074076,11.648148148148149,38.53333333333333,967.7586666666666,SITE 4,INT
2025-12-18 08:00:00,31.718,28.626500000000004,18.3295,28.814814814814817,11.38888888888889,34.2,968.3686666666667,SITE 4,INT
2025-12-18 09:00:00,22.539499999999997,20.901833333333332,13.845,30.296296296296298,10.462962962962964,29.466666666666665,968.6176666666667,SITE 4,INT
2025-12-18 10:00:00,12.071499999999999,11.119499999999999,7.251666666666667,32.12962962962963,9.444444444444445,24.633333333333333,968.2023333333333,SITE 4,INT
2025-12-18 11:00:00,14.406333333333333,12.9645,8.073500000000001,34.092592592592595,9.833333333333334,22.566666666666666,967.3293333333334,SITE 4,INT
2025-12-18 12:00:00,15.7265,14.402,9.181999999999999,35.851851851851855,10.444444444444445,21.266666666666666,966.5393333333334,SITE 4,INT
2025-12-18 13:00:00,12.837,11.469666666666665,7.074833333333333,36.74074074074075,10.166666666666666,20.0,965.5463333333333,SITE 4,INT
2025-12-18 14:00:00,15.239666666666666,13.537333333333333,8.078333333333333,37.44444444444444,10.0,18.966666666666665,964.8693333333334,SITE 4,INT
2025-12-18 15:00:00,16.984193548387097,15.107096774193549,9.151774193548386,37.97491039426523,10.358422939068099,18.93548387096774,964.4835483870967,SITE 4,INT
2025-12-18 16:00:00,18.508166666666668,16.443666666666665,10.137666666666666,37.68518518518519,10.574074074074074,19.3,964.7833333333333,SITE 4,INT
2025-12-18 17:00:00,32.555,28.13516666666667,17.509166666666665,36.037037037037045,10.74074074074074,21.6,965.3026666666667,SITE 4,INT
2025-12-18 18:00:00,67.38966666666667,57.28966666666667,36.44216666666667,34.5,11.611111111111112,24.933333333333334,965.991,SITE 4,INT
2025-12-18 19:00:00,66.551,56.15983333333334,37.05266666666667,34.111111111111114,12.24074074074074,26.6,966.7883333333334,SITE 4,INT
2025-12-18 20:00:00,37.675666666666665,32.7885,21.401666666666664,33.166666666666664,11.481481481481483,26.733333333333334,967.524,SITE 4,INT
2025-12-18 21:00:00,24.660166666666665,22.639666666666663,14.725666666666665,32.333333333333336,11.425925925925926,27.8,967.8923333333333,SITE 4,INT
2025-12-18 22:00:00,20.83983870967742,19.169032258064515,12.541935483870969,31.75627240143369,11.379928315412187,28.677419354838708,968.0622580645162,SITE 4,INT
2025-12-18 23:00:00,16.291666666666668,14.980333333333332,9.6165,30.944444444444446,11.166666666666666,29.7,968.01,SITE 4,INT
2025-12-19 00:00:00,14.528500000000001,13.319666666666667,8.556333333333333,30.166666666666668,10.907407407407408,30.633333333333333,967.6953333333333,SITE 4,INT
2025-12-19 01:00:00,11.4735,10.500333333333334,6.858833333333333,29.77777777777778,10.777777777777777,31.0,967.3333333333334,SITE 4,INT
2025-12-19 02:00:00,35.265,30.48033333333333,17.641000000000002,28.90740740740741,10.888888888888888,32.8,966.829,SITE 4,INT
2025-12-19 03:00:00,52.151500000000006,42.477666666666664,24.794500000000003,28.074074074074076,11.314814814814815,35.03333333333333,966.7813333333332,SITE 4,INT
2025-12-19 04:00:00,34.35616666666667,29.40266666666667,17.932333333333336,27.333333333333336,10.981481481481483,36.4,966.8443333333332,SITE 4,INT
2025-12-19 05:00:00,20.817,19.284,12.350333333333333,26.685185185185183,11.074074074074074,38.03333333333333,967.091,SITE 4,INT
2025-12-19 06:00:00,41.814516129032256,35.2066129032258,21.966451612903228,26.164874551971327,11.164874551971325,39.45161290322581,967.4067741935484,SITE 4,INT
2025-12-19 07:00:00,41.834666666666664,35.58833333333334,22.143833333333337,26.425925925925927,11.555555555555555,39.666666666666664,967.9316666666667,SITE 4,INT
2025-12-19 08:00:00,34.07333333333333,28.990000000000002,17.8335,28.166666666666668,10.796296296296298,34.233333333333334,968.6256666666667,SITE 4,INT
2025-12-19 09:00:00,11.758333333333333,10.246999999999998,6.126166666666666,29.61111111111111,8.944444444444446,27.633333333333333,968.8846666666667,SITE 4,INT
2025-12-19 10:00:00,258.25716666666665,239.01766666666666,138.25183333333334,31.703703703703702,9.24074074074074,24.933333333333334,968.707,SITE 4,INT
2025-12-19 11:00:00,76.60316666666667,68.6215,44.492333333333335,33.68518518518519,8.925925925925926,21.733333333333334,967.8743333333333,SITE 4,INT
2025-12-19 12:00:00,49.09116666666667,41.693666666666665,25.868499999999997,35.592592592592595,9.314814814814815,20.0,967.0586666666666,SITE 4,INT
2025-12-19 13:00:00,21.948333333333334,19.16033333333333,11.006333333333334,36.48148148148149,9.333333333333334,19.1,966.2343333333333,SITE 4,INT
2025-12-19 14:00:00,13.540833333333333,11.493,6.337833333333333,36.75925925925926,8.88888888888889,18.266666666666666,965.5013333333334,SITE 4,INT
2025-12-19 15:00:00,15.149333333333335,12.824,6.896833333333333,37.25925925925926,8.814814814814815,17.733333333333334,965.0063333333333,SITE 4,INT
2025-12-19 16:00:00,19.635322580645163,16.71725806451613,9.394838709677419,37.02508960573477,9.10394265232975,18.419354838709676,964.8587096774194,SITE 4,INT
2025-12-19 17:00:00,44.234,35.94416666666667,21.7685,35.166666666666664,9.111111111111112,20.233333333333334,965.107,SITE 4,INT
2025-12-19 18:00:00,70.26133333333334,57.90133333333333,36.84066666666667,33.611111111111114,10.203703703703702,23.8,965.6043333333333,SITE 4,INT
2025-12-19 19:00:00,68.29666666666667,56.604000000000006,37.002500000000005,33.2962962962963,10.592592592592592,24.966666666666665,966.246,SITE 4,INT
2025-12-19 20:00:00,55.161833333333334,44.178666666666665,28.581,33.074074074074076,10.425925925925926,24.8,966.8376666666667,SITE 4,INT
2025-12-19 21:00:00,43.58566666666666,35.91466666666667,22.971999999999998,32.37037037037037,10.425925925925926,26.066666666666666,967.3186666666667,SITE 4,INT
2025-12-19 22:00:00,37.342333333333336,31.898833333333336,19.9525,31.703703703703702,10.407407407407408,26.933333333333334,967.2403333333333,SITE 4,INT
2025-12-19 23:00:00,26.337903225806453,23.503064516129033,14.189677419354839,31.09318996415771,10.07168458781362,27.161290322580644,967.0306451612903,SITE 4,INT
2025-12-20 00:00:00,23.35983333333333,20.55483333333333,12.328000000000001,30.444444444444446,10.37037037037037,28.9,966.8466666666667,SITE 4,INT
2025-12-20 01:00:00,29.036,25.573666666666668,14.981666666666666,29.833333333333332,10.518518518518517,30.333333333333332,966.33,SITE 4,INT
2025-12-20 02:00:00,42.622499999999995,36.2385,20.553333333333335,29.388888888888893,10.574074074074074,31.233333333333334,965.756,SITE 4,INT
2025-12-20 03:00:00,87.14899999999999,74.65566666666668,40.182,28.814814814814817,10.5,32.03333333333333,965.6086666666666,SITE 4,INT
2025-12-20 04:00:00,45.669333333333334,38.98516666666667,22.195,28.240740740740744,10.592592592592592,33.56666666666667,965.9273333333333,SITE 4,INT
2025-12-20 05:00:00,28.72233333333333,25.411166666666666,15.779166666666667,27.444444444444446,10.703703703703702,35.13333333333333,966.0816666666667,SITE 4,INT
2025-12-20 06:00:00,33.4245,28.752833333333335,18.093666666666664,27.222222222222225,10.648148148148149,35.86666666666667,966.8023333333333,SITE 4,INT
2025-12-20 07:00:00,53.01370967741936,43.59612903225806,27.210483870967742,27.63440860215054,11.379928315412187,36.38709677419355,967.4735483870968,SITE 4,INT
2025-12-20 08:00:00,34.448,29.977166666666665,18.854166666666668,28.666666666666668,11.166666666666666,33.93333333333333,968.1756666666666,SITE 4,INT
2025-12-20 09:00:00,23.134833333333333,20.074666666666666,12.257666666666667,30.425925925925927,9.574074074074074,27.533333333333335,968.272,SITE 4,INT
2025-12-20 10:00:00,15.477666666666666,13.823333333333332,8.637333333333334,31.962962962962965,8.11111111111111,22.6,968.0503333333334,SITE 4,INT
2025-12-20 11:00:00,19.331166666666665,16.987833333333334,10.249500000000001,34.2037037037037,8.222222222222223,20.2,967.2816666666666,SITE 4,INT
2025-12-20 12:00:00,11.162,9.5235,5.451666666666667,35.75925925925926,7.981481481481482,18.1,966.4556666666666,SITE 4,INT
2025-12-20 13:00:00,12.2145,10.379333333333333,5.916833333333333,36.92592592592593,8.333333333333334,17.233333333333334,965.4886666666666,SITE 4,INT
2025-12-20 14:00:00,13.918000000000001,11.913166666666665,6.962000000000001,37.57407407407407,8.314814814814815,16.766666666666666,964.667,SITE 4,INT
2025-12-20 15:00:00,14.88774193548387,12.931935483870967,7.755483870967741,37.831541218637994,8.261648745519715,16.29032258064516,964.102258064516,SITE 4,INT
2025-12-20 16:00:00,19.285166666666665,16.892333333333333,10.192499999999999,37.68518518518519,8.25925925925926,16.533333333333335,964.0626666666667,SITE 4,INT
2025-12-20 17:00:00,37.220333333333336,31.58216666666667,20.03216666666667,35.7962962962963,8.666666666666666,19.0,964.4173333333333,SITE 4,INT
2025-12-20 18:00:00,79.06583333333333,66.78483333333334,40.5785,34.38888888888889,9.444444444444445,21.766666666666666,964.745,SITE 4,INT
2025-12-20 19:00:00,66.174,55.229166666666664,35.302,33.62962962962963,9.722222222222223,23.033333333333335,965.3746666666667,SITE 4,INT
2025-12-20 20:00:00,42.4105,35.62383333333333,22.755,32.90740740740741,9.185185185185185,23.1,965.923,SITE 4,INT
2025-12-20 21:00:00,27.34,24.608999999999998,15.546333333333333,32.77777777777778,9.037037037037038,23.2,966.4446666666666,SITE 4,INT
2025-12-20 22:00:00,25.7535,23.149,14.483166666666667,32.388888888888886,9.38888888888889,24.166666666666668,966.2173333333334,SITE 4,INT
2025-12-20 23:00:00,28.4741935483871,25.58451612903226,15.59467741935484,31.34408602150538,9.372759856630823,25.612903225806452,965.8967741935484,SITE 4,INT
2025-12-21 00:00:00,22.089833333333335,19.505666666666666,11.9815,30.888888888888893,9.203703703703704,26.233333333333334,965.7223333333334,SITE 4,INT
2025-12-21 01:00:00,20.829666666666665,18.789333333333335,11.540333333333333,30.240740740740744,10.166666666666666,29.0,965.372,SITE 4,INT
2025-12-21 02:00:00,19.099833333333333,17.178333333333335,10.69,29.53703703703704,9.203703703703704,28.2,964.8816666666667,SITE 4,INT
2025-12-21 03:00:00,30.854,27.365000000000002,16.003333333333334,29.14814814814815,9.277777777777777,29.1,964.5813333333333,SITE 4,INT
2025-12-21 04:00:00,111.01516666666666,96.82366666666667,50.00983333333333,28.53703703703704,9.24074074074074,29.966666666666665,964.5256666666667,SITE 4,INT
2025-12-21 05:00:00,57.407833333333336,49.173,28.192,28.11111111111111,9.24074074074074,30.733333333333334,964.7516666666667,SITE 4,INT
2025-12-21 06:00:00,56.3195,47.94783333333333,28.3365,27.462962962962965,9.277777777777777,32.0,965.107,SITE 4,INT
2025-12-21 07:00:00,51.715483870967745,42.89048387096774,26.463709677419356,27.580645161290327,10.14336917562724,33.74193548387097,965.7025806451612,SITE 4,INT
2025-12-21 08:00:00,32.329166666666666,28.379,17.956333333333337,29.51851851851852,10.222222222222223,30.3,966.5203333333334,SITE 4,INT
2025-12-21 09:00:00,19.511000000000003,18.045333333333335,11.830666666666668,30.925925925925927,9.055555555555555,25.7,966.5846666666667,SITE 4,INT
2025-12-21 10:00:00,13.301833333333333,12.26,8.172333333333333,32.75925925925926,8.407407407407408,22.1,966.1703333333334,SITE 4,INT
2025-12-21 11:00:00,13.646999999999998,12.559833333333334,8.336333333333334,34.75925925925926,9.166666666666666,20.766666666666666,965.6276666666668,SITE 4,INT
2025-12-21 12:00:00,13.902166666666666,12.746166666666666,8.280333333333333,35.72222222222222,8.537037037037038,19.0,964.732,SITE 4,INT
2025-12-21 13:00:00,11.802666666666665,10.839166666666667,7.017833333333333,36.25925925925926,8.537037037037038,18.3,963.914,SITE 4,INT
2025-12-21 14:00:00,14.6415,13.267833333333332,8.646666666666667,37.46296296296296,8.222222222222223,16.8,963.2516666666667,SITE 4,INT
2025-12-21 15:00:00,13.005625,12.051874999999999,7.6937500000000005,37.77777777777778,8.26388888888889,16.375,962.885,SITE 4,INT
2025-12-21 18:00:00,78.23119047619048,68.04785714285715,43.26190476190476,33.12169312169313,9.656084656084655,23.61904761904762,963.8438095238096,SITE 4,INT
2025-12-21 19:00:00,87.30783333333333,80.60249999999999,52.01683333333333,33.88888888888889,10.203703703703702,23.566666666666666,964.397,SITE 4,INT
2025-12-21 20:00:00,80.21866666666666,71.71616666666667,46.07183333333333,33.55555555555556,9.981481481481483,23.666666666666668,965.175,SITE 4,INT
2025-12-21 21:00:00,71.21966666666667,59.19916666666666,37.63533333333333,32.96296296296296,9.833333333333334,24.2,965.6453333333334,SITE 4,INT
2025-12-21 22:00:00,58.818548387096776,48.49161290322581,30.227741935483873,32.32974910394265,9.982078853046595,25.35483870967742,965.9025806451613,SITE 4,INT
2025-12-21 23:00:00,35.6825,31.649333333333335,21.105833333333333,31.555555555555557,9.12962962962963,25.033333333333335,965.7283333333332,SITE 4,INT
2025-12-22 00:00:00,34.02066666666666,30.302666666666667,19.967,30.90740740740741,9.0,25.6,965.4770000000001,SITE 4,INT
2025-12-22 01:00:00,26.397666666666666,24.284666666666666,16.0415,30.333333333333332,9.037037037037038,26.633333333333333,965.0196666666667,SITE 4,INT
2025-12-22 02:00:00,35.82533333333333,30.894833333333334,19.529833333333332,29.62962962962963,9.24074074074074,28.033333333333335,964.6403333333333,SITE 4,INT
2025-12-22 03:00:00,35.667500000000004,31.5155,19.909499999999998,29.14814814814815,9.222222222222223,29.0,964.4923333333334,SITE 4,INT
2025-12-22 04:00:00,29.032833333333333,27.170666666666666,17.946833333333334,28.425925925925927,9.370370370370372,30.533333333333335,964.3853333333334,SITE 4,INT
2025-12-22 05:00:00,28.794833333333333,26.828,18.038166666666665,28.31481481481482,9.425925925925926,30.933333333333334,964.858,SITE 4,INT
2025-12-22 06:00:00,33.02883333333333,29.843833333333333,19.848833333333335,27.740740740740744,9.574074074074074,32.1,965.4026666666667,SITE 4,INT
2025-12-22 07:00:00,29.306166666666666,26.976333333333333,17.663833333333333,28.03703703703704,10.462962962962964,33.5,965.7756666666667,SITE 4,INT
2025-12-22 08:00:00,27.209999999999997,25.054166666666667,16.684,30.018518518518523,11.314814814814815,31.7,966.401,SITE 4,INT
2025-12-22 09:00:00,29.309833333333334,27.016333333333332,17.704333333333334,31.90740740740741,9.555555555555555,25.2,966.3356666666666,SITE 4,INT
2025-12-22 10:00:00,14.273548387096774,13.363387096774193,9.185161290322581,34.13978494623656,8.853046594982079,20.967741935483872,966.3064516129032,SITE 4,INT
2025-12-22 11:00:00,14.926833333333333,13.7655,9.454833333333333,36.05555555555556,8.38888888888889,18.433333333333334,965.9023333333333,SITE 4,INT
2025-12-22 12:00:00,11.9555,11.135166666666667,7.670833333333333,37.407407407407405,8.074074074074074,16.533333333333335,964.9976666666666,SITE 4,INT
2025-12-22 13:00:00,15.476166666666668,14.473333333333333,9.936166666666667,38.12962962962963,8.574074074074074,16.4,963.9363333333333,SITE 4,INT
2025-12-22 14:00:00,15.955333333333334,15.024833333333333,10.613499999999998,38.75925925925926,8.351851851851853,15.733333333333333,963.0640000000001,SITE 4,INT
2025-12-22 15:00:00,15.723333333333333,14.836666666666668,10.379333333333333,38.88888888888889,8.38888888888889,15.633333333333333,962.7513333333334,SITE 4,INT
2025-12-22 16:00:00,17.657500000000002,16.565333333333335,11.517,38.92592592592593,8.574074074074074,15.833333333333334,962.882,SITE 4,INT
2025-12-22 17:00:00,37.88699999999999,31.94516666666667,21.02583333333333,37.55555555555556,9.055555555555555,17.6,963.4953333333334,SITE 4,INT
2025-12-22 18:00:00,67.80883333333334,57.69833333333334,38.256166666666665,35.74074074074074,10.444444444444445,21.5,964.0683333333333,SITE 4,INT
2025-12-22 19:00:00,88.30274193548387,79.30306451612903,51.43322580645162,35.17921146953405,11.254480286738351,23.548387096774192,964.7377419354839,SITE 4,INT
2025-12-22 20:00:00,55.15533333333334,45.84866666666667,30.220000000000002,34.37037037037037,10.351851851851851,23.166666666666668,965.7083333333334,SITE 4,INT
2025-12-22 21:00:00,55.85133333333333,45.081,29.014666666666667,33.72222222222222,10.018518518518517,23.433333333333334,966.2216666666667,SITE 4,INT
2025-12-22 22:00:00,50.79416666666667,41.436,27.209166666666665,33.03703703703704,9.907407407407408,24.2,966.3213333333333,SITE 4,INT
2025-12-22 23:00:00,36.52483333333334,31.931333333333335,21.055833333333332,32.25925925925926,10.018518518518517,25.3,966.149,SITE 4,INT
2025-12-23 00:00:00,35.42383333333333,31.68466666666667,20.766000000000002,31.222222222222225,10.018518518518517,26.966666666666665,965.885,SITE 4,INT
2025-12-23 01:00:00,29.5455,27.618333333333332,18.526166666666665,30.555555555555557,9.444444444444445,27.0,965.193,SITE 4,INT
2025-12-23 02:00:00,36.04333333333333,31.543,19.950166666666668,30.314814814814817,9.555555555555555,27.566666666666666,964.507,SITE 4,INT
2025-12-23 03:00:00,40.663548387096775,34.73129032258065,21.96725806451613,29.96415770609319,9.13978494623656,27.387096774193548,964.2570967741935,SITE 4,INT
2025-12-23 04:00:00,45.356833333333334,37.946333333333335,23.559166666666666,29.685185185185183,9.277777777777777,28.033333333333335,964.5413333333333,SITE 4,INT
2025-12-23 05:00:00,28.362000000000002,26.534,18.090666666666667,28.64814814814815,9.462962962962964,30.133333333333333,964.8936666666667,SITE 4,INT
2025-12-23 06:00:00,76.42083333333333,67.46183333333333,43.6445,27.962962962962965,9.944444444444445,32.5,965.4343333333333,SITE 4,INT
2025-12-23 07:00:00,68.10816666666666,56.585166666666666,37.02433333333333,27.962962962962965,11.38888888888889,35.733333333333334,966.1813333333333,SITE 4,INT
2025-12-23 08:00:00,61.2795,50.269,33.057,29.62962962962963,10.666666666666666,31.033333333333335,966.6493333333333,SITE 4,INT
2025-12-23 09:00:00,40.224666666666664,34.81883333333334,22.9305,31.5,10.24074074074074,27.133333333333333,966.8753333333333,SITE 4,INT
2025-12-23 10:00:00,25.275,23.7955,16.337,33.370370370370374,10.814814814814815,25.266666666666666,966.5759999999999,SITE 4,INT
2025-12-23 11:00:00,21.283,20.21833333333333,14.041,35.166666666666664,10.75925925925926,22.766666666666666,965.9553333333333,SITE 4,INT
2025-12-23 12:00:00,18.1945,17.317833333333333,12.082833333333333,36.777777777777786,10.555555555555555,20.466666666666665,965.069,SITE 4,INT
2025-12-23 13:00:00,18.888333333333332,17.917333333333332,12.611500000000001,37.98148148148149,9.981481481481483,18.5,964.274,SITE 4,INT
2025-12-23 14:00:00,17.520967741935483,16.64306451612903,11.75258064516129,38.799283154121866,9.372759856630823,16.93548387096774,963.5693548387097,SITE 4,INT
2025-12-23 15:00:00,16.527333333333335,15.730333333333334,11.041333333333334,39.18518518518519,9.314814814814815,16.3,963.1933333333333,SITE 4,INT
2025-12-23 16:00:00,19.584833333333332,18.3765,12.9205,39.0,9.444444444444445,16.666666666666668,963.4936666666667,SITE 4,INT
2025-12-23 17:00:00,35.1435,30.99416666666667,20.73616666666667,37.55555555555556,9.555555555555555,18.233333333333334,963.964,SITE 4,INT
2025-12-23 18:00:00,91.39583333333333,82.18350000000001,52.99466666666667,35.72222222222222,10.24074074074074,21.3,964.5396666666667,SITE 4,INT
2025-12-23 19:00:00,158.5565,147.62699999999998,96.62650000000001,35.31481481481482,11.574074074074074,23.766666666666666,965.4386666666667,SITE 4,INT
2025-12-23 20:00:00,195.20016666666666,182.621,119.975,34.46296296296296,11.685185185185187,25.1,966.1233333333333,SITE 4,INT
2025-12-23 21:00:00,177.41416666666666,165.53266666666667,107.891,33.7962962962963,11.777777777777779,26.333333333333332,966.6163333333334,SITE 4,INT
2025-12-23 22:00:00,143.59048387096774,134.39693548387098,87.80387096774194,33.08243727598567,11.863799283154124,27.419354838709676,966.6903225806452,SITE 4,INT
2025-12-23 23:00:00,129.83916666666667,121.22633333333333,78.395,32.407407407407405,11.74074074074074,28.133333333333333,966.443,SITE 4,INT
2025-12-24 00:00:00,67.71466666666667,56.366499999999995,36.33266666666667,31.444444444444446,10.722222222222223,27.966666666666665,966.2756666666667,SITE 4,INT
2025-12-24 01:00:00,49.693333333333335,41.244166666666665,27.25433333333333,30.666666666666668,10.555555555555555,28.9,965.902,SITE 4,INT
2025-12-24 02:00:00,35.663,32.07083333333333,21.690333333333335,30.166666666666668,10.12962962962963,29.033333333333335,965.319,SITE 4,INT
2025-12-24 03:00:00,26.770500000000002,25.580333333333332,17.930333333333333,29.98148148148148,9.925925925925926,28.9,964.921,SITE 4,INT
2025-12-24 04:00:00,32.175333333333334,29.584,20.7695,29.64814814814815,9.814814814814815,29.233333333333334,965.1020000000001,SITE 4,INT
2025-12-24 05:00:00,45.74983333333333,41.961666666666666,27.6665,29.11111111111111,10.24074074074074,31.066666666666666,965.7643333333333,SITE 4,INT
2025-12-24 06:00:00,147.89566666666667,139.59633333333335,89.84766666666665,28.055555555555557,11.703703703703704,36.36666666666667,966.5473333333333,SITE 4,INT
2025-12-24 07:00:00,95.89225806451613,86.48129032258065,55.07548387096774,28.584229390681006,11.451612903225806,34.483870967741936,966.853870967742,SITE 4,INT
2025-12-24 08:00:00,131.51316666666668,124.43666666666667,80.8265,30.444444444444446,11.38888888888889,31.166666666666668,967.545,SITE 4,INT
2025-12-24 09:00:00,56.45,47.085166666666666,31.089833333333335,32.2962962962963,10.574074074074074,26.433333333333334,967.44,SITE 4,INT
2025-12-24 10:00:00,32.15416666666667,29.577833333333334,20.105666666666664,34.05555555555556,11.407407407407408,25.333333333333332,967.0243333333333,SITE 4,INT
2025-12-24 11:00:00,38.702,33.942,22.850166666666667,35.2962962962963,13.12962962962963,26.366666666666667,966.1416666666667,SITE 4,INT
2025-12-24 12:00:00,34.09016666666667,31.18566666666667,21.20266666666667,36.62962962962963,13.38888888888889,25.0,965.0596666666667,SITE 4,INT
2025-12-24 13:00:00,31.656333333333336,29.465833333333332,20.159499999999998,37.2962962962963,14.907407407407408,26.6,964.11,SITE 4,INT
2025-12-24 14:00:00,31.08083333333333,28.906166666666667,19.875999999999998,37.7037037037037,15.314814814814815,26.6,963.2213333333333,SITE 4,INT
2025-12-24 15:00:00,29.815166666666666,28.099666666666668,19.426166666666667,38.592592592592595,14.25925925925926,23.8,962.848,SITE 4,INT
2025-12-24 16:00:00,33.343333333333334,30.403833333333335,20.841,38.7962962962963,14.25925925925926,23.6,962.9196666666667,SITE 4,INT
2025-12-24 17:00:00,37.64774193548387,33.23951612903225,22.45241935483871,37.34767025089606,15.053763440860216,26.774193548387096,963.5699999999999,SITE 4,INT
2025-12-24 18:00:00,49.0435,40.934333333333335,27.342499999999998,36.01851851851852,15.51851851851852,29.7,964.0889999999999,SITE 4,INT
2025-12-24 19:00:00,60.66466666666667,50.4005,31.985666666666667,35.18518518518519,16.425925925925927,32.86666666666667,964.644,SITE 4,INT
2025-12-24 20:00:00,46.92916666666667,39.352833333333336,26.116,34.351851851851855,17.574074074074076,37.333333333333336,965.6623333333333,SITE 4,INT
2025-12-24 21:00:00,44.9925,38.37266666666667,25.591833333333334,33.53703703703704,17.90740740740741,39.63333333333333,966.4043333333334,SITE 4,INT
2025-12-24 22:00:00,34.338,31.4005,21.17716666666667,32.53703703703704,17.22222222222222,40.1,966.3696666666667,SITE 4,INT
2025-12-24 23:00:00,44.9995,37.8935,25.06116666666667,32.148148148148145,17.574074074074073,41.96666666666667,966.3043333333334,SITE 4,INT
2025-12-25 00:00:00,36.64383333333333,32.7835,21.89016666666667,31.90740740740741,17.407407407407405,42.266666666666666,966.2746666666667,SITE 4,INT
2025-12-25 01:00:00,36.017580645161296,32.497096774193544,21.733548387096775,30.860215053763444,17.204301075268816,44.41935483870968,965.7993548387096,SITE 4,INT
2025-12-25 02:00:00,34.0105,31.24416666666667,20.733333333333334,30.0,17.537037037037035,47.5,965.543,SITE 4,INT
2025-12-25 03:00:00,39.3085,34.366499999999995,22.904333333333334,30.314814814814817,17.722222222222225,47.333333333333336,965.5403333333333,SITE 4,INT
2025-12-25 04:00:00,66.117,55.86983333333333,34.63333333333333,29.88888888888889,17.888888888888893,49.06666666666667,965.7593333333333,SITE 4,INT
2025-12-25 05:00:00,59.8175,50.69833333333334,32.834666666666664,29.444444444444446,17.944444444444446,50.36666666666667,966.2176666666667,SITE 4,INT
2025-12-25 06:00:00,72.99849999999999,63.36466666666667,40.36183333333334,29.12962962962963,18.0,51.53333333333333,966.6753333333332,SITE 4,INT
2025-12-25 07:00:00,60.103500000000004,49.96783333333334,32.903666666666666,29.537037037037035,18.48148148148148,51.93333333333333,967.3430000000001,SITE 4,INT
2025-12-25 08:00:00,43.79783333333333,37.597,25.0305,29.98148148148148,20.0,55.7,968.028,SITE 4,INT
2025-12-25 09:00:00,41.505,35.835,23.679516129032255,30.555555555555557,20.752688172043012,56.38709677419355,968.2551612903226,SITE 4,INT
2025-12-25 10:00:00,41.193666666666665,35.763000000000005,23.844333333333335,32.7962962962963,20.35185185185185,48.266666666666666,967.8606666666667,SITE 4,INT
2025-12-25 11:00:00,42.70783333333333,37.608333333333334,25.05483333333333,35.22222222222222,20.037037037037035,41.36666666666667,967.136,SITE 4,INT
2025-12-25 12:00:00,40.21133333333333,34.97566666666667,23.508333333333333,37.18518518518519,19.333333333333332,35.4,966.2,SITE 4,INT
2025-12-25 13:00:00,42.05233333333333,36.015,24.214499999999997,38.62962962962963,18.425925925925927,31.066666666666666,965.0956666666666,SITE 4,INT
2025-12-25 14:00:00,41.33233333333333,35.57716666666667,23.952833333333334,38.7962962962963,17.90740740740741,29.7,964.1916666666667,SITE 4,INT
2025-12-25 15:00:00,40.20133333333333,34.85783333333333,23.427,38.62962962962963,17.27777777777778,28.866666666666667,963.912,SITE 4,INT
2025-12-25 16:00:00,38.05050000000001,33.58933333333333,22.728166666666667,38.666666666666664,17.314814814814817,29.0,964.3803333333333,SITE 4,INT
2025-12-25 17:00:00,99.14790322580646,90.11629032258064,55.10758064516129,37.81362007168459,16.97132616487455,29.548387096774192,964.9319354838709,SITE 4,INT
2025-12-25 18:00:00,112.03150000000001,106.00183333333332,68.74416666666666,36.20370370370371,17.14814814814815,32.7,965.5776666666667,SITE 4,INT
2025-12-25 19:00:00,70.679,60.2245,40.083999999999996,35.5,17.592592592592595,34.8,966.341,SITE 4,INT
2025-12-25 20:00:00,64.7245,53.180166666666665,34.964666666666666,35.05555555555556,17.259259259259256,35.0,967.099,SITE 4,INT
2025-12-25 21:00:00,57.47383333333333,46.811166666666665,30.980666666666664,34.46296296296296,16.944444444444443,35.46666666666667,967.465,SITE 4,INT
2025-12-25 22:00:00,59.0965,48.04383333333333,31.491,33.98148148148149,17.074074074074073,36.733333333333334,967.3706666666666,SITE 4,INT
2025-12-25 23:00:00,56.10066666666667,45.708666666666666,29.846666666666668,33.12962962962963,15.870370370370372,35.36666666666667,966.9996666666667,SITE 4,INT
2025-12-26 00:00:00,50.930166666666665,42.419666666666664,28.146166666666666,32.72222222222222,15.62962962962963,35.833333333333336,966.554,SITE 4,INT
2025-12-26 01:00:00,51.8755,43.104000000000006,28.493499999999997,32.2962962962963,15.74074074074074,37.2,966.1653333333333,SITE 4,INT
2025-12-26 02:00:00,48.268,40.29216666666666,26.832,31.85185185185185,15.222222222222223,36.666666666666664,965.8,SITE 4,INT
2025-12-26 03:00:00,56.25783333333334,46.31783333333333,30.662,31.240740740740744,15.018518518518517,37.46666666666667,965.7139999999999,SITE 4,INT
2025-12-26 04:00:00,48.603833333333334,40.26683333333333,26.824166666666667,31.111111111111118,14.481481481481483,36.7,965.9503333333334,SITE 4,INT
2025-12-26 05:00:00,64.80333333333333,54.15783333333333,35.72033333333333,31.000000000000004,14.148148148148149,36.166666666666664,966.2463333333333,SITE 4,INT
2025-12-26 06:00:00,65.96516666666666,54.5115,36.57666666666667,30.5,14.962962962962964,39.1,966.7463333333333,SITE 4,INT
2025-12-26 07:00:00,70.97933333333334,59.87866666666666,39.48983333333333,30.203703703703702,16.38888888888889,43.833333333333336,967.4913333333334,SITE 4,INT
2025-12-26 08:00:00,55.045,44.996833333333335,29.82633333333333,31.018518518518523,18.14814814814815,46.7,968.3356666666666,SITE 4,INT
2025-12-26 09:00:00,48.917833333333334,40.351166666666664,26.859666666666666,32.25925925925926,19.425925925925927,47.03333333333333,968.5973333333334,SITE 4,INT
2025-12-26 10:00:00,52.925333333333334,44.825500000000005,29.884,34.2962962962963,19.5,42.0,968.3766666666667,SITE 4,INT
2025-12-26 11:00:00,103.804,92.3285,54.927,36.22222222222222,18.64814814814815,36.0,967.8539999999999,SITE 4,INT
2025-12-26 12:00:00,61.95033333333333,51.70233333333333,32.9775,37.38888888888889,17.61111111111111,31.433333333333334,967.0196666666667,SITE 4,INT
2025-12-26 13:00:00,53.06816666666667,43.913000000000004,28.51516666666667,38.537037037037045,16.11111111111111,26.866666666666667,966.1753333333334,SITE 4,INT
2025-12-26 14:00:00,47.43333333333333,40.29116666666666,26.274833333333333,39.31481481481481,14.62962962962963,23.366666666666667,965.4860000000001,SITE 4,INT
2025-12-26 15:00:00,40.335,35.01683333333334,23.16433333333333,39.81481481481481,12.962962962962964,20.366666666666667,965.0896666666666,SITE 4,INT
2025-12-26 16:00:00,33.899193548387096,30.715967741935486,20.728709677419356,39.784946236559136,10.89605734767025,17.64516129032258,964.9454838709678,SITE 4,INT
2025-12-26 17:00:00,41.786500000000004,35.698,24.030166666666666,38.05555555555556,10.87037037037037,19.366666666666667,965.2033333333333,SITE 4,INT
2025-12-26 18:00:00,77.04483333333334,68.77916666666667,46.63,36.81481481481482,12.185185185185187,22.8,965.7653333333333,SITE 4,INT
2025-12-26 19:00:00,89.67116666666668,82.134,54.20783333333334,35.90740740740741,12.055555555555555,23.666666666666668,966.475,SITE 4,INT
2025-12-26 20:00:00,81.32783333333333,73.16499999999999,46.54183333333334,35.2037037037037,12.185185185185187,24.9,967.3513333333334,SITE 4,INT
2025-12-26 21:00:00,68.9315,57.0385,36.87166666666667,34.44444444444444,11.944444444444446,25.533333333333335,967.6616666666666,SITE 4,INT
2025-12-26 22:00:00,76.96233333333333,66.77916666666667,45.2245,33.74074074074074,11.851851851851853,26.533333333333335,967.7686666666667,SITE 4,INT
2025-12-26 23:00:00,51.626666666666665,42.2895,28.224,32.81481481481482,13.814814814814815,31.966666666666665,967.261,SITE 4,INT
2025-12-27 00:00:00,39.16466666666667,33.789833333333334,22.312333333333335,31.48148148148148,19.240740740740744,48.9,966.9063333333332,SITE 4,INT
2025-12-27 01:00:00,35.889,32.2125,21.6655,31.40740740740741,19.740740740740744,50.43333333333333,966.3206666666666,SITE 4,INT
2025-12-27 02:00:00,35.01683333333334,31.480666666666664,21.072333333333333,31.240740740740744,19.796296296296298,50.93333333333333,965.6646666666667,SITE 4,INT
2025-12-27 03:00:00,42.245999999999995,35.90016666666667,23.806500000000003,30.074074074074076,18.62962962962963,51.03333333333333,965.6633333333334,SITE 4,INT
2025-12-27 04:00:00,45.9185,38.30116666666667,25.579833333333333,29.685185185185183,16.833333333333332,46.4,966.2716666666668,SITE 4,INT
2025-12-27 05:00:00,43.44466666666666,36.569833333333335,24.566666666666666,29.88888888888889,15.574074074074074,42.233333333333334,966.6773333333333,SITE 4,INT
2025-12-27 06:00:00,52.79716666666666,42.93,28.159,29.962962962962965,12.74074074074074,34.93333333333333,967.1666666666666,SITE 4,INT
2025-12-27 07:00:00,71.80266666666667,61.06016666666667,38.094166666666666,30.055555555555554,12.407407407407408,34.03333333333333,967.9196666666667,SITE 4,INT
2025-12-27 08:00:00,89.74883333333334,81.34983333333334,52.17216666666666,31.12962962962963,13.074074074074074,33.4,968.8580000000001,SITE 4,INT
2025-12-27 09:00:00,48.486999999999995,40.71966666666666,27.24383333333333,32.31481481481482,12.611111111111112,30.1,968.768,SITE 4,INT
2025-12-27 10:00:00,44.10396551724138,36.883620689655174,24.716896551724137,34.02298850574713,14.022988505747128,30.137931034482758,968.218275862069,SITE 4,INT
2025-12-27 11:00:00,32.730666666666664,29.852666666666668,20.553,36.05555555555556,13.796296296296298,26.5,967.8403333333333,SITE 4,INT
2025-12-27 12:00:00,25.96833333333333,24.020500000000002,16.552666666666667,37.14814814814815,10.203703703703704,19.533333333333335,966.962,SITE 4,INT
2025-12-27 13:00:00,16.286833333333334,15.4055,10.970666666666666,37.98148148148149,8.444444444444445,16.466666666666665,966.0173333333333,SITE 4,INT
2025-12-27 14:00:00,16.543225806451613,15.696290322580644,11.146451612903226,38.78136200716846,8.637992831541219,15.96774193548387,965.1241935483871,SITE 4,INT
2025-12-27 15:00:00,18.17431034482759,17.090862068965517,12.115000000000002,38.88888888888889,8.544061302681992,15.931034482758621,964.7206896551725,SITE 4,INT
2025-12-27 16:00:00,19.5155,18.435833333333335,12.9845,38.7962962962963,8.611111111111112,15.933333333333334,964.94,SITE 4,INT
2025-12-27 17:00:00,29.876666666666665,26.789666666666665,18.574666666666666,37.81481481481482,9.38888888888889,17.833333333333332,965.2379999999999,SITE 4,INT
2025-12-27 18:00:00,61.81133333333334,50.289,33.622499999999995,36.44444444444445,11.018518518518517,21.533333333333335,965.8146666666667,SITE 4,INT
2025-12-27 19:00:00,68.176,57.48633333333333,38.486666666666665,34.96296296296296,10.833333333333334,23.0,966.454,SITE 4,INT
2025-12-27 20:00:00,69.84833333333333,57.587833333333336,35.18516666666667,34.18518518518519,10.555555555555555,23.533333333333335,967.3076666666667,SITE 4,INT
2025-12-27 21:00:00,133.47783333333334,118.05566666666667,64.6545,33.51851851851852,10.38888888888889,24.3,967.8199999999999,SITE 4,INT
2025-12-27 22:00:00,89.36083333333333,78.22166666666666,45.4215,33.074074074074076,9.574074074074074,23.533333333333335,967.9933333333333,SITE 4,INT
2025-12-27 23:00:00,85.3515,72.83850000000001,41.98966666666667,32.42592592592593,9.111111111111112,23.733333333333334,967.7556666666666,SITE 4,INT
2025-12-28 00:00:00,41.41766666666667,35.4515,23.392666666666667,31.740740740740744,8.425925925925927,24.0,967.509,SITE 4,INT
2025-12-28 01:00:00,31.9055,28.723333333333336,19.442,31.03703703703704,8.574074074074074,24.866666666666667,967.369,SITE 4,INT
2025-12-28 02:00:00,43.75033333333333,35.37166666666667,22.246,30.53703703703704,8.870370370370372,26.0,966.9050000000001,SITE 4,INT
2025-12-28 03:00:00,38.3055,32.785333333333334,21.624833333333335,30.37037037037037,9.314814814814815,27.066666666666666,966.7283333333332,SITE 4,INT
2025-12-28 04:00:00,39.08741935483871,33.685806451612905,22.556290322580644,29.444444444444446,9.444444444444445,28.903225806451612,966.7767741935485,SITE 4,INT
2025-12-28 05:00:00,58.79066666666667,50.64866666666667,35.616,29.01851851851852,9.203703703703704,28.966666666666665,967.061,SITE 4,INT
2025-12-28 06:00:00,48.092,39.72533333333333,26.913833333333333,28.61111111111111,8.925925925925926,29.166666666666668,967.4516666666666,SITE 4,INT
2025-12-28 07:00:00,33.870333333333335,30.055999999999997,20.449833333333334,28.925925925925927,8.907407407407408,28.766666666666666,968.2053333333333,SITE 4,INT
2025-12-28 08:00:00,38.2115,33.5465,23.0025,30.425925925925927,9.462962962962964,27.4,968.973,SITE 4,INT
2025-12-28 09:00:00,26.198833333333333,24.431500000000003,16.704666666666665,32.62962962962963,8.88888888888889,23.233333333333334,968.786,SITE 4,INT
2025-12-28 10:00:00,16.775333333333332,15.622000000000002,10.749166666666667,34.42592592592593,7.4259259259259265,18.733333333333334,968.493,SITE 4,INT
2025-12-28 11:00:00,18.196166666666667,16.828833333333332,11.692,35.90740740740741,7.703703703703704,17.733333333333334,967.7379999999999,SITE 4,INT
2025-12-28 12:00:00,16.1835,14.831999999999999,10.1225,37.2962962962963,7.907407407407407,16.5,966.659,SITE 4,INT
2025-12-28 13:00:00,12.119333333333334,11.294,7.838,37.98148148148149,6.777777777777778,14.666666666666666,965.725,SITE 4,INT
2025-12-28 14:00:00,10.924166666666668,10.285833333333333,7.242999999999999,38.01851851851852,6.62962962962963,14.533333333333333,964.9126666666667,SITE 4,INT
2025-12-28 15:00:00,13.934833333333334,13.074166666666667,9.1275,37.77777777777778,6.888888888888889,15.033333333333333,964.7610000000001,SITE 4,INT
2025-12-28 16:00:00,54.84916666666666,51.53483333333333,35.6235,37.44444444444444,6.462962962962963,14.766666666666667,965.0296666666667,SITE 4,INT
2025-12-28 17:00:00,30.728166666666667,27.31683333333333,18.540000000000003,36.7037037037037,7.037037037037037,16.133333333333333,965.4586666666667,SITE 4,INT
2025-12-28 18:00:00,69.67916666666666,60.05166666666666,40.44166666666667,35.72222222222222,8.648148148148149,19.1,965.9853333333334,SITE 4,INT
2025-12-28 19:00:00,61.656,49.82983333333333,33.217,34.851851851851855,8.666666666666666,20.066666666666666,966.5740000000001,SITE 4,INT
2025-12-28 20:00:00,54.51166666666666,43.86299999999999,29.401833333333336,34.05555555555556,8.925925925925926,21.066666666666666,967.2196666666666,SITE 4,INT
2025-12-28 21:00:00,38.459666666666664,33.32,22.185333333333332,33.46296296296296,8.148148148148149,20.9,967.6226666666666,SITE 4,INT
2025-12-28 22:00:00,40.84533333333333,34.58183333333333,22.589000000000002,32.648148148148145,8.037037037037038,21.7,967.7263333333334,SITE 4,INT
2025-12-28 23:00:00,27.107166666666668,25.214833333333335,17.235,32.12962962962963,7.555555555555556,21.666666666666668,967.499,SITE 4,INT
2025-12-29 00:00:00,64.53033333333333,56.847,31.81683333333333,31.61111111111111,7.314814814814815,22.033333333333335,967.3756666666667,SITE 4,INT
2025-12-29 01:00:00,87.12416666666667,76.47516666666667,41.42383333333333,31.000000000000004,7.462962962962964,23.066666666666666,966.9846666666667,SITE 4,INT
2025-12-29 02:00:00,28.694000000000003,25.247500000000002,16.4725,30.203703703703702,7.814814814814815,24.7,966.5956666666666,SITE 4,INT
2025-12-29 03:00:00,55.72716666666667,48.355000000000004,29.885166666666667,29.40740740740741,8.925925925925926,27.833333333333332,966.678,SITE 4,INT
2025-12-29 04:00:00,57.739000000000004,48.65533333333334,31.168666666666663,28.833333333333332,9.24074074074074,29.6,966.7646666666666,SITE 4,INT
2025-12-29 05:00:00,48.63564516129032,40.97887096774193,26.549354838709675,28.333333333333336,8.799283154121863,29.322580645161292,967.2080645161291,SITE 4,INT
2025-12-29 06:00:00,52.717333333333336,42.7535,28.703333333333333,28.333333333333336,8.425925925925927,28.933333333333334,967.8133333333334,SITE 4,INT
2025-12-29 07:00:00,98.45733333333332,91.23883333333333,61.54366666666667,29.12962962962963,8.814814814814815,28.066666666666666,968.5516666666666,SITE 4,INT
2025-12-29 08:00:00,93.92733333333334,83.35933333333334,52.550333333333334,31.000000000000004,8.88888888888889,25.366666666666667,969.4056666666668,SITE 4,INT
2025-12-29 09:00:00,67.127,58.90016666666667,39.1795,32.092592592592595,8.555555555555555,23.366666666666667,969.3636666666666,SITE 4,INT
2025-12-29 10:00:00,21.495833333333334,19.884333333333334,13.742666666666667,33.77777777777778,8.018518518518519,20.266666666666666,969.0576666666667,SITE 4,INT
2025-12-29 11:00:00,19.718666666666664,18.381500000000003,12.791666666666666,35.48148148148149,8.24074074074074,18.733333333333334,968.144,SITE 4,INT
2025-12-29 12:00:00,14.979999999999999,14.041833333333333,9.7585,37.14814814814815,7.814814814814815,16.6,966.737,SITE 4,INT
2025-12-29 13:00:00,12.3115,11.487833333333333,7.946166666666667,38.55555555555556,7.611111111111112,15.033333333333333,966.092,SITE 4,INT
2025-12-29 14:00:00,14.607333333333335,13.404166666666667,9.303666666666667,39.25925925925926,7.018518518518519,14.033333333333333,965.2553333333333,SITE 4,INT
2025-12-29 15:00:00,17.081666666666667,16.154,11.492666666666667,39.833333333333336,7.185185185185186,13.766666666666667,964.698,SITE 4,INT
2025-12-29 16:00:00,22.6945,21.4955,15.443999999999999,39.592592592592595,7.277777777777778,14.0,964.5293333333334,SITE 4,INT
2025-12-29 17:00:00,37.213166666666666,32.3245,22.063166666666667,38.5,7.722222222222223,15.4,964.8623333333333,SITE 4,INT
2025-12-29 18:00:00,96.36666666666666,86.913,58.1775,37.22222222222222,9.277777777777777,18.233333333333334,965.5066666666667,SITE 4,INT
2025-12-29 19:00:00,134.044,125.4265,83.76416666666667,36.166666666666664,10.592592592592592,21.2,966.2026666666667,SITE 4,INT
2025-12-29 20:00:00,83.04283333333333,75.11200000000001,51.14383333333333,35.01851851851852,10.629629629629628,22.633333333333333,967.2363333333334,SITE 4,INT
2025-12-29 21:00:00,60.86183333333334,49.17616666666667,33.71033333333333,34.2962962962963,9.648148148148149,22.1,967.8856666666667,SITE 4,INT
2025-12-29 22:00:00,68.69916666666667,57.1455,39.218333333333334,33.50000000000001,10.185185185185185,24.066666666666666,968.4116666666666,SITE 4,INT
2025-12-29 23:00:00,47.91983333333334,39.93816666666667,27.094166666666663,32.2962962962963,13.666666666666666,32.46666666666667,968.4240000000001,SITE 4,INT
2025-12-30 00:00:00,43.95433333333334,37.175666666666665,24.9545,31.351851851851855,16.462962962962965,41.166666666666664,968.1753333333332,SITE 4,INT
2025-12-30 01:00:00,42.01366666666667,35.86666666666667,23.733666666666668,30.61111111111111,18.62962962962963,49.266666666666666,967.4843333333333,SITE 4,INT
2025-12-30 02:00:00,42.39283333333333,36.059666666666665,23.795666666666666,29.925925925925927,19.40740740740741,53.6,966.8423333333334,SITE 4,INT
2025-12-30 03:00:00,41.70033333333333,35.641,23.5245,30.0,19.333333333333332,53.03333333333333,966.9746666666666,SITE 4,INT
2025-12-30 04:00:00,44.527833333333334,37.599666666666664,24.851666666666667,29.722222222222225,19.351851851851855,54.166666666666664,967.3870000000001,SITE 4,INT
2025-12-30 05:00:00,44.365,37.349333333333334,24.594833333333334,29.444444444444446,19.388888888888893,54.93333333333333,967.884,SITE 4,INT
2025-12-30 06:00:00,50.09616666666667,41.5435,27.459166666666665,29.796296296296298,19.240740740740744,53.5,968.5483333333334,SITE 4,INT
2025-12-30 07:00:00,73.35725806451612,62.615645161290324,38.90387096774194,29.37275985663083,18.476702508960575,52.193548387096776,969.5970967741935,SITE 4,INT
2025-12-30 08:00:00,69.2195,57.892833333333336,35.52333333333333,30.888888888888893,18.98148148148148,49.7,970.3330000000001,SITE 4,INT
2025-12-30 09:00:00,49.18666666666666,40.782666666666664,27.03216666666667,32.48148148148148,19.555555555555557,46.8,970.1693333333334,SITE 4,INT
2025-12-30 10:00:00,43.43866666666667,36.8185,24.634999999999998,34.24074074074074,19.722222222222225,42.766666666666666,970.0733333333334,SITE 4,INT
2025-12-30 11:00:00,41.00633333333334,35.31283333333333,23.911,36.092592592592595,19.037037037037035,37.06666666666667,969.457,SITE 4,INT
2025-12-30 12:00:00,44.87533333333333,37.69433333333333,25.523666666666667,37.48148148148149,17.90740740740741,31.866666666666667,968.6856666666666,SITE 4,INT
2025-12-30 13:00:00,46.051500000000004,38.55683333333333,26.295166666666667,38.55555555555556,17.555555555555554,29.433333333333334,967.6550000000001,SITE 4,INT
2025-12-30 14:00:00,47.4305,39.76416666666667,27.099666666666668,39.111111111111114,17.12962962962963,27.666666666666668,966.8026666666666,SITE 4,INT
2025-12-30 15:00:00,47.37466666666667,39.660333333333334,27.348666666666666,39.46296296296296,16.592592592592595,26.266666666666666,966.5493333333333,SITE 4,INT
2025-12-30 16:00:00,48.745,40.725166666666674,27.890666666666668,39.22222222222222,16.01851851851852,25.633333333333333,966.6163333333334,SITE 4,INT
2025-12-30 17:00:00,55.426500000000004,45.463499999999996,30.8755,38.166666666666664,15.777777777777779,26.8,966.8943333333334,SITE 4,INT
2025-12-30 18:00:00,74.68066666666667,64.4695,42.344,36.88888888888889,16.055555555555557,29.2,967.2516666666667,SITE 4,INT
2025-12-30 19:00:00,96.8135,88.61483333333334,58.480333333333334,36.55555555555556,16.796296296296298,31.166666666666668,968.065,SITE 4,INT
2025-12-30 20:00:00,66.836,54.4045,36.70016666666666,35.81481481481482,17.48148148148148,34.13333333333333,969.0596666666667,SITE 4,INT
2025-12-30 21:00:00,64.11366666666666,51.617666666666665,34.37383333333333,35.03703703703704,17.35185185185185,35.233333333333334,969.391,SITE 4,INT
2025-12-30 22:00:00,63.660999999999994,51.48133333333333,34.537000000000006,34.74074074074074,17.333333333333332,35.9,969.2456666666666,SITE 4,INT
2025-12-30 23:00:00,58.59,47.44583333333333,31.564666666666668,33.351851851851855,17.51851851851852,39.233333333333334,968.8853333333334,SITE 4,INT
2025-12-31 00:00:00,51.35966666666666,42.62733333333333,28.391333333333332,31.722222222222225,18.40740740740741,45.266666666666666,968.6823333333334,SITE 4,INT
2025-12-31 01:00:00,46.02633333333333,38.58383333333333,25.64333333333333,30.425925925925927,19.62962962962963,52.8,968.016,SITE 4,INT
2025-12-31 02:00:00,43.410645161290326,36.817419354838705,24.366129032258065,29.946236559139788,20.017921146953405,55.774193548387096,967.663870967742,SITE 4,INT
2025-12-31 03:00:00,39.76483333333333,34.4565,22.779999999999998,29.833333333333332,20.37037037037037,57.233333333333334,967.3453333333333,SITE 4,INT
2025-12-31 04:00:00,41.14233333333333,35.433,23.534166666666668,29.833333333333332,20.37037037037037,57.1,967.397,SITE 4,INT
2025-12-31 05:00:00,43.707,37.323,24.795333333333335,29.5,20.055555555555557,57.266666666666666,967.948,SITE 4,INT
2025-12-31 06:00:00,52.919999999999995,43.717666666666666,28.8715,29.14814814814815,19.703703703703702,57.166666666666664,968.1466666666668,SITE 4,INT
2025-12-31 07:00:00,53.07416666666666,43.644666666666666,28.769333333333336,29.370370370370374,19.87037037037037,57.2,968.8773333333334,SITE 4,INT
2025-12-31 08:00:00,51.1215,41.818999999999996,27.289166666666667,30.77777777777778,20.296296296296298,54.266666666666666,969.8373333333333,SITE 4,INT
2025-12-31 09:00:00,47.13316666666666,39.584833333333336,26.586166666666667,32.44444444444444,20.592592592592595,49.766666666666666,969.9393333333334,SITE 4,INT
2025-12-31 10:00:00,42.50032258064516,36.34193548387096,24.510645161290324,33.85304659498208,20.17921146953405,45.12903225806452,969.441935483871,SITE 4,INT
2025-12-31 11:00:00,42.425,36.6205,24.548833333333334,35.98148148148149,18.722222222222225,36.63333333333333,968.7900000000001,SITE 4,INT
2025-12-31 12:00:00,37.5295,33.14383333333333,22.466166666666666,37.833333333333336,17.203703703703702,30.0,967.86,SITE 4,INT
2025-12-31 13:00:00,27.702833333333334,26.198,18.243666666666666,38.75925925925926,14.314814814814815,23.633333333333333,966.8273333333333,SITE 4,INT
2025-12-31 14:00:00,25.649833333333333,24.384999999999998,17.115333333333336,39.38888888888889,13.75925925925926,21.933333333333334,965.9673333333334,SITE 4,INT
2025-12-31 15:00:00,26.725166666666667,25.372666666666664,17.758166666666668,39.833333333333336,14.111111111111112,21.966666666666665,965.7023333333333,SITE 4,INT
2025-12-31 16:00:00,29.89016666666667,27.661,19.426166666666667,39.833333333333336,13.370370370370372,20.766666666666666,965.6666666666666,SITE 4,INT
2025-12-31 17:00:00,41.217666666666666,35.352999999999994,23.95133333333333,38.907407407407405,13.0,21.5,965.7126666666667,SITE 4,INT
2025-12-31 18:00:00,70.70066666666666,61.83283333333333,41.343333333333334,37.55555555555556,13.944444444444446,24.633333333333333,966.0643333333334,SITE 4,INT
2025-12-31 19:00:00,84.93166666666666,78.94733333333333,52.342999999999996,36.777777777777786,14.685185185185185,26.966666666666665,966.6036666666666,SITE 4,INT
2025-12-31 20:00:00,79.33566666666667,72.298,48.79633333333334,35.833333333333336,14.148148148148149,27.1,967.3066666666667,SITE 4,INT
2025-12-31 21:00:00,75.586,65.26983333333334,43.24433333333333,35.407407407407405,13.537037037037038,27.0,967.348,SITE 4,INT
2025-12-31 22:00:00,93.23793103448276,84.46810344827585,55.20344827586207,34.88505747126437,13.697318007662835,28.03448275862069,967.183448275862,SITE 4,INT
2025-12-31 23:00:00,70.8095,59.106,39.7955,34.074074074074076,12.962962962962964,28.0,966.6973333333333,SITE 4,INT
2026-01-01 00:00:00,73.56616666666667,62.249,41.289833333333334,33.851851851851855,12.796296296296298,28.033333333333335,966.2103333333333,SITE 4,INT
2026-01-01 01:00:00,65.19483333333334,53.32733333333333,35.674499999999995,33.05555555555556,12.685185185185187,29.0,965.745,SITE 4,INT
2026-01-01 02:00:00,69.30366666666667,58.537166666666664,37.57066666666667,31.62962962962963,12.314814814814815,30.766666666666666,965.5803333333333,SITE 4,INT
2026-01-01 03:00:00,68.95866666666666,57.042833333333334,37.785333333333334,30.62962962962963,11.925925925925927,31.833333333333332,965.5003333333333,SITE 4,INT
2026-01-01 04:00:00,60.912166666666664,49.25266666666666,32.648833333333336,30.092592592592595,11.648148148148149,32.36666666666667,965.9713333333333,SITE 4,INT
2026-01-01 05:00:00,61.119482758620684,49.36482758620689,32.75568965517241,29.46360153256705,11.455938697318008,33.03448275862069,966.2234482758621,SITE 4,INT
2026-01-01 06:00:00,62.39333333333333,52.37033333333333,34.95366666666666,28.925925925925927,12.111111111111112,35.7,966.783,SITE 4,INT
2026-01-01 07:00:00,46.472166666666666,38.62716666666667,25.902833333333334,29.462962962962965,12.722222222222223,36.03333333333333,967.5823333333334,SITE 4,INT
2026-01-01 08:00:00,60.8895,49.955666666666666,32.618833333333335,30.75925925925926,11.962962962962964,31.466666666666665,968.242,SITE 4,INT
2026-01-01 09:00:00,72.65233333333335,62.285333333333334,40.815000000000005,32.53703703703704,12.12962962962963,28.9,968.4213333333333,SITE 4,INT
2026-01-01 10:00:00,44.978793103448275,37.82637931034483,25.56603448275862,34.38697318007663,11.168582375478929,24.379310344827587,968.0079310344828,SITE 4,INT
2026-01-01 11:00:00,33.00683333333333,30.037166666666668,20.74816666666667,35.88888888888889,9.351851851851851,19.633333333333333,967.4356666666666,SITE 4,INT
2026-01-01 12:00:00,24.868833333333335,23.454166666666666,16.590833333333332,37.2037037037037,8.722222222222223,17.566666666666666,966.3813333333333,SITE 4,INT
2026-01-01 13:00:00,24.43616666666667,22.609333333333332,15.925833333333335,38.351851851851855,8.703703703703704,16.5,965.3776666666668,SITE 4,INT
2026-01-01 14:00:00,20.855166666666666,19.896666666666665,14.293833333333334,39.166666666666664,8.314814814814815,15.333333333333334,964.4386666666667,SITE 4,INT
2026-01-01 15:00:00,21.4295,20.442999999999998,14.682333333333334,39.81481481481481,8.296296296296298,14.866666666666667,963.6696666666667,SITE 4,INT
2026-01-01 16:00:00,27.417758620689657,25.907586206896553,18.418275862068967,39.69348659003831,9.386973180076629,16.03448275862069,963.3562068965518,SITE 4,INT
2026-01-01 17:00:00,49.57416666666666,41.053999999999995,28.1675,38.333333333333336,11.12962962962963,19.566666666666666,963.4706666666666,SITE 4,INT
2026-01-01 18:00:00,84.81099999999999,76.77600000000001,51.72616666666667,37.111111111111114,12.777777777777779,23.366666666666667,964.3343333333333,SITE 4,INT
2026-01-01 19:00:00,108.59933333333333,101.35449999999999,67.14516666666667,36.166666666666664,13.425925925925926,25.433333333333334,965.3903333333333,SITE 4,INT
2026-01-01 20:00:00,123.384,114.63799999999999,76.55933333333334,35.31481481481482,14.38888888888889,28.866666666666667,966.474,SITE 4,INT
2026-01-01 21:00:00,47.58316666666667,39.55883333333334,26.6355,34.31481481481481,18.370370370370374,39.13333333333333,967.3729999999999,SITE 4,INT
2026-01-01 22:00:00,42.99249999999999,36.63016666666667,24.649333333333335,32.92592592592593,18.870370370370374,43.86666666666667,967.497,SITE 4,INT
2026-01-01 23:00:00,43.83416666666667,37.24283333333334,24.900666666666666,32.111111111111114,19.574074074074076,47.833333333333336,967.5706666666666,SITE 4,INT
2026-01-02 00:00:00,40.68241379310345,35.26275862068965,23.721379310344826,31.99233716475096,20.13409961685824,50.03448275862069,967.4841379310345,SITE 4,INT
2026-01-02 01:00:00,37.8135,33.468666666666664,22.378833333333333,31.166666666666668,20.388888888888893,53.3,966.919,SITE 4,INT
2026-01-02 02:00:00,36.9125,32.80166666666667,21.953666666666667,29.88888888888889,20.555555555555557,57.93333333333333,966.141,SITE 4,INT
2026-01-02 03:00:00,35.948,32.379,21.601999999999997,30.0,20.555555555555557,57.4,966.1363333333334,SITE 4,INT
2026-01-02 04:00:00,38.264,33.60816666666667,22.450499999999998,29.98148148148148,20.444444444444446,57.06666666666667,966.022,SITE 4,INT
2026-01-02 05:00:00,37.64810344827586,33.30362068965517,22.186724137931034,29.6360153256705,20.095785440613028,57.10344827586207,966.2858620689656,SITE 4,INT
2026-01-02 06:00:00,44.29516666666667,37.483666666666664,24.7305,29.092592592592595,19.85185185185185,57.93333333333333,966.768,SITE 4,INT
2026-01-02 07:00:00,45.74783333333333,38.37833333333333,25.363,29.592592592592595,20.092592592592595,57.266666666666666,967.6646666666667,SITE 4,INT
2026-01-02 08:00:00,47.290499999999994,39.554,26.038333333333334,30.425925925925927,20.685185185185183,56.666666666666664,968.5110000000001,SITE 4,INT
2026-01-02 09:00:00,49.257666666666665,40.949333333333335,27.108333333333334,31.444444444444446,21.092592592592595,54.766666666666666,968.5523333333333,SITE 4,INT
2026-01-02 10:00:00,42.81883333333334,36.517500000000005,24.455333333333332,33.53703703703704,20.77777777777778,47.7,968.0236666666666,SITE 4,INT
2026-01-02 11:00:00,38.166500000000006,33.55866666666667,22.71516666666667,36.05555555555556,18.62962962962963,36.1,967.679,SITE 4,INT
2026-01-02 12:00:00,43.646,36.91283333333333,24.913,37.62962962962963,17.12962962962963,30.066666666666666,966.6776666666667,SITE 4,INT
2026-01-02 13:00:00,37.52620689655173,33.198965517241376,22.534827586206895,38.46743295019157,15.24904214559387,25.448275862068964,965.7851724137931,SITE 4,INT
2026-01-02 14:00:00,27.464,26.0795,18.209,39.03703703703704,14.037037037037038,22.8,964.8783333333333,SITE 4,INT
2026-01-02 15:00:00,26.379666666666665,25.176,17.695666666666668,39.44444444444444,14.444444444444445,22.9,964.495,SITE 4,INT
2026-01-02 16:00:00,29.616333333333333,27.750333333333334,19.34283333333333,39.51851851851852,15.037037037037038,23.8,964.4693333333333,SITE 4,INT
2026-01-02 17:00:00,35.44716666666667,31.39383333333333,21.2695,38.166666666666664,14.703703703703702,24.933333333333334,964.5676666666666,SITE 4,INT
2026-01-02 18:00:00,73.77583333333334,63.994166666666665,41.515166666666666,37.22222222222222,14.777777777777777,26.4,964.7963333333333,SITE 4,INT
2026-01-02 19:00:00,122.99533333333333,112.6225,72.63449999999999,36.55555555555556,15.685185185185187,28.933333333333334,965.4723333333333,SITE 4,INT
2026-01-02 20:00:00,156.89810344827586,144.0605172413793,92.29948275862068,35.80459770114943,16.03448275862069,31.03448275862069,966.523448275862,SITE 4,INT
2026-01-02 21:00:00,171.418,157.25133333333332,100.812,35.22222222222222,16.22222222222222,32.56666666666667,966.9746666666667,SITE 4,INT
2026-01-02 22:00:00,99.192,89.93783333333334,59.393,34.407407407407405,14.88888888888889,31.066666666666666,966.971,SITE 4,INT
2026-01-02 23:00:00,46.07066666666666,38.58833333333334,25.84016666666667,33.81481481481482,14.518518518518517,31.5,966.9876666666667,SITE 4,INT
2026-01-03 00:00:00,39.445166666666665,34.42466666666667,23.314666666666664,33.31481481481482,15.962962962962964,35.53333333333333,967.059,SITE 4,INT
2026-01-03 01:00:00,37.965333333333334,33.434666666666665,22.613833333333332,32.42592592592593,16.796296296296298,39.46666666666667,966.7816666666666,SITE 4,INT
2026-01-03 02:00:00,38.163333333333334,33.622166666666665,22.620833333333334,30.90740740740741,18.01851851851852,46.6,966.249,SITE 4,INT
2026-01-03 03:00:00,37.84775862068965,33.528275862068966,22.52896551724138,30.49808429118774,18.946360153256705,50.310344827586206,966.0472413793103,SITE 4,INT
2026-01-03 04:00:00,37.861,33.418,22.440166666666666,29.925925925925927,19.388888888888893,53.8,966.2583333333333,SITE 4,INT
2026-01-03 05:00:00,34.10883333333334,31.332666666666668,21.015666666666668,29.48148148148148,20.314814814814817,58.233333333333334,966.566,SITE 4,INT
2026-01-03 06:00:00,41.58566666666666,35.77066666666666,23.87066666666667,29.25925925925926,20.592592592592595,60.2,967.2090000000001,SITE 4,INT
2026-01-03 07:00:00,48.36066666666667,40.19533333333333,26.592166666666667,29.12962962962963,20.203703703703702,58.63333333333333,968.1626666666667,SITE 4,INT
2026-01-03 08:00:00,38.16586206896552,33.64810344827586,22.38241379310345,29.597701149425287,20.919540229885055,59.827586206896555,968.816551724138,SITE 4,INT
2026-01-03 09:00:00,34.57283333333333,31.451666666666664,21.025666666666666,30.388888888888893,21.35185185185185,58.86666666666667,968.9159999999999,SITE 4,INT
2026-01-03 10:00:00,32.93383333333333,30.40233333333333,20.658666666666665,32.40740740740741,21.444444444444446,52.9,968.5766666666666,SITE 4,INT
2026-01-03 11:00:00,32.10966666666666,29.951999999999998,20.386166666666668,34.351851851851855,20.87037037037037,45.733333333333334,967.9933333333333,SITE 4,INT
2026-01-03 12:00:00,34.58416666666667,31.521,21.576833333333333,36.48148148148149,20.333333333333332,39.266666666666666,967.2383333333333,SITE 4,INT
2026-01-03 13:00:00,40.01316666666666,34.628166666666665,23.59916666666667,37.666666666666664,19.166666666666668,34.03333333333333,966.1129999999999,SITE 4,INT
2026-01-03 14:00:00,37.99633333333333,33.39783333333333,22.810333333333336,38.62962962962963,17.925925925925927,30.033333333333335,965.268,SITE 4,INT
2026-01-03 15:00:00,34.571379310344824,31.393103448275863,21.696379310344824,38.65900383141763,16.28352490421456,26.862068965517242,964.7186206896552,SITE 4,INT
2026-01-03 16:00:00,34.48316666666667,31.570666666666668,21.733999999999998,38.88888888888889,15.666666666666666,25.6,964.618,SITE 4,INT
2026-01-03 17:00:00,41.77016666666667,35.6915,24.133333333333333,37.7037037037037,15.648148148148149,27.233333333333334,964.8493333333333,SITE 4,INT
2026-01-03 18:00:00,73.17466666666665,63.965,42.483,36.611111111111114,16.462962962962965,30.466666666666665,965.1800000000001,SITE 4,INT
2026-01-03 19:00:00,93.21733333333333,86.40033333333334,57.32733333333333,36.64814814814815,17.12962962962963,31.666666666666668,965.9576666666667,SITE 4,INT
2026-01-03 20:00:00,109.98516666666666,102.42683333333333,67.44533333333334,35.74074074074074,16.98148148148148,32.93333333333333,966.7206666666666,SITE 4,INT
2026-01-03 21:00:00,156.07183333333333,145.76049999999998,96.28116666666666,35.31481481481482,17.796296296296298,35.7,967.394,SITE 4,INT
2026-01-03 22:00:00,119.78879310344827,111.38586206896552,73.21155172413792,35.0,17.413793103448278,35.51724137931034,967.3175862068965,SITE 4,INT
2026-01-03 23:00:00,78.83433333333333,69.11333333333333,45.73966666666667,34.42592592592593,17.314814814814817,36.333333333333336,967.4073333333333,SITE 4,INT
2026-01-04 00:00:00,49.640166666666666,41.19866666666667,27.692833333333333,33.42592592592593,17.537037037037035,39.0,967.6573333333333,SITE 4,INT
2026-01-04 01:00:00,41.87933333333333,35.7965,24.354333333333333,32.68518518518518,17.666666666666668,41.03333333333333,967.222,SITE 4,INT
2026-01-04 02:00:00,26.388166666666667,24.623333333333335,17.010166666666667,30.703703703703706,17.925925925925927,46.7,966.8713333333333,SITE 4,INT
2026-01-04 03:00:00,12.798666666666666,12.336833333333335,8.634666666666668,29.814814814814817,16.38888888888889,44.5,965.938,SITE 4,INT
2026-01-04 04:00:00,14.363620689655173,13.549999999999999,9.481551724137931,30.057471264367816,16.168582375478927,43.310344827586206,966.08,SITE 4,INT
2026-01-04 05:00:00,16.395500000000002,15.858833333333333,11.308333333333334,29.98148148148148,16.09259259259259,43.166666666666664,966.7253333333333,SITE 4,INT
2026-01-04 06:00:00,33.294000000000004,30.255499999999998,20.915000000000003,29.98148148148148,16.88888888888889,45.733333333333334,967.24,SITE 4,INT
2026-01-04 07:00:00,43.40266666666666,36.8045,24.482166666666668,29.814814814814817,18.35185185185185,50.666666666666664,967.8976666666666,SITE 4,INT
2026-01-04 08:00:00,35.6815,32.05866666666667,21.53216666666667,29.555555555555557,19.870370370370374,56.266666666666666,968.5116666666667,SITE 4,INT
2026-01-04 09:00:00,33.906,30.912166666666668,20.766666666666666,30.796296296296298,20.88888888888889,55.96666666666667,968.8296666666666,SITE 4,INT
2026-01-04 10:00:00,31.714137931034482,29.461724137931036,19.979655172413793,32.720306513409966,21.053639846743295,50.6551724137931,968.5165517241379,SITE 4,INT
2026-01-04 11:00:00,32.32816666666667,29.96066666666667,20.4305,33.68518518518519,21.055555555555554,48.06666666666667,968.1406666666667,SITE 4,INT
2026-01-04 12:00:00,30.831833333333336,29.014,19.971666666666668,35.57407407407407,20.592592592592595,42.2,967.1856666666666,SITE 4,INT
2026-01-04 13:00:00,34.11866666666666,31.227999999999998,21.6295,36.777777777777786,20.14814814814815,38.1,966.356,SITE 4,INT
2026-01-04 14:00:00,35.3765,32.049166666666665,22.09416666666667,37.333333333333336,19.27777777777778,35.13333333333333,965.4689999999999,SITE 4,INT
2026-01-04 15:00:00,36.28416666666667,32.470666666666666,22.3435,37.25925925925926,19.074074074074076,34.666666666666664,965.0456666666666,SITE 4,INT
2026-01-04 16:00:00,39.1355,34.32983333333333,23.502166666666664,37.0,18.222222222222225,33.36666666666667,965.0536666666667,SITE 4,INT
2026-01-04 17:00:00,39.03155172413793,33.995862068965515,23.107931034482757,36.4176245210728,17.720306513409962,33.37931034482759,965.2551724137932,SITE 4,INT
2026-01-04 18:00:00,54.34683333333333,44.420833333333334,29.919500000000003,35.57407407407407,18.25925925925926,36.43333333333333,965.755,SITE 4,INT
2026-01-04 19:00:00,47.76933333333333,39.685833333333335,26.58833333333333,34.12962962962963,18.11111111111111,39.03333333333333,966.7176666666667,SITE 4,INT
2026-01-04 20:00:00,39.39533333333333,33.8365,22.651666666666664,33.53703703703704,18.722222222222225,41.86666666666667,967.3186666666667,SITE 4,INT
2026-01-04 21:00:00,39.39816666666666,34.35633333333333,23.41916666666667,33.2962962962963,18.85185185185185,43.0,967.643,SITE 4,INT
2026-01-04 22:00:00,35.89666666666667,31.992,21.573666666666668,32.44444444444444,18.61111111111111,44.233333333333334,967.8283333333333,SITE 4,INT
2026-01-04 23:00:00,34.54620689655172,31.46155172413793,21.355172413793102,31.819923371647512,18.869731800766285,46.48275862068966,967.5303448275862,SITE 4,INT
2026-01-05 00:00:00,34.4065,31.512666666666668,21.368,31.370370370370374,19.574074074074076,50.0,967.4856666666667,SITE 4,INT
2026-01-05 01:00:00,34.647666666666666,31.615166666666667,21.415333333333333,30.61111111111111,19.5,52.43333333333333,967.0766666666666,SITE 4,INT
2026-01-05 02:00:00,33.44083333333334,30.857000000000003,20.858333333333334,30.462962962962965,19.814814814814817,53.166666666666664,966.3233333333334,SITE 4,INT
2026-01-05 03:00:00,34.20233333333333,31.324833333333334,21.223666666666666,29.90740740740741,19.740740740740744,55.0,965.9373333333333,SITE 4,INT
2026-01-05 04:00:00,35.134827586206896,32.00534482758621,21.650689655172414,29.329501915708814,19.655172413793103,56.58620689655172,966.3620689655172,SITE 4,INT
2026-01-05 05:00:00,38.84016666666666,34.095666666666666,22.718166666666665,28.944444444444446,20.055555555555557,59.233333333333334,966.802,SITE 4,INT
2026-01-05 06:00:00,44.929833333333335,37.824,25.274333333333335,28.333333333333336,20.203703703703702,62.0,967.2343333333333,SITE 4,INT
2026-01-05 07:00:00,48.80133333333333,40.540166666666664,26.935,28.703703703703702,20.51851851851852,61.666666666666664,967.937,SITE 4,INT
2026-01-05 08:00:00,41.88783333333333,36.028666666666666,23.9465,29.388888888888893,20.666666666666668,59.86666666666667,968.4123333333333,SITE 4,INT
2026-01-05 09:00:00,38.931666666666665,33.9985,22.735333333333333,31.222222222222225,20.925925925925927,54.8,968.4743333333333,SITE 4,INT
2026-01-05 10:00:00,36.50241379310344,32.682931034482756,22.25741379310345,33.40996168582375,20.747126436781613,47.86206896551724,968.3413793103449,SITE 4,INT
2026-01-05 11:00:00,32.65416666666667,30.34466666666667,21.0085,35.5,20.203703703703702,41.266666666666666,967.7656666666667,SITE 4,INT
2026-01-05 12:00:00,31.901833333333332,29.932166666666667,20.680333333333333,36.92592592592593,19.055555555555557,35.4,966.7646666666666,SITE 4,INT
2026-01-05 13:00:00,35.669666666666664,32.13966666666667,22.098833333333335,37.74074074074074,18.370370370370374,32.3,965.6103333333334,SITE 4,INT
2026-01-05 14:00:00,35.07066666666666,31.7595,21.8595,38.777777777777786,17.555555555555554,29.033333333333335,964.679,SITE 4,INT
2026-01-05 15:00:00,36.180862068965524,32.300172413793106,22.252586206896552,39.02298850574713,17.39463601532567,28.413793103448278,964.0762068965516,SITE 4,INT
2026-01-05 16:00:00,35.38316666666667,31.838833333333334,21.89816666666667,39.18518518518519,16.814814814814817,27.166666666666668,963.6446666666667,SITE 4,INT
2026-01-05 17:00:00,46.184,38.504,25.813,37.92592592592593,16.555555555555557,28.5,964.1346666666667,SITE 4,INT
2026-01-05 18:00:00,75.85449999999999,65.74683333333333,43.64483333333333,36.833333333333336,16.962962962962965,31.2,964.6043333333333,SITE 4,INT
2026-01-05 19:00:00,92.48116666666667,85.73766666666667,56.543,36.18518518518519,17.87037037037037,34.13333333333333,965.332,SITE 4,INT
2026-01-05 20:00:00,82.98100000000001,74.93133333333334,48.42766666666667,35.55555555555556,17.796296296296298,35.233333333333334,966.5233333333333,SITE 4,INT
2026-01-05 21:00:00,62.376333333333335,52.164,34.61683333333334,35.166666666666664,18.240740740740744,37.0,966.713,SITE 4,INT
2026-01-05 22:00:00,43.21775862068966,36.45844827586207,24.444310344827585,34.42528735632184,18.544061302681992,39.37931034482759,966.7713793103447,SITE 4,INT
2026-01-05 23:00:00,37.42966666666667,33.1595,22.508,32.75925925925926,19.092592592592595,44.6,966.9110000000001,SITE 4,INT
2026-01-06 00:00:00,34.9895,31.962,21.9405,31.740740740740744,17.962962962962965,44.06666666666667,966.5423333333333,SITE 4,INT
2026-01-06 01:00:00,35.1705,31.875333333333334,21.6145,31.370370370370374,18.555555555555557,46.9,966.42,SITE 4,INT
2026-01-06 02:00:00,36.39216666666667,32.57816666666667,21.96516666666667,30.203703703703702,19.333333333333332,52.5,966.3733333333333,SITE 4,INT
2026-01-06 03:00:00,36.99533333333333,32.899166666666666,22.170166666666667,29.03703703703704,19.055555555555557,55.333333333333336,965.955,SITE 4,INT
2026-01-06 04:00:00,43.8551724137931,37.174827586206895,24.797758620689656,28.88888888888889,19.578544061302683,57.48275862068966,966.0558620689654,SITE 4,INT
2026-01-06 05:00:00,42.78783333333333,36.53183333333333,24.679333333333332,29.314814814814817,18.796296296296298,53.46666666666667,966.6463333333334,SITE 4,INT
2026-01-06 06:00:00,45.00683333333333,38.01166666666666,25.60183333333333,28.462962962962965,18.092592592592595,53.766666666666666,966.901,SITE 4,INT
2026-01-06 07:00:00,84.45716666666667,75.64466666666667,49.063833333333335,29.185185185185183,18.40740740740741,52.63333333333333,967.4476666666667,SITE 4,INT
2026-01-06 08:00:00,53.50016666666667,44.3955,29.14966666666667,29.85185185185185,18.77777777777778,51.666666666666664,968.2896666666667,SITE 4,INT
2026-01-06 09:00:00,37.32183333333333,33.13733333333333,22.440833333333334,30.666666666666668,18.796296296296298,49.5,968.631,SITE 4,INT
2026-01-06 10:00:00,39.46775862068966,34.36120689655173,23.146034482758623,32.4904214559387,19.061302681992338,45.44827586206897,968.3003448275862,SITE 4,INT
2026-01-06 11:00:00,38.5485,34.013,23.020833333333332,33.333333333333336,18.740740740740744,42.1,967.3723333333332,SITE 4,INT
2026-01-06 12:00:00,39.87433333333333,34.78616666666667,23.628333333333334,34.05555555555556,18.64814814814815,40.43333333333333,966.5846666666667,SITE 4,INT
2026-01-06 13:00:00,39.7775,34.67016666666667,23.58983333333333,35.94444444444445,18.740740740740744,36.833333333333336,965.4676666666667,SITE 4,INT
2026-01-06 14:00:00,39.318,34.36633333333334,23.399833333333333,36.90740740740741,18.61111111111111,34.46666666666667,964.5456666666666,SITE 4,INT
2026-01-06 15:00:00,44.343666666666664,37.81016666666667,25.75583333333333,37.666666666666664,18.074074074074076,31.8,964.0466666666667,SITE 4,INT
2026-01-06 16:00:00,43.595000000000006,36.932758620689654,25.186379310344826,37.56704980842912,18.333333333333336,32.62068965517241,963.9472413793104,SITE 4,INT
2026-01-06 17:00:00,45.42066666666666,38.155,25.84416666666667,37.01851851851852,17.888888888888893,32.666666666666664,964.1550000000001,SITE 4,INT
2026-01-06 18:00:00,56.706,46.433499999999995,31.113166666666665,35.87037037037037,18.185185185185187,35.53333333333333,964.6593333333333,SITE 4,INT
2026-01-06 19:00:00,67.18433333333333,56.3675,37.67466666666667,35.05555555555556,17.98148148148148,36.96666666666667,965.2393333333333,SITE 4,INT
2026-01-06 20:00:00,55.765,45.58433333333333,30.489666666666665,34.00000000000001,18.85185185185185,41.2,966.0833333333334,SITE 4,INT
2026-01-06 21:00:00,54.269666666666666,44.412166666666664,29.439333333333334,33.46296296296296,19.01851851851852,42.766666666666666,966.5423333333333,SITE 4,INT
2026-01-06 22:00:00,52.83793103448276,43.61568965517242,28.844310344827587,33.31417624521073,18.678160919540232,42.41379310344828,966.5993103448276,SITE 4,INT
2026-01-06 23:00:00,54.05983333333334,44.566500000000005,29.6955,32.81481481481482,18.48148148148148,43.0,966.635,SITE 4,INT
2026-01-07 00:00:00,53.885999999999996,44.325,29.398833333333336,31.796296296296298,18.555555555555557,45.7,966.268,SITE 4,INT
2026-01-07 01:00:00,54.99633333333334,45.16116666666667,29.9925,31.296296296296298,18.64814814814815,47.53333333333333,965.6866666666666,SITE 4,INT
2026-01-07 02:00:00,57.6685,47.184999999999995,31.029,30.981481481481485,18.592592592592595,47.733333333333334,965.3336666666667,SITE 4,INT
2026-01-07 03:00:00,56.01051724137931,45.83603448275862,30.312241379310343,30.517241379310345,17.969348659003835,47.44827586206897,965.4637931034483,SITE 4,INT
2026-01-07 04:00:00,58.92216666666666,47.858333333333334,31.4625,30.14814814814815,18.814814814814817,51.06666666666667,966.0326666666666,SITE 4,INT
2026-01-07 05:00:00,57.88583333333334,47.135666666666665,30.938666666666666,28.944444444444446,18.814814814814817,54.8,966.6203333333334,SITE 4,INT
2026-01-07 06:00:00,51.00533333333333,42.31316666666667,27.997666666666667,29.314814814814817,18.64814814814815,53.166666666666664,966.9316666666667,SITE 4,INT
2026-01-07 07:00:00,50.98166666666667,42.30883333333334,27.807000000000002,29.592592592592595,18.740740740740744,52.36666666666667,967.7136666666667,SITE 4,INT
2026-01-07 08:00:00,47.460344827586205,39.83689655172414,26.36413793103448,30.65134099616858,19.02298850574713,50.44827586206897,968.441724137931,SITE 4,INT
2026-01-07 09:00:00,49.443999999999996,41.040166666666664,27.243,32.0,18.592592592592595,45.56666666666667,968.4396666666667,SITE 4,INT
2026-01-07 10:00:00,42.565666666666665,36.07616666666667,23.978166666666667,34.51851851851852,16.203703703703706,33.7,968.0273333333333,SITE 4,INT
2026-01-07 11:00:00,35.3695,31.675833333333333,21.4715,36.351851851851855,14.907407407407408,28.033333333333335,967.506,SITE 4,INT
2026-01-07 12:00:00,30.895333333333333,28.495333333333335,19.436500000000002,37.87037037037037,13.833333333333334,24.0,966.9763333333334,SITE 4,INT
2026-01-07 13:00:00,25.5385,24.118833333333335,16.736,38.90740740740741,12.851851851851853,21.166666666666668,965.8983333333333,SITE 4,INT
2026-01-07 14:00:00,26.028666666666666,24.486333333333334,17.115666666666666,39.44444444444444,12.0,19.533333333333335,964.9343333333333,SITE 4,INT
2026-01-07 15:00:00,29.063666666666666,27.209,19.029833333333332,39.72222222222222,11.25925925925926,18.133333333333333,964.6466666666668,SITE 4,INT
2026-01-07 16:00:00,35.62916666666667,32.06133333333334,22.297666666666665,39.88888888888889,10.981481481481483,17.733333333333334,964.7033333333333,SITE 4,INT
2026-01-07 17:00:00,34.97033333333333,31.140333333333334,21.469333333333335,38.75925925925926,10.981481481481483,18.866666666666667,965.0323333333333,SITE 4,INT
2026-01-07 18:00:00,69.40249999999999,59.60183333333334,40.408833333333334,36.87037037037037,12.481481481481483,23.133333333333333,965.4076666666666,SITE 4,INT
2026-01-07 19:00:00,51.1645,41.907000000000004,28.312666666666665,35.611111111111114,12.814814814814815,25.4,966.3296666666666,SITE 4,INT
2026-01-07 20:00:00,58.924166666666665,47.175333333333334,30.78083333333333,34.87037037037037,12.51851851851852,25.933333333333334,967.4096666666667,SITE 4,INT
2026-01-07 21:00:00,49.85,40.7505,26.653000000000002,34.074074074074076,12.314814814814815,26.7,967.841,SITE 4,INT
2026-01-07 22:00:00,30.664827586206897,28.043275862068967,19.183620689655175,33.31417624521073,11.877394636015326,26.79310344827586,968.0627586206897,SITE 4,INT
2026-01-07 23:00:00,22.547166666666666,21.076,14.775666666666666,32.46296296296296,10.796296296296296,26.666666666666668,968.0043333333334,SITE 4,INT
2026-01-08 00:00:00,17.925833333333333,16.8505,11.7325,31.740740740740744,10.74074074074074,27.7,967.765,SITE 4,INT
2026-01-08 01:00:00,11.795,10.869666666666667,7.3021666666666665,30.75925925925926,10.148148148148149,27.933333333333334,967.6243333333333,SITE 4,INT
2026-01-08 02:00:00,20.397,18.387833333333333,11.448166666666667,30.62962962962963,9.962962962962964,27.933333333333334,968.118,SITE 4,INT
2026-01-08 03:00:00,23.954333333333334,21.228333333333335,13.056999999999999,30.11111111111111,10.444444444444445,29.6,967.871,SITE 4,INT
2026-01-08 04:00:00,17.842,16.505833333333335,10.541333333333334,29.555555555555557,10.518518518518517,30.766666666666666,968.0526666666667,SITE 4,INT
2026-01-08 05:00:00,18.511935483870968,17.334032258064518,11.899838709677418,29.24731182795699,10.537634408602152,31.451612903225808,968.7803225806451,SITE 4,INT
2026-01-08 06:00:00,19.079333333333334,17.947333333333333,12.376333333333333,28.87037037037037,10.722222222222223,32.56666666666667,968.9173333333333,SITE 4,INT
2026-01-08 07:00:00,24.523833333333336,22.073166666666665,14.519833333333334,29.333333333333332,11.537037037037038,33.4,969.3636666666666,SITE 4,INT
2026-01-08 08:00:00,37.7615,30.8125,19.8635,29.351851851851855,10.38888888888889,30.866666666666667,970.751,SITE 4,INT
2026-01-08 09:00:00,14.535833333333333,13.610166666666666,9.653333333333334,29.814814814814817,9.907407407407408,29.166666666666668,970.927,SITE 4,INT
2026-01-08 10:00:00,13.112333333333334,11.540666666666665,7.647,31.25925925925926,9.648148148148149,26.2,971.0243333333333,SITE 4,INT
2026-01-08 11:00:00,10.029166666666667,8.572666666666667,5.2620000000000005,32.72222222222222,9.333333333333334,23.733333333333334,970.4026666666667,SITE 4,INT
2026-01-08 12:00:00,13.459833333333334,12.265666666666668,7.868333333333334,32.48148148148148,9.203703703703704,23.7,969.3216666666667,SITE 4,INT
2026-01-08 13:00:00,9.982096774193549,9.148225806451613,6.043225806451613,33.40501792114696,9.587813620071685,23.193548387096776,968.4267741935483,SITE 4,INT
2026-01-08 14:00:00,11.5605,10.716166666666668,7.3308333333333335,33.88888888888889,9.907407407407408,23.0,967.6486666666666,SITE 4,INT
2026-01-08 15:00:00,20.238333333333333,19.089833333333335,13.778833333333333,33.96296296296296,9.61111111111111,22.5,967.1093333333333,SITE 4,INT
2026-01-08 16:00:00,30.67866666666667,27.689166666666665,19.582,34.44444444444444,10.148148148148149,22.466666666666665,966.9743333333333,SITE 4,INT
2026-01-08 17:00:00,29.904666666666667,27.3855,18.901166666666665,33.592592592592595,10.333333333333334,24.133333333333333,967.2076666666667,SITE 4,INT
2026-01-08 18:00:00,36.428999999999995,31.5455,20.850666666666665,32.833333333333336,11.333333333333334,26.966666666666665,967.6966666666667,SITE 4,INT
2026-01-08 19:00:00,49.34433333333333,40.652,26.921666666666667,32.22222222222222,11.203703703703704,27.633333333333333,968.203,SITE 4,INT
2026-01-08 20:00:00,31.5945,28.831666666666667,19.678333333333335,31.574074074074076,10.907407407407408,28.233333333333334,969.034,SITE 4,INT
2026-01-08 21:00:00,42.49733333333334,35.7985,23.339833333333335,31.092592592592595,10.703703703703702,28.5,969.4666666666667,SITE 4,INT
2026-01-08 22:00:00,35.22633333333333,30.970000000000002,20.678833333333333,30.61111111111111,9.925925925925926,27.866666666666667,969.3439999999999,SITE 4,INT
2026-01-08 23:00:00,25.057666666666666,23.23916666666667,15.784666666666668,30.314814814814817,9.851851851851851,28.2,969.2093333333333,SITE 4,INT
2026-01-09 00:00:00,29.813666666666666,26.165499999999998,17.210166666666666,29.796296296296298,9.518518518518517,28.5,968.9150000000001,SITE 4,INT
2026-01-09 01:00:00,20.453225806451613,19.0841935483871,13.030806451612902,29.42652329749104,9.838709677419354,29.612903225806452,968.3909677419355,SITE 4,INT
2026-01-09 02:00:00,17.082666666666668,15.9735,10.968,28.90740740740741,9.407407407407408,29.666666666666668,968.0393333333334,SITE 4,INT
2026-01-09 03:00:00,23.358333333333334,21.547833333333333,14.503333333333334,28.314814814814817,9.685185185185185,31.333333333333332,967.9033333333333,SITE 4,INT
2026-01-09 04:00:00,26.948333333333334,24.177166666666665,16.068,27.75925925925926,9.796296296296298,32.53333333333333,967.7466666666667,SITE 4,INT
2026-01-09 05:00:00,23.270500000000002,21.654999999999998,14.955666666666668,27.240740740740744,9.777777777777777,33.5,967.9879999999999,SITE 4,INT
2026-01-09 06:00:00,30.438333333333333,27.656833333333335,18.92983333333333,27.185185185185187,10.11111111111111,34.63333333333333,968.4393333333334,SITE 4,INT
2026-01-09 07:00:00,33.355,29.668,19.936333333333334,27.055555555555557,10.222222222222223,34.86666666666667,969.3186666666667,SITE 4,INT
2026-01-09 08:00:00,32.217166666666664,29.018166666666666,19.391166666666667,28.333333333333332,11.425925925925927,35.233333333333334,970.025,SITE 4,INT
2026-01-09 09:00:00,32.345666666666666,28.4295,18.773500000000002,30.48148148148148,10.296296296296298,29.0,969.9986666666666,SITE 4,INT
2026-01-09 10:00:00,21.836666666666666,19.042333333333332,12.015500000000001,32.75925925925926,7.555555555555556,20.766666666666666,969.5216666666668,SITE 4,INT
2026-01-09 11:00:00,20.092,17.807666666666666,11.701166666666666,34.46296296296296,7.407407407407407,18.8,968.4103333333334,SITE 4,INT
2026-01-09 12:00:00,19.3925,17.644000000000002,12.018,36.48148148148149,6.222222222222223,15.466666666666667,967.5063333333333,SITE 4,INT
2026-01-09 13:00:00,20.077666666666666,18.391166666666667,12.46,37.61111111111111,5.740740740740741,13.933333333333334,966.3363333333333,SITE 4,INT
2026-01-09 14:00:00,18.20716666666667,16.731166666666667,11.439,38.40740740740741,5.481481481481481,13.0,965.3566666666667,SITE 4,INT
2026-01-09 15:00:00,20.186500000000002,18.65716666666667,12.949333333333334,38.870370370370374,5.814814814814815,13.0,964.9166666666666,SITE 4,INT
2026-01-09 16:00:00,100.0465,94.2815,59.253166666666665,38.74074074074075,5.611111111111112,13.0,964.7786666666667,SITE 4,INT
2026-01-09 17:00:00,67.4535,58.00566666666667,35.77183333333333,37.62962962962963,6.074074074074074,14.166666666666666,965.1973333333333,SITE 4,INT
2026-01-09 18:00:00,78.57333333333332,68.776,45.35733333333334,36.44444444444445,8.24074074074074,17.833333333333332,965.6569999999999,SITE 4,INT
2026-01-09 19:00:00,74.60100000000001,64.63466666666666,44.2695,35.18518518518519,9.61111111111111,20.933333333333334,966.456,SITE 4,INT
2026-01-09 20:00:00,83.913,77.31916666666666,52.247499999999995,34.14814814814815,9.944444444444445,22.7,967.1986666666667,SITE 4,INT
2026-01-09 21:00:00,76.15883333333333,67.64450000000001,45.64666666666667,33.592592592592595,8.88888888888889,22.033333333333335,967.7860000000001,SITE 4,INT
2026-01-09 22:00:00,70.1465,59.97616666666667,38.99216666666667,33.111111111111114,9.333333333333334,23.133333333333333,967.8723333333332,SITE 4,INT
2026-01-09 23:00:00,78.67399999999999,67.476,41.20033333333333,32.51851851851852,9.037037037037038,23.3,967.8603333333333,SITE 4,INT
2026-01-10 00:00:00,51.99161290322581,42.372580645161285,27.75258064516129,31.863799283154123,9.014336917562725,24.35483870967742,967.705806451613,SITE 4,INT
2026-01-10 01:00:00,64.5325,54.26983333333333,33.076166666666666,31.240740740740744,8.722222222222223,24.766666666666666,967.2833333333333,SITE 4,INT
2026-01-10 02:00:00,61.02816666666667,50.34916666666666,31.555333333333333,30.555555555555557,8.833333333333334,25.9,966.8340000000001,SITE 4,INT
2026-01-10 03:00:00,52.54533333333333,45.066500000000005,28.126666666666665,29.77777777777778,8.925925925925926,27.266666666666666,966.6043333333333,SITE 4,INT
2026-01-10 04:00:00,35.25516666666667,31.472166666666666,21.361333333333334,28.814814814814817,9.12962962962963,29.333333333333332,966.6096666666667,SITE 4,INT
2026-01-10 05:00:00,34.2255,30.993166666666664,21.229499999999998,28.03703703703704,9.12962962962963,30.633333333333333,966.784,SITE 4,INT
2026-01-10 06:00:00,34.37933333333333,31.004833333333334,21.01066666666667,27.40740740740741,9.314814814814815,32.2,967.2326666666667,SITE 4,INT
2026-01-10 07:00:00,32.60016666666667,29.569666666666667,20.0845,27.685185185185187,10.11111111111111,33.46666666666667,967.952,SITE 4,INT
2026-01-10 08:00:00,39.81758064516129,33.55209677419355,21.809354838709677,29.336917562724015,10.824372759856631,31.774193548387096,968.7558064516129,SITE 4,INT
2026-01-10 09:00:00,33.37983333333333,28.811666666666667,18.88533333333333,31.018518518518523,10.722222222222223,28.566666666666666,969.1,SITE 4,INT
2026-01-10 10:00:00,26.7195,22.7975,14.426166666666667,32.77777777777778,8.851851851851851,22.966666666666665,968.8453333333333,SITE 4,INT
2026-01-10 11:00:00,16.095333333333333,14.259833333333335,9.318333333333333,34.87037037037037,7.129629629629631,18.133333333333333,968.2163333333333,SITE 4,INT
2026-01-10 12:00:00,15.528333333333334,13.2315,8.267333333333333,36.42592592592593,4.722222222222222,13.933333333333334,967.1926666666666,SITE 4,INT
2026-01-10 13:00:00,20.103833333333334,18.4325,12.794666666666666,37.48148148148148,4.518518518518519,12.833333333333334,966.3146666666667,SITE 4,INT
2026-01-10 14:00:00,20.716166666666666,19.169333333333334,13.4675,38.24074074074074,4.240740740740741,12.1,965.3023333333333,SITE 4,INT
2026-01-10 15:00:00,23.1155,21.677333333333333,15.484999999999998,38.833333333333336,2.759259259259259,10.333333333333334,964.7156666666667,SITE 4,INT
2026-01-10 16:00:00,38.37733333333333,33.534166666666664,22.883166666666668,38.611111111111114,3.7037037037037037,11.333333333333334,964.7669999999999,SITE 4,INT
2026-01-10 17:00:00,63.43354838709678,52.96306451612903,35.277580645161294,37.72401433691757,4.96415770609319,13.096774193548388,965.0277419354838,SITE 4,INT
2026-01-10 18:00:00,64.63550000000001,51.600500000000004,35.213499999999996,36.14814814814815,6.777777777777778,16.333333333333332,965.4826666666667,SITE 4,INT
2026-01-10 19:00:00,59.61633333333334,48.107,32.3,34.92592592592593,7.833333333333333,18.733333333333334,966.0319999999999,SITE 4,INT
2026-01-10 20:00:00,46.795,38.419,25.728166666666667,33.7962962962963,6.5,18.3,966.8426666666667,SITE 4,INT
2026-01-10 21:00:00,48.323499999999996,39.461666666666666,26.333166666666667,33.05555555555556,5.759259259259259,18.2,967.268,SITE 4,INT
2026-01-10 22:00:00,40.299499999999995,34.1085,22.762666666666668,32.388888888888886,5.685185185185185,18.633333333333333,967.1843333333333,SITE 4,INT
2026-01-10 23:00:00,30.7485,27.654666666666667,18.377833333333335,31.462962962962965,5.462962962962963,19.5,966.9596666666667,SITE 4,INT
2026-01-11 00:00:00,28.17366666666667,25.37933333333333,16.626,30.77777777777778,5.037037037037037,19.666666666666668,966.7026666666666,SITE 4,INT
2026-01-11 01:00:00,25.311500000000002,22.478833333333334,14.6015,30.5,4.722222222222222,19.566666666666666,966.221,SITE 4,INT
2026-01-11 02:00:00,40.45183333333333,34.915,20.724,29.925925925925927,4.611111111111112,19.966666666666665,965.6283333333333,SITE 4,INT
2026-01-11 03:00:00,77.14693548387096,64.78177419354839,36.100806451612904,29.211469534050178,4.820788530465951,21.29032258064516,965.4751612903226,SITE 4,INT
2026-01-11 04:00:00,70.86666666666666,58.04683333333333,33.03883333333333,28.61111111111111,4.796296296296296,21.933333333333334,965.5036666666667,SITE 4,INT
2026-01-11 05:00:00,72.91933333333333,61.3745,34.144666666666666,28.333333333333336,4.685185185185186,22.166666666666668,965.8253333333333,SITE 4,INT
2026-01-11 06:00:00,35.496,30.312833333333334,19.2805,27.77777777777778,5.277777777777778,23.833333333333332,966.4453333333333,SITE 4,INT
2026-01-11 07:00:00,66.86016666666667,54.413,31.7245,28.333333333333332,5.703703703703704,23.8,967.1293333333334,SITE 4,INT
2026-01-11 08:00:00,68.5825,55.08233333333333,32.92166666666667,29.703703703703702,6.87037037037037,23.833333333333332,967.9606666666666,SITE 4,INT
2026-01-11 09:00:00,43.898,34.622499999999995,21.16916666666667,31.592592592592595,6.074074074074074,20.1,968.1063333333333,SITE 4,INT
2026-01-11 10:00:00,36.6565,27.877166666666664,15.100333333333333,33.592592592592595,5.018518518518518,16.733333333333334,967.9203333333334,SITE 4,INT
2026-01-11 11:00:00,35.31677419354838,28.047096774193548,15.245483870967742,35.250896057347674,5.39426523297491,15.741935483870968,967.1464516129032,SITE 4,INT
2026-01-11 12:00:00,33.40866666666667,26.5455,14.03,37.07407407407407,5.37037037037037,14.0,966.2823333333333,SITE 4,INT
2026-01-11 13:00:00,30.82,24.357833333333335,12.654333333333334,38.18518518518519,4.685185185185186,12.4,965.2936666666667,SITE 4,INT
2026-01-11 14:00:00,34.59916666666666,27.615166666666667,15.669166666666666,39.01851851851852,4.296296296296296,11.466666666666667,964.4203333333334,SITE 4,INT
2026-01-11 15:00:00,48.524,38.189499999999995,24.634333333333334,39.2962962962963,4.907407407407407,11.933333333333334,963.884,SITE 4,INT
2026-01-11 16:00:00,51.151500000000006,40.242666666666665,26.17,39.092592592592595,5.018518518518518,12.033333333333333,963.7583333333333,SITE 4,INT
2026-01-11 17:00:00,60.686,47.15983333333334,30.7505,37.75925925925926,5.166666666666667,13.266666666666667,963.9993333333333,SITE 4,INT
2026-01-11 18:00:00,81.67866666666667,70.37650000000001,46.42549999999999,36.370370370370374,7.388888888888889,16.8,964.6496666666666,SITE 4,INT
2026-01-11 19:00:00,93.85306451612904,83.63032258064516,52.052258064516124,35.46594982078854,7.025089605734768,17.258064516129032,965.2945161290323,SITE 4,INT
2026-01-11 20:00:00,64.1345,49.849833333333336,31.779,34.72222222222222,6.740740740740741,17.666666666666668,966.103,SITE 4,INT
2026-01-11 21:00:00,58.52816666666667,45.12383333333333,28.36466666666667,34.074074074074076,6.722222222222223,18.2,966.376,SITE 4,INT
2026-01-11 22:00:00,58.95433333333334,45.30566666666667,28.410666666666668,33.351851851851855,7.518518518518519,20.166666666666668,966.4246666666667,SITE 4,INT
2026-01-11 23:00:00,53.358666666666664,41.36466666666667,25.75433333333333,32.51851851851852,6.240740740740741,19.333333333333332,966.2639999999999,SITE 4,INT
2026-01-12 00:00:00,42.50216666666667,33.213499999999996,20.049500000000002,32.0,5.703703703703704,19.0,966.0873333333333,SITE 4,INT
2026-01-12 01:00:00,42.378,33.481,20.397499999999997,31.48148148148148,4.962962962962963,18.566666666666666,965.5063333333333,SITE 4,INT
2026-01-12 02:00:00,41.772166666666664,32.882666666666665,19.939833333333336,31.018518518518523,3.6851851851851856,17.6,965.1983333333334,SITE 4,INT
2026-01-12 03:00:00,40.394999999999996,31.8775,19.153833333333335,30.555555555555557,3.277777777777778,17.266666666666666,965.2063333333333,SITE 4,INT
2026-01-12 04:00:00,42.38354838709677,33.164838709677426,19.756612903225808,30.161290322580644,1.863799283154122,16.193548387096776,965.4138709677419,SITE 4,INT
2026-01-12 05:00:00,71.19366666666666,58.72366666666667,36.495999999999995,28.833333333333332,3.851851851851852,20.266666666666666,965.8536666666666,SITE 4,INT
2026-01-12 06:00:00,116.632,104.7375,65.65933333333334,28.333333333333336,5.814814814814815,23.733333333333334,966.2593333333333,SITE 4,INT
2026-01-12 07:00:00,110.35,96.47066666666666,60.33566666666666,28.333333333333336,5.537037037037037,23.5,967.0516666666666,SITE 4,INT
2026-01-12 08:00:00,61.3695,46.833666666666666,29.32283333333333,29.25925925925926,4.222222222222222,20.233333333333334,967.8606666666667,SITE 4,INT
2026-01-12 09:00:00,52.76983333333333,39.90116666666667,23.913333333333334,31.222222222222225,3.740740740740741,17.466666666666665,968.328,SITE 4,INT
2026-01-12 10:00:00,49.124,36.86300000000001,21.169333333333334,33.333333333333336,3.4444444444444446,15.033333333333333,968.1886666666667,SITE 4,INT
2026-01-12 11:00:00,44.44666666666667,33.20016666666667,18.262666666666668,35.22222222222222,3.388888888888889,13.666666666666666,967.395,SITE 4,INT
2026-01-12 12:00:00,41.075500000000005,30.707666666666668,15.459499999999998,36.81481481481482,3.092592592592593,11.933333333333334,966.557,SITE 4,INT
2026-01-12 13:00:00,40.792741935483875,30.409193548387098,15.314032258064517,37.795698924731184,2.634408602150538,11.064516129032258,965.4277419354838,SITE 4,INT
2026-01-12 14:00:00,40.713,30.5,15.530000000000001,38.666666666666664,2.907407407407407,10.933333333333334,964.4896666666666,SITE 4,INT
2026-01-12 15:00:00,42.6285,32.03483333333333,17.314,38.870370370370374,2.907407407407407,10.7,963.7153333333333,SITE 4,INT
2026-01-12 16:00:00,47.76533333333334,35.96333333333334,20.936500000000002,38.31481481481482,3.0185185185185186,11.0,963.6503333333333,SITE 4,INT
2026-01-12 17:00:00,53.58566666666666,40.405499999999996,24.078,37.03703703703704,3.5185185185185186,12.333333333333334,963.923,SITE 4,INT
2026-01-12 18:00:00,109.4745,95.21316666666667,57.31183333333333,35.68518518518519,4.981481481481482,14.7,964.4846666666667,SITE 4,INT
2026-01-12 19:00:00,164.486,146.99733333333333,91.95133333333334,35.22222222222222,6.388888888888889,16.633333333333333,965.2773333333333,SITE 4,INT
2026-01-12 20:00:00,100.81700000000001,87.72316666666667,54.657666666666664,34.407407407407405,6.555555555555556,17.8,966.182,SITE 4,INT
2026-01-12 21:00:00,75.46416666666667,62.08183333333333,38.091166666666666,33.592592592592595,5.814814814814815,17.633333333333333,966.7036666666667,SITE 4,INT
2026-01-12 22:00:00,66.62822580645161,50.44193548387097,31.666129032258063,33.028673835125446,5.39426523297491,17.70967741935484,966.6425806451614,SITE 4,INT
2026-01-12 23:00:00,75.08316666666666,60.65866666666667,38.118500000000004,32.01851851851852,5.888888888888889,19.466666666666665,966.2706666666667,SITE 4,INT
2026-01-13 00:00:00,103.41133333333333,90.97599999999998,56.29383333333333,31.5,6.12962962962963,20.4,965.8113333333333,SITE 4,INT
2026-01-13 01:00:00,76.5325,62.2185,37.508,30.962962962962965,5.574074074074074,20.0,965.4376666666667,SITE 4,INT
2026-01-13 02:00:00,59.963499999999996,45.87283333333333,28.64466666666667,30.222222222222225,4.87037037037037,20.033333333333335,964.9963333333333,SITE 4,INT
2026-01-13 03:00:00,59.266666666666666,45.71083333333333,28.830666666666666,29.592592592592595,4.037037037037037,19.566666666666666,964.8610000000001,SITE 4,INT
2026-01-13 04:00:00,59.75516666666667,46.00466666666667,29.072333333333333,29.14814814814815,3.888888888888889,19.933333333333334,964.982,SITE 4,INT
2026-01-13 05:00:00,72.50966666666666,59.49183333333333,37.657666666666664,28.27777777777778,4.537037037037037,22.0,965.2873333333333,SITE 4,INT
2026-01-13 06:00:00,147.03854838709677,133.56887096774193,84.80193548387098,27.401433691756274,6.129032258064516,25.967741935483872,965.761935483871,SITE 4,INT
2026-01-13 07:00:00,148.83633333333333,134.221,85.50166666666668,27.85185185185185,6.111111111111112,25.3,966.384,SITE 4,INT
2026-01-13 08:00:00,186.096,170.43866666666665,107.81516666666667,28.90740740740741,6.388888888888889,24.133333333333333,967.0933333333334,SITE 4,INT
2026-01-13 09:00:00,97.99883333333334,88.00566666666667,56.75266666666666,31.12962962962963,4.537037037037037,18.633333333333333,967.198,SITE 4,INT
2026-01-13 10:00:00,77.47566666666667,66.491,43.23983333333333,33.40740740740741,6.037037037037037,18.133333333333333,967.0669999999999,SITE 4,INT
2026-01-13 11:00:00,58.830666666666666,45.1875,28.55933333333333,35.57407407407407,6.722222222222223,16.8,966.5400000000001,SITE 4,INT
2026-01-13 12:00:00,51.2385,39.7105,24.677833333333336,37.166666666666664,6.777777777777778,15.5,965.734,SITE 4,INT
2026-01-13 13:00:00,50.01366666666667,38.666666666666664,23.8345,38.111111111111114,6.462962962962963,14.3,964.7656666666667,SITE 4,INT
2026-01-13 14:00:00,46.57083333333333,36.01766666666666,22.086,39.07407407407407,5.87037037037037,13.066666666666666,963.7226666666667,SITE 4,INT
2026-01-13 15:00:00,44.43,34.45870967741936,21.292258064516126,39.44444444444444,4.78494623655914,11.774193548387096,963.3009677419356,SITE 4,INT
2026-01-13 16:00:00,46.33616666666667,36.0655,22.296,39.333333333333336,4.703703703703704,11.7,963.2193333333332,SITE 4,INT
2026-01-13 17:00:00,57.763,45.49316666666667,28.900666666666666,37.851851851851855,4.87037037037037,12.9,963.5766666666666,SITE 4,INT
2026-01-13 18:00:00,76.62650000000001,64.1015,41.18733333333333,36.5,7.296296296296296,16.7,964.269,SITE 4,INT
2026-01-13 19:00:00,91.36149999999999,79.33449999999999,50.1475,35.31481481481482,7.703703703703704,18.266666666666666,965.0303333333334,SITE 4,INT
2026-01-13 20:00:00,166.369,146.68400000000003,85.1405,34.37037037037037,6.740740740740741,18.066666666666666,965.6983333333334,SITE 4,INT
2026-01-13 21:00:00,74.1375,60.15333333333333,36.284666666666666,33.72222222222222,5.888888888888889,17.566666666666666,966.409,SITE 4,INT
2026-01-13 22:00:00,93.58033333333333,81.87066666666666,47.167833333333334,33.03703703703704,6.111111111111112,18.433333333333334,966.5653333333333,SITE 4,INT
2026-01-13 23:00:00,112.10950000000001,94.44166666666666,50.941833333333335,32.24074074074074,5.018518518518518,18.0,966.3406666666667,SITE 4,INT
2026-01-14 00:00:00,177.47500000000002,156.34725806451613,81.34983870967741,31.720430107526884,4.050179211469534,17.258064516129032,966.2174193548387,SITE 4,INT
2026-01-14 01:00:00,116.39699999999999,98.6875,52.96383333333333,31.018518518518523,3.4629629629629632,17.166666666666668,965.75,SITE 4,INT
2026-01-14 02:00:00,122.36933333333333,108.90249999999999,60.95933333333333,30.388888888888893,3.9074074074074074,18.7,965.3199999999999,SITE 4,INT
2026-01-14 03:00:00,88.623,77.81083333333332,43.553,29.722222222222225,5.388888888888888,21.4,965.1360000000001,SITE 4,INT
2026-01-14 04:00:00,75.98933333333333,63.682500000000005,39.2815,28.962962962962965,5.37037037037037,22.2,965.372,SITE 4,INT
2026-01-14 05:00:00,61.149,47.1115,29.34333333333333,28.592592592592595,4.166666666666667,21.0,965.6080000000001,SITE 4,INT
2026-01-14 06:00:00,89.7945,77.16866666666667,47.794,27.90740740740741,5.962962962962963,24.933333333333334,966.2386666666666,SITE 4,INT
2026-01-14 07:00:00,90.747,79.3065,49.324333333333335,27.592592592592595,7.611111111111112,28.333333333333332,966.9110000000001,SITE 4,INT
2026-01-14 08:00:00,73.07725806451613,60.45887096774194,38.998709677419356,29.569892473118284,11.756272401433693,33.70967741935484,967.6135483870968,SITE 4,INT
2026-01-14 09:00:00,63.85316666666667,49.58116666666667,31.770833333333332,30.888888888888893,11.981481481481483,31.633333333333333,967.919,SITE 4,INT
2026-01-14 10:00:00,57.02733333333333,44.34133333333333,28.203500000000002,33.37037037037037,10.777777777777777,25.333333333333332,967.6073333333334,SITE 4,INT
2026-01-14 11:00:00,54.202999999999996,42.2895,26.886833333333335,35.88888888888889,8.092592592592593,18.166666666666668,967.0973333333333,SITE 4,INT
2026-01-14 12:00:00,51.38766666666667,39.95233333333333,24.976,37.666666666666664,7.537037037037037,15.766666666666667,965.9906666666667,SITE 4,INT
2026-01-14 13:00:00,49.676,38.67766666666667,24.038,38.75925925925926,6.703703703703704,13.966666666666667,964.825,SITE 4,INT
2026-01-14 14:00:00,51.33166666666667,39.967666666666666,25.2345,39.57407407407407,6.814814814814815,13.3,963.7936666666667,SITE 4,INT
2026-01-14 15:00:00,50.42816666666667,39.38466666666667,24.9725,40.0,7.111111111111112,13.4,963.338,SITE 4,INT
2026-01-14 16:00:00,51.37387096774193,40.02145161290323,25.153709677419354,39.83870967741935,6.720430107526882,13.096774193548388,963.2716129032258,SITE 4,INT
2026-01-14 17:00:00,57.7855,44.67266666666667,28.658833333333334,38.75925925925926,7.388888888888889,14.633333333333333,963.534,SITE 4,INT
2026-01-14 18:00:00,106.75933333333333,94.10266666666666,59.309333333333335,37.166666666666664,8.24074074074074,16.933333333333334,963.9393333333334,SITE 4,INT
2026-01-14 19:00:00,116.8495,103.15533333333333,66.1475,35.64814814814815,8.166666666666668,18.433333333333334,964.5806666666666,SITE 4,INT
2026-01-14 20:00:00,110.03783333333332,96.09183333333334,57.98166666666667,34.62962962962963,7.148148148148149,18.2,965.4333333333333,SITE 4,INT
2026-01-14 21:00:00,130.75616666666667,115.78483333333334,65.841,33.88888888888889,6.685185185185186,18.3,966.0889999999999,SITE 4,INT
2026-01-14 22:00:00,180.49366666666666,157.7285,79.55366666666667,33.2962962962963,6.129629629629631,18.233333333333334,966.2126666666667,SITE 4,INT
2026-01-14 23:00:00,176.22716666666665,154.92149999999998,81.15983333333334,32.611111111111114,5.648148148148149,18.266666666666666,966.0353333333334,SITE 4,INT
2026-01-15 00:00:00,195.80783333333332,171.19466666666668,85.24383333333334,32.03703703703704,4.907407407407407,18.0,965.8506666666667,SITE 4,INT
2026-01-15 01:00:00,63.55516129032258,49.278387096774196,31.16741935483871,31.666666666666668,4.731182795698924,18.29032258064516,965.4245161290322,SITE 4,INT
2026-01-15 02:00:00,60.229166666666664,48.089666666666666,31.716,31.092592592592595,4.888888888888888,19.066666666666666,964.8343333333333,SITE 4,INT
2026-01-15 03:00:00,71.20800000000001,57.4475,34.38733333333333,30.61111111111111,4.685185185185186,19.233333333333334,964.6773333333333,SITE 4,INT
2026-01-15 04:00:00,74.2755,62.55949999999999,38.98833333333334,29.740740740740744,6.203703703703704,22.7,965.1286666666667,SITE 4,INT
2026-01-15 05:00:00,81.12883333333333,70.903,45.53483333333334,29.0,7.888888888888889,26.733333333333334,965.3253333333333,SITE 4,INT
2026-01-15 06:00:00,160.07283333333334,146.47449999999998,92.5485,28.666666666666668,8.814814814814815,28.933333333333334,965.836,SITE 4,INT
2026-01-15 07:00:00,216.9545,198.65216666666666,123.32616666666667,28.40740740740741,10.148148148148149,32.1,966.4586666666667,SITE 4,INT
2026-01-15 08:00:00,97.7495,86.16666666666667,54.546166666666664,29.388888888888893,12.407407407407408,35.333333333333336,967.3836666666667,SITE 4,INT
2026-01-15 09:00:00,66.9191935483871,53.17354838709677,34.39274193548387,30.591397849462368,16.433691756272403,42.58064516129032,967.7561290322581,SITE 4,INT
2026-01-15 10:00:00,59.07716666666667,46.2575,29.644000000000002,31.425925925925927,16.203703703703706,40.333333333333336,967.4463333333333,SITE 4,INT
2026-01-15 11:00:00,57.62533333333333,45.056000000000004,28.92683333333333,34.24074074074074,13.944444444444446,29.666666666666668,966.8743333333333,SITE 4,INT
2026-01-15 12:00:00,53.70066666666666,42.37,27.243666666666666,36.87037037037037,12.666666666666666,23.366666666666667,965.9633333333334,SITE 4,INT
2026-01-15 13:00:00,47.983666666666664,38.07116666666666,24.228833333333334,38.333333333333336,11.555555555555555,19.966666666666665,965.0636666666667,SITE 4,INT
2026-01-15 14:00:00,44.70883333333333,35.49916666666666,22.518833333333337,39.05555555555556,10.666666666666666,18.2,964.0550000000001,SITE 4,INT
2026-01-15 15:00:00,45.729,36.415499999999994,23.151333333333334,39.44444444444444,10.888888888888888,17.933333333333334,963.7783333333333,SITE 4,INT
2026-01-15 16:00:00,49.583499999999994,39.292833333333334,25.1095,39.14814814814815,11.555555555555555,19.133333333333333,963.7890000000001,SITE 4,INT
2026-01-15 17:00:00,60.21666666666667,47.906166666666664,30.431833333333334,37.98148148148149,11.74074074074074,20.733333333333334,964.169,SITE 4,INT
2026-01-15 18:00:00,93.09161290322581,80.72467741935485,51.44483870967742,36.55913978494624,11.594982078853047,22.193548387096776,964.7761290322582,SITE 4,INT
2026-01-15 19:00:00,98.09966666666668,88.69466666666668,57.73916666666666,36.111111111111114,11.981481481481483,23.466666666666665,965.5360000000001,SITE 4,INT
2026-01-15 20:00:00,90.88000000000001,79.21916666666667,49.875499999999995,35.18518518518519,10.777777777777777,22.6,966.435,SITE 4,INT
2026-01-15 21:00:00,111.5565,100.84549999999999,65.53216666666667,34.44444444444444,11.12962962962963,24.166666666666668,966.9336666666666,SITE 4,INT
2026-01-15 22:00:00,77.87816666666666,65.68433333333333,42.310833333333335,33.98148148148149,11.296296296296298,25.166666666666668,966.9413333333334,SITE 4,INT
2026-01-15 23:00:00,63.591,49.907666666666664,32.5585,33.51851851851852,11.018518518518517,25.3,966.878,SITE 4,INT
2026-01-16 00:00:00,58.15,45.4685,29.290166666666668,32.7962962962963,10.12962962962963,24.9,966.6276666666666,SITE 4,INT
2026-01-16 01:00:00,58.08166666666667,45.68366666666667,29.628,32.351851851851855,10.203703703703702,25.5,966.1740000000001,SITE 4,INT
2026-01-16 02:00:00,65.01783333333334,50.684666666666665,33.005833333333335,31.388888888888893,11.351851851851851,29.333333333333332,965.526,SITE 4,INT
2026-01-16 03:00:00,63.00516129032258,49.26790322580646,32.03032258064516,31.111111111111114,11.899641577060933,30.903225806451612,965.2077419354838,SITE 4,INT
2026-01-16 04:00:00,67.69866666666667,53.86383333333333,35.217666666666666,30.981481481481485,12.166666666666668,31.833333333333332,965.2636666666666,SITE 4,INT
2026-01-16 05:00:00,79.59549999999999,68.78483333333334,44.8185,30.40740740740741,12.611111111111112,33.833333333333336,965.795,SITE 4,INT
2026-01-16 06:00:00,112.43216666666667,102.96383333333333,66.3385,29.98148148148148,12.907407407407408,35.3,966.3533333333332,SITE 4,INT
2026-01-16 07:00:00,86.01116666666667,77.88083333333334,49.17916666666667,29.5,12.611111111111112,35.6,967.2196666666666,SITE 4,INT
2026-01-16 08:00:00,78.43733333333333,67.87966666666667,43.157333333333334,30.12962962962963,10.981481481481483,30.833333333333332,968.121,SITE 4,INT
2026-01-16 09:00:00,68.85650000000001,55.67383333333333,35.966166666666666,31.962962962962965,9.185185185185185,24.566666666666666,968.45,SITE 4,INT
2026-01-16 10:00:00,59.93283333333333,46.858,30.609666666666666,33.851851851851855,10.277777777777777,23.7,968.0576666666667,SITE 4,INT
2026-01-16 11:00:00,56.841166666666666,44.59683333333333,28.802,35.87037037037037,12.277777777777779,24.166666666666668,967.26,SITE 4,INT
2026-01-16 12:00:00,49.72467741935483,38.85870967741935,24.22193548387097,37.240143369175634,10.878136200716845,20.35483870967742,966.4687096774193,SITE 4,INT
2026-01-16 13:00:00,43.373333333333335,33.654,19.9955,38.25925925925926,8.333333333333334,16.166666666666668,965.4203333333334,SITE 4,INT
2026-01-16 14:00:00,38.1735,30.052666666666667,17.030833333333334,38.90740740740741,5.925925925925926,13.066666666666666,964.51,SITE 4,INT
2026-01-16 15:00:00,39.45533333333333,31.017,18.2395,39.01851851851852,5.240740740740741,12.3,964.0863333333333,SITE 4,INT
2026-01-16 16:00:00,35.9725,28.738333333333333,16.222,38.72222222222222,4.185185185185186,11.966666666666667,964.1823333333334,SITE 4,INT
2026-01-16 17:00:00,43.78033333333334,34.24516666666667,20.1965,37.48148148148149,4.351851851851852,12.833333333333334,964.4463333333333,SITE 4,INT
2026-01-16 18:00:00,64.51316666666666,50.18116666666666,32.061166666666665,36.24074074074075,6.351851851851852,15.766666666666667,964.686,SITE 4,INT
2026-01-16 19:00:00,69.08766666666666,54.888333333333335,35.3095,35.611111111111114,6.666666666666667,16.666666666666668,965.3436666666668,SITE 4,INT
2026-01-16 20:00:00,68.94883333333334,58.119166666666665,37.13699999999999,35.11111111111111,6.703703703703704,17.266666666666666,966.0849999999999,SITE 4,INT
2026-01-16 21:00:00,60.38129032258065,47.03370967741936,29.46951612903226,34.46236559139785,7.096774193548387,18.387096774193548,966.6177419354839,SITE 4,INT
2026-01-16 22:00:00,62.47716666666667,49.87316666666666,31.289166666666667,33.74074074074074,6.62962962962963,18.433333333333334,966.651,SITE 4,INT
2026-01-16 23:00:00,71.02983333333333,58.027166666666666,36.7695,33.333333333333336,6.388888888888889,18.666666666666668,966.5686666666667,SITE 4,INT
2026-01-17 00:00:00,65.902,52.218833333333336,32.665333333333336,32.833333333333336,5.388888888888888,17.933333333333334,966.3476666666667,SITE 4,INT
2026-01-17 01:00:00,64.77933333333334,51.99466666666667,32.964,32.03703703703704,4.759259259259259,18.0,965.9103333333334,SITE 4,INT
2026-01-17 02:00:00,75.59966666666666,63.407666666666664,40.464000000000006,31.27777777777778,5.074074074074074,19.166666666666668,965.422,SITE 4,INT
2026-01-17 03:00:00,66.11583333333333,55.32833333333334,33.9265,30.833333333333336,4.333333333333333,18.6,965.0776666666666,SITE 4,INT
2026-01-17 04:00:00,39.20033333333333,30.176,16.033,30.5,3.425925925925926,17.733333333333334,965.0326666666666,SITE 4,INT
2026-01-17 05:00:00,45.236,34.730000000000004,19.99866666666667,30.185185185185183,2.7777777777777777,17.366666666666667,965.246,SITE 4,INT
2026-01-17 06:00:00,54.37283333333333,41.767833333333336,25.337333333333333,29.962962962962965,3.148148148148148,17.933333333333334,965.3603333333334,SITE 4,INT
2026-01-17 07:00:00,54.36,41.35166666666667,24.708000000000002,30.12962962962963,3.4814814814814814,18.3,966.0733333333334,SITE 4,INT
2026-01-17 08:00:00,45.11183333333334,34.068999999999996,19.070833333333333,31.14814814814815,3.2962962962962963,16.933333333333334,966.9043333333334,SITE 4,INT
2026-01-17 09:00:00,43.80716666666667,32.811166666666665,17.718666666666664,32.333333333333336,4.037037037037037,16.733333333333334,967.2403333333333,SITE 4,INT
2026-01-17 10:00:00,40.198499999999996,31.032,17.265833333333333,34.05555555555556,4.685185185185186,15.866666666666667,966.9713333333333,SITE 4,INT
2026-01-17 11:00:00,34.991499999999995,27.205499999999997,14.129333333333333,35.81481481481482,3.7592592592592595,13.366666666666667,966.3906666666667,SITE 4,INT
2026-01-17 12:00:00,33.66983870967742,25.774677419354838,12.896935483870967,37.54480286738352,3.3333333333333335,11.838709677419354,965.4045161290322,SITE 4,INT
2026-01-17 13:00:00,34.05133333333333,26.431333333333335,13.4105,38.38888888888889,3.685185185185185,11.4,964.3736666666666,SITE 4,INT
2026-01-17 14:00:00,35.45683333333333,27.587833333333332,14.635666666666667,39.05555555555556,3.833333333333334,11.066666666666666,963.4733333333334,SITE 4,INT
2026-01-17 15:00:00,32.780833333333334,25.784166666666668,13.220666666666666,39.01851851851852,3.62962962962963,11.1,963.0166666666667,SITE 4,INT
2026-01-17 16:00:00,31.829833333333333,25.090500000000002,13.2165,39.2962962962963,3.7222222222222223,10.966666666666667,962.8526666666666,SITE 4,INT
2026-01-17 17:00:00,50.5435,38.85916666666667,23.2975,37.68518518518519,3.8333333333333335,12.033333333333333,963.1473333333334,SITE 4,INT
2026-01-17 18:00:00,75.26883333333333,62.52016666666667,39.28916666666667,36.46296296296296,5.703703703703704,14.766666666666667,963.69,SITE 4,INT
2026-01-17 19:00:00,65.33800000000001,52.54666666666667,33.813,35.25925925925926,5.925925925925926,16.2,964.4233333333334,SITE 4,INT
2026-01-17 20:00:00,47.8695,37.551,23.18616666666667,34.25925925925926,5.518518518518518,16.6,965.3736666666666,SITE 4,INT
2026-01-17 21:00:00,71.99451612903225,58.97387096774194,29.970967741935485,33.566308243727605,5.358422939068101,17.06451612903226,965.7664516129032,SITE 4,INT
2026-01-17 22:00:00,39.584833333333336,31.682000000000002,18.916833333333333,32.75925925925926,4.703703703703704,17.033333333333335,965.8323333333334,SITE 4,INT
2026-01-17 23:00:00,33.19833333333334,27.226499999999998,15.322833333333334,32.27777777777778,4.555555555555556,17.4,965.734,SITE 4,INT
2026-01-18 00:00:00,43.809333333333335,34.4435,21.261833333333335,31.666666666666668,4.5,17.833333333333332,965.6186666666667,SITE 4,INT
2026-01-18 01:00:00,41.4095,33.251333333333335,20.8775,30.851851851851855,4.333333333333333,18.533333333333335,965.2423333333334,SITE 4,INT
2026-01-18 02:00:00,40.766666666666666,32.914,20.323833333333333,30.11111111111111,3.888888888888889,18.866666666666667,964.8186666666667,SITE 4,INT
2026-01-18 03:00:00,38.78866666666667,31.115666666666666,18.479166666666668,29.666666666666668,3.870370370370371,19.2,964.4893333333333,SITE 4,INT
2026-01-18 04:00:00,38.73266666666667,31.119500000000002,18.9235,29.185185185185183,3.833333333333334,19.633333333333333,964.543,SITE 4,INT
2026-01-18 05:00:00,39.957580645161286,31.70725806451613,18.839193548387097,28.691756272401435,3.8888888888888893,20.451612903225808,964.7538709677419,SITE 4,INT
2026-01-18 06:00:00,65.97933333333334,53.737833333333334,34.0795,28.388888888888893,3.7592592592592595,20.7,965.2703333333334,SITE 4,INT
2026-01-18 07:00:00,88.72683333333333,77.175,48.56616666666666,28.296296296296298,4.185185185185185,21.3,966.004,SITE 4,INT
2026-01-18 08:00:00,64.43183333333333,49.90016666666667,31.44516666666667,29.296296296296298,4.037037037037037,19.966666666666665,966.9599999999999,SITE 4,INT
2026-01-18 09:00:00,74.52683333333333,62.63583333333334,39.982166666666664,31.166666666666668,4.814814814814815,18.966666666666665,967.1983333333334,SITE 4,INT
2026-01-18 10:00:00,61.318333333333335,47.349833333333336,29.979499999999998,33.2962962962963,4.648148148148149,16.5,966.9563333333333,SITE 4,INT
2026-01-18 11:00:00,48.547000000000004,38.419333333333334,24.46466666666667,35.37037037037037,4.925925925925926,14.9,966.1706666666666,SITE 4,INT
2026-01-18 12:00:00,33.9285,28.295666666666666,17.304166666666667,37.18518518518519,4.148148148148149,12.8,964.9916666666667,SITE 4,INT
2026-01-18 13:00:00,25.478548387096776,21.45274193548387,12.819354838709677,38.566308243727605,3.458781362007169,11.193548387096774,963.8419354838709,SITE 4,INT
2026-01-18 14:00:00,26.055666666666664,22.093833333333333,13.636833333333334,39.27777777777778,3.4814814814814814,10.766666666666667,962.9976666666666,SITE 4,INT
2026-01-18 15:00:00,27.858999999999998,24.089,15.254,40.0,3.925925925925926,10.833333333333334,962.4683333333334,SITE 4,INT
2026-01-18 16:00:00,30.3555,26.6,17.283333333333335,39.46296296296296,3.592592592592593,10.733333333333333,962.2676666666666,SITE 4,INT
2026-01-18 17:00:00,34.94833333333334,29.639166666666664,19.193833333333334,38.57407407407407,3.5740740740740744,11.433333333333334,962.3843333333333,SITE 4,INT
2026-01-18 18:00:00,87.52883333333332,74.51283333333335,47.249833333333335,36.870370370370374,4.851851851851852,13.666666666666666,962.9169999999999,SITE 4,INT
2026-01-18 19:00:00,172.58033333333333,158.1465,100.75766666666667,35.87037037037037,6.537037037037037,16.333333333333332,963.7366666666666,SITE 4,INT
2026-01-18 20:00:00,157.40733333333336,143.83950000000002,92.44383333333333,35.0,6.5925925925925934,17.033333333333335,964.5833333333334,SITE 4,INT
2026-01-18 21:00:00,83.28983333333333,72.86016666666666,47.471333333333334,34.42592592592593,5.981481481481482,16.9,965.2479999999999,SITE 4,INT
2026-01-18 22:00:00,49.37241935483871,38.70145161290322,24.612903225806452,34.40860215053763,5.143369175627241,16.032258064516128,965.4477419354839,SITE 4,INT
2026-01-18 23:00:00,65.568,50.93516666666667,32.30383333333334,33.611111111111114,5.981481481481482,17.8,965.122,SITE 4,INT
2026-01-19 00:00:00,63.18633333333333,50.2685,31.63566666666667,32.48148148148148,5.888888888888889,18.833333333333332,965.044,SITE 4,INT
2026-01-19 01:00:00,66.69183333333334,52.90133333333333,33.53183333333333,32.07407407407407,5.722222222222222,19.166666666666668,964.5293333333334,SITE 4,INT
2026-01-19 02:00:00,67.93716666666667,55.30583333333333,35.193,31.203703703703706,6.148148148148149,20.7,963.8826666666666,SITE 4,INT
2026-01-19 03:00:00,49.28416666666667,39.73166666666667,25.55666666666667,30.555555555555557,4.944444444444445,19.666666666666668,963.3406666666667,SITE 4,INT
2026-01-19 04:00:00,73.49366666666667,62.646166666666666,36.532000000000004,30.11111111111111,5.055555555555555,20.4,963.4556666666666,SITE 4,INT
2026-01-19 05:00:00,52.10816666666667,41.8455,27.1225,29.462962962962965,5.277777777777778,21.6,963.9383333333334,SITE 4,INT
2026-01-19 06:00:00,68.027,56.70883333333333,36.273,28.98148148148148,5.537037037037037,22.666666666666668,964.2756666666667,SITE 4,INT
2026-01-19 07:00:00,80.63935483870968,70.67919354838709,45.56338709677419,29.390681003584227,5.788530465949822,22.516129032258064,964.9790322580644,SITE 4,INT
2026-01-19 08:00:00,115.3775,103.59083333333334,66.28450000000001,30.62962962962963,6.074074074074074,21.4,965.8946666666667,SITE 4,INT
2026-01-19 09:00:00,65.14216666666667,53.602999999999994,36.01133333333333,32.46296296296296,5.037037037037037,17.8,966.16,SITE 4,INT
2026-01-19 10:00:00,39.4955,33.931666666666665,23.112833333333334,34.166666666666664,4.555555555555556,15.5,965.953,SITE 4,INT
2026-01-19 11:00:00,30.27616666666667,27.902166666666666,19.474333333333334,35.92592592592593,3.7592592592592595,13.333333333333334,965.132,SITE 4,INT
2026-01-19 12:00:00,29.937,27.481833333333334,19.355999999999998,37.5,3.9074074074074074,12.433333333333334,964.3076666666667,SITE 4,INT
2026-01-19 13:00:00,23.983833333333333,22.3715,16.085666666666665,38.64814814814815,3.740740740740741,11.4,963.404,SITE 4,INT
2026-01-19 14:00:00,23.154833333333332,21.699,15.565,39.46296296296296,3.7592592592592595,10.9,962.519,SITE 4,INT
2026-01-19 15:00:00,23.528666666666666,22.159666666666666,15.884666666666668,39.98148148148148,3.740740740740741,10.533333333333333,961.9563333333333,SITE 4,INT
2026-01-19 16:00:00,24.806612903225805,23.014354838709675,16.441290322580645,40.07168458781362,4.318996415770609,10.870967741935484,961.9648387096775,SITE 4,INT
2026-01-19 17:00:00,33.5035,29.363833333333332,20.067166666666665,39.092592592592595,5.240740740740741,12.333333333333334,962.3,SITE 4,INT
2026-01-19 18:00:00,73.05333333333333,63.01199999999999,42.544999999999995,37.46296296296296,6.296296296296296,14.633333333333333,962.8610000000001,SITE 4,INT
2026-01-19 19:00:00,120.2675,109.65,73.60516666666668,36.12962962962963,6.518518518518519,16.0,963.4086666666666,SITE 4,INT
2026-01-19 20:00:00,105.00066666666666,93.44350000000001,59.970166666666664,35.01851851851852,6.277777777777778,17.0,964.3733333333333,SITE 4,INT
2026-01-19 21:00:00,66.64016666666666,56.334666666666664,36.7165,34.24074074074074,5.685185185185186,16.8,965.0216666666668,SITE 4,INT
2026-01-19 22:00:00,70.27733333333335,60.024,38.5995,33.88888888888889,5.555555555555555,17.0,965.1926666666666,SITE 4,INT
2026-01-19 23:00:00,61.66866666666667,49.815666666666665,33.400166666666664,32.96296296296296,5.685185185185186,18.333333333333332,965.3613333333334,SITE 4,INT
2026-01-20 00:00:00,62.08854838709677,50.58370967741936,34.19741935483871,31.541218637992834,6.111111111111112,20.258064516129032,965.3432258064516,SITE 4,INT
2026-01-20 01:00:00,45.972,38.0795,25.787666666666667,30.48148148148148,6.0925925925925934,21.666666666666668,965.2776666666666,SITE 4,INT
2026-01-20 02:00:00,41.082,34.97666666666667,23.94333333333333,30.0,6.203703703703704,22.2,964.5336666666667,SITE 4,INT
2026-01-20 03:00:00,32.09816666666667,29.003,19.91466666666667,29.40740740740741,5.666666666666667,22.166666666666668,964.245,SITE 4,INT
2026-01-20 04:00:00,28.869000000000003,26.82316666666667,18.415000000000003,28.740740740740744,5.796296296296296,23.433333333333334,964.3406666666667,SITE 4,INT
2026-01-20 05:00:00,40.87733333333333,34.78933333333334,23.389,28.31481481481482,5.648148148148149,23.633333333333333,964.4513333333333,SITE 4,INT
2026-01-20 06:00:00,41.183,34.31583333333333,22.913,27.944444444444446,5.944444444444445,24.633333333333333,965.0823333333334,SITE 4,INT
2026-01-20 07:00:00,56.12966666666667,45.251999999999995,29.954166666666666,28.074074074074076,6.277777777777778,25.166666666666668,965.796,SITE 4,INT
2026-01-20 08:00:00,41.7665,35.37933333333333,23.57,29.75925925925926,6.222222222222222,22.566666666666666,966.7836666666666,SITE 4,INT
2026-01-20 09:00:00,19.14783333333333,17.40666666666667,11.850999999999999,30.444444444444446,4.907407407407407,19.9,967.2786666666667,SITE 4,INT
2026-01-20 10:00:00,20.466290322580647,18.995483870967742,13.515161290322581,32.473118279569896,5.591397849462366,18.516129032258064,967.1274193548387,SITE 4,INT
2026-01-20 11:00:00,21.513166666666667,19.977666666666668,14.277999999999999,34.592592592592595,6.0925925925925934,16.8,966.6033333333332,SITE 4,INT
2026-01-20 12:00:00,22.244833333333336,20.840666666666667,15.035333333333334,36.12962962962963,6.537037037037037,15.966666666666667,965.8496666666667,SITE 4,INT
2026-01-20 13:00:00,20.20925925925926,18.89537037037037,13.68074074074074,36.851851851851855,6.131687242798354,14.88888888888889,964.8248148148149,SITE 4,INT
2026-01-20 14:00:00,20.244500000000002,18.863333333333333,13.666333333333334,37.68518518518519,5.962962962962963,14.1,963.8383333333334,SITE 4,INT
2026-01-20 15:00:00,22.936833333333333,21.2,14.945500000000001,38.18518518518519,6.5,14.133333333333333,963.2743333333333,SITE 4,INT
2026-01-20 16:00:00,24.471833333333333,22.944000000000003,16.280166666666666,38.333333333333336,6.962962962962963,14.633333333333333,963.2596666666667,SITE 4,INT
2026-01-20 17:00:00,35.880833333333335,31.68616666666667,21.56566666666667,37.42592592592593,7.166666666666667,15.533333333333333,963.3666666666667,SITE 4,INT
2026-01-20 18:00:00,55.567,45.7085,30.675333333333334,35.98148148148149,8.11111111111111,17.966666666666665,964.0103333333334,SITE 4,INT
2026-01-20 19:00:00,124.44999999999999,113.44354838709677,74.02403225806451,35.017921146953405,8.637992831541219,19.806451612903224,964.9848387096774,SITE 4,INT
2026-01-20 20:00:00,108.95366666666668,99.98866666666666,67.09633333333333,34.166666666666664,8.611111111111112,20.733333333333334,965.7393333333333,SITE 4,INT
2026-01-20 21:00:00,55.86633333333334,45.2495,29.975833333333334,33.7962962962963,8.092592592592593,20.433333333333334,966.353,SITE 4,INT
2026-01-20 22:00:00,52.289,44.19616666666666,28.68933333333333,33.111111111111114,8.055555555555555,21.233333333333334,966.5759999999999,SITE 4,INT
2026-01-20 23:00:00,80.30366666666667,70.256,42.1495,31.814814814814817,7.685185185185186,22.233333333333334,966.7713333333334,SITE 4,INT
2026-01-21 00:00:00,71.52883333333334,61.158,37.052,30.851851851851855,7.555555555555556,23.3,966.7793333333334,SITE 4,INT
2026-01-21 01:00:00,42.654333333333334,35.64683333333333,23.943666666666665,29.814814814814817,7.981481481481482,25.5,966.268,SITE 4,INT
2026-01-21 02:00:00,96.15533333333333,83.86999999999999,47.0255,28.944444444444446,8.203703703703704,27.166666666666668,965.7516666666667,SITE 4,INT
2026-01-21 03:00:00,37.91,32.14116666666667,20.899166666666666,28.40740740740741,8.148148148148149,27.833333333333332,965.379,SITE 4,INT
2026-01-21 04:00:00,33.2858064516129,28.907258064516128,18.515645161290323,27.921146953405017,8.154121863799284,28.903225806451612,965.4777419354839,SITE 4,INT
2026-01-21 05:00:00,33.19283333333333,28.830666666666666,18.285500000000003,27.444444444444446,8.074074074074074,29.533333333333335,965.7356666666667,SITE 4,INT
2026-01-21 06:00:00,48.45316666666667,39.0555,24.308333333333334,27.222222222222225,7.814814814814815,29.233333333333334,966.116,SITE 4,INT
2026-01-21 07:00:00,49.5725,39.141666666666666,24.473166666666664,27.444444444444446,7.944444444444445,29.066666666666666,966.8506666666667,SITE 4,INT
2026-01-21 08:00:00,39.40383333333333,30.3455,17.232333333333333,28.14814814814815,7.407407407407407,27.066666666666666,967.5166666666667,SITE 4,INT
2026-01-21 09:00:00,29.392333333333333,22.617166666666666,11.666666666666666,28.814814814814817,5.925925925925926,23.533333333333335,967.6936666666667,SITE 4,INT
2026-01-21 10:00:00,24.049,18.298,9.290666666666668,30.90740740740741,6.0925925925925934,20.966666666666665,967.5653333333333,SITE 4,INT
2026-01-21 11:00:00,22.369000000000003,17.176499999999997,8.629999999999999,32.94444444444444,6.240740740740741,18.8,966.8276666666667,SITE 4,INT
2026-01-21 12:00:00,23.075967741935486,17.88193548387097,9.404193548387095,34.856630824372765,6.702508960573478,17.548387096774192,965.6941935483871,SITE 4,INT
2026-01-21 13:00:00,20.933,16.704333333333334,9.1835,36.25925925925926,6.759259259259259,16.1,964.5126666666667,SITE 4,INT
2026-01-21 14:00:00,23.2325,19.092166666666667,11.245166666666668,37.0,6.777777777777778,15.5,963.497,SITE 4,INT
2026-01-21 15:00:00,21.80366666666667,18.032333333333334,11.0445,37.98148148148149,7.037037037037037,15.0,962.9786666666666,SITE 4,INT
2026-01-21 16:00:00,23.460833333333333,19.67683333333333,12.207666666666666,37.68518518518519,6.925925925925926,15.066666666666666,962.8443333333332,SITE 4,INT
2026-01-21 17:00:00,30.4715,25.415666666666667,16.29,36.833333333333336,7.296296296296296,16.266666666666666,963.275,SITE 4,INT
2026-01-21 18:00:00,55.111666666666665,44.285833333333336,28.984666666666666,35.68518518518519,7.981481481481482,18.1,963.7723333333334,SITE 4,INT
2026-01-21 19:00:00,105.14583333333333,95.958,64.21966666666667,34.96296296296296,8.666666666666666,19.833333333333332,964.3623333333333,SITE 4,INT
2026-01-21 20:00:00,76.0345,66.26316666666666,43.996833333333335,34.12962962962963,8.833333333333334,21.133333333333333,965.2366666666666,SITE 4,INT
2026-01-21 21:00:00,54.32096774193548,43.310806451612905,28.598870967741938,33.04659498207886,8.405017921146955,22.0,966.0196774193548,SITE 4,INT
2026-01-21 22:00:00,45.330666666666666,37.044,24.32016666666667,32.44444444444444,7.907407407407407,21.833333333333332,966.3296666666666,SITE 4,INT
2026-01-21 23:00:00,24.8945,21.922666666666665,14.321333333333333,31.185185185185187,6.314814814814815,21.0,966.516,SITE 4,INT
2026-01-22 00:00:00,26.9285,23.739833333333333,15.441,30.37037037037037,6.5,22.333333333333332,966.8963333333334,SITE 4,INT
2026-01-22 01:00:00,26.564833333333333,23.8035,15.816166666666668,29.333333333333332,6.351851851851852,23.433333333333334,966.7909999999999,SITE 4,INT
2026-01-22 02:00:00,24.476999999999997,21.66433333333333,14.455499999999999,28.75925925925926,5.611111111111112,23.1,966.3056666666666,SITE 4,INT
2026-01-22 03:00:00,21.832,19.32633333333333,12.793333333333333,28.12962962962963,4.518518518518519,22.133333333333333,966.072,SITE 4,INT
2026-01-22 04:00:00,24.469333333333335,21.77,14.400333333333332,27.574074074074076,4.888888888888888,23.5,966.216,SITE 4,INT
2026-01-22 05:00:00,26.842166666666667,23.341833333333334,15.324833333333334,26.888888888888893,3.7592592592592595,22.566666666666666,966.4300000000001,SITE 4,INT
2026-01-22 06:00:00,27.090806451612902,23.609032258064516,15.161129032258065,26.487455197132615,2.1505376344086025,20.741935483870968,966.8335483870968,SITE 4,INT
2026-01-22 07:00:00,30.203,26.352500000000003,16.699666666666666,26.166666666666668,2.4074074074074074,21.333333333333332,967.578,SITE 4,INT
2026-01-22 08:00:00,25.764833333333332,21.683666666666667,13.5755,27.14814814814815,1.6296296296296298,19.0,968.1743333333333,SITE 4,INT
2026-01-22 09:00:00,18.033833333333334,15.5075,9.830333333333334,28.796296296296298,1.6851851851851853,17.266666666666666,968.4033333333333,SITE 4,INT
2026-01-22 10:00:00,14.8705,12.803333333333335,8.138166666666667,31.0,2.351851851851852,15.966666666666667,968.1743333333333,SITE 4,INT
2026-01-22 11:00:00,13.0315,11.055166666666667,6.977,33.40740740740741,2.5,14.033333333333333,967.4546666666666,SITE 4,INT
2026-01-22 12:00:00,14.486500000000001,12.5495,8.248333333333333,35.0,3.1666666666666665,13.3,966.278,SITE 4,INT
2026-01-22 13:00:00,17.838833333333334,15.817166666666667,10.684666666666667,36.46296296296296,3.5740740740740744,12.9,965.1273333333334,SITE 4,INT
2026-01-22 14:00:00,19.570967741935487,17.299354838709675,11.762258064516129,37.29390681003584,4.06810035842294,12.612903225806452,964.3954838709678,SITE 4,INT
2026-01-22 15:00:00,21.772333333333332,19.054166666666667,12.882333333333332,37.92592592592593,4.185185185185186,12.066666666666666,964.1113333333334,SITE 4,INT
2026-01-22 16:00:00,22.817758620689656,20.215689655172415,13.851896551724137,37.701149425287355,4.195402298850575,12.310344827586206,964.0431034482758,SITE 4,INT
2026-01-22 17:00:00,39.85133333333333,34.900333333333336,23.242166666666666,36.833333333333336,4.5,13.233333333333333,964.2383333333333,SITE 4,INT
2026-01-22 18:00:00,111.83200000000001,101.36200000000001,63.55766666666667,35.333333333333336,5.703703703703704,15.9,964.9716666666667,SITE 4,INT
2026-01-22 19:00:00,88.40933333333334,79.91633333333333,53.277833333333334,34.666666666666664,6.962962962962963,17.9,965.9143333333334,SITE 4,INT
2026-01-22 20:00:00,69.55033333333334,58.160333333333334,39.36816666666667,33.7962962962963,6.351851851851852,18.033333333333335,966.6116666666666,SITE 4,INT
2026-01-22 21:00:00,49.756499999999996,40.4025,27.174666666666667,33.092592592592595,6.685185185185186,19.266666666666666,967.1096666666667,SITE 4,INT
2026-01-22 22:00:00,38.01483333333333,32.51466666666667,21.909,32.407407407407405,6.518518518518519,19.8,967.0866666666666,SITE 4,INT
2026-01-22 23:00:00,39.7985,33.14083333333333,21.933833333333332,31.61111111111111,7.185185185185186,21.733333333333334,966.8580000000001,SITE 4,INT
2026-01-23 00:00:00,29.270666666666667,26.390333333333334,17.936333333333334,30.62962962962963,5.296296296296296,20.233333333333334,966.6903333333333,SITE 4,INT
2026-01-23 01:00:00,31.241666666666667,28.05933333333333,19.209166666666665,29.925925925925927,4.611111111111112,20.133333333333333,966.4606666666666,SITE 4,INT
2026-01-23 02:00:00,29.999000000000002,27.267666666666667,18.788,29.53703703703704,4.5,20.166666666666668,966.2673333333333,SITE 4,INT
2026-01-23 03:00:00,25.950166666666668,23.427333333333333,16.254,28.88888888888889,3.0,18.933333333333334,966.0273333333333,SITE 4,INT
2026-01-23 04:00:00,37.33083333333333,32.1025,22.0335,28.40740740740741,3.240740740740741,19.866666666666667,966.251,SITE 4,INT
2026-01-23 05:00:00,27.932166666666667,25.5035,17.6035,28.03703703703704,1.6111111111111112,18.1,966.4003333333333,SITE 4,INT
2026-01-23 06:00:00,50.62833333333333,41.17916666666667,27.414333333333335,27.40740740740741,1.9074074074074074,19.266666666666666,966.582,SITE 4,INT
2026-01-23 07:00:00,45.70633333333333,37.49783333333333,24.830666666666666,27.703703703703702,2.2037037037037037,19.233333333333334,967.196,SITE 4,INT
2026-01-23 08:00:00,38.68933333333334,32.988166666666665,22.275666666666666,28.14814814814815,1.925925925925926,18.233333333333334,967.9836666666666,SITE 4,INT
2026-01-23 09:00:00,27.33716666666667,24.217,16.152833333333334,29.27777777777778,1.462962962962963,16.566666666666666,968.5636666666667,SITE 4,INT
2026-01-23 10:00:00,22.5535,20.03083333333333,13.599833333333333,30.814814814814817,1.7407407407407407,15.5,968.4806666666666,SITE 4,INT
2026-01-23 11:00:00,16.448666666666664,14.640833333333335,9.985333333333333,33.148148148148145,1.4444444444444444,13.2,967.9006666666667,SITE 4,INT
2026-01-23 12:00:00,17.655322580645162,15.859677419354838,11.067580645161291,35.03584229390681,1.827956989247312,12.0,966.8058064516129,SITE 4,INT
2026-01-23 13:00:00,21.763666666666666,19.813666666666666,14.339333333333334,36.277777777777786,2.555555555555556,12.0,965.87,SITE 4,INT
2026-01-23 14:00:00,25.25133333333333,23.232166666666668,16.73616666666667,36.94444444444445,2.8703703703703707,11.966666666666667,964.897,SITE 4,INT
2026-01-23 15:00:00,24.930833333333332,22.794333333333334,16.582833333333333,37.092592592592595,2.759259259259259,11.566666666666666,964.4356666666666,SITE 4,INT
2026-01-23 16:00:00,34.424,30.037,21.316333333333333,36.94444444444445,3.037037037037037,11.733333333333333,964.4663333333334,SITE 4,INT
2026-01-23 17:00:00,37.17433333333334,32.48066666666667,22.492666666666665,36.05555555555556,3.7962962962962963,13.2,964.8836666666666,SITE 4,INT
2026-01-23 18:00:00,52.873666666666665,42.63366666666666,28.916166666666665,34.94444444444444,5.407407407407407,15.766666666666667,965.6866666666666,SITE 4,INT
2026-01-23 19:00:00,68.03316666666667,55.50033333333333,37.8455,33.88888888888889,5.240740740740741,16.666666666666668,966.3606666666667,SITE 4,INT
2026-01-23 20:00:00,58.49966666666667,46.96116666666667,31.883166666666668,33.166666666666664,5.259259259259259,17.233333333333334,967.4253333333332,SITE 4,INT
2026-01-23 21:00:00,45.9715,37.9245,26.036166666666666,32.407407407407405,4.851851851851851,17.566666666666666,968.1323333333333,SITE 4,INT
2026-01-23 22:00:00,48.475,39.665,26.942,31.796296296296298,4.518518518518519,17.8,968.2666666666667,SITE 4,INT
2026-01-23 23:00:00,35.681333333333335,31.445,21.631500000000003,31.27777777777778,3.5740740740740744,17.066666666666666,968.1976666666667,SITE 4,INT
2026-01-24 00:00:00,35.421,31.15666666666667,21.032500000000002,30.703703703703706,2.592592592592593,16.466666666666665,967.8773333333334,SITE 4,INT
2026-01-24 01:00:00,31.619833333333336,28.974666666666668,20.322499999999998,29.796296296296298,1.8518518518518519,16.533333333333335,967.362,SITE 4,INT
2026-01-24 02:00:00,29.924333333333333,27.727666666666668,19.548333333333336,29.388888888888893,0.9259259259259259,15.7,966.8566666666667,SITE 4,INT
2026-01-24 03:00:00,30.30666666666667,28.236,19.991833333333332,28.85185185185185,0.7962962962962963,16.166666666666668,966.7639999999999,SITE 4,INT
2026-01-24 04:00:00,30.30483870967742,28.232258064516127,20.085967741935484,28.369175627240146,0.6989247311827957,16.516129032258064,966.8045161290322,SITE 4,INT
2026-01-24 05:00:00,34.29600000000001,30.769,21.299,27.90740740740741,0.05555555555555556,16.033333333333335,967.078,SITE 4,INT
2026-01-24 06:00:00,45.76716666666667,38.236999999999995,25.796333333333333,27.77777777777778,0.3333333333333333,16.7,967.688,SITE 4,INT
2026-01-24 07:00:00,66.44033333333333,53.90316666666667,36.00683333333333,28.03703703703704,0.46296296296296297,16.5,968.6569999999999,SITE 4,INT
2026-01-24 08:00:00,47.94533333333333,39.824,27.267833333333332,29.5,1.3148148148148147,16.3,969.6876666666667,SITE 4,INT
2026-01-24 09:00:00,35.548,31.723000000000003,22.339166666666664,31.12962962962963,2.388888888888889,15.8,970.1106666666667,SITE 4,INT
2026-01-24 10:00:00,26.457333333333334,24.722666666666665,18.09466666666667,32.94444444444444,0.8518518518518519,12.866666666666667,969.629,SITE 4,INT
2026-01-24 11:00:00,24.84416666666667,23.3535,17.310499999999998,34.74074074074074,0.40740740740740744,11.166666666666666,968.7336666666666,SITE 4,INT
2026-01-24 12:00:00,28.52716666666667,26.66866666666667,19.437833333333334,36.57407407407408,1.4074074074074074,10.733333333333333,967.851,SITE 4,INT
2026-01-24 13:00:00,27.71483333333333,25.897666666666666,18.772666666666666,37.92592592592593,2.4259259259259256,10.866666666666667,966.7913333333332,SITE 4,INT
2026-01-24 14:00:00,29.518166666666666,27.180999999999997,19.544500000000003,38.31481481481482,2.5740740740740744,10.666666666666666,965.7386666666666,SITE 4,INT
2026-01-24 15:00:00,36.12806451612904,31.78483870967742,22.306290322580644,38.960573476702514,3.0824372759856633,10.774193548387096,965.2554838709677,SITE 4,INT
2026-01-24 16:00:00,39.76133333333333,34.08083333333333,24.003,38.81481481481482,3.7037037037037037,11.366666666666667,965.054,SITE 4,INT
2026-01-24 17:00:00,48.43216666666667,39.93783333333333,27.518166666666666,37.833333333333336,5.222222222222222,13.266666666666667,965.4293333333334,SITE 4,INT
2026-01-24 18:00:00,71.57,60.2153448275862,40.81793103448276,36.24521072796936,6.32183908045977,15.689655172413794,966.0286206896552,SITE 4,INT
2026-01-24 19:00:00,89.82466666666666,83.4065,58.49666666666667,35.148148148148145,7.074074074074074,17.633333333333333,966.8993333333333,SITE 4,INT
2026-01-24 20:00:00,86.81233333333333,75.753,50.563,34.44444444444444,6.5925925925925934,17.766666666666666,967.8606666666667,SITE 4,INT
2026-01-24 21:00:00,63.633833333333335,52.74466666666667,35.256499999999996,34.01851851851852,6.574074074074074,18.2,968.9173333333333,SITE 4,INT
2026-01-24 22:00:00,45.25816666666667,37.8515,25.956,33.20370370370371,5.574074074074074,17.7,969.2046666666666,SITE 4,INT
2026-01-24 23:00:00,33.97533333333333,30.75,21.555333333333333,32.5,4.092592592592593,16.566666666666666,969.0889999999999,SITE 4,INT
2026-01-25 00:00:00,43.13916666666667,36.5875,25.298166666666667,31.5,4.2592592592592595,17.8,968.633,SITE 4,INT
2026-01-25 01:00:00,46.435833333333335,38.8045,26.841333333333335,30.64814814814815,4.407407407407407,18.9,968.207,SITE 4,INT
2026-01-25 02:00:00,45.2055,38.00416666666667,26.160666666666668,29.962962962962965,3.5740740740740744,18.633333333333333,968.0336666666666,SITE 4,INT
2026-01-25 03:00:00,58.57966666666666,47.263000000000005,31.8665,29.14814814814815,5.259259259259259,21.966666666666665,967.8043333333334,SITE 4,INT
2026-01-25 04:00:00,50.28366666666667,41.42283333333333,28.0745,28.185185185185183,3.9629629629629632,21.233333333333334,967.9523333333333,SITE 4,INT
2026-01-25 05:00:00,30.789333333333335,28.53933333333333,20.17366666666667,27.722222222222225,2.4074074074074074,19.466666666666665,968.249,SITE 4,INT
2026-01-25 06:00:00,30.317999999999998,28.105666666666664,20.069333333333336,27.351851851851855,0.8333333333333334,17.766666666666666,968.876,SITE 4,INT
2026-01-25 07:00:00,25.293,23.543999999999997,17.096,27.98148148148148,0.09259259259259259,16.2,969.5893333333333,SITE 4,INT
2026-01-25 08:00:00,22.967,20.603166666666667,14.167833333333332,29.14814814814815,-2.814814814814815,12.166666666666666,970.359,SITE 4,INT
2026-01-25 09:00:00,22.339666666666666,19.227166666666665,12.908166666666666,30.425925925925927,-4.148148148148148,10.133333333333333,970.5106666666667,SITE 4,INT
2026-01-25 10:00:00,20.4175,18.4145,13.192833333333335,32.2037037037037,-3.7592592592592595,9.4,970.071,SITE 4,INT
2026-01-25 11:00:00,15.253833333333334,14.287666666666667,11.218333333333334,34.22222222222222,-3.9074074074074074,8.066666666666666,969.3913333333334,SITE 4,INT
2026-01-25 12:00:00,13.495166666666668,12.762666666666666,10.225666666666665,35.81481481481482,-3.425925925925926,7.7,968.1110000000001,SITE 4,INT
2026-01-25 13:00:00,13.4315,12.7615,10.347833333333334,37.0,-3.7592592592592595,7.0,967.0386666666667,SITE 4,INT
2026-01-25 14:00:00,12.970666666666666,12.308833333333332,9.986666666666668,37.87037037037037,-3.2222222222222223,7.0,966.2083333333334,SITE 4,INT
2026-01-25 15:00:00,16.458000000000002,15.444666666666667,12.112833333333333,38.40740740740741,-2.5185185185185186,7.2,965.7576666666666,SITE 4,INT
2026-01-25 16:00:00,18.044333333333334,17.084,13.234833333333334,37.907407407407405,-1.962962962962963,7.633333333333334,965.7243333333333,SITE 4,INT
2026-01-25 17:00:00,30.631166666666665,27.7325,20.421166666666668,36.96296296296296,-1.6111111111111112,8.4,966.0723333333333,SITE 4,INT
2026-01-25 18:00:00,60.26016666666667,50.128166666666665,34.580000000000005,35.25925925925926,-0.09259259259259259,10.4,966.3406666666667,SITE 4,INT
2026-01-25 19:00:00,55.85916666666667,45.783500000000004,31.544833333333333,34.2962962962963,1.425925925925926,12.3,967.0323333333333,SITE 4,INT
2026-01-25 20:00:00,47.57366666666667,39.7025,27.832666666666668,33.333333333333336,1.2222222222222223,12.933333333333334,967.9886666666666,SITE 4,INT
2026-01-25 21:00:00,36.4,32.32366666666667,23.205166666666667,32.648148148148145,0.6666666666666666,12.8,968.5386666666667,SITE 4,INT
2026-01-25 22:00:00,28.525166666666667,26.380666666666666,18.973333333333336,31.962962962962965,0.24074074074074076,12.866666666666667,968.779,SITE 4,INT
2026-01-25 23:00:00,25.368,24.0375,18.037666666666667,31.12962962962963,-2.037037037037037,11.333333333333334,968.8556666666667,SITE 4,INT
2026-01-26 00:00:00,15.136833333333334,14.489833333333333,11.451333333333334,30.555555555555557,-2.9814814814814814,10.966666666666667,968.6560000000001,SITE 4,INT
2026-01-26 01:00:00,15.086166666666665,14.475999999999999,11.525,30.25925925925926,-1.2222222222222223,12.866666666666667,968.263,SITE 4,INT
2026-01-26 02:00:00,15.833,15.316333333333334,12.318999999999999,29.703703703703702,-0.16666666666666666,14.3,967.6373333333333,SITE 4,INT
2026-01-26 03:00:00,18.0975,17.468,13.931166666666666,29.12962962962963,0.46296296296296297,15.4,967.2203333333333,SITE 4,INT
2026-01-26 04:00:00,20.879354838709677,20.06951612903226,15.697903225806451,28.38709677419355,1.3620071684587813,17.322580645161292,967.1474193548387,SITE 4,INT
2026-01-26 05:00:00,25.077,23.692333333333334,17.822333333333333,27.685185185185183,1.962962962962963,18.8,967.2936666666667,SITE 4,INT
2026-01-26 06:00:00,35.175,30.889666666666663,21.5175,27.666666666666668,3.3333333333333335,20.766666666666666,967.546,SITE 4,INT
2026-01-26 07:00:00,32.358666666666664,29.450666666666667,20.714,27.85185185185185,4.074074074074074,21.733333333333334,968.1413333333333,SITE 4,INT
2026-01-26 08:00:00,30.911,27.990833333333335,19.877833333333335,28.888888888888893,3.833333333333334,20.066666666666666,968.9643333333333,SITE 4,INT
2026-01-26 09:00:00,22.869333333333334,21.096,15.361500000000001,30.555555555555557,3.6111111111111116,18.066666666666666,969.0576666666667,SITE 4,INT
2026-01-26 10:00:00,17.92983333333333,16.424666666666667,12.064666666666666,32.574074074074076,2.7592592592592595,14.933333333333334,968.9316666666667,SITE 4,INT
2026-01-26 11:00:00,15.1425,13.8915,10.392833333333332,34.64814814814815,2.277777777777778,12.866666666666667,968.4803333333333,SITE 4,INT
2026-01-26 12:00:00,18.637666666666668,17.262833333333333,13.283,36.22222222222222,2.037037037037037,11.566666666666666,967.6273333333334,SITE 4,INT
2026-01-26 13:00:00,19.424166666666668,18.165833333333335,14.15,37.351851851851855,1.7037037037037037,10.633333333333333,966.5683333333333,SITE 4,INT
2026-01-26 14:00:00,19.622,18.41916666666667,14.359666666666667,38.51851851851852,1.0,9.333333333333334,965.6593333333333,SITE 4,INT
2026-01-26 15:00:00,21.909,20.299166666666668,15.432666666666668,39.333333333333336,0.8333333333333334,8.966666666666667,965.318,SITE 4,INT
2026-01-26 16:00:00,24.499333333333333,22.4615,16.575499999999998,39.14814814814815,0.20370370370370372,8.5,965.272,SITE 4,INT
2026-01-26 17:00:00,35.16396551724138,30.49086206896552,21.53344827586207,38.14176245210728,1.3409961685823757,9.793103448275861,965.5858620689655,SITE 4,INT
2026-01-26 18:00:00,50.974666666666664,41.535666666666664,28.646666666666665,36.25925925925926,2.888888888888889,12.333333333333334,966.1206666666666,SITE 4,INT
2026-01-26 19:00:00,66.125,54.13783333333333,35.94183333333333,34.72222222222222,2.814814814814815,13.2,966.953,SITE 4,INT
2026-01-26 20:00:00,51.71633333333333,41.91366666666667,28.324666666666666,33.96296296296296,2.351851851851852,13.4,967.6346666666667,SITE 4,INT
2026-01-26 21:00:00,44.523548387096774,36.92241935483871,24.79564516129032,33.24372759856631,2.293906810035842,13.903225806451612,968.2470967741936,SITE 4,INT
2026-01-26 22:00:00,34.72383333333333,29.4725,19.394333333333336,32.51851851851852,2.148148148148148,14.466666666666667,968.4543333333334,SITE 4,INT
2026-01-26 23:00:00,32.65683333333333,27.35616666666667,17.0355,31.62962962962963,0.8333333333333334,13.733333333333333,968.475,SITE 4,INT
2026-01-27 00:00:00,31.231166666666663,26.303,16.5285,31.055555555555557,0.20370370370370372,13.5,968.254,SITE 4,INT
2026-01-27 01:00:00,27.543166666666664,23.0175,14.573333333333332,30.27777777777778,-1.037037037037037,12.766666666666667,967.8223333333333,SITE 4,INT
2026-01-27 02:00:00,28.877666666666666,24.563,15.782333333333332,29.722222222222225,-1.3518518518518519,13.133333333333333,967.2406666666667,SITE 4,INT
2026-01-27 03:00:00,31.014333333333333,26.444666666666667,16.925833333333333,29.037037037037035,-1.6296296296296298,13.233333333333333,966.9473333333334,SITE 4,INT
2026-01-27 04:00:00,30.860333333333333,26.3765,16.908,28.333333333333336,-2.240740740740741,13.266666666666667,967.1256666666667,SITE 4,INT
2026-01-27 05:00:00,36.59,30.85033333333333,20.311833333333333,28.018518518518523,-2.0,13.766666666666667,967.5023333333334,SITE 4,INT
2026-01-27 06:00:00,49.44677419354839,39.83758064516129,26.478387096774195,27.77777777777778,-0.878136200716846,15.258064516129032,967.7809677419355,SITE 4,INT
2026-01-27 07:00:00,53.665333333333336,42.84683333333333,27.883166666666668,27.814814814814817,0.6296296296296297,16.833333333333332,968.4699999999999,SITE 4,INT
2026-01-27 08:00:00,63.64293103448276,52.61086206896552,33.13293103448276,28.88888888888889,1.4176245210727971,16.96551724137931,969.2003448275863,SITE 4,INT
2026-01-27 09:00:00,34.897666666666666,29.18433333333333,19.284166666666668,30.685185185185187,-2.537037037037037,11.4,969.3216666666667,SITE 4,INT
2026-01-27 10:00:00,25.908333333333335,22.28783333333333,14.692333333333332,32.351851851851855,-2.2962962962962963,10.333333333333334,969.1139999999999,SITE 4,INT
2026-01-27 11:00:00,20.625166666666665,17.784,12.094333333333333,34.57407407407407,-2.6296296296296293,8.8,968.6406666666667,SITE 4,INT
2026-01-27 12:00:00,24.3125,21.053,14.388499999999999,36.55555555555556,-2.1666666666666665,8.2,967.5746666666668,SITE 4,INT
2026-01-27 13:00:00,26.343666666666667,23.066166666666668,15.871333333333332,37.81481481481482,-1.9074074074074074,7.8,966.446,SITE 4,INT
2026-01-27 14:00:00,23.396166666666666,20.43916666666667,14.42,38.64814814814815,-1.925925925925926,7.166666666666667,965.4203333333334,SITE 4,INT
2026-01-27 15:00:00,23.156206896551723,20.642931034482757,14.68896551724138,39.616858237547895,-1.3409961685823757,7.241379310344827,964.7937931034483,SITE 4,INT
2026-01-27 16:00:00,29.32316666666667,26.110333333333333,18.322833333333335,39.61111111111111,-0.8703703703703703,7.7,964.6890000000001,SITE 4,INT
2026-01-27 17:00:00,31.804166666666667,27.808,19.448666666666668,38.57407407407407,-0.14814814814814817,8.566666666666666,965.2083333333334,SITE 4,INT
2026-01-27 18:00:00,63.36633333333334,52.71716666666667,35.908500000000004,36.666666666666664,2.2592592592592595,11.466666666666667,965.9789999999999,SITE 4,INT
2026-01-27 19:00:00,76.41533333333334,65.80716666666666,44.993833333333335,35.18518518518519,2.611111111111111,13.0,966.8236666666667,SITE 4,INT
2026-01-27 20:00:00,100.4795,87.68883333333333,53.36216666666667,34.111111111111114,2.388888888888889,13.266666666666667,967.685,SITE 4,INT
2026-01-27 21:00:00,116.0595,105.4015,63.89333333333333,33.27777777777778,1.925925925925926,13.566666666666666,967.9983333333333,SITE 4,INT
2026-01-27 22:00:00,74.5085,64.69366666666666,41.631166666666665,32.77777777777778,1.0555555555555556,13.033333333333333,967.9036666666667,SITE 4,INT
2026-01-27 23:00:00,37.44862068965517,32.24310344827586,22.257758620689657,32.337164750957854,0.22988505747126436,12.758620689655173,967.9941379310345,SITE 4,INT
2026-01-28 00:00:00,39.811,33.940333333333335,23.235833333333336,31.518518518518523,0.14814814814814817,13.2,967.815,SITE 4,INT
2026-01-28 01:00:00,39.93316666666667,34.2505,23.792166666666667,30.703703703703706,-0.2777777777777778,13.3,967.3306666666666,SITE 4,INT
2026-01-28 02:00:00,38.5615,33.31466666666667,23.2875,30.11111111111111,-1.1481481481481481,13.066666666666666,966.5486666666667,SITE 4,INT
2026-01-28 03:00:00,35.88466666666667,31.3735,21.7505,29.77777777777778,-1.388888888888889,13.066666666666666,966.2423333333334,SITE 4,INT
2026-01-28 04:00:00,36.474333333333334,31.854666666666667,22.076666666666664,29.40740740740741,-0.8703703703703703,13.666666666666666,966.3846666666667,SITE 4,INT
2026-01-28 05:00:00,41.715833333333336,35.410999999999994,24.36733333333333,28.88888888888889,-0.24074074074074076,14.933333333333334,966.7373333333333,SITE 4,INT
2026-01-28 06:00:00,56.10816666666666,45.351,31.09916666666667,28.31481481481482,-0.12962962962962965,15.5,967.154,SITE 4,INT
2026-01-28 07:00:00,58.074333333333335,46.586999999999996,31.5935,28.5,0.37037037037037035,15.9,967.7686666666667,SITE 4,INT
2026-01-28 08:00:00,67.88366666666667,57.93216666666667,37.769666666666666,29.537037037037035,2.1666666666666665,17.0,968.634,SITE 4,INT
2026-01-28 09:00:00,53.650999999999996,43.45233333333333,29.447499999999998,31.370370370370374,1.2222222222222223,14.366666666666667,969.0246666666667,SITE 4,INT
2026-01-28 10:00:00,44.184999999999995,36.12616666666667,24.305,33.18518518518519,0.18518518518518517,12.0,968.7923333333333,SITE 4,INT
2026-01-28 11:00:00,44.328833333333336,35.70683333333333,23.431500000000003,34.7962962962963,-0.12962962962962965,10.6,968.1266666666667,SITE 4,INT
2026-01-28 12:00:00,45.24183333333334,36.19316666666667,23.720833333333335,36.40740740740741,0.5555555555555556,10.1,967.1153333333333,SITE 4,INT
2026-01-28 13:00:00,40.656166666666664,32.88183333333333,21.033,37.77777777777778,0.2592592592592593,9.166666666666666,966.0043333333334,SITE 4,INT
2026-01-28 14:00:00,37.54383333333333,30.334,18.923833333333334,38.81481481481482,-0.03703703703703704,8.466666666666667,965.2006666666667,SITE 4,INT
2026-01-28 15:00:00,38.75,31.357833333333335,19.821833333333334,39.35185185185185,0.05555555555555556,8.133333333333333,964.751,SITE 4,INT
2026-01-28 16:00:00,39.872166666666665,32.43633333333334,21.059,39.24074074074074,0.962962962962963,8.833333333333334,964.811,SITE 4,INT
2026-01-28 17:00:00,48.369166666666665,38.37983333333333,24.985333333333337,37.666666666666664,0.7222222222222222,9.5,965.2463333333333,SITE 4,INT
2026-01-28 18:00:00,99.9251724137931,87.1301724137931,55.82586206896552,36.206896551724135,2.586206896551724,11.96551724137931,965.9320689655171,SITE 4,INT
2026-01-28 19:00:00,142.48566666666665,128.125,82.68666666666667,35.333333333333336,4.037037037037037,13.9,966.7643333333333,SITE 4,INT
2026-01-28 20:00:00,88.0025,77.50016666666667,52.11866666666666,34.55555555555555,5.407407407407407,16.166666666666668,967.7913333333332,SITE 4,INT
2026-01-28 21:00:00,68.74633333333333,56.033,38.26766666666666,34.05555555555556,4.740740740740741,15.9,968.3346666666667,SITE 4,INT
2026-01-28 22:00:00,64.74883333333334,50.965333333333334,34.29883333333333,33.44444444444444,3.7962962962962963,15.333333333333334,968.3336666666667,SITE 4,INT
2026-01-28 23:00:00,57.98732142857143,45.78053571428571,30.68285714285714,32.817460317460316,2.023809523809524,14.0,968.2421428571428,SITE 4,INT
2026-01-29 00:00:00,53.764310344827585,42.66103448275862,28.472241379310343,32.509578544061306,1.475095785440613,14.0,968.1586206896551,SITE 4,INT
2026-01-29 01:00:00,65.57583333333334,53.75683333333333,36.63633333333333,31.77777777777778,1.6666666666666667,14.433333333333334,967.651,SITE 4,INT
2026-01-29 02:00:00,51.34225806451612,41.0891935483871,27.393709677419356,31.021505376344088,1.9713261648745521,15.483870967741936,966.9106451612903,SITE 4,INT
2026-01-29 03:00:00,58.403666666666666,46.79533333333333,30.846999999999998,30.35185185185185,1.8518518518518519,16.066666666666666,966.559,SITE 4,INT
2026-01-29 04:00:00,147.63916666666668,132.1455,74.09833333333333,29.77777777777778,2.2592592592592595,16.966666666666665,966.6376666666667,SITE 4,INT
2026-01-29 05:00:00,86.12633333333333,75.77016666666667,48.71516666666666,29.444444444444446,1.6111111111111112,16.333333333333332,966.98,SITE 4,INT
2026-01-29 06:00:00,80.93233333333333,70.54616666666668,47.280166666666666,28.98148148148148,1.3518518518518519,16.7,967.485,SITE 4,INT
2026-01-29 07:00:00,87.59466666666667,78.27233333333334,51.01316666666666,29.166666666666668,3.2037037037037037,18.8,968.1333333333333,SITE 4,INT
2026-01-29 08:00:00,145.74483333333333,130.78300000000002,75.41233333333334,30.12962962962963,4.666666666666667,19.8,968.8726666666666,SITE 4,INT
2026-01-29 09:00:00,70.43689655172415,57.98137931034483,39.10810344827586,31.685823754789272,4.022988505747127,17.413793103448278,969.2493103448276,SITE 4,INT
2026-01-29 10:00:00,44.61133333333334,36.74316666666667,25.031,33.574074074074076,0.9074074074074076,12.5,969.0196666666667,SITE 4,INT
2026-01-29 11:00:00,41.5925,34.7935,23.784499999999998,35.38888888888889,0.7222222222222222,10.833333333333334,968.4979999999999,SITE 4,INT
2026-01-29 12:00:00,33.970666666666666,28.75616666666667,19.7765,37.18518518518519,0.24074074074074076,9.5,967.4680000000001,SITE 4,INT
2026-01-29 13:00:00,30.443499999999997,25.892,17.8845,38.5,-0.5555555555555556,8.3,966.3806666666667,SITE 4,INT
2026-01-29 14:00:00,32.465333333333334,27.416833333333333,18.995166666666666,39.53703703703704,-0.6296296296296297,7.766666666666667,965.5083333333333,SITE 4,INT
2026-01-29 15:00:00,34.785,29.418333333333333,20.438,40.2037037037037,0.24074074074074076,7.966666666666667,965.0476666666667,SITE 4,INT
2026-01-29 16:00:00,35.30833333333333,29.907333333333334,20.731833333333334,39.98148148148148,-0.09259259259259259,7.833333333333333,965.064,SITE 4,INT
2026-01-29 17:00:00,47.439655172413794,39.026034482758625,26.694827586206895,38.86973180076628,-0.19157088122605365,8.379310344827585,965.4127586206897,SITE 4,INT
2026-01-29 18:00:00,74.88216666666668,62.945166666666665,42.81683333333333,37.2962962962963,2.074074074074074,10.966666666666667,966.0086666666666,SITE 4,INT
2026-01-29 19:00:00,68.3495,56.86833333333333,38.7365,35.833333333333336,3.685185185185185,13.266666666666667,966.827,SITE 4,INT
2026-01-29 20:00:00,55.97966666666667,44.77883333333333,30.21783333333333,34.72222222222222,2.2962962962962963,12.8,967.5353333333334,SITE 4,INT
2026-01-29 21:00:00,62.54933333333334,49.63433333333333,33.39666666666667,34.111111111111114,2.777777777777778,13.766666666666667,968.3919999999999,SITE 4,INT
2026-01-29 22:00:00,51.84683333333333,41.873000000000005,28.466,33.592592592592595,3.2222222222222223,14.666666666666666,968.5866666666666,SITE 4,INT
2026-01-29 23:00:00,51.190333333333335,41.24583333333333,27.836166666666667,32.72222222222222,0.962962962962963,13.0,968.4173333333333,SITE 4,INT
2026-01-30 00:00:00,44.7898275862069,36.772241379310344,24.99086206896552,31.915708812260537,0.6704980842911878,13.310344827586206,968.1427586206896,SITE 4,INT
2026-01-30 01:00:00,33.604,28.772333333333332,19.52716666666667,31.16666666666667,0.2777777777777778,13.566666666666666,967.5146666666666,SITE 4,INT
2026-01-30 02:00:00,37.69083333333333,31.889,21.650166666666667,30.61111111111111,0.07407407407407408,13.8,966.8593333333333,SITE 4,INT
2026-01-30 03:00:00,38.74666666666667,32.698,21.892,30.35185185185185,0.11111111111111112,14.033333333333333,966.4043333333334,SITE 4,INT
2026-01-30 04:00:00,47.86816666666667,39.06266666666667,26.03666666666667,29.574074074074076,0.24074074074074076,14.933333333333334,966.556,SITE 4,INT
2026-01-30 05:00:00,51.590333333333334,41.79183333333334,28.439999999999998,29.01851851851852,0.18518518518518517,15.1,966.9893333333333,SITE 4,INT
2026-01-30 06:00:00,70.96586206896552,59.57258620689655,40.7748275862069,29.176245210727974,0.30651340996168586,15.344827586206897,967.501724137931,SITE 4,INT
2026-01-30 07:00:00,121.868,110.07633333333334,71.5535,29.48148148148148,0.2592592592592593,15.033333333333333,968.1243333333333,SITE 4,INT
2026-01-30 08:00:00,154.1225,141.2976666666667,91.73283333333333,30.222222222222225,0.5,14.533333333333333,968.89,SITE 4,INT
2026-01-30 09:00:00,94.80283333333334,83.9445,56.29833333333333,32.03703703703704,1.074074074074074,13.766666666666667,969.202,SITE 4,INT
2026-01-30 10:00:00,49.528,40.224000000000004,27.2385,34.166666666666664,-0.2777777777777778,10.966666666666667,968.9483333333334,SITE 4,INT
2026-01-30 11:00:00,50.46241379310345,40.91258620689655,27.928793103448278,36.111111111111114,0.19157088122605365,10.10344827586207,968.305172413793,SITE 4,INT
2026-01-30 12:00:00,48.0705,39.274833333333326,26.906,37.68518518518519,0.38888888888888895,9.3,967.3643333333333,SITE 4,INT
2026-01-30 13:00:00,37.0795,31.44333333333333,21.60533333333333,39.01851851851852,-0.5925925925925927,8.1,966.2173333333334,SITE 4,INT
2026-01-30 14:00:00,29.613,25.8325,18.124166666666667,40.148148148148145,-1.5,7.033333333333333,965.2443333333334,SITE 4,INT
2026-01-30 15:00:00,31.083666666666666,27.0885,19.337,40.777777777777786,-1.4444444444444444,7.0,964.7710000000001,SITE 4,INT
2026-01-30 16:00:00,35.156166666666664,30.198833333333333,21.321833333333334,39.94444444444444,-1.5555555555555558,7.033333333333333,964.8756666666667,SITE 4,INT
2026-01-30 17:00:00,42.06965517241379,36.21810344827586,25.41965517241379,39.08045977011495,-1.877394636015326,7.172413793103448,965.2206896551725,SITE 4,INT
2026-01-30 18:00:00,58.532000000000004,46.26483333333333,31.55666666666667,37.74074074074074,3.7222222222222223,12.3,965.52,SITE 4,INT
2026-01-30 19:00:00,97.46916666666667,86.73983333333334,56.703833333333336,35.96296296296296,5.018518518518519,14.566666666666666,966.0740000000001,SITE 4,INT
2026-01-30 20:00:00,99.98833333333333,90.8785,57.723499999999994,35.148148148148145,1.740740740740741,12.1,967.1146666666666,SITE 4,INT
2026-01-30 21:00:00,74.12950000000001,63.02516666666667,42.09583333333333,34.53703703703704,2.925925925925926,13.5,967.891,SITE 4,INT
2026-01-30 22:00:00,65.18716666666667,52.596,34.60666666666667,34.01851851851852,3.425925925925926,14.466666666666667,967.9576666666667,SITE 4,INT
2026-01-30 23:00:00,64.43068965517242,53.17103448275862,37.27465517241379,33.02681992337165,2.7777777777777777,14.551724137931034,967.6424137931035,SITE 4,INT
2026-01-31 00:00:00,40.45283333333334,34.022,23.188666666666666,32.5,2.5,14.766666666666667,967.2073333333334,SITE 4,INT
2026-01-31 01:00:00,38.077999999999996,32.38066666666666,21.938166666666667,31.722222222222225,2.240740740740741,15.0,966.8473333333333,SITE 4,INT
2026-01-31 02:00:00,41.834666666666664,35.100833333333334,23.8295,31.296296296296298,2.037037037037037,15.233333333333333,966.4936666666667,SITE 4,INT
2026-01-31 03:00:00,49.14416666666667,40.81633333333333,27.953500000000002,30.64814814814815,1.9074074074074077,15.9,966.2216666666667,SITE 4,INT
2026-01-31 04:00:00,39.27183333333333,33.69616666666666,23.437333333333335,30.37037037037037,1.6296296296296298,15.766666666666667,966.086,SITE 4,INT
2026-01-31 05:00:00,62.036833333333334,50.383500000000005,34.67133333333334,28.833333333333332,3.2592592592592595,19.4,966.6806666666668,SITE 4,INT
2026-01-31 06:00:00,88.76683333333334,81.08516666666667,55.51283333333333,28.462962962962965,4.074074074074074,21.066666666666666,967.0293333333334,SITE 4,INT
2026-01-31 07:00:00,147.94916666666668,137.15283333333335,90.19383333333333,28.722222222222225,4.444444444444445,21.233333333333334,967.7226666666667,SITE 4,INT
2026-01-31 08:00:00,96.33366666666667,88.3285,60.3555,30.01851851851852,4.574074074074074,19.9,968.5466666666667,SITE 4,INT
2026-01-31 09:00:00,67.10931034482759,54.85706896551724,39.18793103448276,32.20306513409962,3.6206896551724137,16.379310344827587,968.9313793103448,SITE 4,INT
2026-01-31 10:00:00,71.67383333333333,60.60333333333333,43.05016666666667,34.18518518518519,7.722222222222223,19.533333333333335,968.6926666666666,SITE 4,INT
2026-01-31 11:00:00,65.86999999999999,52.843833333333336,36.71816666666667,35.94444444444445,11.148148148148149,22.266666666666666,967.8456666666666,SITE 4,INT
2026-01-31 12:00:00,47.616,39.491166666666665,27.336166666666667,37.57407407407407,9.962962962962964,18.9,966.6973333333334,SITE 4,INT
2026-01-31 13:00:00,40.71666666666667,34.87316666666666,24.313,38.851851851851855,9.5,16.9,965.5656666666667,SITE 4,INT
2026-01-31 14:00:00,47.61666666666667,39.630833333333335,27.7245,39.333333333333336,11.185185185185185,18.533333333333335,964.5943333333332,SITE 4,INT
2026-01-31 15:00:00,43.156333333333336,36.772000000000006,26.0305,40.38888888888889,9.333333333333334,15.466666666666667,964.062,SITE 4,INT
2026-01-31 16:00:00,37.854166666666664,32.79,23.2545,40.55555555555556,6.851851851851852,12.866666666666667,963.9176666666666,SITE 4,INT
2026-01-31 17:00:00,39.812,33.92616666666667,23.808666666666667,39.53703703703704,4.740740740740741,11.633333333333333,964.1926666666666,SITE 4,INT
2026-01-31 18:00:00,95.3035,87.29733333333334,58.37983333333333,37.94444444444445,5.740740740740741,13.733333333333333,964.6246666666667,SITE 4,INT
2026-01-31 19:00:00,91.03500000000001,82.6585,56.314499999999995,36.611111111111114,7.666666666666667,17.0,965.2603333333334,SITE 4,INT
2026-01-31 20:00:00,82.13783333333332,72.7895,49.99133333333334,35.777777777777786,7.277777777777778,17.166666666666668,966.1013333333334,SITE 4,INT
2026-01-31 21:00:00,62.98431034482759,50.903103448275864,35.438793103448276,34.92337164750958,5.977011494252874,16.517241379310345,966.6313793103449,SITE 4,INT
2026-01-31 22:00:00,53.71366666666667,43.3505,30.021166666666666,34.2037037037037,4.62962962962963,15.666666666666666,966.758,SITE 4,INT
2026-01-31 23:00:00,54.85216666666667,44.1175,30.73166666666667,33.574074074074076,3.9074074074074074,15.433333333333334,966.6766666666666,SITE 4,INT
2026-02-01 00:00:00,61.825500000000005,49.45733333333333,33.302166666666665,32.87037037037037,2.351851851851852,14.166666666666666,966.4326666666667,SITE 4,INT
2026-02-01 01:00:00,45.632333333333335,37.867,26.355833333333333,32.148148148148145,2.314814814814815,14.833333333333334,965.9786666666666,SITE 4,INT
2026-02-01 02:00:00,50.418,41.068666666666665,28.334666666666667,31.48148148148148,2.8333333333333335,16.066666666666666,965.5426666666666,SITE 4,INT
2026-02-01 03:00:00,53.5565,43.082166666666666,29.623333333333335,30.722222222222225,3.981481481481482,18.166666666666668,965.1483333333333,SITE 4,INT
2026-02-01 04:00:00,64.4398275862069,51.46224137931034,35.66034482758621,29.82758620689655,4.980842911877395,20.655172413793103,965.3755172413793,SITE 4,INT
2026-02-01 05:00:00,78.66016666666665,69.43416666666667,47.366166666666665,28.740740740740744,7.481481481481482,26.3,966.1366666666667,SITE 4,INT
2026-02-01 06:00:00,73.389,62.558,43.602833333333336,29.27777777777778,10.222222222222223,30.866666666666667,966.6376666666667,SITE 4,INT
2026-02-01 07:00:00,76.37599999999999,66.639,44.970166666666664,29.518518518518523,14.01851851851852,38.96666666666667,967.2146666666666,SITE 4,INT
2026-02-01 08:00:00,65.56933333333333,53.256499999999996,36.36666666666667,30.01851851851852,17.27777777777778,46.833333333333336,967.9333333333333,SITE 4,INT
2026-02-01 09:00:00,62.52433333333333,49.9275,33.830999999999996,30.53703703703704,18.75925925925926,49.9,968.3546666666666,SITE 4,INT
2026-02-01 10:00:00,67.69716666666666,55.22,38.358666666666664,32.53703703703704,18.166666666666668,42.9,968.1266666666667,SITE 4,INT
2026-02-01 11:00:00,59.63633333333333,47.919666666666664,32.844166666666666,35.64814814814815,16.037037037037038,31.633333333333333,967.2386666666666,SITE 4,INT
2026-02-01 12:00:00,51.19283333333333,41.582166666666666,28.370166666666666,37.833333333333336,13.777777777777779,24.333333333333332,966.225,SITE 4,INT
2026-02-01 13:00:00,49.844166666666666,40.4515,27.34416666666667,37.64814814814815,13.425925925925926,23.6,965.1626666666667,SITE 4,INT
2026-02-01 14:00:00,44.09316666666667,36.82716666666667,25.415833333333335,39.68518518518519,10.814814814814815,17.833333333333332,964.2053333333333,SITE 4,INT
2026-02-01 15:00:00,43.38283333333333,36.59083333333333,25.60533333333333,40.42592592592593,9.75925925925926,15.866666666666667,963.582,SITE 4,INT
2026-02-01 16:00:00,43.49766666666667,36.51683333333333,25.659166666666668,40.62962962962963,9.925925925925926,15.8,963.2633333333334,SITE 4,INT
2026-02-01 17:00:00,46.368500000000004,38.0545,26.21333333333333,39.51851851851852,10.24074074074074,17.266666666666666,963.3493333333333,SITE 4,INT
2026-02-01 18:00:00,65.007,52.966499999999996,36.06516666666666,37.96296296296296,11.203703703703702,19.966666666666665,963.785,SITE 4,INT
2026-02-01 19:00:00,90.07483333333333,82.51150000000001,57.101,37.05555555555556,12.074074074074074,22.3,964.1576666666666,SITE 4,INT
2026-02-01 20:00:00,88.36233333333332,79.36916666666666,54.43033333333334,36.092592592592595,11.12962962962963,22.0,964.7633333333334,SITE 4,INT
2026-02-01 21:00:00,57.819833333333335,46.3295,31.647666666666666,35.38888888888889,9.425925925925926,20.533333333333335,965.3036666666667,SITE 4,INT
2026-02-01 22:00:00,53.541000000000004,43.11466666666667,29.660500000000003,34.72222222222222,8.092592592592593,19.333333333333332,965.4603333333333,SITE 4,INT
2026-02-01 23:00:00,44.7555,37.49966666666667,26.324333333333335,33.88888888888889,5.981481481481482,17.333333333333332,965.3610000000001,SITE 4,INT
2026-02-02 00:00:00,37.06183333333333,32.0725,22.81683333333333,33.351851851851855,4.722222222222222,16.566666666666666,965.053,SITE 4,INT
2026-02-02 01:00:00,54.9345,44.26233333333333,30.281000000000002,32.31481481481482,5.925925925925926,19.2,964.6863333333333,SITE 4,INT
2026-02-02 02:00:00,55.60709677419354,45.00838709677419,30.82741935483871,31.774193548387096,7.347670250896058,21.806451612903224,964.2277419354839,SITE 4,INT
2026-02-02 03:00:00,55.83766666666667,45.05683333333333,30.750999999999998,31.27777777777778,7.944444444444445,23.566666666666666,964.1023333333334,SITE 4,INT
2026-02-02 04:00:00,56.72983333333333,45.66833333333333,31.105833333333333,31.074074074074076,8.38888888888889,24.6,964.1463333333334,SITE 4,INT
2026-02-02 05:00:00,66.911,54.2555,38.063833333333335,30.62962962962963,9.0,26.166666666666668,964.7890000000001,SITE 4,INT
2026-02-02 06:00:00,115.37216666666667,106.78533333333333,70.60533333333333,29.666666666666668,10.074074074074074,29.7,965.9803333333333,SITE 4,INT
2026-02-02 07:00:00,112.99166666666666,103.60650000000001,68.42216666666667,29.740740740740744,11.870370370370372,33.36666666666667,966.4353333333333,SITE 4,INT
2026-02-02 08:00:00,72.2325,60.89116666666667,41.1285,31.000000000000004,15.925925925925926,40.63333333333333,966.967,SITE 4,INT
2026-02-02 09:00:00,61.65233333333333,49.651833333333336,34.211666666666666,32.24074074074074,18.61111111111111,44.833333333333336,967.106,SITE 4,INT
2026-02-02 10:00:00,57.44133333333333,46.43233333333333,31.708333333333332,33.592592592592595,19.722222222222225,44.13333333333333,967.1786666666667,SITE 4,INT
2026-02-02 11:00:00,49.23916666666666,40.29533333333333,27.531166666666664,35.64814814814815,17.185185185185183,34.03333333333333,966.5300000000001,SITE 4,INT
2026-02-02 12:00:00,46.654333333333334,38.60783333333333,26.663833333333333,38.111111111111114,15.0,25.533333333333335,965.447,SITE 4,INT
2026-02-02 13:00:00,44.835967741935484,37.280967741935484,25.85725806451613,39.42652329749104,13.387096774193548,21.35483870967742,964.5348387096775,SITE 4,INT
2026-02-02 14:00:00,44.315666666666665,37.0275,25.703833333333332,40.11111111111111,13.685185185185185,20.866666666666667,963.5973333333334,SITE 4,INT
2026-02-02 15:00:00,42.7065,35.996,25.377333333333333,40.851851851851855,13.685185185185185,20.0,963.0613333333333,SITE 4,INT
2026-02-02 16:00:00,42.61833333333333,35.930166666666665,25.208833333333335,40.53703703703704,12.981481481481483,19.733333333333334,962.7713333333334,SITE 4,INT
2026-02-02 17:00:00,46.246,38.15266666666666,26.38566666666667,39.833333333333336,13.648148148148149,21.3,962.8066666666667,SITE 4,INT
2026-02-02 18:00:00,62.89233333333333,50.882666666666665,35.361666666666665,38.46296296296296,14.574074074074074,24.333333333333332,963.1956666666666,SITE 4,INT
2026-02-02 19:00:00,77.309,68.24833333333333,48.01649999999999,37.62962962962963,15.296296296296298,26.733333333333334,963.9376666666667,SITE 4,INT
2026-02-02 20:00:00,151.71433333333334,138.05733333333333,85.7385,36.851851851851855,15.166666666666666,27.533333333333335,964.6560000000001,SITE 4,INT
2026-02-02 21:00:00,91.56683333333334,83.76916666666666,56.015166666666666,36.111111111111114,14.648148148148149,28.0,965.296,SITE 4,INT
2026-02-02 22:00:00,64.60366666666667,52.105000000000004,36.318666666666665,35.51851851851852,14.370370370370372,28.266666666666666,965.5493333333333,SITE 4,INT
2026-02-02 23:00:00,53.723166666666664,43.440333333333335,29.846166666666665,34.98148148148148,11.722222222222223,24.466666666666665,965.5579999999999,SITE 4,INT
2026-02-03 00:00:00,64.2535,51.39,35.6735,34.46296296296296,13.0,27.433333333333334,965.5986666666666,SITE 4,INT
2026-02-03 01:00:00,65.83466666666666,53.01833333333333,37.088166666666666,34.00000000000001,13.462962962962964,29.033333333333335,965.1346666666667,SITE 4,INT
2026-02-03 02:00:00,62.912,50.347,34.63383333333333,33.574074074074076,14.148148148148149,31.233333333333334,964.499,SITE 4,INT
2026-02-03 03:00:00,54.9765,44.23466666666666,29.9045,31.037037037037035,17.444444444444446,44.86666666666667,965.4753333333333,SITE 4,INT
2026-02-03 04:00:00,39.42166666666667,33.93833333333333,23.5695,28.518518518518523,17.074074074074076,50.166666666666664,966.1406666666667,SITE 4,INT
2026-02-03 05:00:00,37.43766666666667,32.256,22.662,27.14814814814815,17.074074074074073,54.6,967.0433333333333,SITE 4,INT
2026-02-03 06:00:00,38.977666666666664,33.6265,23.40983333333333,26.444444444444446,16.833333333333332,56.266666666666666,968.0566666666667,SITE 4,INT
2026-02-03 07:00:00,43.877500000000005,37.107166666666664,25.67683333333333,25.37037037037037,16.90740740740741,59.96666666666667,969.518,SITE 4,INT
2026-02-03 08:00:00,46.94783333333333,39.172000000000004,27.110166666666665,25.77777777777778,16.833333333333332,58.1,969.8023333333333,SITE 4,INT
2026-02-03 09:00:00,48.86466666666667,40.6265,28.293000000000003,26.722222222222225,17.722222222222225,58.3,969.2306666666666,SITE 4,INT
2026-02-03 10:00:00,52.72083333333333,43.344833333333334,30.082666666666668,27.222222222222225,18.333333333333332,58.93333333333333,969.1273333333334,SITE 4,INT
2026-02-03 11:00:00,50.14666666666667,41.345,28.54283333333333,27.555555555555557,17.833333333333332,56.1,968.5773333333333,SITE 4,INT
2026-02-03 12:00:00,46.223333333333336,38.648,26.735166666666665,28.203703703703706,18.092592592592595,54.7,967.7646666666666,SITE 4,INT
2026-02-03 13:00:00,43.63783333333333,36.944833333333335,25.804,29.01851851851852,17.87037037037037,51.56666666666667,967.1336666666666,SITE 4,INT
2026-02-03 14:00:00,41.22693548387097,35.384354838709676,25.191612903225806,30.394265232974913,17.526881720430108,46.38709677419355,966.4158064516129,SITE 4,INT
2026-02-03 15:00:00,38.721333333333334,33.650999999999996,23.833666666666666,31.16666666666667,17.314814814814817,43.8,966.1383333333334,SITE 4,INT
2026-02-03 16:00:00,45.69266666666667,38.248333333333335,26.282,31.62962962962963,17.537037037037035,43.13333333333333,965.9936666666666,SITE 4,INT
2026-02-03 17:00:00,46.616,39.116,27.139499999999998,31.222222222222225,17.0,42.9,965.8773333333334,SITE 4,INT
2026-02-03 18:00:00,58.98866666666667,48.318666666666665,33.177,30.333333333333332,17.14814814814815,45.5,966.6216666666667,SITE 4,INT
2026-02-03 19:00:00,53.52948275862069,44.05637931034483,30.438103448275864,29.501915708812263,17.452107279693486,48.86206896551724,967.0958620689655,SITE 4,INT
2026-02-03 20:00:00,49.83741379310345,41.19155172413793,28.322068965517243,29.003831417624525,18.045977011494255,52.275862068965516,968.4710344827586,SITE 4,INT
2026-02-03 21:00:00,52.479354838709675,43.01596774193549,29.529032258064515,28.422939068100362,18.333333333333336,55.03225806451613,969.2222580645162,SITE 4,INT
2026-02-03 22:00:00,50.7465,41.6065,28.532,29.11111111111111,18.370370370370374,52.86666666666667,969.5943333333332,SITE 4,INT
2026-02-03 23:00:00,55.24216666666667,45.084500000000006,30.70266666666667,28.88888888888889,19.01851851851852,55.6,969.9363333333333,SITE 4,INT
2026-02-04 00:00:00,55.233666666666664,44.9375,30.399166666666666,28.64814814814815,19.01851851851852,56.9,970.4003333333334,SITE 4,INT
2026-02-04 01:00:00,63.07266666666667,51.00516666666667,34.813833333333335,28.370370370370374,19.296296296296298,58.7,970.079,SITE 4,INT
2026-02-04 02:00:00,49.632,40.902833333333334,27.8775,27.27777777777778,19.333333333333332,62.5,970.0233333333333,SITE 4,INT
2026-02-04 03:00:00,46.65833333333333,38.9985,26.5995,27.222222222222225,18.88888888888889,61.3,969.5676666666666,SITE 4,INT
2026-02-04 04:00:00,42.232166666666664,36.114000000000004,24.865000000000002,26.740740740740744,18.40740740740741,60.56666666666667,969.063,SITE 4,INT
2026-02-04 05:00:00,45.18633333333333,38.2245,26.226499999999998,26.666666666666668,18.31481481481482,60.166666666666664,968.1683333333333,SITE 4,INT
2026-02-04 06:00:00,52.84316666666667,43.45816666666667,30.015,26.740740740740744,17.75925925925926,58.13333333333333,967.3009999999999,SITE 4,INT
2026-02-04 07:00:00,49.01733333333333,40.49633333333334,27.601333333333333,27.03703703703704,18.27777777777778,59.46666666666667,967.7966666666667,SITE 4,INT
2026-02-04 08:00:00,43.73790322580645,37.12451612903225,25.67967741935484,27.95698924731183,18.10035842293907,55.61290322580645,968.0990322580645,SITE 4,INT
2026-02-04 09:00:00,49.084500000000006,40.74966666666667,28.246666666666666,28.222222222222225,18.425925925925927,55.63333333333333,968.557,SITE 4,INT
2026-02-04 10:00:00,48.08983333333333,40.05383333333334,27.5775,29.870370370370374,18.833333333333332,52.0,968.5366666666666,SITE 4,INT
2026-02-04 11:00:00,44.411833333333334,37.49533333333333,25.967666666666666,32.31481481481482,17.703703703703702,42.166666666666664,967.605,SITE 4,INT
2026-02-04 12:00:00,40.32066666666666,34.80116666666667,24.4405,34.62962962962963,16.14814814814815,33.4,966.5893333333333,SITE 4,INT
2026-02-04 13:00:00,35.727666666666664,31.444666666666667,22.5555,36.92592592592593,14.12962962962963,25.933333333333334,965.403,SITE 4,INT
2026-02-04 14:00:00,31.138103448275864,27.555689655172415,20.08896551724138,38.23754789272031,12.183908045977013,21.06896551724138,964.6541379310345,SITE 4,INT
2026-02-04 15:00:00,30.00532258064516,26.649354838709677,19.575806451612905,38.78136200716846,11.308243727598565,19.322580645161292,964.4916129032258,SITE 4,INT
2026-02-04 16:00:00,36.43116666666666,31.708333333333332,22.63883333333333,37.72222222222222,11.555555555555555,20.7,964.6583333333333,SITE 4,INT
2026-02-04 17:00:00,48.155166666666666,39.903666666666666,27.308833333333332,36.62962962962963,13.148148148148149,24.433333333333334,965.1080000000001,SITE 4,INT
2026-02-04 18:00:00,46.734655172413795,38.89844827586207,26.701551724137932,35.498084291187745,13.620689655172415,26.96551724137931,965.7727586206896,SITE 4,INT
2026-02-04 19:00:00,61.083,49.963166666666666,34.45883333333334,34.44444444444444,14.444444444444445,30.133333333333333,966.4796666666666,SITE 4,INT
2026-02-04 20:00:00,121.68433333333333,109.78783333333332,67.72216666666667,33.81481481481482,13.296296296296298,29.066666666666666,967.2063333333333,SITE 4,INT
2026-02-04 21:00:00,67.52066666666666,55.9465,37.366,33.25925925925926,12.685185185185187,28.666666666666668,967.897,SITE 4,INT
2026-02-04 22:00:00,65.128,52.426833333333335,35.08533333333333,32.851851851851855,12.296296296296298,28.466666666666665,968.1106666666667,SITE 4,INT
2026-02-04 23:00:00,60.88016666666667,48.538333333333334,32.059999999999995,32.2962962962963,11.24074074074074,27.3,967.7256666666667,SITE 4,INT
2026-02-05 00:00:00,52.89416666666667,43.002500000000005,28.76033333333333,31.555555555555557,10.537037037037036,27.4,967.1043333333333,SITE 4,INT
2026-02-05 01:00:00,44.224500000000006,37.149166666666666,25.654999999999998,30.75925925925926,10.555555555555555,28.8,966.5166666666667,SITE 4,INT
2026-02-05 02:00:00,41.248000000000005,35.473499999999994,24.794,30.166666666666668,10.222222222222223,29.1,966.053,SITE 4,INT
2026-02-05 03:00:00,41.45333333333333,35.53883333333333,24.813499999999998,29.53703703703704,10.24074074074074,30.3,965.788,SITE 4,INT
2026-02-05 04:00:00,45.26533333333334,37.8885,26.0175,28.925925925925927,10.777777777777777,32.46666666666667,965.8043333333334,SITE 4,INT
2026-02-05 05:00:00,49.58433333333333,40.78866666666667,27.832333333333334,28.462962962962965,11.129629629629628,34.4,966.1036666666666,SITE 4,INT
2026-02-05 06:00:00,53.288387096774194,43.37322580645161,29.449677419354842,27.939068100358426,11.415770609318997,36.064516129032256,966.4677419354839,SITE 4,INT
2026-02-05 07:00:00,53.5995,43.61333333333334,29.6555,28.166666666666668,11.185185185185185,34.96666666666667,966.8593333333333,SITE 4,INT
2026-02-05 08:00:00,51.48833333333334,41.7105,27.940833333333334,29.333333333333332,10.962962962962962,32.166666666666664,967.7043333333334,SITE 4,INT
2026-02-05 09:00:00,160.80793103448278,139.75534482758619,60.45086206896552,30.938697318007666,9.770114942528735,27.20689655172414,968.1265517241379,SITE 4,INT
2026-02-05 10:00:00,37.788870967741936,33.15370967741935,23.48741935483871,33.51254480286738,6.684587813620072,18.93548387096774,967.9503225806451,SITE 4,INT
2026-02-05 11:00:00,26.470833333333335,24.363,18.000666666666667,36.14814814814815,4.2592592592592595,13.533333333333333,967.515,SITE 4,INT
2026-02-05 12:00:00,18.8995,17.72533333333333,13.962166666666667,38.24074074074074,2.4074074074074074,10.533333333333333,966.474,SITE 4,INT
2026-02-05 13:00:00,14.5315,13.708333333333334,11.524166666666668,39.666666666666664,0.7962962962962963,8.7,965.1463333333334,SITE 4,INT
2026-02-05 14:00:00,14.797666666666666,14.077833333333334,11.799166666666668,40.351851851851855,0.05555555555555556,8.0,963.993,SITE 4,INT
2026-02-05 15:00:00,16.020500000000002,15.303833333333333,12.6505,40.833333333333336,0.3333333333333333,8.0,963.5156666666667,SITE 4,INT
2026-02-05 16:00:00,18.3735,17.427,14.013,41.111111111111114,0.46296296296296297,7.933333333333334,963.4936666666667,SITE 4,INT
2026-02-05 17:00:00,26.936666666666667,24.142333333333333,17.821666666666665,40.05555555555556,1.4814814814814814,8.966666666666667,963.816,SITE 4,INT
2026-02-05 18:00:00,75.0925,64.97866666666667,44.96216666666667,38.18518518518519,4.518518518518519,12.5,964.5603333333333,SITE 4,INT
2026-02-05 19:00:00,105.23366666666666,98.78833333333334,70.738,36.5,6.4259259259259265,15.533333333333333,965.2736666666666,SITE 4,INT
2026-02-05 20:00:00,83.65483333333333,75.21316666666667,52.95466666666666,35.592592592592595,5.37037037037037,15.166666666666666,966.0936666666668,SITE 4,INT
2026-02-05 21:00:00,121.37383333333334,112.40450000000001,77.161,34.81481481481481,6.444444444444445,17.066666666666666,966.9463333333333,SITE 4,INT
2026-02-05 22:00:00,112.5296551724138,103.67224137931034,71.3101724137931,34.348659003831415,6.53256704980843,17.79310344827586,967.0713793103448,SITE 4,INT
2026-02-05 23:00:00,59.23716666666667,47.8555,33.59916666666667,34.18518518518519,5.351851851851851,16.5,966.869,SITE 4,INT
2026-02-06 00:00:00,46.62733333333333,38.88066666666667,27.404166666666665,33.12962962962963,4.555555555555556,16.466666666666665,966.431,SITE 4,INT
2026-02-06 01:00:00,38.06266666666667,32.97633333333333,24.0795,32.12962962962963,4.814814814814815,17.766666666666666,966.0523333333333,SITE 4,INT
2026-02-06 02:00:00,38.4405,33.11933333333333,23.671833333333332,31.5,3.7962962962962967,17.233333333333334,965.9393333333334,SITE 4,INT
2026-02-06 03:00:00,54.40566666666667,44.0205,30.0705,30.555555555555557,4.962962962962963,19.866666666666667,966.374,SITE 4,INT
2026-02-06 04:00:00,58.725833333333334,47.595666666666666,33.50183333333333,29.98148148148148,6.37037037037037,22.5,966.508,SITE 4,INT
2026-02-06 05:00:00,56.46583333333333,45.73683333333334,31.769833333333334,30.0,5.388888888888888,20.933333333333334,966.7810000000001,SITE 4,INT
2026-02-06 06:00:00,67.434,57.17383333333333,39.696,29.425925925925927,3.7037037037037037,19.2,967.3676666666667,SITE 4,INT
2026-02-06 07:00:00,194.12449999999998,182.8545,119.71416666666667,28.462962962962965,7.25925925925926,26.333333333333332,968.306,SITE 4,INT
2026-02-06 08:00:00,134.16983333333332,127.03716666666666,86.16799999999999,29.833333333333332,8.666666666666666,26.766666666666666,969.0509999999999,SITE 4,INT
2026-02-06 09:00:00,78.61306451612903,69.69629032258065,48.372580645161285,32.32974910394265,9.67741935483871,24.870967741935484,969.7851612903225,SITE 4,INT
2026-02-06 10:00:00,49.559333333333335,41.29783333333333,28.56833333333333,34.51851851851852,9.277777777777777,21.266666666666666,969.885,SITE 4,INT
2026-02-06 11:00:00,27.957241379310343,25.270517241379313,18.54637931034483,36.283524904214566,5.49808429118774,14.96551724137931,969.3841379310345,SITE 4,INT
2026-02-06 12:00:00,23.020000000000003,21.446551724137933,16.26051724137931,37.8735632183908,4.310344827586207,12.448275862068966,968.4044827586207,SITE 4,INT
2026-02-06 13:00:00,20.436500000000002,19.228333333333335,14.965499999999999,39.11111111111111,3.092592592592593,10.6,967.2403333333333,SITE 4,INT
2026-02-06 14:00:00,18.253833333333333,17.338666666666665,13.826166666666667,40.166666666666664,1.6666666666666667,8.866666666666667,966.409,SITE 4,INT
2026-02-06 15:00:00,18.978,17.86433333333333,14.126166666666668,40.92592592592593,1.3333333333333333,8.2,965.8706666666666,SITE 4,INT
2026-02-06 16:00:00,25.2525,22.448500000000003,16.402,40.98148148148149,2.055555555555556,8.733333333333333,965.7036666666667,SITE 4,INT
2026-02-06 17:00:00,33.22666666666667,28.806333333333335,20.93166666666667,39.87037037037037,2.4814814814814814,9.7,965.9556666666666,SITE 4,INT
2026-02-06 18:00:00,68.75379310344827,58.4148275862069,40.578620689655175,38.00766283524904,4.291187739463601,12.241379310344827,966.4444827586207,SITE 4,INT
2026-02-06 19:00:00,130.03083333333333,122.07199999999999,85.47749999999999,36.851851851851855,6.4259259259259265,15.333333333333334,967.0393333333334,SITE 4,INT
2026-02-06 20:00:00,79.68783333333334,71.86433333333333,51.89183333333334,35.851851851851855,6.037037037037037,15.633333333333333,967.9593333333333,SITE 4,INT
2026-02-06 21:00:00,38.81716666666667,33.644333333333336,24.247333333333334,34.851851851851855,12.574074074074074,26.133333333333333,968.6633333333334,SITE 4,INT
2026-02-06 22:00:00,44.7425,38.330333333333336,26.569333333333336,34.31481481481481,12.833333333333334,27.3,968.804,SITE 4,INT
2026-02-06 23:00:00,45.90833333333333,38.50266666666666,26.48166666666667,33.88888888888889,12.666666666666666,27.766666666666666,968.6110000000001,SITE 4,INT
2026-02-07 00:00:00,43.12283333333333,36.57899999999999,25.6375,33.148148148148145,12.925925925925927,29.533333333333335,968.1753333333332,SITE 4,INT
2026-02-07 01:00:00,43.47033333333333,36.669999999999995,25.938499999999998,32.148148148148145,12.814814814814815,30.8,967.8986666666666,SITE 4,INT
2026-02-07 02:00:00,53.975,43.64333333333333,29.068166666666666,31.000000000000004,12.981481481481483,33.43333333333333,967.5846666666667,SITE 4,INT
2026-02-07 03:00:00,56.80083333333334,45.943999999999996,31.698500000000003,29.740740740740744,9.925925925925926,29.3,967.7800000000001,SITE 4,INT
2026-02-07 04:00:00,41.19116666666666,35.4555,25.20583333333333,30.240740740740744,10.944444444444446,30.533333333333335,967.5806666666666,SITE 4,INT
2026-02-07 05:00:00,50.26083333333334,42.71083333333333,29.8555,30.14814814814815,11.425925925925926,31.533333333333335,967.8493333333333,SITE 4,INT
2026-02-07 06:00:00,81.275,72.02116666666667,48.5565,29.555555555555557,10.055555555555555,29.9,968.4863333333334,SITE 4,INT
2026-02-07 07:00:00,77.01700000000001,66.06333333333333,45.79666666666667,29.444444444444446,10.777777777777779,31.8,969.2293333333333,SITE 4,INT
2026-02-07 08:00:00,74.56316666666666,64.84433333333332,45.166666666666664,30.203703703703706,13.314814814814815,35.9,969.9259999999999,SITE 4,INT
2026-02-07 09:00:00,58.60066666666667,47.79633333333333,32.71183333333333,32.40740740740741,15.351851851851853,35.833333333333336,970.4060000000001,SITE 4,INT
2026-02-07 10:00:00,46.98338709677419,39.19145161290322,27.363064516129032,34.551971326164875,13.548387096774194,28.419354838709676,970.0999999999999,SITE 4,INT
2026-02-07 11:00:00,39.037,33.928666666666665,24.2605,36.7962962962963,11.314814814814815,21.433333333333334,969.5673333333333,SITE 4,INT
2026-02-07 12:00:00,34.576,30.474666666666668,22.138333333333332,38.092592592592595,11.555555555555555,20.366666666666667,968.5636666666667,SITE 4,INT
2026-02-07 13:00:00,29.2385,26.145833333333332,19.501166666666666,39.38888888888889,8.62962962962963,15.466666666666667,967.6326666666666,SITE 4,INT
2026-02-07 14:00:00,29.284,26.40216666666667,19.771666666666665,40.07407407407407,8.277777777777779,14.666666666666666,966.7766666666666,SITE 4,INT
2026-02-07 15:00:00,26.06066666666667,23.74683333333333,18.238,40.96296296296296,4.907407407407407,10.833333333333334,966.2273333333334,SITE 4,INT
2026-02-07 16:00:00,25.813,23.627333333333333,18.261000000000003,41.111111111111114,2.148148148148148,9.066666666666666,966.1803333333334,SITE 4,INT
2026-02-07 17:00:00,31.497333333333334,27.921666666666667,20.621666666666666,40.24074074074074,2.0925925925925926,9.266666666666667,966.3083333333333,SITE 4,INT
2026-02-07 18:00:00,56.72966666666667,47.287666666666674,33.661500000000004,38.42592592592593,4.666666666666667,12.3,966.612,SITE 4,INT
2026-02-07 19:00:00,74.37366666666667,64.777,45.6435,36.81481481481482,5.888888888888888,14.666666666666666,967.1206666666666,SITE 4,INT
2026-02-07 20:00:00,71.13666666666667,59.377833333333335,41.475833333333334,35.72222222222222,5.962962962962963,15.7,968.0423333333333,SITE 4,INT
2026-02-07 21:00:00,61.03933333333334,49.586666666666666,35.69666666666667,35.03703703703704,4.796296296296296,15.0,968.9666666666667,SITE 4,INT
2026-02-07 22:00:00,52.0435,42.36816666666667,29.903166666666667,34.5,4.166666666666667,15.0,969.4259999999999,SITE 4,INT
2026-02-07 23:00:00,47.44216666666667,39.098,27.664333333333335,34.18518518518519,4.166666666666667,15.0,969.2913333333333,SITE 4,INT
2026-02-08 00:00:00,45.26133333333333,38.4985,26.886000000000003,33.48148148148149,3.5740740740740744,15.1,968.9866666666666,SITE 4,INT
2026-02-08 01:00:00,62.0165,51.169,36.64083333333333,32.24074074074074,4.759259259259259,17.566666666666666,968.0943333333333,SITE 4,INT
2026-02-08 02:00:00,67.15883333333333,55.77366666666667,40.381,31.40740740740741,5.018518518518518,18.8,967.2990000000001,SITE 4,INT
2026-02-08 03:00:00,62.87966666666667,51.088166666666666,36.83316666666667,30.61111111111111,4.722222222222222,19.3,967.1513333333334,SITE 4,INT
2026-02-08 04:00:00,56.032000000000004,45.705333333333336,32.20466666666667,30.222222222222225,4.759259259259259,19.9,967.0176666666666,SITE 4,INT
2026-02-08 05:00:00,53.72566666666667,43.943999999999996,31.066166666666668,29.685185185185183,4.462962962962963,20.166666666666668,967.4583333333334,SITE 4,INT
2026-02-08 06:00:00,64.44683333333333,53.294,37.48633333333333,28.314814814814817,5.666666666666667,23.8,968.103,SITE 4,INT
2026-02-08 07:00:00,82.19967741935484,73.68822580645161,51.29451612903225,28.60215053763441,7.240143369175628,26.193548387096776,968.7248387096774,SITE 4,INT
2026-02-08 08:00:00,66.4875,55.8165,39.312,30.888888888888893,5.481481481481482,20.166666666666668,969.1423333333333,SITE 4,INT
2026-02-08 09:00:00,59.56783333333333,48.38066666666667,33.840833333333336,32.81481481481482,5.203703703703704,17.533333333333335,969.4383333333334,SITE 4,INT
2026-02-08 10:00:00,36.15133333333333,31.21783333333333,22.6135,34.7037037037037,4.833333333333333,15.433333333333334,969.2556666666667,SITE 4,INT
2026-02-08 11:00:00,28.535166666666665,25.374166666666667,18.958166666666667,37.07407407407407,4.111111111111112,12.833333333333334,968.318,SITE 4,INT
2026-02-08 12:00:00,26.0475,23.571666666666665,17.961000000000002,38.833333333333336,3.6666666666666665,11.0,967.2593333333333,SITE 4,INT
2026-02-08 13:00:00,23.3445,21.488833333333332,16.591833333333334,40.25925925925926,3.5,10.1,966.1523333333333,SITE 4,INT
2026-02-08 14:00:00,20.999655172413792,19.714310344827588,15.532931034482758,41.09195402298851,2.796934865900383,9.137931034482758,965.0424137931034,SITE 4,INT
2026-02-08 15:00:00,23.746333333333332,21.832666666666668,16.974666666666668,41.88888888888889,2.5,8.633333333333333,964.4193333333334,SITE 4,INT
2026-02-08 16:00:00,28.312833333333334,25.326,19.474833333333333,41.88888888888889,2.851851851851852,8.933333333333334,964.0826666666667,SITE 4,INT
2026-02-08 17:00:00,29.332666666666668,26.296,20.215666666666667,41.07407407407408,3.148148148148148,9.533333333333333,964.2080000000001,SITE 4,INT
2026-02-08 18:00:00,47.82716666666667,39.88183333333333,28.862666666666666,38.98148148148149,5.148148148148149,12.5,964.7026666666667,SITE 4,INT
2026-02-08 19:00:00,64.95483333333333,52.693,38.40933333333333,37.2037037037037,5.62962962962963,14.233333333333333,965.3413333333334,SITE 4,INT
2026-02-08 20:00:00,63.126333333333335,51.08616666666667,35.854000000000006,36.092592592592595,5.62962962962963,15.0,966.2003333333333,SITE 4,INT
2026-02-08 21:00:00,61.4005,49.38,35.16583333333333,35.351851851851855,4.833333333333333,14.833333333333334,966.9273333333333,SITE 4,INT
2026-02-08 22:00:00,56.82216666666667,45.83183333333333,32.119,34.72222222222222,5.685185185185186,16.433333333333334,967.0106666666667,SITE 4,INT
2026-02-08 23:00:00,57.213,46.546166666666664,32.806666666666665,34.092592592592595,4.000000000000001,15.033333333333333,966.633,SITE 4,INT
2026-02-09 00:00:00,46.571379310344824,39.208275862068966,28.168793103448277,33.10344827586207,4.75095785440613,16.689655172413794,966.3906896551723,SITE 4,INT
2026-02-09 01:00:00,52.155833333333334,42.82449999999999,30.437,32.111111111111114,4.833333333333333,17.933333333333334,966.1926666666666,SITE 4,INT
2026-02-09 02:00:00,50.9525,41.835,29.592333333333332,31.018518518518523,5.185185185185185,19.5,965.965,SITE 4,INT
2026-02-09 03:00:00,42.02183333333333,35.69766666666667,25.294500000000003,30.14814814814815,5.240740740740741,20.7,965.6056666666667,SITE 4,INT
2026-02-09 04:00:00,38.8715,33.492666666666665,23.674,29.48148148148148,5.12962962962963,21.2,965.8056666666666,SITE 4,INT
2026-02-09 05:00:00,42.0295,35.47816666666667,24.757,28.88888888888889,5.407407407407407,22.6,965.9276666666666,SITE 4,INT
2026-02-09 06:00:00,44.135999999999996,36.708499999999994,25.30816666666667,28.814814814814817,5.907407407407407,23.6,966.2803333333334,SITE 4,INT
2026-02-09 07:00:00,45.231833333333334,37.354,25.629,28.685185185185183,6.296296296296296,24.166666666666668,966.8563333333333,SITE 4,INT
2026-02-09 08:00:00,43.41189655172413,35.96448275862069,24.641206896551726,30.13409961685824,6.53256704980843,22.724137931034484,967.668275862069,SITE 4,INT
2026-02-09 09:00:00,34.49733333333334,29.117833333333333,20.225666666666665,32.38888888888889,6.888888888888889,20.433333333333334,968.1103333333334,SITE 4,INT
2026-02-09 10:00:00,26.714833333333335,22.953166666666668,16.368166666666667,34.5,5.148148148148149,15.933333333333334,967.759,SITE 4,INT
2026-02-09 11:00:00,29.179,24.768833333333337,17.694000000000003,36.833333333333336,5.092592592592593,13.966666666666667,966.9836666666666,SITE 4,INT
2026-02-09 12:00:00,28.8205,24.432833333333335,17.413,38.38888888888889,5.12962962962963,12.766666666666667,966.0373333333333,SITE 4,INT
2026-02-09 13:00:00,23.054666666666666,20.148833333333336,14.490333333333332,39.851851851851855,4.444444444444445,11.266666666666667,964.85,SITE 4,INT
2026-02-09 14:00:00,20.8835,18.592,13.795833333333333,40.777777777777786,4.277777777777778,10.433333333333334,963.7776666666667,SITE 4,INT
2026-02-09 15:00:00,21.442666666666664,19.39333333333333,14.446833333333332,41.55555555555556,3.833333333333334,9.833333333333334,963.091,SITE 4,INT
2026-02-09 16:00:00,27.9405,24.17983333333333,17.198666666666668,41.611111111111114,3.2592592592592595,9.133333333333333,962.8506666666667,SITE 4,INT
2026-02-09 17:00:00,33.77068965517241,28.70948275862069,20.489310344827587,40.651340996168585,3.4291187739463607,9.89655172413793,963.2372413793104,SITE 4,INT
2026-02-09 18:00:00,60.783,50.71116666666667,34.8265,38.7037037037037,5.388888888888889,12.8,963.8103333333333,SITE 4,INT
2026-02-09 19:00:00,94.72116666666666,85.584,60.280499999999996,37.592592592592595,6.666666666666667,14.933333333333334,964.3483333333334,SITE 4,INT
2026-02-09 20:00:00,72.66350000000001,61.64116666666666,44.19833333333334,36.40740740740741,6.296296296296296,15.533333333333333,965.2620000000001,SITE 4,INT
2026-02-09 21:00:00,71.97800000000001,62.131166666666665,44.341,35.44444444444445,5.703703703703704,15.666666666666666,965.9213333333333,SITE 4,INT
2026-02-09 22:00:00,51.18966666666667,41.56766666666667,29.27,34.592592592592595,5.462962962962963,16.2,966.4086666666666,SITE 4,INT
2026-02-09 23:00:00,49.10366666666667,40.354,28.61466666666667,33.72222222222222,4.907407407407407,16.4,966.4476666666667,SITE 4,INT
2026-02-10 00:00:00,47.459999999999994,39.46879310344828,27.994655172413793,32.95019157088122,5.287356321839081,17.482758620689655,965.963448275862,SITE 4,INT
2026-02-10 01:00:00,49.53183333333333,41.9065,29.199333333333335,32.03703703703704,5.166666666666667,18.333333333333332,965.4913333333333,SITE 4,INT
2026-02-10 02:00:00,40.12233333333334,34.5,24.752833333333335,31.333333333333336,5.481481481481481,19.6,965.116,SITE 4,INT
2026-02-10 03:00:00,38.48533333333333,33.087,23.704666666666665,30.61111111111111,5.277777777777778,20.133333333333333,964.9186666666667,SITE 4,INT
2026-02-10 04:00:00,36.0635,30.874000000000002,22.261333333333333,29.85185185185185,5.222222222222222,21.1,964.9883333333333,SITE 4,INT
2026-02-10 05:00:00,41.47633333333333,34.756,24.634166666666665,28.888888888888893,5.12962962962963,21.966666666666665,965.5236666666666,SITE 4,INT
2026-02-10 06:00:00,82.5325,72.929,50.844,28.444444444444446,5.37037037037037,22.966666666666665,966.8353333333333,SITE 4,INT
2026-02-10 07:00:00,100.14533333333334,90.29466666666667,61.35133333333333,29.166666666666668,6.333333333333333,23.7,967.6943333333334,SITE 4,INT
2026-02-10 08:00:00,63.6945,52.96333333333334,36.822,30.314814814814817,6.074074074074074,21.766666666666666,968.4936666666667,SITE 4,INT
2026-02-10 09:00:00,39.6595,33.477833333333336,23.661166666666666,32.2962962962963,5.185185185185185,18.133333333333333,968.545,SITE 4,INT
2026-02-10 10:00:00,28.99383333333333,24.725666666666665,18.048833333333334,34.7962962962963,4.037037037037037,14.466666666666667,968.0716666666667,SITE 4,INT
2026-02-10 11:00:00,30.027241379310343,25.558275862068964,18.665862068965517,36.724137931034484,3.8697318007662838,12.89655172413793,967.4862068965517,SITE 4,INT
2026-02-10 12:00:00,26.454,22.84016666666667,16.814833333333333,38.38888888888889,4.092592592592593,11.733333333333333,966.5973333333333,SITE 4,INT
2026-02-10 13:00:00,25.1405,21.875666666666667,15.984333333333332,39.407407407407405,3.5,10.766666666666667,965.508,SITE 4,INT
2026-02-10 14:00:00,24.14,21.084166666666665,15.484,39.38888888888889,3.111111111111111,10.4,964.6803333333334,SITE 4,INT
2026-02-10 15:00:00,26.010166666666667,22.21033333333333,16.268,39.07407407407407,3.1296296296296293,10.7,964.4086666666666,SITE 4,INT
2026-02-10 16:00:00,29.424333333333333,25.165333333333333,18.21966666666667,38.72222222222222,3.814814814814815,11.4,964.349,SITE 4,INT
2026-02-10 17:00:00,33.823,28.832333333333334,20.811666666666667,37.53703703703704,6.0,14.4,964.5413333333332,SITE 4,INT
2026-02-10 18:00:00,47.377500000000005,38.95166666666667,27.174833333333332,36.370370370370374,6.388888888888889,15.9,965.1136666666666,SITE 4,INT
2026-02-10 19:00:00,67.14316666666667,56.01983333333333,37.19733333333333,35.38888888888889,6.074074074074074,16.133333333333333,965.8676666666667,SITE 4,INT
2026-02-10 20:00:00,54.260666666666665,43.55266666666667,30.413833333333333,34.57407407407407,5.9259259259259265,16.866666666666667,966.7346666666667,SITE 4,INT
2026-02-10 21:00:00,56.50066666666667,45.765,32.60483333333333,33.94444444444445,5.611111111111112,17.0,967.327,SITE 4,INT
2026-02-10 22:00:00,46.450833333333335,38.330666666666666,27.0995,33.38888888888889,5.314814814814814,17.0,967.4906666666667,SITE 4,INT
2026-02-10 23:00:00,47.258793103448276,39.17534482758621,27.814310344827586,33.122605363984675,5.344827586206897,17.06896551724138,967.2675862068966,SITE 4,INT
2026-02-11 00:00:00,47.09866666666667,39.051,27.714499999999997,32.51851851851852,5.0,17.7,966.9586666666667,SITE 4,INT
2026-02-11 01:00:00,43.529666666666664,36.75483333333333,26.276,31.944444444444446,5.018518518518518,18.133333333333333,966.516,SITE 4,INT
2026-02-11 02:00:00,43.013000000000005,36.47933333333334,26.310333333333332,31.351851851851855,4.759259259259259,18.733333333333334,965.9816666666667,SITE 4,INT
2026-02-11 03:00:00,43.35783333333333,36.69783333333333,26.470333333333333,30.740740740740744,4.574074074074074,19.066666666666666,965.833,SITE 4,INT
2026-02-11 04:00:00,65.28883333333333,55.23350000000001,38.2025,29.685185185185183,6.814814814814815,23.766666666666666,966.4273333333333,SITE 4,INT
2026-02-11 05:00:00,62.01916666666667,49.967,35.9865,28.90740740740741,6.740740740740741,24.866666666666667,966.889,SITE 4,INT
2026-02-11 06:00:00,110.23883333333333,100.44666666666667,69.51733333333333,28.925925925925927,7.296296296296297,25.433333333333334,967.404,SITE 4,INT
2026-02-11 07:00:00,129.391,119.51350000000001,81.96149999999999,28.98148148148148,7.907407407407407,26.533333333333335,968.0143333333333,SITE 4,INT
2026-02-11 08:00:00,73.68155172413793,62.92258620689655,45.10310344827586,29.674329501915707,12.183908045977011,34.37931034482759,968.5272413793103,SITE 4,INT
2026-02-11 09:00:00,64.29766666666667,52.49066666666667,37.337833333333336,30.666666666666668,14.148148148148149,36.93333333333333,969.1370000000001,SITE 4,INT
2026-02-11 10:00:00,56.997499999999995,46.0765,32.56133333333334,32.666666666666664,12.962962962962964,30.333333333333332,968.8203333333333,SITE 4,INT
2026-02-11 11:00:00,47.449666666666666,39.38866666666667,28.109166666666667,35.42592592592593,9.74074074074074,21.066666666666666,968.194,SITE 4,INT
2026-02-11 12:00:00,45.90683333333333,38.422333333333334,27.448333333333334,37.64814814814815,9.277777777777777,17.833333333333332,967.1386666666666,SITE 4,INT
2026-02-11 13:00:00,40.915499999999994,34.94233333333333,25.20266666666667,39.092592592592595,9.12962962962963,16.233333333333334,966.1173333333334,SITE 4,INT
2026-02-11 14:00:00,37.535,32.46816666666667,23.601999999999997,39.851851851851855,8.944444444444446,15.366666666666667,965.253,SITE 4,INT
2026-02-11 15:00:00,37.56316666666667,32.407833333333336,23.6085,40.166666666666664,9.12962962962963,15.333333333333334,965.069,SITE 4,INT
2026-02-11 16:00:00,38.008,32.77616666666667,23.790166666666668,40.407407407407405,9.462962962962964,15.433333333333334,965.249,SITE 4,INT
2026-02-11 17:00:00,46.18066666666667,38.25,27.018166666666666,39.22222222222222,9.74074074074074,16.8,965.7003333333333,SITE 4,INT
2026-02-11 18:00:00,73.88983333333334,64.006,46.068666666666665,37.72222222222222,10.407407407407408,19.166666666666668,966.2086666666667,SITE 4,INT
2026-02-11 19:00:00,84.87916666666666,75.85633333333334,53.6205,36.48148148148149,10.648148148148149,20.633333333333333,967.0256666666667,SITE 4,INT
2026-02-11 20:00:00,58.227931034482765,47.00344827586206,33.921551724137935,35.86206896551724,12.011494252873565,23.689655172413794,967.8413793103449,SITE 4,INT
2026-02-11 21:00:00,57.785833333333336,47.087833333333336,33.62883333333333,35.24074074074074,12.111111111111112,24.966666666666665,968.196,SITE 4,INT
2026-02-11 22:00:00,51.3495,41.955000000000005,29.755,34.333333333333336,12.12962962962963,25.966666666666665,968.3983333333333,SITE 4,INT
2026-02-11 23:00:00,62.541000000000004,49.6955,34.87566666666667,33.42592592592593,12.277777777777779,27.833333333333332,968.588,SITE 4,INT
2026-02-12 00:00:00,57.6595,46.38533333333333,32.516666666666666,33.148148148148145,12.537037037037038,28.366666666666667,968.3316666666667,SITE 4,INT
2026-02-12 01:00:00,57.76083333333334,46.385999999999996,32.411500000000004,32.388888888888886,12.666666666666666,30.033333333333335,967.7776666666667,SITE 4,INT
2026-02-12 02:00:00,54.919,44.515499999999996,31.089166666666667,31.722222222222225,14.092592592592592,34.56666666666667,967.465,SITE 4,INT
2026-02-12 03:00:00,54.90933333333333,44.573499999999996,30.9085,30.425925925925927,14.962962962962964,39.36666666666667,967.3296666666666,SITE 4,INT
2026-02-12 04:00:00,55.7995,45.462999999999994,31.507,29.25925925925926,16.333333333333332,46.13333333333333,967.2846666666667,SITE 4,INT
2026-02-12 05:00:00,56.4675,46.084500000000006,31.9845,28.62962962962963,16.72222222222222,49.06666666666667,967.7226666666667,SITE 4,INT
2026-02-12 06:00:00,61.1045,49.036833333333334,34.17666666666666,28.16666666666667,14.981481481481483,44.733333333333334,968.0683333333333,SITE 4,INT
2026-02-12 07:00:00,64.79416666666667,52.852833333333336,37.13616666666667,28.64814814814815,15.777777777777779,45.93333333333333,968.5930000000001,SITE 4,INT
2026-02-12 08:00:00,58.23383333333333,47.23533333333333,32.7785,30.14814814814815,17.85185185185185,48.166666666666664,969.109,SITE 4,INT
2026-02-12 09:00:00,59.30566666666667,48.330333333333336,34.354166666666664,32.351851851851855,17.85185185185185,42.56666666666667,969.3330000000001,SITE 4,INT
2026-02-12 10:00:00,52.51466666666667,43.211666666666666,30.657500000000002,34.72222222222222,17.203703703703702,35.666666666666664,969.001,SITE 4,INT
2026-02-12 11:00:00,44.111666666666665,37.56166666666666,26.718833333333336,37.38888888888889,14.833333333333334,26.466666666666665,968.4159999999999,SITE 4,INT
2026-02-12 12:00:00,42.955689655172414,36.49603448275862,25.862758620689654,39.310344827586206,13.869731800766283,22.24137931034483,967.4210344827586,SITE 4,INT
2026-02-12 13:00:00,36.233,31.172,22.48483333333333,40.72222222222222,11.333333333333334,17.433333333333334,966.3106666666666,SITE 4,INT
2026-02-12 14:00:00,32.716166666666666,28.328,20.868,41.74074074074075,9.555555555555555,14.433333333333334,965.1283333333333,SITE 4,INT
2026-02-12 15:00:00,33.15383333333333,28.60216666666667,21.259833333333333,42.22222222222222,9.351851851851851,13.833333333333334,964.6080000000001,SITE 4,INT
2026-02-12 16:00:00,34.194310344827585,29.752241379310348,22.003620689655172,41.934865900383144,9.731800766283525,14.551724137931034,964.5589655172414,SITE 4,INT
2026-02-12 17:00:00,37.77183333333333,32.5245,23.498333333333335,41.05555555555556,10.037037037037036,15.533333333333333,964.7296666666666,SITE 4,INT
2026-02-12 18:00:00,64.02466666666666,52.73583333333333,36.79866666666667,39.333333333333336,10.333333333333334,17.4,965.1266666666667,SITE 4,INT
2026-02-12 19:00:00,91.07533333333332,83.501,58.057,38.537037037037045,11.277777777777777,19.433333333333334,965.937,SITE 4,INT
2026-02-12 20:00:00,82.72866666666667,74.06883333333333,52.975166666666674,37.48148148148149,10.24074074074074,19.166666666666668,966.6883333333333,SITE 4,INT
2026-02-12 21:00:00,80.12566666666666,70.816,50.32416666666666,36.42592592592593,9.018518518518517,18.8,967.2126666666667,SITE 4,INT
2026-02-12 22:00:00,80.37896551724138,70.4343103448276,50.04362068965517,35.67049808429119,8.773946360153257,19.137931034482758,967.4762068965517,SITE 4,INT
2026-02-12 23:00:00,67.02000000000001,54.718333333333334,39.50016666666667,35.092592592592595,8.62962962962963,19.8,967.4406666666667,SITE 4,INT
2026-02-13 00:00:00,56.45283333333334,45.950500000000005,32.3855,34.25925925925926,8.037037037037038,19.9,967.038,SITE 4,INT
2026-02-13 01:00:00,54.77133333333334,44.416000000000004,31.161166666666666,33.574074074074076,8.425925925925927,21.066666666666666,966.372,SITE 4,INT
2026-02-13 02:00:00,54.26616666666666,43.880833333333335,30.68316666666667,33.148148148148145,9.833333333333334,23.866666666666667,966.045,SITE 4,INT
2026-02-13 03:00:00,51.60066666666667,42.154333333333334,29.397499999999997,31.203703703703702,13.722222222222223,34.9,966.0626666666667,SITE 4,INT
2026-02-13 04:00:00,51.435833333333335,42.11466666666667,29.341833333333334,30.0,16.074074074074073,43.56666666666667,966.3816666666667,SITE 4,INT
2026-02-13 05:00:00,53.93933333333334,43.82,30.419666666666668,29.166666666666668,16.59259259259259,46.93333333333333,966.8140000000001,SITE 4,INT
2026-02-13 06:00:00,55.565666666666665,45.42016666666667,32.046,29.333333333333332,17.11111111111111,48.1,967.5376666666667,SITE 4,INT
2026-02-13 07:00:00,71.3,60.99733333333334,43.134,29.87037037037037,17.185185185185183,47.1,968.294,SITE 4,INT
2026-02-13 08:00:00,50.84133333333333,42.17666666666666,29.94066666666667,30.074074074074076,18.722222222222225,51.1,968.955,SITE 4,INT
2026-02-13 09:00:00,50.6525,42.202999999999996,30.132,31.055555555555557,19.314814814814817,50.03333333333333,969.3186666666667,SITE 4,INT
2026-02-13 10:00:00,50.873333333333335,41.98983333333333,30.005333333333333,33.2962962962963,19.351851851851855,44.13333333333333,968.9286666666667,SITE 4,INT
2026-02-13 11:00:00,48.07120689655173,40.18913793103449,28.938793103448276,35.47892720306513,18.71647509578544,37.48275862068966,968.04,SITE 4,INT
2026-02-13 12:00:00,46.51166666666666,39.7045,28.921166666666668,37.2962962962963,17.48148148148148,31.4,967.288,SITE 4,INT
2026-02-13 13:00:00,38.99183333333334,33.8735,24.650666666666666,39.05555555555556,15.75925925925926,25.533333333333335,966.1826666666667,SITE 4,INT
2026-02-13 14:00:00,36.14333333333333,31.442833333333333,23.078,40.62962962962963,14.12962962962963,21.066666666666666,964.8593333333333,SITE 4,INT
2026-02-13 15:00:00,35.263000000000005,30.589,22.31066666666667,41.092592592592595,12.666666666666666,18.5,964.1039999999999,SITE 4,INT
2026-02-13 16:00:00,34.83416666666667,30.137333333333334,21.948333333333334,41.31481481481482,11.740740740740742,17.2,963.7303333333333,SITE 4,INT
2026-02-13 17:00:00,33.46183333333333,28.693833333333334,20.878,40.53703703703704,11.351851851851851,17.533333333333335,963.5046666666666,SITE 4,INT
2026-02-13 18:00:00,56.2405,46.129,31.8175,38.75925925925926,11.981481481481483,20.133333333333333,963.557,SITE 4,INT
2026-02-13 19:00:00,138.52883333333332,127.173,85.39366666666666,37.68518518518519,13.0,22.9,964.1123333333333,SITE 4,INT
2026-02-13 20:00:00,118.075,107.5765,73.75483333333334,37.092592592592595,13.685185185185185,24.8,965.131,SITE 4,INT
2026-02-13 21:00:00,58.61516666666667,47.742,34.54216666666667,36.40740740740741,14.0,26.133333333333333,965.8413333333334,SITE 4,INT
2026-02-13 22:00:00,46.75948275862069,39.17086206896551,28.090689655172415,35.57471264367816,14.559386973180077,28.586206896551722,965.9951724137932,SITE 4,INT
2026-02-13 23:00:00,47.75816666666667,39.41716666666666,27.810166666666664,34.7962962962963,15.12962962962963,31.033333333333335,966.128,SITE 4,INT
2026-02-14 00:00:00,43.592,37.10216666666667,26.762166666666666,34.05555555555556,15.203703703703702,32.5,966.0550000000001,SITE 4,INT
2026-02-14 01:00:00,41.80566666666667,35.947,26.066,32.7962962962963,17.296296296296298,39.86666666666667,965.5473333333333,SITE 4,INT
2026-02-14 02:00:00,42.98266666666667,36.67633333333333,26.3885,31.90740740740741,18.074074074074076,44.36666666666667,965.1533333333333,SITE 4,INT
2026-02-14 03:00:00,42.207166666666666,36.36566666666667,26.113833333333332,29.944444444444446,18.64814814814815,51.166666666666664,965.1066666666667,SITE 4,INT
2026-02-14 04:00:00,41.861,36.22933333333333,25.872,29.574074074074076,18.77777777777778,52.46666666666667,965.268,SITE 4,INT
2026-02-14 05:00:00,41.79603448275862,36.09896551724138,25.798793103448276,29.712643678160923,18.73563218390805,51.96551724137931,965.4124137931034,SITE 4,INT
2026-02-14 06:00:00,48.0385,40.24183333333334,28.7075,29.425925925925927,19.01851851851852,53.733333333333334,965.806,SITE 4,INT
2026-02-14 07:00:00,49.705333333333336,41.23233333333334,29.021833333333333,29.03703703703704,19.222222222222225,55.93333333333333,966.5503333333332,SITE 4,INT
2026-02-14 08:00:00,48.07216666666667,40.325,28.23483333333333,28.574074074074076,20.11111111111111,60.93333333333333,967.5106666666667,SITE 4,INT
2026-02-14 09:00:00,46.849833333333336,39.49766666666666,28.405166666666666,30.77777777777778,20.185185185185183,53.733333333333334,967.8773333333334,SITE 4,INT
2026-02-14 10:00:00,47.361666666666665,39.777833333333334,28.74683333333333,32.68518518518518,19.85185185185185,47.13333333333333,967.6753333333332,SITE 4,INT
2026-02-14 11:00:00,45.22533333333333,38.49933333333333,27.747166666666665,34.53703703703704,19.814814814814817,42.233333333333334,967.0386666666667,SITE 4,INT
2026-02-14 12:00:00,44.53033333333334,37.85733333333334,27.813499999999998,36.55555555555556,19.01851851851852,36.06666666666667,965.7643333333333,SITE 4,INT
2026-02-14 13:00:00,38.743500000000004,33.38966666666666,24.631833333333336,38.5,16.037037037037038,26.833333333333332,964.5323333333333,SITE 4,INT
2026-02-14 14:00:00,39.150862068965516,33.85448275862069,24.91758620689655,40.11494252873563,14.367816091954024,21.896551724137932,963.3865517241379,SITE 4,INT
2026-02-14 15:00:00,38.3305,33.01583333333333,24.363,40.96296296296296,14.12962962962963,20.666666666666668,962.3526666666668,SITE 4,INT
2026-02-14 16:00:00,37.527,32.47383333333333,23.954833333333333,41.51851851851852,13.685185185185185,19.366666666666667,962.0,SITE 4,INT
2026-02-14 17:00:00,37.50233333333333,32.17766666666667,23.729333333333333,40.833333333333336,12.555555555555555,18.7,962.0603333333333,SITE 4,INT
2026-02-14 18:00:00,66.12516666666667,56.62566666666667,40.145833333333336,39.03703703703704,12.74074074074074,20.9,962.6503333333333,SITE 4,INT
2026-02-14 19:00:00,88.08083333333335,79.643,56.12983333333333,38.111111111111114,13.944444444444446,23.766666666666666,963.4976666666666,SITE 4,INT
2026-02-14 20:00:00,126.8725,115.84883333333333,76.75,37.51851851851852,14.148148148148149,25.033333333333335,964.444,SITE 4,INT
2026-02-14 21:00:00,129.34816666666666,119.31649999999999,81.68133333333334,36.777777777777786,14.333333333333334,26.466666666666665,965.1226666666666,SITE 4,INT
2026-02-14 22:00:00,72.96783333333333,63.6955,46.00183333333334,35.7962962962963,14.518518518518517,28.066666666666666,965.3086666666666,SITE 4,INT
2026-02-14 23:00:00,45.27383333333333,37.92016666666667,26.981333333333335,34.648148148148145,14.444444444444445,29.733333333333334,965.2393333333333,SITE 4,INT
2026-02-15 00:00:00,48.905,40.920833333333334,29.061833333333333,33.20370370370371,15.981481481481483,35.733333333333334,964.8073333333334,SITE 4,INT
2026-02-15 01:00:00,51.182833333333335,42.37733333333333,30.225666666666665,33.01851851851852,16.833333333333332,38.4,964.6616666666666,SITE 4,INT
2026-02-15 02:00:00,46.24733333333334,39.25033333333333,28.409166666666668,31.77777777777778,17.592592592592595,43.06666666666667,964.8366666666666,SITE 4,INT
2026-02-15 03:00:00,46.23706896551724,39.0803448275862,28.503275862068968,31.16858237547893,17.739463601532567,44.793103448275865,965.001724137931,SITE 4,INT
2026-02-15 04:00:00,41.191833333333335,35.5045,25.841,30.462962962962965,17.833333333333332,47.13333333333333,964.999,SITE 4,INT
2026-02-15 05:00:00,41.30266666666667,35.667833333333334,25.962333333333333,29.444444444444446,18.166666666666668,50.86666666666667,965.1829999999999,SITE 4,INT
2026-02-15 06:00:00,42.952999999999996,37.0075,26.7335,29.25925925925926,18.48148148148148,52.6,965.802,SITE 4,INT
2026-02-15 07:00:00,47.27633333333333,39.77833333333333,28.441166666666668,29.037037037037035,18.351851851851855,52.733333333333334,966.4503333333333,SITE 4,INT
2026-02-15 08:00:00,46.66758620689655,39.44948275862069,28.517413793103447,30.076628352490424,19.02298850574713,52.241379310344826,967.0886206896552,SITE 4,INT
2026-02-15 09:00:00,42.760666666666665,36.58116666666667,26.325,31.16666666666667,19.62962962962963,50.8,967.5286666666667,SITE 4,INT
2026-02-15 10:00:00,41.25216666666667,35.573,26.067166666666665,31.88888888888889,19.666666666666668,48.733333333333334,967.6826666666667,SITE 4,INT
2026-02-15 11:00:00,45.248333333333335,39.25566666666667,26.726666666666667,33.62962962962963,19.666666666666668,44.233333333333334,967.1856666666666,SITE 4,INT
2026-02-15 12:00:00,43.51733333333333,37.69016666666666,27.12,35.2962962962963,19.351851851851855,39.5,966.1896666666667,SITE 4,INT
2026-02-15 13:00:00,42.035999999999994,36.31033333333333,26.791999999999998,37.57407407407407,18.98148148148148,33.8,965.3683333333333,SITE 4,INT
2026-02-15 14:00:00,39.93,34.46896551724138,25.396724137931034,38.5632183908046,18.390804597701152,31.0,964.393103448276,SITE 4,INT
2026-02-15 15:00:00,52.57716666666667,40.80983333333334,26.977666666666668,39.12962962962963,18.055555555555557,29.4,963.7423333333334,SITE 4,INT
2026-02-15 16:00:00,44.18116666666666,36.68566666666666,25.836166666666667,32.81481481481482,18.666666666666668,44.03333333333333,965.2479999999999,SITE 4,INT
2026-02-15 17:00:00,57.495999999999995,48.208333333333336,35.42916666666667,32.148148148148145,20.074074074074076,49.333333333333336,965.6036666666666,SITE 4,INT
2026-02-15 18:00:00,31.636000000000003,27.581166666666668,21.078166666666668,29.51851851851852,18.833333333333332,53.1,966.3116666666666,SITE 4,INT
2026-02-15 19:00:00,29.47344827586207,25.717241379310344,19.907241379310342,27.08812260536399,17.643678160919542,56.86206896551724,966.7593103448276,SITE 4,INT
2026-02-15 20:00:00,34.91166666666666,30.240833333333335,22.62066666666667,27.703703703703702,18.814814814814817,58.93333333333333,968.802,SITE 4,INT
2026-02-15 21:00:00,35.52883333333333,30.375833333333333,22.180666666666664,27.85185185185185,19.703703703703706,61.766666666666666,970.2743333333333,SITE 4,INT
2026-02-15 22:00:00,40.5555,35.00966666666667,25.34916666666667,28.370370370370374,20.53703703703704,63.1,971.2543333333334,SITE 4,INT
2026-02-15 23:00:00,38.98066666666667,33.74316666666667,24.591833333333334,28.574074074074076,20.574074074074076,62.266666666666666,970.76,SITE 4,INT
2026-02-16 00:00:00,39.78068965517242,34.41241379310345,25.06551724137931,28.390804597701152,20.45977011494253,62.689655172413794,969.0131034482758,SITE 4,INT
2026-02-16 01:00:00,35.93983333333333,31.107000000000003,23.029999999999998,28.62962962962963,19.51851851851852,58.5,967.2700000000001,SITE 4,INT
2026-02-16 02:00:00,38.18866666666667,32.90716666666667,24.471999999999998,29.425925925925927,19.833333333333332,56.7,966.4789999999999,SITE 4,INT
2026-02-16 03:00:00,41.393,35.6145,25.809166666666666,29.018518518518523,20.222222222222225,59.9,966.751,SITE 4,INT
2026-02-16 04:00:00,52.11,43.428,30.473166666666664,28.333333333333336,20.055555555555554,61.5,967.0300000000001,SITE 4,INT
2026-02-16 05:00:00,56.310344827586206,47.175862068965515,32.36931034482759,28.103448275862068,19.770114942528735,61.13793103448276,967.4196551724139,SITE 4,INT
2026-02-16 06:00:00,48.94533333333333,39.89966666666667,27.270333333333333,28.092592592592595,17.962962962962965,54.8,968.321,SITE 4,INT
2026-02-16 07:00:00,56.729166666666664,44.0235,28.097833333333334,28.53703703703704,12.925925925925926,38.7,969.2296666666666,SITE 4,INT
2026-02-16 08:00:00,61.1775,44.75983333333333,27.182666666666666,29.14814814814815,10.444444444444445,31.566666666666666,970.0603333333333,SITE 4,INT
2026-02-16 09:00:00,60.03183333333333,42.59616666666667,23.481833333333334,30.425925925925927,7.703703703703704,24.166666666666668,970.507,SITE 4,INT
2026-02-16 10:00:00,54.290689655172415,38.89689655172414,21.392241379310345,32.35632183908046,6.85823754789272,20.275862068965516,970.4986206896551,SITE 4,INT
2026-02-16 11:00:00,48.983333333333334,35.94883333333333,19.83083333333333,34.18518518518519,6.240740740740741,17.633333333333333,969.7263333333334,SITE 4,INT
2026-02-16 12:00:00,45.7405,34.07666666666667,19.233,36.07407407407408,5.555555555555555,14.933333333333334,968.6496666666667,SITE 4,INT
2026-02-16 13:00:00,38.788000000000004,29.412,17.456666666666667,37.68518518518519,4.166666666666667,12.3,967.453,SITE 4,INT
2026-02-16 14:00:00,39.333499999999994,29.874166666666667,18.087666666666667,38.611111111111114,4.296296296296296,11.866666666666667,966.5326666666666,SITE 4,INT
2026-02-16 15:00:00,43.34166666666667,33.119,19.701666666666664,38.75925925925926,4.814814814814815,12.133333333333333,966.0116666666667,SITE 4,INT
2026-02-16 16:00:00,45.718666666666664,34.466166666666666,20.005,37.57407407407407,5.555555555555556,13.766666666666667,965.9363333333333,SITE 4,INT
2026-02-16 17:00:00,49.7751724137931,37.35120689655172,21.83362068965517,36.95402298850575,6.743295019157089,15.551724137931034,966.0558620689654,SITE 4,INT
2026-02-16 18:00:00,58.74016666666667,43.99933333333333,26.8265,35.90740740740741,8.203703703703704,18.233333333333334,966.6083333333333,SITE 4,INT
2026-02-16 19:00:00,92.16983333333333,77.59483333333333,48.070166666666665,34.75925925925926,8.611111111111112,20.1,967.3376666666667,SITE 4,INT
2026-02-16 20:00:00,101.18783333333334,86.24466666666667,51.183166666666665,34.00000000000001,8.222222222222223,20.3,968.298,SITE 4,INT
2026-02-16 21:00:00,76.19866666666667,60.624500000000005,37.15866666666667,33.88888888888889,8.555555555555555,20.9,968.974,SITE 4,INT
2026-02-16 22:00:00,56.66233333333333,42.281,25.764,33.50000000000001,7.611111111111112,20.133333333333333,968.9566666666667,SITE 4,INT
2026-02-16 23:00:00,53.873000000000005,40.040499999999994,23.990000000000002,32.72222222222222,7.351851851851852,20.633333333333333,968.812,SITE 4,INT
2026-02-17 00:00:00,56.017500000000005,40.96383333333333,24.025333333333332,32.25925925925926,4.796296296296296,17.733333333333334,968.4666666666667,SITE 4,INT
2026-02-17 01:00:00,53.756,39.36833333333333,22.794666666666668,31.85185185185185,4.685185185185186,18.0,967.9826666666667,SITE 4,INT
2026-02-17 02:00:00,54.17616666666667,40.128166666666665,23.899166666666666,31.000000000000004,7.87037037037037,23.633333333333333,967.4523333333333,SITE 4,INT
2026-02-17 03:00:00,58.196,43.407333333333334,26.371,30.12962962962963,9.0,26.833333333333332,967.2633333333334,SITE 4,INT
2026-02-17 04:00:00,60.28866666666667,44.508500000000005,26.979166666666668,29.12962962962963,7.388888888888889,25.666666666666668,967.5316666666666,SITE 4,INT
2026-02-17 05:00:00,53.45366666666666,39.58883333333333,23.322666666666667,28.64814814814815,0.7037037037037037,16.333333333333332,967.8520000000001,SITE 4,INT
2026-02-17 06:00:00,54.48683333333334,40.40383333333333,24.09733333333333,28.518518518518523,0.5,16.066666666666666,968.068,SITE 4,INT
2026-02-17 07:00:00,57.48879310344827,42.55293103448276,25.38310344827586,28.65900383141763,-0.8237547892720307,14.448275862068966,968.5131034482758,SITE 4,INT
2026-02-17 08:00:00,54.667500000000004,39.93183333333333,22.94516666666667,28.77777777777778,-2.3333333333333335,12.766666666666667,969.147,SITE 4,INT
2026-02-17 09:00:00,53.27833333333333,38.98533333333333,22.092666666666666,30.185185185185183,-2.111111111111111,12.0,969.6243333333333,SITE 4,INT
2026-02-17 10:00:00,51.691,37.635999999999996,20.603,32.092592592592595,-1.277777777777778,11.4,969.4786666666666,SITE 4,INT
2026-02-17 11:00:00,50.873666666666665,37.0015,20.006166666666665,33.870370370370374,-1.1851851851851853,10.2,968.5883333333334,SITE 4,INT
2026-02-17 12:00:00,50.31933333333333,36.64066666666667,20.02316666666667,35.62962962962963,-0.2592592592592593,10.033333333333333,967.539,SITE 4,INT
2026-02-17 13:00:00,49.635666666666665,36.06516666666666,19.417666666666666,37.0,-0.5555555555555556,9.133333333333333,966.304,SITE 4,INT
2026-02-17 14:00:00,49.95275862068966,36.380517241379316,19.73862068965517,37.509578544061306,-0.8429118773946361,8.586206896551724,965.2858620689656,SITE 4,INT
2026-02-17 15:00:00,50.12616666666667,36.22566666666667,19.6175,38.166666666666664,-0.5555555555555556,8.3,964.814,SITE 4,INT
2026-02-17 16:00:00,50.50983333333333,36.93933333333334,20.428833333333333,38.2962962962963,-0.20370370370370372,8.766666666666667,964.6673333333333,SITE 4,INT
2026-02-17 17:00:00,53.77416666666667,39.385,22.743333333333332,37.592592592592595,0.5740740740740741,9.533333333333333,964.7696666666667,SITE 4,INT
2026-02-17 18:00:00,79.33133333333333,63.68383333333334,40.617,36.277777777777786,2.62962962962963,12.033333333333333,965.6080000000001,SITE 4,INT
2026-02-17 19:00:00,94.63216666666668,81.31366666666666,52.815666666666665,35.18518518518519,4.074074074074074,14.166666666666666,966.2563333333333,SITE 4,INT
2026-02-17 20:00:00,87.489,73.06166666666667,47.70316666666667,34.77777777777778,5.833333333333333,16.466666666666665,966.8933333333333,SITE 4,INT
2026-02-17 21:00:00,102.48783333333334,86.73216666666667,54.17183333333333,33.851851851851855,6.888888888888889,18.866666666666667,967.3866666666667,SITE 4,INT
2026-02-17 22:00:00,69.90057692307693,52.95903846153846,32.455769230769235,32.9059829059829,5.961538461538462,18.53846153846154,967.5311538461538,SITE 4,INT
2026-02-17 23:00:00,64.57333333333334,48.373666666666665,30.10216666666667,32.148148148148145,6.018518518518519,19.566666666666666,967.2803333333334,SITE 4,INT
2026-02-18 00:00:00,61.79316666666667,45.92550000000001,28.163666666666664,31.98148148148148,5.703703703703704,19.2,966.9973333333332,SITE 4,INT
2026-02-18 01:00:00,57.09,42.183,25.707666666666668,31.425925925925927,3.6296296296296293,17.266666666666666,966.5840000000001,SITE 4,INT
2026-02-18 02:00:00,56.195166666666665,41.662166666666664,25.325499999999998,30.796296296296298,1.3703703703703705,15.1,966.3266666666666,SITE 4,INT
2026-02-18 03:00:00,61.6135,45.2875,27.596999999999998,30.037037037037035,-1.3703703703703705,12.766666666666667,965.929,SITE 4,INT
2026-02-18 04:00:00,65.75633333333333,47.789833333333334,28.7535,29.48148148148148,-2.5,12.066666666666666,965.8793333333334,SITE 4,INT
2026-02-18 05:00:00,67.212,48.30233333333333,28.52,29.12962962962963,-2.2037037037037037,12.8,966.2236666666666,SITE 4,INT
2026-02-18 06:00:00,70.92216666666667,51.67766666666667,30.833166666666667,28.5,-1.5370370370370372,13.833333333333334,966.5,SITE 4,INT
2026-02-18 07:00:00,78.69866666666667,59.618,36.4725,28.25925925925926,-0.09259259259259259,15.7,966.9646666666666,SITE 4,INT
2026-02-18 08:00:00,73.91333333333334,54.35333333333333,32.46516666666667,29.37037037037037,0.03703703703703704,14.8,967.6596666666667,SITE 4,INT
2026-02-18 09:00:00,69.14838709677419,49.50725806451613,28.730483870967742,31.093189964157705,0.2688172043010753,13.612903225806452,967.9206451612904,SITE 4,INT
2026-02-18 10:00:00,73.883,54.37533333333333,30.6085,33.351851851851855,0.18518518518518517,11.966666666666667,967.8116666666666,SITE 4,INT
2026-02-18 11:00:00,64.70966666666666,45.73916666666666,25.419666666666668,35.2037037037037,0.5185185185185186,10.9,967.171,SITE 4,INT
2026-02-18 12:00:00,63.54366666666667,44.82,24.467333333333332,36.72222222222222,0.29629629629629634,9.866666666666667,966.0866666666666,SITE 4,INT
2026-02-18 13:00:00,60.8455,42.64816666666666,22.9045,38.03703703703704,-0.7777777777777779,8.333333333333334,965.0756666666667,SITE 4,INT
2026-02-18 14:00:00,59.62396551724138,42.02551724137931,22.721379310344826,39.13793103448276,-0.5172413793103449,8.0,964.2379310344828,SITE 4,INT
2026-02-18 15:00:00,58.294666666666664,41.34566666666667,22.406000000000002,39.81481481481481,-0.8333333333333334,7.6,963.6693333333334,SITE 4,INT
2026-02-18 16:00:00,58.899166666666666,42.3745,23.687333333333335,39.72222222222222,-0.05555555555555556,7.933333333333334,963.4506666666667,SITE 4,INT
2026-02-18 17:00:00,59.756,43.56783333333333,25.911166666666666,38.48148148148149,1.4074074074074074,9.666666666666666,963.8096666666667,SITE 4,INT
2026-02-18 18:00:00,77.0515,60.35033333333333,37.604166666666664,37.18518518518519,4.296296296296296,12.833333333333334,964.3276666666667,SITE 4,INT
2026-02-18 19:00:00,100.95416666666667,84.9345,54.477666666666664,36.037037037037045,5.148148148148149,14.5,964.677,SITE 4,INT
2026-02-18 20:00:00,101.9125,85.9315,53.667833333333334,35.148148148148145,5.111111111111112,15.4,965.1896666666667,SITE 4,INT
2026-02-18 21:00:00,93.93133333333334,77.67866666666667,48.1815,34.38888888888889,4.888888888888888,15.733333333333333,965.99,SITE 4,INT
2026-02-18 22:00:00,76.273,58.4205,37.1175,33.62962962962963,4.62962962962963,16.066666666666666,966.2346666666667,SITE 4,INT
2026-02-18 23:00:00,74.64983333333333,57.803666666666665,36.94216666666667,32.87037037037037,4.481481481481482,16.633333333333333,966.2270000000001,SITE 4,INT
2026-02-19 00:00:00,65.79568965517241,48.73258620689655,30.285689655172412,32.22222222222222,4.597701149425288,17.413793103448278,966.0055172413793,SITE 4,INT
2026-02-19 01:00:00,60.46333333333334,44.89116666666666,27.694833333333335,31.61111111111111,3.555555555555556,16.933333333333334,965.5976666666667,SITE 4,INT
2026-02-19 02:00:00,64.87066666666666,48.67916666666667,30.813333333333333,30.833333333333336,3.925925925925926,18.0,965.133,SITE 4,INT
2026-02-19 03:00:00,70.81283333333334,54.42283333333333,35.63883333333333,30.40740740740741,4.148148148148149,18.9,965.0043333333334,SITE 4,INT
2026-02-19 04:00:00,70.493,54.44166666666667,35.899499999999996,29.796296296296298,3.7222222222222223,18.933333333333334,965.0416666666666,SITE 4,INT
2026-02-19 05:00:00,68.232,52.84283333333334,35.303,29.444444444444446,2.7962962962962963,18.066666666666666,965.173,SITE 4,INT
2026-02-19 06:00:00,70.99849999999999,56.19883333333333,37.044666666666664,29.444444444444446,2.314814814814815,17.5,965.6883333333334,SITE 4,INT
2026-02-19 07:00:00,70.11266666666667,54.876,36.508500000000005,29.77777777777778,2.2777777777777777,17.0,966.2706666666667,SITE 4,INT
2026-02-19 08:00:00,59.27433333333333,45.30916666666667,29.382833333333334,30.62962962962963,0.8333333333333334,14.5,966.961,SITE 4,INT
2026-02-19 09:00:00,52.75033333333333,40.551,25.9955,32.31481481481482,-0.46296296296296297,12.033333333333333,967.287,SITE 4,INT
2026-02-19 10:00:00,42.324,33.721333333333334,21.98616666666667,34.38888888888889,-1.2592592592592593,9.933333333333334,967.256,SITE 4,INT
2026-02-19 11:00:00,39.209666666666664,31.677500000000002,20.794333333333334,36.333333333333336,-1.0370370370370372,9.033333333333333,966.689,SITE 4,INT
2026-02-19 12:00:00,38.55566666666667,31.165333333333333,20.720833333333335,37.96296296296296,-2.240740740740741,7.533333333333333,965.702,SITE 4,INT
2026-02-19 13:00:00,38.79533333333333,30.983333333333334,20.046,39.27777777777778,-2.740740740740741,6.7,964.7023333333333,SITE 4,INT
2026-02-19 14:00:00,38.20933333333333,30.797166666666666,19.891333333333332,40.25925925925926,-2.9259259259259256,6.033333333333333,963.813,SITE 4,INT
2026-02-19 15:00:00,40.41266666666666,32.5735,21.165333333333333,41.092592592592595,-2.611111111111111,6.0,963.0443333333333,SITE 4,INT
2026-02-19 16:00:00,39.664833333333334,31.9085,20.719833333333334,40.851851851851855,-2.2777777777777777,6.333333333333333,962.8546666666666,SITE 4,INT
2026-02-19 17:00:00,44.5705,35.582,23.344333333333335,39.7962962962963,-1.425925925925926,7.3,963.1033333333332,SITE 4,INT
2026-02-19 18:00:00,67.98967741935483,56.30467741935484,38.33854838709677,38.13620071684588,2.1863799283154126,10.483870967741936,963.611935483871,SITE 4,INT
2026-02-19 19:00:00,102.82950000000001,93.43666666666667,64.34049999999999,36.81481481481482,3.555555555555556,12.4,964.2803333333334,SITE 4,INT
2026-02-19 20:00:00,125.56866666666666,115.73733333333332,81.39066666666666,35.7037037037037,3.9074074074074074,13.5,965.1853333333333,SITE 4,INT
2026-02-19 21:00:00,80.03716666666666,68.48766666666667,48.035333333333334,34.833333333333336,2.944444444444444,13.3,965.981,SITE 4,INT
2026-02-19 22:00:00,81.27483333333333,69.54966666666665,47.38583333333334,34.12962962962963,3.2222222222222223,14.066666666666666,966.3496666666667,SITE 4,INT
2026-02-19 23:00:00,66.75833333333334,53.7915,37.92516666666667,33.333333333333336,2.7777777777777777,14.333333333333334,966.4140000000001,SITE 4,INT
2026-02-20 00:00:00,60.897166666666664,48.11266666666667,33.93266666666667,32.55555555555556,2.740740740740741,15.0,966.1606666666667,SITE 4,INT
2026-02-20 01:00:00,55.169,43.82066666666667,30.717,32.092592592592595,2.2777777777777777,14.9,965.704,SITE 4,INT
2026-02-20 02:00:00,56.358333333333334,45.12983333333333,32.2795,31.27777777777778,1.3703703703703705,14.6,965.3919999999999,SITE 4,INT
2026-02-20 03:00:00,51.25633333333334,41.545833333333334,29.246166666666667,30.462962962962965,1.3703703703703705,15.1,965.3943333333334,SITE 4,INT
2026-02-20 04:00:00,87.30850000000001,77.96083333333333,55.44283333333333,29.388888888888893,1.9444444444444444,17.033333333333335,965.785,SITE 4,INT
2026-02-20 05:00:00,133.99216666666666,125.22383333333333,85.92716666666666,28.40740740740741,3.8148148148148153,20.666666666666668,965.978,SITE 4,INT
2026-02-20 06:00:00,102.4855,94.55183333333333,65.66616666666667,28.31481481481482,1.4444444444444444,17.566666666666666,966.3263333333333,SITE 4,INT
2026-02-20 07:00:00,114.34883333333333,105.43816666666666,72.11966666666667,28.574074074074076,1.1296296296296298,16.8,967.1063333333333,SITE 4,INT
2026-02-20 08:00:00,113.2175,104.51466666666667,70.78633333333333,29.98148148148148,1.0,15.366666666666667,967.8076666666667,SITE 4,INT
2026-02-20 09:00:00,74.74883333333334,63.91583333333334,45.522000000000006,32.22222222222222,2.8703703703703707,15.566666666666666,968.3773333333334,SITE 4,INT
2026-02-20 10:00:00,58.535806451612906,45.87596774193548,31.962580645161292,33.90681003584229,10.232974910394265,23.548387096774192,968.3812903225806,SITE 4,INT
2026-02-20 11:00:00,57.22483333333333,45.40883333333333,31.523000000000003,36.05555555555556,7.185185185185186,17.033333333333335,967.84,SITE 4,INT
2026-02-20 12:00:00,61.96816666666667,49.066833333333335,33.27483333333333,37.72222222222222,4.388888888888888,12.633333333333333,966.9653333333333,SITE 4,INT
2026-02-20 13:00:00,37.99133333333334,30.741666666666667,20.05816666666667,39.2037037037037,-1.6111111111111112,7.4,965.956,SITE 4,INT
2026-02-20 14:00:00,40.549499999999995,33.12416666666667,22.083666666666666,40.166666666666664,-3.0740740740740744,6.1,965.0849999999999,SITE 4,INT
2026-02-20 15:00:00,41.77633333333333,34.39116666666666,23.240166666666667,41.25925925925926,-3.2592592592592595,5.7,964.4453333333333,SITE 4,INT
2026-02-20 16:00:00,38.984,32.021,21.5665,41.38888888888889,-2.7592592592592595,5.9,964.1006666666667,SITE 4,INT
2026-02-20 17:00:00,40.042500000000004,32.56466666666667,21.863,40.333333333333336,-2.2592592592592595,6.533333333333333,964.0923333333334,SITE 4,INT
2026-02-20 18:00:00,71.07583333333334,59.36983333333333,40.634,38.31481481481482,0.2222222222222222,9.1,964.3126666666667,SITE 4,INT
2026-02-20 19:00:00,127.34016666666666,117.87816666666666,80.0045,36.68518518518519,2.851851851851852,11.833333333333334,964.8919999999999,SITE 4,INT
2026-02-20 20:00:00,116.9455,108.09133333333332,75.98150000000001,35.592592592592595,2.7962962962962963,12.633333333333333,965.8663333333334,SITE 4,INT
2026-02-20 21:00:00,111.02216666666666,101.82183333333333,71.1805,34.98148148148148,3.277777777777778,13.466666666666667,966.8033333333333,SITE 4,INT
2026-02-20 22:00:00,101.53866666666666,92.44816666666667,63.531166666666664,34.03703703703704,3.240740740740741,14.233333333333333,967.1833333333333,SITE 4,INT
2026-02-20 23:00:00,112.79783333333333,103.01416666666667,70.5145,33.370370370370374,3.185185185185185,14.8,967.0846666666667,SITE 4,INT
2026-02-21 00:00:00,80.32306451612902,70.18645161290321,49.994677419354836,32.81362007168459,2.7240143369175627,14.806451612903226,966.9722580645162,SITE 4,INT
2026-02-21 01:00:00,59.10616666666667,47.16766666666667,34.164833333333334,31.944444444444446,1.9444444444444444,14.7,966.52,SITE 4,INT
2026-02-21 02:00:00,49.05016666666667,40.11300000000001,28.301333333333332,31.425925925925927,1.4074074074074074,14.533333333333333,966.0193333333334,SITE 4,INT
2026-02-21 03:00:00,52.9195,43.64033333333334,31.534333333333333,30.740740740740744,0.9259259259259259,14.666666666666666,965.954,SITE 4,INT
2026-02-21 04:00:00,93.85233333333333,86.10266666666666,60.914,29.240740740740744,3.314814814814815,18.9,966.346,SITE 4,INT
2026-02-21 05:00:00,78.18966666666667,67.99499999999999,49.144,29.14814814814815,2.240740740740741,17.6,966.524,SITE 4,INT
2026-02-21 06:00:00,98.74466666666667,89.76033333333334,63.20083333333333,28.88888888888889,2.0,17.633333333333333,967.2563333333333,SITE 4,INT
2026-02-21 07:00:00,103.51849999999999,95.12566666666666,65.32466666666667,29.240740740740744,2.8333333333333335,18.3,967.9503333333333,SITE 4,INT
2026-02-21 08:00:00,106.93666666666667,97.42450000000001,66.322,30.40740740740741,4.592592592592593,19.6,968.6843333333333,SITE 4,INT
2026-02-21 09:00:00,71.92433333333334,60.61266666666667,42.80866666666667,32.148148148148145,10.944444444444446,27.566666666666666,969.2013333333333,SITE 4,INT
2026-02-21 10:00:00,58.31783333333333,45.827666666666666,32.54116666666667,34.111111111111114,13.722222222222223,29.366666666666667,969.2293333333333,SITE 4,INT
2026-02-21 11:00:00,50.269999999999996,40.3395,27.777833333333334,36.42592592592593,9.555555555555555,19.533333333333335,968.6473333333332,SITE 4,INT
2026-02-21 12:00:00,45.46966666666666,36.85,25.043833333333335,38.092592592592595,9.574074074074074,17.733333333333334,967.7393333333333,SITE 4,INT
2026-02-21 13:00:00,42.91612903225807,34.8658064516129,23.455322580645163,39.10394265232975,9.050179211469533,16.193548387096776,966.8477419354838,SITE 4,INT
2026-02-21 14:00:00,38.56066666666666,31.421499999999998,21.531333333333336,40.27777777777778,4.351851851851852,10.933333333333334,965.8123333333333,SITE 4,INT
2026-02-21 15:00:00,36.152833333333334,29.630999999999997,20.744666666666667,41.333333333333336,0.37037037037037035,7.7,965.075,SITE 4,INT
2026-02-21 16:00:00,36.454166666666666,29.805666666666664,21.061833333333333,41.592592592592595,-1.222222222222222,6.6,964.8863333333334,SITE 4,INT
2026-02-21 17:00:00,50.571333333333335,40.614000000000004,28.3475,40.27777777777778,-0.6666666666666666,7.466666666666667,964.879,SITE 4,INT
2026-02-21 18:00:00,67.7315,55.34733333333334,39.5525,38.48148148148149,2.5,10.633333333333333,965.193,SITE 4,INT
2026-02-21 19:00:00,73.6075,61.718333333333334,44.24183333333334,36.87037037037037,3.6481481481481484,12.466666666666667,965.7683333333333,SITE 4,INT
2026-02-21 20:00:00,171.77933333333334,152.13216666666668,88.40216666666667,35.53703703703704,2.185185185185185,12.033333333333333,966.5086666666666,SITE 4,INT
2026-02-21 21:00:00,123.743,109.22016666666667,67.61433333333333,34.68518518518518,3.537037037037037,14.133333333333333,967.1433333333333,SITE 4,INT
2026-02-21 22:00:00,54.35766666666667,43.42666666666666,30.424666666666667,34.092592592592595,1.888888888888889,12.933333333333334,967.506,SITE 4,INT
2026-02-21 23:00:00,53.6905,44.413333333333334,31.284333333333333,33.31481481481482,0.6666666666666666,12.366666666666667,967.5116666666667,SITE 4,INT
2026-02-22 00:00:00,110.42333333333333,94.74583333333334,55.474333333333334,32.648148148148145,0.11111111111111112,12.3,967.1153333333333,SITE 4,INT
2026-02-22 01:00:00,73.78883333333333,62.41116666666667,42.79933333333334,32.09259259259259,0.2777777777777778,12.966666666666667,966.6733333333334,SITE 4,INT
2026-02-22 02:00:00,69.76666666666667,59.2385,41.039833333333334,31.444444444444446,0.07407407407407408,13.166666666666666,966.1863333333333,SITE 4,INT
2026-02-22 03:00:00,101.28183333333332,91.13016666666667,58.43,30.703703703703706,-0.01851851851851852,13.733333333333333,965.901,SITE 4,INT
2026-02-22 04:00:00,59.18322580645162,48.78370967741936,36.20516129032258,30.537634408602152,-0.23297491039426524,13.516129032258064,965.853870967742,SITE 4,INT
2026-02-22 05:00:00,56.624,47.02316666666666,34.806666666666665,29.85185185185185,-1.388888888888889,12.8,966.1156666666667,SITE 4,INT
2026-02-22 06:00:00,62.31433333333334,50.905166666666666,36.693,29.037037037037035,-1.5555555555555558,13.366666666666667,966.7286666666666,SITE 4,INT
2026-02-22 07:00:00,60.126999999999995,49.767500000000005,37.23233333333334,29.814814814814817,-0.18518518518518517,14.133333333333333,967.5506666666666,SITE 4,INT
2026-02-22 08:00:00,46.4315,38.371833333333335,27.581833333333336,31.370370370370374,-0.537037037037037,12.533333333333333,968.2143333333333,SITE 4,INT
2026-02-22 09:00:00,45.321000000000005,37.876999999999995,27.360666666666667,32.88888888888889,-0.07407407407407408,12.0,968.5346666666667,SITE 4,INT
2026-02-22 10:00:00,45.58266666666667,37.56183333333333,26.418833333333335,35.0,-0.14814814814814817,10.5,968.6183333333333,SITE 4,INT
2026-02-22 11:00:00,39.99283333333334,32.85183333333333,22.8725,37.12962962962963,-0.9074074074074076,8.733333333333333,967.8316666666667,SITE 4,INT
2026-02-22 12:00:00,34.015166666666666,27.759,19.773500000000002,39.01851851851852,-2.0740740740740744,7.266666666666667,966.893,SITE 4,INT
2026-02-22 13:00:00,32.31616666666667,26.459166666666665,18.817666666666664,40.46296296296296,-2.8703703703703707,6.2,965.8443333333333,SITE 4,INT
2026-02-22 14:00:00,33.143,27.354499999999998,19.674,41.537037037037045,-3.537037037037037,5.533333333333333,964.7976666666667,SITE 4,INT
2026-02-22 15:00:00,33.17048387096774,27.388548387096773,19.82983870967742,42.45519713261648,-2.6702508960573477,5.67741935483871,964.1409677419355,SITE 4,INT
2026-02-22 16:00:00,35.018,29.11733333333333,21.071166666666667,42.75925925925926,-2.055555555555556,5.9,963.9830000000001,SITE 4,INT
2026-02-22 17:00:00,39.23616666666667,32.52333333333333,23.374666666666666,41.5,-2.037037037037037,6.266666666666667,964.0236666666666,SITE 4,INT
2026-02-22 18:00:00,61.4235,50.93066666666667,37.407000000000004,39.48148148148149,0.9444444444444444,8.766666666666667,964.3546666666666,SITE 4,INT
2026-02-22 19:00:00,85.7075,75.55633333333334,52.564499999999995,37.5,2.185185185185185,10.933333333333334,964.8786666666667,SITE 4,INT
2026-02-22 20:00:00,64.78566666666667,54.01683333333334,38.473,35.98148148148149,0.962962962962963,10.966666666666667,965.5476666666667,SITE 4,INT
2026-02-22 21:00:00,90.92583333333333,80.9235,54.08416666666667,35.11111111111111,0.22222222222222224,11.0,966.2396666666666,SITE 4,INT
2026-02-22 22:00:00,77.7435,67.0835,44.347833333333334,34.333333333333336,-0.01851851851851852,11.033333333333333,966.3926666666666,SITE 4,INT
2026-02-22 23:00:00,60.94083333333333,51.443666666666665,33.947,33.64814814814815,0.05555555555555556,11.566666666666666,966.2860000000001,SITE 4,INT
2026-02-23 00:00:00,64.21633333333334,52.9325,36.31016666666667,33.05555555555556,-0.14814814814814817,12.0,965.8646666666666,SITE 4,INT
2026-02-23 01:00:00,53.2245,43.059,31.4445,32.611111111111114,0.01851851851851852,12.233333333333333,965.1543333333334,SITE 4,INT
2026-02-23 02:00:00,54.243833333333335,45.19666666666667,32.683166666666665,31.555555555555557,0.3333333333333333,13.233333333333333,964.6693333333334,SITE 4,INT
2026-02-23 03:00:00,62.24533333333333,51.43766666666667,38.54316666666667,30.81481481481482,-0.3333333333333333,13.0,964.2363333333334,SITE 4,INT
2026-02-23 04:00:00,71.06919354838709,61.06274193548387,44.85193548387097,30.268817204301076,-0.4659498207885305,13.35483870967742,964.0477419354838,SITE 4,INT
2026-02-23 05:00:00,70.68233333333333,60.85566666666667,45.674166666666665,29.314814814814817,0.24074074074074076,15.066666666666666,964.2863333333333,SITE 4,INT
2026-02-23 06:00:00,71.75949999999999,61.79233333333333,45.865,28.425925925925927,0.888888888888889,16.7,964.923,SITE 4,INT
2026-02-23 07:00:00,75.53516666666665,64.25733333333334,46.577666666666666,28.425925925925927,2.3703703703703707,18.7,965.7669999999999,SITE 4,INT
2026-02-23 08:00:00,72.357,62.193666666666665,45.96,29.722222222222225,4.537037037037037,20.133333333333333,966.5300000000001,SITE 4,INT
2026-02-23 09:00:00,58.25366666666667,48.0225,35.756166666666665,32.55555555555556,1.7592592592592593,14.066666666666666,966.573,SITE 4,INT
2026-02-23 10:00:00,43.47616666666667,36.5925,26.378833333333333,34.907407407407405,0.35185185185185186,10.966666666666667,966.365,SITE 4,INT
2026-02-23 11:00:00,37.961,31.879833333333334,23.332833333333333,37.166666666666664,-0.20370370370370372,9.166666666666666,965.652,SITE 4,INT
2026-02-23 12:00:00,37.400333333333336,31.340333333333334,22.814500000000002,39.05555555555556,-0.29629629629629634,8.133333333333333,964.7293333333333,SITE 4,INT
2026-02-23 13:00:00,33.4365,27.8995,20.548166666666667,40.407407407407405,-0.8333333333333334,7.366666666666666,963.546,SITE 4,INT
2026-02-23 14:00:00,31.92716666666667,26.453666666666667,19.66,41.20370370370371,-1.8333333333333333,6.233333333333333,962.5286666666667,SITE 4,INT
2026-02-23 15:00:00,33.84774193548387,28.20225806451613,21.003387096774194,42.204301075268816,-1.6666666666666667,6.064516129032258,961.9135483870967,SITE 4,INT
2026-02-23 16:00:00,34.69783333333333,28.907666666666668,21.443499999999997,42.48148148148148,-1.3148148148148147,6.2,961.8383333333334,SITE 4,INT
2026-02-23 17:00:00,37.78672413793104,31.537241379310345,23.168793103448277,41.36015325670498,-0.7088122605363986,7.0344827586206895,961.9734482758621,SITE 4,INT
2026-02-23 18:00:00,63.406166666666664,54.7,39.88633333333333,39.5,2.2037037037037037,9.8,962.3436666666668,SITE 4,INT
2026-02-23 19:00:00,92.6765,84.03316666666666,60.919333333333334,37.851851851851855,3.4074074074074074,11.633333333333333,963.0533333333333,SITE 4,INT
2026-02-23 20:00:00,67.3935,56.605000000000004,42.0095,36.40740740740741,2.5185185185185186,11.866666666666667,963.6173333333334,SITE 4,INT
2026-02-23 21:00:00,122.51233333333333,108.37983333333334,65.17266666666667,35.37037037037037,3.0,13.1,964.0766666666666,SITE 4,INT
2026-02-23 22:00:00,103.95949999999999,91.98866666666666,57.10583333333333,34.55555555555555,2.111111111111111,12.766666666666667,964.39,SITE 4,INT
2026-02-23 23:00:00,52.851,43.18283333333333,32.978,34.111111111111114,0.7777777777777779,11.966666666666667,964.4293333333334,SITE 4,INT
2026-02-24 00:00:00,44.69283333333333,37.2025,28.276166666666665,33.592592592592595,0.09259259259259259,11.633333333333333,964.109,SITE 4,INT
2026-02-24 01:00:00,46.885666666666665,38.911500000000004,29.258166666666668,32.2037037037037,0.962962962962963,13.533333333333333,963.5596666666667,SITE 4,INT
2026-02-24 02:00:00,60.134516129032264,50.03790322580645,37.80887096774194,31.541218637992834,1.7025089605734767,14.709677419354838,963.2135483870967,SITE 4,INT
2026-02-24 03:00:00,64.12316666666666,53.819833333333335,39.238166666666665,30.796296296296298,0.9074074074074076,14.3,962.8386666666667,SITE 4,INT
2026-02-24 04:00:00,77.97716666666666,68.036,48.162,29.833333333333332,1.5185185185185186,16.1,962.61,SITE 4,INT
2026-02-24 05:00:00,88.126,79.88483333333333,56.4295,29.351851851851855,1.3148148148148147,16.066666666666666,963.0726666666667,SITE 4,INT
2026-02-24 06:00:00,79.12016666666666,69.6495,51.01766666666666,28.77777777777778,1.2222222222222223,16.766666666666666,963.7953333333334,SITE 4,INT
2026-02-24 07:00:00,90.48316666666666,82.91900000000001,59.816833333333335,28.333333333333336,3.0,19.433333333333334,964.8726666666666,SITE 4,INT
2026-02-24 08:00:00,73.6895,64.11983333333333,47.80016666666667,30.27777777777778,2.5185185185185186,16.766666666666666,965.4166666666666,SITE 4,INT
2026-02-24 09:00:00,61.218666666666664,50.24783333333333,37.921,33.2962962962963,0.7777777777777779,12.533333333333333,965.3876666666667,SITE 4,INT
2026-02-24 10:00:00,57.943999999999996,47.51316666666666,36.41416666666667,35.38888888888889,1.574074074074074,11.866666666666667,965.3193333333334,SITE 4,INT
2026-02-24 11:00:00,46.22816666666667,38.45216666666667,28.692333333333334,37.57407407407407,1.5925925925925926,10.3,964.5266666666666,SITE 4,INT
2026-02-24 12:00:00,46.36725806451613,38.54887096774194,28.745,38.9426523297491,4.731182795698924,12.129032258064516,963.5038709677419,SITE 4,INT
2026-02-24 13:00:00,42.0075,34.68666666666666,25.696166666666667,40.07407407407407,5.685185185185186,12.133333333333333,962.27,SITE 4,INT
2026-02-24 14:00:00,38.568999999999996,31.770166666666668,23.75316666666667,41.333333333333336,4.37037037037037,10.333333333333334,961.51,SITE 4,INT
2026-02-24 15:00:00,39.587833333333336,32.81633333333333,25.125666666666667,41.74074074074075,4.314814814814815,10.0,960.9163333333333,SITE 4,INT
2026-02-24 16:00:00,43.22266666666667,35.8615,27.71516666666667,41.12962962962963,4.722222222222222,10.6,960.9136666666667,SITE 4,INT
2026-02-24 17:00:00,47.457166666666666,39.376,30.11433333333333,40.12962962962963,4.87037037037037,11.3,961.1953333333333,SITE 4,INT
2026-02-24 18:00:00,61.7375,50.96333333333334,38.10566666666667,38.51851851851852,5.740740740740741,13.233333333333333,961.6766666666666,SITE 4,INT
2026-02-24 19:00:00,68.11483333333334,57.708666666666666,43.077666666666666,37.62962962962963,6.351851851851852,14.6,962.598,SITE 4,INT
2026-02-24 20:00:00,83.71033333333334,74.76950000000001,54.021166666666666,36.96296296296296,6.407407407407407,15.066666666666666,963.448,SITE 4,INT
2026-02-24 21:00:00,100.06616666666667,90.99766666666666,64.20366666666666,36.01851851851852,6.87037037037037,16.433333333333334,964.1226666666666,SITE 4,INT
2026-02-24 22:00:00,80.20700000000001,70.20783333333334,51.07083333333333,35.37037037037037,6.981481481481482,17.1,964.368,SITE 4,INT
2026-02-24 23:00:00,55.81887096774194,45.98870967741936,34.443387096774195,34.49820788530466,6.899641577060931,17.967741935483872,964.2483870967742,SITE 4,INT
2026-02-25 00:00:00,61.620333333333335,50.951,37.596000000000004,33.574074074074076,6.518518518518519,18.6,964.0853333333333,SITE 4,INT
2026-02-25 01:00:00,64.06666666666666,53.625,39.64266666666666,32.55555555555556,6.074074074074074,19.0,963.503,SITE 4,INT
2026-02-25 02:00:00,61.03916666666667,51.62866666666666,37.600833333333334,32.22222222222222,3.9814814814814814,16.733333333333334,963.1006666666667,SITE 4,INT
2026-02-25 03:00:00,57.509,47.81966666666666,36.69766666666667,31.574074074074076,2.351851851851852,15.433333333333334,963.122,SITE 4,INT
2026-02-25 04:00:00,69.1315,59.748333333333335,45.55566666666667,30.962962962962965,2.2222222222222223,15.766666666666667,963.2736666666666,SITE 4,INT
2026-02-25 05:00:00,85.28033333333333,75.711,54.93816666666667,30.333333333333332,3.0,17.5,963.9023333333333,SITE 4,INT
2026-02-25 06:00:00,86.516,78.10249999999999,57.3355,29.444444444444446,5.814814814814815,22.333333333333332,964.554,SITE 4,INT
2026-02-25 07:00:00,76.52666666666667,67.11716666666666,49.96816666666667,29.925925925925927,8.314814814814815,26.0,965.2289999999999,SITE 4,INT
2026-02-25 08:00:00,67.55733333333333,58.22816666666667,44.109,30.685185185185187,13.88888888888889,36.333333333333336,965.828,SITE 4,INT
2026-02-25 09:00:00,58.895833333333336,50.51933333333333,40.03816666666667,32.24074074074074,17.685185185185183,42.36666666666667,966.2436666666667,SITE 4,INT
2026-02-25 10:00:00,57.02766666666666,47.49283333333334,36.89983333333334,34.5,17.814814814814817,37.46666666666667,966.4283333333333,SITE 4,INT
2026-02-25 11:00:00,104.28616666666667,95.04833333333333,66.20033333333333,36.611111111111114,14.685185185185185,27.266666666666666,965.76,SITE 4,INT
2026-02-25 12:00:00,50.837333333333326,41.838499999999996,29.922666666666665,37.833333333333336,14.111111111111112,24.533333333333335,964.7289999999999,SITE 4,INT
2026-02-25 13:00:00,44.7058064516129,36.625,26.489354838709676,38.97849462365592,12.885304659498209,21.193548387096776,963.7103225806452,SITE 4,INT
2026-02-25 14:00:00,44.50706896551724,36.34620689655172,26.6701724137931,39.6551724137931,10.210727969348659,17.06896551724138,962.8993103448277,SITE 4,INT
2026-02-25 15:00:00,43.8805,35.94666666666667,26.064833333333333,40.333333333333336,9.555555555555555,15.7,962.2706666666667,SITE 4,INT
2026-02-25 16:00:00,44.07866666666666,36.08983333333333,26.134999999999998,40.0,8.944444444444446,15.3,962.0646666666667,SITE 4,INT
2026-02-25 17:00:00,50.544,41.198499999999996,29.92666666666667,39.351851851851855,7.222222222222223,13.933333333333334,962.4333333333333,SITE 4,INT
2026-02-25 18:00:00,59.792,48.6945,36.018166666666666,38.111111111111114,7.685185185185186,15.5,963.1363333333334,SITE 4,INT
2026-02-25 19:00:00,78.588,68.76433333333333,50.19216666666667,37.11111111111111,8.074074074074074,16.9,964.018,SITE 4,INT
2026-02-25 20:00:00,65.109,53.88966666666667,39.710166666666666,36.40740740740741,7.703703703703705,17.133333333333333,964.882,SITE 4,INT
2026-02-25 21:00:00,86.9825,76.275,53.444833333333335,35.51851851851852,7.888888888888889,18.233333333333334,965.5206666666667,SITE 4,INT
2026-02-25 22:00:00,76.334,65.82433333333333,47.50683333333333,34.92592592592593,7.777777777777778,18.733333333333334,965.4753333333334,SITE 4,INT
2026-02-25 23:00:00,58.07725806451613,46.152903225806455,33.705,34.26523297491039,6.129032258064516,17.225806451612904,965.1509677419355,SITE 4,INT
2026-02-26 00:00:00,55.149499999999996,45.1405,33.466833333333334,33.46296296296296,4.611111111111112,16.166666666666668,964.7316666666667,SITE 4,INT
2026-02-26 01:00:00,49.809999999999995,40.29083333333333,29.879666666666665,32.833333333333336,4.0,16.3,964.1986666666667,SITE 4,INT
2026-02-26 02:00:00,45.89433333333333,37.392833333333336,27.536833333333334,32.2037037037037,3.62962962962963,16.266666666666666,963.612,SITE 4,INT
2026-02-26 03:00:00,57.49883333333333,47.25716666666666,35.43066666666667,31.518518518518523,3.4629629629629632,16.8,963.5740000000001,SITE 4,INT
2026-02-26 04:00:00,80.7215,71.5525,52.63866666666667,30.870370370370374,4.240740740740741,18.566666666666666,963.892,SITE 4,INT
2026-02-26 05:00:00,70.78583333333333,60.68116666666666,44.888000000000005,30.01851851851852,5.666666666666667,21.566666666666666,964.6613333333333,SITE 4,INT
2026-02-26 06:00:00,59.82716666666667,49.67616666666667,37.8045,29.48148148148148,13.314814814814815,37.43333333333333,965.1936666666667,SITE 4,INT
2026-02-26 07:00:00,61.88866666666667,51.878,39.566,29.53703703703704,15.148148148148149,41.9,965.9516666666666,SITE 4,INT
2026-02-26 08:00:00,57.04483333333334,47.027166666666666,36.02616666666667,30.222222222222225,17.814814814814817,47.93333333333333,966.8486666666666,SITE 4,INT
2026-02-26 09:00:00,61.7445,52.236999999999995,39.96216666666667,31.574074074074076,18.370370370370374,45.7,967.6166666666667,SITE 4,INT
2026-02-26 10:00:00,52.716833333333334,43.72133333333333,34.165333333333336,33.53703703703704,19.518518518518523,43.9,967.6659999999999,SITE 4,INT
2026-02-26 11:00:00,54.11419354838709,43.97887096774193,33.18661290322581,36.00358422939069,17.096774193548388,33.193548387096776,966.8645161290323,SITE 4,INT
2026-02-26 12:00:00,50.64689655172414,40.89224137931034,29.955,37.35632183908046,15.114942528735634,26.75862068965517,965.6648275862069,SITE 4,INT
2026-02-26 13:00:00,48.87716666666667,39.638,28.708666666666666,38.2037037037037,15.01851851851852,25.5,964.9186666666667,SITE 4,INT
2026-02-26 14:00:00,47.61416666666666,37.957166666666666,26.53533333333333,39.2037037037037,11.277777777777779,18.833333333333332,964.1363333333334,SITE 4,INT
2026-02-26 15:00:00,47.457499999999996,37.95283333333334,26.039499999999997,40.166666666666664,10.092592592592592,16.533333333333335,963.2926666666666,SITE 4,INT
2026-02-26 16:00:00,49.04600000000001,39.13699999999999,27.11116666666667,40.11111111111111,9.296296296296298,15.6,963.1756666666666,SITE 4,INT
2026-02-26 17:00:00,53.588166666666666,42.332,30.458333333333332,38.40740740740741,9.24074074074074,16.9,963.117,SITE 4,INT
2026-02-26 18:00:00,60.98166666666667,48.6785,34.93183333333333,37.57407407407407,9.555555555555555,18.333333333333332,963.9699999999999,SITE 4,INT
2026-02-26 19:00:00,77.09750000000001,64.83866666666667,46.74,37.18518518518518,10.333333333333334,19.666666666666668,964.993,SITE 4,INT
2026-02-26 20:00:00,103.3755,92.71616666666667,64.36316666666667,36.68518518518519,10.5,20.3,965.8296666666666,SITE 4,INT
2026-02-26 21:00:00,107.02283333333334,96.08999999999999,65.84566666666667,36.14814814814815,10.87037037037037,21.533333333333335,966.3063333333333,SITE 4,INT
2026-02-26 22:00:00,106.8035,95.94516666666667,66.05483333333333,35.666666666666664,11.222222222222223,22.833333333333332,966.7146666666666,SITE 4,INT
2026-02-26 23:00:00,92.9095,80.77633333333333,55.21616666666667,34.94444444444444,10.75925925925926,22.966666666666665,966.476,SITE 4,INT
2026-02-27 00:00:00,76.90283333333333,64.42216666666667,45.495,34.37037037037037,10.481481481481483,23.133333333333333,965.7883333333334,SITE 4,INT
2026-02-27 01:00:00,63.715,51.544333333333334,37.223166666666664,33.53703703703704,11.0,25.333333333333332,965.2113333333333,SITE 4,INT
2026-02-27 02:00:00,58.41383333333333,46.749,34.344833333333334,32.333333333333336,14.75925925925926,34.8,965.1706666666666,SITE 4,INT
2026-02-27 03:00:00,58.838,48.457,36.63216666666666,31.370370370370374,17.055555555555557,42.7,965.2786666666667,SITE 4,INT
2026-02-27 04:00:00,56.13133333333334,46.225833333333334,35.584666666666664,30.77777777777778,18.27777777777778,47.733333333333334,965.2353333333334,SITE 4,INT
2026-02-27 05:00:00,55.41866666666667,46.02066666666666,35.46116666666667,29.85185185185185,18.75925925925926,51.733333333333334,965.572,SITE 4,INT
2026-02-27 06:00:00,61.5765,53.04716666666666,41.06966666666666,29.0,18.796296296296298,54.63333333333333,966.0766666666666,SITE 4,INT
2026-02-27 07:00:00,61.609500000000004,53.97533333333333,42.55233333333333,29.40740740740741,19.185185185185183,54.7,966.6383333333334,SITE 4,INT
2026-02-27 08:00:00,56.8125,48.549,38.15116666666667,29.03703703703704,19.5,56.9,967.1650000000001,SITE 4,INT
2026-02-27 09:00:00,55.188,46.50266666666666,36.486666666666665,30.51851851851852,20.01851851851852,53.93333333333333,967.404,SITE 4,INT
2026-02-27 10:00:00,50.51931034482759,41.46224137931034,31.45413793103448,32.911877394636015,20.03831417624521,47.13793103448276,967.0003448275861,SITE 4,INT
2026-02-27 11:00:00,50.585,41.07933333333334,30.555,34.68518518518519,19.462962962962965,41.1,966.4573333333334,SITE 4,INT
2026-02-27 12:00:00,51.713499999999996,41.80716666666667,31.39783333333333,36.42592592592593,18.592592592592595,35.36666666666667,965.5083333333333,SITE 4,INT
2026-02-27 13:00:00,52.428999999999995,42.09133333333333,31.32133333333333,37.68518518518519,18.11111111111111,31.833333333333332,964.5176666666666,SITE 4,INT
2026-02-27 14:00:00,52.790333333333336,42.46933333333333,31.59333333333333,38.18518518518519,17.333333333333332,29.6,963.5966666666667,SITE 4,INT
2026-02-27 15:00:00,56.441833333333335,45.774,34.10133333333333,37.2962962962963,17.203703703703702,30.8,962.954,SITE 4,INT
2026-02-27 16:00:00,58.142,46.848166666666664,34.80683333333333,36.351851851851855,16.90740740740741,32.0,962.7443333333334,SITE 4,INT
2026-02-27 17:00:00,61.36833333333333,50.147000000000006,37.2855,36.05555555555556,16.90740740740741,32.46666666666667,962.8973333333332,SITE 4,INT
2026-02-27 18:00:00,62.28916666666667,51.10316666666667,37.99316666666667,35.57407407407407,16.87037037037037,33.03333333333333,963.3746666666667,SITE 4,INT
2026-02-27 19:00:00,55.529333333333334,44.57083333333333,33.11566666666667,34.87037037037037,17.22222222222222,35.36666666666667,964.4826666666667,SITE 4,INT
2026-02-27 20:00:00,54.265166666666666,43.5165,32.163666666666664,33.96296296296297,17.11111111111111,36.833333333333336,965.6616666666666,SITE 4,INT
2026-02-27 21:00:00,56.520833333333336,45.59766666666667,33.93383333333333,33.75925925925926,17.444444444444446,38.03333333333333,965.994,SITE 4,INT
2026-02-27 22:00:00,56.993,45.558,33.632666666666665,33.777777777777786,17.666666666666668,38.86666666666667,966.0076666666666,SITE 4,INT
2026-02-27 23:00:00,54.73966666666667,43.89366666666667,32.7305,33.81481481481482,17.740740740740744,38.733333333333334,965.774,SITE 4,INT
2026-02-28 00:00:00,53.27283333333333,42.9305,32.14533333333333,33.03703703703704,17.64814814814815,40.2,965.7166666666667,SITE 4,INT
2026-02-28 01:00:00,53.48966666666667,42.816,31.989,32.333333333333336,18.055555555555557,43.0,965.4276666666667,SITE 4,INT
2026-02-28 02:00:00,52.17316666666667,42.24766666666667,31.812333333333335,31.796296296296298,18.203703703703706,44.6,965.1659999999999,SITE 4,INT
2026-02-28 03:00:00,53.089827586206894,43.16793103448276,32.24568965517241,31.283524904214563,18.333333333333336,46.58620689655172,964.8079310344827,SITE 4,INT
2026-02-28 04:00:00,53.58266666666667,43.27616666666667,32.46366666666667,30.53703703703704,18.574074074074076,49.03333333333333,964.7746666666667,SITE 4,INT
2026-02-28 05:00:00,53.346000000000004,44.0135,34.024,29.88888888888889,19.314814814814817,53.5,965.3326666666667,SITE 4,INT
2026-02-28 06:00:00,53.093333333333334,44.25116666666667,34.798,29.962962962962965,19.333333333333332,53.56666666666667,966.008,SITE 4,INT
2026-02-28 07:00:00,55.929833333333335,47.113166666666665,37.001,29.962962962962965,19.14814814814815,52.833333333333336,966.638,SITE 4,INT
2026-02-28 08:00:00,56.2015,47.69083333333333,37.632,29.833333333333332,19.370370370370374,53.6,966.9946666666667,SITE 4,INT
2026-02-28 09:00:00,52.87566666666667,44.7785,36.117,30.40740740740741,19.185185185185187,51.46666666666667,967.3376666666667,SITE 4,INT
2026-02-28 10:00:00,52.877500000000005,44.8375,36.05566666666667,30.518518518518523,19.203703703703706,51.43333333333333,967.3193333333334,SITE 4,INT
2026-02-28 11:00:00,50.00233333333333,41.58983333333333,33.034166666666664,32.592592592592595,19.5,46.5,966.6483333333333,SITE 4,INT
2026-02-28 12:00:00,49.94766666666667,41.57449999999999,33.01416666666667,34.277777777777786,19.185185185185183,41.233333333333334,965.4633333333333,SITE 4,INT
2026-02-28 13:00:00,49.66416666666667,41.66166666666666,33.458,35.833333333333336,19.166666666666668,37.8,964.2703333333334,SITE 4,INT
2026-02-28 14:00:00,50.10466666666667,41.44866666666667,32.53966666666667,37.07407407407407,18.555555555555557,33.96666666666667,962.8953333333334,SITE 4,INT
2026-02-28 15:00:00,49.98616666666667,40.890166666666666,31.416999999999998,37.81481481481482,18.0,31.466666666666665,962.097,SITE 4,INT
2026-02-28 16:00:00,52.35666666666667,43.03516666666667,33.172666666666665,37.166666666666664,17.77777777777778,32.13333333333333,961.8476666666667,SITE 4,INT
2026-02-28 17:00:00,57.556333333333335,47.2755,35.757,35.611111111111114,18.074074074074076,35.86666666666667,962.4,SITE 4,INT
2026-02-28 18:00:00,61.722,51.95233333333333,39.415499999999994,33.648148148148145,19.092592592592595,42.53333333333333,963.0796666666666,SITE 4,INT
2026-02-28 19:00:00,59.96,50.4065,38.69433333333333,33.81481481481482,18.722222222222225,41.3,963.4116666666666,SITE 4,INT
2026-02-28 20:00:00,64.12616666666666,54.77633333333333,41.359833333333334,33.46296296296296,19.77777777777778,45.06666666666667,964.1116666666666,SITE 4,INT
2026-02-28 21:00:00,61.25783333333333,51.597,39.287,32.74074074074074,19.592592592592595,46.333333333333336,964.7106666666666,SITE 4,INT
2026-02-28 22:00:00,57.41133333333333,47.3205,36.251666666666665,32.75925925925926,18.203703703703706,42.333333333333336,965.1586666666666,SITE 4,INT
2026-02-28 23:00:00,54.780833333333334,45.25033333333333,34.919333333333334,32.51851851851852,17.98148148148148,42.333333333333336,965.048,SITE 4,INT
2026-03-01 00:00:00,57.408500000000004,47.747499999999995,36.77316666666666,31.388888888888893,18.222222222222225,45.9,964.706,SITE 4,INT
2026-03-01 01:00:00,59.892,50.29383333333333,38.5995,30.12962962962963,18.77777777777778,51.03333333333333,964.1433333333333,SITE 4,INT
2026-03-01 02:00:00,58.98866666666667,49.18066666666667,37.75866666666666,29.685185185185183,18.87037037037037,52.6,963.7066666666667,SITE 4,INT
2026-03-01 03:00:00,56.69216666666667,46.924,36.27366666666667,29.27777777777778,18.203703703703706,51.96666666666667,963.548,SITE 4,INT
2026-03-01 04:00:00,54.7855,45.1575,35.037,28.592592592592595,17.64814814814815,52.06666666666667,963.4150000000001,SITE 4,INT
2026-03-01 05:00:00,54.69233333333333,45.26283333333333,35.2705,28.370370370370374,17.259259259259256,51.53333333333333,963.8406666666667,SITE 4,INT
2026-03-01 06:00:00,53.58383333333334,44.176,34.276833333333336,28.555555555555557,16.40740740740741,48.166666666666664,964.7253333333333,SITE 4,INT
2026-03-01 07:00:00,52.0785,43.08416666666667,33.48566666666667,28.833333333333332,15.12962962962963,43.5,965.1479999999999,SITE 4,INT
2026-03-01 08:00:00,50.121,41.29,32.4795,29.740740740740744,14.555555555555555,39.93333333333333,965.591,SITE 4,INT
2026-03-01 09:00:00,79.77933333333334,68.30533333333332,48.326,31.555555555555557,13.407407407407408,33.266666666666666,966.0606666666666,SITE 4,INT
2026-03-01 10:00:00,51.977,42.671166666666664,32.15266666666667,33.25925925925926,12.870370370370372,29.266666666666666,966.2986666666667,SITE 4,INT
2026-03-01 11:00:00,68.88683333333333,60.303666666666665,43.186166666666665,34.407407407407405,11.962962962962964,25.733333333333334,965.8693333333334,SITE 4,INT
2026-03-01 12:00:00,62.07116666666666,53.74816666666666,39.434666666666665,36.166666666666664,11.5,22.433333333333334,964.8713333333333,SITE 4,INT
2026-03-01 13:00:00,50.195166666666665,41.060500000000005,30.254833333333334,37.833333333333336,12.222222222222223,21.533333333333335,963.5210000000001,SITE 4,INT
2026-03-01 14:00:00,49.448,40.58016666666666,30.832,38.666666666666664,13.703703703703704,22.7,962.1536666666667,SITE 4,INT
2026-03-01 15:00:00,49.21344827586207,40.37758620689655,30.50551724137931,40.229885057471265,13.659003831417625,20.862068965517242,961.3131034482759,SITE 4,INT
2026-03-01 16:00:00,49.93183333333333,40.868833333333335,31.063,39.96296296296296,13.518518518518517,20.8,960.993,SITE 4,INT
2026-03-01 17:00:00,52.878166666666665,43.13666666666666,32.939166666666665,38.88888888888889,13.5,22.1,961.2386666666666,SITE 4,INT
2026-03-01 18:00:00,55.74566666666667,45.54783333333333,35.073499999999996,37.0,14.166666666666666,25.633333333333333,962.1186666666667,SITE 4,INT
2026-03-01 19:00:00,58.3765,48.348499999999994,37.198166666666665,35.90740740740741,14.370370370370372,27.9,963.2423333333334,SITE 4,INT
2026-03-01 20:00:00,61.72866666666667,51.6945,39.48716666666667,35.05555555555556,14.796296296296298,29.9,964.2066666666667,SITE 4,INT
2026-03-01 21:00:00,54.76866666666667,45.068666666666665,34.66766666666667,33.18518518518518,15.018518518518517,33.766666666666666,965.4263333333333,SITE 4,INT
2026-03-01 22:00:00,53.74133333333334,44.519,34.86133333333333,32.24074074074074,18.333333333333332,44.233333333333334,966.069,SITE 4,INT
2026-03-01 23:00:00,50.56783333333333,42.00066666666667,33.050333333333334,31.25925925925926,18.388888888888893,46.86666666666667,966.3356666666666,SITE 4,INT
2026-03-02 00:00:00,47.10766666666667,39.06283333333333,31.064833333333336,30.592592592592595,18.240740740740744,47.833333333333336,965.535,SITE 4,INT
2026-03-02 01:00:00,46.259499999999996,38.273,30.674833333333332,30.5,17.75925925925926,47.06666666666667,965.1126666666667,SITE 4,INT
2026-03-02 02:00:00,45.75683333333333,37.80083333333334,30.173166666666667,30.12962962962963,17.25925925925926,46.43333333333333,965.2093333333333,SITE 4,INT
2026-03-02 03:00:00,51.0865,42.83583333333333,34.03933333333333,29.555555555555557,18.240740740740744,51.233333333333334,965.444,SITE 4,INT
2026-03-02 04:00:00,55.41433333333334,46.830000000000005,36.82533333333333,29.25925925925926,19.25925925925926,55.2,965.2583333333333,SITE 4,INT
2026-03-02 05:00:00,49.589000000000006,41.89666666666666,34.12116666666667,28.685185185185183,19.240740740740744,57.233333333333334,965.4796666666666,SITE 4,INT
2026-03-02 06:00:00,44.41366666666667,36.92616666666667,31.571666666666665,28.296296296296298,18.88888888888889,57.1,966.0633333333334,SITE 4,INT
2026-03-02 07:00:00,43.74033333333333,36.126333333333335,30.702166666666667,27.962962962962965,18.796296296296298,58.0,966.5643333333334,SITE 4,INT
2026-03-02 08:00:00,40.477666666666664,33.19083333333334,28.161833333333334,28.425925925925927,18.5,55.36666666666667,966.974,SITE 4,INT
2026-03-02 09:00:00,42.03066666666667,34.97233333333334,29.59916666666667,28.61111111111111,18.462962962962965,55.166666666666664,966.9836666666667,SITE 4,INT
2026-03-02 10:00:00,44.0355,36.38133333333334,30.187333333333335,29.88888888888889,18.833333333333332,52.0,966.9756666666667,SITE 4,INT
2026-03-02 11:00:00,42.19533333333334,34.7985,28.853333333333335,30.796296296296298,18.53703703703704,48.6,966.5103333333334,SITE 4,INT
2026-03-02 12:00:00,42.07672413793103,34.55655172413793,27.25844827586207,32.701149425287355,14.71264367816092,33.96551724137931,965.7337931034482,SITE 4,INT
2026-03-02 13:00:00,42.9425,35.3405,27.567666666666664,32.77777777777778,13.148148148148149,30.433333333333334,965.2800000000001,SITE 4,INT
2026-03-02 14:00:00,52.4885,43.80016666666667,33.028,33.38888888888889,13.703703703703704,30.5,964.6996666666666,SITE 4,INT
2026-03-02 15:00:00,51.817241379310346,43.24982758620689,33.804655172413796,34.195402298850574,13.563218390804598,28.82758620689655,964.2127586206896,SITE 4,INT
2026-03-02 16:00:00,49.68683333333333,41.66316666666667,32.79833333333333,34.38888888888889,13.574074074074074,28.666666666666668,964.1953333333333,SITE 4,INT
2026-03-02 17:00:00,50.70633333333333,42.12616666666667,33.233666666666664,33.66666666666667,12.777777777777779,28.266666666666666,964.3556666666666,SITE 4,INT
2026-03-02 18:00:00,63.24616666666667,52.89383333333333,39.888333333333335,32.90740740740741,12.51851851851852,29.233333333333334,964.8826666666666,SITE 4,INT
2026-03-02 19:00:00,70.216,60.19616666666666,44.83616666666667,32.74074074074074,13.12962962962963,30.333333333333332,965.3743333333333,SITE 4,INT
2026-03-02 20:00:00,95.19366666666666,86.81083333333332,61.323,32.72222222222222,13.833333333333334,31.9,965.9936666666667,SITE 4,INT
2026-03-02 21:00:00,97.96000000000001,90.56166666666667,65.12216666666667,32.51851851851852,14.277777777777777,33.233333333333334,966.8086666666666,SITE 4,INT
2026-03-02 22:00:00,76.20716666666667,66.59516666666667,49.984,31.814814814814817,14.62962962962963,35.4,967.3226666666667,SITE 4,INT
2026-03-02 23:00:00,84.18416666666667,74.58483333333334,52.91016666666667,31.25925925925926,14.074074074074074,35.333333333333336,967.4563333333333,SITE 4,INT
2026-03-03 00:00:00,60.187999999999995,49.976,37.6385,30.925925925925927,12.703703703703704,33.0,967.2923333333333,SITE 4,INT
2026-03-03 01:00:00,55.123333333333335,44.86716666666667,34.10316666666667,30.555555555555557,11.685185185185187,31.466666666666665,967.2183333333334,SITE 4,INT
2026-03-03 02:00:00,49.91683333333334,40.5675,29.963666666666665,30.037037037037035,10.870370370370372,30.6,966.7536666666667,SITE 4,INT
2026-03-03 03:00:00,45.5095,36.66783333333333,26.394833333333334,30.0,9.166666666666666,27.466666666666665,966.6136666666666,SITE 4,INT
2026-03-03 04:00:00,46.465333333333334,37.38666666666666,26.795666666666666,29.5,9.5,28.8,966.1733333333334,SITE 4,INT
2026-03-03 05:00:00,46.959833333333336,37.838166666666666,26.667333333333332,28.98148148148148,9.537037037037038,29.666666666666668,966.2543333333334,SITE 4,INT
2026-03-03 06:00:00,59.318999999999996,47.90133333333333,33.504,28.90740740740741,9.703703703703702,30.266666666666666,966.557,SITE 4,INT
2026-03-03 07:00:00,59.714333333333336,47.40383333333333,33.60883333333333,29.27777777777778,10.148148148148149,30.6,966.8286666666667,SITE 4,INT
2026-03-03 08:00:00,85.68416666666667,73.03083333333333,47.14266666666666,29.90740740740741,10.481481481481483,30.133333333333333,967.552,SITE 4,INT
2026-03-03 09:00:00,57.11783333333334,45.68983333333333,32.9465,30.833333333333332,10.722222222222223,29.066666666666666,967.784,SITE 4,INT
2026-03-03 10:00:00,51.11810344827586,40.0103448275862,28.349482758620688,32.96934865900383,9.846743295019156,24.275862068965516,967.6231034482759,SITE 4,INT
2026-03-03 11:00:00,43.58433333333333,35.16616666666666,26.281,35.74074074074074,8.722222222222223,19.2,967.1653333333333,SITE 4,INT
2026-03-03 12:00:00,42.528999999999996,34.49733333333334,25.515833333333333,37.333333333333336,8.777777777777779,17.6,966.1286666666667,SITE 4,INT
2026-03-03 13:00:00,42.03333333333333,33.84916666666667,25.209166666666665,38.62962962962963,7.907407407407408,15.366666666666667,965.1006666666667,SITE 4,INT
2026-03-03 14:00:00,42.471333333333334,34.403999999999996,26.051499999999997,38.88888888888889,9.148148148148149,16.533333333333335,964.0403333333333,SITE 4,INT
2026-03-03 15:00:00,43.1325,35.025999999999996,26.646833333333333,38.72222222222222,9.851851851851851,17.6,963.362,SITE 4,INT
2026-03-03 16:00:00,45.46327586206896,37.074137931034485,28.124827586206898,38.04597701149426,10.478927203065133,19.06896551724138,963.1275862068966,SITE 4,INT
2026-03-03 17:00:00,51.494166666666665,41.886833333333335,31.459833333333336,37.592592592592595,10.61111111111111,19.5,963.3886666666666,SITE 4,INT
2026-03-03 18:00:00,62.6205,51.650999999999996,38.43866666666667,36.7962962962963,10.592592592592592,20.433333333333334,963.943,SITE 4,INT
2026-03-03 19:00:00,73.08316666666666,62.10516666666667,46.114000000000004,36.20370370370371,11.11111111111111,21.866666666666667,964.5506666666666,SITE 4,INT
2026-03-03 20:00:00,78.15733333333333,67.1175,49.5035,35.592592592592595,11.851851851851853,23.7,965.696,SITE 4,INT
2026-03-03 21:00:00,69.34724137931035,58.57827586206896,44.16206896551724,35.229885057471265,11.7816091954023,24.275862068965516,966.4693103448276,SITE 4,INT
2026-03-03 22:00:00,62.365,51.19983333333334,38.1445,34.75925925925926,11.5,24.4,966.5163333333334,SITE 4,INT
2026-03-03 23:00:00,63.47844827586207,52.53793103448275,39.41189655172413,34.2911877394636,12.164750957854407,26.20689655172414,966.4631034482759,SITE 4,INT
2026-03-04 00:00:00,66.2715,55.66816666666667,41.71183333333333,33.72222222222222,11.722222222222223,26.3,966.1006666666667,SITE 4,INT
2026-03-04 01:00:00,56.017833333333336,46.6025,36.305166666666665,33.092592592592595,11.222222222222223,26.066666666666666,965.1913333333334,SITE 4,INT
2026-03-04 02:00:00,49.841499999999996,40.77816666666667,31.815,32.592592592592595,11.018518518518517,26.833333333333332,964.3713333333333,SITE 4,INT
2026-03-04 03:00:00,49.60616666666667,40.38416666666667,31.067833333333333,32.22222222222222,10.37037037037037,25.966666666666665,963.934,SITE 4,INT
2026-03-04 04:00:00,53.63183333333333,44.068,33.9125,31.703703703703702,10.777777777777777,27.533333333333335,964.0026666666668,SITE 4,INT
2026-03-04 05:00:00,60.662666666666674,51.041000000000004,39.245,31.31481481481482,11.0,28.766666666666666,964.361,SITE 4,INT
2026-03-04 06:00:00,65.04316666666666,54.389,41.214166666666664,31.111111111111118,12.074074074074074,31.033333333333335,964.9563333333333,SITE 4,INT
2026-03-04 07:00:00,68.24275862068966,57.16310344827586,42.23068965517241,30.766283524904217,12.681992337164752,33.13793103448276,965.5903448275861,SITE 4,INT
2026-03-04 08:00:00,61.95183333333333,51.99766666666667,39.6935,30.75925925925926,14.148148148148149,36.333333333333336,966.4503333333333,SITE 4,INT
2026-03-04 09:00:00,60.2355,50.6575,39.3285,32.01851851851852,14.777777777777777,35.36666666666667,966.832,SITE 4,INT
2026-03-04 10:00:00,58.281333333333336,49.14566666666667,38.494,34.333333333333336,14.61111111111111,30.766666666666666,967.019,SITE 4,INT
2026-03-04 11:00:00,52.183,43.80783333333333,35.07366666666667,36.57407407407407,13.574074074074074,25.266666666666666,966.4236666666667,SITE 4,INT
2026-03-04 12:00:00,46.571451612903225,38.055,29.300645161290323,38.584229390681,12.186379928315414,20.64516129032258,965.5590322580646,SITE 4,INT
2026-03-04 13:00:00,45.89783333333333,37.5125,28.7925,40.12962962962963,11.870370370370372,18.6,964.7503333333333,SITE 4,INT
2026-03-04 14:00:00,46.0435,37.56916666666667,29.540000000000003,41.01851851851852,10.185185185185185,15.833333333333334,963.9259999999999,SITE 4,INT
2026-03-04 15:00:00,47.39416666666667,38.812333333333335,30.57633333333333,41.46296296296296,10.222222222222223,15.266666666666667,963.3603333333334,SITE 4,INT
2026-03-04 16:00:00,47.345,38.78616666666667,30.677500000000002,41.46296296296296,10.037037037037036,15.133333333333333,963.1153333333333,SITE 4,INT
2026-03-04 17:00:00,49.45399999999999,40.6205,31.7975,40.38888888888889,9.981481481481483,16.2,963.2403333333333,SITE 4,INT
2026-03-04 18:00:00,65.90866666666666,56.588,43.092666666666666,39.24074074074074,10.944444444444445,18.266666666666666,963.7436666666667,SITE 4,INT
2026-03-04 19:00:00,101.725,92.68683333333334,66.11916666666667,38.537037037037045,11.574074074074074,19.9,964.543,SITE 4,INT
2026-03-04 20:00:00,121.44083333333333,111.27600000000001,78.40666666666667,37.48148148148148,12.51851851851852,22.5,965.5016666666667,SITE 4,INT
2026-03-04 21:00:00,78.55199999999999,66.76283333333333,49.35483333333333,36.833333333333336,12.333333333333334,23.0,965.9806666666666,SITE 4,INT
2026-03-04 22:00:00,66.28483333333334,56.46583333333333,43.09616666666667,36.55555555555556,12.351851851851853,23.4,966.3386666666667,SITE 4,INT
2026-03-04 23:00:00,59.756,50.36933333333333,39.329166666666666,35.53703703703704,13.425925925925926,26.7,966.327,SITE 4,INT
2026-03-05 00:00:00,57.56466666666667,48.81233333333333,38.756,33.27777777777778,15.685185185185187,34.86666666666667,966.5916666666667,SITE 4,INT
2026-03-05 01:00:00,60.183499999999995,51.611999999999995,40.72566666666667,31.90740740740741,16.24074074074074,39.5,966.4806666666666,SITE 4,INT
2026-03-05 02:00:00,60.44783333333333,52.0665,41.350833333333334,32.22222222222222,17.12962962962963,40.733333333333334,966.0793333333334,SITE 4,INT
2026-03-05 03:00:00,60.618833333333335,52.74766666666667,42.186166666666665,31.27777777777778,17.925925925925927,45.43333333333333,965.6863333333333,SITE 4,INT
2026-03-05 04:00:00,60.038225806451614,52.37951612903226,41.89725806451613,30.483870967741936,18.835125448028673,49.96774193548387,965.7977419354838,SITE 4,INT
2026-03-05 05:00:00,58.257,51.190000000000005,41.587666666666664,30.055555555555554,19.25925925925926,52.833333333333336,965.8793333333334,SITE 4,INT
2026-03-05 06:00:00,60.230333333333334,53.806000000000004,43.6145,29.62962962962963,19.48148148148148,54.93333333333333,966.1756666666666,SITE 4,INT
2026-03-05 07:00:00,61.458666666666666,55.59433333333333,45.474333333333334,29.592592592592595,20.0,56.666666666666664,966.765,SITE 4,INT
2026-03-05 08:00:00,55.1945,50.2935,42.0915,29.925925925925927,19.98148148148148,55.9,967.368,SITE 4,INT
2026-03-05 09:00:00,50.7775,44.074333333333335,36.666666666666664,31.018518518518523,20.240740740740744,53.2,967.7183333333334,SITE 4,INT
2026-03-05 10:00:00,47.635,40.19983333333334,33.57333333333334,33.25925925925926,20.01851851851852,46.13333333333333,967.722,SITE 4,INT
2026-03-05 11:00:00,47.95816666666666,40.8035,34.282666666666664,35.092592592592595,19.90740740740741,41.36666666666667,967.0453333333334,SITE 4,INT
2026-03-05 12:00:00,49.409,43.535,37.074333333333335,37.25925925925926,19.35185185185185,35.53333333333333,965.733,SITE 4,INT
2026-03-05 13:00:00,50.031166666666664,44.374,37.782333333333334,37.81481481481482,18.685185185185183,33.03333333333333,964.6156666666667,SITE 4,INT
2026-03-05 14:00:00,49.35816666666666,42.419999999999995,35.353833333333334,39.51851851851852,17.01851851851852,27.166666666666668,963.7516666666667,SITE 4,INT
2026-03-05 15:00:00,48.9275,42.032000000000004,35.0145,40.148148148148145,16.314814814814817,24.9,963.0,SITE 4,INT
2026-03-05 16:00:00,49.88366666666666,42.901666666666664,35.55566666666667,40.18518518518519,16.555555555555557,25.266666666666666,962.622,SITE 4,INT
2026-03-05 17:00:00,53.4375,46.309333333333335,37.801,39.12962962962963,16.333333333333332,26.0,962.7313333333333,SITE 4,INT
2026-03-05 18:00:00,64.28,56.044,44.196000000000005,37.5,17.14814814814815,30.433333333333334,963.4456666666666,SITE 4,INT
2026-03-05 19:00:00,55.45965517241379,48.502758620689654,39.73172413793104,36.18773946360154,18.448275862068964,35.86206896551724,964.3820689655173,SITE 4,INT
2026-03-05 20:00:00,59.1385,51.77333333333333,41.618500000000004,35.7962962962963,18.64814814814815,36.5,964.827,SITE 4,INT
2026-03-05 21:00:00,61.53816666666667,54.014,43.20883333333334,35.55555555555556,18.88888888888889,37.833333333333336,965.3126666666667,SITE 4,INT
2026-03-05 22:00:00,53.448,46.4535,38.08016666666666,34.907407407407405,18.87037037037037,39.13333333333333,965.6703333333334,SITE 4,INT
2026-03-05 23:00:00,55.280967741935484,47.64048387096774,38.51032258064516,34.44444444444444,18.799283154121866,39.806451612903224,965.796129032258,SITE 4,INT
2026-03-06 00:00:00,56.05283333333333,49.219166666666666,40.135999999999996,34.22222222222222,18.722222222222225,40.3,965.3743333333333,SITE 4,INT
2026-03-06 01:00:00,52.615,46.14233333333333,38.273,33.42592592592593,18.518518518518523,41.833333333333336,964.5593333333333,SITE 4,INT
2026-03-06 02:00:00,51.9615,45.690000000000005,38.095166666666664,32.53703703703704,18.53703703703704,44.03333333333333,964.159,SITE 4,INT
2026-03-06 03:00:00,51.09133333333333,45.26733333333333,38.03816666666667,32.0,18.87037037037037,45.9,963.9490000000001,SITE 4,INT
2026-03-06 04:00:00,51.391666666666666,45.44533333333334,38.100166666666674,31.462962962962965,19.25925925925926,48.56666666666667,963.922,SITE 4,INT
2026-03-06 05:00:00,50.76316666666666,44.44883333333333,37.26383333333333,31.185185185185187,19.53703703703704,50.3,963.9056666666668,SITE 4,INT
2026-03-06 06:00:00,52.140166666666666,44.722,36.47816666666667,30.62962962962963,19.703703703703702,52.7,964.2353333333334,SITE 4,INT
2026-03-06 07:00:00,56.148,48.68183333333333,39.36416666666666,30.925925925925927,20.0,52.86666666666667,964.837,SITE 4,INT
2026-03-06 08:00:00,56.4425,48.763,39.149,31.296296296296298,20.388888888888893,53.03333333333333,965.455,SITE 4,INT
2026-03-06 09:00:00,54.96383333333333,47.39383333333333,38.5205,32.40740740740741,20.90740740740741,51.266666666666666,965.9843333333333,SITE 4,INT
2026-03-06 10:00:00,55.70316666666667,49.443999999999996,40.847166666666666,34.166666666666664,20.833333333333332,46.1,966.0793333333334,SITE 4,INT
2026-03-06 11:00:00,52.299166666666665,47.08316666666666,40.02733333333333,35.81481481481482,20.314814814814817,40.7,965.4283333333333,SITE 4,INT
2026-03-06 12:00:00,50.085967741935484,44.64661290322581,38.21048387096774,37.06093189964158,19.659498207885306,36.45161290322581,964.4216129032258,SITE 4,INT
2026-03-06 13:00:00,49.216833333333334,42.25916666666667,35.24466666666667,38.92592592592593,18.462962962962965,30.766666666666666,963.425,SITE 4,INT
2026-03-06 14:00:00,48.46483333333333,40.72166666666667,33.633,40.22222222222222,17.722222222222225,26.966666666666665,962.3043333333334,SITE 4,INT
2026-03-06 15:00:00,47.06741379310345,39.195,32.310172413793104,39.86590038314176,17.1455938697318,26.551724137931036,961.1231034482759,SITE 4,INT
2026-03-06 16:00:00,50.528,42.794666666666664,35.22616666666667,38.62962962962963,17.0,28.333333333333332,961.0713333333333,SITE 4,INT
2026-03-06 17:00:00,53.27016666666667,45.400333333333336,36.8025,37.88888888888889,17.796296296296298,31.033333333333335,961.3066666666667,SITE 4,INT
2026-03-06 18:00:00,58.471333333333334,51.93683333333333,42.36366666666667,36.833333333333336,18.61111111111111,34.53333333333333,962.1883333333334,SITE 4,INT
2026-03-06 19:00:00,61.07533333333333,54.88816666666666,45.0685,36.66666666666667,19.14814814814815,35.96666666666667,962.9883333333333,SITE 4,INT
2026-03-06 20:00:00,56.652,51.00233333333333,42.3435,36.166666666666664,18.814814814814817,36.6,963.9883333333333,SITE 4,INT
2026-03-06 21:00:00,54.18283333333333,48.32933333333334,39.97616666666667,35.0,19.962962962962965,41.833333333333336,964.9703333333333,SITE 4,INT
2026-03-06 22:00:00,56.803666666666665,50.031333333333336,40.4565,33.592592592592595,20.77777777777778,47.3,964.8106666666666,SITE 4,INT
2026-03-06 23:00:00,48.626666666666665,41.223,34.094833333333334,32.592592592592595,19.64814814814815,46.8,964.8580000000001,SITE 4,INT
2026-03-07 00:00:00,45.348166666666664,37.84116666666667,31.141666666666666,31.240740740740744,18.685185185185183,47.733333333333334,964.6573333333333,SITE 4,INT
2026-03-07 01:00:00,45.2945,37.76649999999999,31.522666666666666,31.62962962962963,18.62962962962963,46.266666666666666,964.1553333333334,SITE 4,INT
2026-03-07 02:00:00,43.34435483870968,35.91290322580645,30.700000000000003,31.612903225806452,17.724014336917563,43.83870967741935,964.3709677419355,SITE 4,INT
2026-03-07 03:00:00,47.102,39.426,32.45183333333333,30.444444444444446,19.074074074074076,51.03333333333333,965.309,SITE 4,INT
2026-03-07 04:00:00,39.44183333333333,32.59133333333333,27.468833333333336,28.055555555555557,18.53703703703704,56.9,966.071,SITE 4,INT
2026-03-07 05:00:00,45.089333333333336,38.19733333333333,33.10433333333334,26.740740740740744,19.666666666666668,65.7,966.9826666666667,SITE 4,INT
2026-03-07 06:00:00,44.13833333333333,37.553999999999995,32.81066666666666,26.740740740740744,19.444444444444446,65.06666666666666,967.5206666666667,SITE 4,INT
2026-03-07 14:00:00,32.794230769230765,27.569615384615382,20.869615384615386,29.700854700854702,20.17094017094017,57.07692307692308,964.28,SITE 4,INT
2026-03-07 15:00:00,37.088499999999996,31.371666666666666,23.574833333333334,31.462962962962965,20.240740740740744,51.9,963.8096666666667,SITE 4,INT
2026-03-07 16:00:00,39.94133333333333,33.76716666666667,25.134999999999998,31.62962962962963,20.092592592592595,51.03333333333333,963.4973333333332,SITE 4,INT
2026-03-07 17:00:00,60.16283333333333,50.283,38.30316666666667,31.666666666666668,20.37037037037037,51.63333333333333,963.5066666666667,SITE 4,INT
2026-03-07 18:00:00,64.507,54.67833333333333,41.56433333333334,31.185185185185187,21.01851851851852,55.43333333333333,963.5723333333333,SITE 4,INT
2026-03-07 19:00:00,71.5375,62.406166666666664,46.29116666666666,30.592592592592595,21.09259259259259,57.166666666666664,964.1716666666667,SITE 4,INT
2026-03-07 20:00:00,82.70327586206896,75.3951724137931,54.339137931034486,30.555555555555557,21.11111111111111,57.58620689655172,965.1465517241379,SITE 4,INT
2026-03-07 21:00:00,76.98949999999999,67.889,48.79116666666666,30.555555555555557,21.203703703703702,58.2,966.0756666666667,SITE 4,INT
2026-03-07 22:00:00,61.90586206896552,51.83379310344828,39.05172413793103,30.402298850574716,20.919540229885055,57.689655172413794,966.4372413793103,SITE 4,INT
2026-03-07 23:00:00,53.75416666666667,44.82616666666667,33.66083333333333,30.0,20.592592592592595,57.63333333333333,966.5836666666667,SITE 4,INT
2026-03-08 00:00:00,39.54633333333334,33.529666666666664,24.7405,29.64814814814815,20.092592592592595,56.733333333333334,965.8526666666668,SITE 4,INT
2026-03-08 01:00:00,36.28733333333333,30.621666666666666,22.609333333333332,29.98148148148148,19.61111111111111,54.3,965.0423333333333,SITE 4,INT
2026-03-08 02:00:00,38.57629032258065,32.609032258064516,23.693064516129034,29.444444444444446,19.695340501792113,56.25806451612903,964.4848387096774,SITE 4,INT
2026-03-08 03:00:00,43.30816666666667,36.64666666666667,26.938166666666667,29.333333333333332,20.37037037037037,59.1,964.097,SITE 4,INT
2026-03-08 04:00:00,48.415,40.38616666666667,30.1435,29.166666666666668,20.185185185185183,58.93333333333333,964.044,SITE 4,INT
2026-03-08 05:00:00,50.36966666666667,41.719833333333334,30.783333333333335,28.88888888888889,20.574074074074076,61.5,964.5,SITE 4,INT
2026-03-08 06:00:00,68.7715,60.497499999999995,44.561,28.88888888888889,20.90740740740741,62.46666666666667,965.1006666666667,SITE 4,INT
2026-03-08 07:00:00,73.67616666666666,65.6365,47.4555,29.222222222222225,20.72222222222222,61.1,965.6693333333334,SITE 4,INT
2026-03-08 08:00:00,50.85850000000001,41.991499999999995,31.3945,30.703703703703706,19.444444444444446,51.46666666666667,966.2246666666667,SITE 4,INT
2026-03-08 09:00:00,45.05016666666667,37.881,27.747333333333334,32.5,18.77777777777778,44.833333333333336,966.6003333333333,SITE 4,INT
2026-03-08 10:00:00,42.37083333333333,35.867333333333335,26.714166666666664,33.851851851851855,19.370370370370374,42.9,966.6123333333333,SITE 4,INT
2026-03-08 11:00:00,42.29566666666666,35.69433333333333,26.608999999999998,35.666666666666664,19.314814814814817,38.3,965.8706666666666,SITE 4,INT
2026-03-08 12:00:00,45.841034482758616,38.83793103448276,28.946206896551722,37.26053639846744,18.79310344827586,34.172413793103445,964.9637931034483,SITE 4,INT
2026-03-08 13:00:00,43.0965,36.202666666666666,26.5375,38.666666666666664,18.444444444444446,30.9,964.0026666666666,SITE 4,INT
2026-03-08 14:00:00,40.96716666666667,34.584500000000006,25.071666666666665,39.7037037037037,18.14814814814815,28.633333333333333,962.8610000000001,SITE 4,INT
2026-03-08 15:00:00,41.098166666666664,34.76533333333334,25.465333333333334,40.62962962962963,17.944444444444446,26.866666666666667,962.2556666666666,SITE 4,INT
2026-03-08 16:00:00,39.958,33.69866666666667,24.540333333333333,40.72222222222222,17.27777777777778,25.566666666666666,962.109,SITE 4,INT
2026-03-08 17:00:00,40.44466666666666,34.062,24.791833333333333,40.166666666666664,17.166666666666668,26.266666666666666,962.2046666666666,SITE 4,INT
2026-03-08 18:00:00,52.9815,43.169666666666664,31.321,38.53703703703704,17.722222222222225,29.633333333333333,962.6506666666667,SITE 4,INT
2026-03-08 19:00:00,68.067,57.54183333333334,42.26416666666667,37.42592592592593,18.14814814814815,32.63333333333333,963.4486666666667,SITE 4,INT
2026-03-08 20:00:00,77.0905,67.48949999999999,49.40266666666666,36.64814814814815,18.574074074074076,34.666666666666664,964.0496666666666,SITE 4,INT
2026-03-08 21:00:00,59.9615,49.687999999999995,36.193333333333335,35.75925925925926,17.944444444444446,35.03333333333333,964.6526666666667,SITE 4,INT
2026-03-08 22:00:00,44.365344827586206,37.04396551724138,26.628275862068968,35.421455938697314,17.624521072796934,35.13793103448276,964.9993103448276,SITE 4,INT
2026-03-08 23:00:00,47.506,39.39233333333333,28.541833333333333,34.92592592592593,17.796296296296298,36.46666666666667,964.9836666666666,SITE 4,INT
2026-03-09 00:00:00,40.818999999999996,34.25483333333333,24.702166666666663,34.51851851851851,16.87037037037037,35.233333333333334,964.5686666666667,SITE 4,INT
2026-03-09 01:00:00,46.11716666666666,38.309333333333335,27.247666666666664,33.7962962962963,17.333333333333332,37.733333333333334,964.2143333333333,SITE 4,INT
2026-03-09 02:00:00,47.866166666666665,39.86983333333333,29.1785,32.592592592592595,18.833333333333332,44.63333333333333,963.7653333333333,SITE 4,INT
2026-03-09 03:00:00,47.86683333333333,39.896166666666666,28.750999999999998,31.444444444444446,19.40740740740741,49.233333333333334,963.2253333333333,SITE 4,INT
2026-03-09 04:00:00,48.344500000000004,40.299,29.115333333333336,30.925925925925927,19.685185185185183,51.7,963.7296666666666,SITE 4,INT
2026-03-09 05:00:00,56.17338709677419,46.339999999999996,34.01951612903226,31.0573476702509,19.96415770609319,52.225806451612904,964.6935483870968,SITE 4,INT
2026-03-09 06:00:00,62.455,51.155166666666666,37.153666666666666,30.796296296296298,20.055555555555554,52.86666666666667,965.506,SITE 4,INT
2026-03-09 07:00:00,61.10033333333333,50.56183333333333,37.33683333333333,31.055555555555557,20.37037037037037,53.5,966.0346666666667,SITE 4,INT
2026-03-09 08:00:00,55.12033333333333,45.57566666666666,34.5535,31.31481481481482,20.62962962962963,53.266666666666666,966.357,SITE 4,INT
2026-03-09 09:00:00,56.05766666666667,46.01433333333333,34.626,32.611111111111114,20.98148148148148,50.733333333333334,966.8359999999999,SITE 4,INT
2026-03-09 10:00:00,51.922000000000004,43.32183333333333,32.708999999999996,33.88888888888889,21.14814814814815,47.63333333333333,966.7466666666667,SITE 4,INT
2026-03-09 11:00:00,47.05466666666666,39.599666666666664,29.755499999999998,35.7962962962963,20.592592592592595,41.56666666666667,966.1483333333333,SITE 4,INT
2026-03-09 12:00:00,44.10616666666667,37.13466666666667,27.514833333333332,37.48148148148149,18.296296296296298,32.833333333333336,965.25,SITE 4,INT
2026-03-09 13:00:00,40.19948275862069,33.73948275862069,24.328275862068963,39.6360153256705,16.20689655172414,25.344827586206897,964.311724137931,SITE 4,INT
2026-03-09 14:00:00,37.223499999999994,31.2045,22.5555,40.96296296296296,14.537037037037038,21.133333333333333,963.2919999999999,SITE 4,INT
2026-03-09 15:00:00,37.127500000000005,30.997833333333332,22.396666666666665,41.777777777777786,14.055555555555555,19.6,962.8436666666668,SITE 4,INT
2026-03-09 16:00:00,38.306333333333335,32.1365,23.084999999999997,41.75925925925926,14.722222222222223,20.466666666666665,962.6423333333333,SITE 4,INT
2026-03-09 17:00:00,43.064,35.724333333333334,25.397333333333332,40.74074074074074,14.851851851851851,21.833333333333332,962.7236666666666,SITE 4,INT
2026-03-09 18:00:00,52.40366666666667,42.696000000000005,30.610666666666667,39.25925925925926,15.259259259259261,24.2,963.034,SITE 4,INT
2026-03-09 19:00:00,59.638000000000005,48.617666666666665,35.305166666666665,38.2037037037037,16.35185185185185,27.766666666666666,963.846,SITE 4,INT
2026-03-09 20:00:00,55.9375,44.844500000000004,32.27183333333333,37.01851851851852,17.462962962962965,31.766666666666666,964.5490000000001,SITE 4,INT
2026-03-09 21:00:00,49.96116666666667,40.915333333333336,29.353333333333335,36.20370370370371,18.796296296296298,36.06666666666667,965.1983333333334,SITE 4,INT
2026-03-09 22:00:00,47.52966666666667,39.36300000000001,28.309,35.407407407407405,18.833333333333332,37.733333333333334,965.5073333333333,SITE 4,INT
2026-03-09 23:00:00,50.632333333333335,41.7955,31.01383333333333,34.0,20.555555555555554,45.833333333333336,965.443,SITE 4,INT
2026-03-10 00:00:00,53.68451612903226,44.60677419354838,34.575967741935486,32.096774193548384,21.397849462365592,53.67741935483871,965.1690322580646,SITE 4,INT
2026-03-10 01:00:00,51.01616666666666,42.28933333333334,32.590833333333336,30.870370370370374,20.703703703703702,55.1,964.8643333333333,SITE 4,INT
2026-03-10 02:00:00,46.073166666666665,38.897166666666664,28.9155,30.48148148148148,20.25925925925926,54.63333333333333,964.4973333333332,SITE 4,INT
2026-03-10 03:00:00,45.28783333333333,38.219,28.124833333333335,29.944444444444446,20.314814814814817,56.733333333333334,964.3236666666667,SITE 4,INT
2026-03-10 04:00:00,46.525999999999996,39.162166666666664,29.02766666666667,29.370370370370374,20.574074074074076,59.9,964.5409999999999,SITE 4,INT
2026-03-10 05:00:00,48.69783333333333,40.709666666666664,30.798833333333334,29.11111111111111,20.740740740740744,61.333333333333336,964.7506666666667,SITE 4,INT
2026-03-10 06:00:00,53.47966666666667,44.27466666666667,34.1735,28.88888888888889,20.944444444444446,62.63333333333333,965.3576666666667,SITE 4,INT
2026-03-10 07:00:00,54.656666666666666,45.0725,34.31666666666667,28.98148148148148,21.074074074074073,62.766666666666666,966.0300000000001,SITE 4,INT
2026-03-10 08:00:00,54.763333333333335,45.01716666666666,33.93366666666667,29.75925925925926,21.462962962962965,61.56666666666667,966.6713333333333,SITE 4,INT
2026-03-10 09:00:00,52.17466666666667,43.23866666666667,32.9505,31.925925925925927,21.314814814814817,53.833333333333336,966.6346666666667,SITE 4,INT
2026-03-10 10:00:00,50.88933333333333,41.98583333333333,31.473333333333336,33.592592592592595,20.574074074074076,46.93333333333333,966.1596666666667,SITE 4,INT
2026-03-10 11:00:00,49.699333333333335,41.045833333333334,30.2675,35.27777777777778,19.092592592592595,39.06666666666667,965.5343333333333,SITE 4,INT
2026-03-10 12:00:00,41.015166666666666,34.5345,25.05683333333333,37.14814814814815,16.425925925925927,29.533333333333335,964.723,SITE 4,INT
2026-03-10 13:00:00,38.119166666666665,32.23116666666667,23.517999999999997,38.87037037037037,15.777777777777779,25.633333333333333,963.8866666666667,SITE 4,INT
2026-03-10 14:00:00,38.20216666666667,32.22266666666667,23.399333333333335,39.5,15.703703703703704,24.733333333333334,962.9486666666667,SITE 4,INT
2026-03-10 15:00:00,36.258833333333335,30.5155,22.240166666666667,39.81481481481481,14.851851851851851,23.1,962.4816666666667,SITE 4,INT
2026-03-10 16:00:00,36.530499999999996,30.9135,22.52316666666667,39.14814814814815,14.833333333333334,23.866666666666667,962.3913333333333,SITE 4,INT
2026-03-10 17:00:00,48.894666666666666,40.04,29.069000000000003,38.48148148148149,14.907407407407408,24.733333333333334,962.48,SITE 4,INT
2026-03-10 18:00:00,78.05183333333333,66.62783333333333,47.70333333333333,37.7037037037037,15.277777777777779,26.566666666666666,962.793,SITE 4,INT
2026-03-10 19:00:00,104.97883333333333,97.358,68.18983333333333,36.7962962962963,15.481481481481483,28.333333333333332,963.3506666666667,SITE 4,INT
2026-03-10 20:00:00,62.1535,51.14183333333334,36.912,36.31481481481482,15.055555555555555,28.466666666666665,964.0536666666667,SITE 4,INT
2026-03-10 21:00:00,51.934999999999995,41.84733333333334,30.0045,35.51851851851852,14.537037037037038,28.633333333333333,964.5856666666666,SITE 4,INT
2026-03-10 22:00:00,47.21066666666666,38.59916666666666,26.9885,34.57407407407407,14.055555555555555,29.266666666666666,964.6616666666666,SITE 4,INT
2026-03-10 23:00:00,49.06283333333333,39.97233333333334,28.417166666666667,33.46296296296296,15.462962962962964,34.1,964.9006666666667,SITE 4,INT
2026-03-11 00:00:00,52.356833333333334,42.481,30.60533333333333,32.333333333333336,18.166666666666668,43.56666666666667,964.7666666666667,SITE 4,INT
2026-03-11 01:00:00,54.013333333333335,43.89783333333333,32.73566666666667,30.722222222222225,20.240740740740744,54.13333333333333,964.3430000000001,SITE 4,INT
2026-03-11 02:00:00,54.96183333333333,44.74883333333333,33.389833333333335,30.851851851851855,20.666666666666668,55.03333333333333,964.101,SITE 4,INT
2026-03-11 03:00:00,58.13166666666667,47.2215,35.873333333333335,30.722222222222225,20.740740740740744,55.8,964.1206666666666,SITE 4,INT
2026-03-11 04:00:00,60.69096774193549,50.008709677419354,37.73338709677419,30.555555555555557,21.00358422939068,57.41935483870968,964.0816129032257,SITE 4,INT
2026-03-11 05:00:00,63.094166666666666,52.614000000000004,39.33316666666667,30.185185185185183,21.185185185185183,58.86666666666667,964.8696666666667,SITE 4,INT
2026-03-11 06:00:00,67.04666666666667,56.79116666666666,41.852666666666664,29.77777777777778,21.296296296296298,61.166666666666664,965.8676666666667,SITE 4,INT
2026-03-11 07:00:00,68.49683333333334,59.0325,43.975,29.240740740740744,21.62962962962963,64.5,966.9733333333334,SITE 4,INT
2026-03-11 08:00:00,64.6655,54.497166666666665,40.47416666666666,29.37037037037037,21.685185185185183,64.03333333333333,967.4846666666667,SITE 4,INT
2026-03-11 09:00:00,64.89266666666667,54.48616666666667,40.342999999999996,30.944444444444446,21.64814814814815,58.333333333333336,967.8483333333334,SITE 4,INT
2026-03-11 10:00:00,57.89816666666666,47.178999999999995,35.076,32.25925925925926,21.61111111111111,53.93333333333333,967.9556666666666,SITE 4,INT
2026-03-11 11:00:00,53.3395,43.717999999999996,31.965833333333332,33.166666666666664,21.296296296296298,50.233333333333334,967.4323333333334,SITE 4,INT
2026-03-11 12:00:00,50.29966666666667,41.81183333333333,30.343666666666664,34.5,21.11111111111111,46.166666666666664,965.9876666666667,SITE 4,INT
2026-03-11 13:00:00,46.38933333333333,38.88816666666666,28.230999999999998,36.2037037037037,20.185185185185183,39.56666666666667,964.2976666666667,SITE 4,INT
2026-03-11 14:00:00,42.1245,35.65316666666667,25.907666666666668,37.94444444444445,18.98148148148148,33.266666666666666,963.1206666666666,SITE 4,INT
2026-03-11 15:00:00,40.984,34.667,25.416,39.092592592592595,18.314814814814817,29.8,962.2246666666667,SITE 4,INT
2026-03-11 16:00:00,42.229,35.42733333333333,25.904333333333334,38.592592592592595,17.64814814814815,29.5,962.2263333333334,SITE 4,INT
2026-03-11 17:00:00,53.205333333333336,45.16766666666667,32.53183333333333,38.111111111111114,16.90740740740741,28.833333333333332,962.596,SITE 4,INT
2026-03-11 18:00:00,54.57066666666667,44.47966666666667,32.269333333333336,37.03703703703704,16.925925925925927,30.8,963.0786666666667,SITE 4,INT
2026-03-11 19:00:00,60.45433333333333,49.04683333333333,35.667500000000004,36.277777777777786,18.388888888888893,35.13333333333333,963.63,SITE 4,INT
2026-03-11 20:00:00,73.11183333333334,62.36033333333333,44.62766666666666,35.7962962962963,18.925925925925927,37.3,964.3533333333332,SITE 4,INT
2026-03-11 21:00:00,66.26916666666666,54.81633333333333,40.173,35.01851851851852,19.5,40.36666666666667,964.9773333333334,SITE 4,INT
2026-03-11 22:00:00,64.45583333333333,53.166666666666664,39.310500000000005,34.68518518518518,20.0,42.46666666666667,965.413,SITE 4,INT
2026-03-11 23:00:00,56.718333333333334,45.969500000000004,33.348333333333336,34.25925925925926,19.796296296296298,42.9,965.5553333333334,SITE 4,INT
2026-03-12 00:00:00,51.344833333333334,42.14983333333334,30.217166666666667,32.88888888888889,19.370370370370374,45.1,965.0733333333334,SITE 4,INT
2026-03-12 01:00:00,53.995666666666665,43.946000000000005,31.959666666666667,32.333333333333336,20.14814814814815,49.03333333333333,964.3933333333333,SITE 4,INT
2026-03-12 02:00:00,57.375,46.618870967741934,34.711290322580645,30.591397849462368,20.949820788530467,56.87096774193548,963.8054838709678,SITE 4,INT
2026-03-12 03:00:00,59.0965,48.2735,36.18516666666667,29.85185185185185,21.27777777777778,60.766666666666666,963.7036666666667,SITE 4,INT
2026-03-12 04:00:00,60.854166666666664,50.24766666666667,37.650333333333336,29.240740740740744,21.62962962962963,64.4,963.772,SITE 4,INT
2026-03-12 05:00:00,61.538,50.90983333333334,38.00383333333333,29.055555555555557,21.722222222222225,65.23333333333333,964.27,SITE 4,INT
2026-03-12 06:00:00,62.40566666666667,51.92066666666666,38.6645,28.796296296296298,21.703703703703702,66.2,965.2426666666667,SITE 4,INT
2026-03-12 07:00:00,61.970666666666666,51.29216666666667,38.118500000000004,29.055555555555557,21.833333333333332,65.63333333333334,966.0653333333333,SITE 4,INT
2026-03-12 08:00:00,57.068999999999996,46.665,35.385,30.185185185185183,21.37037037037037,59.8,966.6526666666666,SITE 4,INT
2026-03-12 09:00:00,57.35516666666667,47.702999999999996,36.705000000000005,32.0,21.25925925925926,53.56666666666667,966.9599999999999,SITE 4,INT
2026-03-12 10:00:00,51.396,42.64783333333333,32.62283333333333,34.407407407407405,21.12962962962963,46.4,966.947,SITE 4,INT
2026-03-12 11:00:00,47.839333333333336,40.26483333333333,30.615166666666667,36.74074074074075,20.27777777777778,38.56666666666667,966.2710000000001,SITE 4,INT
2026-03-12 12:00:00,45.57,38.44383333333334,29.009666666666664,38.537037037037045,19.48148148148148,33.333333333333336,965.2893333333334,SITE 4,INT
2026-03-12 13:00:00,43.659,37.065666666666665,27.493333333333336,39.166666666666664,19.222222222222225,31.433333333333334,964.193,SITE 4,INT
2026-03-12 14:00:00,41.116290322580646,34.777419354838706,25.68290322580645,40.51971326164875,17.060931899641577,25.64516129032258,962.983870967742,SITE 4,INT
2026-03-12 15:00:00,40.917,34.74516666666667,25.573666666666668,40.94444444444445,16.796296296296298,24.5,962.3729999999999,SITE 4,INT
2026-03-12 16:00:00,42.31283333333333,35.68783333333333,26.5135,39.74074074074074,16.22222222222222,25.333333333333332,962.1003333333333,SITE 4,INT
2026-03-12 17:00:00,57.95616666666667,48.846,34.830333333333336,39.22222222222222,16.925925925925927,27.266666666666666,962.3610000000001,SITE 4,INT
2026-03-12 18:00:00,54.428999999999995,45.08416666666667,33.125,37.833333333333336,18.222222222222225,31.833333333333332,963.025,SITE 4,INT
2026-03-12 19:00:00,51.89224137931034,42.62862068965517,31.846206896551724,36.4176245210728,17.911877394636015,33.793103448275865,963.7831034482758,SITE 4,INT
2026-03-12 20:00:00,59.855000000000004,48.94683333333333,36.347,36.05555555555556,17.462962962962965,33.5,964.1706666666666,SITE 4,INT
2026-03-12 21:00:00,70.68533333333333,59.85966666666666,44.5135,35.55555555555556,17.5,34.53333333333333,964.8546666666666,SITE 4,INT
2026-03-12 22:00:00,57.73566666666667,47.75916666666667,35.5855,35.2037037037037,17.87037037037037,36.166666666666664,965.3356666666666,SITE 4,INT
2026-03-12 23:00:00,45.18566666666666,38.26266666666667,28.62633333333333,33.88888888888889,18.12962962962963,39.56666666666667,965.3420000000001,SITE 4,INT
2026-03-13 00:00:00,42.681666666666665,36.236999999999995,27.088,33.44444444444444,17.888888888888893,39.96666666666667,964.7763333333334,SITE 4,INT
2026-03-13 01:00:00,74.11283333333334,65.807,44.72366666666667,32.833333333333336,18.240740740740744,42.4,963.9993333333333,SITE 4,INT
2026-03-13 02:00:00,40.81183333333333,34.618500000000004,25.873833333333334,31.962962962962965,17.98148148148148,43.46666666666667,963.7943333333334,SITE 4,INT
2026-03-13 03:00:00,42.04666666666667,35.591166666666666,26.608,31.53703703703704,17.75925925925926,44.2,963.812,SITE 4,INT
2026-03-13 04:00:00,42.467413793103454,35.98120689655172,26.63758620689655,31.24521072796935,17.93103448275862,45.41379310344828,964.1062068965516,SITE 4,INT
2026-03-13 05:00:00,50.053,41.5195,30.545833333333334,30.703703703703706,18.351851851851855,48.13333333333333,964.5423333333333,SITE 4,INT
2026-03-13 06:00:00,45.17677419354839,37.96387096774193,27.67064516129032,30.268817204301076,18.422939068100362,49.58064516129032,965.4641935483871,SITE 4,INT
2026-03-13 07:00:00,45.207166666666666,38.13033333333333,28.040666666666667,29.833333333333332,19.222222222222225,53.36666666666667,966.3266666666666,SITE 4,INT
2026-03-13 08:00:00,44.344833333333334,37.5335,27.716833333333334,30.0,19.814814814814817,55.1,966.9466666666667,SITE 4,INT
2026-03-13 09:00:00,45.330000000000005,38.17466666666667,28.8785,31.685185185185183,20.37037037037037,51.5,967.307,SITE 4,INT
2026-03-13 10:00:00,44.84883333333333,37.74133333333334,28.8045,33.53703703703704,20.53703703703704,47.03333333333333,967.2513333333334,SITE 4,INT
2026-03-13 11:00:00,42.399,35.830000000000005,26.927,35.5,20.203703703703702,41.3,966.5723333333333,SITE 4,INT
2026-03-13 12:00:00,41.797333333333334,35.71116666666667,27.197,37.777777777777786,19.64814814814815,35.1,965.61,SITE 4,INT
2026-03-13 13:00:00,41.76533333333334,35.24766666666667,26.502000000000002,38.53703703703704,18.166666666666668,30.6,964.306,SITE 4,INT
2026-03-13 14:00:00,39.892500000000005,33.90133333333333,25.64,39.96296296296296,17.87037037037037,27.733333333333334,963.1476666666666,SITE 4,INT
2026-03-13 15:00:00,39.913333333333334,33.94983333333333,25.603166666666667,41.537037037037045,16.666666666666668,23.666666666666668,962.1740000000001,SITE 4,INT
2026-03-13 16:00:00,38.863166666666665,33.12083333333333,24.7575,41.18518518518519,16.574074074074073,23.866666666666667,961.715,SITE 4,INT
2026-03-13 17:00:00,53.803999999999995,46.42483333333333,33.686,40.87037037037037,16.01851851851852,23.4,961.9116666666666,SITE 4,INT
2026-03-13 18:00:00,56.830000000000005,46.64883333333333,33.98016666666667,39.05555555555556,15.981481481481483,25.766666666666666,962.3346666666667,SITE 4,INT
2026-03-13 19:00:00,65.74048387096774,54.39967741935484,39.803225806451614,38.15412186379928,16.594982078853047,28.225806451612904,962.9493548387097,SITE 4,INT
2026-03-13 20:00:00,56.67916666666667,46.844166666666666,35.405499999999996,37.092592592592595,17.925925925925927,32.53333333333333,963.955,SITE 4,INT
2026-03-13 21:00:00,49.76103448275862,41.04448275862069,30.483448275862067,35.593869731800766,18.1992337164751,36.03448275862069,964.3731034482759,SITE 4,INT
2026-03-13 22:00:00,47.356833333333334,39.660333333333334,29.3385,34.37037037037037,17.888888888888893,37.8,964.6546666666667,SITE 4,INT
2026-03-13 23:00:00,43.55083333333334,36.82266666666667,27.379666666666665,33.31481481481482,17.90740740740741,40.3,964.7393333333333,SITE 4,INT
2026-03-14 00:00:00,42.9305,36.23166666666667,26.625,32.55555555555556,17.98148148148148,42.6,964.3136666666667,SITE 4,INT
2026-03-14 01:00:00,43.015499999999996,36.33566666666666,26.695,31.61111111111111,18.333333333333336,45.7,963.6216666666667,SITE 4,INT
2026-03-14 02:00:00,39.5075,33.455333333333336,24.855833333333333,30.925925925925927,18.740740740740744,48.5,963.0889999999999,SITE 4,INT
2026-03-14 03:00:00,40.748333333333335,34.5655,25.788833333333333,30.48148148148148,19.166666666666668,51.06666666666667,962.5086666666667,SITE 4,INT
2026-03-14 04:00:00,41.59616666666667,35.382333333333335,26.129,29.740740740740744,19.444444444444446,54.46666666666667,962.5640000000001,SITE 4,INT
2026-03-14 05:00:00,44.96274193548387,38.163548387096775,28.520806451612902,29.444444444444446,19.910394265232977,56.70967741935484,963.2070967741935,SITE 4,INT
2026-03-14 06:00:00,45.75866666666666,38.727,29.061666666666667,29.518518518518523,20.055555555555554,57.06666666666667,963.9266666666666,SITE 4,INT
2026-03-14 07:00:00,49.48516666666667,41.3455,31.289333333333335,29.685185185185183,20.01851851851852,56.86666666666667,964.8403333333333,SITE 4,INT
2026-03-14 08:00:00,52.41,43.469500000000004,32.8645,30.592592592592595,20.37037037037037,55.0,965.691,SITE 4,INT
2026-03-14 09:00:00,51.722068965517245,43.41275862068966,33.757241379310344,32.31800766283525,20.747126436781613,50.89655172413793,966.3431034482759,SITE 4,INT
2026-03-14 10:00:00,49.8615,41.85616666666667,32.43533333333333,34.111111111111114,20.703703703703702,45.9,966.2783333333333,SITE 4,INT
2026-03-14 11:00:00,49.407000000000004,41.63866666666667,32.74516666666667,35.74074074074074,20.555555555555557,41.53333333333333,965.4376666666667,SITE 4,INT
2026-03-14 12:00:00,44.475166666666674,37.589333333333336,29.651500000000002,37.44444444444445,18.90740740740741,34.3,964.246,SITE 4,INT
2026-03-14 13:00:00,40.58793103448276,34.496206896551726,26.487758620689654,39.08045977011495,17.643678160919542,28.689655172413794,962.9596551724138,SITE 4,INT
2026-03-14 14:00:00,37.20816666666667,31.6505,23.945833333333333,40.53703703703704,15.666666666666666,23.4,961.9743333333333,SITE 4,INT
2026-03-14 15:00:00,38.43283333333333,32.89,24.945333333333334,41.57407407407408,14.88888888888889,21.0,960.837,SITE 4,INT
2026-03-14 16:00:00,41.53,35.458333333333336,26.4635,42.25925925925926,14.462962962962964,19.566666666666666,960.365,SITE 4,INT
2026-03-14 17:00:00,41.14883333333333,35.150333333333336,26.681833333333334,41.48148148148149,14.481481481481483,20.566666666666666,960.6270000000001,SITE 4,INT
2026-03-14 18:00:00,52.26166666666666,42.803,31.351666666666667,39.592592592592595,14.555555555555555,22.733333333333334,961.3496666666667,SITE 4,INT
2026-03-14 19:00:00,77.57866666666668,67.613,49.11583333333333,38.57407407407408,15.351851851851853,25.5,962.13,SITE 4,INT
2026-03-14 20:00:00,94.98183333333333,86.06966666666668,61.45483333333333,38.2037037037037,16.055555555555557,27.166666666666668,963.2396666666666,SITE 4,INT
2026-03-14 21:00:00,63.965833333333336,53.59283333333334,40.571000000000005,36.81481481481482,17.24074074074074,31.7,964.172,SITE 4,INT
2026-03-14 22:00:00,59.03435483870968,49.05838709677419,38.36532258064516,35.60931899641577,18.2078853046595,36.12903225806452,964.4429032258064,SITE 4,INT
2026-03-14 23:00:00,55.472833333333334,46.0295,36.378166666666665,34.74074074074074,18.092592592592595,37.8,964.5329999999999,SITE 4,INT
2026-03-15 00:00:00,47.719500000000004,40.14866666666667,31.700666666666667,33.833333333333336,17.61111111111111,38.333333333333336,964.254,SITE 4,INT
2026-03-15 01:00:00,50.36483333333333,42.19866666666667,33.034166666666664,32.27777777777778,17.98148148148148,42.63333333333333,963.812,SITE 4,INT
2026-03-15 02:00:00,52.93066666666667,43.621,33.9595,32.27777777777778,18.240740740740744,43.4,963.3653333333333,SITE 4,INT
2026-03-15 03:00:00,50.74216666666666,42.47233333333334,33.33416666666667,31.703703703703702,18.90740740740741,47.0,962.7916666666666,SITE 4,INT
2026-03-15 04:00:00,48.838166666666666,41.127833333333335,32.4075,31.03703703703704,18.77777777777778,48.56666666666667,963.228,SITE 4,INT
2026-03-15 05:00:00,57.7725,48.241,37.708666666666666,31.092592592592595,18.87037037037037,48.93333333333333,964.1863333333333,SITE 4,INT
2026-03-15 06:00:00,71.365,61.0765,45.20916666666667,30.61111111111111,19.203703703703706,50.86666666666667,965.3713333333333,SITE 4,INT
2026-03-15 07:00:00,81.36149999999999,69.80383333333333,49.71716666666667,30.870370370370374,19.40740740740741,51.03333333333333,966.2819999999999,SITE 4,INT
2026-03-15 08:00:00,67.48333333333333,58.229,44.28316666666667,31.90740740740741,20.388888888888893,50.9,966.8080000000001,SITE 4,INT
2026-03-15 09:00:00,62.60583333333333,53.3115,41.24333333333333,33.27777777777778,20.51851851851852,47.46666666666667,966.9830000000001,SITE 4,INT
2026-03-15 10:00:00,63.16048387096774,53.40016129032258,40.92758064516129,34.6415770609319,20.50179211469534,44.03225806451613,966.9119354838709,SITE 4,INT
2026-03-15 11:00:00,58.73616666666667,49.144666666666666,38.443333333333335,35.46296296296296,20.444444444444446,41.63333333333333,966.0303333333334,SITE 4,INT
2026-03-15 12:00:00,53.1875,44.0865,34.83983333333333,37.24074074074074,19.722222222222225,36.266666666666666,964.904,SITE 4,INT
2026-03-15 13:00:00,46.063,38.82233333333333,29.9525,38.37037037037037,18.01851851851852,30.566666666666666,963.753,SITE 4,INT
2026-03-15 14:00:00,47.87133333333334,39.75933333333333,29.747,39.44444444444444,17.574074074074073,28.233333333333334,962.7819999999999,SITE 4,INT
2026-03-15 15:00:00,44.977833333333336,37.909,28.4445,40.31481481481482,17.666666666666668,27.066666666666666,962.2756666666667,SITE 4,INT
2026-03-15 16:00:00,45.383,37.9455,28.098000000000003,39.88888888888889,16.75925925925926,25.866666666666667,962.117,SITE 4,INT
2026-03-15 17:00:00,46.73233333333334,39.09133333333333,29.38266666666667,39.14814814814815,16.48148148148148,26.433333333333334,962.3986666666666,SITE 4,INT
2026-03-15 18:00:00,54.38616666666667,44.1135,33.430166666666665,38.14814814814815,16.98148148148148,28.933333333333334,962.9983333333333,SITE 4,INT
2026-03-15 19:00:00,62.681333333333335,52.086,39.146499999999996,37.2962962962963,18.27777777777778,32.93333333333333,963.6406666666667,SITE 4,INT
2026-03-15 20:00:00,62.449333333333335,51.6125,39.28033333333334,36.40740740740741,19.0,36.13333333333333,964.644,SITE 4,INT
2026-03-15 21:00:00,58.1025,47.67716666666667,36.835,36.0,18.944444444444446,36.833333333333336,965.494,SITE 4,INT
2026-03-15 22:00:00,53.9475,44.20583333333333,34.29333333333333,35.55555555555556,19.037037037037035,38.2,965.842,SITE 4,INT
2026-03-15 23:00:00,55.06783333333333,45.52733333333333,35.11066666666667,34.44444444444444,18.88888888888889,40.166666666666664,965.8633333333333,SITE 4,INT
2026-03-16 00:00:00,54.321612903225805,45.15064516129033,35.65887096774193,32.67025089605735,19.42652329749104,45.87096774193548,965.6793548387097,SITE 4,INT
2026-03-16 01:00:00,52.1415,43.83283333333333,35.17133333333334,31.925925925925927,19.14814814814815,47.266666666666666,964.931,SITE 4,INT
2026-03-16 02:00:00,49.65466666666667,41.81033333333333,33.69466666666667,31.48148148148148,18.75925925925926,47.1,964.4343333333333,SITE 4,INT
2026-03-16 03:00:00,50.036833333333334,41.7955,32.94533333333333,30.574074074074076,18.925925925925927,50.36666666666667,964.4266666666666,SITE 4,INT
2026-03-16 04:00:00,48.510666666666665,40.77516666666667,31.514833333333335,30.555555555555557,18.722222222222225,49.833333333333336,964.388,SITE 4,INT
2026-03-16 05:00:00,48.390166666666666,40.71966666666666,31.711333333333336,30.888888888888893,18.370370370370374,47.63333333333333,964.5503333333334,SITE 4,INT
2026-03-16 06:00:00,50.566833333333335,42.2295,32.7845,30.444444444444446,18.40740740740741,49.03333333333333,965.1926666666666,SITE 4,INT
2026-03-16 07:00:00,56.2145,46.5145,36.332,30.962962962962965,19.203703703703706,49.8,966.6346666666667,SITE 4,INT
2026-03-16 08:00:00,56.29566666666667,46.28666666666666,35.937,32.24074074074074,19.574074074074076,47.46666666666667,967.3629999999999,SITE 4,INT
2026-03-16 09:00:00,57.30133333333333,47.59883333333333,36.724000000000004,34.01851851851852,19.185185185185183,42.03333333333333,967.5623333333333,SITE 4,INT
2026-03-16 10:00:00,51.03066666666667,42.10133333333333,31.660500000000003,36.2037037037037,17.574074074074076,33.63333333333333,967.3956666666667,SITE 4,INT
2026-03-16 11:00:00,45.63533333333333,38.291333333333334,28.808333333333334,38.2962962962963,15.833333333333334,26.733333333333334,966.6233333333333,SITE 4,INT
2026-03-16 12:00:00,39.56661290322581,33.2,24.239193548387096,40.143369175627235,12.903225806451612,20.096774193548388,965.3838709677419,SITE 4,INT
2026-03-16 13:00:00,32.218333333333334,26.235,19.290833333333335,41.55555555555556,8.314814814814815,13.366666666666667,964.1463333333334,SITE 4,INT
2026-03-16 14:00:00,30.509833333333333,24.953333333333333,18.526666666666664,42.44444444444444,7.407407407407407,12.033333333333333,963.0133333333334,SITE 4,INT
2026-03-16 15:00:00,32.91266666666667,26.866666666666667,19.825333333333333,43.24074074074074,7.462962962962964,11.6,962.1676666666666,SITE 4,INT
2026-03-16 16:00:00,38.211,31.784,23.567166666666665,43.25925925925926,7.888888888888889,11.966666666666667,961.836,SITE 4,INT
2026-03-16 17:00:00,46.07266666666667,37.72416666666666,28.625,41.96296296296296,7.944444444444445,12.8,961.8813333333333,SITE 4,INT
2026-03-16 18:00:00,62.02883333333333,50.35616666666667,35.415,40.05555555555556,7.75925925925926,14.133333333333333,962.4643333333333,SITE 4,INT
2026-03-16 19:00:00,73.885,63.0015,45.16983333333334,39.0,9.555555555555555,16.833333333333332,963.039,SITE 4,INT
2026-03-16 20:00:00,69.48366666666668,58.38766666666667,42.0565,38.092592592592595,9.277777777777777,17.433333333333334,964.029,SITE 4,INT
2026-03-16 21:00:00,53.74666666666667,43.24133333333334,32.871,37.351851851851855,9.037037037037038,17.866666666666667,964.5983333333334,SITE 4,INT
2026-03-16 22:00:00,46.91133333333333,38.777166666666666,29.518666666666665,36.70370370370371,8.962962962962964,18.2,964.9563333333333,SITE 4,INT
2026-03-16 23:00:00,48.252500000000005,39.651666666666664,29.706666666666667,35.81481481481482,8.314814814814815,18.5,964.807,SITE 4,INT
2026-03-17 00:00:00,65.89716666666666,54.823166666666665,40.0835,35.2037037037037,8.24074074074074,19.066666666666666,964.6316666666667,SITE 4,INT
2026-03-17 01:00:00,55.811166666666665,45.111999999999995,34.027166666666666,33.611111111111114,14.407407407407408,31.8,964.5400000000001,SITE 4,INT
2026-03-17 02:00:00,58.311166666666665,47.635999999999996,36.60133333333333,32.648148148148145,16.962962962962965,39.43333333333333,964.2166666666667,SITE 4,INT
2026-03-17 03:00:00,60.018166666666666,50.193333333333335,39.0385,31.85185185185185,17.722222222222225,43.3,963.8513333333334,SITE 4,INT
2026-03-17 04:00:00,57.9035,48.81283333333333,38.62866666666667,31.462962962962965,18.722222222222225,47.2,963.9836666666666,SITE 4,INT
2026-03-17 05:00:00,60.29866666666667,51.32899999999999,40.44466666666666,31.055555555555557,18.888888888888893,48.766666666666666,964.8936666666667,SITE 4,INT
2026-03-17 06:00:00,62.135999999999996,52.84766666666667,40.92716666666667,30.75925925925926,19.388888888888893,51.36666666666667,965.4373333333333,SITE 4,INT
2026-03-17 07:00:00,58.351451612903226,48.822419354838715,37.97016129032258,30.609318996415773,20.0,53.70967741935484,966.3077419354839,SITE 4,INT
2026-03-17 08:00:00,58.14866666666667,49.12883333333333,38.229000000000006,31.574074074074076,20.51851851851852,52.36666666666667,967.0713333333333,SITE 4,INT
2026-03-17 09:00:00,51.42933333333334,42.946,33.9155,33.12962962962963,20.555555555555557,48.06666666666667,967.472,SITE 4,INT
2026-03-17 10:00:00,46.07366666666667,38.73316666666666,30.42366666666667,34.7037037037037,20.666666666666668,44.333333333333336,967.4366666666666,SITE 4,INT
2026-03-17 11:00:00,46.53416666666667,39.333,31.1615,36.333333333333336,20.444444444444446,40.0,966.5513333333333,SITE 4,INT
2026-03-17 12:00:00,45.06216666666667,38.034,29.425333333333334,37.12962962962963,19.333333333333332,35.6,965.728,SITE 4,INT
2026-03-17 13:00:00,43.39383333333333,36.643166666666666,27.946,38.38888888888889,18.222222222222225,30.9,964.4353333333333,SITE 4,INT
2026-03-17 14:00:00,42.22633333333333,35.5875,27.0535,39.07407407407407,17.833333333333332,28.933333333333334,963.379,SITE 4,INT
2026-03-17 15:00:00,43.35566666666667,36.46383333333333,27.993166666666664,39.05555555555556,17.555555555555554,28.6,962.6963333333333,SITE 4,INT
2026-03-17 16:00:00,45.38016666666667,38.076,29.316666666666666,39.24074074074074,17.37037037037037,27.9,962.7456666666666,SITE 4,INT
2026-03-17 17:00:00,50.695,41.9235,32.1355,37.75925925925926,17.25925925925926,30.2,963.0573333333334,SITE 4,INT
2026-03-17 18:00:00,51.68483333333334,42.966,32.43216666666667,36.777777777777786,17.25925925925926,31.7,963.4449999999999,SITE 4,INT
2026-03-17 19:00:00,51.129,42.217,32.07666666666667,36.05555555555556,16.796296296296298,32.2,964.0263333333334,SITE 4,INT
2026-03-17 20:00:00,51.306000000000004,42.81583333333333,33.604166666666664,35.44444444444445,16.814814814814817,33.4,964.897,SITE 4,INT
2026-03-17 21:00:00,50.52241935483871,41.70112903225806,31.811935483870965,34.82078853046595,16.899641577060933,34.58064516129032,965.9174193548387,SITE 4,INT
2026-03-17 22:00:00,47.40416666666667,39.5855,30.18566666666667,34.14814814814815,17.01851851851852,36.266666666666666,966.147,SITE 4,INT
2026-03-17 23:00:00,49.4345,41.11333333333334,31.853,34.03703703703704,17.407407407407405,37.43333333333333,966.0753333333333,SITE 4,INT
2026-03-18 00:00:00,46.35316666666667,39.13283333333334,30.497833333333332,33.20370370370371,17.85185185185185,40.3,965.4783333333332,SITE 4,INT
2026-03-18 01:00:00,48.94733333333333,41.123333333333335,32.874833333333335,31.666666666666668,18.185185185185187,45.06666666666667,964.6966666666667,SITE 4,INT
2026-03-18 02:00:00,50.084666666666664,41.92516666666666,33.672,30.944444444444446,18.166666666666668,47.0,963.8073333333334,SITE 4,INT
2026-03-18 03:00:00,49.68866666666667,41.67133333333334,33.469166666666666,30.666666666666668,18.48148148148148,48.7,963.7616666666667,SITE 4,INT
2026-03-18 04:00:00,53.13666666666666,44.594166666666666,35.3335,30.425925925925927,19.01851851851852,50.86666666666667,963.8563333333333,SITE 4,INT
2026-03-18 05:00:00,49.74316666666667,41.73683333333334,33.641,29.35185185185185,19.518518518518523,56.166666666666664,964.2756666666667,SITE 4,INT
2026-03-18 06:00:00,50.544333333333334,42.700833333333335,34.956,28.88888888888889,19.98148148148148,59.0,964.9433333333333,SITE 4,INT
2026-03-18 07:00:00,47.5895,40.222,32.71183333333333,29.185185185185183,20.203703703703702,59.03333333333333,965.456,SITE 4,INT
2026-03-18 08:00:00,47.916333333333334,40.17816666666667,31.493333333333332,30.51851851851852,20.462962962962965,55.5,966.0026666666668,SITE 4,INT
2026-03-18 09:00:00,47.06964285714286,39.644107142857145,31.034107142857145,32.182539682539684,20.297619047619047,50.035714285714285,966.7003571428571,SITE 4,INT
2026-03-18 10:00:00,48.39,40.855000000000004,32.4625,31.666666666666668,20.555555555555557,52.5,966.74,SITE 4,INT
2026-03-18 11:00:00,48.490500000000004,40.875499999999995,32.147,33.46296296296296,20.740740740740744,47.733333333333334,966.4923333333334,SITE 4,INT
2026-03-18 12:00:00,46.22,39.06583333333333,30.43166666666667,35.24074074074074,20.27777777777778,42.166666666666664,965.5763333333333,SITE 4,INT
2026-03-18 13:00:00,44.747166666666665,37.91166666666666,29.654333333333334,36.70370370370371,19.722222222222225,37.333333333333336,964.507,SITE 4,INT
2026-03-18 14:00:00,44.47461538461538,37.67,29.01576923076923,37.94871794871795,19.273504273504276,33.92307692307692,963.7046153846154,SITE 4,INT
2026-03-18 19:00:00,73.141,63.480999999999995,47.007999999999996,34.22222222222222,16.666666666666668,35.2,963.8520000000001,SITE 4,INT
2026-03-18 20:00:00,52.2295,43.199,32.326166666666666,35.88888888888889,16.666666666666668,32.266666666666666,964.2819999999999,SITE 4,INT
2026-03-18 21:00:00,47.877833333333335,40.1625,30.497166666666665,35.833333333333336,16.64814814814815,32.43333333333333,964.6363333333334,SITE 4,INT
2026-03-18 22:00:00,50.26266666666666,41.839166666666664,31.973166666666668,35.44444444444445,16.90740740740741,33.53333333333333,964.9490000000001,SITE 4,INT
2026-03-18 23:00:00,50.198,41.67033333333333,31.835500000000003,34.7962962962963,17.27777777777778,35.63333333333333,965.0183333333333,SITE 4,INT
2026-03-19 00:00:00,52.635666666666665,43.902,33.39066666666667,33.31481481481482,18.0,40.53333333333333,964.7099999999999,SITE 4,INT
2026-03-19 01:00:00,45.482166666666664,38.53633333333333,29.153833333333335,32.53703703703704,18.296296296296298,42.93333333333333,964.2189999999999,SITE 4,INT
2026-03-19 02:00:00,45.08483870967741,38.16435483870968,29.353064516129034,32.00716845878136,18.369175627240146,44.54838709677419,963.8383870967741,SITE 4,INT
2026-03-19 03:00:00,44.86816666666667,37.96483333333333,29.53083333333333,31.48148148148148,18.5,46.46666666666667,963.5086666666667,SITE 4,INT
2026-03-19 04:00:00,45.520833333333336,38.568,30.3615,31.111111111111118,18.40740740740741,47.36666666666667,963.6696666666667,SITE 4,INT
2026-03-19 05:00:00,48.626999999999995,40.857499999999995,32.036500000000004,30.62962962962963,18.90740740740741,50.06666666666667,964.0830000000001,SITE 4,INT
2026-03-19 06:00:00,52.234,43.45816666666666,33.796166666666664,29.240740740740744,19.5,56.46666666666667,964.7943333333334,SITE 4,INT
2026-03-19 07:00:00,51.40416666666667,42.857,33.78783333333333,29.25925925925926,20.185185185185183,58.4,965.3983333333333,SITE 4,INT
2026-03-19 08:00:00,47.111551724137925,39.658793103448275,30.848620689655174,29.980842911877396,20.49808429118774,57.51724137931034,966.1889655172414,SITE 4,INT
2026-03-19 09:00:00,43.558166666666665,36.559,28.890333333333334,32.03703703703704,20.75925925925926,51.833333333333336,966.7493333333333,SITE 4,INT
2026-03-19 10:00:00,43.155499999999996,36.13016666666667,28.72716666666667,34.25925925925926,20.444444444444446,44.8,967.079,SITE 4,INT
2026-03-19 11:00:00,42.84316666666667,36.0005,29.066666666666666,35.666666666666664,20.185185185185183,40.666666666666664,966.3866666666667,SITE 4,INT
2026-03-19 12:00:00,42.59066666666667,35.8935,28.668,36.98148148148149,19.833333333333332,37.03333333333333,965.0740000000001,SITE 4,INT
2026-03-19 13:00:00,39.907000000000004,33.599833333333336,26.029833333333332,39.01851851851852,18.962962962962965,31.233333333333334,963.7786666666667,SITE 4,INT
2026-03-19 14:00:00,68.12316666666666,59.88983333333333,42.649166666666666,39.88888888888889,18.555555555555557,29.1,962.7556666666666,SITE 4,INT
2026-03-19 15:00:00,44.72266666666667,37.45633333333333,28.442166666666665,40.27777777777778,18.370370370370374,28.2,961.9333333333333,SITE 4,INT
2026-03-19 16:00:00,41.11366666666667,34.77333333333333,26.657333333333334,40.88888888888889,18.222222222222225,27.166666666666668,961.5043333333334,SITE 4,INT
2026-03-19 17:00:00,43.42666666666666,36.455333333333336,27.692166666666665,40.03703703703704,17.98148148148148,27.9,961.3946666666667,SITE 4,INT
2026-03-19 18:00:00,50.96066666666666,41.75116666666667,31.595333333333333,38.592592592592595,17.77777777777778,29.633333333333333,961.7996666666667,SITE 4,INT
2026-03-19 19:00:00,68.26983333333332,57.417500000000004,42.35166666666667,37.87037037037037,17.833333333333332,31.066666666666666,962.4509999999999,SITE 4,INT
2026-03-19 20:00:00,72.398,62.3565,46.15566666666667,37.351851851851855,17.90740740740741,32.03333333333333,963.193,SITE 4,INT
2026-03-19 21:00:00,86.56283333333334,77.27316666666667,55.698166666666665,37.18518518518519,18.25925925925926,33.03333333333333,963.756,SITE 4,INT
2026-03-19 22:00:00,65.78983870967743,55.52451612903226,42.031451612903226,36.3978494623656,17.921146953405017,33.87096774193548,963.9000000000001,SITE 4,INT
2026-03-19 23:00:00,50.897000000000006,42.19733333333333,32.657000000000004,35.0,18.351851851851855,37.666666666666664,964.1543333333334,SITE 4,INT
2026-03-20 00:00:00,47.47483333333333,40.07083333333333,30.907833333333333,33.96296296296297,18.518518518518523,40.333333333333336,963.5743333333334,SITE 4,INT
2026-03-20 01:00:00,45.55983333333334,38.51916666666667,29.61916666666667,33.38888888888889,18.518518518518523,41.63333333333333,963.0576666666667,SITE 4,INT
2026-03-20 02:00:00,47.63983333333333,40.10466666666667,31.016333333333332,33.092592592592595,18.833333333333332,43.2,963.0036666666667,SITE 4,INT
2026-03-20 03:00:00,43.032777777777774,35.96037037037037,27.526296296296298,31.995884773662553,18.53909465020576,45.111111111111114,964.0003703703703,SITE 4,INT
2026-03-20 04:00:00,38.21794117647059,31.37117647058824,25.088823529411766,27.026143790849673,18.267973856209153,59.05882352941177,963.0470588235294,SITE 4,INT
2026-03-20 05:00:00,35.91133333333333,29.613833333333332,23.84916666666667,27.925925925925927,18.01851851851852,55.36666666666667,963.731,SITE 4,INT
2026-03-20 06:00:00,39.938833333333335,33.298833333333334,26.460333333333335,28.555555555555557,18.925925925925927,56.733333333333334,964.12,SITE 4,INT
2026-03-20 07:00:00,50.09733333333334,42.084500000000006,33.498000000000005,29.333333333333332,19.5,55.8,964.8363333333333,SITE 4,INT
2026-03-20 08:00:00,46.45116666666667,38.98866666666667,30.671166666666668,30.12962962962963,20.01851851851852,55.13333333333333,965.6080000000001,SITE 4,INT
2026-03-20 09:00:00,46.36333333333334,39.102999999999994,31.475,31.53703703703704,20.87037037037037,53.5,966.043,SITE 4,INT
2026-03-20 10:00:00,49.24516666666667,41.39266666666666,33.1185,33.25925925925926,21.77777777777778,51.4,966.2213333333333,SITE 4,INT
2026-03-20 11:00:00,47.2125,39.900666666666666,31.33216666666667,35.11111111111111,21.38888888888889,45.43333333333333,965.4963333333333,SITE 4,INT
2026-03-20 12:00:00,44.46322580645161,37.65048387096774,30.06064516129032,36.577060931899645,21.11111111111111,40.903225806451616,964.3029032258064,SITE 4,INT
2026-03-20 13:00:00,40.856833333333334,34.55083333333334,27.014,38.01851851851852,20.666666666666668,36.766666666666666,963.2653333333333,SITE 4,INT
2026-03-20 14:00:00,41.14206896551725,34.932758620689654,26.985862068965517,39.86590038314176,20.019157088122604,31.896551724137932,962.1289655172415,SITE 4,INT
2026-03-20 15:00:00,42.1235,35.65383333333333,27.500999999999998,37.68518518518519,19.092592592592595,34.03333333333333,961.6923333333333,SITE 4,INT
2026-03-20 16:00:00,44.06666666666667,37.23133333333333,28.702666666666666,38.38888888888889,20.388888888888893,35.333333333333336,961.068,SITE 4,INT
2026-03-20 17:00:00,42.48016129032258,36.053548387096775,27.955483870967743,39.121863799283155,19.78494623655914,32.74193548387097,961.1132258064515,SITE 4,INT
2026-03-20 18:00:00,46.1835,38.80116666666667,30.0175,37.64814814814815,19.037037037037035,33.833333333333336,961.4653333333333,SITE 4,INT
2026-03-20 19:00:00,51.647166666666664,43.309333333333335,33.7435,36.24074074074075,18.092592592592595,34.6,962.075,SITE 4,INT
2026-03-20 20:00:00,44.618,37.85766666666667,29.008333333333333,34.92592592592593,18.925925925925927,39.233333333333334,962.77,SITE 4,INT
2026-03-20 21:00:00,42.76083333333334,36.247499999999995,27.85666666666667,34.38888888888889,18.5,39.1,963.0806666666667,SITE 4,INT
2026-03-20 22:00:00,45.7825,38.498000000000005,29.348333333333336,34.44444444444444,17.90740740740741,37.7,963.3656666666667,SITE 4,INT
2026-03-20 23:00:00,45.70166666666667,38.528666666666666,29.331666666666667,34.166666666666664,18.074074074074076,38.8,963.351,SITE 4,INT
2026-03-21 00:00:00,41.9885,35.589666666666666,27.059166666666666,33.833333333333336,18.0,39.53333333333333,963.1176666666667,SITE 4,INT
2026-03-21 01:00:00,43.019666666666666,36.62833333333333,27.96033333333333,33.44444444444444,18.62962962962963,41.733333333333334,962.9150000000001,SITE 4,INT
2026-03-21 02:00:00,43.65333333333333,37.1025,28.484333333333332,32.388888888888886,19.01851851851852,45.43333333333333,962.4246666666667,SITE 4,INT
2026-03-21 03:00:00,48.40683333333333,40.774166666666666,32.055166666666665,31.685185185185183,19.48148148148148,48.766666666666666,962.1176666666667,SITE 4,INT
2026-03-21 04:00:00,51.166666666666664,42.63733333333334,33.744166666666665,31.16666666666667,19.61111111111111,50.8,962.1893333333334,SITE 4,INT
2026-03-21 05:00:00,49.37096774193548,41.47758064516129,32.94983870967742,31.09318996415771,19.96415770609319,51.61290322580645,962.4254838709677,SITE 4,INT
2026-03-21 06:00:00,50.70783333333333,42.492333333333335,33.70916666666667,30.703703703703706,19.925925925925927,53.06666666666667,962.9056666666667,SITE 4,INT
2026-03-21 07:00:00,53.21783333333334,44.44416666666667,35.2615,30.62962962962963,20.388888888888893,54.9,963.5183333333333,SITE 4,INT
2026-03-21 08:00:00,51.4625,43.583333333333336,35.14116666666666,31.925925925925927,20.925925925925927,52.8,964.296,SITE 4,INT
2026-03-21 09:00:00,47.34466666666666,39.82833333333333,31.441333333333333,33.370370370370374,21.12962962962963,49.06666666666667,964.8133333333334,SITE 4,INT
2026-03-21 10:00:00,47.1125,39.76,31.238,34.68518518518519,20.64814814814815,44.233333333333334,964.6976666666667,SITE 4,INT
2026-03-21 11:00:00,46.2425,39.04883333333333,30.962,36.07407407407408,20.48148148148148,40.53333333333333,964.2073333333334,SITE 4,INT
2026-03-21 12:00:00,44.26716666666666,37.568999999999996,29.594833333333334,37.64814814814815,20.27777777777778,36.733333333333334,963.3426666666667,SITE 4,INT
2026-03-21 13:00:00,42.83583333333333,36.32366666666667,28.256500000000003,39.2962962962963,19.61111111111111,32.333333333333336,962.2976666666667,SITE 4,INT
2026-03-21 14:00:00,39.940000000000005,33.733,26.110333333333333,41.05555555555556,18.14814814814815,26.733333333333334,961.2196666666666,SITE 4,INT
2026-03-21 15:00:00,40.637166666666666,34.528666666666666,26.444000000000003,42.03703703703704,17.314814814814817,24.066666666666666,960.444,SITE 4,INT
2026-03-21 16:00:00,38.573166666666665,32.72666666666667,24.842166666666667,41.351851851851855,17.462962962962965,25.066666666666666,960.1433333333333,SITE 4,INT
2026-03-21 17:00:00,39.131499999999996,33.16516666666667,25.094833333333334,40.87037037037037,17.166666666666668,25.166666666666668,959.965,SITE 4,INT
2026-03-21 18:00:00,41.08583333333333,34.61666666666667,26.024833333333333,39.22222222222222,17.314814814814817,27.8,960.3933333333333,SITE 4,INT
2026-03-21 19:00:00,43.918064516129036,36.78322580645161,28.129193548387097,37.078853046594986,16.953405017921146,30.612903225806452,961.3890322580645,SITE 4,INT
2026-03-21 20:00:00,46.530499999999996,38.21583333333333,28.341666666666665,37.42592592592593,17.166666666666668,30.433333333333334,962.3356666666666,SITE 4,INT
2026-03-21 21:00:00,45.763,38.390499999999996,29.764333333333333,37.03703703703704,17.814814814814817,32.56666666666667,963.162,SITE 4,INT
2026-03-21 22:00:00,44.7045,37.676500000000004,29.667333333333332,35.666666666666664,18.814814814814817,37.3,963.8703333333334,SITE 4,INT
2026-03-21 23:00:00,41.29116666666666,34.94016666666666,26.968166666666665,34.074074074074076,18.85185185185185,40.833333333333336,963.9246666666667,SITE 4,INT
2026-03-22 00:00:00,40.62883333333333,34.47033333333333,26.50883333333333,33.574074074074076,18.796296296296298,41.96666666666667,963.7056666666667,SITE 4,INT
2026-03-22 01:00:00,40.420833333333334,34.2535,26.287333333333333,33.074074074074076,18.75925925925926,43.166666666666664,963.0426666666666,SITE 4,INT
2026-03-22 02:00:00,41.54533333333334,35.10783333333333,27.4285,32.5,19.092592592592595,45.233333333333334,962.4879999999999,SITE 4,INT
2026-03-22 03:00:00,42.091833333333334,35.50483333333333,28.0475,31.740740740740744,19.40740740740741,48.4,962.4553333333333,SITE 4,INT
2026-03-22 04:00:00,44.344833333333334,37.2975,29.93,31.240740740740744,19.75925925925926,51.333333333333336,962.5806666666666,SITE 4,INT
2026-03-22 05:00:00,47.193666666666665,39.878,31.795833333333334,30.27777777777778,20.518518518518523,56.36666666666667,962.8729999999999,SITE 4,INT
2026-03-22 06:00:00,50.0675,42.051500000000004,33.814,30.12962962962963,20.85185185185185,58.333333333333336,963.4136666666667,SITE 4,INT
2026-03-22 07:00:00,53.13283333333334,44.809666666666665,36.1045,30.555555555555557,21.444444444444446,59.06666666666667,964.3629999999999,SITE 4,INT
2026-03-22 08:00:00,55.425666666666665,46.99616666666667,37.243833333333335,30.740740740740744,21.75925925925926,59.233333333333334,965.1986666666667,SITE 4,INT
2026-03-22 09:00:00,57.48350000000001,49.10816666666667,39.48316666666667,32.12962962962963,21.555555555555557,54.1,965.3516666666667,SITE 4,INT
2026-03-22 10:00:00,59.26616666666666,50.037,39.651666666666664,33.870370370370374,21.38888888888889,48.56666666666667,965.173,SITE 4,INT
2026-03-22 11:00:00,55.573,46.305,36.96033333333333,35.407407407407405,21.14814814814815,43.7,964.37,SITE 4,INT
2026-03-22 12:00:00,54.87,45.47983333333333,36.332499999999996,36.7962962962963,20.75925925925926,39.5,963.3036666666667,SITE 4,INT
2026-03-22 13:00:00,52.38,43.327,34.546,38.12962962962963,20.185185185185183,35.46666666666667,962.3106666666666,SITE 4,INT
2026-03-22 14:00:00,51.257333333333335,42.50816666666666,34.125,39.092592592592595,19.962962962962965,33.13333333333333,961.3786666666667,SITE 4,INT
2026-03-22 15:00:00,53.53816666666667,44.06633333333333,35.59533333333333,39.592592592592595,20.055555555555554,32.46666666666667,960.4403333333333,SITE 4,INT
2026-03-22 16:00:00,49.76564516129033,41.26838709677419,32.72838709677419,40.16129032258065,19.587813620071685,30.677419354838708,959.8406451612904,SITE 4,INT
2026-03-22 17:00:00,50.30083333333334,41.725166666666674,33.08283333333333,38.96296296296296,19.90740740740741,33.266666666666666,960.0253333333334,SITE 4,INT
2026-03-22 18:00:00,57.64516666666667,47.85766666666667,37.48533333333333,38.0,19.98148148148148,35.333333333333336,960.693,SITE 4,INT
2026-03-22 19:00:00,64.533,54.93633333333333,42.82983333333333,37.38888888888889,20.314814814814817,37.3,961.5823333333334,SITE 4,INT
2026-03-22 20:00:00,57.79533333333333,47.965333333333334,37.725166666666674,36.81481481481482,20.222222222222225,38.43333333333333,962.5536666666667,SITE 4,INT
2026-03-22 21:00:00,53.71083333333333,44.14366666666667,35.03183333333333,35.68518518518519,19.925925925925927,40.0,963.3566666666667,SITE 4,INT
2026-03-22 22:00:00,47.41566666666667,39.559999999999995,30.864666666666665,34.57407407407407,18.444444444444446,38.8,964.1173333333334,SITE 4,INT
2026-03-22 23:00:00,41.29266666666667,34.89966666666667,26.74866666666667,34.074074074074076,17.61111111111111,37.96666666666667,964.3116666666666,SITE 4,INT
2026-03-23 00:00:00,43.618,37.014,28.382166666666667,33.48148148148149,17.833333333333332,39.666666666666664,964.075,SITE 4,INT
2026-03-23 01:00:00,46.2305,39.118,30.079,32.851851851851855,17.740740740740744,40.9,963.0063333333333,SITE 4,INT
2026-03-23 02:00:00,38.3955,32.274166666666666,25.082666666666668,31.592592592592595,18.01851851851852,45.0,963.4313333333333,SITE 4,INT
2026-03-23 03:00:00,37.09571428571429,30.720714285714287,23.954285714285714,29.20634920634921,18.253968253968257,51.857142857142854,963.9785714285714,SITE 4,INT
2026-03-23 04:00:00,36.51,30.34,26.14,23.333333333333336,19.444444444444446,80.0,967.54,SITE 4,INT
2026-03-23 05:00:00,31.133333333333333,25.618499999999997,20.794,25.574074074074076,19.61111111111111,70.6,967.3863333333334,SITE 4,INT
2026-03-23 06:00:00,29.1245,24.170833333333334,19.1205,27.203703703703706,19.75925925925926,64.33333333333333,967.7270000000001,SITE 4,INT
2026-03-23 07:00:00,28.910666666666664,24.006666666666668,19.072833333333335,26.98148148148148,19.203703703703706,63.03333333333333,967.4806666666667,SITE 4,INT
2026-03-23 08:00:00,33.490645161290324,27.79612903225806,22.06467741935484,26.971326164874554,19.103942652329753,63.0,967.7393548387096,SITE 4,INT
2026-03-23 09:00:00,38.39966666666667,31.9975,25.422833333333333,26.814814814814817,19.296296296296298,64.26666666666667,967.7906666666667,SITE 4,INT
2026-03-23 10:00:00,38.69949999999999,32.266666666666666,26.1125,26.925925925925927,19.722222222222225,65.2,967.616,SITE 4,INT
2026-03-23 11:00:00,35.63699999999999,29.377166666666668,24.379,28.444444444444446,19.833333333333332,60.266666666666666,966.632,SITE 4,INT
2026-03-23 12:00:00,31.87816666666667,26.713,21.130333333333333,30.222222222222225,19.90740740740741,54.733333333333334,965.3653333333333,SITE 4,INT
2026-03-23 13:00:00,29.805,25.180666666666664,19.976166666666664,31.296296296296298,19.425925925925927,49.733333333333334,964.3376666666667,SITE 4,INT
2026-03-23 14:00:00,29.983833333333333,25.288999999999998,20.0275,32.24074074074074,19.85185185185185,48.333333333333336,963.9356666666666,SITE 4,INT
2026-03-23 15:00:00,29.165333333333333,24.5085,19.34783333333333,32.53703703703704,19.962962962962965,48.13333333333333,963.6533333333333,SITE 4,INT
2026-03-23 16:00:00,27.454,23.2485,18.395,32.77777777777778,20.48148148148148,48.63333333333333,963.3539999999999,SITE 4,INT
2026-03-23 17:00:00,32.248666666666665,27.353666666666665,21.392833333333332,32.75925925925926,20.62962962962963,49.1,963.14,SITE 4,INT
2026-03-23 18:00:00,48.33166666666667,41.239333333333335,31.27716666666667,32.22222222222222,21.055555555555557,52.0,963.4336666666667,SITE 4,INT
2026-03-23 19:00:00,118.45733333333332,114.09750000000001,81.9755,31.740740740740744,21.666666666666668,56.1,964.1893333333334,SITE 4,INT
2026-03-23 20:00:00,62.33083333333333,52.516666666666666,40.05766666666667,31.111111111111118,21.055555555555554,55.766666666666666,964.9523333333333,SITE 4,INT
2026-03-23 21:00:00,68.62466666666666,61.71816666666667,46.867,31.092592592592595,21.185185185185183,56.233333333333334,965.765,SITE 4,INT
2026-03-23 22:00:00,59.53283333333333,49.71383333333333,37.95033333333333,30.62962962962963,21.740740740740744,59.333333333333336,966.3713333333333,SITE 4,INT
2026-03-23 23:00:00,34.34533333333333,28.858,22.007,31.055555555555557,20.240740740740744,52.86666666666667,966.075,SITE 4,INT
2026-03-24 00:00:00,34.773,29.413999999999998,22.315333333333335,30.388888888888893,20.092592592592595,54.5,965.98,SITE 4,INT
2026-03-24 01:00:00,44.32683333333333,37.75566666666667,28.67716666666667,30.0,20.944444444444446,58.93333333333333,965.4496666666668,SITE 4,INT
2026-03-24 02:00:00,43.217666666666666,36.52516666666667,27.600166666666667,29.62962962962963,21.09259259259259,60.4,965.0086666666666,SITE 4,INT
2026-03-24 03:00:00,44.439166666666665,37.772666666666666,28.678166666666666,29.444444444444446,20.703703703703702,60.13333333333333,965.0873333333333,SITE 4,INT
2026-03-24 04:00:00,40.449333333333335,34.33983333333333,26.550666666666665,28.962962962962965,19.962962962962965,58.8,964.9879999999999,SITE 4,INT
2026-03-24 05:00:00,36.412166666666664,31.008166666666668,24.0415,28.722222222222225,19.25925925925926,57.166666666666664,965.122,SITE 4,INT
2026-03-24 06:00:00,39.04783333333333,33.040333333333336,25.592666666666666,28.75925925925926,19.351851851851855,57.233333333333334,965.6293333333334,SITE 4,INT
2026-03-24 07:00:00,39.5535,33.46816666666667,26.017833333333332,28.64814814814815,19.53703703703704,58.43333333333333,966.2613333333334,SITE 4,INT
2026-03-24 08:00:00,45.65533333333334,39.00233333333333,29.8945,29.703703703703702,20.5,58.2,966.7833333333333,SITE 4,INT
2026-03-24 09:00:00,45.57066666666666,38.568666666666665,29.197499999999998,31.25925925925926,21.185185185185183,55.63333333333333,966.9326666666667,SITE 4,INT
2026-03-24 10:00:00,45.526833333333336,38.7595,29.514499999999998,32.98148148148148,21.25925925925926,50.7,966.8773333333334,SITE 4,INT
2026-03-24 11:00:00,42.48866666666667,36.36816666666667,27.73,34.57407407407407,20.5,44.36666666666667,966.5319999999999,SITE 4,INT
2026-03-24 12:00:00,37.66566666666667,32.201,24.374833333333335,36.037037037037045,20.22222222222222,39.86666666666667,965.5813333333333,SITE 4,INT
2026-03-24 13:00:00,35.66583333333333,30.4975,23.307333333333336,37.62962962962963,20.11111111111111,36.46666666666667,964.5403333333333,SITE 4,INT
2026-03-24 14:00:00,35.041000000000004,30.063666666666666,23.080499999999997,39.07407407407407,20.01851851851852,33.333333333333336,963.5686666666667,SITE 4,INT
2026-03-24 15:00:00,32.994166666666665,28.22533333333333,21.895833333333332,40.24074074074074,19.055555555555557,29.633333333333333,962.8156666666667,SITE 4,INT
2026-03-24 16:00:00,33.35466666666667,28.344333333333335,21.98033333333333,40.53703703703704,18.388888888888893,27.733333333333334,962.3566666666667,SITE 4,INT
2026-03-24 17:00:00,36.49133333333334,31.170333333333335,23.548833333333334,38.277777777777786,18.055555555555557,30.833333333333332,962.3896666666666,SITE 4,INT
2026-03-24 18:00:00,47.875,39.84866666666667,29.276833333333332,37.22222222222222,18.685185185185183,33.93333333333333,962.9963333333333,SITE 4,INT
2026-03-24 19:00:00,79.45366666666668,71.37916666666666,52.55133333333333,36.66666666666667,19.51851851851852,36.9,963.7993333333333,SITE 4,INT
2026-03-24 20:00:00,67.44483333333334,57.808,43.31766666666667,36.07407407407408,20.25925925925926,39.766666666666666,964.7626666666667,SITE 4,INT
2026-03-24 21:00:00,45.20887096774193,38.21048387096774,28.741935483870968,33.691756272401435,19.35483870967742,43.064516129032256,965.7290322580644,SITE 4,INT
2026-03-24 22:00:00,40.716833333333334,34.83833333333334,26.235,32.88888888888889,19.11111111111111,44.6,966.1863333333333,SITE 4,INT
2026-03-24 23:00:00,37.19733333333333,31.925833333333333,24.226666666666667,32.074074074074076,19.0,46.43333333333333,966.2033333333333,SITE 4,INT
2026-03-25 00:00:00,35.0475,30.072166666666664,23.043,30.703703703703706,18.722222222222225,49.1,965.69,SITE 4,INT
2026-03-25 01:00:00,36.59166666666667,31.112166666666667,23.801833333333335,30.314814814814817,18.925925925925927,50.766666666666666,965.315,SITE 4,INT
2026-03-25 02:00:00,34.22616666666667,29.037333333333333,22.497166666666665,29.703703703703702,18.685185185185183,52.1,964.8936666666667,SITE 4,INT
2026-03-25 03:00:00,35.98583333333333,30.34283333333333,23.707666666666668,28.814814814814817,18.722222222222225,54.9,964.3256666666667,SITE 4,INT
2026-03-25 04:00:00,36.43966666666667,30.654166666666665,24.00316666666667,28.425925925925927,18.462962962962965,55.7,964.112,SITE 4,INT
2026-03-25 05:00:00,43.3735,36.4205,28.486666666666668,28.85185185185185,19.12962962962963,56.266666666666666,964.2446666666667,SITE 4,INT
2026-03-25 06:00:00,49.46366666666667,41.66883333333333,32.65566666666667,28.722222222222225,19.12962962962963,56.9,964.6110000000001,SITE 4,INT
2026-03-25 07:00:00,44.72566666666667,37.7895,29.628,28.833333333333332,18.462962962962965,54.333333333333336,965.154,SITE 4,INT
2026-03-25 08:00:00,44.157000000000004,37.149833333333326,29.096999999999998,29.185185185185183,18.666666666666668,53.5,965.6110000000001,SITE 4,INT
2026-03-25 09:00:00,50.622499999999995,42.4095,32.96933333333333,30.722222222222225,20.0,53.06666666666667,966.309,SITE 4,INT
2026-03-25 10:00:00,49.882333333333335,41.715333333333334,31.965833333333332,32.407407407407405,20.333333333333332,49.4,966.3743333333333,SITE 4,INT
2026-03-25 11:00:00,47.424499999999995,40.00083333333334,30.362833333333334,33.111111111111114,20.425925925925927,47.63333333333333,965.8256666666667,SITE 4,INT
2026-03-25 12:00:00,43.95241935483871,37.366290322580646,28.23693548387097,35.26881720430107,19.82078853046595,40.83870967741935,964.7096774193549,SITE 4,INT
2026-03-25 13:00:00,43.00116666666667,36.68183333333333,27.564833333333333,37.111111111111114,19.833333333333332,36.7,963.5333333333333,SITE 4,INT
2026-03-25 14:00:00,43.72366666666667,37.01200000000001,27.682333333333336,38.24074074074074,19.796296296296298,34.4,962.5713333333333,SITE 4,INT
2026-03-25 15:00:00,43.41583333333333,36.813,27.087333333333333,37.87037037037037,19.962962962962965,35.3,962.0603333333333,SITE 4,INT
2026-03-25 16:00:00,45.38283333333334,38.01233333333333,28.055,38.092592592592595,20.01851851851852,35.2,961.9053333333334,SITE 4,INT
2026-03-25 17:00:00,54.69733333333333,45.5995,33.15383333333333,37.96296296296296,19.85185185185185,35.166666666666664,962.197,SITE 4,INT
2026-03-25 18:00:00,65.19800000000001,54.79333333333333,40.6205,36.88888888888889,19.90740740740741,37.266666666666666,962.8633333333333,SITE 4,INT
2026-03-25 19:00:00,63.751333333333335,53.3785,39.517500000000005,35.851851851851855,20.01851851851852,39.766666666666666,963.6896666666667,SITE 4,INT
2026-03-25 20:00:00,52.73533333333333,43.408500000000004,32.489666666666665,34.87037037037037,19.85185185185185,41.7,964.3726666666666,SITE 4,INT
2026-03-25 21:00:00,48.66133333333333,40.72833333333333,30.4285,34.03703703703704,19.592592592592595,43.06666666666667,965.143,SITE 4,INT
2026-03-25 22:00:00,49.1265,41.03666666666666,30.71033333333333,33.62962962962963,19.88888888888889,44.96666666666667,965.349,SITE 4,INT
2026-03-25 23:00:00,48.92033333333333,40.74783333333333,30.1215,32.57407407407407,20.01851851851852,48.03333333333333,965.204,SITE 4,INT
2026-03-26 00:00:00,46.3495,39.25633333333334,29.233833333333333,31.98148148148148,20.11111111111111,50.0,964.7473333333332,SITE 4,INT
2026-03-26 01:00:00,44.57166666666667,37.93533333333333,27.721999999999998,31.018518518518523,20.240740740740744,52.833333333333336,963.963,SITE 4,INT
2026-03-26 02:00:00,45.82716666666667,38.727666666666664,28.259999999999998,30.48148148148148,19.944444444444446,54.13333333333333,963.7353333333334,SITE 4,INT
2026-03-26 03:00:00,44.955333333333336,38.28883333333333,28.268166666666666,30.074074074074073,19.685185185185183,54.4,963.6096666666667,SITE 4,INT
2026-03-26 04:00:00,44.575,38.149166666666666,28.610500000000002,29.87037037037037,19.592592592592595,54.733333333333334,963.7503333333334,SITE 4,INT
2026-03-26 05:00:00,49.08483870967742,41.31338709677419,31.0991935483871,29.42652329749104,19.749103942652333,56.483870967741936,964.2716129032258,SITE 4,INT
2026-03-26 06:00:00,56.112833333333334,46.13133333333334,35.173,29.444444444444446,20.0,57.46666666666667,964.8163333333334,SITE 4,INT
2026-03-26 07:00:00,55.12916666666667,45.5135,34.5325,29.40740740740741,20.11111111111111,57.766666666666666,965.463,SITE 4,INT
2026-03-26 08:00:00,53.18716666666667,43.8615,32.735,30.203703703703702,20.203703703703702,55.46666666666667,966.0053333333333,SITE 4,INT
2026-03-26 09:00:00,49.83583333333333,41.94266666666667,31.276833333333336,31.53703703703704,20.240740740740744,51.46666666666667,966.228,SITE 4,INT
2026-03-26 10:00:00,53.19433333333333,43.90833333333333,33.35016666666667,32.88888888888889,20.35185185185185,48.166666666666664,965.862,SITE 4,INT
2026-03-26 11:00:00,52.39383333333333,43.455666666666666,33.24816666666666,34.75925925925926,20.425925925925927,43.4,965.1726666666667,SITE 4,INT
2026-03-26 12:00:00,50.07483333333334,41.43833333333334,31.416999999999998,36.31481481481482,20.37037037037037,39.63333333333333,964.0926666666667,SITE 4,INT
2026-03-26 13:00:00,47.517,39.20366666666666,28.748833333333334,37.62962962962963,20.11111111111111,36.4,962.8123333333333,SITE 4,INT
2026-03-26 14:00:00,48.1905,39.0855,28.0125,39.111111111111114,20.0,33.46666666666667,961.7956666666666,SITE 4,INT
2026-03-26 15:00:00,45.30283333333333,36.915333333333336,26.180666666666664,39.77777777777778,19.370370370370374,30.9,961.223,SITE 4,INT
2026-03-26 16:00:00,44.17766666666667,36.269999999999996,26.067,40.01851851851852,18.85185185185185,29.433333333333334,961.0096666666667,SITE 4,INT
2026-03-26 17:00:00,46.4275,38.1255,27.56066666666667,38.46296296296296,18.48148148148148,31.2,960.8706666666666,SITE 4,INT
2026-03-26 18:00:00,60.12758064516129,49.50387096774194,36.23435483870968,37.63440860215054,18.799283154121866,33.45161290322581,961.5303225806451,SITE 4,INT
2026-03-26 19:00:00,65.63816666666666,54.160666666666664,39.642,36.7962962962963,19.0,35.53333333333333,962.2236666666666,SITE 4,INT
2026-03-26 20:00:00,60.347833333333334,48.42783333333333,36.0115,36.351851851851855,19.666666666666668,37.96666666666667,963.005,SITE 4,INT
2026-03-26 21:00:00,60.191,48.44466666666666,36.11333333333334,35.42592592592593,20.222222222222225,41.166666666666664,963.6983333333334,SITE 4,INT
2026-03-26 22:00:00,57.04316666666667,46.145833333333336,34.52016666666667,34.72222222222222,20.35185185185185,43.2,964.249,SITE 4,INT
2026-03-26 23:00:00,57.64266666666666,47.0385,35.473333333333336,34.25925925925926,20.37037037037037,44.766666666666666,964.537,SITE 4,INT
2026-03-27 00:00:00,53.38883333333333,43.83116666666667,33.28916666666667,33.74074074074074,20.333333333333332,45.53333333333333,963.8746666666667,SITE 4,INT
2026-03-27 01:00:00,53.26916666666667,43.647166666666664,33.1625,32.7037037037037,20.25925925925926,48.06666666666667,963.303,SITE 4,INT
2026-03-27 02:00:00,53.167,43.6595,33.44416666666667,31.203703703703706,20.14814814814815,52.3,962.9979999999999,SITE 4,INT
2026-03-27 03:00:00,51.320166666666665,42.3035,31.6405,30.685185185185187,20.27777777777778,54.5,962.9773333333334,SITE 4,INT
2026-03-27 04:00:00,52.16466666666667,42.88616666666667,32.326,30.333333333333332,20.296296296296298,55.53333333333333,963.2676666666666,SITE 4,INT
2026-03-27 05:00:00,52.355333333333334,42.989333333333335,32.47766666666667,30.27777777777778,20.27777777777778,55.6,963.8116666666666,SITE 4,INT
2026-03-27 06:00:00,55.58822580645161,45.39354838709678,34.56548387096774,30.03584229390681,20.268817204301076,56.25806451612903,964.351935483871,SITE 4,INT
2026-03-27 07:00:00,57.34016666666666,46.768,35.71183333333333,29.75925925925926,20.296296296296298,57.63333333333333,965.3653333333333,SITE 4,INT
2026-03-27 08:00:00,56.006166666666665,45.77633333333333,34.904833333333336,30.722222222222225,20.75925925925926,55.96666666666667,966.3256666666667,SITE 4,INT
2026-03-27 09:00:00,50.5805,41.75816666666666,31.372333333333334,32.351851851851855,20.90740740740741,51.36666666666667,966.4493333333334,SITE 4,INT
2026-03-27 10:00:00,47.93366666666667,40.3715,29.9225,33.90740740740741,20.88888888888889,47.0,966.4056666666667,SITE 4,INT
2026-03-27 11:00:00,45.911833333333334,38.9885,29.0245,35.37037037037037,20.537037037037035,42.266666666666666,966.0583333333333,SITE 4,INT
2026-03-27 12:00:00,46.8545,39.51866666666667,29.809666666666665,36.72222222222222,20.444444444444446,39.06666666666667,965.1296666666666,SITE 4,INT
2026-03-27 13:00:00,48.22516666666666,40.22383333333333,30.407333333333334,36.70370370370371,20.14814814814815,38.43333333333333,964.018,SITE 4,INT
2026-03-27 14:00:00,51.848333333333336,42.55866666666667,31.946,34.81481481481481,22.888888888888893,50.63333333333333,962.8736666666666,SITE 4,INT
2026-03-27 15:00:00,51.12166666666666,42.19083333333333,31.82016666666667,36.777777777777786,21.092592592592595,40.5,962.2330000000001,SITE 4,INT
2026-03-27 16:00:00,58.42793103448276,50.254482758620696,36.66724137931034,31.95402298850575,20.881226053639846,52.62068965517241,962.9541379310344,SITE 4,INT
2026-03-27 17:00:00,43.845,36.80216666666667,27.507333333333335,30.796296296296298,20.462962962962965,54.46666666666667,963.0856666666666,SITE 4,INT
2026-03-27 18:00:00,50.8855,42.236666666666665,31.767666666666667,31.074074074074076,20.555555555555557,54.0,964.2686666666667,SITE 4,INT
2026-03-27 19:00:00,51.46966666666666,42.450500000000005,32.02816666666667,30.574074074074076,20.62962962962963,56.1,964.971,SITE 4,INT
2026-03-27 20:00:00,55.68383333333334,46.09566666666667,35.049499999999995,30.555555555555557,21.166666666666668,58.03333333333333,965.8056666666666,SITE 4,INT
2026-03-27 21:00:00,47.782000000000004,40.056666666666665,30.062833333333334,30.27777777777778,21.462962962962965,59.93333333333333,966.4626666666667,SITE 4,INT
2026-03-27 22:00:00,47.83155172413793,39.913275862068964,29.87655172413793,30.268199233716476,21.379310344827587,59.13793103448276,966.7786206896552,SITE 4,INT
2026-03-27 23:00:00,50.412333333333336,41.82633333333333,31.80933333333333,30.01851851851852,21.555555555555557,61.03333333333333,966.6783333333333,SITE 4,INT
2026-03-28 00:00:00,44.64566666666666,37.733666666666664,28.324333333333335,29.40740740740741,21.14814814814815,62.0,966.7199999999999,SITE 4,INT
2026-03-28 01:00:00,41.971333333333334,35.330000000000005,27.168,28.61111111111111,20.740740740740744,63.06666666666667,966.1323333333333,SITE 4,INT
2026-03-28 02:00:00,42.938,35.91366666666667,28.071833333333334,28.296296296296298,20.074074074074076,61.666666666666664,965.6916666666667,SITE 4,INT
2026-03-28 03:00:00,40.87844827586206,34.29896551724138,26.397068965517242,28.12260536398468,19.6360153256705,60.55172413793103,966.0289655172414,SITE 4,INT
2026-03-28 04:00:00,43.485,36.50633333333334,28.32316666666667,27.85185185185185,19.888888888888893,62.6,966.231,SITE 4,INT
2026-03-28 05:00:00,47.145833333333336,39.765,31.58,27.518518518518523,20.5,66.16666666666667,966.501,SITE 4,INT
2026-03-28 06:00:00,48.39816666666666,40.8745,33.12866666666667,27.31481481481482,20.01851851851852,65.2,967.0236666666666,SITE 4,INT
2026-03-28 07:00:00,47.62316666666666,40.140166666666666,32.4005,27.53703703703704,19.98148148148148,63.86666666666667,967.3123333333333,SITE 4,INT
2026-03-28 08:00:00,48.9675,41.29,31.718,28.48148148148148,20.240740740740744,61.833333333333336,967.725,SITE 4,INT
2026-03-28 09:00:00,44.85583333333333,38.000499999999995,28.537333333333333,30.185185185185183,20.462962962962965,56.63333333333333,968.5246666666666,SITE 4,INT
2026-03-28 10:00:00,44.11620689655173,37.095000000000006,27.577758620689654,30.95785440613027,20.632183908045977,54.58620689655172,969.3641379310345,SITE 4,INT
2026-03-28 11:00:00,38.45583333333333,32.86516666666667,24.62816666666667,32.851851851851855,20.85185185185185,49.733333333333334,968.991,SITE 4,INT
2026-03-28 12:00:00,38.06466666666667,32.3265,24.5005,32.351851851851855,20.203703703703702,49.166666666666664,967.8216666666667,SITE 4,INT
2026-03-28 13:00:00,36.23016666666667,30.905166666666666,23.445833333333333,33.62962962962963,20.35185185185185,46.13333333333333,966.203,SITE 4,INT
2026-03-28 14:00:00,34.627833333333335,29.493166666666664,22.61616666666667,34.333333333333336,19.796296296296298,42.833333333333336,964.902,SITE 4,INT
2026-03-28 15:00:00,34.00741379310345,28.96948275862069,22.16637931034483,34.44444444444444,19.233716475095786,41.06896551724138,963.8900000000001,SITE 4,INT
2026-03-28 16:00:00,35.66916666666667,30.317666666666664,22.899333333333335,35.12962962962963,19.555555555555557,40.4,963.6139999999999,SITE 4,INT
2026-03-28 17:00:00,39.25916666666667,33.345666666666666,25.034,34.81481481481481,19.814814814814817,41.6,963.8446666666666,SITE 4,INT
2026-03-28 18:00:00,44.07283333333333,36.783,26.81816666666667,34.00000000000001,19.796296296296298,43.63333333333333,964.3986666666666,SITE 4,INT
2026-03-28 19:00:00,46.93866666666666,39.2205,28.471,33.42592592592593,20.518518518518523,47.1,964.9596666666667,SITE 4,INT
2026-03-28 20:00:00,45.27766666666666,38.118833333333335,27.988666666666667,32.88888888888889,20.388888888888893,48.1,965.5713333333333,SITE 4,INT
2026-03-28 21:00:00,61.47034482758621,50.46431034482758,36.83568965517241,32.452107279693486,20.65134099616858,50.275862068965516,965.9434482758621,SITE 4,INT
2026-03-28 22:00:00,56.06466666666667,45.39416666666667,32.608666666666664,32.148148148148145,20.11111111111111,49.6,966.293,SITE 4,INT
2026-03-28 23:00:00,47.325833333333335,39.58183333333333,29.294500000000003,32.166666666666664,20.388888888888893,50.13333333333333,966.3603333333334,SITE 4,INT
2026-03-29 00:00:00,40.18333333333333,34.277,25.643666666666665,31.77777777777778,19.64814814814815,49.5,965.8243333333334,SITE 4,INT
2026-03-29 01:00:00,39.7055,33.97183333333333,25.37633333333333,31.574074074074076,19.77777777777778,50.1,965.1616666666666,SITE 4,INT
2026-03-29 02:00:00,44.51568965517241,37.18362068965517,26.885862068965515,31.13026819923372,19.712643678160923,51.06896551724138,964.6144827586206,SITE 4,INT
2026-03-29 03:00:00,46.143166666666666,38.637166666666666,27.862000000000002,31.092592592592595,20.166666666666668,52.53333333333333,964.188,SITE 4,INT
2026-03-29 04:00:00,44.817,37.98133333333333,27.686,30.5,20.240740740740744,54.43333333333333,964.3866666666667,SITE 4,INT
2026-03-29 05:00:00,44.42616666666667,37.65333333333333,27.616333333333333,29.703703703703702,20.14814814814815,56.93333333333333,964.7866666666666,SITE 4,INT
2026-03-29 06:00:00,55.592666666666666,45.22533333333333,33.49483333333333,29.425925925925927,20.166666666666668,58.0,965.277,SITE 4,INT
2026-03-29 07:00:00,57.80083333333334,46.934999999999995,34.63883333333333,30.240740740740744,20.074074074074076,55.13333333333333,966.075,SITE 4,INT
2026-03-29 08:00:00,51.2415,42.373000000000005,31.052500000000002,31.074074074074076,19.944444444444446,52.06666666666667,966.669,SITE 4,INT
2026-03-29 09:00:00,39.54666666666667,33.649,25.1405,32.574074074074076,19.75925925925926,47.166666666666664,966.5476666666667,SITE 4,INT
2026-03-29 10:00:00,39.737758620689654,33.94724137931035,25.388448275862068,33.9080459770115,20.45977011494253,45.724137931034484,966.6231034482759,SITE 4,INT
2026-03-29 11:00:00,39.4465,33.501999999999995,24.87933333333333,35.14814814814815,20.48148148148148,42.7,965.6553333333334,SITE 4,INT
2026-03-29 12:00:00,35.998666666666665,30.426333333333332,22.424833333333332,36.537037037037045,19.75925925925926,37.766666666666666,964.2903333333333,SITE 4,INT
2026-03-29 13:00:00,35.1945,29.299500000000002,21.517166666666665,37.96296296296296,19.48148148148148,34.233333333333334,962.7006666666667,SITE 4,INT
2026-03-29 14:00:00,37.845,31.474,22.693500000000004,38.592592592592595,19.14814814814815,32.4,961.1726666666667,SITE 4,INT
2026-03-29 15:00:00,41.522166666666664,33.82733333333333,23.621166666666667,38.25925925925926,19.185185185185187,33.1,961.2306666666666,SITE 4,INT
2026-03-29 16:00:00,29.874166666666667,24.166,17.826666666666664,30.87037037037037,20.203703703703702,54.03333333333333,963.5083333333333,SITE 4,INT
2026-03-29 17:00:00,33.821551724137926,27.757758620689657,20.894310344827584,27.81609195402299,20.30651340996169,64.58620689655173,965.9572413793103,SITE 4,INT
2026-03-29 18:00:00,39.54866666666667,32.503,24.3615,26.962962962962965,20.61111111111111,69.0,966.1126666666667,SITE 4,INT
2026-03-29 19:00:00,44.9455,35.79116666666667,24.978,26.814814814814817,20.185185185185183,68.16666666666667,965.9680000000001,SITE 4,INT
2026-03-29 20:00:00,48.63633333333333,38.731,26.796333333333333,27.240740740740744,19.944444444444446,65.13333333333334,966.9003333333334,SITE 4,INT
2026-03-29 21:00:00,46.92033333333333,37.11483333333333,25.6115,27.833333333333332,20.203703703703702,63.63333333333333,967.1343333333333,SITE 4,INT
2026-03-29 22:00:00,44.1595,34.9415,23.382833333333334,27.944444444444446,20.703703703703702,65.33333333333333,968.4713333333333,SITE 4,INT
2026-03-29 23:00:00,41.85183333333334,33.52233333333333,25.200333333333333,26.796296296296298,20.555555555555557,69.43333333333334,967.5563333333333,SITE 4,INT
2026-03-30 00:00:00,37.38866666666667,30.101666666666667,24.585833333333333,26.425925925925927,20.35185185185185,70.7,966.1066666666667,SITE 4,INT
2026-03-30 01:00:00,31.634999999999998,25.648500000000002,19.780166666666666,26.166666666666668,20.055555555555554,69.8,964.751,SITE 4,INT
2026-03-30 02:00:00,32.254666666666665,26.183666666666667,20.683666666666667,26.888888888888893,20.055555555555554,66.8,964.062,SITE 4,INT
2026-03-30 03:00:00,33.28741379310345,26.68706896551724,21.06551724137931,27.203065134099617,19.980842911877396,65.44827586206897,963.8975862068966,SITE 4,INT
2026-03-30 04:00:00,32.6045,26.446166666666667,20.6125,26.962962962962965,19.40740740740741,63.96666666666667,963.713,SITE 4,INT
2026-03-30 05:00:00,37.068333333333335,30.110333333333333,23.342499999999998,27.092592592592595,19.87037037037037,65.43333333333334,964.34,SITE 4,INT
2026-03-30 06:00:00,39.88333333333333,32.71233333333333,25.289833333333334,27.092592592592595,19.61111111111111,64.33333333333333,964.7296666666666,SITE 4,INT
2026-03-30 07:00:00,39.1325,31.973166666666668,24.19766666666667,26.98148148148148,20.092592592592595,66.8,965.1460000000001,SITE 4,INT
2026-03-30 08:00:00,34.7185,28.260499999999997,21.080166666666667,28.61111111111111,21.037037037037035,64.06666666666666,965.8526666666668,SITE 4,INT
2026-03-30 09:00:00,31.889333333333333,26.27466666666667,19.735,29.77777777777778,21.48148148148148,61.833333333333336,966.4303333333334,SITE 4,INT
2026-03-30 10:00:00,31.141000000000002,25.717499999999998,19.537333333333333,31.222222222222225,22.055555555555554,58.56666666666667,966.5669999999999,SITE 4,INT
2026-03-30 11:00:00,30.572586206896553,25.317068965517244,19.31603448275862,32.41379310344828,22.22222222222222,55.62068965517241,966.1355172413794,SITE 4,INT
2026-03-30 12:00:00,31.168833333333335,26.14816666666667,19.988166666666665,33.7962962962963,22.425925925925927,51.833333333333336,965.2156666666667,SITE 4,INT
2026-03-30 13:00:00,34.59433333333333,29.0155,22.198,34.74074074074074,21.12962962962963,45.36666666666667,964.2016666666666,SITE 4,INT
2026-03-30 14:00:00,29.192999999999998,24.3525,19.000333333333334,35.92592592592593,19.925925925925927,39.46666666666667,963.191,SITE 4,INT
2026-03-30 15:00:00,25.936500000000002,21.711333333333336,16.944666666666667,37.01851851851852,19.85185185185185,36.93333333333333,962.6563333333332,SITE 4,INT
2026-03-30 16:00:00,27.012166666666666,22.531333333333333,17.36616666666667,37.55555555555556,19.98148148148148,36.2,962.4213333333333,SITE 4,INT
2026-03-30 17:00:00,32.423500000000004,27.298166666666667,20.397499999999997,35.7037037037037,18.888888888888893,37.53333333333333,962.6526666666666,SITE 4,INT
2026-03-30 18:00:00,46.01466666666667,37.73566666666667,27.437666666666665,34.75925925925926,19.53703703703704,41.06666666666667,963.1139999999999,SITE 4,INT
2026-03-30 19:00:00,70.62066666666666,60.45516666666666,44.181333333333335,34.25925925925926,20.574074074074076,45.166666666666664,963.8153333333333,SITE 4,INT
2026-03-30 20:00:00,57.357166666666664,46.6135,34.5015,33.74074074074074,20.907407407407405,47.56666666666667,964.3203333333333,SITE 4,INT
2026-03-30 21:00:00,48.5655,40.183,29.408166666666666,33.333333333333336,20.85185185185185,48.36666666666667,965.068,SITE 4,INT
2026-03-30 22:00:00,36.973499999999994,30.791666666666668,22.650666666666666,33.12962962962963,20.574074074074076,48.166666666666664,965.598,SITE 4,INT
2026-03-30 23:00:00,44.025,36.28103448275862,26.104827586206895,32.06896551724138,21.015325670498086,52.758620689655174,965.5555172413793,SITE 4,INT
2026-03-31 00:00:00,39.400666666666666,32.573,23.833833333333335,31.796296296296298,21.27777777777778,53.8,964.9986666666666,SITE 4,INT
2026-03-31 01:00:00,34.61633333333334,28.674500000000002,21.41866666666667,31.666666666666668,21.22222222222222,54.43333333333333,964.4639999999999,SITE 4,INT
2026-03-31 02:00:00,33.0,27.568833333333334,20.746166666666667,31.592592592592595,21.22222222222222,54.53333333333333,963.9336666666666,SITE 4,INT
2026-03-31 03:00:00,33.66683333333334,28.078166666666668,21.207833333333333,31.16666666666667,21.166666666666668,55.53333333333333,963.5706666666666,SITE 4,INT
2026-03-31 04:00:00,32.734,27.490000000000002,20.891333333333332,30.925925925925927,21.09259259259259,55.96666666666667,963.5120000000001,SITE 4,INT
2026-03-31 05:00:00,34.126,28.626166666666666,21.62183333333333,30.222222222222225,20.85185185185185,57.56666666666667,963.6676666666666,SITE 4,INT
2026-03-31 06:00:00,39.93766666666667,33.452333333333335,24.924333333333333,30.0,20.62962962962963,57.733333333333334,964.3253333333333,SITE 4,INT
2026-03-31 07:00:00,47.42206896551724,39.76258620689655,29.142068965517243,29.96168582375479,21.053639846743295,59.310344827586206,965.346551724138,SITE 4,INT
2026-03-31 08:00:00,44.78103448275862,37.49224137931035,28.461206896551722,29.501915708812263,20.977011494252874,60.6551724137931,966.6662068965517,SITE 4,INT
2026-03-31 09:00:00,48.142,40.187000000000005,30.673333333333336,30.03703703703704,21.203703703703702,59.733333333333334,967.4316666666667,SITE 4,INT
2026-03-31 10:00:00,41.406333333333336,34.936166666666665,26.772,31.296296296296298,21.444444444444446,56.333333333333336,967.8216666666667,SITE 4,INT
2026-03-31 11:00:00,36.53783333333333,30.977666666666668,23.7765,32.666666666666664,21.85185185185185,53.2,967.3953333333334,SITE 4,INT
2026-03-31 12:00:00,34.4915,29.521,22.624666666666666,33.148148148148145,21.61111111111111,51.06666666666667,966.5813333333333,SITE 4,INT
2026-03-31 13:00:00,36.4625,30.900666666666666,23.7225,34.074074074074076,21.907407407407405,49.4,965.5353333333334,SITE 4,INT
2026-03-31 14:00:00,33.74516666666667,28.703333333333333,22.041833333333333,34.77777777777778,21.574074074074076,46.766666666666666,964.3253333333333,SITE 4,INT
2026-03-31 15:00:00,36.45433333333333,30.688166666666667,23.241,35.90740740740741,21.24074074074074,43.0,963.647,SITE 4,INT
2026-03-31 16:00:00,36.8435,31.210833333333333,23.436666666666667,36.18518518518519,21.333333333333332,42.53333333333333,963.045,SITE 4,INT
2026-03-31 17:00:00,31.761666666666667,26.424333333333333,20.0195,32.611111111111114,18.388888888888893,43.3,964.4256666666666,SITE 4,INT
2026-03-31 18:00:00,34.73266666666667,29.215,21.942,31.111111111111118,18.03703703703704,46.0,964.735,SITE 4,INT
2026-03-31 19:00:00,40.6715,33.7425,24.787333333333333,30.833333333333336,18.166666666666668,46.833333333333336,964.8453333333333,SITE 4,INT
2026-03-31 20:00:00,45.29551724137931,37.81413793103448,27.747413793103448,30.3639846743295,17.854406130268202,47.48275862068966,965.1306896551724,SITE 4,INT
2026-03-31 21:00:00,38.431333333333335,31.961666666666666,23.64333333333333,30.37037037037037,17.407407407407405,46.2,965.679,SITE 4,INT
2026-03-31 22:00:00,30.875,25.6425,19.5085,30.574074074074076,16.166666666666668,42.03333333333333,966.0669999999999,SITE 4,INT
2026-03-31 23:00:00,31.913,26.859333333333332,20.213833333333334,30.5,17.240740740740744,45.36666666666667,966.3783333333333,SITE 4,INT
2026-04-01 00:00:00,33.5685,28.304333333333332,21.363999999999997,29.962962962962965,18.592592592592595,51.13333333333333,966.107,SITE 4,INT
2026-04-01 01:00:00,35.18967741935484,29.55790322580645,22.043225806451613,29.480286738351257,19.301075268817204,54.806451612903224,965.9267741935483,SITE 4,INT
2026-04-01 02:00:00,37.485,31.595666666666666,23.3875,29.370370370370374,20.055555555555554,57.9,965.8366666666666,SITE 4,INT
2026-04-01 03:00:00,37.864333333333335,31.47233333333333,23.263666666666666,28.87037037037037,20.055555555555554,59.733333333333334,965.465,SITE 4,INT
2026-04-01 04:00:00,35.43633333333333,29.697166666666664,22.509,28.88888888888889,20.0,59.666666666666664,965.578,SITE 4,INT
2026-04-01 05:00:00,35.5875,29.7365,22.494666666666667,28.5,19.85185185185185,60.03333333333333,965.9256666666666,SITE 4,INT
2026-04-01 06:00:00,38.75266666666666,32.47983333333333,24.6325,28.555555555555557,20.222222222222225,61.03333333333333,966.418,SITE 4,INT
2026-04-01 07:00:00,42.38766666666667,35.44266666666667,26.26383333333333,29.444444444444446,20.203703703703702,58.06666666666667,967.0486666666667,SITE 4,INT
2026-04-01 08:00:00,50.85166666666667,40.7795,28.403166666666667,30.518518518518523,18.685185185185183,49.666666666666664,967.6786666666667,SITE 4,INT
2026-04-01 09:00:00,46.74966666666667,36.37283333333333,23.85216666666667,31.666666666666668,15.462962962962964,37.93333333333333,967.9596666666667,SITE 4,INT
2026-04-01 10:00:00,43.655499999999996,34.056,21.754833333333334,33.092592592592595,13.62962962962963,30.866666666666667,967.707,SITE 4,INT
2026-04-01 11:00:00,44.144,33.981500000000004,21.318166666666666,34.31481481481482,11.907407407407408,25.766666666666666,967.2163333333334,SITE 4,INT
2026-04-01 12:00:00,42.947,32.858,20.094833333333334,35.75925925925926,11.185185185185185,22.6,966.1756666666666,SITE 4,INT
2026-04-01 13:00:00,43.00383333333333,32.85016666666667,20.199,36.81481481481482,11.351851851851851,21.633333333333333,964.8330000000001,SITE 4,INT
2026-04-01 14:00:00,41.29416666666667,31.43433333333333,19.362166666666667,37.96296296296296,10.87037037037037,19.566666666666666,964.131,SITE 4,INT
2026-04-01 15:00:00,40.440000000000005,30.90533333333333,19.323666666666668,38.38888888888889,10.62962962962963,18.8,963.63,SITE 4,INT
2026-04-01 16:00:00,43.589166666666664,33.464,20.863833333333332,38.111111111111114,11.814814814814815,20.633333333333333,963.375,SITE 4,INT
2026-04-01 17:00:00,43.193709677419356,33.152903225806455,20.6858064516129,36.971326164874554,12.060931899641577,22.387096774193548,963.586129032258,SITE 4,INT
2026-04-01 18:00:00,57.160833333333336,44.774833333333326,29.6525,35.7037037037037,13.111111111111112,25.666666666666668,964.2196666666666,SITE 4,INT
2026-04-01 19:00:00,67.62333333333333,53.505,37.09,34.87037037037037,13.333333333333334,27.433333333333334,965.0733333333334,SITE 4,INT
2026-04-01 20:00:00,81.88433333333333,68.92133333333332,46.394999999999996,34.2037037037037,13.925925925925926,29.566666666666666,965.9763333333334,SITE 4,INT
2026-04-01 21:00:00,88.21266666666666,74.87316666666668,49.35433333333334,34.00000000000001,14.444444444444445,30.833333333333332,966.509,SITE 4,INT
2026-04-01 22:00:00,79.97033333333333,65.321,43.795833333333334,33.51851851851852,15.555555555555555,34.3,966.8746666666667,SITE 4,INT
2026-04-01 23:00:00,63.49883333333333,49.1965,33.367333333333335,32.57407407407407,15.407407407407408,35.833333333333336,966.846,SITE 4,INT
2026-04-02 00:00:00,61.600500000000004,47.3705,32.02583333333333,31.75925925925926,14.722222222222223,35.93333333333333,966.5096666666667,SITE 4,INT
2026-04-02 01:00:00,61.40416666666667,46.834500000000006,31.465333333333334,31.5,14.277777777777777,35.1,966.0576666666667,SITE 4,INT
2026-04-02 02:00:00,57.97033333333333,44.7835,30.2455,31.092592592592595,13.703703703703704,34.8,965.6,SITE 4,INT
2026-04-02 03:00:00,50.416333333333334,38.733333333333334,24.660833333333336,30.53703703703704,12.74074074074074,33.93333333333333,965.3903333333333,SITE 4,INT
2026-04-02 04:00:00,50.68322580645162,38.83951612903226,24.59951612903226,29.587813620071685,13.548387096774194,37.70967741935484,965.4483870967742,SITE 4,INT
2026-04-02 05:00:00,53.99816666666666,40.787166666666664,25.877833333333335,28.90740740740741,13.296296296296298,38.666666666666664,965.9666666666667,SITE 4,INT
2026-04-02 06:00:00,57.61966666666667,43.9415,29.082,28.87037037037037,14.074074074074074,40.46666666666667,966.381,SITE 4,INT
2026-04-02 07:00:00,64.18583333333333,49.70733333333333,33.030833333333334,29.203703703703702,14.814814814814815,41.8,967.0669999999999,SITE 4,INT
2026-04-02 08:00:00,55.677,42.8515,28.137166666666666,30.518518518518523,13.370370370370372,35.233333333333334,967.8610000000001,SITE 4,INT
2026-04-02 09:00:00,46.887166666666666,36.63033333333333,23.894333333333336,32.2962962962963,9.370370370370372,24.6,968.3646666666666,SITE 4,INT
2026-04-02 10:00:00,40.67316666666667,32.07333333333334,21.2545,33.833333333333336,7.666666666666668,19.733333333333334,968.1253333333333,SITE 4,INT
2026-04-02 11:00:00,41.3715,32.4825,21.5475,35.2962962962963,8.148148148148149,18.933333333333334,967.7823333333333,SITE 4,INT
2026-04-02 12:00:00,43.628,34.225500000000004,22.572166666666664,36.74074074074075,8.425925925925927,17.766666666666666,966.9156666666667,SITE 4,INT
2026-04-02 13:00:00,42.04833333333333,32.867333333333335,21.063,37.96296296296296,8.444444444444445,16.466666666666665,965.9366666666666,SITE 4,INT
2026-04-02 14:00:00,47.59083333333333,37.340333333333334,23.692999999999998,38.55555555555556,8.907407407407408,16.533333333333335,965.0583333333333,SITE 4,INT
2026-04-02 15:00:00,41.143103448275866,32.268793103448274,21.04689655172414,39.6551724137931,8.42911877394636,15.137931034482758,964.158275862069,SITE 4,INT
2026-04-02 16:00:00,40.03,31.394833333333334,20.63566666666667,39.31481481481481,8.555555555555555,15.433333333333334,963.7076666666667,SITE 4,INT
2026-04-02 17:00:00,44.659666666666666,35.31633333333333,23.371333333333332,38.46296296296296,8.592592592592592,16.166666666666668,963.7090000000001,SITE 4,INT
2026-04-02 18:00:00,62.30333333333333,49.912333333333336,35.01283333333333,36.333333333333336,8.38888888888889,18.033333333333335,964.3866666666667,SITE 4,INT
2026-04-02 19:00:00,113.97,101.99166666666666,69.93216666666667,35.44444444444445,9.833333333333334,21.1,965.612,SITE 4,INT
2026-04-02 20:00:00,124.28483333333334,113.37566666666666,77.64483333333332,34.88888888888889,11.648148148148149,24.5,966.6226666666666,SITE 4,INT
2026-04-02 21:00:00,103.20435483870968,93.00887096774194,64.0783870967742,34.24731182795699,12.150537634408602,26.35483870967742,967.2945161290323,SITE 4,INT
2026-04-02 22:00:00,84.45366666666668,72.27883333333334,50.3435,33.68518518518519,11.870370370370372,26.566666666666666,967.6896666666667,SITE 4,INT
2026-04-02 23:00:00,73.04233333333333,60.36566666666667,42.99666666666667,33.01851851851852,10.814814814814815,25.733333333333334,967.6756666666666,SITE 4,INT
2026-04-03 00:00:00,61.279333333333334,48.098499999999994,33.623000000000005,32.55555555555556,10.833333333333334,26.333333333333332,967.1483333333333,SITE 4,INT
2026-04-03 01:00:00,60.116166666666665,47.44583333333333,32.883833333333335,32.03703703703704,10.462962962962962,26.566666666666666,966.4770000000001,SITE 4,INT
2026-04-03 02:00:00,53.54383333333333,41.84016666666666,28.8125,31.25925925925926,10.777777777777777,28.6,965.9083333333333,SITE 4,INT
2026-04-03 03:00:00,82.019,68.8125,44.258833333333335,30.240740740740744,11.722222222222223,32.1,965.4436666666667,SITE 4,INT
2026-04-03 04:00:00,149.389,131.11666666666667,75.11666666666666,29.425925925925927,12.24074074074074,34.666666666666664,965.2713333333334,SITE 4,INT
2026-04-03 05:00:00,59.58833333333333,46.18966666666667,32.216833333333334,28.592592592592595,11.5,34.666666666666664,965.6166666666667,SITE 4,INT
2026-04-03 06:00:00,69.43,56.38551724137931,39.50344827586206,27.89272030651341,11.724137931034484,36.758620689655174,965.9779310344828,SITE 4,INT
2026-04-03 07:00:00,84.12100000000001,71.97766666666666,48.28216666666666,28.75925925925926,10.685185185185185,32.666666666666664,966.6526666666666,SITE 4,INT
2026-04-03 08:00:00,86.48,73.42032258064516,50.815322580645166,29.874551971326166,11.523297491039427,32.354838709677416,967.5683870967741,SITE 4,INT
2026-04-03 09:00:00,70.08316666666666,57.76199999999999,41.55316666666667,32.111111111111114,10.833333333333334,27.066666666666666,967.9916666666667,SITE 4,INT
2026-04-03 10:00:00,56.53033333333334,45.06066666666666,32.592333333333336,34.46296296296296,9.037037037037038,21.033333333333335,967.9403333333333,SITE 4,INT
2026-04-03 11:00:00,48.13483333333333,38.52916666666667,27.492166666666666,36.46296296296296,9.148148148148149,18.866666666666667,967.52,SITE 4,INT
2026-04-03 12:00:00,44.121833333333335,34.97366666666667,23.94383333333333,37.7962962962963,9.75925925925926,18.3,966.7586666666666,SITE 4,INT
2026-04-03 13:00:00,42.61016666666667,33.60666666666667,22.4865,38.74074074074075,9.333333333333334,16.8,965.897,SITE 4,INT
2026-04-03 14:00:00,43.3875,34.24016666666667,23.18,39.0,8.351851851851853,15.466666666666667,965.077,SITE 4,INT
2026-04-03 15:00:00,44.12283333333333,34.64566666666666,23.4355,38.851851851851855,7.814814814814815,15.066666666666666,964.537,SITE 4,INT
2026-04-03 16:00:00,43.033166666666666,33.99816666666667,23.168499999999998,39.03703703703704,8.055555555555555,15.066666666666666,964.2479999999999,SITE 4,INT
2026-04-03 17:00:00,48.19733333333333,38.12233333333334,26.603166666666667,38.05555555555556,7.777777777777778,15.733333333333333,964.378,SITE 4,INT
2026-04-03 18:00:00,63.118833333333335,51.37166666666667,37.202,36.72222222222222,9.703703703703704,19.4,965.028,SITE 4,INT
2026-04-03 19:00:00,65.62467741935484,53.54112903225807,38.975806451612904,35.752688172043015,12.186379928315414,24.193548387096776,965.925806451613,SITE 4,INT
2026-04-03 20:00:00,65.02933333333333,52.979166666666664,38.569833333333335,34.98148148148148,12.203703703703704,25.4,966.9366666666666,SITE 4,INT
2026-04-03 21:00:00,64.2585,52.5595,39.09466666666666,34.407407407407405,12.259259259259261,26.2,967.88,SITE 4,INT
2026-04-03 22:00:00,62.07233333333333,50.20133333333333,37.26383333333333,33.777777777777786,12.277777777777779,27.2,968.3033333333333,SITE 4,INT
2026-04-03 23:00:00,56.390166666666666,44.97866666666667,33.3555,33.333333333333336,12.166666666666668,27.833333333333332,968.3526666666668,SITE 4,INT
2026-04-04 00:00:00,54.4605,43.82116666666666,32.5115,32.7962962962963,12.425925925925927,28.9,967.8243333333334,SITE 4,INT
2026-04-04 01:00:00,51.73766666666667,40.38216666666666,28.412166666666668,31.98148148148148,11.296296296296298,27.966666666666665,967.1486666666666,SITE 4,INT
2026-04-04 02:00:00,51.269,40.72183333333333,29.649,31.64814814814815,12.592592592592593,31.266666666666666,966.6126666666667,SITE 4,INT
2026-04-04 03:00:00,50.431333333333335,40.91616666666667,31.154666666666667,30.796296296296298,15.222222222222223,39.2,966.7360000000001,SITE 4,INT
2026-04-04 04:00:00,47.754,39.09733333333334,28.521833333333333,29.592592592592595,17.37037037037037,48.0,966.8953333333334,SITE 4,INT
2026-04-04 05:00:00,49.2145,40.64033333333334,31.447333333333336,28.722222222222225,18.75925925925926,55.43333333333333,967.3633333333333,SITE 4,INT
2026-04-04 06:00:00,52.95645161290323,44.49548387096774,36.12870967741936,28.476702508960575,20.14336917562724,61.03225806451613,967.9535483870968,SITE 4,INT
2026-04-04 07:00:00,54.64666666666667,45.44916666666666,36.07516666666666,28.85185185185185,20.40740740740741,60.6,968.592,SITE 4,INT
2026-04-04 08:00:00,48.142500000000005,40.07966666666667,32.753166666666665,29.351851851851855,21.01851851851852,61.53333333333333,969.3233333333334,SITE 4,INT
2026-04-04 09:00:00,48.032000000000004,40.190000000000005,32.60133333333333,30.01851851851852,21.074074074074073,59.266666666666666,969.8596666666667,SITE 4,INT
2026-04-04 10:00:00,44.72683333333334,37.0255,29.618,31.77777777777778,21.296296296296298,54.266666666666666,969.7603333333334,SITE 4,INT
2026-04-04 11:00:00,43.216499999999996,35.86783333333334,28.161333333333335,34.03703703703704,20.833333333333332,46.43333333333333,969.2006666666667,SITE 4,INT
2026-04-04 12:00:00,41.719833333333334,34.17583333333334,26.205,35.72222222222222,20.0,40.166666666666664,967.9766666666667,SITE 4,INT
2026-04-04 13:00:00,42.6955,34.88866666666667,26.658666666666665,36.53703703703704,18.555555555555557,35.03333333333333,966.8426666666667,SITE 4,INT
2026-04-04 14:00:00,43.85566666666667,35.79233333333333,28.0665,38.01851851851852,17.222222222222225,29.666666666666668,965.6843333333333,SITE 4,INT
2026-04-04 15:00:00,43.54316666666667,35.48433333333333,27.326,38.90740740740741,17.185185185185183,28.166666666666668,964.9330000000001,SITE 4,INT
2026-04-04 16:00:00,42.53216666666666,34.70033333333333,26.514666666666667,39.87037037037037,16.925925925925927,26.433333333333334,964.6506666666667,SITE 4,INT
2026-04-04 17:00:00,43.886833333333335,35.5225,26.799666666666667,39.12962962962963,16.037037037037038,25.8,964.8393333333333,SITE 4,INT
2026-04-04 18:00:00,58.1941935483871,47.531612903225806,35.44548387096774,37.16845878136201,14.372759856630823,25.806451612903224,965.4938709677419,SITE 4,INT
2026-04-04 19:00:00,84.33966666666667,73.49483333333333,53.644999999999996,36.166666666666664,15.518518518518517,29.4,966.4553333333333,SITE 4,INT
2026-04-04 20:00:00,65.9645,55.339000000000006,41.649166666666666,35.31481481481482,16.64814814814815,33.03333333333333,967.2196666666666,SITE 4,INT
2026-04-04 21:00:00,76.37683333333332,65.45183333333334,49.794999999999995,35.01851851851852,17.203703703703702,34.833333333333336,967.878,SITE 4,INT
2026-04-04 22:00:00,69.75833333333334,59.407333333333334,45.07116666666666,34.666666666666664,16.666666666666668,34.46666666666667,968.1226666666666,SITE 4,INT
2026-04-04 23:00:00,70.03616666666667,59.897166666666664,45.54983333333333,34.407407407407405,16.74074074074074,35.166666666666664,968.065,SITE 4,INT
2026-04-05 00:00:00,87.53766666666667,77.23433333333334,56.84316666666667,33.53703703703704,17.555555555555554,39.03333333333333,967.634,SITE 4,INT
2026-04-05 01:00:00,68.7025,58.424,44.6,33.074074074074076,16.35185185185185,36.9,967.0156666666667,SITE 4,INT
2026-04-05 02:00:00,49.43983333333333,40.71216666666667,31.6385,32.351851851851855,15.185185185185185,35.5,966.321,SITE 4,INT
2026-04-05 03:00:00,47.33616666666667,38.650333333333336,30.49683333333333,31.77777777777778,14.74074074074074,35.8,965.8183333333333,SITE 4,INT
2026-04-05 04:00:00,48.77933333333333,40.25983333333333,32.44583333333333,31.351851851851855,14.88888888888889,37.13333333333333,965.7810000000001,SITE 4,INT
2026-04-05 05:00:00,55.3658064516129,46.45048387096774,36.98290322580645,30.824372759856633,15.627240143369177,40.32258064516129,966.1006451612903,SITE 4,INT
2026-04-05 06:00:00,59.3375,50.01416666666667,39.61516666666667,30.75925925925926,16.444444444444446,42.43333333333333,966.5306666666667,SITE 4,INT
2026-04-05 07:00:00,56.527166666666666,46.6475,36.60633333333333,31.03703703703704,17.64814814814815,45.1,967.554,SITE 4,INT
2026-04-05 08:00:00,50.471000000000004,41.53666666666666,32.9585,32.25925925925926,18.03703703703704,43.1,968.2639999999999,SITE 4,INT
2026-04-05 09:00:00,48.74583333333333,40.1345,32.01083333333334,33.7962962962963,18.0,39.2,968.6013333333334,SITE 4,INT
2026-04-05 10:00:00,54.11816666666667,44.1605,33.9315,35.44444444444445,18.462962962962965,36.86666666666667,968.4126666666667,SITE 4,INT
2026-04-05 11:00:00,45.48266666666667,37.443,29.3055,37.07407407407407,18.240740740740744,33.2,967.7353333333334,SITE 4,INT
2026-04-05 12:00:00,49.94283333333333,41.31716666666667,32.458666666666666,38.57407407407408,18.240740740740744,30.8,966.7973333333333,SITE 4,INT
2026-04-05 13:00:00,44.150333333333336,35.983666666666664,28.793666666666663,39.46296296296296,17.055555555555557,27.2,965.6389999999999,SITE 4,INT
2026-04-05 14:00:00,41.509,33.73883333333333,26.643166666666666,40.53703703703704,15.5,23.033333333333335,964.741,SITE 4,INT
2026-04-05 15:00:00,41.78033333333334,34.0135,27.078833333333332,41.24074074074075,14.092592592592592,20.166666666666668,964.2696666666667,SITE 4,INT
2026-04-05 16:00:00,39.37112903225807,31.851612903225806,25.391290322580645,41.55913978494624,10.734767025089605,15.96774193548387,963.9825806451613,SITE 4,INT
2026-04-05 17:00:00,39.96083333333333,32.6325,25.207333333333334,40.2037037037037,11.5,17.933333333333334,963.7533333333333,SITE 4,INT
2026-04-05 18:00:00,57.99133333333334,47.227833333333336,34.814166666666665,38.46296296296296,12.055555555555555,20.766666666666666,964.122,SITE 4,INT
2026-04-05 19:00:00,73.84316666666668,60.86083333333333,44.6705,37.407407407407405,12.370370370370372,22.3,964.7836666666666,SITE 4,INT
2026-04-05 20:00:00,65.86216666666667,55.016333333333336,41.6575,36.42592592592593,10.981481481481483,21.4,965.3513333333334,SITE 4,INT
2026-04-05 21:00:00,76.38083333333334,65.8365,49.51316666666666,35.777777777777786,9.851851851851851,20.533333333333335,966.043,SITE 4,INT
2026-04-05 22:00:00,84.81416666666668,73.86783333333332,53.51,34.92592592592593,10.648148148148149,22.9,966.4723333333333,SITE 4,INT
2026-04-05 23:00:00,81.66533333333334,72.56633333333333,54.221333333333334,34.2962962962963,10.24074074074074,22.966666666666665,966.418,SITE 4,INT
2026-04-06 00:00:00,55.72083333333333,46.396499999999996,36.77483333333334,33.53703703703704,9.425925925925926,22.8,966.0366666666666,SITE 4,INT
2026-04-06 01:00:00,51.45583333333333,42.406333333333336,32.79233333333333,32.77777777777778,9.277777777777777,23.5,965.4213333333333,SITE 4,INT
2026-04-06 02:00:00,47.45583333333333,38.87716666666667,30.497833333333332,32.333333333333336,10.666666666666666,26.333333333333332,964.846,SITE 4,INT
2026-04-06 03:00:00,42.507666666666665,34.407833333333336,27.149333333333335,31.814814814814817,10.481481481481483,27.1,964.6913333333334,SITE 4,INT
2026-04-06 04:00:00,49.27935483870968,40.6683870967742,32.778064516129035,31.093189964157705,10.698924731182796,28.419354838709676,965.198064516129,SITE 4,INT
2026-04-06 05:00:00,58.09883333333333,48.343666666666664,37.95883333333334,29.814814814814817,13.851851851851853,38.06666666666667,966.1533333333333,SITE 4,INT
2026-04-06 06:00:00,59.71716666666667,50.01733333333333,39.23716666666667,29.27777777777778,17.27777777777778,49.03333333333333,966.413,SITE 4,INT
2026-04-06 07:00:00,56.08733333333334,47.05533333333334,37.4545,30.0,18.12962962962963,49.6,967.769,SITE 4,INT
2026-04-06 08:00:00,57.9985,49.370666666666665,39.4375,30.722222222222225,18.240740740740744,47.9,968.1956666666666,SITE 4,INT
2026-04-06 09:00:00,52.558,44.698166666666665,36.825500000000005,31.35185185185185,20.48148148148148,52.9,968.3520000000001,SITE 4,INT
2026-04-06 10:00:00,49.52333333333333,41.48133333333333,33.79533333333333,33.24074074074074,20.685185185185183,48.2,968.0523333333333,SITE 4,INT
2026-04-06 11:00:00,44.665499999999994,37.167833333333334,30.298499999999997,35.62962962962963,17.592592592592595,34.833333333333336,967.4723333333333,SITE 4,INT
2026-04-06 12:00:00,44.7695,37.1925,30.174333333333333,37.851851851851855,16.666666666666668,28.733333333333334,966.6546666666667,SITE 4,INT
2026-04-06 13:00:00,42.72683333333334,35.18116666666666,28.851666666666667,39.24074074074074,14.796296296296298,23.733333333333334,965.7753333333333,SITE 4,INT
2026-04-06 14:00:00,39.034666666666666,31.835166666666666,26.371166666666667,40.833333333333336,12.796296296296298,18.933333333333334,964.8813333333333,SITE 4,INT
2026-04-06 15:00:00,41.39629032258065,33.8891935483871,28.64564516129032,41.79211469534051,13.853046594982079,19.451612903225808,964.2158064516128,SITE 4,INT
2026-04-06 16:00:00,41.29716666666666,33.52283333333334,28.528000000000002,42.0,13.055555555555555,18.0,963.866,SITE 4,INT
2026-04-06 17:00:00,43.625,35.79066666666667,29.6875,40.851851851851855,12.38888888888889,18.566666666666666,963.9363333333333,SITE 4,INT
2026-04-06 18:00:00,55.25566666666667,46.4535,36.98916666666666,39.05555555555556,13.574074074074074,21.933333333333334,964.5063333333333,SITE 4,INT
2026-04-06 19:00:00,79.82866666666668,68.32433333333333,49.781166666666664,37.81481481481482,14.555555555555555,25.233333333333334,964.9933333333333,SITE 4,INT
2026-04-06 20:00:00,78.916,69.8195,53.46216666666667,36.88888888888889,15.092592592592592,27.5,965.5833333333334,SITE 4,INT
2026-04-06 21:00:00,72.51333333333334,63.5445,48.99183333333333,36.40740740740741,14.944444444444445,28.133333333333333,966.0646666666667,SITE 4,INT
2026-04-06 22:00:00,61.76466666666667,53.28333333333333,42.35133333333333,35.37037037037037,14.462962962962964,28.733333333333334,966.3576666666667,SITE 4,INT
2026-04-06 23:00:00,58.58283333333334,49.876999999999995,39.461,34.666666666666664,14.24074074074074,29.3,966.503,SITE 4,INT
2026-04-07 00:00:00,49.09316666666667,41.297333333333334,33.997166666666665,34.42592592592593,15.51851851851852,32.36666666666667,966.1566666666666,SITE 4,INT
2026-04-07 01:00:00,44.34466666666666,36.440000000000005,30.3215,33.74074074074074,16.814814814814817,36.7,965.4879999999999,SITE 4,INT
2026-04-07 02:00:00,44.8605,36.91383333333333,30.827166666666667,32.74074074074074,17.35185185185185,40.166666666666664,964.8813333333333,SITE 4,INT
2026-04-07 03:00:00,47.424,39.736,33.092666666666666,32.24074074074074,17.462962962962965,41.56666666666667,964.8453333333333,SITE 4,INT
2026-04-07 04:00:00,49.90758064516129,42.31483870967742,35.01532258064516,31.397849462365592,18.261648745519715,45.903225806451616,965.2822580645161,SITE 4,INT
2026-04-07 05:00:00,56.81433333333334,49.5715,40.480333333333334,29.888888888888893,20.14814814814815,56.233333333333334,965.857,SITE 4,INT
2026-04-07 06:00:00,59.24033333333333,52.672333333333334,43.160333333333334,29.35185185185185,21.0,61.266666666666666,966.4050000000001,SITE 4,INT
2026-04-07 07:00:00,55.149166666666666,49.583,41.45233333333333,29.98148148148148,21.814814814814817,62.13333333333333,967.1676666666666,SITE 4,INT
2026-04-07 08:00:00,57.22,52.22866666666666,43.7875,31.555555555555557,22.14814814814815,58.1,968.4283333333333,SITE 4,INT
2026-04-07 09:00:00,55.041000000000004,48.7205,40.60133333333333,32.72222222222222,22.407407407407405,55.36666666666667,968.4686666666668,SITE 4,INT
2026-04-07 10:00:00,52.82899999999999,45.17433333333334,37.33883333333333,33.98148148148148,22.166666666666668,50.4,968.1073333333334,SITE 4,INT
2026-04-07 11:00:00,49.503,42.14933333333333,35.47116666666667,35.57407407407407,21.555555555555554,44.63333333333333,967.6516666666666,SITE 4,INT
2026-04-07 12:00:00,49.158,41.95666666666667,35.45883333333334,37.37037037037037,19.888888888888893,36.5,966.702,SITE 4,INT
2026-04-07 13:00:00,47.17166666666667,40.015499999999996,34.169333333333334,38.31481481481482,18.85185185185185,32.43333333333333,965.8283333333333,SITE 4,INT
2026-04-07 14:00:00,45.143,37.72483333333333,32.454166666666666,39.7037037037037,17.77777777777778,27.866666666666667,964.8943333333334,SITE 4,INT
2026-04-07 15:00:00,45.787894736842105,38.68763157894737,33.74894736842106,40.8187134502924,17.77777777777778,26.473684210526315,964.4142105263157,SITE 4,INT
2026-04-07 17:00:00,47.64833333333333,40.16861111111111,33.91916666666666,38.17901234567901,17.438271604938272,29.77777777777778,964.1205555555557,SITE 4,INT
2026-04-07 18:00:00,53.757666666666665,45.1785,36.56966666666666,38.38888888888889,17.425925925925927,29.333333333333332,964.7896666666667,SITE 4,INT
2026-04-07 19:00:00,92.31700000000001,85.03933333333333,62.8205,37.77777777777778,17.51851851851852,30.566666666666666,965.0146666666666,SITE 4,INT
2026-04-07 20:00:00,66.02016666666667,58.181666666666665,46.3465,36.907407407407405,18.333333333333332,33.86666666666667,965.1370000000001,SITE 4,INT
2026-04-07 21:00:00,60.075,53.59096774193548,44.094032258064516,34.82078853046595,19.211469534050178,40.32258064516129,966.2129032258064,SITE 4,INT
2026-04-07 22:00:00,59.02866666666667,52.63766666666666,43.23983333333333,34.44444444444444,19.14814814814815,40.766666666666666,966.421,SITE 4,INT
2026-04-07 23:00:00,56.027,50.242333333333335,41.90016666666667,34.27777777777778,18.740740740740744,40.266666666666666,966.3616666666666,SITE 4,INT
2026-04-08 00:00:00,51.542500000000004,45.77366666666667,39.05466666666667,33.81481481481482,18.48148148148148,40.63333333333333,965.9626666666667,SITE 4,INT
2026-04-08 01:00:00,49.988166666666665,43.186166666666665,36.486,32.12962962962963,18.51851851851852,44.86666666666667,966.036,SITE 4,INT
2026-04-08 02:00:00,46.573,39.63966666666667,33.8095,30.740740740740744,19.185185185185183,50.63333333333333,965.7866666666666,SITE 4,INT
2026-04-08 03:00:00,45.6015,38.321333333333335,32.65716666666667,29.61111111111111,19.48148148148148,55.1,965.8056666666668,SITE 4,INT
2026-04-08 04:00:00,44.44666666666667,37.38183333333333,32.85516666666667,29.388888888888893,19.40740740740741,55.333333333333336,965.52,SITE 4,INT
2026-04-08 05:00:00,43.589166666666664,36.407666666666664,32.12,29.12962962962963,19.12962962962963,55.43333333333333,965.5753333333333,SITE 4,INT
2026-04-08 06:00:00,48.06133333333333,41.469833333333334,36.42883333333334,28.53703703703704,18.98148148148148,56.86666666666667,965.4673333333334,SITE 4,INT
2026-04-08 07:00:00,67.6615,61.41766666666667,48.24733333333334,28.685185185185187,19.333333333333332,57.6,966.3406666666667,SITE 4,INT
2026-04-08 08:00:00,45.40933333333333,37.924499999999995,32.525999999999996,31.12962962962963,19.87037037037037,51.53333333333333,967.3703333333334,SITE 4,INT
2026-04-08 09:00:00,47.891774193548386,40.476612903225806,33.799677419354836,32.32974910394265,19.587813620071685,47.354838709677416,967.4283870967741,SITE 4,INT
2026-04-08 10:00:00,42.69216666666667,35.407666666666664,30.563499999999998,33.96296296296296,18.944444444444446,41.53333333333333,967.1776666666667,SITE 4,INT
2026-04-08 11:00:00,45.00216666666667,37.53,31.425166666666666,35.7037037037037,19.12962962962963,38.0,966.6496666666667,SITE 4,INT
2026-04-08 12:00:00,45.734500000000004,38.344166666666666,32.148833333333336,37.44444444444445,18.796296296296298,33.733333333333334,965.6086666666666,SITE 4,INT
2026-04-08 13:00:00,47.024833333333326,39.650999999999996,33.279,38.90740740740741,17.5,28.8,964.39,SITE 4,INT
2026-04-08 14:00:00,45.242666666666665,37.755833333333335,32.07483333333333,40.81481481481482,15.685185185185187,23.1,963.5713333333333,SITE 4,INT
2026-04-08 15:00:00,44.05316666666667,36.566,31.561666666666667,41.96296296296296,15.037037037037038,20.766666666666666,963.0213333333334,SITE 4,INT
2026-04-08 16:00:00,45.208,37.52016666666667,32.194833333333335,42.25925925925926,15.51851851851852,21.1,962.6080000000001,SITE 4,INT
2026-04-08 17:00:00,45.54316666666667,37.79666666666667,31.7925,41.18518518518519,16.0,22.933333333333334,962.7090000000001,SITE 4,INT
2026-04-08 18:00:00,56.3165,48.15266666666666,38.77366666666667,39.31481481481482,16.296296296296298,25.966666666666665,963.5743333333334,SITE 4,INT
2026-04-08 19:00:00,67.78683333333333,59.881166666666665,47.5865,38.22222222222222,17.35185185185185,29.866666666666667,963.9799999999999,SITE 4,INT
2026-04-08 20:00:00,55.8555,47.52466666666667,38.4325,36.55555555555556,18.555555555555557,35.03333333333333,964.8513333333334,SITE 4,INT
2026-04-08 21:00:00,53.66766666666667,45.34883333333333,36.837833333333336,35.90740740740741,18.88888888888889,37.06666666666667,965.6313333333333,SITE 4,INT
2026-04-08 22:00:00,50.441,42.769999999999996,35.30783333333333,35.2037037037037,19.555555555555557,40.3,966.2993333333333,SITE 4,INT
2026-04-08 23:00:00,48.43533333333333,42.10783333333333,36.26233333333333,34.5,20.222222222222225,43.53333333333333,966.0726666666667,SITE 4,INT
2026-04-09 00:00:00,48.85483333333333,42.7625,36.858666666666664,33.31481481481482,21.037037037037035,49.03333333333333,965.4066666666666,SITE 4,INT
2026-04-09 01:00:00,51.503,45.77433333333333,38.95216666666667,31.833333333333332,20.740740740740744,52.13333333333333,965.323,SITE 4,INT
2026-04-09 02:00:00,48.86933333333333,42.0205,35.81483333333333,30.314814814814817,18.796296296296298,50.4,965.573,SITE 4,INT
2026-04-09 03:00:00,44.48116666666667,37.0275,31.319666666666667,29.25925925925926,17.703703703703702,50.266666666666666,965.8846666666667,SITE 4,INT
2026-04-09 04:00:00,41.3565,34.01683333333333,28.999166666666667,29.12962962962963,17.48148148148148,49.666666666666664,965.5593333333333,SITE 4,INT
2026-04-09 05:00:00,42.472,34.961999999999996,29.918166666666664,28.074074074074076,17.425925925925927,52.733333333333334,965.2316666666667,SITE 4,INT
2026-04-09 06:00:00,45.891666666666666,38.335,32.90533333333333,28.11111111111111,17.666666666666668,53.6,965.3886666666666,SITE 4,INT
2026-04-09 07:00:00,56.23016666666667,48.405,38.282666666666664,28.27777777777778,17.962962962962965,53.96666666666667,966.3046666666667,SITE 4,INT
2026-04-09 08:00:00,44.4225,36.975166666666674,31.563666666666666,29.314814814814817,18.388888888888893,52.13333333333333,967.1703333333334,SITE 4,INT
2026-04-09 09:00:00,43.30316666666667,35.89533333333333,30.345833333333335,30.425925925925927,18.666666666666668,49.8,967.5169999999999,SITE 4,INT
2026-04-09 10:00:00,46.595166666666664,39.089666666666666,32.99016666666667,30.925925925925927,18.814814814814817,49.03333333333333,967.5523333333333,SITE 4,INT
2026-04-09 11:00:00,44.992666666666665,37.7645,32.684666666666665,32.81481481481482,19.333333333333332,45.2,967.1813333333333,SITE 4,INT
2026-04-09 12:00:00,43.53951612903226,36.16274193548387,31.49741935483871,34.784946236559136,18.81720430107527,39.225806451612904,966.1354838709677,SITE 4,INT
2026-04-09 13:00:00,41.57716666666667,33.89633333333333,28.656333333333336,36.2962962962963,18.77777777777778,36.13333333333333,965.1496666666667,SITE 4,INT
2026-04-09 14:00:00,41.426,33.744166666666665,27.292166666666667,37.74074074074074,18.64814814814815,33.13333333333333,964.4726666666667,SITE 4,INT
2026-04-09 15:00:00,43.562999999999995,35.7845,29.4955,38.75925925925926,18.64814814814815,31.233333333333334,964.1043333333333,SITE 4,INT
2026-04-09 16:00:00,44.397666666666666,36.536500000000004,30.459,38.98148148148149,18.685185185185183,30.766666666666666,963.9893333333333,SITE 4,INT
2026-04-09 17:00:00,44.65383333333333,36.699333333333335,30.492,37.07407407407407,19.092592592592595,35.266666666666666,964.0836666666667,SITE 4,INT
2026-04-09 18:00:00,50.55983333333334,43.17133333333333,35.88516666666667,36.44444444444445,19.53703703703704,37.46666666666667,964.506,SITE 4,INT
2026-04-09 19:00:00,57.39066666666667,50.017833333333336,40.32783333333334,35.92592592592593,18.870370370370374,37.03333333333333,965.5003333333333,SITE 4,INT
2026-04-09 20:00:00,52.159,45.1155,37.30166666666666,35.611111111111114,19.388888888888893,38.833333333333336,966.128,SITE 4,INT
2026-04-09 21:00:00,53.333333333333336,47.32,39.26383333333333,34.2962962962963,20.240740740740744,44.13333333333333,966.7083333333334,SITE 4,INT
2026-04-09 22:00:00,54.857166666666664,48.89683333333333,40.392833333333336,33.88888888888889,20.0,44.46666666666667,967.2973333333333,SITE 4,INT
2026-04-09 23:00:00,48.618500000000004,42.66366666666667,36.54,33.40740740740741,20.01851851851852,45.766666666666666,967.4066666666666,SITE 4,INT
2026-04-10 00:00:00,46.050333333333334,39.43066666666667,34.39683333333333,32.5,19.85185185185185,47.56666666666667,967.0883333333334,SITE 4,INT
2026-04-10 01:00:00,48.2355,41.94983333333334,36.19783333333333,31.48148148148148,19.814814814814817,50.766666666666666,966.9636666666667,SITE 4,INT
2026-04-10 02:00:00,46.543,40.4545,35.25083333333334,31.462962962962965,20.314814814814817,52.266666666666666,966.659,SITE 4,INT
2026-04-10 03:00:00,47.25716666666666,41.47033333333333,36.09066666666667,31.03703703703704,20.574074074074076,54.333333333333336,966.4053333333334,SITE 4,INT
2026-04-10 04:00:00,49.230333333333334,43.393,37.10116666666667,29.87037037037037,20.87037037037037,58.96666666666667,966.2913333333332,SITE 4,INT
2026-04-10 05:00:00,49.2175,43.43833333333334,37.05216666666667,29.425925925925927,21.01851851851852,61.266666666666666,966.5883333333334,SITE 4,INT
2026-04-10 06:00:00,53.602333333333334,46.96033333333333,38.7065,29.444444444444446,21.11111111111111,61.56666666666667,966.7073333333334,SITE 4,INT
2026-04-10 07:00:00,52.67066666666666,45.92550000000001,38.08233333333333,29.75925925925926,21.12962962962963,60.43333333333333,966.9703333333333,SITE 4,INT
2026-04-10 08:00:00,52.544,46.16316666666667,38.336666666666666,30.75925925925926,20.98148148148148,56.46666666666667,967.4356666666666,SITE 4,INT
2026-04-10 09:00:00,52.4515,46.165,38.789,32.05555555555556,20.40740740740741,50.53333333333333,967.7386666666666,SITE 4,INT
2026-04-10 10:00:00,50.14533333333333,43.333,36.444833333333335,33.20370370370371,20.222222222222225,46.766666666666666,967.778,SITE 4,INT
2026-04-10 11:00:00,47.90833333333333,40.64066666666667,34.004,34.62962962962963,19.75925925925926,41.93333333333333,967.1703333333334,SITE 4,INT
2026-04-10 12:00:00,46.29766666666667,38.994166666666665,33.1165,36.07407407407408,19.53703703703704,38.266666666666666,966.4746666666667,SITE 4,INT
2026-04-10 13:00:00,45.0725,37.02283333333333,30.926166666666667,37.25925925925926,19.444444444444446,35.56666666666667,965.454,SITE 4,INT
2026-04-10 14:00:00,44.65233333333333,36.28816666666667,29.4575,39.01851851851852,19.166666666666668,31.733333333333334,964.5843333333333,SITE 4,INT
2026-04-10 15:00:00,44.067,35.641666666666666,28.793499999999998,39.94444444444444,18.962962962962965,29.6,963.9023333333333,SITE 4,INT
2026-04-10 16:00:00,46.74534482758621,37.24327586206897,29.179310344827584,38.86973180076628,19.291187739463602,32.3448275862069,963.541724137931,SITE 4,INT
2026-04-10 17:00:00,47.88016666666667,39.966166666666666,32.694833333333335,34.05555555555556,19.40740740740741,42.7,964.177,SITE 4,INT
2026-04-10 18:00:00,47.2615,40.316500000000005,33.871,31.370370370370374,19.462962962962965,49.63333333333333,964.447,SITE 4,INT
2026-04-10 19:00:00,45.28733333333333,38.04,32.67633333333333,30.925925925925927,19.0,49.666666666666664,965.106,SITE 4,INT
2026-04-10 20:00:00,43.645999999999994,36.493833333333335,31.6465,32.03703703703704,19.0,46.5,965.7883333333334,SITE 4,INT
2026-04-10 21:00:00,46.04566666666667,39.12416666666666,33.439166666666665,31.85185185185185,19.962962962962965,49.7,966.8536666666666,SITE 4,INT
2026-04-10 22:00:00,44.184999999999995,37.593666666666664,32.77583333333333,31.518518518518523,20.0,50.93333333333333,967.597,SITE 4,INT
2026-04-10 23:00:00,43.155833333333334,36.582499999999996,32.324,31.666666666666668,19.555555555555557,49.166666666666664,967.5830000000001,SITE 4,INT
2026-04-11 00:00:00,41.36833333333333,34.28,30.3485,30.75925925925926,19.796296296296298,52.46666666666667,967.0473333333333,SITE 4,INT
2026-04-11 01:00:00,40.83983333333333,33.198,28.9105,30.037037037037035,20.185185185185183,55.86666666666667,966.4716666666667,SITE 4,INT
2026-04-11 02:00:00,39.06883333333334,31.592166666666667,26.9985,30.166666666666668,19.64814814814815,53.63333333333333,965.9169999999999,SITE 4,INT
2026-04-11 03:00:00,40.818,33.089166666666664,28.375166666666665,30.0,20.25925925925926,56.36666666666667,965.847,SITE 4,INT
2026-04-11 04:00:00,42.852999999999994,35.3215,30.68,29.703703703703702,20.685185185185183,58.7,966.313,SITE 4,INT
2026-04-11 05:00:00,46.217999999999996,39.47616666666667,33.869,29.388888888888893,20.925925925925927,60.6,966.9723333333333,SITE 4,INT
2026-04-11 06:00:00,47.60733333333334,41.05116666666667,35.06483333333333,29.27777777777778,21.055555555555554,62.03333333333333,967.5143333333333,SITE 4,INT
2026-04-11 07:00:00,50.57083333333333,43.7775,36.7295,29.166666666666668,21.37037037037037,63.56666666666667,968.0083333333333,SITE 4,INT
2026-04-11 08:00:00,51.373000000000005,44.560833333333335,37.420833333333334,29.722222222222225,21.51851851851852,62.1,968.8106666666666,SITE 4,INT
2026-04-11 09:00:00,47.67383333333333,40.439166666666665,34.3115,30.61111111111111,21.814814814814817,59.93333333333333,969.1703333333334,SITE 4,INT
2026-04-11 10:00:00,45.9925,38.727833333333336,33.35583333333333,32.42592592592593,22.092592592592595,55.1,968.9556666666666,SITE 4,INT
2026-04-11 11:00:00,44.77306451612903,37.571129032258064,32.5441935483871,33.727598566308245,21.97132616487455,50.61290322580645,968.2,SITE 4,INT
2026-04-11 12:00:00,44.549166666666665,37.743500000000004,33.13133333333333,34.592592592592595,21.61111111111111,47.3,967.115,SITE 4,INT
2026-04-11 13:00:00,44.61816666666667,38.03,33.658,35.72222222222222,21.333333333333332,43.733333333333334,965.8063333333333,SITE 4,INT
2026-04-11 14:00:00,43.792833333333334,37.88433333333333,33.96933333333333,36.537037037037045,20.925925925925927,40.4,964.9916666666667,SITE 4,INT
2026-04-11 15:00:00,45.734,38.586,33.366166666666665,37.55555555555556,20.62962962962963,37.7,964.3256666666667,SITE 4,INT
2026-04-11 16:00:00,45.727,38.40533333333334,32.81733333333333,37.77777777777778,20.574074074074076,37.13333333333333,963.965,SITE 4,INT
2026-04-11 17:00:00,48.10366666666666,41.547000000000004,35.80733333333333,37.092592592592595,20.666666666666668,38.86666666666667,963.6786666666667,SITE 4,INT
2026-04-11 18:00:00,50.651500000000006,45.06966666666666,38.54333333333333,36.037037037037045,20.796296296296298,41.46666666666667,964.0656666666667,SITE 4,INT
2026-04-11 19:00:00,49.77034482758621,43.648275862068964,37.15258620689655,35.26819923371648,21.20689655172414,44.44827586206897,964.7862068965517,SITE 4,INT
2026-04-11 20:00:00,53.258500000000005,47.71816666666667,39.92966666666667,34.592592592592595,21.37037037037037,46.43333333333333,966.0623333333333,SITE 4,INT
2026-04-11 21:00:00,59.11,43.981833333333334,32.366,29.444444444444446,18.740740740740744,53.5,967.8063333333333,SITE 4,INT
2026-04-11 22:00:00,40.897000000000006,33.175,28.95266666666667,29.40740740740741,19.98148148148148,57.2,968.3923333333333,SITE 4,INT
2026-04-11 23:00:00,41.89149999999999,36.69583333333333,34.281666666666666,27.814814814814817,19.35185185185185,60.733333333333334,967.9603333333333,SITE 4,INT
2026-04-12 00:00:00,36.92033333333333,29.734333333333332,27.401,28.296296296296298,20.037037037037035,61.766666666666666,968.0273333333333,SITE 4,INT
2026-04-12 01:00:00,37.69950000000001,30.409333333333333,28.21916666666667,27.77777777777778,19.740740740740744,62.36666666666667,968.0636666666667,SITE 4,INT
2026-04-12 02:00:00,38.089666666666666,31.118999999999996,29.25433333333333,27.77777777777778,20.12962962962963,64.06666666666666,967.702,SITE 4,INT
2026-04-12 03:00:00,37.1355,29.9345,27.997166666666665,27.5,20.14814814814815,64.56666666666666,967.4876666666667,SITE 4,INT
2026-04-12 04:00:00,39.7625,32.763,30.339499999999997,27.185185185185187,19.962962962962965,65.83333333333333,967.659,SITE 4,INT
2026-04-12 05:00:00,39.02283333333333,32.31283333333333,30.396,27.203703703703706,20.12962962962963,66.23333333333333,968.0286666666667,SITE 4,INT
2026-04-12 06:00:00,41.006166666666665,33.8985,30.985333333333337,27.48148148148148,20.40740740740741,66.06666666666666,967.743,SITE 4,INT
2026-04-12 07:00:00,45.26233333333333,37.519999999999996,32.68383333333333,28.055555555555557,20.388888888888893,63.766666666666666,967.871,SITE 4,INT
2026-04-12 08:00:00,43.632666666666665,36.7735,32.51566666666667,28.62962962962963,20.833333333333332,63.3,968.105,SITE 4,INT
2026-04-12 09:00:00,37.49666666666667,30.334333333333333,26.86883333333333,30.14814814814815,20.98148148148148,58.4,968.2913333333333,SITE 4,INT
2026-04-12 10:00:00,38.1305,31.209,28.040333333333333,31.90740740740741,20.574074074074076,51.63333333333333,968.159,SITE 4,INT
2026-04-12 11:00:00,40.251,33.096333333333334,28.658833333333334,33.111111111111114,20.574074074074076,48.4,968.0436666666667,SITE 4,INT
2026-04-12 12:00:00,38.51683333333334,31.276999999999997,27.292333333333332,34.42592592592593,20.574074074074076,44.6,967.1460000000001,SITE 4,INT
2026-04-12 13:00:00,35.70366666666666,28.7,24.9065,35.351851851851855,21.11111111111111,43.8,965.7823333333333,SITE 4,INT
2026-04-12 14:00:00,34.102333333333334,27.406833333333335,23.464333333333332,36.40740740740741,20.48148148148148,39.93333333333333,964.6403333333333,SITE 4,INT
2026-04-12 15:00:00,34.73683333333334,28.020500000000002,23.780666666666665,37.81481481481482,19.944444444444446,35.7,963.9096666666667,SITE 4,INT
2026-04-12 16:00:00,34.573166666666665,27.8455,23.801,38.0,19.722222222222225,34.733333333333334,963.643,SITE 4,INT
2026-04-12 17:00:00,35.83266666666667,28.845666666666666,24.803333333333335,36.87037037037037,19.444444444444446,36.4,963.7366666666666,SITE 4,INT
2026-04-12 18:00:00,45.52916666666667,38.08683333333333,32.21383333333333,35.2962962962963,19.833333333333332,40.36666666666667,964.124,SITE 4,INT
2026-04-12 19:00:00,60.0195,52.175666666666665,41.341499999999996,34.851851851851855,20.11111111111111,42.56666666666667,964.9593333333333,SITE 4,INT
2026-04-12 20:00:00,52.78733333333333,45.61583333333333,38.150333333333336,34.14814814814815,20.48148148148148,45.1,965.2183333333334,SITE 4,INT
2026-04-12 21:00:00,48.98379310344828,41.88172413793103,34.99,33.44827586206897,21.0727969348659,48.758620689655174,965.708275862069,SITE 4,INT
2026-04-12 22:00:00,49.20316666666667,41.75533333333333,35.0935,32.92592592592593,21.27777777777778,50.8,966.1586666666666,SITE 4,INT
2026-04-12 23:00:00,45.17633333333333,37.620666666666665,32.221666666666664,32.77777777777778,21.11111111111111,51.0,966.0833333333334,SITE 4,INT
2026-04-13 00:00:00,43.86866666666666,36.3365,31.391000000000002,32.333333333333336,20.37037037037037,49.733333333333334,965.4836666666667,SITE 4,INT
2026-04-13 01:00:00,42.30566666666667,35.153,31.275333333333332,32.01851851851852,19.87037037037037,49.06666666666667,964.9793333333333,SITE 4,INT
2026-04-13 02:00:00,42.01416666666667,34.73883333333333,30.611,31.722222222222225,19.796296296296298,49.733333333333334,964.2073333333334,SITE 4,INT
2026-04-13 03:00:00,41.94344827586207,34.692241379310346,30.72,31.666666666666668,20.383141762452105,51.689655172413794,963.6406896551724,SITE 4,INT
2026-04-13 04:00:00,44.6665,37.470666666666666,32.606500000000004,31.462962962962965,20.01851851851852,51.233333333333334,963.7206666666666,SITE 4,INT
2026-04-13 05:00:00,46.033,38.61483333333333,32.92366666666667,30.166666666666668,20.296296296296298,55.93333333333333,964.0296666666667,SITE 4,INT
2026-04-13 06:00:00,50.491,43.00916666666667,35.62083333333333,29.574074074074076,20.11111111111111,57.4,964.6046666666666,SITE 4,INT
2026-04-13 07:00:00,43.286833333333334,35.469,29.622,30.592592592592595,19.98148148148148,53.56666666666667,964.785,SITE 4,INT
2026-04-13 08:00:00,48.627833333333335,40.6455,33.53333333333333,31.185185185185187,21.203703703703702,56.0,965.2516666666667,SITE 4,INT
2026-04-13 09:00:00,47.16016666666667,39.1205,32.2635,32.55555555555556,21.555555555555554,52.833333333333336,965.4436666666667,SITE 4,INT
2026-04-13 10:00:00,42.653,34.722166666666666,29.141166666666667,34.277777777777786,20.925925925925927,46.1,965.1353333333334,SITE 4,INT
2026-04-13 11:00:00,39.332,31.870166666666666,26.549333333333333,36.31481481481482,20.75925925925926,40.63333333333333,964.5593333333333,SITE 4,INT
2026-04-13 12:00:00,37.96483333333333,30.7315,25.206,37.907407407407405,19.61111111111111,34.666666666666664,963.9293333333334,SITE 4,INT
2026-04-13 13:00:00,38.55833333333333,31.3225,25.655833333333337,38.90740740740741,19.444444444444446,32.6,962.964,SITE 4,INT
2026-04-13 14:00:00,36.35066666666667,29.221,24.415666666666667,39.94444444444444,19.0,29.833333333333332,962.126,SITE 4,INT
2026-04-13 15:00:00,37.20466666666667,29.833333333333332,25.28483333333333,40.42592592592593,18.444444444444446,28.066666666666666,961.2426666666667,SITE 4,INT
2026-04-13 16:00:00,40.014,32.1385,27.536833333333334,40.94444444444445,18.388888888888893,27.133333333333333,960.5473333333333,SITE 4,INT
2026-04-13 17:00:00,39.84016666666666,32.2095,27.937666666666665,40.092592592592595,19.0,29.6,960.4823333333334,SITE 4,INT
2026-04-13 18:00:00,46.381551724137935,38.248620689655176,32.06568965517241,38.333333333333336,19.42528735632184,33.55172413793103,961.1768965517242,SITE 4,INT
2026-04-13 19:00:00,48.058793103448274,39.21103448275863,32.07362068965517,37.337164750957854,20.076628352490424,36.89655172413793,962.2931034482758,SITE 4,INT
2026-04-13 20:00:00,47.06316666666667,38.66916666666667,31.399833333333333,36.611111111111114,19.85185185185185,37.766666666666666,963.4136666666667,SITE 4,INT
2026-04-13 21:00:00,50.63783333333333,42.42633333333333,34.371833333333335,35.68518518518519,20.62962962962963,41.8,963.7726666666666,SITE 4,INT
2026-04-13 22:00:00,46.707166666666666,38.864000000000004,32.43933333333334,34.62962962962963,20.796296296296298,44.93333333333333,964.4419999999999,SITE 4,INT
2026-04-13 23:00:00,45.61716666666666,37.853833333333334,32.17483333333333,33.98148148148149,20.444444444444446,45.56666666666667,964.36,SITE 4,INT
2026-04-14 00:00:00,44.33,36.640517241379314,31.41551724137931,33.2183908045977,20.555555555555557,47.62068965517241,963.9531034482759,SITE 4,INT
2026-04-14 01:00:00,43.64666666666667,35.96483333333333,30.966833333333334,32.53703703703704,20.518518518518523,49.6,963.8083333333333,SITE 4,INT
2026-04-14 02:00:00,42.25933333333333,35.275,30.517,31.27777777777778,20.333333333333332,52.6,963.6990000000001,SITE 4,INT
2026-04-14 03:00:00,37.11133333333333,30.02583333333333,25.071166666666667,29.796296296296298,19.90740740740741,55.96666666666667,963.5736666666667,SITE 4,INT
2026-04-14 04:00:00,38.84883333333333,31.546833333333332,27.16,29.074074074074076,20.185185185185183,59.4,963.8996666666667,SITE 4,INT
2026-04-14 05:00:00,40.4,33.02316666666667,28.822666666666667,28.90740740740741,20.092592592592595,59.7,964.4456666666666,SITE 4,INT
2026-04-14 06:00:00,44.30083333333334,37.47166666666667,33.516666666666666,28.40740740740741,20.14814814814815,61.7,965.538,SITE 4,INT
2026-04-14 07:00:00,46.10366666666666,42.99766666666667,40.04233333333333,28.018518518518523,20.48148148148148,64.23333333333333,966.0853333333333,SITE 4,INT
2026-04-14 08:00:00,44.583999999999996,38.58683333333333,34.406166666666664,28.90740740740741,20.685185185185183,61.733333333333334,966.8296666666666,SITE 4,INT
2026-04-14 09:00:00,42.69983333333333,35.934999999999995,31.665666666666667,29.925925925925927,20.35185185185185,56.8,967.3786666666667,SITE 4,INT
2026-04-14 10:00:00,41.29933333333334,34.3435,29.8485,31.018518518518523,19.703703703703702,51.53333333333333,967.8083333333333,SITE 4,INT
2026-04-14 11:00:00,38.376999999999995,31.357000000000003,26.670333333333335,32.7037037037037,19.75925925925926,46.9,967.3629999999999,SITE 4,INT
2026-04-14 12:00:00,39.56066666666666,32.48566666666667,28.070666666666668,33.24074074074074,19.740740740740744,45.3,966.7800000000001,SITE 4,INT
2026-04-14 13:00:00,37.0205,30.25,25.67,32.96296296296296,19.51851851851852,45.6,965.894,SITE 4,INT
2026-04-14 14:00:00,37.83116666666667,31.0085,26.5775,33.611111111111114,20.11111111111111,45.333333333333336,965.2186666666665,SITE 4,INT
2026-04-14 15:00:00,39.611,32.66716666666667,27.8665,33.074074074074076,20.11111111111111,46.63333333333333,964.6343333333333,SITE 4,INT
2026-04-14 16:00:00,41.37716666666667,34.420833333333334,29.395500000000002,32.5,20.592592592592595,49.9,964.1863333333333,SITE 4,INT
2026-04-14 17:00:00,41.584833333333336,34.39483333333333,29.577166666666667,32.07407407407407,21.01851851851852,52.43333333333333,964.1926666666666,SITE 4,INT
2026-04-14 18:00:00,41.976,34.62516666666667,29.958166666666667,31.16666666666667,21.055555555555554,55.46666666666667,964.735,SITE 4,INT
2026-04-14 19:00:00,44.1955,36.75216666666667,31.32316666666667,30.61111111111111,21.037037037037035,56.96666666666667,965.5669999999999,SITE 4,INT
2026-04-14 20:00:00,43.95137931034483,36.60827586206897,31.106724137931035,30.517241379310345,21.11111111111111,57.86206896551724,966.2506896551724,SITE 4,INT
2026-04-14 21:00:00,46.49883333333333,39.72233333333334,33.99466666666667,30.81481481481482,21.296296296296298,57.3,966.6836666666666,SITE 4,INT
2026-04-14 22:00:00,47.9625,40.89183333333334,34.53633333333333,30.555555555555557,20.62962962962963,56.266666666666666,966.9283333333333,SITE 4,INT
2026-04-14 23:00:00,50.171166666666664,42.34133333333333,34.975,30.203703703703702,20.574074074074076,56.766666666666666,966.669,SITE 4,INT
2026-04-15 00:00:00,44.31516666666666,36.60466666666667,30.4965,29.592592592592595,20.444444444444446,58.36666666666667,966.0373333333333,SITE 4,INT
2026-04-15 01:00:00,40.94783333333333,33.5665,28.8925,29.203703703703706,20.555555555555557,60.3,965.3036666666667,SITE 4,INT
2026-04-15 02:00:00,44.649,37.5575,32.5585,28.722222222222225,20.90740740740741,63.06666666666667,964.6446666666667,SITE 4,INT
2026-04-15 03:00:00,46.67983870967742,41.00806451612903,35.82806451612903,28.297491039426525,21.021505376344084,65.35483870967742,964.5474193548388,SITE 4,INT
2026-04-15 04:00:00,47.60766666666667,41.98766666666667,36.48866666666667,28.31481481481482,21.12962962962963,66.7,964.9523333333333,SITE 4,INT
2026-04-15 05:00:00,50.17366666666667,45.522166666666664,39.60916666666667,28.240740740740744,21.333333333333332,66.7,965.202,SITE 4,INT
2026-04-15 06:00:00,50.542,45.383,39.367333333333335,28.314814814814817,21.37037037037037,66.66666666666667,965.508,SITE 4,INT
2026-04-15 07:00:00,69.11583333333333,62.32983333333333,47.74333333333333,29.666666666666668,21.592592592592595,62.56666666666667,966.1346666666667,SITE 4,INT
2026-04-15 08:00:00,46.24966666666667,39.114333333333335,33.3245,31.11111111111111,20.962962962962965,55.53333333333333,966.7693333333334,SITE 4,INT
2026-04-15 09:00:00,41.32716666666667,34.0445,29.308833333333332,32.62962962962963,19.074074074074076,45.03333333333333,966.7476666666666,SITE 4,INT
2026-04-15 10:00:00,38.35466666666667,31.389499999999998,28.081166666666668,34.27777777777778,18.48148148148148,39.6,966.603,SITE 4,INT
2026-04-15 11:00:00,36.680166666666665,29.817,26.06116666666667,35.94444444444445,17.944444444444446,34.833333333333336,966.0386666666667,SITE 4,INT
2026-04-15 12:00:00,42.409499999999994,35.01683333333334,29.807166666666667,38.0,17.703703703703702,30.633333333333333,965.024,SITE 4,INT
2026-04-15 13:00:00,39.083666666666666,31.841666666666665,27.492166666666666,39.11111111111111,17.296296296296298,28.0,963.8176666666666,SITE 4,INT
2026-04-15 14:00:00,37.96483333333333,30.6445,25.920166666666667,40.166666666666664,16.0,24.466666666666665,962.8623333333333,SITE 4,INT
2026-04-15 15:00:00,39.107499999999995,31.618499999999997,26.973166666666668,41.370370370370374,15.592592592592592,22.166666666666668,962.395,SITE 4,INT
2026-04-15 16:00:00,42.333999999999996,33.738166666666665,27.543333333333333,40.87037037037037,15.055555555555555,22.066666666666666,962.0783333333333,SITE 4,INT
2026-04-15 17:00:00,43.50066666666667,35.86533333333333,30.471666666666668,39.51851851851852,15.055555555555555,23.733333333333334,962.024,SITE 4,INT
2026-04-15 18:00:00,54.25790322580645,45.64403225806451,36.31645161290322,38.01075268817205,15.842293906810037,27.06451612903226,962.4574193548387,SITE 4,INT
2026-04-15 19:00:00,72.9665,62.95516666666666,47.989000000000004,37.333333333333336,16.75925925925926,29.8,963.167,SITE 4,INT
2026-04-15 20:00:00,58.80050000000001,50.76583333333333,40.54066666666667,36.44444444444445,15.796296296296298,29.5,963.553,SITE 4,INT
2026-04-15 21:00:00,55.095166666666664,47.4045,38.41583333333333,35.98148148148149,16.74074074074074,32.06666666666667,963.925,SITE 4,INT
2026-04-15 22:00:00,62.47816666666667,53.52466666666667,41.91316666666667,35.12962962962963,17.314814814814817,35.06666666666667,964.385,SITE 4,INT
2026-04-15 23:00:00,49.66866666666667,41.7815,33.99166666666667,34.42592592592593,17.203703703703702,36.06666666666667,964.3520000000001,SITE 4,INT
2026-04-16 00:00:00,51.04366666666667,43.8605,36.798,33.48148148148148,17.740740740740744,39.53333333333333,963.9153333333333,SITE 4,INT
2026-04-16 01:00:00,45.68716666666667,38.54983333333333,33.24466666666667,32.592592592592595,17.925925925925927,42.1,963.2806666666668,SITE 4,INT
2026-04-16 02:00:00,45.19466666666666,38.837999999999994,34.245,31.666666666666668,18.61111111111111,46.166666666666664,962.8656666666667,SITE 4,INT
2026-04-16 03:00:00,44.45133333333333,37.86583333333333,33.288333333333334,30.90740740740741,19.092592592592595,49.86666666666667,962.397,SITE 4,INT
2026-04-16 04:00:00,42.811,35.489000000000004,30.974333333333334,30.5,19.425925925925927,52.5,962.403,SITE 4,INT
2026-04-16 05:00:00,44.03883333333333,36.916333333333334,31.950833333333332,30.185185185185183,19.592592592592595,53.53333333333333,963.0533333333333,SITE 4,INT
2026-04-16 06:00:00,44.939166666666665,37.7845,32.525999999999996,30.296296296296298,19.740740740740744,53.86666666666667,963.9006666666667,SITE 4,INT
2026-04-16 07:00:00,45.605333333333334,38.275,32.826,30.444444444444446,19.85185185185185,53.63333333333333,964.4643333333333,SITE 4,INT
2026-04-16 08:00:00,48.88387096774194,42.78290322580645,36.979677419354836,31.236559139784948,20.322580645161292,52.774193548387096,965.2109677419355,SITE 4,INT
2026-04-16 09:00:00,46.40416666666667,39.95616666666667,34.90566666666667,32.666666666666664,20.37037037037037,48.93333333333333,965.579,SITE 4,INT
2026-04-16 10:00:00,46.600166666666674,40.26133333333333,35.24883333333333,34.166666666666664,20.40740740740741,44.766666666666666,965.652,SITE 4,INT
2026-04-16 11:00:00,42.36533333333333,35.42933333333334,31.565,35.68518518518519,19.666666666666668,39.5,964.993,SITE 4,INT
2026-04-16 12:00:00,40.92466666666667,33.6915,30.156333333333336,38.24074074074074,18.666666666666668,32.266666666666666,964.0416666666666,SITE 4,INT
2026-04-16 13:00:00,42.198166666666665,35.00533333333333,30.835500000000003,39.98148148148148,18.27777777777778,28.4,962.9863333333334,SITE 4,INT
2026-04-16 14:00:00,43.0805,36.119,31.7485,40.57407407407407,18.0,27.1,962.0216666666668,SITE 4,INT
2026-04-16 15:00:00,42.03616666666667,35.235,31.286333333333335,41.64814814814815,17.77777777777778,25.233333333333334,961.2973333333333,SITE 4,INT
2026-04-16 16:00:00,41.02433333333333,33.934333333333335,30.256666666666668,41.907407407407405,16.61111111111111,23.066666666666666,960.8263333333333,SITE 4,INT
2026-04-16 17:00:00,42.4795,34.94866666666667,30.412666666666667,40.611111111111114,16.72222222222222,24.9,960.7733333333333,SITE 4,INT
2026-04-16 18:00:00,49.62983333333333,41.274166666666666,33.478833333333334,39.14814814814815,16.72222222222222,26.966666666666665,961.1906666666667,SITE 4,INT
2026-04-16 19:00:00,65.55833333333334,56.330000000000005,43.858,38.18518518518519,17.64814814814815,30.133333333333333,961.9206666666666,SITE 4,INT
2026-04-16 20:00:00,65.07967741935484,57.079193548387096,45.17629032258064,37.38351254480287,17.939068100358426,32.096774193548384,962.4974193548386,SITE 4,INT
2026-04-16 21:00:00,80.56683333333334,69.54916666666666,49.702666666666666,36.7962962962963,17.537037037037035,32.3,963.0759999999999,SITE 4,INT
2026-04-16 22:00:00,55.86866666666666,48.422,38.874,36.037037037037045,17.185185185185183,33.2,963.4879999999999,SITE 4,INT
2026-04-16 23:00:00,49.86299999999999,43.34,36.5015,35.37037037037037,18.0,36.166666666666664,963.4903333333333,SITE 4,INT
2026-04-17 00:00:00,48.749500000000005,42.42716666666667,36.31716666666667,34.98148148148148,18.40740740740741,37.833333333333336,962.9746666666667,SITE 4,INT
2026-04-17 01:00:00,51.754666666666665,46.29483333333334,39.45283333333334,33.81481481481482,18.87037037037037,41.766666666666666,962.2620000000001,SITE 4,INT
2026-04-17 02:00:00,48.49433333333333,42.465,36.63733333333334,32.666666666666664,19.03703703703704,44.766666666666666,961.6669999999999,SITE 4,INT
2026-04-17 03:00:00,46.422333333333334,39.963,34.775499999999994,31.444444444444446,20.185185185185183,51.5,961.3136666666667,SITE 4,INT
2026-04-17 04:00:00,48.978500000000004,42.78816666666667,36.746833333333335,30.703703703703706,20.5,54.833333333333336,961.436,SITE 4,INT
2026-04-17 05:00:00,50.432,45.044999999999995,39.040166666666664,30.53703703703704,20.88888888888889,56.766666666666666,961.8746666666667,SITE 4,INT
2026-04-17 06:00:00,62.544666666666664,56.49083333333333,45.347833333333334,30.796296296296298,20.77777777777778,55.4,963.2046666666666,SITE 4,INT
2026-04-17 07:00:00,72.03233333333333,64.94149999999999,51.28766666666666,31.444444444444446,21.22222222222222,54.86666666666667,963.9723333333333,SITE 4,INT
2026-04-17 08:00:00,54.97083333333333,51.1725,44.04533333333333,31.703703703703702,21.62962962962963,55.8,964.4113333333333,SITE 4,INT
2026-04-17 09:00:00,54.18516666666667,48.54366666666667,41.1025,32.68518518518518,21.925925925925927,53.63333333333333,964.7453333333334,SITE 4,INT
2026-04-17 10:00:00,52.593870967741935,46.791935483870965,39.97790322580645,34.40860215053764,21.845878136200717,48.38709677419355,964.5874193548386,SITE 4,INT
2026-04-17 11:00:00,48.353500000000004,41.863166666666665,36.03783333333333,36.407407407407405,20.537037037037035,40.0,963.948,SITE 4,INT
2026-04-17 12:00:00,47.91233333333333,41.30983333333334,35.08266666666667,38.46296296296296,19.12962962962963,32.766666666666666,963.1043333333333,SITE 4,INT
2026-04-17 13:00:00,46.39633333333334,38.998666666666665,32.73083333333333,39.92592592592593,17.407407407407405,26.966666666666665,961.8776666666668,SITE 4,INT
2026-04-17 14:00:00,46.973166666666664,40.1645,33.9015,41.111111111111114,17.240740740740744,25.0,960.7476666666666,SITE 4,INT
2026-04-17 15:00:00,46.9985,40.845166666666664,35.07233333333333,41.55555555555556,17.185185185185183,24.366666666666667,959.9,SITE 4,INT
2026-04-17 16:00:00,46.69466666666666,40.68783333333333,35.07033333333333,41.51851851851852,17.61111111111111,25.1,959.4083333333333,SITE 4,INT
2026-04-17 17:00:00,48.13016666666667,41.36866666666666,35.0705,40.07407407407407,17.462962962962965,26.766666666666666,959.409,SITE 4,INT
2026-04-17 18:00:00,50.973,43.106,34.8645,38.46296296296296,17.722222222222225,29.8,959.552,SITE 4,INT
2026-04-17 19:00:00,62.72583333333333,54.59766666666667,42.90683333333333,37.75925925925926,18.14814814814815,32.03333333333333,960.526,SITE 4,INT
2026-04-17 20:00:00,65.736,57.36333333333334,45.31266666666667,37.2037037037037,17.703703703703702,31.933333333333334,961.6596666666667,SITE 4,INT
2026-04-17 21:00:00,60.22083333333333,52.04183333333334,41.19116666666666,36.537037037037045,17.75925925925926,33.2,962.2313333333333,SITE 4,INT
2026-04-17 22:00:00,55.765,48.638,39.9885,35.2962962962963,20.11111111111111,41.4,962.6936666666667,SITE 4,INT
2026-04-17 23:00:00,52.18,45.789,38.71966666666666,34.25925925925926,20.388888888888893,44.833333333333336,962.9713333333333,SITE 4,INT
2026-04-18 00:00:00,49.25693548387097,42.7383870967742,36.42451612903226,33.691756272401435,20.322580645161292,45.903225806451616,962.667741935484,SITE 4,INT
2026-04-18 01:00:00,46.461,39.54416666666667,34.11366666666667,33.12962962962963,19.962962962962965,46.46666666666667,962.0013333333334,SITE 4,INT
2026-04-18 02:00:00,48.767,41.9385,35.5095,31.85185185185185,20.240740740740744,50.733333333333334,961.4706666666666,SITE 4,INT
2026-04-18 03:00:00,49.20016666666667,43.389,37.1645,31.12962962962963,20.87037037037037,54.96666666666667,961.3726666666666,SITE 4,INT
2026-04-18 04:00:00,51.35933333333333,45.70066666666666,38.69783333333333,30.444444444444446,21.203703703703702,58.333333333333336,961.4816666666667,SITE 4,INT
2026-04-18 05:00:00,51.21066666666666,45.77433333333333,39.09083333333333,29.666666666666668,21.0,60.4,961.9240000000001,SITE 4,INT
2026-04-18 06:00:00,50.224333333333334,44.681000000000004,38.441,29.222222222222225,20.53703703703704,59.9,962.2353333333334,SITE 4,INT
2026-04-18 07:00:00,50.801500000000004,46.160833333333336,39.8615,28.962962962962965,20.53703703703704,60.733333333333334,962.423,SITE 4,INT
2026-04-18 08:00:00,50.53433333333333,44.47416666666666,38.044333333333334,30.185185185185187,20.722222222222225,57.36666666666667,963.3080000000001,SITE 4,INT
2026-04-18 09:00:00,49.67916666666667,44.73466666666666,39.3275,31.90740740740741,20.833333333333332,52.333333333333336,963.891,SITE 4,INT
2026-04-18 10:00:00,45.976,39.26083333333334,34.44016666666666,33.46296296296296,21.25925925925926,49.266666666666666,964.0773333333333,SITE 4,INT
2026-04-18 11:00:00,45.00383333333333,37.95483333333333,33.034666666666666,35.18518518518519,21.38888888888889,45.266666666666666,963.5490000000001,SITE 4,INT
2026-04-18 12:00:00,44.325,36.98416666666667,32.295,37.111111111111114,20.25925925925926,37.766666666666666,962.4873333333333,SITE 4,INT
2026-04-18 13:00:00,45.144666666666666,37.39383333333333,32.01433333333333,38.166666666666664,18.314814814814817,31.566666666666666,961.3626666666667,SITE 4,INT
2026-04-18 14:00:00,44.66903225806452,37.457580645161286,32.373064516129034,39.229390681003586,18.243727598566313,29.580645161290324,960.6745161290322,SITE 4,INT
2026-04-18 15:00:00,46.276833333333336,38.96566666666667,33.51433333333333,39.7962962962963,17.962962962962965,28.333333333333332,960.2603333333334,SITE 4,INT
2026-04-18 16:00:00,46.618833333333335,39.07183333333333,33.20666666666667,39.666666666666664,17.314814814814817,27.233333333333334,959.901,SITE 4,INT
2026-04-18 17:00:00,46.191,38.5295,32.614,39.46296296296296,16.166666666666668,25.5,959.5043333333334,SITE 4,INT
2026-04-18 18:00:00,52.52633333333333,44.8935,36.851,38.07407407407407,17.055555555555554,29.233333333333334,960.169,SITE 4,INT
2026-04-18 19:00:00,66.06866666666666,57.867333333333335,45.154833333333336,37.01851851851852,17.685185185185183,32.3,960.8213333333333,SITE 4,INT
2026-04-18 20:00:00,54.034,46.899833333333326,38.7365,36.01851851851852,18.666666666666668,36.166666666666664,961.4376666666667,SITE 4,INT
2026-04-18 21:00:00,51.246,44.55683333333333,37.39533333333333,34.62962962962963,20.444444444444446,43.63333333333333,961.9166666666666,SITE 4,INT
2026-04-18 22:00:00,49.46783333333334,43.02616666666667,36.910666666666664,34.68518518518518,20.962962962962965,44.8,962.7356666666667,SITE 4,INT
2026-04-18 23:00:00,50.64783333333333,44.9675,38.587833333333336,34.092592592592595,20.796296296296298,46.2,962.9753333333333,SITE 4,INT
2026-04-19 00:00:00,50.98166666666667,45.7955,39.209833333333336,33.68518518518519,20.61111111111111,46.8,962.7383333333333,SITE 4,INT
2026-04-19 01:00:00,50.93116666666666,45.51116666666667,38.936,33.03703703703704,21.0,49.666666666666664,962.3259999999999,SITE 4,INT
2026-04-19 02:00:00,49.70583333333333,44.11583333333333,38.116166666666665,32.12962962962963,21.25925925925926,53.233333333333334,961.8073333333334,SITE 4,INT
2026-04-19 03:00:00,51.73016666666667,47.329166666666666,40.770833333333336,31.000000000000004,21.38888888888889,57.2,961.5333333333333,SITE 4,INT
2026-04-19 04:00:00,52.0705,47.5285,40.76316666666666,30.62962962962963,21.314814814814817,58.36666666666667,961.3556666666666,SITE 4,INT
2026-04-19 05:00:00,54.25016129032259,50.51435483870968,43.207580645161286,30.394265232974913,21.46953405017921,59.32258064516129,961.7693548387097,SITE 4,INT
2026-04-19 06:00:00,59.37716666666667,55.474000000000004,46.59066666666667,30.0,21.64814814814815,61.3,962.2736666666666,SITE 4,INT
2026-04-19 07:00:00,60.69133333333333,56.341499999999996,46.766333333333336,30.037037037037035,21.87037037037037,62.333333333333336,962.8246666666668,SITE 4,INT
2026-04-19 08:00:00,59.145833333333336,54.882333333333335,46.03633333333333,31.203703703703706,22.0,58.833333333333336,963.732,SITE 4,INT
2026-04-19 09:00:00,56.82533333333333,52.28066666666667,44.126999999999995,32.666666666666664,21.90740740740741,53.7,964.131,SITE 4,INT
2026-04-19 10:00:00,52.14416666666667,47.12866666666666,40.524499999999996,34.44444444444444,21.703703703703702,47.733333333333334,963.9416666666667,SITE 4,INT
2026-04-19 11:00:00,48.68266666666667,42.962833333333336,37.26233333333333,35.74074074074074,20.592592592592595,41.733333333333334,963.553,SITE 4,INT
2026-04-19 12:00:00,49.276666666666664,44.032333333333334,38.396,38.01851851851852,20.388888888888893,36.3,962.804,SITE 4,INT
2026-04-19 13:00:00,46.91866666666667,40.75333333333333,35.6435,38.96296296296296,19.62962962962963,32.7,961.7053333333333,SITE 4,INT
2026-04-19 14:00:00,47.29083333333333,40.846000000000004,35.320166666666665,40.092592592592595,18.833333333333332,29.366666666666667,960.8406666666667,SITE 4,INT
2026-04-19 15:00:00,47.257333333333335,41.35,36.0225,41.31481481481482,18.185185185185187,26.233333333333334,959.913,SITE 4,INT
2026-04-19 16:00:00,48.27616666666667,42.69216666666667,36.8265,41.55555555555556,17.85185185185185,25.466666666666665,959.4726666666667,SITE 4,INT
2026-04-19 17:00:00,48.376999999999995,42.093333333333334,35.87266666666667,40.407407407407405,17.555555555555554,26.4,959.3736666666666,SITE 4,INT
2026-04-19 18:00:00,64.43116666666667,50.743,37.2685,39.38888888888889,18.333333333333332,29.4,960.0360000000001,SITE 4,INT
2026-04-19 19:00:00,59.54016129032258,53.02516129032258,43.3841935483871,37.97491039426523,19.032258064516128,33.38709677419355,961.0064516129032,SITE 4,INT
2026-04-19 20:00:00,52.222166666666666,46.877833333333335,39.81166666666666,37.12962962962963,19.333333333333332,35.5,961.9896666666666,SITE 4,INT
2026-04-19 21:00:00,52.1192,47.2266,40.1914,36.24444444444445,19.355555555555558,37.4,962.7704000000001,SITE 4,INT
2026-04-19 23:00:00,42.8509375,41.024375,39.785625,27.1875,21.666666666666668,72.5,965.674375,SITE 4,INT
2026-04-20 00:00:00,41.9415,38.4335,36.329166666666666,28.425925925925927,21.12962962962963,65.33333333333333,965.8873333333333,SITE 4,INT
2026-04-20 01:00:00,44.239000000000004,40.885999999999996,38.10333333333333,27.796296296296298,20.27777777777778,64.46666666666667,964.756,SITE 4,INT
2026-04-20 02:00:00,43.165,40.352,38.415333333333336,27.333333333333336,20.0,64.96666666666667,963.0566666666667,SITE 4,INT
2026-04-20 03:00:00,43.42033333333333,40.269666666666666,38.27916666666667,26.851851851851855,19.962962962962965,66.76666666666667,962.4873333333333,SITE 4,INT
2026-04-20 04:00:00,44.415333333333336,41.54566666666667,39.2175,26.98148148148148,19.703703703703702,65.33333333333333,962.349,SITE 4,INT
2026-04-20 05:00:00,44.570166666666665,42.1475,39.51366666666667,27.66666666666667,19.98148148148148,63.6,962.6046666666666,SITE 4,INT
2026-04-20 06:00:00,53.055166666666665,50.644666666666666,44.848,28.87037037037037,20.85185185185185,62.833333333333336,963.193,SITE 4,INT
2026-04-20 07:00:00,49.679,47.06766666666667,41.822,29.351851851851855,21.25925925925926,62.46666666666667,963.904,SITE 4,INT
2026-04-20 08:00:00,44.17716666666667,41.217999999999996,38.22,29.444444444444446,21.11111111111111,61.7,964.807,SITE 4,INT
2026-04-20 09:00:00,47.48633333333333,44.72866666666667,40.503166666666665,29.962962962962965,21.592592592592595,60.93333333333333,965.311,SITE 4,INT
2026-04-20 10:00:00,48.17375,45.51696428571428,40.97017857142857,30.25793650793651,21.38888888888889,59.57142857142857,964.8542857142857,SITE 4,INT
2026-04-20 11:00:00,46.30548387096774,42.968870967741935,39.065322580645166,31.505376344086024,21.899641577060933,57.193548387096776,964.4803225806452,SITE 4,INT
2026-04-20 12:00:00,45.91,42.3085,38.407000000000004,31.925925925925927,22.35185185185185,57.53333333333333,964.0936666666668,SITE 4,INT
2026-04-20 13:00:00,45.27733333333333,40.852666666666664,36.90983333333334,32.81481481481482,22.425925925925927,55.3,963.0699999999999,SITE 4,INT
2026-04-20 14:00:00,52.128,48.82066666666666,42.25666666666667,34.14814814814815,22.592592592592595,51.5,962.3423333333334,SITE 4,INT
2026-04-20 15:00:00,49.21083333333333,44.714333333333336,39.45183333333333,34.62962962962963,22.462962962962965,49.63333333333333,962.2376666666667,SITE 4,INT
2026-04-20 16:00:00,49.29816666666667,44.844,39.484500000000004,34.61111111111111,22.185185185185183,48.93333333333333,961.7080000000001,SITE 4,INT
2026-04-20 17:00:00,49.66316666666667,45.58166666666667,40.323,33.75925925925926,22.444444444444446,52.0,961.7623333333333,SITE 4,INT
2026-04-20 18:00:00,51.56916666666667,47.07516666666667,40.676500000000004,32.96296296296296,22.685185185185183,55.43333333333333,962.322,SITE 4,INT
2026-04-20 19:00:00,57.98233333333334,53.06666666666667,44.04383333333333,32.092592592592595,22.64814814814815,57.8,962.965,SITE 4,INT
2026-04-20 20:00:00,62.33983333333333,56.574666666666666,45.415499999999994,31.722222222222225,22.277777777777775,58.03333333333333,963.5026666666668,SITE 4,INT
2026-04-20 21:00:00,62.64233333333333,58.16766666666667,48.34566666666667,31.64814814814815,22.537037037037035,59.03333333333333,964.2046666666666,SITE 4,INT
2026-04-20 22:00:00,68.97783333333334,64.15416666666667,52.869,31.444444444444446,22.537037037037035,60.06666666666667,964.8146666666667,SITE 4,INT
2026-04-20 23:00:00,68.0055,63.69666666666667,53.255833333333335,31.074074074074076,22.62962962962963,61.5,964.8856666666667,SITE 4,INT
2026-04-21 00:00:00,65.69800000000001,62.112833333333334,52.18866666666667,31.111111111111118,23.333333333333336,63.766666666666666,964.7733333333333,SITE 4,INT
2026-04-21 01:00:00,57.6605,55.189499999999995,47.23533333333333,30.53703703703704,22.87037037037037,64.63333333333334,964.2423333333334,SITE 4,INT
2026-04-21 02:00:00,55.28516666666667,53.46383333333333,46.277,30.555555555555557,22.814814814814817,64.13333333333334,964.2426666666667,SITE 4,INT
2026-04-21 03:00:00,54.69564516129032,52.77564516129033,45.76532258064516,30.448028673835125,23.2078853046595,65.70967741935483,963.9035483870969,SITE 4,INT
2026-04-21 04:00:00,52.94983333333333,50.761833333333335,44.27183333333333,29.85185185185185,22.314814814814817,64.83333333333333,963.836,SITE 4,INT
2026-04-21 05:00:00,59.0535,56.73083333333333,48.94216666666667,29.5,22.314814814814817,66.5,964.3556666666666,SITE 4,INT
2026-04-21 06:00:00,65.60033333333334,61.535666666666664,51.75216666666667,29.98148148148148,22.75925925925926,65.7,964.7633333333334,SITE 4,INT
2026-04-21 07:00:00,64.15183333333333,60.977,51.6045,30.62962962962963,23.03703703703704,64.53333333333333,965.2553333333333,SITE 4,INT
2026-04-21 08:00:00,54.686,52.10816666666666,45.357,31.203703703703706,22.888888888888893,62.266666666666666,965.9316666666667,SITE 4,INT
2026-04-21 09:00:00,57.07107142857143,54.417500000000004,46.89357142857143,31.984126984126984,23.214285714285715,60.42857142857143,965.8914285714285,SITE 4,INT
2026-04-21 13:00:00,43.957499999999996,37.10038461538461,32.44326923076923,35.91880341880342,21.965811965811966,44.92307692307692,963.0419230769231,SITE 4,INT
2026-04-21 14:00:00,46.5765,39.74583333333333,34.399,37.03703703703704,22.092592592592595,42.6,962.414,SITE 4,INT
2026-04-21 15:00:00,43.524833333333326,36.852833333333336,32.284166666666664,36.64814814814815,21.74074074074074,42.733333333333334,962.4926666666667,SITE 4,INT
2026-04-21 16:00:00,53.400999999999996,46.767,37.687,33.611111111111114,21.314814814814817,48.96666666666667,962.5360000000001,SITE 4,INT
2026-04-21 17:00:00,76.92533333333334,69.20466666666667,52.477333333333334,32.75925925925926,21.01851851851852,50.333333333333336,962.257,SITE 4,INT
2026-04-21 18:00:00,57.43866666666666,50.51583333333333,40.28866666666667,32.77777777777778,21.703703703703702,52.6,962.925,SITE 4,INT
2026-04-21 19:00:00,65.44716666666666,58.938,46.58533333333333,32.7037037037037,21.14814814814815,50.93333333333333,963.6636666666667,SITE 4,INT
2026-04-21 20:00:00,44.071333333333335,38.269666666666666,33.64,31.370370370370374,19.296296296296298,49.333333333333336,964.5949999999999,SITE 4,INT
2026-04-21 21:00:00,43.119166666666665,37.38983333333333,33.146166666666666,31.333333333333336,19.77777777777778,50.766666666666666,965.204,SITE 4,INT
2026-04-21 22:00:00,37.90233333333333,31.997333333333334,28.641666666666666,30.12962962962963,19.814814814814817,54.56666666666667,966.6823333333334,SITE 4,INT
2026-04-21 23:00:00,34.207,28.502666666666666,25.8605,29.333333333333332,19.203703703703706,54.666666666666664,965.7616666666667,SITE 4,INT
2026-04-22 00:00:00,36.20466666666667,30.487166666666667,27.749333333333333,29.370370370370374,19.685185185185183,56.63333333333333,965.1133333333333,SITE 4,INT
2026-04-22 01:00:00,37.085,31.506500000000003,28.18316666666667,29.351851851851855,19.425925925925927,56.0,964.723,SITE 4,INT
2026-04-22 02:00:00,39.007666666666665,33.588499999999996,31.096666666666668,28.333333333333332,19.796296296296298,60.5,964.1460000000001,SITE 4,INT
2026-04-22 03:00:00,40.61633333333334,35.615,32.832,28.62962962962963,20.370370370370374,61.4,964.3063333333333,SITE 4,INT
2026-04-22 04:00:00,42.3625,37.20816666666666,33.4165,28.88888888888889,20.62962962962963,61.63333333333333,964.8116666666666,SITE 4,INT
2026-04-22 05:00:00,44.039,39.66566666666667,35.96566666666667,27.962962962962965,20.055555555555557,62.6,966.1566666666666,SITE 4,INT
2026-04-22 06:00:00,45.2465,40.7815,37.077999999999996,26.27777777777778,19.185185185185183,65.5,966.7776666666666,SITE 4,INT
2026-04-22 07:00:00,51.83433333333333,48.83633333333333,43.07866666666666,26.685185185185183,19.296296296296298,64.33333333333333,967.1256666666667,SITE 4,INT
2026-04-22 08:00:00,48.31516666666666,44.8555,40.52733333333333,27.833333333333336,19.01851851851852,59.166666666666664,967.256,SITE 4,INT
2026-04-22 09:00:00,44.62,38.726,33.688833333333335,29.796296296296298,18.48148148148148,51.2,966.6016666666667,SITE 4,INT
2026-04-22 10:00:00,45.66357142857142,40.00035714285714,34.511428571428574,32.0436507936508,17.678571428571427,42.607142857142854,966.2071428571428,SITE 4,INT
2026-04-22 11:00:00,39.81466666666667,32.4185,28.4325,34.074074074074076,17.722222222222225,38.43333333333333,965.5796666666666,SITE 4,INT
2026-04-22 12:00:00,38.224666666666664,30.812333333333335,27.226666666666667,35.592592592592595,18.240740740740744,36.1,964.5803333333333,SITE 4,INT
2026-04-22 13:00:00,38.17193548387097,31.15048387096774,27.73193548387097,36.7562724014337,17.831541218637994,33.064516129032256,963.7503225806452,SITE 4,INT
2026-04-22 14:00:00,40.652166666666666,33.3145,29.361,37.0,18.796296296296298,34.666666666666664,962.908,SITE 4,INT
2026-04-22 15:00:00,39.099666666666664,31.90716666666667,28.787666666666667,37.333333333333336,18.888888888888893,34.266666666666666,962.434,SITE 4,INT
2026-04-22 16:00:00,39.03416666666667,31.6945,27.753833333333333,38.38888888888889,17.944444444444446,30.266666666666666,962.015,SITE 4,INT
2026-04-22 17:00:00,44.417833333333334,37.213499999999996,31.990000000000002,36.40740740740741,17.14814814814815,32.3,962.3023333333333,SITE 4,INT
2026-04-22 18:00:00,53.150999999999996,46.43366666666667,38.43416666666667,35.25925925925926,19.222222222222225,39.13333333333333,963.1976666666667,SITE 4,INT
2026-04-22 19:00:00,66.81216666666667,59.97083333333333,47.443666666666665,34.592592592592595,20.75925925925926,45.03333333333333,964.1543333333334,SITE 4,INT
2026-04-22 20:00:00,50.71666666666667,43.502833333333335,35.5895,33.74074074074074,21.01851851851852,48.166666666666664,964.904,SITE 4,INT
2026-04-22 21:00:00,47.109,39.34683333333333,32.633,33.20370370370371,21.296296296296298,50.6,965.591,SITE 4,INT
2026-04-22 22:00:00,44.409666666666666,38.359833333333334,33.3805,32.111111111111114,22.22222222222222,56.36666666666667,965.85,SITE 4,INT
2026-04-22 23:00:00,44.086333333333336,39.14416666666667,34.698,31.518518518518523,22.5,59.233333333333334,965.6830000000001,SITE 4,INT
2026-04-23 00:00:00,44.147166666666664,39.476,35.2485,31.185185185185187,22.35185185185185,60.2,965.215,SITE 4,INT
2026-04-23 01:00:00,43.064,38.3515,34.43716666666667,30.740740740740744,22.48148148148148,61.96666666666667,964.6566666666666,SITE 4,INT
2026-04-23 02:00:00,43.4335,38.9075,35.0695,30.64814814814815,22.35185185185185,61.5,964.2276666666666,SITE 4,INT
2026-04-23 03:00:00,45.735,41.99666666666667,37.88983333333333,30.11111111111111,22.22222222222222,63.233333333333334,963.9639999999999,SITE 4,INT
2026-04-23 04:00:00,44.866290322580646,41.74274193548387,37.92709677419355,29.96415770609319,21.70250896057348,61.87096774193548,964.0683870967741,SITE 4,INT
2026-04-23 05:00:00,47.81483333333333,44.755333333333326,40.14783333333333,29.85185185185185,21.703703703703702,62.3,964.4716666666667,SITE 4,INT
2026-04-23 06:00:00,47.43533333333333,44.369166666666665,39.75483333333333,29.77777777777778,21.703703703703702,62.56666666666667,965.0356666666667,SITE 4,INT
2026-04-23 07:00:00,48.891333333333336,45.79533333333333,40.66,30.40740740740741,21.925925925925927,61.3,965.3439999999999,SITE 4,INT
2026-04-23 08:00:00,51.7055,48.40933333333333,42.60733333333334,31.666666666666668,22.27777777777778,57.96666666666667,965.6473333333334,SITE 4,INT
2026-04-23 09:00:00,45.7595,40.257333333333335,35.19783333333333,33.31481481481482,21.685185185185183,51.03333333333333,965.381,SITE 4,INT
2026-04-23 10:00:00,42.626333333333335,35.824333333333335,31.9425,35.11111111111111,20.537037037037035,42.8,964.9213333333333,SITE 4,INT
2026-04-23 11:00:00,42.86266666666667,36.554833333333335,32.87266666666667,36.907407407407405,20.240740740740744,38.06666666666667,964.4093333333333,SITE 4,INT
2026-04-23 12:00:00,42.52833333333333,36.16866666666667,32.35816666666667,38.68518518518519,19.740740740740744,33.266666666666666,963.5086666666667,SITE 4,INT
2026-04-23 13:00:00,43.747,36.5975,31.896166666666666,40.2962962962963,18.870370370370374,28.933333333333334,962.357,SITE 4,INT
2026-04-23 14:00:00,42.7365,35.454166666666666,31.119666666666667,40.62962962962963,18.40740740740741,27.733333333333334,961.4523333333333,SITE 4,INT
2026-04-23 15:00:00,42.38766666666666,35.213166666666666,31.108166666666666,41.14814814814815,18.27777777777778,26.766666666666666,960.7023333333333,SITE 4,INT
2026-04-23 16:00:00,46.60516666666667,39.49616666666667,33.7795,40.148148148148145,20.537037037037035,32.5,960.3153333333333,SITE 4,INT
2026-04-23 17:00:00,46.18366666666667,39.276500000000006,33.792,38.92592592592593,21.074074074074073,35.93333333333333,960.4,SITE 4,INT
2026-04-23 18:00:00,48.06241935483871,41.34870967741935,35.178064516129034,37.437275985663085,20.985663082437277,38.935483870967744,960.9458064516128,SITE 4,INT
2026-04-23 19:00:00,51.05883333333334,44.352999999999994,37.37616666666667,36.96296296296296,21.814814814814817,41.8,961.9906666666667,SITE 4,INT
2026-04-23 20:00:00,51.467666666666666,45.14216666666667,38.13216666666666,36.07407407407408,22.037037037037035,44.36666666666667,962.5233333333333,SITE 4,INT
2026-04-23 21:00:00,47.210166666666666,40.77433333333333,35.35566666666667,34.833333333333336,22.203703703703702,48.13333333333333,963.3316666666667,SITE 4,INT
2026-04-23 22:00:00,49.016666666666666,43.38483333333333,37.50633333333334,33.96296296296296,21.907407407407405,49.93333333333333,963.7946666666667,SITE 4,INT
2026-04-23 23:00:00,51.92283333333333,46.797333333333334,39.54766666666667,33.166666666666664,22.01851851851852,52.7,963.954,SITE 4,INT
2026-04-24 00:00:00,56.71583333333333,53.17666666666666,44.813833333333335,31.555555555555557,22.203703703703702,58.166666666666664,963.5843333333333,SITE 4,INT
2026-04-24 01:00:00,56.4075,53.251999999999995,44.92283333333333,30.851851851851855,21.703703703703702,58.93333333333333,962.7816666666666,SITE 4,INT
2026-04-24 02:00:00,52.312,49.062,42.209666666666664,30.092592592592595,21.11111111111111,59.233333333333334,962.6643333333334,SITE 4,INT
2026-04-24 03:00:00,41.40983333333334,36.45233333333333,33.429833333333335,29.222222222222225,18.944444444444446,54.5,963.078,SITE 4,INT
2026-04-24 04:00:00,40.22483333333333,35.155166666666666,32.596,29.14814814814815,18.64814814814815,53.53333333333333,963.007,SITE 4,INT
2026-04-24 05:00:00,42.164833333333334,37.41566666666667,34.474333333333334,28.833333333333332,18.814814814814817,55.233333333333334,964.0446666666667,SITE 4,INT
2026-04-24 06:00:00,48.5795,45.118833333333335,39.95066666666666,28.444444444444446,19.222222222222225,57.833333333333336,964.7273333333334,SITE 4,INT
2026-04-24 07:00:00,50.563870967741934,48.13387096774194,42.66596774193548,28.835125448028673,19.659498207885306,58.45161290322581,965.2270967741936,SITE 4,INT
2026-04-24 08:00:00,51.071333333333335,46.9435,40.48966666666667,30.12962962962963,20.074074074074076,55.3,965.8293333333334,SITE 4,INT
2026-04-24 09:00:00,47.58583333333333,43.0225,37.497,32.22222222222222,20.12962962962963,49.2,965.7199999999999,SITE 4,INT
2026-04-24 10:00:00,46.808,41.307,35.747499999999995,33.92592592592593,19.722222222222225,43.53333333333333,965.1650000000001,SITE 4,INT
2026-04-24 11:00:00,47.504333333333335,41.55783333333333,36.29066666666667,35.51851851851852,19.61111111111111,39.53333333333333,964.4159999999999,SITE 4,INT
2026-04-24 12:00:00,48.15916666666667,42.33166666666667,36.992,36.833333333333336,20.12962962962963,38.0,963.375,SITE 4,INT
2026-04-24 13:00:00,46.68566666666666,40.77366666666667,35.732,37.166666666666664,20.425925925925927,38.03333333333333,962.4176666666666,SITE 4,INT
2026-04-24 14:00:00,47.86783333333333,42.26433333333333,36.8865,37.46296296296296,20.77777777777778,38.166666666666664,961.9163333333333,SITE 4,INT
2026-04-24 15:00:00,47.458999999999996,41.54516666666667,36.2695,38.07407407407407,20.64814814814815,36.6,961.6376666666667,SITE 4,INT
2026-04-24 16:00:00,47.89516666666667,41.95666666666667,36.53066666666667,37.37037037037037,21.074074074074073,39.4,961.6703333333334,SITE 4,INT
2026-04-24 17:00:00,48.499833333333335,42.66833333333333,36.926833333333335,36.666666666666664,21.055555555555554,40.56666666666667,961.7323333333334,SITE 4,INT
2026-04-24 18:00:00,53.477833333333336,47.58083333333333,40.27616666666667,35.87037037037037,21.14814814814815,42.7,962.1863333333333,SITE 4,INT
2026-04-24 19:00:00,52.639,47.234,40.16583333333333,35.2037037037037,21.333333333333332,44.96666666666667,963.0736666666667,SITE 4,INT
2026-04-24 20:00:00,51.8795,46.82483333333334,40.22116666666667,34.61111111111111,21.25925925925926,46.4,963.608,SITE 4,INT
2026-04-24 21:00:00,47.478833333333334,42.277166666666666,37.16383333333333,33.90740740740741,20.796296296296298,46.6,964.4150000000001,SITE 4,INT
2026-04-24 22:00:00,44.62483333333333,39.18033333333334,34.5405,33.166666666666664,20.518518518518523,47.9,964.7819999999999,SITE 4,INT
2026-04-24 23:00:00,44.216833333333334,38.61333333333334,33.837833333333336,32.68518518518518,20.666666666666668,49.7,964.6303333333333,SITE 4,INT
2026-04-25 00:00:00,47.35483333333333,42.19566666666666,36.59683333333333,32.0,20.85185185185185,52.266666666666666,964.1696666666667,SITE 4,INT
2026-04-25 01:00:00,48.67166666666667,44.3865,38.439499999999995,31.333333333333332,21.092592592592595,55.03333333333333,963.6616666666666,SITE 4,INT
2026-04-25 02:00:00,50.82,46.54516129032258,39.86451612903225,29.928315412186382,21.093189964157705,59.67741935483871,963.2493548387097,SITE 4,INT
2026-04-25 03:00:00,51.123000000000005,47.6125,40.952,29.388888888888893,21.037037037037035,61.166666666666664,962.8086666666666,SITE 4,INT
2026-04-25 04:00:00,52.657000000000004,49.80049999999999,42.66466666666667,28.98148148148148,20.64814814814815,61.53333333333333,963.2676666666666,SITE 4,INT
2026-04-25 05:00:00,53.24733333333334,49.477666666666664,42.041500000000006,29.444444444444446,20.685185185185183,60.13333333333333,963.749,SITE 4,INT
2026-04-25 06:00:00,59.264,55.15466666666667,46.044,29.185185185185183,21.01851851851852,61.96666666666667,964.2483333333333,SITE 4,INT
2026-04-25 07:00:00,59.80016666666666,55.43783333333333,45.876999999999995,29.40740740740741,20.944444444444446,60.8,965.0546666666667,SITE 4,INT
2026-04-25 08:00:00,60.84766666666667,56.278,46.539833333333334,30.27777777777778,21.296296296296298,59.266666666666666,965.5386666666667,SITE 4,INT
2026-04-25 09:00:00,61.22183333333333,57.11716666666667,47.696,31.722222222222225,21.703703703703702,55.86666666666667,965.8076666666667,SITE 4,INT
2026-04-25 10:00:00,56.372,51.801500000000004,43.57866666666666,33.51851851851852,21.240740740740744,49.13333333333333,965.8683333333333,SITE 4,INT
2026-04-25 11:00:00,56.45216666666667,51.21033333333333,42.86416666666666,34.87037037037037,21.14814814814815,45.266666666666666,965.138,SITE 4,INT
2026-04-25 12:00:00,55.425,50.46583333333333,42.50783333333333,36.12962962962963,20.98148148148148,41.8,964.1993333333334,SITE 4,INT
2026-04-25 13:00:00,57.952,52.914833333333334,44.3765,36.81481481481482,20.25925925925926,38.43333333333333,963.3340000000001,SITE 4,INT
2026-04-25 14:00:00,61.72383333333333,56.44283333333333,46.93383333333334,37.98148148148149,20.314814814814817,35.96666666666667,962.3746666666666,SITE 4,INT
2026-04-25 15:00:00,60.76233333333333,55.268,46.02816666666667,38.777777777777786,20.388888888888893,34.8,961.6919999999999,SITE 4,INT
2026-04-25 16:00:00,60.615,55.1565,45.90383333333333,38.57407407407408,20.462962962962965,35.166666666666664,961.5153333333333,SITE 4,INT
2026-04-25 17:00:00,63.526666666666664,57.764,47.527166666666666,37.48148148148149,20.40740740740741,37.233333333333334,961.5836666666667,SITE 4,INT
2026-04-25 18:00:00,66.14241379310346,60.32948275862069,49.44620689655173,36.24521072796936,20.555555555555554,40.275862068965516,962.2603448275862,SITE 4,INT
2026-04-25 19:00:00,68.35583333333334,62.14366666666667,50.330333333333336,35.74074074074074,21.11111111111111,42.93333333333333,963.159,SITE 4,INT
2026-04-25 20:00:00,66.62066666666666,60.66133333333333,49.36983333333333,34.31481481481481,21.40740740740741,47.333333333333336,963.9076666666666,SITE 4,INT
2026-04-25 21:00:00,60.35583333333333,54.787000000000006,44.97983333333333,33.351851851851855,21.11111111111111,49.43333333333333,964.4603333333333,SITE 4,INT
2026-04-25 22:00:00,60.4185,54.82283333333333,44.953833333333336,33.592592592592595,21.592592592592595,49.733333333333334,965.2113333333333,SITE 4,INT
2026-04-25 23:00:00,64.25633333333333,58.672000000000004,47.52183333333333,33.333333333333336,21.666666666666668,50.96666666666667,965.1536666666667,SITE 4,INT
2026-04-26 00:00:00,64.4255,59.00716666666666,47.42266666666667,32.81481481481482,21.537037037037035,52.2,964.6553333333334,SITE 4,INT
2026-04-26 01:00:00,66.22066666666666,61.092666666666666,49.19916666666666,32.24074074074074,21.64814814814815,54.2,964.2226666666667,SITE 4,INT
2026-04-26 02:00:00,65.67450000000001,60.72,48.91233333333333,31.48148148148148,21.62962962962963,56.266666666666666,963.8936666666667,SITE 4,INT
2026-04-26 03:00:00,65.6325,60.717999999999996,48.801833333333335,31.092592592592595,21.814814814814817,58.333333333333336,963.8866666666667,SITE 4,INT
2026-04-26 04:00:00,68.41000000000001,63.23433333333333,50.583,30.75925925925926,21.87037037037037,59.43333333333333,964.1896666666667,SITE 4,INT
2026-04-26 05:00:00,74.87083333333334,69.49816666666668,54.88033333333333,30.40740740740741,21.61111111111111,60.266666666666666,964.7123333333333,SITE 4,INT
2026-04-26 06:00:00,74.44483333333332,68.88966666666667,55.73383333333334,29.074074074074076,21.296296296296298,63.53333333333333,965.1993333333334,SITE 4,INT
2026-04-26 07:00:00,69.60283333333334,65.067,53.718333333333334,28.833333333333332,21.055555555555554,63.53333333333333,966.0033333333333,SITE 4,INT
2026-04-26 08:00:00,63.124500000000005,59.082499999999996,49.12383333333333,30.14814814814815,21.22222222222222,59.36666666666667,966.7046666666666,SITE 4,INT
2026-04-26 09:00:00,59.293,55.78666666666666,46.65466666666667,31.666666666666668,21.22222222222222,54.5,967.026,SITE 4,INT
2026-04-26 10:00:00,55.262903225806454,50.89790322580645,42.45887096774193,33.63799283154122,21.32616487455197,49.03225806451613,966.8074193548387,SITE 4,INT
2026-04-26 11:00:00,55.11033333333333,50.29116666666666,42.271499999999996,35.12962962962963,21.074074074074073,44.2,966.3726666666666,SITE 4,INT
2026-04-26 12:00:00,55.80316666666667,50.57483333333334,42.22,36.12962962962963,21.166666666666668,42.13333333333333,965.5906666666667,SITE 4,INT
2026-04-26 13:00:00,52.818,47.61,40.12116666666667,36.7962962962963,20.722222222222225,39.4,964.6266666666667,SITE 4,INT
2026-04-26 14:00:00,52.57,46.81316666666667,39.19766666666667,37.55555555555556,20.72222222222222,38.03333333333333,964.5903333333333,SITE 4,INT
2026-04-26 15:00:00,51.465,45.696000000000005,38.431666666666665,37.68518518518519,20.88888888888889,37.86666666666667,964.2136666666667,SITE 4,INT
2026-04-26 16:00:00,85.94716666666666,79.4965,59.280166666666666,37.2962962962963,20.85185185185185,38.7,964.35,SITE 4,INT
2026-04-26 17:00:00,114.67266666666666,107.29783333333333,73.4205,35.72222222222222,20.592592592592595,41.833333333333336,964.5840000000001,SITE 4,INT
2026-04-26 18:00:00,59.76683333333333,54.658500000000004,45.1235,34.62962962962963,20.62962962962963,44.3,965.0509999999999,SITE 4,INT
2026-04-26 19:00:00,59.62683333333334,55.13333333333333,45.65783333333333,34.31481481481481,20.5,44.93333333333333,966.026,SITE 4,INT
2026-04-26 20:00:00,54.81616666666667,50.47416666666666,41.857166666666664,33.72222222222222,20.555555555555557,46.53333333333333,966.2829999999999,SITE 4,INT
2026-04-26 21:00:00,50.472166666666666,46.01649999999999,39.158833333333334,33.333333333333336,20.555555555555557,47.7,966.9513333333333,SITE 4,INT
2026-04-26 22:00:00,47.69103448275862,42.84931034482759,36.85568965517241,32.8352490421456,20.344827586206897,48.3448275862069,967.4762068965517,SITE 4,INT
2026-04-26 23:00:00,46.700833333333335,41.9195,36.4915,32.166666666666664,20.01851851851852,49.5,967.2196666666666,SITE 4,INT
2026-04-27 00:00:00,45.87466666666667,41.10616666666667,36.12466666666667,31.666666666666668,19.90740740740741,49.93333333333333,966.9873333333333,SITE 4,INT
2026-04-27 01:00:00,44.924499999999995,39.778999999999996,34.721,31.25925925925926,19.98148148148148,51.46666666666667,966.6020000000001,SITE 4,INT
2026-04-27 02:00:00,45.770999999999994,40.917500000000004,35.839333333333336,31.018518518518523,20.0,52.3,966.235,SITE 4,INT
2026-04-27 03:00:00,46.782000000000004,42.684,37.54933333333334,30.555555555555557,20.0,53.766666666666666,965.7803333333334,SITE 4,INT
2026-04-27 04:00:00,48.6965,45.544333333333334,39.911833333333334,30.333333333333332,20.092592592592595,55.03333333333333,966.6906666666667,SITE 4,INT
2026-04-27 05:00:00,52.883709677419354,49.979193548387094,43.335967741935484,30.28673835125448,20.448028673835125,56.29032258064516,967.5006451612903,SITE 4,INT
2026-04-27 06:00:00,64.69933333333333,59.70783333333333,49.12466666666667,29.814814814814817,20.37037037037037,57.8,967.6766666666666,SITE 4,INT
2026-04-27 07:00:00,55.136833333333335,52.27966666666667,44.367666666666665,30.5,21.037037037037035,57.733333333333334,968.7713333333334,SITE 4,INT
2026-04-27 08:00:00,53.98066666666667,50.717999999999996,43.44783333333333,31.85185185185185,21.27777777777778,54.1,969.5996666666667,SITE 4,INT
2026-04-27 09:00:00,49.93066666666667,45.995333333333335,39.719,32.81481481481482,21.074074074074076,50.56666666666667,970.0400000000001,SITE 4,INT
2026-04-27 10:00:00,53.1595,48.97516666666666,41.28783333333333,34.01851851851852,20.333333333333332,45.13333333333333,969.9273333333333,SITE 4,INT
2026-04-27 11:00:00,50.0815,45.67033333333333,39.010666666666665,34.38888888888889,20.296296296296298,44.03333333333333,969.4240000000001,SITE 4,INT
2026-04-27 12:00:00,39.736,34.32833333333333,31.4975,34.092592592592595,20.14814814814815,44.36666666666667,968.671,SITE 4,INT
2026-04-27 13:00:00,37.76199999999999,31.90533333333333,29.973666666666666,35.62962962962963,19.87037037037037,39.96666666666667,967.0346666666667,SITE 4,INT
2026-04-27 14:00:00,37.173,30.33216666666667,28.083833333333335,37.72222222222222,19.666666666666668,35.1,965.7606666666667,SITE 4,INT
2026-04-27 15:00:00,39.36233333333334,32.403,29.190166666666666,39.12962962962963,19.722222222222225,32.766666666666666,964.7143333333333,SITE 4,INT
2026-04-27 16:00:00,38.10883333333334,31.022166666666667,28.44433333333333,39.31481481481481,19.222222222222225,31.2,964.2363333333334,SITE 4,INT
2026-04-27 17:00:00,40.0935,33.096666666666664,29.828500000000002,38.22222222222222,18.796296296296298,32.43333333333333,964.1203333333334,SITE 4,INT
2026-04-27 18:00:00,50.566,43.9995,36.736,36.81481481481482,19.037037037037035,35.4,964.6976666666667,SITE 4,INT
2026-04-27 19:00:00,59.611666666666665,53.4585,43.22366666666667,36.0,18.85185185185185,36.6,965.2819999999999,SITE 4,INT
2026-04-27 20:00:00,50.67866666666667,45.8355,39.437333333333335,34.77777777777778,20.85185185185185,44.86666666666667,965.8726666666666,SITE 4,INT
2026-04-27 21:00:00,49.39216666666667,45.96266666666667,40.354000000000006,34.12962962962963,20.740740740740744,46.166666666666664,966.7153333333333,SITE 4,INT
2026-04-27 22:00:00,46.8035,42.1825,37.094166666666666,33.62962962962963,19.925925925925927,45.06666666666667,967.0169999999999,SITE 4,INT
2026-04-27 23:00:00,45.4841935483871,40.638064516129035,35.938870967741934,33.24372759856631,19.46236559139785,44.70967741935484,966.8187096774194,SITE 4,INT
2026-04-28 00:00:00,59.783500000000004,54.535999999999994,44.599666666666664,32.81481481481482,20.333333333333332,48.13333333333333,966.3483333333334,SITE 4,INT
2026-04-28 01:00:00,63.0755,58.75483333333333,47.96116666666667,32.22222222222222,21.074074074074073,51.9,965.6460000000001,SITE 4,INT
2026-04-28 02:00:00,58.74916666666666,55.62416666666666,46.735,32.18518518518518,20.77777777777778,51.46666666666667,965.3426666666667,SITE 4,INT
2026-04-28 03:00:00,52.788,50.2395,43.52333333333333,31.75925925925926,20.518518518518523,51.63333333333333,965.2,SITE 4,INT
2026-04-28 04:00:00,55.94500000000001,52.554,44.766666666666666,31.351851851851855,20.574074074074076,53.03333333333333,965.6163333333334,SITE 4,INT
2026-04-28 05:00:00,57.44616666666666,54.26983333333333,45.92816666666667,30.796296296296298,20.53703703703704,54.86666666666667,966.2003333333333,SITE 4,INT
2026-04-28 06:00:00,60.17633333333333,56.5105,47.732,30.555555555555557,20.35185185185185,55.2,966.7909999999999,SITE 4,INT
2026-04-28 07:00:00,53.596000000000004,50.29216666666667,43.35366666666667,30.574074074074076,20.01851851851852,53.53333333333333,967.6083333333333,SITE 4,INT
2026-04-28 08:00:00,53.306333333333335,50.184,43.693,31.111111111111118,20.574074074074076,53.766666666666666,968.2303333333333,SITE 4,INT
2026-04-28 09:00:00,57.486,54.515499999999996,46.821000000000005,32.24074074074074,20.90740740740741,51.86666666666667,968.2296666666666,SITE 4,INT
2026-04-28 10:00:00,51.4345,47.93866666666667,41.87866666666666,33.592592592592595,20.944444444444446,47.766666666666666,967.89,SITE 4,INT
2026-04-28 11:00:00,48.5905,44.635666666666665,39.404833333333336,34.98148148148148,20.944444444444446,44.43333333333333,967.3263333333333,SITE 4,INT
2026-04-28 12:00:00,43.72383333333333,37.91416666666667,33.92066666666667,36.55555555555556,19.64814814814815,37.5,966.0673333333333,SITE 4,INT
2026-04-28 13:00:00,43.3265,36.77033333333333,32.876333333333335,38.166666666666664,19.388888888888893,33.733333333333334,964.7516666666667,SITE 4,INT
2026-04-28 14:00:00,42.81933333333333,35.94616666666666,32.1635,39.46296296296296,19.12962962962963,30.9,963.6413333333334,SITE 4,INT
2026-04-28 15:00:00,43.825,37.2541935483871,33.134838709677425,40.107526881720425,18.978494623655916,29.419354838709676,962.5993548387096,SITE 4,INT
2026-04-28 16:00:00,43.1145,36.475,32.5,38.851851851851855,18.40740740740741,30.733333333333334,962.0153333333333,SITE 4,INT
2026-04-28 17:00:00,47.037000000000006,40.844,35.406166666666664,37.833333333333336,18.77777777777778,33.0,962.454,SITE 4,INT
2026-04-28 18:00:00,48.42133333333334,42.964166666666664,36.61366666666667,34.81481481481482,19.333333333333332,40.8,963.9456666666666,SITE 4,INT
2026-04-28 19:00:00,52.80383333333334,48.053666666666665,40.501999999999995,32.24074074074074,19.61111111111111,47.86666666666667,965.0210000000001,SITE 4,INT
2026-04-28 20:00:00,44.43266666666667,40.764,37.28066666666667,32.07407407407407,20.166666666666668,49.9,965.2903333333333,SITE 4,INT
2026-04-28 21:00:00,41.94266666666667,38.408166666666666,35.94833333333334,31.61111111111111,19.962962962962965,50.56666666666667,966.546,SITE 4,INT
2026-04-28 22:00:00,41.546166666666664,37.724000000000004,35.354,31.25925925925926,20.62962962962963,53.666666666666664,967.224,SITE 4,INT
2026-04-28 23:00:00,41.94583333333333,38.119,35.51766666666666,31.018518518518523,20.87037037037037,55.03333333333333,967.0086666666666,SITE 4,INT
2026-04-29 00:00:00,41.15416666666667,37.498333333333335,35.52016666666667,30.12962962962963,20.333333333333332,56.333333333333336,966.3003333333332,SITE 4,INT
2026-04-29 01:00:00,40.16166666666666,36.67066666666666,35.06316666666667,29.944444444444446,20.388888888888893,56.96666666666667,965.869,SITE 4,INT
2026-04-29 02:00:00,41.680166666666665,38.6835,36.734500000000004,29.314814814814817,20.425925925925927,59.166666666666664,965.5110000000001,SITE 4,INT
2026-04-29 03:00:00,41.568666666666665,38.395999999999994,36.393166666666666,29.0,20.240740740740744,59.666666666666664,965.2413333333334,SITE 4,INT
2026-04-29 04:00:00,42.058,39.2545,37.206,28.88888888888889,20.092592592592595,59.833333333333336,965.822,SITE 4,INT
2026-04-29 05:00:00,44.2548275862069,41.96224137931034,39.27620689655173,28.908045977011497,20.59386973180077,61.172413793103445,966.208275862069,SITE 4,INT
2026-04-29 06:00:00,46.9165,44.718833333333336,41.050333333333334,28.555555555555557,20.388888888888893,61.86666666666667,966.4613333333333,SITE 4,INT
2026-04-29 07:00:00,52.646166666666666,50.46216666666667,44.32899999999999,28.62962962962963,20.37037037037037,61.7,967.1753333333332,SITE 4,INT
2026-04-29 08:00:00,51.160833333333336,48.195166666666665,42.325,29.537037037037035,20.62962962962963,59.3,967.744,SITE 4,INT
2026-04-29 09:00:00,46.71483333333333,43.377833333333335,39.498333333333335,31.074074074074076,20.537037037037035,54.166666666666664,967.9463333333333,SITE 4,INT
2026-04-29 10:00:00,45.23483870967742,42.15854838709677,38.81290322580645,32.58064516129032,20.913978494623656,50.67741935483871,967.3003225806452,SITE 4,INT
2026-04-29 11:00:00,45.888000000000005,42.7535,39.214000000000006,34.12962962962963,21.0,46.6,966.99,SITE 4,INT
2026-04-29 12:00:00,44.964333333333336,41.4765,38.05733333333333,34.88888888888889,20.796296296296298,44.166666666666664,966.364,SITE 4,INT
2026-04-29 13:00:00,44.35466666666667,40.328833333333336,36.852666666666664,35.2037037037037,20.75925925925926,43.333333333333336,965.6243333333333,SITE 4,INT
2026-04-29 14:00:00,44.88166666666667,40.68766666666667,37.07533333333333,35.75925925925926,20.925925925925927,42.266666666666666,964.7756666666667,SITE 4,INT
2026-04-29 15:00:00,44.088499999999996,39.173,35.644666666666666,36.611111111111114,20.703703703703702,39.766666666666666,964.082,SITE 4,INT
2026-04-29 16:00:00,44.88316666666666,39.8095,36.003166666666665,36.51851851851852,20.51851851851852,39.7,963.8493333333333,SITE 4,INT
2026-04-29 17:00:00,48.30316666666667,43.850500000000004,38.06933333333333,33.68518518518518,19.12962962962963,42.7,965.0020000000001,SITE 4,INT
2026-04-29 18:00:00,49.55383333333334,46.679833333333335,41.159166666666664,30.25925925925926,20.296296296296298,55.7,966.7,SITE 4,INT
2026-04-29 19:00:00,52.2385,49.3755,42.87733333333333,29.666666666666668,20.814814814814817,59.43333333333333,967.0046666666666,SITE 4,INT
2026-04-29 20:00:00,48.76583333333333,46.15683333333333,41.3675,29.055555555555557,20.722222222222225,61.5,967.5266666666666,SITE 4,INT
2026-04-29 21:00:00,47.21933333333333,44.141,39.507,29.574074074074076,21.240740740740744,61.333333333333336,967.7653333333333,SITE 4,INT
2026-04-29 22:00:00,46.41316666666667,42.745333333333335,38.397000000000006,29.98148148148148,21.40740740740741,60.56666666666667,968.4003333333333,SITE 4,INT
2026-04-29 23:00:00,53.42333333333333,50.681000000000004,43.850500000000004,29.574074074074076,21.64814814814815,63.03333333333333,969.0023333333334,SITE 4,INT
2026-04-30 00:00:00,47.455,44.369166666666665,39.74183333333334,29.370370370370374,21.333333333333332,62.56666666666667,969.0793333333334,SITE 4,INT
2026-04-30 01:00:00,51.51283333333333,49.216833333333334,43.50300000000001,29.11111111111111,21.12962962962963,62.666666666666664,968.4993333333333,SITE 4,INT
2026-04-30 02:00:00,49.3558064516129,47.47822580645161,42.703548387096774,28.88888888888889,20.896057347670254,62.806451612903224,968.0035483870968,SITE 4,INT
2026-04-30 03:00:00,51.733666666666664,49.774833333333326,43.5855,28.77777777777778,21.61111111111111,65.8,967.6773333333333,SITE 4,INT
2026-04-30 04:00:00,53.10966666666666,50.98766666666666,43.59683333333333,28.425925925925927,21.814814814814817,68.1,967.8223333333333,SITE 4,INT
2026-04-30 05:00:00,58.43933333333334,56.041666666666664,47.92166666666667,28.296296296296298,22.055555555555554,69.2,968.087,SITE 4,INT
2026-04-30 06:00:00,54.63283333333333,52.21716666666667,44.80016666666667,28.333333333333336,21.98148148148148,69.23333333333333,968.5083333333333,SITE 4,INT
2026-04-30 07:00:00,52.23866666666667,49.349833333333336,43.21183333333333,28.833333333333332,22.14814814814815,68.16666666666667,968.9586666666667,SITE 4,INT
2026-04-30 08:00:00,48.64533333333333,44.19316666666667,38.728833333333334,29.90740740740741,22.685185185185183,65.8,969.5413333333333,SITE 4,INT
2026-04-30 09:00:00,50.61533333333333,46.983,41.12016666666667,30.64814814814815,22.814814814814817,63.333333333333336,969.9423333333333,SITE 4,INT
2026-04-30 10:00:00,47.993500000000004,44.18666666666666,39.467666666666666,32.01851851851852,22.98148148148148,59.46666666666667,969.705,SITE 4,INT
2026-04-30 11:00:00,42.998000000000005,37.817166666666665,34.113166666666665,33.70370370370371,22.62962962962963,52.8,969.2606666666667,SITE 4,INT
2026-04-30 12:00:00,41.282333333333334,35.768,32.50366666666667,34.7962962962963,22.11111111111111,48.36666666666667,968.2863333333333,SITE 4,INT
2026-04-30 13:00:00,40.70883333333334,35.42333333333333,32.52016666666667,35.96296296296296,21.796296296296298,44.3,967.1426666666666,SITE 4,INT
2026-04-30 14:00:00,41.86566666666667,36.308,33.17033333333333,37.44444444444444,21.61111111111111,40.13333333333333,966.1833333333333,SITE 4,INT
2026-04-30 15:00:00,44.374,39.042,35.30016666666667,38.07407407407407,21.555555555555554,38.833333333333336,965.5146666666666,SITE 4,INT
2026-04-30 16:00:00,43.657333333333334,37.73566666666667,34.13283333333333,38.75925925925926,21.537037037037035,37.43333333333333,964.857,SITE 4,INT
2026-04-30 17:00:00,45.156129032258065,39.883709677419354,35.65967741935484,37.54480286738352,21.200716845878134,39.12903225806452,964.7896774193548,SITE 4,INT
2026-04-30 18:00:00,48.983333333333334,44.35883333333334,38.57183333333333,35.75925925925926,21.296296296296298,43.36666666666667,965.1046666666666,SITE 4,INT
2026-04-30 19:00:00,52.84066666666667,48.18966666666667,41.230000000000004,35.12962962962963,21.24074074074074,44.93333333333333,965.616,SITE 4,INT
2026-04-30 20:00:00,50.040166666666664,45.017,38.781,34.46296296296296,21.01851851851852,45.833333333333336,966.478,SITE 4,INT
2026-04-30 21:00:00,45.61833333333333,40.5035,35.28183333333333,33.0,19.814814814814817,46.3,967.0423333333333,SITE 4,INT
2026-04-30 22:00:00,47.544,42.58283333333334,36.814499999999995,33.38888888888889,20.944444444444446,48.6,967.0833333333334,SITE 4,INT
2026-04-30 23:00:00,47.9385,43.040499999999994,37.32216666666667,33.81481481481482,21.64814814814815,49.46666666666667,966.9653333333333,SITE 4,INT
2026-05-01 00:00:00,42.01383333333333,36.31316666666667,32.44866666666667,32.81481481481482,20.814814814814817,49.8,966.643,SITE 4,INT
2026-05-01 01:00:00,41.21266666666667,35.417833333333334,31.8145,32.111111111111114,21.037037037037035,52.5,966.0670000000001,SITE 4,INT
2026-05-01 02:00:00,41.18516666666667,35.4895,32.07866666666667,32.2037037037037,21.27777777777778,52.86666666666667,965.466,SITE 4,INT
2026-05-01 03:00:00,40.05833333333333,34.4475,31.449,31.87037037037037,20.796296296296298,52.3,965.2003333333333,SITE 4,INT
2026-05-01 04:00:00,42.082499999999996,36.61816666666667,32.82066666666667,31.03703703703704,20.72222222222222,54.6,965.3953333333334,SITE 4,INT
2026-05-01 05:00:00,45.632666666666665,40.55283333333333,35.79966666666667,30.555555555555557,19.444444444444446,52.06666666666667,965.4599999999999,SITE 4,INT
2026-05-01 06:00:00,46.690333333333335,41.716166666666666,36.749,31.055555555555557,20.12962962962963,52.766666666666666,965.6166666666667,SITE 4,INT
2026-05-01 07:00:00,48.44983333333333,43.78283333333333,38.352,31.296296296296298,20.722222222222225,53.86666666666667,966.5593333333333,SITE 4,INT
2026-05-01 08:00:00,46.1125,41.1455,36.637166666666666,32.25925925925926,20.962962962962965,51.8,967.3240000000001,SITE 4,INT
2026-05-01 09:00:00,44.25383333333333,38.914,34.83383333333333,33.42592592592593,21.37037037037037,49.6,967.3693333333334,SITE 4,INT
2026-05-01 10:00:00,44.81466666666667,39.86683333333334,35.78366666666667,34.87037037037037,21.61111111111111,46.43333333333333,967.1193333333334,SITE 4,INT
2026-05-01 11:00:00,43.30116666666667,38.28416666666667,34.4555,36.592592592592595,21.833333333333332,42.6,966.6726666666667,SITE 4,INT
2026-05-01 12:00:00,44.37883333333333,38.88983333333333,34.98616666666667,38.166666666666664,21.685185185185183,38.766666666666666,965.867,SITE 4,INT
2026-05-01 13:00:00,43.69383333333334,37.88283333333333,34.117666666666665,39.12962962962963,21.203703703703702,35.833333333333336,964.8363333333333,SITE 4,INT
2026-05-01 14:00:00,43.13633333333333,37.11583333333333,33.53616666666667,40.25925925925926,21.203703703703702,33.7,964.043,SITE 4,INT
2026-05-01 15:00:00,42.32983333333333,36.118833333333335,32.6755,41.370370370370374,21.203703703703702,31.733333333333334,963.4159999999999,SITE 4,INT
2026-05-01 16:00:00,43.24766666666667,36.498000000000005,32.12283333333333,41.18518518518519,19.85185185185185,29.466666666666665,963.0586666666666,SITE 4,INT
2026-05-01 17:00:00,46.12566666666667,39.842333333333336,34.91616666666667,39.851851851851855,20.87037037037037,33.833333333333336,963.1506666666667,SITE 4,INT
2026-05-01 18:00:00,61.07566666666666,55.01116666666667,44.62683333333334,38.03703703703704,21.592592592592595,38.93333333333333,963.333,SITE 4,INT
2026-05-01 19:00:00,58.266333333333336,53.11816666666667,43.86483333333333,37.37037037037037,21.814814814814817,40.9,963.9326666666667,SITE 4,INT
2026-05-01 20:00:00,54.4985,49.1665,41.0325,37.166666666666664,21.40740740740741,40.4,964.3873333333333,SITE 4,INT
2026-05-01 21:00:00,56.839000000000006,51.471333333333334,41.74766666666667,36.75925925925926,21.555555555555557,41.63333333333333,964.8153333333333,SITE 4,INT
2026-05-01 22:00:00,47.98466666666666,43.216833333333334,37.44183333333333,36.25925925925926,21.185185185185183,41.666666666666664,965.0949999999999,SITE 4,INT
2026-05-01 23:00:00,46.81316666666667,42.29366666666667,37.166666666666664,35.666666666666664,21.537037037037035,44.2,964.849,SITE 4,INT
2026-05-02 00:00:00,47.27183333333333,42.55466666666666,37.859500000000004,35.01851851851852,21.333333333333332,45.3,964.5110000000001,SITE 4,INT
2026-05-02 01:00:00,45.36435483870968,41.09274193548387,36.83741935483871,34.157706093189965,21.666666666666664,48.61290322580645,964.185806451613,SITE 4,INT
2026-05-02 02:00:00,45.089666666666666,39.86233333333334,35.07266666666667,32.87037037037037,21.87037037037037,52.86666666666667,963.7853333333334,SITE 4,INT
2026-05-02 03:00:00,47.239000000000004,42.602999999999994,37.29933333333334,32.22222222222222,21.90740740740741,54.96666666666667,963.5206666666667,SITE 4,INT
2026-05-02 04:00:00,49.83166666666667,46.535833333333336,40.810833333333335,30.833333333333336,21.722222222222225,58.96666666666667,963.8616666666666,SITE 4,INT
2026-05-02 05:00:00,50.468333333333334,46.967333333333336,41.215333333333334,30.53703703703704,21.64814814814815,59.266666666666666,964.1323333333333,SITE 4,INT
2026-05-02 06:00:00,50.59016666666666,47.559,41.92066666666667,30.12962962962963,21.592592592592595,60.63333333333333,964.591,SITE 4,INT
2026-05-02 07:00:00,49.718833333333336,46.3765,41.14933333333333,30.555555555555557,21.61111111111111,59.266666666666666,965.3633333333333,SITE 4,INT
2026-05-02 08:00:00,50.49583333333333,47.40916666666667,42.1235,30.62962962962963,21.75925925925926,59.766666666666666,965.976,SITE 4,INT
2026-05-02 09:00:00,50.989000000000004,47.461666666666666,41.61233333333333,32.074074074074076,22.296296296296298,56.766666666666666,966.582,SITE 4,INT
2026-05-02 10:00:00,49.90933333333333,46.537166666666664,40.908500000000004,32.51851851851852,22.51851851851852,56.0,966.8016666666666,SITE 4,INT
2026-05-02 11:00:00,47.86333333333334,44.0875,38.99733333333334,33.27777777777778,22.796296296296298,54.53333333333333,966.5083333333333,SITE 4,INT
2026-05-02 12:00:00,45.69166666666667,41.246,36.98683333333334,34.44444444444444,22.814814814814817,51.13333333333333,965.9060000000001,SITE 4,INT
2026-05-02 13:00:00,45.5545,40.910833333333336,36.684,35.11111111111111,22.814814814814817,49.36666666666667,965.1986666666667,SITE 4,INT
2026-05-02 14:00:00,43.766,39.210166666666666,35.594,36.277777777777786,23.0,46.96666666666667,964.5386666666667,SITE 4,INT
2026-05-02 15:00:00,46.277166666666666,41.899833333333326,37.452666666666666,37.07407407407408,23.14814814814815,45.233333333333334,963.8303333333333,SITE 4,INT
2026-05-02 16:00:00,46.73129032258065,42.44870967741936,38.05274193548387,37.59856630824373,22.939068100358426,43.41935483870968,963.5229032258064,SITE 4,INT
2026-05-02 17:00:00,46.88133333333334,42.599333333333334,37.975,36.46296296296296,22.574074074074073,45.1,963.3443333333332,SITE 4,INT
2026-05-02 18:00:00,55.77466666666667,51.72516666666666,43.97083333333333,35.092592592592595,22.425925925925927,48.36666666666667,963.7923333333333,SITE 4,INT
2026-05-02 19:00:00,54.415333333333336,50.73683333333334,43.265166666666666,34.851851851851855,22.77777777777778,50.166666666666664,964.435,SITE 4,INT
2026-05-02 20:00:00,49.400166666666664,45.362833333333334,39.805,34.333333333333336,22.796296296296298,51.56666666666667,965.3856666666667,SITE 4,INT
2026-05-02 21:00:00,49.362833333333334,45.20216666666667,39.468666666666664,33.166666666666664,22.814814814814817,55.1,965.829,SITE 4,INT
2026-05-02 22:00:00,47.23683333333334,42.87316666666666,38.1105,32.75925925925926,22.75925925925926,56.46666666666667,966.671,SITE 4,INT
2026-05-02 23:00:00,47.4645,43.276500000000006,38.22,32.62962962962963,22.888888888888893,57.1,967.135,SITE 4,INT
2026-05-03 00:00:00,39.991166666666665,34.646,31.768666666666665,30.037037037037035,19.37037037037037,53.06666666666667,967.9283333333333,SITE 4,INT
2026-05-03 01:00:00,38.27333333333333,32.871,31.430666666666664,26.962962962962965,17.72222222222222,57.4,965.8146666666667,SITE 4,INT
2026-05-03 02:00:00,37.971333333333334,32.228500000000004,30.54866666666667,26.462962962962965,17.90740740740741,60.03333333333333,965.042,SITE 4,INT
2026-05-03 03:00:00,36.4625,30.776666666666664,29.596666666666668,26.833333333333332,18.740740740740744,61.5,964.3763333333334,SITE 4,INT
2026-05-03 04:00:00,38.016333333333336,32.39966666666667,30.969833333333334,26.314814814814817,19.037037037037035,64.83333333333333,964.0906666666667,SITE 4,INT
2026-05-03 05:00:00,38.98083333333333,34.24916666666666,32.858666666666664,26.98148148148148,19.314814814814817,63.4,964.7226666666667,SITE 4,INT
2026-05-03 06:00:00,49.46516666666666,45.159,39.48533333333333,27.48148148148148,19.685185185185183,63.5,965.2379999999999,SITE 4,INT
2026-05-03 07:00:00,43.73716666666667,39.242,35.530833333333334,28.240740740740744,19.90740740740741,61.0,965.8856666666667,SITE 4,INT
2026-05-03 08:00:00,43.02733333333333,37.69316666666667,33.716166666666666,29.055555555555557,19.425925925925927,56.766666666666666,967.2180000000001,SITE 4,INT
2026-05-03 09:00:00,38.65083333333334,32.95616666666667,29.953666666666667,29.944444444444446,19.240740740740744,53.06666666666667,967.6533333333333,SITE 4,INT
2026-05-03 10:00:00,37.26649999999999,31.585166666666666,29.3665,30.666666666666668,18.75925925925926,49.6,967.4516666666666,SITE 4,INT
2026-05-03 11:00:00,37.092,31.772166666666667,29.792166666666667,31.962962962962965,19.592592592592595,48.233333333333334,967.3616666666666,SITE 4,INT
2026-05-03 12:00:00,36.911538461538456,31.135961538461537,28.70019230769231,33.205128205128204,20.427350427350426,47.57692307692308,966.4661538461538,SITE 4,INT
2026-05-04 07:00:00,55.346666666666664,52.88916666666666,46.53333333333333,27.685185185185187,22.5,74.33333333333333,968.6349999999999,SITE 4,INT
2026-05-04 08:00:00,48.84683333333333,44.40683333333333,39.17183333333333,30.14814814814815,22.27777777777778,63.5,968.8486666666666,SITE 4,INT
2026-05-04 09:00:00,48.738166666666665,44.120999999999995,38.838499999999996,31.962962962962965,22.09259259259259,56.56666666666667,969.0053333333333,SITE 4,INT
2026-05-04 10:00:00,44.70033333333333,38.900666666666666,34.219,33.40740740740741,22.35185185185185,52.93333333333333,968.922,SITE 4,INT
2026-05-04 11:00:00,41.83583333333333,35.78616666666667,31.832333333333334,34.81481481481481,22.203703703703702,48.233333333333334,968.1683333333333,SITE 4,INT
2026-05-04 12:00:00,41.8295,35.973166666666664,32.02233333333333,36.38888888888889,21.5,42.4,967.1139999999999,SITE 4,INT
2026-05-04 15:00:00,39.955000000000005,34.035,30.53,32.22222222222222,21.666666666666668,54.0,965.55,SITE 4,INT
2026-05-04 16:00:00,39.93233333333333,34.202,30.813666666666666,31.574074074074076,22.055555555555557,57.56666666666667,965.294,SITE 4,INT
2026-05-04 17:00:00,43.38209677419355,38.2241935483871,34.01145161290323,31.45161290322581,22.078853046594983,57.83870967741935,966.0867741935483,SITE 4,INT
2026-05-04 18:00:00,40.70448275862069,35.32844827586207,32.149655172413794,31.647509578544064,21.800766283524908,56.689655172413794,966.5131034482758,SITE 4,INT
2026-05-04 19:00:00,40.32866666666667,34.81183333333333,31.609166666666667,31.185185185185187,21.85185185185185,58.233333333333334,966.6716666666667,SITE 4,INT
2026-05-04 20:00:00,38.45399999999999,32.605333333333334,29.34316666666667,30.666666666666668,21.296296296296298,58.3,967.4426666666666,SITE 4,INT
2026-05-04 21:00:00,38.25566666666667,32.35766666666667,28.804333333333332,30.203703703703702,20.85185185185185,57.9,967.7729999999999,SITE 4,INT
2026-05-04 22:00:00,36.736935483870965,31.00532258064516,27.54241935483871,29.35483870967742,20.215053763440864,58.483870967741936,967.8954838709678,SITE 4,INT
2026-05-04 23:00:00,39.26733333333333,33.80983333333333,31.124666666666666,28.88888888888889,20.0,59.03333333333333,967.4843333333333,SITE 4,INT
2026-05-05 00:00:00,39.31483333333333,33.616166666666665,30.707666666666668,28.592592592592595,20.055555555555554,60.4,966.8423333333334,SITE 4,INT
2026-05-05 01:00:00,39.475833333333334,33.61116666666667,30.7575,28.574074074074076,20.074074074074076,60.6,965.734,SITE 4,INT
2026-05-05 02:00:00,39.6175,33.91083333333333,31.10533333333333,28.796296296296298,20.01851851851852,59.56666666666667,964.8786666666667,SITE 4,INT
2026-05-05 03:00:00,40.3275,34.477333333333334,31.237666666666666,28.462962962962965,20.555555555555557,63.266666666666666,964.5056666666666,SITE 4,INT
2026-05-05 04:00:00,41.342999999999996,35.553666666666665,32.365500000000004,28.222222222222225,20.444444444444446,63.5,964.5310000000001,SITE 4,INT
2026-05-05 05:00:00,46.758,42.91883333333333,38.90783333333333,27.77777777777778,20.444444444444446,64.66666666666667,965.2420000000001,SITE 4,INT
2026-05-05 06:00:00,53.201,50.49666666666666,45.07333333333334,27.64814814814815,20.12962962962963,63.93333333333333,965.7533333333333,SITE 4,INT
2026-05-05 07:00:00,52.241166666666665,49.638000000000005,45.3735,27.685185185185187,19.462962962962965,61.63333333333333,966.471,SITE 4,INT
2026-05-05 08:00:00,41.92383333333333,36.17383333333333,32.48016666666667,28.64814814814815,19.703703703703706,59.03333333333333,967.7363333333334,SITE 4,INT
2026-05-05 09:00:00,39.20333333333333,33.33083333333333,29.4455,30.314814814814817,20.51851851851852,56.266666666666666,968.1726666666667,SITE 4,INT
2026-05-05 10:00:00,38.37116666666667,32.653666666666666,29.759666666666664,31.555555555555557,20.35185185185185,52.0,967.966,SITE 4,INT
2026-05-05 11:00:00,36.35583333333333,30.788666666666664,27.139499999999998,33.53703703703704,20.240740740740744,46.0,967.6659999999999,SITE 4,INT
2026-05-05 12:00:00,35.05854838709678,29.676774193548386,25.730806451612903,35.017921146953405,19.49820788530466,40.32258064516129,966.8954838709677,SITE 4,INT
2026-05-05 13:00:00,34.953620689655175,29.61293103448276,25.38551724137931,36.015325670498086,19.34865900383142,37.793103448275865,965.7796551724139,SITE 4,INT
2026-05-05 14:00:00,38.2705,32.45466666666667,28.608833333333333,37.12962962962963,20.055555555555554,37.2,965.0443333333334,SITE 4,INT
2026-05-05 15:00:00,38.7465,32.9235,29.742833333333333,38.22222222222222,20.40740740740741,35.86666666666667,964.5993333333333,SITE 4,INT
2026-05-05 16:00:00,39.32116666666666,33.51616666666667,30.759,38.666666666666664,20.240740740740744,34.63333333333333,964.0889999999999,SITE 4,INT
2026-05-05 17:00:00,43.714666666666666,38.34883333333333,34.479,37.74074074074074,19.925925925925927,35.63333333333333,964.0023333333334,SITE 4,INT
2026-05-05 18:00:00,45.41383333333333,39.66716666666667,34.45616666666667,36.592592592592595,20.592592592592595,39.56666666666667,964.0226666666666,SITE 4,INT
2026-05-05 19:00:00,41.596034482758625,35.66241379310345,30.20896551724138,35.40229885057472,21.053639846743295,43.62068965517241,964.9396551724138,SITE 4,INT
2026-05-05 20:00:00,40.917500000000004,34.46933333333333,29.34333333333333,30.592592592592595,19.333333333333332,51.93333333333333,966.9276666666667,SITE 4,INT
2026-05-05 21:00:00,35.858,30.154999999999998,27.382333333333335,29.166666666666668,18.870370370370374,54.43333333333333,966.1766666666666,SITE 4,INT
2026-05-05 22:00:00,37.01533333333334,31.239333333333335,28.158166666666666,28.333333333333332,19.12962962962963,58.06666666666667,966.6236666666666,SITE 4,INT
2026-05-05 23:00:00,35.838,30.166999999999998,26.985666666666667,29.25925925925926,18.87037037037037,53.96666666666667,966.5533333333333,SITE 4,INT
2026-05-06 00:00:00,37.30133333333333,31.392,28.228833333333334,29.203703703703706,19.314814814814817,56.1,966.475,SITE 4,INT
2026-05-06 01:00:00,38.595666666666666,32.73733333333333,29.631333333333334,28.87037037037037,20.296296296296298,59.93333333333333,965.936,SITE 4,INT
2026-05-06 02:00:00,40.729000000000006,35.030166666666666,31.65233333333333,28.296296296296298,20.074074074074076,61.5,965.4843333333333,SITE 4,INT
2026-05-06 03:00:00,40.119,34.49083333333333,31.436666666666667,28.27777777777778,20.11111111111111,62.06666666666667,965.2413333333334,SITE 4,INT
2026-05-06 04:00:00,40.38916666666667,35.09883333333333,32.294000000000004,27.77777777777778,19.518518518518523,61.666666666666664,965.8506666666667,SITE 4,INT
2026-05-06 05:00:00,47.67433333333334,44.82116666666666,40.68983333333333,27.77777777777778,20.51851851851852,65.26666666666667,966.6866666666666,SITE 4,INT
2026-05-06 06:00:00,54.52693548387097,51.035645161290326,43.885161290322586,27.77777777777778,21.11111111111111,67.6774193548387,966.8248387096775,SITE 4,INT
2026-05-06 07:00:00,46.681000000000004,41.83883333333333,36.80583333333333,28.27777777777778,20.833333333333332,64.73333333333333,967.2360000000001,SITE 4,INT
2026-05-06 08:00:00,49.40083333333334,44.036833333333334,38.36233333333333,29.092592592592595,19.888888888888893,58.36666666666667,967.5316666666666,SITE 4,INT
2026-05-06 09:00:00,41.232,35.467666666666666,31.4665,30.40740740740741,19.90740740740741,53.733333333333334,967.9670000000001,SITE 4,INT
2026-05-06 10:00:00,39.9685,34.22083333333333,30.9525,32.05555555555556,20.037037037037035,49.5,967.3979999999999,SITE 4,INT
2026-05-06 11:00:00,36.025333333333336,30.5305,27.021833333333333,33.27777777777778,20.185185185185183,46.5,966.7743333333333,SITE 4,INT
2026-05-06 12:00:00,35.54066666666667,30.268166666666666,25.801666666666666,35.14814814814815,19.814814814814817,40.96666666666667,966.0386666666667,SITE 4,INT
2026-05-06 13:00:00,35.18933333333334,29.860833333333336,25.758,36.24074074074075,19.75925925925926,38.43333333333333,964.8353333333333,SITE 4,INT
2026-05-06 14:00:00,37.587,31.8825,28.540666666666667,37.27777777777778,19.64814814814815,36.13333333333333,963.7273333333334,SITE 4,INT
2026-05-06 15:00:00,40.76766666666666,34.901833333333336,30.790666666666667,38.24074074074074,19.77777777777778,34.46666666666667,962.9193333333334,SITE 4,INT
2026-05-06 16:00:00,40.97816666666667,35.2,31.551499999999997,37.7037037037037,19.814814814814817,35.46666666666667,962.5543333333334,SITE 4,INT
2026-05-06 17:00:00,42.05616666666666,36.1445,32.07783333333334,36.90740740740741,19.351851851851855,35.86666666666667,962.9083333333333,SITE 4,INT
2026-05-06 18:00:00,49.57783333333334,43.757666666666665,37.0565,36.0,19.75925925925926,39.06666666666667,963.311,SITE 4,INT
2026-05-06 19:00:00,50.163000000000004,43.524166666666666,35.647333333333336,35.0,20.074074074074076,41.93333333333333,963.8706666666666,SITE 4,INT
2026-05-06 20:00:00,45.410999999999994,39.297333333333334,33.52816666666667,34.0,20.90740740740741,46.6,964.2136666666667,SITE 4,INT
2026-05-06 21:00:00,46.461666666666666,40.461999999999996,34.31016666666667,32.851851851851855,21.01851851851852,50.1,965.1053333333333,SITE 4,INT
2026-05-06 22:00:00,49.12741379310344,43.4448275862069,37.063793103448276,32.26053639846743,21.03448275862069,51.793103448275865,965.8651724137931,SITE 4,INT
2026-05-06 23:00:00,44.29080645161291,38.934677419354834,34.329032258064515,31.666666666666668,20.913978494623656,53.483870967741936,965.8470967741935,SITE 4,INT
2026-05-07 00:00:00,39.60766666666667,33.88066666666666,30.790333333333333,31.351851851851855,21.22222222222222,55.46666666666667,965.5670000000001,SITE 4,INT
2026-05-07 01:00:00,38.62016666666667,32.82066666666667,29.9895,30.888888888888893,21.40740740740741,57.43333333333333,965.3906666666667,SITE 4,INT
2026-05-07 02:00:00,36.102833333333336,30.457,27.716333333333335,30.703703703703706,21.25925925925926,57.8,964.7253333333334,SITE 4,INT
2026-05-07 03:00:00,35.2145,29.665333333333333,26.851499999999998,30.25925925925926,20.85185185185185,58.0,964.6603333333334,SITE 4,INT
2026-05-07 04:00:00,36.595333333333336,30.954166666666666,28.17866666666667,30.0,20.925925925925927,59.0,964.9196666666667,SITE 4,INT
2026-05-07 05:00:00,37.20233333333333,31.627666666666666,28.180833333333332,29.666666666666668,19.75925925925926,55.7,965.17,SITE 4,INT
2026-05-07 06:00:00,40.45883333333334,34.625,30.573,28.925925925925927,19.61111111111111,57.5,965.6403333333333,SITE 4,INT
2026-05-07 07:00:00,43.42466666666667,38.049499999999995,34.01716666666667,28.87037037037037,20.555555555555554,61.4,966.444,SITE 4,INT
2026-05-07 08:00:00,43.56516666666666,38.361999999999995,34.191,29.740740740740744,21.5,61.766666666666666,966.9879999999999,SITE 4,INT
2026-05-07 09:00:00,41.356833333333334,35.716,31.929166666666667,31.27777777777778,21.574074074074076,56.766666666666666,967.1903333333333,SITE 4,INT
2026-05-07 10:00:00,40.159,34.5955,31.21,32.62962962962963,21.555555555555557,52.43333333333333,967.0133333333334,SITE 4,INT
2026-05-07 11:00:00,39.967333333333336,34.1255,30.050666666666665,33.74074074074074,21.833333333333332,50.03333333333333,966.384,SITE 4,INT
2026-05-07 12:00:00,40.04066666666667,34.38,29.747666666666664,35.2037037037037,21.5,45.266666666666666,965.35,SITE 4,INT
2026-05-07 13:00:00,39.379,33.791333333333334,28.8725,36.351851851851855,21.01851851851852,41.233333333333334,964.42,SITE 4,INT
2026-05-07 14:00:00,41.746,35.9205,31.544666666666668,37.31481481481482,21.055555555555554,39.43333333333333,963.5446666666667,SITE 4,INT
2026-05-07 15:00:00,40.075500000000005,34.3175,31.302333333333333,38.277777777777786,21.27777777777778,37.7,962.9933333333333,SITE 4,INT
2026-05-07 16:00:00,42.785333333333334,37.2545,33.32083333333333,38.14814814814815,21.25925925925926,37.86666666666667,962.8313333333333,SITE 4,INT
2026-05-07 17:00:00,44.2695,38.42733333333333,33.4405,36.7962962962963,20.796296296296298,39.7,963.1523333333333,SITE 4,INT
2026-05-07 18:00:00,49.540499999999994,43.40233333333333,36.47166666666667,35.64814814814815,20.703703703703702,42.13333333333333,963.6906666666667,SITE 4,INT
2026-05-07 19:00:00,45.970166666666664,39.75533333333333,33.541000000000004,34.166666666666664,20.703703703703702,45.6,964.2393333333333,SITE 4,INT
2026-05-07 20:00:00,45.406166666666664,39.11233333333333,32.75183333333333,33.333333333333336,20.240740740740744,46.4,965.1396666666666,SITE 4,INT
2026-05-07 21:00:00,40.56433333333334,34.60016666666666,29.416,32.75925925925926,19.75925925925926,46.6,966.1246666666666,SITE 4,INT
2026-05-07 22:00:00,40.20583333333333,34.406,30.045166666666667,32.2037037037037,20.296296296296298,50.0,966.537,SITE 4,INT
2026-05-07 23:00:00,42.225833333333334,36.46933333333333,32.35216666666667,31.25925925925926,20.722222222222225,54.06666666666667,966.3203333333333,SITE 4,INT
2026-05-08 00:00:00,42.2045,36.1235,31.023666666666667,30.555555555555557,20.944444444444446,56.96666666666667,965.8153333333333,SITE 4,INT
2026-05-08 01:00:00,39.20903225806452,33.18451612903226,29.38225806451613,30.14336917562724,20.93189964157706,58.45161290322581,965.3670967741936,SITE 4,INT
2026-05-08 02:00:00,39.06483333333333,33.0645,29.466666666666665,30.0,20.62962962962963,58.1,964.6836666666666,SITE 4,INT
2026-05-08 03:00:00,39.854166666666664,33.8415,30.154666666666667,29.85185185185185,20.796296296296298,58.86666666666667,964.4523333333333,SITE 4,INT
2026-05-08 04:00:00,40.024166666666666,34.10066666666667,30.5865,30.074074074074076,20.85185185185185,58.36666666666667,964.4639999999999,SITE 4,INT
2026-05-08 05:00:00,43.14,37.88766666666666,33.802499999999995,29.5,21.333333333333332,61.86666666666667,964.8233333333334,SITE 4,INT
2026-05-08 06:00:00,47.98066666666667,43.391333333333336,37.371,29.48148148148148,21.5,62.93333333333333,965.161,SITE 4,INT
2026-05-08 07:00:00,43.859,38.06483333333333,33.20666666666667,30.092592592592595,21.22222222222222,59.46666666666667,965.671,SITE 4,INT
2026-05-08 08:00:00,45.577,40.267833333333336,35.458666666666666,31.48148148148148,21.037037037037035,54.36666666666667,966.2343333333333,SITE 4,INT
2026-05-08 09:00:00,42.931000000000004,37.028333333333336,32.38483333333333,32.7962962962963,21.444444444444446,51.5,966.7026666666667,SITE 4,INT
2026-05-08 10:00:00,43.31733333333333,37.339666666666666,32.132333333333335,34.2037037037037,21.037037037037035,46.666666666666664,966.5163333333334,SITE 4,INT
2026-05-08 11:00:00,37.77033333333333,32.22516666666667,27.378,35.44444444444445,20.53703703703704,42.06666666666667,966.1613333333333,SITE 4,INT
2026-05-08 12:00:00,39.099333333333334,33.2625,29.26966666666667,36.851851851851855,20.833333333333332,39.6,965.5543333333334,SITE 4,INT
2026-05-08 13:00:00,40.23916666666666,34.6295,31.406499999999998,37.666666666666664,20.85185185185185,37.93333333333333,964.836,SITE 4,INT
2026-05-08 14:00:00,40.47616666666667,34.82083333333333,31.6765,39.092592592592595,21.0,35.5,963.7326666666667,SITE 4,INT
2026-05-08 15:00:00,41.863166666666665,35.9945,31.973666666666666,39.48148148148148,20.925925925925927,34.6,962.8306666666666,SITE 4,INT
2026-05-08 16:00:00,41.7725,35.35516666666667,31.753833333333333,39.87037037037037,20.666666666666668,33.266666666666666,962.096,SITE 4,INT
2026-05-08 17:00:00,47.64327586206896,38.94948275862068,31.400172413793104,33.065134099616856,20.555555555555554,49.48275862068966,964.8258620689655,SITE 4,INT
2026-05-08 18:00:00,55.538666666666664,50.35916666666667,41.90116666666667,30.12962962962963,21.88888888888889,62.06666666666667,965.6786666666667,SITE 4,INT
2026-05-08 19:00:00,47.1305,41.833,36.57416666666666,30.12962962962963,21.51851851851852,60.266666666666666,966.0316666666666,SITE 4,INT
2026-05-08 20:00:00,39.72366666666667,33.73766666666667,30.849,29.0,20.75925925925926,61.8,966.1916666666667,SITE 4,INT
2026-05-08 21:00:00,38.961551724137934,32.89948275862069,30.02896551724138,28.88888888888889,20.919540229885055,62.724137931034484,966.5903448275861,SITE 4,INT
2026-05-08 22:00:00,40.84983333333333,34.9345,31.1385,29.444444444444446,20.75925925925926,60.13333333333333,967.2963333333333,SITE 4,INT
2026-05-08 23:00:00,38.267833333333336,32.2905,29.244500000000002,29.37037037037037,20.75925925925926,60.43333333333333,968.357,SITE 4,INT
2026-05-09 00:00:00,38.11,32.3695,29.799333333333333,29.61111111111111,21.185185185185183,61.13333333333333,967.9016666666666,SITE 4,INT
2026-05-09 01:00:00,40.754,35.4625,32.754,29.185185185185183,21.685185185185183,64.76666666666667,967.7203333333333,SITE 4,INT
2026-05-09 02:00:00,40.97416666666666,35.66916666666667,33.074666666666666,28.88888888888889,21.77777777777778,66.26666666666667,967.5023333333334,SITE 4,INT
2026-05-09 03:00:00,40.983666666666664,35.61716666666667,32.841166666666666,29.037037037037035,21.85185185185185,65.9,967.6526666666667,SITE 4,INT
2026-05-09 04:00:00,42.371833333333335,37.07983333333333,33.90683333333333,28.88888888888889,22.185185185185183,67.53333333333333,967.9449999999999,SITE 4,INT
2026-05-09 05:00:00,42.1065,36.843666666666664,33.718666666666664,29.01851851851852,22.185185185185183,67.0,967.9866666666666,SITE 4,INT
2026-05-09 06:00:00,46.92333333333333,42.184666666666665,37.55533333333334,28.962962962962965,21.90740740740741,66.83333333333333,968.0906666666667,SITE 4,INT
2026-05-09 07:00:00,44.900333333333336,39.55433333333334,35.512166666666666,28.833333333333332,21.75925925925926,66.33333333333333,968.5776666666667,SITE 4,INT
2026-05-09 08:00:00,45.12266666666667,39.749833333333335,35.83266666666667,29.12962962962963,21.833333333333332,65.33333333333333,969.1196666666667,SITE 4,INT
2026-05-09 09:00:00,46.932833333333335,41.518,36.493,29.87037037037037,21.962962962962965,63.06666666666667,969.133,SITE 4,INT
2026-05-09 10:00:00,45.519677419354835,40.26112903225807,35.58564516129032,30.501792114695345,21.97132616487455,61.03225806451613,969.021935483871,SITE 4,INT
2026-05-09 11:00:00,42.49783333333333,37.16166666666666,33.664833333333334,31.351851851851855,21.90740740740741,57.9,968.6983333333334,SITE 4,INT
2026-05-09 12:00:00,42.33883333333333,37.23633333333333,33.86333333333333,31.833333333333332,21.90740740740741,56.233333333333334,968.0276666666667,SITE 4,INT
2026-05-09 13:00:00,40.2685,34.45516666666666,30.901,32.62962962962963,21.98148148148148,53.93333333333333,967.0726666666667,SITE 4,INT
2026-05-09 14:00:00,41.348166666666664,35.50066666666667,31.375,33.166666666666664,21.98148148148148,52.2,966.1816666666667,SITE 4,INT
2026-05-09 15:00:00,40.09983333333333,34.23833333333334,30.258,33.833333333333336,21.925925925925927,50.2,965.8156666666667,SITE 4,INT
2026-05-09 16:00:00,42.05137931034483,36.16948275862069,32.065,34.32950191570881,22.06896551724138,49.48275862068966,965.6934482758621,SITE 4,INT
2026-05-09 17:00:00,45.464677419354835,39.76516129032258,34.51483870967742,33.9426523297491,22.526881720430108,51.61290322580645,966.0522580645161,SITE 4,INT
2026-05-09 18:00:00,51.74516666666667,46.0475,38.900666666666666,32.92592592592593,22.61111111111111,54.9,966.5493333333333,SITE 4,INT
2026-05-09 19:00:00,58.6625,53.17366666666667,44.408833333333334,32.74074074074074,22.796296296296298,56.53333333333333,967.2913333333333,SITE 4,INT
2026-05-09 20:00:00,55.559333333333335,50.48799999999999,42.496833333333335,32.7037037037037,23.166666666666668,57.6,967.9246666666667,SITE 4,INT
2026-05-09 21:00:00,50.18383333333334,45.97716666666667,40.06433333333334,31.962962962962965,22.740740740740744,58.6,968.3806666666666,SITE 4,INT
2026-05-09 22:00:00,46.26416666666667,41.97533333333333,37.48883333333333,31.092592592592595,22.185185185185183,59.9,969.0303333333334,SITE 4,INT
2026-05-09 23:00:00,43.18116666666666,37.833999999999996,33.80316666666667,30.64814814814815,21.62962962962963,59.4,969.1039999999999,SITE 4,INT
2026-05-10 00:00:00,43.01583333333333,37.66233333333333,33.61116666666667,30.074074074074073,21.35185185185185,60.166666666666664,968.6483333333333,SITE 4,INT
2026-05-10 01:00:00,40.292,34.58183333333333,31.4175,29.833333333333332,21.12962962962963,60.1,968.122,SITE 4,INT
2026-05-10 02:00:00,43.684333333333335,38.1535,34.049166666666665,29.64814814814815,21.314814814814817,61.7,967.5703333333333,SITE 4,INT
2026-05-10 03:00:00,42.164833333333334,36.45583333333333,32.77916666666667,29.425925925925927,21.27777777777778,62.3,967.2610000000001,SITE 4,INT
2026-05-10 04:00:00,42.74283333333334,37.338,33.591,29.092592592592595,21.314814814814817,63.86666666666667,967.2716666666668,SITE 4,INT
2026-05-10 05:00:00,45.994166666666665,41.0705,36.48066666666667,28.925925925925927,21.40740740740741,64.6,967.9273333333333,SITE 4,INT
2026-05-10 06:00:00,49.987833333333334,45.63,39.89183333333334,28.814814814814817,21.87037037037037,66.9,968.244,SITE 4,INT
2026-05-10 07:00:00,45.450833333333335,40.394999999999996,36.19266666666667,28.962962962962965,21.75925925925926,65.73333333333333,968.7996666666667,SITE 4,INT
2026-05-10 08:00:00,45.327666666666666,40.305166666666665,36.08766666666667,30.14814814814815,22.055555555555554,62.5,969.287,SITE 4,INT
2026-05-10 09:00:00,42.49483333333333,37.26683333333334,33.70733333333333,31.87037037037037,21.962962962962965,56.233333333333334,969.4463333333333,SITE 4,INT
2026-05-10 10:00:00,39.36016129032258,33.571612903225805,29.600483870967743,33.584229390681,21.362007168458785,49.225806451612904,969.02,SITE 4,INT
2026-05-10 11:00:00,36.87,31.269,27.000166666666665,35.092592592592595,20.48148148148148,42.86666666666667,968.0976666666667,SITE 4,INT
2026-05-10 12:00:00,38.4885,32.487,29.00133333333333,36.68518518518519,20.48148148148148,39.1,967.0366666666666,SITE 4,INT
2026-05-10 13:00:00,38.94283333333333,32.999,29.98166666666667,37.74074074074074,20.77777777777778,37.733333333333334,966.0139999999999,SITE 4,INT
2026-05-10 14:00:00,40.02833333333333,33.82283333333333,30.279666666666667,39.11111111111111,20.296296296296298,33.93333333333333,965.1613333333333,SITE 4,INT
2026-05-10 15:00:00,39.815666666666665,33.35033333333333,29.858833333333333,39.62962962962963,19.90740740740741,32.233333333333334,964.572,SITE 4,INT
2026-05-10 16:00:00,41.605000000000004,35.1395,31.1905,39.57407407407407,19.53703703703704,31.5,964.1766666666666,SITE 4,INT
2026-05-10 17:00:00,42.272166666666664,36.352333333333334,32.1265,38.62962962962963,19.592592592592595,33.333333333333336,964.5386666666667,SITE 4,INT
2026-05-10 18:00:00,50.82066666666666,45.801833333333335,38.804833333333335,37.648148148148145,19.351851851851855,34.7,964.9056666666667,SITE 4,INT
2026-05-10 19:00:00,56.29566666666667,51.210166666666666,42.15866666666667,36.90740740740741,19.75925925925926,37.0,965.4666666666667,SITE 4,INT
2026-05-10 20:00:00,58.17583333333334,53.03733333333333,43.79366666666667,36.24074074074075,19.51851851851852,37.733333333333334,965.9363333333333,SITE 4,INT
2026-05-10 21:00:00,53.96666666666667,48.46816666666667,40.38016666666667,35.38888888888889,19.240740740740744,38.833333333333336,966.4956666666666,SITE 4,INT
2026-05-10 22:00:00,51.644,45.75416666666667,37.975833333333334,35.0,19.462962962962965,40.4,966.888,SITE 4,INT
2026-05-10 23:00:00,48.26233333333334,42.68783333333333,36.44916666666666,34.24074074074074,20.222222222222225,44.266666666666666,966.7506666666667,SITE 4,INT
2026-05-11 00:00:00,50.72633333333333,45.26166666666666,38.066833333333335,33.24074074074074,21.38888888888889,50.333333333333336,966.571,SITE 4,INT
2026-05-11 01:00:00,45.76033333333333,40.2855,35.082166666666666,32.46296296296296,21.333333333333332,52.0,966.149,SITE 4,INT
2026-05-11 02:00:00,45.077999999999996,40.364333333333335,36.031666666666666,31.87037037037037,20.77777777777778,52.8,965.6013333333334,SITE 4,INT
2026-05-11 03:00:00,43.67354838709678,38.77161290322581,34.846774193548384,31.48745519713262,20.609318996415773,53.29032258064516,965.4309677419355,SITE 4,INT
2026-05-11 04:00:00,43.39966666666667,37.580000000000005,33.09583333333333,30.518518518518523,20.85185185185185,56.733333333333334,965.6943333333334,SITE 4,INT
2026-05-11 05:00:00,46.02816666666667,40.555166666666665,35.15116666666667,29.944444444444446,21.092592592592595,59.56666666666667,966.222,SITE 4,INT
2026-05-11 06:00:00,50.642833333333336,45.745333333333335,39.10033333333333,29.444444444444446,21.537037037037035,63.46666666666667,966.6283333333333,SITE 4,INT
2026-05-11 07:00:00,51.128166666666665,46.23083333333333,39.34016666666666,29.53703703703704,22.296296296296298,65.63333333333334,967.268,SITE 4,INT
2026-05-11 08:00:00,49.44133333333333,44.538000000000004,38.35333333333333,30.444444444444446,22.51851851851852,63.36666666666667,967.885,SITE 4,INT
2026-05-11 09:00:00,51.002833333333335,47.26566666666667,41.39433333333333,31.64814814814815,22.740740740740744,59.666666666666664,968.198,SITE 4,INT
2026-05-11 10:00:00,50.84733333333333,45.578833333333336,39.206,33.074074074074076,22.75925925925926,55.4,967.9126666666667,SITE 4,INT
2026-05-11 11:00:00,44.559999999999995,38.99283333333334,34.419999999999995,34.46296296296296,22.722222222222225,50.8,967.533,SITE 4,INT
2026-05-11 12:00:00,44.132666666666665,38.46116666666667,34.074,35.31481481481482,22.51851851851852,47.9,966.6786666666667,SITE 4,INT
2026-05-11 13:00:00,43.84983333333333,38.815000000000005,34.90383333333333,36.12962962962963,22.574074074074073,45.86666666666667,966.0313333333332,SITE 4,INT
2026-05-11 14:00:00,44.8115,39.776833333333336,35.60166666666667,37.11111111111111,22.37037037037037,43.0,965.4443333333334,SITE 4,INT
2026-05-11 15:00:00,45.0725,40.723166666666664,36.81483333333333,37.5,22.24074074074074,41.6,964.8653333333333,SITE 4,INT
2026-05-11 16:00:00,47.32966666666667,42.86666666666667,38.18983333333333,37.2962962962963,22.055555555555554,41.833333333333336,964.7083333333334,SITE 4,INT
2026-05-11 17:00:00,46.86716666666667,42.024499999999996,37.027166666666666,35.74074074074074,21.75925925925926,44.86666666666667,964.779,SITE 4,INT
2026-05-11 18:00:00,47.977,42.73866666666667,37.195166666666665,34.648148148148145,21.925925925925927,48.1,964.9616666666666,SITE 4,INT
2026-05-11 19:00:00,50.901666666666664,45.972833333333334,39.19283333333333,33.92592592592593,22.12962962962963,50.666666666666664,965.4736666666666,SITE 4,INT
2026-05-11 20:00:00,48.87,43.70733333333333,37.66983333333334,33.611111111111114,22.407407407407405,52.333333333333336,966.5826666666667,SITE 4,INT
2026-05-11 21:00:00,50.28616666666667,45.127833333333335,38.328833333333336,33.20370370370371,22.203703703703702,53.03333333333333,967.37,SITE 4,INT
2026-05-11 22:00:00,46.88967741935484,41.58693548387097,35.903387096774196,32.75985663082437,22.204301075268816,54.70967741935484,967.5893548387097,SITE 4,INT
2026-05-11 23:00:00,45.40416666666667,40.17516666666667,35.260999999999996,32.51851851851852,22.166666666666668,55.3,967.5586666666666,SITE 4,INT
2026-05-12 00:00:00,44.83683333333333,39.627500000000005,35.327,32.2037037037037,22.203703703703702,55.46666666666667,967.341,SITE 4,INT
2026-05-12 01:00:00,44.334500000000006,39.35783333333333,35.248000000000005,32.09259259259259,22.0,55.36666666666667,966.7606666666667,SITE 4,INT
2026-05-12 02:00:00,45.942,41.680166666666665,37.15083333333334,31.64814814814815,21.703703703703702,56.6,966.1726666666667,SITE 4,INT
2026-05-12 03:00:00,46.906333333333336,42.6845,37.94833333333334,31.092592592592595,21.64814814814815,58.166666666666664,966.2193333333332,SITE 4,INT
2026-05-12 04:00:00,47.96583333333333,43.94216666666667,38.736,30.90740740740741,21.98148148148148,59.53333333333333,967.0346666666667,SITE 4,INT
2026-05-12 05:00:00,51.14,47.5465,41.1705,30.37037037037037,22.074074074074073,61.7,967.6316666666667,SITE 4,INT
2026-05-12 06:00:00,55.62733333333333,51.420833333333334,43.29,29.814814814814817,22.314814814814817,64.5,968.457,SITE 4,INT
2026-05-12 07:00:00,54.784,50.61483333333333,42.868833333333335,29.907407407407405,22.24074074074074,64.26666666666667,969.0896666666666,SITE 4,INT
2026-05-12 08:00:00,52.869666666666674,48.678666666666665,41.754666666666665,30.703703703703706,22.185185185185183,60.833333333333336,969.4896666666666,SITE 4,INT
2026-05-12 09:00:00,48.89383333333333,43.928,37.96633333333333,31.90740740740741,21.037037037037035,53.1,969.527,SITE 4,INT
2026-05-12 10:00:00,40.821333333333335,34.9105,30.752833333333335,33.44444444444444,19.87037037037037,45.4,969.213,SITE 4,INT
2026-05-12 11:00:00,36.55586206896551,30.778103448275864,27.75810344827586,35.15325670498084,18.96551724137931,38.62068965517241,968.8541379310345,SITE 4,INT
2026-05-12 12:00:00,35.8395,30.16166666666667,27.432666666666666,36.74074074074074,18.666666666666668,34.86666666666667,967.587,SITE 4,INT
2026-05-12 13:00:00,35.280833333333334,29.66783333333333,26.453166666666668,38.277777777777786,17.925925925925927,30.633333333333333,966.5713333333333,SITE 4,INT
2026-05-12 14:00:00,35.77883333333333,30.298166666666667,26.2865,39.833333333333336,18.333333333333332,28.9,965.6990000000001,SITE 4,INT
2026-05-12 15:00:00,35.046166666666664,29.63133333333333,25.742166666666666,40.2037037037037,18.074074074074076,27.866666666666667,964.9159999999999,SITE 4,INT
2026-05-12 16:00:00,39.609833333333334,33.757666666666665,29.6375,38.92592592592593,17.98148148148148,29.533333333333335,964.5203333333334,SITE 4,INT
2026-05-12 17:00:00,45.83983333333333,39.781333333333336,34.239000000000004,37.592592592592595,18.333333333333332,32.7,964.6053333333333,SITE 4,INT
2026-05-12 18:00:00,63.69266666666667,58.3635,48.06916666666667,35.68518518518519,20.962962962962965,42.733333333333334,965.019,SITE 4,INT
2026-05-12 19:00:00,62.71483333333333,57.96066666666666,48.05216666666667,34.0,20.944444444444446,47.03333333333333,965.9243333333333,SITE 4,INT
2026-05-12 20:00:00,57.07983333333333,52.654333333333334,44.49283333333334,33.148148148148145,20.88888888888889,48.833333333333336,966.7463333333333,SITE 4,INT
2026-05-12 21:00:00,51.26166666666666,46.756166666666665,40.351,32.388888888888886,21.12962962962963,52.13333333333333,967.3413333333334,SITE 4,INT
2026-05-12 22:00:00,46.179,41.482,36.646166666666666,31.925925925925927,21.296296296296298,54.2,968.3716666666667,SITE 4,INT
2026-05-12 23:00:00,43.281333333333336,37.50683333333333,32.9305,31.462962962962965,21.462962962962965,55.666666666666664,968.1646666666667,SITE 4,INT
2026-05-13 00:00:00,40.168,34.15383333333333,30.021833333333333,30.944444444444446,21.166666666666668,56.86666666666667,967.6456666666667,SITE 4,INT
2026-05-13 01:00:00,39.65354838709678,33.80096774193548,28.824193548387097,29.713261648745522,21.254480286738353,61.225806451612904,967.1835483870967,SITE 4,INT
2026-05-13 02:00:00,39.53516666666667,33.708999999999996,28.699666666666666,29.314814814814817,21.314814814814817,62.43333333333333,966.4066666666666,SITE 4,INT
2026-05-13 03:00:00,40.75033333333333,34.59133333333333,29.247833333333332,29.425925925925927,20.85185185185185,60.43333333333333,965.871,SITE 4,INT
2026-05-13 04:00:00,40.934333333333335,34.91833333333333,29.9125,28.888888888888893,20.740740740740744,62.166666666666664,966.008,SITE 4,INT
2026-05-13 05:00:00,44.314,38.20933333333333,33.137166666666666,28.64814814814815,20.944444444444446,64.0,966.2956666666666,SITE 4,INT
2026-05-13 06:00:00,50.0125,44.08416666666667,37.41366666666667,28.555555555555557,21.314814814814817,65.26666666666667,966.809,SITE 4,INT
2026-05-13 07:00:00,47.016,40.903666666666666,35.22816666666667,29.037037037037035,21.75925925925926,65.46666666666667,967.9696666666666,SITE 4,INT
2026-05-13 08:00:00,48.40116666666667,42.160833333333336,35.617666666666665,29.962962962962965,21.64814814814815,61.7,968.6456666666667,SITE 4,INT
2026-05-13 09:00:00,47.47266666666667,42.43783333333333,37.170833333333334,31.685185185185183,21.185185185185183,54.06666666666667,968.8093333333333,SITE 4,INT
2026-05-13 10:00:00,49.4025,44.59216666666667,38.873333333333335,33.25925925925926,21.185185185185183,49.7,968.6603333333334,SITE 4,INT
2026-05-13 11:00:00,46.791333333333334,42.2595,37.57283333333333,34.88888888888889,21.38888888888889,45.733333333333334,968.0626666666667,SITE 4,INT
2026-05-13 12:00:00,46.70783333333333,41.77433333333333,36.84133333333333,36.037037037037045,21.01851851851852,42.2,967.2173333333334,SITE 4,INT
2026-05-13 13:00:00,47.43533333333333,42.56033333333333,37.44133333333333,36.851851851851855,20.796296296296298,39.7,966.3770000000001,SITE 4,INT
2026-05-13 14:00:00,46.94112903225806,41.59064516129032,36.380645161290325,38.11827956989247,20.6989247311828,36.645161290322584,965.5290322580646,SITE 4,INT
2026-05-13 15:00:00,47.19833333333334,41.80333333333333,36.268166666666666,38.48148148148149,20.48148148148148,35.43333333333333,964.9,SITE 4,INT
2026-05-13 16:00:00,48.40416666666667,43.06816666666667,37.3855,38.88888888888889,20.40740740740741,34.4,964.457,SITE 4,INT
2026-05-13 17:00:00,48.95616666666667,43.7175,37.544666666666664,37.74074074074074,20.185185185185183,36.233333333333334,964.3416666666667,SITE 4,INT
2026-05-13 18:00:00,58.52883333333333,53.15716666666666,43.829166666666666,36.38888888888889,20.11111111111111,38.766666666666666,964.793,SITE 4,INT
2026-05-13 19:00:00,65.13166666666667,59.717666666666666,48.69566666666666,36.037037037037045,20.12962962962963,40.1,965.4206666666666,SITE 4,INT
2026-05-13 20:00:00,55.906333333333336,51.392500000000005,43.50083333333334,34.94444444444444,20.333333333333332,42.766666666666666,966.3453333333333,SITE 4,INT
2026-05-13 21:00:00,58.42550000000001,54.028666666666666,45.5465,34.44444444444444,20.555555555555557,44.4,967.126,SITE 4,INT
2026-05-13 22:00:00,57.911500000000004,53.0755,44.608333333333334,33.851851851851855,20.61111111111111,46.2,967.1836666666666,SITE 4,INT
2026-05-13 23:00:00,59.492,55.00033333333333,45.85516666666667,33.75925925925926,21.333333333333332,48.63333333333333,967.4486666666667,SITE 4,INT
2026-05-14 00:00:00,57.37383333333333,52.8745,44.077666666666666,33.333333333333336,21.296296296296298,49.8,967.2096666666667,SITE 4,INT
2026-05-14 01:00:00,62.781333333333336,57.6685,46.57216666666667,32.87037037037037,21.203703703703702,50.733333333333334,966.5816666666667,SITE 4,INT
2026-05-14 02:00:00,69.943,64.46433333333333,51.284666666666666,32.44444444444444,21.037037037037035,51.6,965.8346666666667,SITE 4,INT
2026-05-14 03:00:00,48.75916666666667,44.230333333333334,38.3895,31.388888888888893,21.25925925925926,55.53333333333333,965.3956666666667,SITE 4,INT
2026-05-14 04:00:00,48.2415,42.99316666666667,36.890499999999996,30.666666666666668,21.27777777777778,58.06666666666667,965.5023333333334,SITE 4,INT
2026-05-14 05:00:00,50.5625,45.03316666666667,38.32283333333333,29.944444444444446,21.314814814814817,60.3,965.8196666666666,SITE 4,INT
2026-05-14 06:00:00,53.21532258064516,47.189193548387095,39.32709677419355,29.516129032258064,21.18279569892473,61.483870967741936,966.2125806451613,SITE 4,INT
2026-05-14 07:00:00,54.03483333333334,48.21483333333333,40.033833333333334,29.90740740740741,21.574074074074076,61.5,966.8143333333334,SITE 4,INT
2026-05-14 08:00:00,54.82516666666667,49.479,41.26533333333334,31.03703703703704,21.907407407407405,59.03333333333333,967.5229999999999,SITE 4,INT
2026-05-14 09:00:00,55.478500000000004,51.60733333333334,44.14516666666667,32.351851851851855,22.166666666666668,55.5,967.8426666666667,SITE 4,INT
2026-05-14 10:00:00,51.93683333333333,47.95666666666667,41.559999999999995,33.96296296296296,22.35185185185185,50.96666666666667,967.62,SITE 4,INT
2026-05-14 11:00:00,51.99883333333333,48.181333333333335,41.901666666666664,35.03703703703704,21.87037037037037,46.86666666666667,966.8349999999999,SITE 4,INT
2026-05-14 12:00:00,49.89433333333333,46.24766666666667,40.80616666666666,36.351851851851855,21.907407407407405,43.766666666666666,965.9466666666667,SITE 4,INT
2026-05-14 13:00:00,49.839000000000006,45.532000000000004,39.803,37.44444444444444,22.074074074074073,41.46666666666667,965.0853333333333,SITE 4,INT
2026-05-14 14:00:00,46.944833333333335,41.65316666666667,36.254000000000005,38.611111111111114,21.685185185185183,38.06666666666667,964.4703333333333,SITE 4,INT
2026-05-14 15:00:00,45.57966666666667,40.027166666666666,35.08566666666666,39.7037037037037,20.87037037037037,34.06666666666667,963.4403333333333,SITE 4,INT
2026-05-14 16:00:00,47.86933333333333,42.468666666666664,37.01083333333334,39.12962962962963,20.40740740740741,34.06666666666667,962.8496666666667,SITE 4,INT
2026-05-14 17:00:00,48.53633333333333,43.36216666666667,37.63866666666667,37.94444444444445,19.90740740740741,35.233333333333334,962.876,SITE 4,INT
2026-05-14 18:00:00,56.3825,51.4985,43.22083333333333,36.7962962962963,20.685185185185183,39.6,963.1846666666667,SITE 4,INT
2026-05-14 19:00:00,58.37583333333334,53.044999999999995,44.05050000000001,35.98148148148149,20.833333333333332,41.833333333333336,964.0913333333334,SITE 4,INT
2026-05-14 20:00:00,52.4615,47.84066666666667,40.5045,34.94444444444444,20.85185185185185,44.36666666666667,964.7223333333333,SITE 4,INT
2026-05-14 21:00:00,50.91116666666667,46.428,40.12316666666666,34.44444444444444,20.925925925925927,45.46666666666667,965.7009999999999,SITE 4,INT
2026-05-14 22:00:00,49.457,45.358666666666664,39.647666666666666,33.70370370370371,21.037037037037035,48.06666666666667,966.2076666666667,SITE 4,INT
2026-05-14 23:00:00,49.70033333333333,45.3205,39.16383333333333,32.98148148148148,21.0,49.7,966.0893333333333,SITE 4,INT
2026-05-15 00:00:00,47.93533333333333,43.287,37.81166666666666,32.611111111111114,21.037037037037035,51.03333333333333,965.7743333333333,SITE 4,INT
2026-05-15 01:00:00,46.776833333333336,41.750166666666665,36.4715,31.5,21.11111111111111,54.56666666666667,965.5113333333334,SITE 4,INT
2026-05-15 02:00:00,47.1385,41.47233333333334,35.577,31.111111111111118,21.185185185185183,56.06666666666667,965.1110000000001,SITE 4,INT
2026-05-15 03:00:00,48.01048387096775,42.64612903225807,36.58548387096774,30.51971326164875,21.200716845878134,58.12903225806452,964.7764516129032,SITE 4,INT
2026-05-15 04:00:00,51.100833333333334,45.64233333333333,38.242333333333335,29.98148148148148,21.24074074074074,60.1,965.057,SITE 4,INT
2026-05-15 05:00:00,50.221000000000004,44.23416666666667,36.99116666666667,29.240740740740744,21.51851851851852,63.833333333333336,965.6943333333334,SITE 4,INT
2026-05-15 06:00:00,51.330666666666666,45.30383333333334,37.88916666666667,28.85185185185185,21.814814814814817,66.6,966.423,SITE 4,INT
2026-05-15 07:00:00,50.544666666666664,45.0465,38.600166666666674,29.12962962962963,21.833333333333332,65.56666666666666,967.313,SITE 4,INT
2026-05-15 08:00:00,47.8475,41.848166666666664,35.836999999999996,30.27777777777778,22.09259259259259,62.03333333333333,967.8426666666667,SITE 4,INT
2026-05-15 09:00:00,54.61083333333333,49.94683333333333,42.2845,31.87037037037037,22.22222222222222,57.13333333333333,967.6973333333333,SITE 4,INT
2026-05-15 10:00:00,61.602333333333334,56.818333333333335,47.0655,33.25925925925926,22.14814814814815,52.53333333333333,967.5256666666667,SITE 4,INT
2026-05-15 11:00:00,63.07333333333334,58.56283333333333,48.57816666666667,34.77777777777778,21.72222222222222,47.233333333333334,967.0669999999999,SITE 4,INT
2026-05-15 12:00:00,61.179310344827584,56.773275862068964,47.47241379310345,35.82375478927203,21.03448275862069,42.37931034482759,966.2327586206897,SITE 4,INT
2026-05-15 13:00:00,70.22645161290322,65.41822580645162,51.34435483870968,36.95340501792115,20.3584229390681,38.45161290322581,965.4396774193549,SITE 4,INT
2026-05-15 14:00:00,61.248000000000005,56.31033333333333,45.95316666666667,38.12962962962963,20.166666666666668,35.3,964.5266666666666,SITE 4,INT
2026-05-15 15:00:00,70.4485,65.57883333333334,51.979166666666664,38.18518518518519,19.85185185185185,34.86666666666667,963.7080000000001,SITE 4,INT
2026-05-15 16:00:00,64.629,59.29233333333333,47.444833333333335,38.46296296296296,19.925925925925927,34.233333333333334,962.7373333333333,SITE 4,INT
2026-05-15 17:00:00,58.70066666666666,54.301500000000004,45.853833333333334,37.64814814814815,20.12962962962963,36.3,962.7099999999999,SITE 4,INT
2026-05-15 18:00:00,59.81516666666666,55.09616666666667,45.93266666666667,36.07407407407408,20.203703703703706,39.666666666666664,963.539,SITE 4,INT
2026-05-15 19:00:00,62.225166666666674,57.20216666666667,46.79233333333333,34.53703703703704,19.40740740740741,41.13333333333333,964.6766666666666,SITE 4,INT
2026-05-15 20:00:00,57.03333333333333,50.94950000000001,41.069833333333335,32.592592592592595,19.074074074074076,45.3,966.702,SITE 4,INT
2026-05-15 21:00:00,44.153999999999996,39.13066666666667,34.91283333333333,31.814814814814817,18.462962962962965,45.46666666666667,967.3426666666667,SITE 4,INT
2026-05-15 22:00:00,39.55333333333333,33.49733333333333,29.368333333333332,30.740740740740744,18.53703703703704,48.56666666666667,968.0133333333334,SITE 4,INT
2026-05-15 23:00:00,38.69783333333333,32.902833333333334,28.683833333333332,29.203703703703702,19.333333333333332,55.733333333333334,967.3466666666667,SITE 4,INT
2026-05-16 00:00:00,41.44783333333333,35.405,31.1725,29.092592592592595,19.814814814814817,58.0,966.8933333333333,SITE 4,INT
2026-05-16 01:00:00,42.06016666666667,36.010666666666665,31.283666666666665,29.53703703703704,20.314814814814817,58.13333333333333,966.5756666666667,SITE 4,INT
2026-05-16 02:00:00,43.634032258064515,37.53048387096774,31.95983870967742,29.211469534050178,20.340501792114694,59.41935483870968,966.7696774193548,SITE 4,INT
2026-05-16 03:00:00,37.62344827586207,32.5403448275862,30.005,25.344827586206897,19.291187739463602,70.34482758620689,968.6372413793104,SITE 4,INT
2026-05-16 04:00:00,32.73416666666667,27.373833333333334,24.53083333333333,25.64814814814815,19.5,69.7,968.4879999999999,SITE 4,INT
2026-05-16 05:00:00,39.34583333333333,33.5915,28.4015,26.24074074074074,19.462962962962965,66.86666666666666,968.7893333333334,SITE 4,INT
2026-05-16 06:00:00,38.35883333333334,32.422666666666665,28.9985,26.61111111111111,19.555555555555557,65.73333333333333,968.1166666666667,SITE 4,INT
2026-05-16 07:00:00,43.70366666666667,38.04666666666667,34.142500000000005,26.962962962962965,20.0,66.4,966.9513333333333,SITE 4,INT
2026-05-16 08:00:00,46.08155172413793,40.785862068965514,36.62844827586206,27.203065134099617,19.75095785440613,64.34482758620689,967.33,SITE 4,INT
2026-05-16 09:00:00,48.6245,43.603500000000004,38.414833333333334,28.074074074074076,20.444444444444446,63.93333333333333,967.9296666666667,SITE 4,INT
2026-05-16 10:00:00,44.32733333333333,38.6795,34.24766666666667,28.666666666666668,20.85185185185185,63.13333333333333,968.3636666666666,SITE 4,INT
2026-05-16 11:00:00,43.647000000000006,37.94283333333333,33.72633333333333,29.240740740740744,21.314814814814817,62.93333333333333,968.4413333333334,SITE 4,INT
2026-05-16 12:00:00,40.42466666666667,34.609,30.537666666666667,30.0,21.314814814814817,60.36666666666667,968.0646666666667,SITE 4,INT
2026-05-16 13:00:00,39.527166666666666,33.857166666666664,29.5575,30.574074074074076,21.27777777777778,58.46666666666667,967.3843333333333,SITE 4,INT
2026-05-16 14:00:00,37.835,32.586129032258064,29.15258064516129,31.63082437275986,21.18279569892473,54.54838709677419,966.765806451613,SITE 4,INT
2026-05-16 15:00:00,38.7605,33.10633333333333,30.016833333333334,32.87037037037037,21.37037037037037,51.36666666666667,966.015,SITE 4,INT
2026-05-16 16:00:00,39.833333333333336,34.09316666666667,30.894333333333336,33.40740740740741,21.51851851851852,50.2,965.5593333333333,SITE 4,INT
2026-05-16 17:00:00,42.61833333333333,37.4515,33.8635,32.2962962962963,21.425925925925927,53.5,965.8303333333333,SITE 4,INT
2026-05-16 18:00:00,47.75116666666667,43.95516666666666,39.480000000000004,31.666666666666668,21.814814814814817,56.233333333333334,966.1553333333334,SITE 4,INT
2026-05-16 19:00:00,56.866,53.8665,46.362833333333334,31.64814814814815,22.425925925925927,58.7,966.7293333333333,SITE 4,INT
2026-05-16 20:00:00,50.544333333333334,47.8955,42.899499999999996,31.666666666666668,22.61111111111111,59.0,967.3663333333334,SITE 4,INT
2026-05-16 21:00:00,52.75383333333333,49.85116666666667,43.61233333333333,31.574074074074076,22.685185185185183,59.96666666666667,967.9593333333333,SITE 4,INT
2026-05-16 22:00:00,48.402,44.64833333333333,39.47366666666667,31.111111111111118,22.666666666666668,61.0,968.2913333333333,SITE 4,INT
2026-05-16 23:00:00,45.519666666666666,39.655499999999996,34.5315,31.055555555555557,22.722222222222225,61.13333333333333,968.409,SITE 4,INT
2026-05-17 00:00:00,39.892500000000005,34.16366666666667,30.194666666666667,30.703703703703706,21.75925925925926,59.6,968.211,SITE 4,INT
2026-05-17 01:00:00,39.87483333333333,34.1305,30.2255,30.574074074074076,21.90740740740741,60.666666666666664,967.9076666666666,SITE 4,INT
2026-05-17 02:00:00,45.54116666666666,39.767500000000005,34.39866666666667,29.75925925925926,23.074074074074076,67.93333333333334,967.615,SITE 4,INT
2026-05-17 03:00:00,44.855000000000004,38.89516666666667,33.586333333333336,29.833333333333332,22.685185185185183,66.43333333333334,967.413,SITE 4,INT
2026-05-17 04:00:00,48.402580645161294,42.655806451612904,36.214677419354835,29.569892473118284,22.347670250896055,65.61290322580645,967.4451612903225,SITE 4,INT
2026-05-17 05:00:00,54.46366666666667,48.416333333333334,39.873000000000005,29.5,22.27777777777778,66.6,967.858,SITE 4,INT
2026-05-17 06:00:00,57.81216666666667,51.9135,42.88816666666666,29.444444444444446,22.22222222222222,66.16666666666667,968.3580000000001,SITE 4,INT
2026-05-17 07:00:00,55.155833333333334,49.04066666666667,40.549499999999995,29.574074074074076,22.444444444444446,66.56666666666666,968.9003333333333,SITE 4,INT
2026-05-17 08:00:00,51.134,45.2555,38.12283333333333,30.25925925925926,22.425925925925927,63.46666666666667,969.3176666666666,SITE 4,INT
2026-05-17 09:00:00,49.2395,43.8045,37.66733333333333,31.462962962962965,21.87037037037037,57.46666666666667,969.6866666666666,SITE 4,INT
2026-05-17 10:00:00,47.54316666666667,42.35816666666666,36.755833333333335,32.96296296296296,22.61111111111111,55.233333333333334,969.6276666666666,SITE 4,INT
2026-05-17 11:00:00,46.0135,40.568999999999996,35.57683333333333,34.074074074074076,22.462962962962965,51.43333333333333,969.2360000000001,SITE 4,INT
2026-05-17 12:00:00,44.686666666666675,39.2815,34.841,34.907407407407405,22.407407407407405,48.6,968.4146666666667,SITE 4,INT
2026-05-17 13:00:00,45.346,39.78633333333334,35.068666666666665,35.88888888888889,22.185185185185183,45.53333333333333,967.4816666666667,SITE 4,INT
2026-05-17 14:00:00,51.85133333333333,46.24166666666667,38.592,37.2037037037037,22.037037037037035,42.03333333333333,966.6550000000001,SITE 4,INT
2026-05-17 15:00:00,43.35733333333334,37.705333333333336,33.642,38.18518518518519,22.074074074074073,39.8,965.8033333333333,SITE 4,INT
2026-05-17 16:00:00,41.5445,35.886833333333335,32.53783333333333,38.611111111111114,21.98148148148148,38.46666666666667,964.963,SITE 4,INT
2026-05-17 17:00:00,46.55951612903226,41.37870967741936,36.62322580645161,37.473118279569896,21.630824372759857,40.12903225806452,964.6722580645161,SITE 4,INT
2026-05-17 18:00:00,46.06283333333333,40.75933333333333,35.87516666666667,36.351851851851855,21.925925925925927,43.833333333333336,965.1186666666667,SITE 4,INT
2026-05-17 19:00:00,59.77366666666667,54.15433333333333,44.55583333333333,35.37037037037037,22.22222222222222,46.766666666666666,965.6233333333333,SITE 4,INT
2026-05-17 20:00:00,56.0685,50.5415,41.79566666666666,34.57407407407407,22.14814814814815,48.766666666666666,966.6146666666666,SITE 4,INT
2026-05-17 21:00:00,47.196333333333335,41.232166666666664,35.06916666666667,32.92592592592593,21.22222222222222,50.666666666666664,967.7610000000001,SITE 4,INT
2026-05-17 22:00:00,43.8525,38.236999999999995,33.565000000000005,32.09259259259259,20.944444444444446,52.06666666666667,968.0503333333332,SITE 4,INT
2026-05-17 23:00:00,41.906166666666664,36.14416666666667,32.15933333333333,31.25925925925926,20.555555555555557,53.4,968.0323333333333,SITE 4,INT
2026-05-18 00:00:00,40.86133333333333,34.96133333333333,30.188166666666667,30.185185185185183,20.444444444444446,56.733333333333334,967.575,SITE 4,INT
2026-05-18 01:00:00,43.89533333333334,38.44833333333334,33.88783333333333,29.314814814814817,20.64814814814815,60.36666666666667,966.7066666666667,SITE 4,INT
2026-05-18 02:00:00,45.007333333333335,39.147166666666664,33.79183333333334,28.592592592592595,22.0,68.36666666666666,968.2860000000001,SITE 4,INT
2026-05-18 03:00:00,51.01466666666667,48.5935,44.43783333333333,27.185185185185187,21.240740740740744,70.76666666666667,968.6593333333333,SITE 4,INT
2026-05-18 04:00:00,45.925333333333334,39.053999999999995,34.71966666666666,26.740740740740744,19.75925925925926,66.13333333333334,967.3836666666666,SITE 4,INT
2026-05-18 05:00:00,38.6165,32.8135,29.192333333333334,26.685185185185183,19.444444444444446,65.1,968.2523333333334,SITE 4,INT
2026-05-18 06:00:00,42.08806451612903,36.543064516129036,32.63983870967742,27.060931899641577,19.78494623655914,65.2258064516129,968.0719354838709,SITE 4,INT
2026-05-18 07:00:00,42.8945,36.86083333333333,32.279333333333334,26.574074074074076,20.037037037037035,68.33333333333333,970.0986666666666,SITE 4,INT
2026-05-18 08:00:00,40.623333333333335,34.727666666666664,30.732333333333333,26.0,20.222222222222225,71.03333333333333,972.6686666666667,SITE 4,INT
2026-05-18 09:00:00,40.24316666666667,34.29633333333334,30.918833333333335,25.925925925925927,20.074074074074073,70.9,973.6166666666667,SITE 4,INT
2026-05-18 10:00:00,41.1505,35.517,31.430666666666664,26.77777777777778,20.40740740740741,68.5,973.132,SITE 4,INT
2026-05-18 11:00:00,40.8545,35.26033333333333,31.56116666666667,27.740740740740744,20.61111111111111,66.23333333333333,971.4376666666667,SITE 4,INT
2026-05-18 12:00:00,37.384,31.80816666666667,27.961,28.48148148148148,20.14814814814815,61.13333333333333,969.1086666666666,SITE 4,INT
2026-05-18 13:00:00,35.50783333333333,30.28483333333333,26.105,29.870370370370374,20.25925925925926,56.86666666666667,967.9300000000001,SITE 4,INT
2026-05-18 14:00:00,35.52816666666667,30.054,26.944833333333335,31.62962962962963,20.944444444444446,53.9,966.6993333333334,SITE 4,INT
2026-05-18 15:00:00,32.1355,27.193500000000004,23.526,33.03703703703704,22.074074074074076,53.266666666666666,965.7666666666667,SITE 4,INT
2026-05-18 16:00:00,33.0125,27.997833333333332,23.9665,33.75925925925926,22.48148148148148,52.46666666666667,965.3833333333333,SITE 4,INT
2026-05-18 17:00:00,35.93566666666666,30.603666666666665,26.494333333333334,32.96296296296296,22.703703703703702,55.5,965.4913333333334,SITE 4,INT
2026-05-18 18:00:00,45.054833333333335,39.775,34.531166666666664,32.12962962962963,22.90740740740741,58.766666666666666,966.1786666666667,SITE 4,INT
2026-05-18 19:00:00,58.478833333333334,53.986999999999995,44.605000000000004,31.351851851851855,23.370370370370374,62.86666666666667,967.2246666666667,SITE 4,INT
2026-05-18 20:00:00,54.601,48.75566666666667,40.512166666666666,30.666666666666668,22.98148148148148,64.36666666666666,968.465,SITE 4,INT
2026-05-18 21:00:00,52.73533333333333,46.842666666666666,38.95483333333333,30.53703703703704,23.11111111111111,65.06666666666666,968.8503333333333,SITE 4,INT
2026-05-18 22:00:00,44.78193548387097,38.8458064516129,33.42161290322581,30.537634408602152,23.06451612903226,64.87096774193549,969.3774193548387,SITE 4,INT
2026-05-18 23:00:00,46.07183333333333,40.158166666666666,34.258,30.12962962962963,22.796296296296298,65.4,969.376,SITE 4,INT
2026-05-19 00:00:00,38.46566666666667,32.90116666666667,28.883,29.35185185185185,22.0,65.4,968.7216666666667,SITE 4,INT
2026-05-19 01:00:00,38.37416666666666,32.72083333333333,29.420666666666666,28.314814814814817,21.90740740740741,69.03333333333333,968.3050000000001,SITE 4,INT
2026-05-19 02:00:00,41.493,36.562,34.036500000000004,27.814814814814817,21.703703703703702,70.7,967.7186666666668,SITE 4,INT
2026-05-19 03:00:00,44.71483333333333,41.415166666666664,38.7425,27.48148148148148,21.833333333333332,71.7,967.312,SITE 4,INT
2026-05-19 04:00:00,54.26566666666667,53.250499999999995,50.460166666666666,27.185185185185187,21.61111111111111,71.9,967.0396666666667,SITE 4,INT
2026-05-19 05:00:00,39.68983333333333,34.21516666666666,30.642833333333332,27.16666666666667,21.22222222222222,70.6,967.2009999999999,SITE 4,INT
2026-05-19 06:00:00,41.69983333333333,35.845,31.5995,27.222222222222225,20.90740740740741,68.86666666666666,967.6883333333334,SITE 4,INT
2026-05-19 07:00:00,46.709833333333336,41.22566666666667,36.498666666666665,27.48148148148148,20.722222222222225,67.33333333333333,968.5490000000001,SITE 4,INT
2026-05-19 08:00:00,44.40566666666667,39.11566666666667,34.840333333333334,28.388888888888893,20.833333333333332,64.53333333333333,969.0759999999999,SITE 4,INT
2026-05-19 09:00:00,40.43283333333333,34.834500000000006,30.735666666666667,29.85185185185185,20.962962962962965,59.833333333333336,969.3033333333333,SITE 4,INT
2026-05-19 10:00:00,41.747,36.26266666666666,32.23133333333333,30.925925925925927,20.944444444444446,55.833333333333336,969.4856666666667,SITE 4,INT
2026-05-19 11:00:00,40.148,34.83433333333333,31.571666666666665,31.98148148148148,21.055555555555557,52.93333333333333,969.1460000000001,SITE 4,INT
2026-05-19 12:00:00,53.29416666666667,47.58133333333333,37.38366666666666,32.87037037037037,21.01851851851852,50.266666666666666,968.6916666666667,SITE 4,INT
2026-05-19 13:00:00,35.6265,30.287,26.758,33.77777777777778,21.25925925925926,48.233333333333334,967.8306666666666,SITE 4,INT
2026-05-19 14:00:00,37.939,32.38883333333333,29.83216666666667,35.333333333333336,21.555555555555554,45.13333333333333,967.1086666666667,SITE 4,INT
2026-05-19 15:00:00,40.96933333333333,35.65383333333333,32.86333333333333,36.2962962962963,21.462962962962965,42.7,966.4346666666667,SITE 4,INT
2026-05-19 16:00:00,42.899499999999996,37.706,34.21483333333333,35.72222222222222,21.555555555555557,44.13333333333333,965.9883333333333,SITE 4,INT
2026-05-19 17:00:00,48.362833333333334,43.3565,37.87733333333333,35.0,21.907407407407405,46.8,965.813,SITE 4,INT
2026-05-19 18:00:00,59.629333333333335,54.23016666666667,44.88466666666667,33.833333333333336,22.037037037037035,50.56666666666667,966.3,SITE 4,INT
2026-05-19 19:00:00,91.84400000000001,86.06916666666666,64.14616666666667,32.92592592592593,22.462962962962965,54.733333333333334,967.0353333333334,SITE 4,INT
2026-05-19 20:00:00,72.26216666666666,65.84416666666667,51.69983333333333,32.7037037037037,22.685185185185183,56.36666666666667,967.6516666666666,SITE 4,INT
2026-05-19 21:00:00,70.2205,64.4775,51.88283333333333,32.2037037037037,22.27777777777778,56.93333333333333,968.1636666666667,SITE 4,INT
2026-05-19 22:00:00,80.01451612903226,73.31919354838709,57.57983870967742,31.93548387096774,22.56272401433692,58.064516129032256,968.6141935483871,SITE 4,INT
2026-05-19 23:00:00,68.36716666666666,63.358333333333334,51.617333333333335,31.666666666666668,22.22222222222222,57.96666666666667,968.5986666666666,SITE 4,INT
2026-05-20 00:00:00,52.51683333333334,48.07716666666667,41.130833333333335,31.16666666666667,22.166666666666668,59.5,968.0329999999999,SITE 4,INT
2026-05-20 01:00:00,47.444833333333335,42.464166666666664,36.997166666666665,30.35185185185185,21.61111111111111,60.2,967.366,SITE 4,INT
2026-05-20 02:00:00,48.04716666666666,42.97416666666666,37.06966666666666,29.11111111111111,21.48148148148148,64.06666666666666,966.6800000000001,SITE 4,INT
2026-05-20 03:00:00,48.925666666666665,44.285,38.352333333333334,28.90740740740741,21.425925925925927,64.93333333333334,966.4163333333333,SITE 4,INT
2026-05-20 04:00:00,50.54316666666667,46.21666666666667,39.813833333333335,28.90740740740741,21.685185185185183,65.3,966.4803333333333,SITE 4,INT
2026-05-20 05:00:00,50.13166666666667,45.50416666666667,39.10333333333333,28.87037037037037,21.555555555555557,64.9,966.7669999999999,SITE 4,INT
2026-05-20 06:00:00,51.89,47.1285,40.17766666666667,28.88888888888889,21.48148148148148,64.73333333333333,967.5313333333332,SITE 4,INT
2026-05-20 07:00:00,50.98433333333333,45.93983333333333,39.025666666666666,29.333333333333332,22.11111111111111,65.83333333333333,968.375,SITE 4,INT
2026-05-20 08:00:00,55.395833333333336,49.881166666666665,41.742333333333335,29.962962962962965,22.296296296296298,64.06666666666666,968.7046666666666,SITE 4,INT
2026-05-20 09:00:00,47.97683333333334,43.10016666666666,37.7895,30.851851851851855,22.24074074074074,60.46666666666667,968.9979999999999,SITE 4,INT
2026-05-20 10:00:00,46.96033333333333,43.097166666666666,38.54416666666667,31.85185185185185,21.98148148148148,56.46666666666667,968.7173333333334,SITE 4,INT
2026-05-20 11:00:00,41.88433333333333,35.991,31.528833333333335,33.27777777777778,21.87037037037037,51.733333333333334,968.6816666666667,SITE 4,INT
2026-05-20 12:00:00,41.20616666666667,35.3505,31.209166666666665,34.68518518518519,21.833333333333332,47.8,968.2003333333333,SITE 4,INT
2026-05-20 13:00:00,42.72370967741935,36.9008064516129,32.82661290322581,35.94982078853047,21.487455197132615,43.58064516129032,967.1616129032258,SITE 4,INT
2026-05-20 14:00:00,43.028,37.45483333333333,33.48533333333334,36.90740740740741,21.055555555555554,39.86666666666667,966.4843333333333,SITE 4,INT
2026-05-20 15:00:00,44.56066666666666,38.971000000000004,34.580666666666666,37.74074074074074,20.833333333333332,37.733333333333334,965.8713333333333,SITE 4,INT
2026-05-20 16:00:00,50.61483333333333,45.412666666666674,38.86083333333333,38.01851851851852,21.01851851851852,37.733333333333334,965.8,SITE 4,INT
2026-05-20 17:00:00,52.42016666666667,46.657333333333334,38.904833333333336,34.42592592592593,22.203703703703702,50.233333333333334,966.1990000000001,SITE 4,INT
2026-05-20 18:00:00,71.59416666666667,65.68483333333333,51.58716666666667,33.31481481481482,22.666666666666668,54.233333333333334,966.7163333333334,SITE 4,INT
2026-05-20 19:00:00,99.28133333333334,95.53966666666666,73.73233333333333,33.333333333333336,22.703703703703702,54.166666666666664,966.9976666666666,SITE 4,INT
2026-05-20 20:00:00,69.51266666666668,64.21283333333334,51.49816666666666,32.7962962962963,21.90740740740741,53.1,967.6086666666666,SITE 4,INT
2026-05-20 21:00:00,52.690333333333335,47.0575,39.583333333333336,32.22222222222222,22.055555555555554,55.233333333333334,968.125,SITE 4,INT
2026-05-20 22:00:00,55.01083333333334,49.9985,41.90866666666667,32.22222222222222,22.48148148148148,56.766666666666666,968.8263333333333,SITE 4,INT
2026-05-20 23:00:00,50.25683333333333,46.535,40.627833333333335,31.722222222222225,22.277777777777775,58.0,968.742,SITE 4,INT
2026-05-21 00:00:00,47.17433333333334,42.782333333333334,37.68633333333333,31.185185185185187,22.296296296296298,59.8,968.3223333333334,SITE 4,INT
2026-05-21 01:00:00,48.869,43.698499999999996,37.434333333333335,30.77777777777778,22.333333333333332,61.6,967.6103333333334,SITE 4,INT
2026-05-21 02:00:00,44.4025,38.763,33.827666666666666,30.14814814814815,22.35185185185185,63.5,966.9143333333334,SITE 4,INT
2026-05-21 03:00:00,45.37733333333333,39.8625,34.477833333333336,29.88888888888889,22.425925925925927,64.83333333333333,966.6686666666667,SITE 4,INT
2026-05-21 04:00:00,46.50516666666667,41.06283333333333,35.17933333333334,29.14814814814815,22.259259259259256,67.4,967.135,SITE 4,INT
2026-05-21 05:00:00,50.38709677419355,44.63903225806452,37.502096774193554,29.06810035842294,22.401433691756274,67.41935483870968,967.6516129032258,SITE 4,INT
2026-05-21 06:00:00,54.79383333333333,48.94283333333333,40.128,28.88888888888889,22.22222222222222,68.56666666666666,968.4766666666667,SITE 4,INT
2026-05-21 07:00:00,55.87316666666666,49.853500000000004,40.88866666666667,29.12962962962963,22.259259259259256,67.3,969.2476666666666,SITE 4,INT
2026-05-21 08:00:00,49.06316666666667,43.1285,35.87266666666667,29.40740740740741,22.074074074074073,64.93333333333334,970.2686666666667,SITE 4,INT
2026-05-21 09:00:00,48.02016666666667,42.193,35.32683333333333,30.351851851851855,22.537037037037035,63.56666666666667,970.7706666666667,SITE 4,INT
2026-05-21 10:00:00,49.708,44.852666666666664,38.5205,31.092592592592595,22.37037037037037,60.3,970.6973333333333,SITE 4,INT
2026-05-21 11:00:00,50.94683333333333,46.169666666666664,39.7025,32.166666666666664,22.314814814814817,56.6,969.8373333333333,SITE 4,INT
2026-05-21 12:00:00,43.891666666666666,38.05733333333333,33.13616666666667,33.51851851851852,22.0,51.6,968.7476666666666,SITE 4,INT
2026-05-21 13:00:00,41.3,35.62683333333334,31.802500000000002,34.31481481481482,21.85185185185185,48.733333333333334,967.473,SITE 4,INT
2026-05-21 14:00:00,43.166333333333334,37.4465,33.3955,35.42592592592593,21.814814814814817,45.666666666666664,966.2283333333332,SITE 4,INT
2026-05-21 15:00:00,44.61300000000001,39.35183333333334,35.22666666666667,36.55555555555556,21.75925925925926,42.833333333333336,965.327,SITE 4,INT
2026-05-21 16:00:00,44.701,39.662000000000006,35.635,36.20370370370371,21.296296296296298,42.43333333333333,965.6773333333333,SITE 4,INT
2026-05-21 17:00:00,42.67016666666667,37.376,33.72833333333333,35.37037037037037,21.11111111111111,43.8,965.889,SITE 4,INT
2026-05-21 18:00:00,57.58233333333333,52.532000000000004,43.75783333333334,34.407407407407405,21.22222222222222,46.4,966.3926666666666,SITE 4,INT
2026-05-21 19:00:00,79.58516666666668,73.58483333333334,56.13516666666667,33.96296296296297,21.37037037037037,48.3,966.3413333333333,SITE 4,INT
2026-05-21 20:00:00,72.8025,66.5225,52.34066666666667,33.51851851851852,21.740740740740744,50.53333333333333,966.8723333333332,SITE 4,INT
2026-05-21 21:00:00,67.6295,61.45433333333334,48.844833333333334,32.81481481481482,22.12962962962963,53.63333333333333,967.4586666666667,SITE 4,INT
2026-05-21 22:00:00,51.86983333333333,46.51616666666666,39.03283333333333,32.53703703703704,22.12962962962963,54.733333333333334,968.1043333333333,SITE 4,INT
2026-05-21 23:00:00,49.74766666666667,45.277166666666666,39.19116666666666,31.27777777777778,22.037037037037035,58.53333333333333,968.1563333333332,SITE 4,INT
2026-05-22 00:00:00,52.84733333333334,47.525666666666666,39.519,30.37037037037037,22.01851851851852,61.733333333333334,967.8960000000001,SITE 4,INT
2026-05-22 01:00:00,51.05283333333333,45.370666666666665,38.06616666666667,29.77777777777778,21.962962962962965,63.36666666666667,967.9110000000001,SITE 4,INT
2026-05-22 02:00:00,48.82633333333333,43.597833333333334,37.13416666666667,29.425925925925927,21.98148148148148,64.8,967.8603333333333,SITE 4,INT
2026-05-22 03:00:00,47.59216666666667,42.184999999999995,36.271499999999996,29.27777777777778,22.055555555555554,65.5,968.194,SITE 4,INT
2026-05-22 04:00:00,48.536500000000004,43.20583333333333,36.976,28.98148148148148,22.055555555555554,66.93333333333334,968.506,SITE 4,INT
2026-05-22 05:00:00,47.30883333333333,41.74983333333333,36.0445,28.314814814814817,21.574074074074076,67.33333333333333,968.8123333333333,SITE 4,INT
2026-05-22 06:00:00,49.207499999999996,43.604,37.274833333333326,27.98148148148148,21.24074074074074,67.73333333333333,969.2806666666667,SITE 4,INT
2026-05-22 07:00:00,43.92100000000001,38.11783333333334,33.248,28.740740740740744,21.48148148148148,65.23333333333333,969.5016666666667,SITE 4,INT
2026-05-22 08:00:00,40.27033333333333,34.61366666666667,30.682000000000002,29.074074074074076,21.203703703703702,62.93333333333333,969.7296666666666,SITE 4,INT
2026-05-22 09:00:00,40.29533333333333,34.62916666666667,30.554666666666666,30.62962962962963,21.64814814814815,59.53333333333333,969.798,SITE 4,INT
2026-05-22 10:00:00,42.62066666666667,37.248000000000005,33.71,32.0,21.740740740740744,55.166666666666664,969.6926666666666,SITE 4,INT
2026-05-22 11:00:00,37.899499999999996,32.339,28.829333333333334,33.62962962962963,21.740740740740744,50.333333333333336,969.2186666666668,SITE 4,INT
2026-05-22 12:00:00,39.298,33.609833333333334,30.92716666666667,34.77777777777778,21.574074074074076,46.833333333333336,968.1123333333333,SITE 4,INT
2026-05-22 13:00:00,39.660999999999994,33.92883333333334,30.9515,35.7037037037037,21.25925925925926,43.733333333333334,966.9643333333333,SITE 4,INT
2026-05-22 14:00:00,40.44216666666667,34.88,32.0,36.96296296296296,21.35185185185185,40.7,966.203,SITE 4,INT
2026-05-22 15:00:00,41.93183333333333,36.64083333333333,33.67166666666667,37.7962962962963,21.314814814814817,38.7,965.6333333333333,SITE 4,INT
2026-05-22 16:00:00,43.417,38.383500000000005,34.88066666666667,37.98148148148149,21.12962962962963,38.03333333333333,965.1536666666667,SITE 4,INT
2026-05-22 17:00:00,49.16333333333333,44.5685,39.08716666666667,36.88888888888889,21.203703703703702,40.5,965.4449999999999,SITE 4,INT
2026-05-22 18:00:00,55.01133333333333,49.410666666666664,41.151666666666664,35.53703703703704,21.12962962962963,43.3,966.1916666666667,SITE 4,INT
2026-05-22 19:00:00,80.49199999999999,74.38766666666668,57.894999999999996,35.07407407407407,21.314814814814817,45.03333333333333,966.981,SITE 4,INT
2026-05-22 20:00:00,73.12316666666668,67.0225,53.62266666666667,34.94444444444444,22.01851851851852,47.53333333333333,967.5526666666667,SITE 4,INT
2026-05-22 21:00:00,67.22016666666667,61.583,50.16566666666667,34.01851851851852,22.055555555555554,50.03333333333333,967.6463333333334,SITE 4,INT
2026-05-22 22:00:00,46.25233333333333,40.400499999999994,35.152,33.333333333333336,22.314814814814817,53.13333333333333,968.075,SITE 4,INT
2026-05-22 23:00:00,44.87466666666667,39.0395,34.2975,32.81481481481482,22.166666666666668,53.63333333333333,968.0503333333332,SITE 4,INT
2026-05-23 00:00:00,41.54566666666666,36.01433333333333,32.16116666666667,32.2962962962963,21.740740740740744,54.3,967.703,SITE 4,INT
2026-05-23 01:00:00,45.55166666666666,41.38816666666666,37.303,31.87037037037037,21.685185185185183,55.333333333333336,967.116,SITE 4,INT
2026-05-23 02:00:00,43.08283333333333,38.302,34.634,31.185185185185187,21.77777777777778,57.93333333333333,966.8203333333333,SITE 4,INT
2026-05-23 03:00:00,38.43783333333333,32.899,28.884666666666664,29.685185185185183,21.740740740740744,63.3,965.7906666666667,SITE 4,INT
2026-05-23 04:00:00,40.218333333333334,34.626999999999995,31.161166666666666,29.388888888888893,21.925925925925927,64.7,966.001,SITE 4,INT
2026-05-23 05:00:00,41.66935483870968,35.892580645161296,31.830322580645163,29.42652329749104,22.00716845878136,64.83870967741936,966.671935483871,SITE 4,INT
2026-05-23 06:00:00,45.624,40.25016666666667,35.50816666666667,29.01851851851852,22.12962962962963,67.23333333333333,967.7763333333334,SITE 4,INT
2026-05-23 07:00:00,41.25366666666667,35.483,30.266666666666666,26.592592592592595,19.98148148148148,67.66666666666667,969.612,SITE 4,INT
2026-05-23 08:00:00,38.59216666666667,32.9315,28.322166666666664,26.48148148148148,19.796296296296298,67.36666666666666,969.044,SITE 4,INT
2026-05-23 09:00:00,41.74183333333333,35.74433333333333,30.450833333333332,26.51851851851852,19.88888888888889,67.56666666666666,969.285,SITE 4,INT
2026-05-23 10:00:00,43.48016666666667,38.3115,34.79783333333333,27.66666666666667,19.888888888888893,63.56666666666667,969.072,SITE 4,INT
2026-05-23 11:00:00,52.0415,46.5275,39.19983333333334,29.870370370370374,20.64814814814815,58.333333333333336,968.8136666666667,SITE 4,INT
2026-05-23 12:00:00,38.167833333333334,32.596,29.526,31.444444444444446,21.425925925925927,55.93333333333333,968.1713333333333,SITE 4,INT
2026-05-23 13:00:00,39.936166666666665,34.284666666666666,31.0835,32.03703703703704,21.88888888888889,55.2,967.578,SITE 4,INT
2026-05-23 14:00:00,37.839333333333336,32.29566666666667,28.427666666666667,33.81481481481482,22.5,52.2,966.9796666666666,SITE 4,INT
2026-05-23 15:00:00,39.68716666666667,34.19133333333333,31.496166666666667,34.87037037037037,22.62962962962963,49.46666666666667,966.5083333333333,SITE 4,INT
2026-05-23 16:00:00,38.50066666666667,32.82533333333333,30.420333333333335,34.77777777777778,22.14814814814815,48.333333333333336,965.8963333333334,SITE 4,INT
2026-05-23 17:00:00,42.1055,36.5345,32.672,33.46296296296296,22.333333333333332,52.766666666666666,965.8303333333333,SITE 4,INT
2026-05-23 18:00:00,45.15133333333333,39.449,34.56766666666667,32.24074074074074,22.537037037037035,57.266666666666666,966.3433333333334,SITE 4,INT
2026-05-23 19:00:00,49.579166666666666,46.39633333333334,41.37883333333333,31.425925925925927,22.555555555555554,59.733333333333334,967.2090000000001,SITE 4,INT
2026-05-23 20:00:00,46.381,41.39233333333333,36.56133333333333,31.074074074074076,22.5,60.6,967.5263333333334,SITE 4,INT
2026-05-23 21:00:00,47.025666666666666,41.29783333333333,35.199,30.77777777777778,22.38888888888889,61.03333333333333,967.867,SITE 4,INT
2026-05-23 22:00:00,43.10466666666667,37.27616666666667,32.60333333333333,30.555555555555557,22.22222222222222,61.6,968.14,SITE 4,INT
2026-05-23 23:00:00,42.030833333333334,36.3065,31.612833333333334,30.092592592592595,22.074074074074073,63.166666666666664,968.5193333333333,SITE 4,INT
2026-05-24 00:00:00,38.08983333333333,32.607166666666664,28.32133333333333,29.90740740740741,22.11111111111111,63.2,968.1883333333334,SITE 4,INT
2026-05-24 01:00:00,35.62516666666667,30.409,26.5005,29.444444444444446,21.574074074074076,63.46666666666667,967.5253333333333,SITE 4,INT
2026-05-24 02:00:00,39.51933333333333,33.9175,29.329666666666665,29.444444444444446,21.685185185185183,63.833333333333336,967.01,SITE 4,INT
2026-05-24 03:00:00,39.54833333333333,33.9335,29.44183333333333,29.425925925925927,22.09259259259259,65.33333333333333,967.0093333333333,SITE 4,INT
2026-05-24 04:00:00,42.08116666666667,36.383,31.609666666666666,29.444444444444446,22.22222222222222,65.5,967.454,SITE 4,INT
2026-05-24 05:00:00,53.094500000000004,47.33733333333334,39.730333333333334,29.166666666666668,21.944444444444446,65.46666666666667,967.7916666666666,SITE 4,INT
2026-05-24 06:00:00,55.025333333333336,49.1,40.37966666666667,29.203703703703706,21.944444444444446,65.23333333333333,968.1986666666667,SITE 4,INT
2026-05-24 07:00:00,48.16466666666667,42.152166666666666,35.71133333333333,29.62962962962963,21.85185185185185,63.86666666666667,969.1576666666666,SITE 4,INT
2026-05-24 08:00:00,48.480333333333334,42.50333333333333,36.274499999999996,30.0,21.685185185185183,62.1,969.8520000000001,SITE 4,INT
2026-05-24 09:00:00,45.65783333333333,39.656166666666664,34.004666666666665,30.296296296296298,22.24074074074074,62.43333333333333,970.0766666666666,SITE 4,INT
2026-05-24 10:00:00,46.0555,41.119166666666665,36.2105,31.62962962962963,22.62962962962963,59.06666666666667,969.8,SITE 4,INT
2026-05-24 11:00:00,43.539,37.827666666666666,33.144,32.55555555555556,22.259259259259256,55.13333333333333,969.3366666666666,SITE 4,INT
2026-05-24 12:00:00,41.32899999999999,35.521166666666666,31.45133333333333,33.351851851851855,22.11111111111111,52.4,968.652,SITE 4,INT
2026-05-24 13:00:00,44.25683333333333,38.83133333333333,34.82516666666667,34.42592592592593,22.14814814814815,49.3,967.6226666666666,SITE 4,INT
2026-05-24 14:00:00,70.15316666666666,64.084,48.73733333333333,35.46296296296296,21.925925925925927,45.7,966.4293333333334,SITE 4,INT
2026-05-24 15:00:00,50.96066666666666,45.47233333333334,37.741,36.05555555555556,21.962962962962965,44.4,965.5303333333334,SITE 4,INT
2026-05-24 16:00:00,45.5035,40.525666666666666,36.13466666666667,36.48148148148149,21.87037037037037,43.46666666666667,965.3806666666667,SITE 4,INT
2026-05-24 17:00:00,55.541000000000004,50.16233333333333,41.63583333333334,35.01851851851852,22.22222222222222,47.93333333333333,965.544,SITE 4,INT
2026-05-24 18:00:00,62.309999999999995,57.19833333333334,46.42883333333334,34.351851851851855,22.259259259259256,49.7,966.1523333333333,SITE 4,INT
2026-05-24 19:00:00,56.878166666666665,51.122499999999995,41.8555,32.574074074074076,21.703703703703702,53.266666666666666,967.5863333333333,SITE 4,INT
2026-05-24 20:00:00,44.349333333333334,38.98616666666667,32.881,30.12962962962963,21.0,58.833333333333336,968.303,SITE 4,INT
2026-05-24 21:00:00,37.216,31.512333333333334,27.881333333333334,29.333333333333332,21.296296296296298,62.666666666666664,968.6246666666667,SITE 4,INT
2026-05-24 22:00:00,35.96066666666666,30.4425,27.9865,28.90740740740741,20.48148148148148,60.9,969.0876666666667,SITE 4,INT
2026-05-24 23:00:00,42.2055,38.56333333333334,36.907000000000004,28.12962962962963,20.61111111111111,64.33333333333333,968.944,SITE 4,INT
2026-05-25 00:00:00,36.654833333333336,31.235833333333336,28.80366666666667,29.12962962962963,21.01851851851852,62.5,968.869,SITE 4,INT
2026-05-25 01:00:00,34.40566666666667,29.13533333333333,26.092333333333332,29.444444444444446,20.98148148148148,61.13333333333333,968.64,SITE 4,INT
2026-05-25 02:00:00,36.2185,30.887833333333333,27.796833333333332,29.388888888888893,21.48148148148148,62.766666666666666,968.0363333333333,SITE 4,INT
2026-05-25 03:00:00,36.525166666666664,31.301166666666667,29.262833333333333,28.796296296296298,20.85185185185185,62.53333333333333,967.6080000000001,SITE 4,INT
2026-05-25 04:00:00,40.68116666666666,35.54066666666667,33.04966666666667,28.166666666666668,20.48148148148148,63.63333333333333,967.8783333333333,SITE 4,INT
2026-05-25 05:00:00,41.3165,36.08983333333333,33.054833333333335,27.888888888888893,20.77777777777778,66.33333333333333,968.5396666666667,SITE 4,INT
2026-05-25 06:00:00,42.12316666666666,37.49366666666666,34.977833333333336,27.351851851851855,20.555555555555557,66.86666666666666,968.9843333333333,SITE 4,INT
2026-05-25 07:00:00,45.968666666666664,41.30283333333333,37.37466666666667,27.85185185185185,21.01851851851852,66.76666666666667,969.875,SITE 4,INT
2026-05-25 08:00:00,42.982,37.29216666666666,32.2665,27.185185185185187,20.833333333333332,69.16666666666667,972.7896666666667,SITE 4,INT
2026-05-25 09:00:00,35.725833333333334,29.946,27.293166666666664,25.814814814814817,20.425925925925927,72.76666666666667,973.4126666666667,SITE 4,INT
2026-05-25 10:00:00,37.138333333333335,31.596999999999998,28.520333333333333,26.75925925925926,20.88888888888889,71.1,972.6276666666668,SITE 4,INT
2026-05-25 11:00:00,39.443999999999996,34.483,31.883166666666668,27.870370370370374,21.296296296296298,68.36666666666666,971.3353333333333,SITE 4,INT
2026-05-25 12:00:00,40.06266666666667,34.80583333333333,31.4525,28.814814814814817,21.574074074074076,65.5,970.2136666666667,SITE 4,INT
2026-05-25 13:00:00,33.70616666666667,28.562333333333335,24.865666666666666,30.685185185185187,22.166666666666668,60.7,969.129,SITE 4,INT
2026-05-25 14:00:00,33.517,28.076999999999998,25.267833333333332,32.03703703703704,22.37037037037037,57.46666666666667,968.2383333333333,SITE 4,INT
2026-05-25 15:00:00,33.44716666666667,28.0195,24.508,33.31481481481482,22.62962962962963,54.1,967.533,SITE 4,INT
2026-05-25 16:00:00,34.8545,29.199,25.146,33.27777777777778,22.166666666666668,52.666666666666664,967.3296666666666,SITE 4,INT
2026-05-25 17:00:00,36.47833333333333,30.645833333333332,26.532666666666668,32.37037037037037,22.11111111111111,55.1,967.446,SITE 4,INT
2026-05-25 18:00:00,53.13533333333333,47.5455,39.386833333333335,31.814814814814817,22.259259259259256,57.56666666666667,967.9033333333333,SITE 4,INT
2026-05-25 19:00:00,67.18216666666666,61.819833333333335,50.438833333333335,31.40740740740741,22.51851851851852,59.8,968.5786666666667,SITE 4,INT
2026-05-25 20:00:00,82.24033333333334,75.77366666666667,59.13966666666667,31.074074074074076,22.77777777777778,62.266666666666666,969.3306666666667,SITE 4,INT
2026-05-25 21:00:00,71.67583333333333,65.07,50.690666666666665,30.722222222222225,22.51851851851852,62.5,970.1616666666666,SITE 4,INT
2026-05-25 22:00:00,65.41466666666666,58.533500000000004,46.07899999999999,30.53703703703704,22.314814814814817,62.333333333333336,970.51,SITE 4,INT
2026-05-25 23:00:00,44.370999999999995,38.1055,31.778666666666666,30.185185185185183,21.85185185185185,61.96666666666667,970.3083333333333,SITE 4,INT
2026-05-26 00:00:00,39.52933333333333,33.64533333333333,28.481499999999997,30.0,21.77777777777778,62.266666666666666,970.033,SITE 4,INT
2026-05-26 01:00:00,36.4045,30.642999999999997,26.15083333333333,29.814814814814817,21.537037037037035,62.13333333333333,969.7263333333334,SITE 4,INT
2026-05-26 02:00:00,38.64383333333333,32.70516666666666,28.391833333333334,29.388888888888893,21.61111111111111,63.36666666666667,969.3196666666666,SITE 4,INT
2026-05-26 03:00:00,38.62616666666667,32.62233333333333,27.840666666666667,29.40740740740741,21.425925925925927,62.6,969.286,SITE 4,INT
2026-05-26 04:00:00,40.518166666666666,34.753166666666665,30.035833333333336,29.40740740740741,21.61111111111111,63.56666666666667,969.428,SITE 4,INT
2026-05-26 05:00:00,51.358,45.88516666666667,39.071333333333335,28.88888888888889,21.62962962962963,65.23333333333333,969.7823333333333,SITE 4,INT
2026-05-26 06:00:00,55.327999999999996,50.686,42.60066666666667,28.88888888888889,21.574074074074076,65.26666666666667,970.1466666666668,SITE 4,INT
2026-05-26 07:00:00,47.10216666666667,41.635666666666665,35.525999999999996,29.574074074074076,22.296296296296298,65.9,970.346,SITE 4,INT
2026-05-26 08:00:00,45.0015,38.7305,32.757,29.98148148148148,22.12962962962963,63.266666666666666,970.8096666666667,SITE 4,INT
2026-05-26 09:00:00,41.061166666666665,35.00366666666666,29.830166666666667,30.11111111111111,22.333333333333332,63.43333333333333,970.9866666666666,SITE 4,INT
2026-05-26 10:00:00,47.925333333333334,42.42716666666667,36.2065,31.25925925925926,22.75925925925926,61.233333333333334,970.8863333333334,SITE 4,INT
2026-05-26 11:00:00,38.16133333333333,32.373666666666665,28.625666666666667,32.666666666666664,22.85185185185185,56.96666666666667,970.9046666666667,SITE 4,INT
2026-05-26 12:00:00,36.274,30.558,26.795833333333334,30.444444444444446,22.185185185185183,62.06666666666667,970.652,SITE 4,INT
2026-05-26 13:00:00,40.180166666666665,34.5475,29.652166666666666,30.14814814814815,22.425925925925927,63.7,969.5186666666667,SITE 4,INT
2026-05-26 14:00:00,34.95066666666666,29.593999999999998,26.2415,31.444444444444446,21.944444444444446,57.7,968.3146666666667,SITE 4,INT
2026-05-26 15:00:00,35.22666666666667,29.731166666666663,26.413,33.148148148148145,22.055555555555554,52.666666666666664,967.4156666666667,SITE 4,INT
2026-05-26 16:00:00,36.73466666666666,31.0095,28.004166666666666,33.870370370370374,22.11111111111111,50.6,966.6886666666667,SITE 4,INT
2026-05-26 17:00:00,43.54366666666667,37.75,33.248,33.0,22.685185185185183,55.03333333333333,967.169,SITE 4,INT
2026-05-26 18:00:00,54.99633333333334,49.31516666666666,40.9765,32.22222222222222,23.0,58.7,967.9976666666666,SITE 4,INT
2026-05-26 19:00:00,107.79533333333333,103.37966666666667,78.0605,31.64814814814815,23.240740740740744,61.43333333333333,968.9123333333333,SITE 4,INT
2026-05-26 20:00:00,106.96233333333333,104.28099999999999,79.32716666666667,31.27777777777778,22.833333333333332,61.5,969.7723333333332,SITE 4,INT
2026-05-26 21:00:00,45.5285,39.537166666666664,33.07283333333333,30.685185185185187,22.574074074074076,62.666666666666664,970.1603333333334,SITE 4,INT
2026-05-26 22:00:00,39.313,33.900999999999996,28.465500000000002,30.092592592592595,22.314814814814817,63.666666666666664,970.5206666666667,SITE 4,INT
2026-05-26 23:00:00,42.18683333333333,36.19833333333334,30.963833333333334,30.462962962962965,23.166666666666668,66.03333333333333,970.4283333333333,SITE 4,INT
2026-05-27 00:00:00,41.366,35.397000000000006,30.462333333333333,30.0,22.77777777777778,66.23333333333333,969.7456666666666,SITE 4,INT
2026-05-27 01:00:00,39.561290322580646,33.77596774193549,29.04774193548387,29.928315412186382,22.81362007168459,66.54838709677419,968.7393548387096,SITE 4,INT
2026-05-27 02:00:00,38.400333333333336,32.83933333333333,28.797833333333333,29.25925925925926,21.98148148148148,65.4,967.5733333333334,SITE 4,INT
2026-05-27 03:00:00,40.949333333333335,36.13466666666667,33.01866666666667,28.88888888888889,21.944444444444446,66.8,966.8873333333333,SITE 4,INT
2026-05-27 04:00:00,41.384499999999996,36.436,33.113166666666665,28.88888888888889,22.22222222222222,68.03333333333333,967.0906666666667,SITE 4,INT
2026-05-27 05:00:00,42.436166666666665,36.99933333333333,32.73766666666667,28.85185185185185,22.185185185185183,68.13333333333334,967.4823333333334,SITE 4,INT
2026-05-27 06:00:00,71.24666666666667,66.08066666666667,52.916500000000006,28.87037037037037,22.61111111111111,69.6,968.2086666666667,SITE 4,INT
2026-05-27 07:00:00,99.74833333333332,95.93249999999999,74.111,29.592592592592595,22.98148148148148,68.43333333333334,969.255,SITE 4,INT
2026-05-27 08:00:00,56.23566666666667,50.178666666666665,41.30566666666667,30.61111111111111,22.555555555555554,63.13333333333333,969.653,SITE 4,INT
2026-05-27 09:00:00,41.99333333333333,36.831,33.46333333333333,31.40740740740741,21.88888888888889,57.9,969.931,SITE 4,INT
2026-05-27 10:00:00,39.431666666666665,33.910999999999994,30.41866666666667,32.25925925925926,21.85185185185185,54.833333333333336,969.9093333333333,SITE 4,INT
2026-05-27 11:00:00,37.265,31.683666666666667,28.266166666666667,32.98148148148148,22.055555555555554,52.93333333333333,969.441,SITE 4,INT
2026-05-27 12:00:00,37.397166666666664,31.6825,29.064,34.074074074074076,21.925925925925927,49.46666666666667,968.6893333333334,SITE 4,INT
2026-05-27 13:00:00,38.501999999999995,32.751333333333335,30.11,35.01851851851852,21.592592592592595,45.9,967.7996666666666,SITE 4,INT
2026-05-27 14:00:00,38.51983333333333,32.80833333333333,30.307666666666666,35.87037037037037,21.296296296296298,43.166666666666664,966.8346666666667,SITE 4,INT
2026-05-27 15:00:00,38.22983333333333,32.51233333333333,29.728,36.81481481481482,20.962962962962965,40.13333333333333,966.136,SITE 4,INT
2026-05-27 16:00:00,39.27133333333333,33.499,30.50883333333333,37.11111111111111,20.61111111111111,38.6,965.8043333333334,SITE 4,INT
2026-05-27 17:00:00,43.92583333333334,38.32449999999999,33.775999999999996,36.18518518518519,20.462962962962965,40.233333333333334,965.9336666666666,SITE 4,INT
2026-05-27 18:00:00,67.16516666666666,61.554833333333335,49.0595,34.75925925925926,21.0,45.233333333333334,966.3136666666667,SITE 4,INT
2026-05-27 19:00:00,73.89566666666666,68.20783333333333,54.813833333333335,34.01851851851852,21.685185185185183,49.13333333333333,967.1686666666667,SITE 4,INT
2026-05-27 20:00:00,81.07683333333333,75.79316666666666,59.81366666666667,33.75925925925926,22.185185185185183,51.266666666666666,967.8786666666667,SITE 4,INT
2026-05-27 21:00:00,59.339166666666664,54.175,44.6545,33.31481481481482,22.296296296296298,53.3,968.8243333333334,SITE 4,INT
2026-05-27 22:00:00,58.445,53.176034482758624,43.9751724137931,32.95019157088123,22.52873563218391,54.724137931034484,969.1927586206897,SITE 4,INT
2026-05-27 23:00:00,44.36816666666667,39.2735,34.72383333333333,31.444444444444446,22.35185185185185,58.53333333333333,968.9546666666666,SITE 4,INT
2026-05-28 00:00:00,43.43516666666667,38.1835,34.18966666666667,31.462962962962965,22.51851851851852,59.0,968.1746666666667,SITE 4,INT
2026-05-28 01:00:00,38.4455,32.936166666666665,28.314,30.185185185185183,21.833333333333332,61.53333333333333,967.4143333333334,SITE 4,INT
2026-05-28 02:00:00,40.70066666666666,35.09066666666667,30.306166666666666,29.88888888888889,21.98148148148148,63.06666666666667,966.9476666666667,SITE 4,INT
2026-05-28 03:00:00,40.29516666666667,34.63133333333334,30.228666666666665,29.444444444444446,22.09259259259259,65.03333333333333,967.3453333333333,SITE 4,INT
2026-05-28 04:00:00,40.58266666666667,34.92883333333334,30.880666666666666,29.27777777777778,22.09259259259259,66.03333333333333,967.6906666666667,SITE 4,INT
2026-05-28 05:00:00,41.254333333333335,35.555166666666665,31.498333333333335,29.25925925925926,22.11111111111111,66.2,968.0593333333333,SITE 4,INT
2026-05-28 06:00:00,45.74083333333333,40.324666666666666,34.96666666666667,29.351851851851855,22.12962962962963,66.13333333333334,968.5143333333333,SITE 4,INT
2026-05-28 07:00:00,43.8085,38.2785,33.8025,29.388888888888893,22.166666666666668,65.96666666666667,968.9303333333334,SITE 4,INT
2026-05-28 08:00:00,42.80116666666667,37.079166666666666,32.29383333333333,29.77777777777778,22.38888888888889,65.33333333333333,969.3233333333334,SITE 4,INT
2026-05-28 09:00:00,42.79716666666666,37.13366666666666,32.07983333333333,30.64814814814815,22.61111111111111,62.93333333333333,969.75,SITE 4,INT
2026-05-28 10:00:00,42.5395,36.99366666666666,32.776666666666664,31.87037037037037,22.740740740740744,58.9,969.5110000000001,SITE 4,INT
2026-05-28 11:00:00,41.619,35.917833333333334,31.734666666666666,33.24074074074074,22.64814814814815,54.03333333333333,969.0699999999999,SITE 4,INT
2026-05-28 12:00:00,41.151833333333336,35.41566666666667,31.68883333333333,34.592592592592595,22.555555555555554,50.06666666666667,968.3486666666666,SITE 4,INT
2026-05-28 13:00:00,33.79066666666667,29.801333333333332,26.195333333333334,35.48148148148149,22.055555555555554,46.2,967.5846666666667,SITE 4,INT
2026-05-28 14:00:00,42.434999999999995,36.8845,33.294666666666664,36.40740740740741,22.074074074074076,44.06666666666667,966.8383333333334,SITE 4,INT
2026-05-28 15:00:00,43.361,37.88916666666667,34.024,37.44444444444444,21.5,40.0,965.638,SITE 4,INT
2026-05-28 16:00:00,45.596000000000004,40.277166666666666,35.300333333333334,37.74074074074074,21.01851851851852,38.1,964.9236666666667,SITE 4,INT
2026-05-28 17:00:00,50.96322580645161,45.611935483870965,38.56354838709677,35.645161290322584,21.14695340501792,43.41935483870968,965.0506451612903,SITE 4,INT
2026-05-28 18:00:00,51.73133333333333,46.49583333333333,38.93733333333333,33.092592592592595,21.462962962962965,50.8,966.2520000000001,SITE 4,INT
2026-05-28 19:00:00,51.62883333333333,46.14066666666667,38.54816666666667,32.351851851851855,21.24074074074074,52.266666666666666,967.0300000000001,SITE 4,INT
2026-05-28 20:00:00,46.70716666666667,40.97033333333333,34.972,32.22222222222222,21.11111111111111,52.06666666666667,967.937,SITE 4,INT
2026-05-28 21:00:00,47.81783333333333,42.508,36.334500000000006,31.796296296296298,21.314814814814817,54.36666666666667,968.14,SITE 4,INT
2026-05-28 22:00:00,43.73166666666667,38.144666666666666,33.36066666666667,31.462962962962965,21.12962962962963,54.93333333333333,968.8913333333334,SITE 4,INT
2026-05-28 23:00:00,39.44016666666666,33.54633333333333,28.525,31.03703703703704,21.24074074074074,56.233333333333334,968.9733333333334,SITE 4,INT
2026-05-29 00:00:00,36.13516666666667,30.660166666666665,25.988666666666667,30.555555555555557,20.944444444444446,57.233333333333334,968.6389999999999,SITE 4,INT
2026-05-29 01:00:00,38.80816666666667,32.936166666666665,27.993166666666664,30.518518518518523,21.796296296296298,60.56666666666667,968.1266666666667,SITE 4,INT
2026-05-29 02:00:00,39.344166666666666,33.45816666666666,28.523500000000002,30.37037037037037,22.037037037037035,61.833333333333336,967.8276666666666,SITE 4,INT
2026-05-29 03:00:00,41.66383333333333,35.493500000000004,29.9355,29.98148148148148,21.574074074074076,61.666666666666664,968.3343333333333,SITE 4,INT
2026-05-29 04:00:00,38.49033333333333,33.10333333333333,30.187,29.11111111111111,20.85185185185185,62.1,968.6593333333333,SITE 4,INT
2026-05-29 05:00:00,38.085166666666666,32.611666666666665,29.596166666666665,28.87037037037037,21.09259259259259,63.2,968.9133333333334,SITE 4,INT
2026-05-29 06:00:00,40.70666666666667,34.762166666666666,30.826833333333337,28.740740740740744,21.40740740740741,65.2,969.2236666666666,SITE 4,INT
2026-05-29 07:00:00,39.9085,34.008,30.008166666666668,29.185185185185183,21.703703703703702,64.66666666666667,969.7806666666667,SITE 4,INT
2026-05-29 08:00:00,36.8865,31.011166666666668,26.302000000000003,29.98148148148148,21.85185185185185,62.63333333333333,970.3203333333333,SITE 4,INT
2026-05-29 09:00:00,40.53916666666667,34.39533333333333,29.205166666666667,30.944444444444446,21.796296296296298,58.666666666666664,970.4553333333333,SITE 4,INT
2026-05-29 10:00:00,53.75066666666667,48.022666666666666,39.952,31.703703703703702,21.814814814814817,56.233333333333334,970.3893333333333,SITE 4,INT
2026-05-29 11:00:00,45.904,39.65866666666667,33.597833333333334,32.611111111111114,21.703703703703702,53.3,970.1043333333333,SITE 4,INT
2026-05-29 12:00:00,40.334500000000006,34.15233333333333,29.426166666666667,33.50000000000001,21.98148148148148,51.4,969.4693333333333,SITE 4,INT
2026-05-29 13:00:00,39.98833333333334,33.72633333333333,29.3995,34.42592592592593,21.962962962962965,48.9,968.6229999999999,SITE 4,INT
2026-05-29 14:00:00,40.43533333333333,34.20483333333333,30.049666666666667,35.148148148148145,22.203703703703702,47.43333333333333,967.7733333333333,SITE 4,INT
2026-05-29 15:00:00,40.29533333333333,34.20466666666667,30.267999999999997,35.833333333333336,22.074074074074073,45.3,967.2106666666666,SITE 4,INT
2026-05-29 16:00:00,44.2215,38.379333333333335,33.5555,34.92592592592593,22.0,47.5,967.1176666666667,SITE 4,INT
2026-05-29 17:00:00,48.67883333333334,43.344166666666666,37.33416666666667,33.851851851851855,22.0,50.4,967.207,SITE 4,INT
2026-05-29 18:00:00,58.31933333333333,52.6975,43.36083333333333,33.53703703703704,22.64814814814815,53.0,967.751,SITE 4,INT
2026-05-29 19:00:00,62.4808064516129,56.585,45.84306451612903,33.333333333333336,22.77777777777778,54.41935483870968,968.3925806451613,SITE 4,INT
2026-05-29 20:00:00,61.09166666666667,54.959500000000006,44.594166666666666,32.7962962962963,22.685185185185183,55.6,969.0393333333334,SITE 4,INT
2026-05-29 21:00:00,54.9205,48.809333333333335,40.156,32.77777777777778,22.62962962962963,55.63333333333333,969.381,SITE 4,INT
2026-05-29 22:00:00,49.897,43.845666666666666,36.962833333333336,32.407407407407405,22.444444444444446,56.233333333333334,969.5623333333333,SITE 4,INT
2026-05-29 23:00:00,50.81933333333333,45.53066666666667,38.80683333333333,31.796296296296298,22.35185185185185,57.86666666666667,969.6373333333333,SITE 4,INT
2026-05-30 00:00:00,44.893166666666666,38.94283333333333,33.47766666666667,31.12962962962963,22.314814814814817,59.96666666666667,969.328,SITE 4,INT
2026-05-30 01:00:00,48.7065,42.75216666666667,35.781666666666666,31.03703703703704,22.425925925925927,60.56666666666667,968.5830000000001,SITE 4,INT
2026-05-30 02:00:00,44.89566666666666,38.728500000000004,33.0795,30.851851851851855,22.35185185185185,61.46666666666667,967.7913333333332,SITE 4,INT
2026-05-30 03:00:00,46.879333333333335,40.85216666666667,34.583,30.5,22.555555555555554,63.56666666666667,967.597,SITE 4,INT
2026-05-30 04:00:00,48.533166666666666,42.57366666666667,35.66466666666667,30.0,22.703703703703702,65.3,967.7806666666667,SITE 4,INT
2026-05-30 05:00:00,50.841499999999996,44.853500000000004,37.30116666666667,29.98148148148148,22.75925925925926,66.0,968.0759999999999,SITE 4,INT
2026-05-30 06:00:00,77.60133333333333,71.28833333333334,54.27733333333333,30.074074074074073,22.85185185185185,66.2,968.3576666666667,SITE 4,INT
2026-05-30 07:00:00,55.81283333333333,49.2935,40.178,30.740740740740744,22.61111111111111,62.56666666666667,968.5949999999999,SITE 4,INT
2026-05-30 08:00:00,47.27316666666666,41.439499999999995,35.23916666666666,31.88888888888889,22.537037037037035,58.333333333333336,968.8266666666666,SITE 4,INT
2026-05-30 09:00:00,42.87733333333333,36.77066666666666,31.976499999999998,32.92592592592593,22.537037037037035,54.8,969.0419999999999,SITE 4,INT
2026-05-30 10:00:00,44.105000000000004,38.15116666666667,33.529666666666664,33.851851851851855,21.962962962962965,50.4,968.865,SITE 4,INT
2026-05-30 11:00:00,42.70783333333334,36.734500000000004,32.52816666666667,34.98148148148148,22.055555555555554,47.46666666666667,968.5243333333333,SITE 4,INT
2026-05-30 12:00:00,46.492333333333335,41.10216666666667,35.772166666666664,36.12962962962963,22.166666666666668,44.833333333333336,968.175,SITE 4,INT
2026-05-30 13:00:00,46.05816666666667,40.95816666666666,36.024833333333326,36.70370370370371,22.12962962962963,43.233333333333334,967.3016666666666,SITE 4,INT
2026-05-30 14:00:00,47.219,42.07716666666667,36.50633333333334,37.92592592592593,22.01851851851852,40.233333333333334,966.2896666666667,SITE 4,INT
2026-05-30 15:00:00,44.760999999999996,39.2465,34.367666666666665,38.592592592592595,21.462962962962965,37.36666666666667,965.2886666666667,SITE 4,INT
2026-05-30 16:00:00,45.199,39.93633333333333,34.93516666666667,38.38888888888889,20.87037037037037,36.5,964.5653333333333,SITE 4,INT
2026-05-30 17:00:00,53.531333333333336,48.0895,40.00483333333333,36.777777777777786,21.0,40.2,964.3623333333333,SITE 4,INT
2026-05-30 18:00:00,66.066,60.07383333333333,48.330000000000005,35.68518518518519,22.25925925925926,46.266666666666666,964.9300000000001,SITE 4,INT
2026-05-30 19:00:00,61.178666666666665,55.957166666666666,45.84733333333334,34.7037037037037,22.055555555555554,48.1,965.8216666666667,SITE 4,INT
2026-05-30 20:00:00,53.62233333333334,48.62566666666667,40.32866666666667,34.38888888888889,20.64814814814815,45.03333333333333,966.3483333333334,SITE 4,INT
2026-05-30 21:00:00,56.79366666666667,51.2125,42.221000000000004,34.31481481481481,20.537037037037035,44.8,967.2090000000001,SITE 4,INT
2026-05-30 22:00:00,50.539,45.030166666666666,38.28416666666667,33.48148148148149,20.14814814814815,45.86666666666667,967.5833333333334,SITE 4,INT
2026-05-30 23:00:00,49.415,44.07266666666667,37.68116666666666,33.2962962962963,21.75925925925926,51.233333333333334,968.491,SITE 4,INT
2026-05-31 00:00:00,43.206,36.57,31.5275,27.75925925925926,19.740740740740744,63.03333333333333,970.3629999999999,SITE 4,INT
2026-05-31 01:00:00,35.54344827586207,29.762931034482758,26.884310344827586,26.26436781609195,19.731800766283527,67.79310344827586,968.9106896551724,SITE 4,INT
2026-05-31 02:00:00,35.130833333333335,29.599666666666668,26.351999999999997,27.03703703703704,19.814814814814817,64.86666666666666,969.432,SITE 4,INT
2026-05-31 03:00:00,37.152166666666666,31.49416666666667,28.597166666666666,27.296296296296298,20.074074074074073,65.43333333333334,969.1763333333333,SITE 4,INT
2026-05-31 04:00:00,37.2395,31.139333333333333,28.5555,27.722222222222225,20.53703703703704,66.03333333333333,967.785,SITE 4,INT
2026-05-31 05:00:00,39.15383333333333,32.8885,29.32266666666667,26.851851851851855,20.425925925925927,68.1,967.454,SITE 4,INT
2026-05-31 06:00:00,40.92933333333333,34.788000000000004,30.964166666666664,26.37037037037037,20.222222222222225,69.53333333333333,967.3836666666666,SITE 4,INT
2026-05-31 07:00:00,45.964000000000006,39.87616666666667,35.618833333333335,25.388888888888893,19.85185185185185,72.4,967.747,SITE 4,INT
2026-05-31 08:00:00,45.2205,38.94883333333333,34.242,26.092592592592595,20.222222222222225,70.86666666666666,968.2946666666667,SITE 4,INT
2026-05-31 09:00:00,45.475166666666674,39.98383333333334,35.28866666666667,27.77777777777778,20.62962962962963,65.86666666666666,968.4276666666667,SITE 4,INT
2026-05-31 10:00:00,41.79966666666667,35.81633333333333,31.462666666666667,29.314814814814817,21.074074074074073,61.63333333333333,968.507,SITE 4,INT
2026-05-31 11:00:00,38.23866666666667,32.24966666666667,27.551666666666666,30.944444444444446,21.333333333333332,57.233333333333334,968.2396666666666,SITE 4,INT
2026-05-31 12:00:00,52.08133333333333,46.03916666666667,36.977999999999994,32.833333333333336,22.0,53.36666666666667,967.827,SITE 4,INT
2026-05-31 13:00:00,43.15016666666667,38.07333333333334,34.327,34.44444444444444,21.925925925925927,48.766666666666666,967.0723333333333,SITE 4,INT
2026-05-31 14:00:00,41.940333333333335,36.152833333333334,32.4105,35.333333333333336,20.796296296296298,43.266666666666666,966.2716666666668,SITE 4,INT
2026-05-31 15:00:00,38.763333333333335,32.742666666666665,29.816,36.22222222222222,21.092592592592595,41.833333333333336,965.5726666666667,SITE 4,INT
2026-05-31 16:00:00,40.339666666666666,34.47566666666667,31.2655,36.38888888888889,20.740740740740744,40.5,965.475,SITE 4,INT
2026-05-31 17:00:00,45.782000000000004,40.232499999999995,35.19583333333333,35.12962962962963,21.203703703703702,44.53333333333333,965.6003333333334,SITE 4,INT
2026-05-31 18:00:00,48.98733333333333,44.440000000000005,39.05566666666667,34.24074074074074,21.574074074074073,48.03333333333333,966.1803333333334,SITE 4,INT
2026-05-31 19:00:00,73.98933333333333,68.18916666666667,55.468833333333336,33.88888888888889,22.444444444444446,51.7,967.0426666666666,SITE 4,INT
2026-05-31 20:00:00,76.40249999999999,71.143,56.576,33.148148148148145,22.62962962962963,54.56666666666667,967.5526666666667,SITE 4,INT
2026-05-31 21:00:00,47.56133333333333,42.27883333333333,36.43566666666666,32.22222222222222,22.22222222222222,55.96666666666667,968.0849999999999,SITE 4,INT
2026-05-31 22:00:00,45.166000000000004,40.13533333333333,35.51883333333333,31.944444444444446,21.944444444444446,56.2,968.1946666666666,SITE 4,INT
2026-05-31 23:00:00,43.6335,39.20283333333334,35.68116666666666,31.592592592592595,21.740740740740744,56.53333333333333,967.9443333333334,SITE 4,INT
2026-06-01 00:00:00,38.41016666666667,32.535,28.48616666666667,30.40740740740741,21.61111111111111,59.96666666666667,967.5143333333333,SITE 4,INT
2026-06-01 01:00:00,39.22677419354839,33.307096774193546,29.36241935483871,29.6415770609319,21.666666666666668,62.83870967741935,967.1716129032258,SITE 4,INT
2026-06-01 02:00:00,39.619,33.751333333333335,30.355999999999998,29.296296296296298,21.574074074074076,64.16666666666667,966.8403333333333,SITE 4,INT
2026-06-01 03:00:00,40.45603448275862,35.23896551724138,32.48551724137931,28.812260536398465,21.590038314176244,65.58620689655173,966.2831034482758,SITE 4,INT
2026-06-01 04:00:00,40.68116666666666,35.26933333333333,32.50783333333333,28.48148148148148,21.62962962962963,67.2,966.3473333333333,SITE 4,INT
2026-06-01 05:00:00,47.660999999999994,44.36183333333334,41.090333333333334,27.77777777777778,21.27777777777778,68.66666666666667,966.7513333333334,SITE 4,INT
2026-06-01 06:00:00,51.9125,49.65833333333333,45.49666666666667,27.77777777777778,21.22222222222222,68.5,967.2723333333332,SITE 4,INT
2026-06-01 07:00:00,44.8695,40.42333333333333,36.306000000000004,28.555555555555557,21.555555555555557,66.53333333333333,967.6986666666667,SITE 4,INT
2026-06-01 08:00:00,44.0655,38.210166666666666,33.401500000000006,29.98148148148148,21.944444444444446,62.733333333333334,968.0400000000001,SITE 4,INT
2026-06-01 09:00:00,39.549,33.61216666666667,29.591833333333334,31.444444444444446,21.85185185185185,57.233333333333334,968.3833333333333,SITE 4,INT
2026-06-01 10:00:00,41.548,35.65933333333333,31.21483333333333,32.648148148148145,21.907407407407405,53.666666666666664,968.6080000000001,SITE 4,INT
2026-06-01 11:00:00,40.467666666666666,34.5575,29.9005,33.75925925925926,21.925925925925927,50.3,968.3566666666667,SITE 4,INT
2026-06-01 12:00:00,40.21116666666667,34.32416666666666,30.68,34.88888888888889,22.333333333333332,48.666666666666664,967.9546666666666,SITE 4,INT
2026-06-01 13:00:00,40.01366666666667,34.00483333333333,30.413666666666664,35.92592592592593,22.166666666666668,45.4,967.3173333333333,SITE 4,INT
2026-06-01 14:00:00,43.48266666666667,37.55683333333333,33.367333333333335,36.12962962962963,22.203703703703702,45.03333333333333,966.6653333333333,SITE 4,INT
2026-06-01 15:00:00,40.37883333333333,34.383,30.860500000000002,37.38888888888889,22.87037037037037,43.7,966.0643333333334,SITE 4,INT
2026-06-01 16:00:00,42.65233333333333,37.25566666666667,33.55583333333333,38.333333333333336,22.75925925925926,41.2,965.491,SITE 4,INT
2026-06-01 17:00:00,42.21666666666667,36.54216666666667,32.904333333333334,37.48148148148149,22.24074074074074,41.8,965.3133333333334,SITE 4,INT
2026-06-01 18:00:00,51.33983333333333,45.080333333333336,37.49783333333333,36.166666666666664,21.722222222222225,43.53333333333333,965.61,SITE 4,INT
2026-06-01 19:00:00,69.67800000000001,63.4455,50.464666666666666,35.166666666666664,23.03703703703704,49.9,966.2536666666667,SITE 4,INT
2026-06-01 20:00:00,66.6985,60.64883333333333,48.892,34.166666666666664,23.314814814814817,53.666666666666664,966.8793333333334,SITE 4,INT
2026-06-01 21:00:00,50.0255,44.21483333333333,37.213166666666666,32.88888888888889,23.092592592592595,56.93333333333333,967.5616666666666,SITE 4,INT
2026-06-01 22:00:00,46.7055,40.64233333333333,34.87233333333334,32.22222222222222,22.51851851851852,57.03333333333333,968.181,SITE 4,INT
2026-06-01 23:00:00,45.33016666666666,40.01983333333333,34.89183333333334,31.75925925925926,22.22222222222222,57.266666666666666,968.6826666666667,SITE 4,INT
2026-06-02 00:00:00,45.25266666666666,40.27516666666667,35.343666666666664,31.074074074074076,21.77777777777778,58.5,968.482,SITE 4,INT
2026-06-02 01:00:00,42.128166666666665,35.919,30.987166666666667,30.12962962962963,21.425925925925927,60.43333333333333,967.7853333333334,SITE 4,INT
2026-06-02 02:00:00,42.91866666666667,37.23566666666667,32.900166666666664,29.61111111111111,21.64814814814815,62.96666666666667,967.222,SITE 4,INT
2026-06-02 03:00:00,41.306333333333335,35.37133333333334,31.645166666666668,29.944444444444446,21.666666666666668,62.166666666666664,966.8306666666666,SITE 4,INT
2026-06-02 04:00:00,42.7185,37.07633333333333,32.853,29.85185185185185,21.796296296296298,62.53333333333333,966.8169999999999,SITE 4,INT
2026-06-02 05:00:00,46.464166666666664,41.54533333333334,36.181666666666665,29.425925925925927,21.64814814814815,64.0,966.6216666666666,SITE 4,INT
2026-06-02 06:00:00,50.343333333333334,46.144666666666666,39.920833333333334,29.444444444444446,21.87037037037037,64.56666666666666,966.8426666666667,SITE 4,INT
2026-06-02 07:00:00,49.91366666666667,45.5075,39.191,29.388888888888893,21.87037037037037,64.9,967.869,SITE 4,INT
2026-06-02 08:00:00,49.50933333333333,45.0015,38.839333333333336,29.592592592592595,22.37037037037037,65.56666666666666,968.9263333333333,SITE 4,INT
2026-06-02 09:00:00,51.531,46.676,39.27766666666666,30.01851851851852,22.703703703703702,65.4,969.4433333333333,SITE 4,INT
2026-06-02 10:00:00,51.42100000000001,46.45116666666667,39.049166666666665,30.592592592592595,22.64814814814815,63.5,969.444,SITE 4,INT
2026-06-02 11:00:00,51.805166666666665,47.04233333333333,39.158,31.518518518518523,22.85185185185185,60.63333333333333,969.3426666666667,SITE 4,INT
2026-06-02 12:00:00,50.42633333333333,44.9645,37.54333333333333,32.77777777777778,23.018518518518523,57.0,969.0003333333333,SITE 4,INT
2026-06-02 13:00:00,44.92616666666667,38.85166666666667,33.251999999999995,34.074074074074076,22.62962962962963,51.93333333333333,968.329,SITE 4,INT
2026-06-02 14:00:00,44.741166666666665,38.912,33.719500000000004,35.22222222222222,22.64814814814815,48.766666666666666,967.7843333333333,SITE 4,INT
2026-06-02 15:00:00,44.91316666666667,38.847166666666666,33.2655,36.38888888888889,22.87037037037037,45.96666666666667,967.2386666666666,SITE 4,INT
2026-06-02 16:00:00,47.015,41.18566666666666,35.28416666666667,36.42592592592593,22.185185185185183,44.06666666666667,966.526,SITE 4,INT
2026-06-02 17:00:00,49.29833333333333,43.461666666666666,36.6285,35.592592592592595,22.14814814814815,46.03333333333333,966.6323333333333,SITE 4,INT
2026-06-02 18:00:00,61.465,55.2045,44.467666666666666,34.7037037037037,22.22222222222222,48.766666666666666,966.9516666666666,SITE 4,INT
2026-06-02 19:00:00,65.49416666666667,59.474666666666664,47.75933333333333,34.12962962962963,23.018518518518523,52.86666666666667,968.1453333333334,SITE 4,INT
2026-06-02 20:00:00,50.62466666666667,44.755833333333335,37.397166666666664,33.03703703703704,22.77777777777778,55.2,968.644,SITE 4,INT
2026-06-02 21:00:00,46.785333333333334,40.97833333333333,35.167,32.77777777777778,22.685185185185183,55.8,969.4536666666667,SITE 4,INT
2026-06-02 22:00:00,51.345333333333336,45.893,38.24033333333333,32.407407407407405,22.87037037037037,57.9,970.0643333333334,SITE 4,INT
2026-06-02 23:00:00,52.54183333333334,48.165333333333336,40.602666666666664,32.05555555555556,22.87037037037037,58.93333333333333,970.0763333333333,SITE 4,INT
2026-06-03 00:00:00,48.382,44.12683333333334,38.02933333333333,31.12962962962963,22.833333333333332,61.9,969.557,SITE 4,INT
2026-06-03 01:00:00,42.1605,36.23166666666667,31.693833333333334,30.333333333333332,22.537037037037035,63.266666666666666,969.2813333333332,SITE 4,INT
2026-06-03 02:00:00,41.93866666666667,35.97566666666667,31.591,30.055555555555554,22.555555555555554,64.6,968.9346666666667,SITE 4,INT
2026-06-03 03:00:00,40.2405,34.82633333333333,31.50766666666667,29.388888888888893,21.592592592592595,63.5,968.8349999999999,SITE 4,INT
2026-06-03 04:00:00,40.96666666666667,36.397666666666666,33.839166666666664,28.685185185185183,21.11111111111111,64.3,968.9073333333333,SITE 4,INT
2026-06-03 05:00:00,39.81216666666667,34.376333333333335,31.947,28.333333333333336,20.592592592592595,63.7,969.1653333333333,SITE 4,INT
2026-06-03 06:00:00,46.38733333333333,42.589166666666664,38.985,27.85185185185185,20.53703703703704,64.83333333333333,969.6463333333334,SITE 4,INT
2026-06-03 07:00:00,45.93327586206897,42.23275862068966,38.53913793103448,27.969348659003835,20.938697318007662,66.44827586206897,970.1224137931034,SITE 4,INT
2026-06-03 08:00:00,45.574333333333335,40.70133333333333,36.078833333333336,29.12962962962963,21.5,64.13333333333334,970.6666666666666,SITE 4,INT
2026-06-03 09:00:00,45.437999999999995,39.58733333333334,34.25,30.62962962962963,21.962962962962965,60.43333333333333,970.804,SITE 4,INT
2026-06-03 10:00:00,45.613166666666665,40.44133333333333,35.748000000000005,32.148148148148145,21.907407407407405,54.93333333333333,970.7013333333333,SITE 4,INT
2026-06-03 11:00:00,41.372,35.31483333333333,30.82316666666667,33.70370370370371,21.88888888888889,50.63333333333333,970.5126666666667,SITE 4,INT
2026-06-03 12:00:00,42.63216666666666,36.6705,32.168,35.18518518518519,22.14814814814815,47.3,969.9336666666667,SITE 4,INT
2026-06-03 13:00:00,42.04816666666667,36.118833333333335,31.923333333333332,36.14814814814815,21.38888888888889,42.93333333333333,969.2506666666667,SITE 4,INT
2026-06-03 14:00:00,46.01233333333333,40.5795,35.727333333333334,37.2962962962963,21.62962962962963,40.833333333333336,968.5603333333333,SITE 4,INT
2026-06-03 15:00:00,57.640166666666666,52.57266666666667,42.81483333333333,38.31481481481482,22.0,39.266666666666666,967.5416666666666,SITE 4,INT
2026-06-03 16:00:00,49.64483333333333,44.49966666666667,37.81166666666666,37.96296296296296,21.814814814814817,39.3,966.7956666666666,SITE 4,INT
2026-06-03 17:00:00,53.573,48.73066666666667,40.74516666666667,36.96296296296296,21.444444444444446,40.96666666666667,966.51,SITE 4,INT
2026-06-03 18:00:00,57.61716666666667,52.0475,42.844833333333334,35.51851851851852,22.0,45.86666666666667,966.7193333333333,SITE 4,INT
2026-06-03 19:00:00,71.5245,65.451,50.124,34.2037037037037,21.87037037037037,48.96666666666667,967.704,SITE 4,INT
2026-06-03 20:00:00,56.81133333333333,51.34216666666667,42.08383333333333,33.62962962962963,22.25925925925926,51.8,968.3516666666667,SITE 4,INT
2026-06-03 21:00:00,50.416612903225804,45.44161290322581,38.60596774193549,32.61648745519713,22.724014336917563,56.67741935483871,968.8364516129033,SITE 4,INT
2026-06-03 22:00:00,48.658,44.21383333333333,38.275333333333336,32.07407407407407,22.796296296296298,58.733333333333334,969.5246666666667,SITE 4,INT
2026-06-03 23:00:00,46.434666666666665,41.61833333333333,36.16466666666667,30.925925925925927,22.77777777777778,62.333333333333336,969.5106666666667,SITE 4,INT
2026-06-04 00:00:00,40.77583333333334,34.820166666666665,30.618333333333332,30.333333333333332,22.703703703703702,64.3,969.2496666666667,SITE 4,INT
2026-06-04 01:00:00,39.95733333333333,34.312,30.865166666666667,29.814814814814817,22.537037037037035,65.0,968.7246666666666,SITE 4,INT
2026-06-04 02:00:00,39.75866666666666,34.29816666666667,31.0035,29.425925925925927,21.64814814814815,63.733333333333334,969.3293333333334,SITE 4,INT
2026-06-04 03:00:00,38.27142857142857,32.9802380952381,30.358809523809523,26.613756613756614,19.92063492063492,67.23809523809524,970.3357142857143,SITE 4,INT
2026-06-04 05:00:00,42.50750000000001,38.035,36.837500000000006,24.444444444444446,20.0,77.5,969.4200000000001,SITE 4,INT
2026-06-04 06:00:00,39.467,33.69716666666667,31.73616666666667,25.98148148148148,19.85185185185185,69.83333333333333,969.7843333333333,SITE 4,INT
2026-06-04 07:00:00,43.25183333333334,37.702666666666666,34.280833333333334,26.703703703703706,19.64814814814815,65.86666666666666,969.9873333333333,SITE 4,INT
2026-06-04 08:00:00,44.648,39.25716666666666,35.564166666666665,26.62962962962963,20.314814814814817,69.1,971.5933333333334,SITE 4,INT
2026-06-04 09:00:00,42.22683333333334,36.56166666666666,33.617333333333335,25.814814814814817,20.12962962962963,71.76666666666667,973.3366666666666,SITE 4,INT
2026-06-04 10:00:00,38.71366666666667,33.1265,31.641000000000002,25.240740740740744,19.85185185185185,72.86666666666666,971.4803333333333,SITE 4,INT
2026-06-04 11:00:00,38.21233333333334,32.431333333333335,30.866,25.666666666666668,19.925925925925927,71.1,969.8009999999999,SITE 4,INT
2026-06-04 12:00:00,40.84766666666667,35.276500000000006,32.41766666666667,26.85185185185185,20.055555555555554,67.16666666666667,969.462,SITE 4,INT
2026-06-04 13:00:00,37.50383333333333,31.92366666666667,30.1335,28.0,20.48148148148148,64.03333333333333,968.7716666666668,SITE 4,INT
2026-06-04 14:00:00,37.10116666666667,31.552666666666664,29.62683333333333,28.888888888888893,20.444444444444446,60.833333333333336,968.6426666666666,SITE 4,INT
2026-06-04 15:00:00,37.405,31.708333333333332,29.351833333333335,29.444444444444446,20.518518518518523,59.4,968.668,SITE 4,INT
2026-06-04 16:00:00,38.56316666666667,32.919333333333334,30.411333333333335,29.425925925925927,20.53703703703704,59.233333333333334,968.1956666666666,SITE 4,INT
2026-06-04 17:00:00,40.07083333333333,34.39233333333333,31.471666666666668,29.222222222222225,20.296296296296298,59.166666666666664,967.91,SITE 4,INT
2026-06-04 18:00:00,41.43933333333334,35.99466666666667,33.016,29.27777777777778,21.314814814814817,63.0,967.7800000000001,SITE 4,INT
2026-06-04 19:00:00,40.571000000000005,35.394666666666666,32.83683333333333,28.88888888888889,21.666666666666668,65.5,968.0173333333333,SITE 4,INT
2026-06-04 20:00:00,45.04833333333333,40.282833333333336,36.541333333333334,28.370370370370374,21.14814814814815,66.0,968.6466666666668,SITE 4,INT
2026-06-04 21:00:00,52.86533333333333,49.70583333333333,44.908500000000004,27.944444444444446,20.796296296296298,65.86666666666666,969.4266666666666,SITE 4,INT
2026-06-04 22:00:00,64.47666666666666,63.482,59.4775,27.240740740740744,20.796296296296298,68.6,969.7213333333333,SITE 4,INT
2026-06-04 23:00:00,50.27033333333333,47.52616666666667,42.78333333333333,27.77777777777778,21.185185185185183,68.63333333333334,969.5243333333333,SITE 4,INT
2026-06-05 00:00:00,53.717999999999996,50.98983333333333,45.76833333333333,27.25925925925926,21.01851851851852,69.7,969.0233333333333,SITE 4,INT
2026-06-05 01:00:00,42.70189655172414,38.87034482758621,36.837758620689655,27.183908045977013,20.727969348659002,68.65517241379311,968.3041379310345,SITE 4,INT
2026-06-05 02:00:00,40.493833333333335,34.96666666666667,32.99816666666666,26.22222222222222,20.48148148148148,71.26666666666667,967.8123333333333,SITE 4,INT
2026-06-05 03:00:00,41.544666666666664,36.089000000000006,33.763,26.14814814814815,20.592592592592595,72.2,967.8080000000001,SITE 4,INT
2026-06-05 04:00:00,44.78224137931034,39.43,36.08362068965517,26.839080459770116,20.862068965517242,70.55172413793103,967.8037931034484,SITE 4,INT
2026-06-05 05:00:00,42.84083333333333,37.377833333333335,34.453833333333336,26.35185185185185,20.53703703703704,70.9,967.7096666666667,SITE 4,INT
2026-06-05 06:00:00,56.90383333333333,52.69133333333333,44.93783333333333,26.90740740740741,20.51851851851852,69.03333333333333,968.0846666666667,SITE 4,INT
2026-06-05 07:00:00,49.73283333333333,46.1415,41.31916666666667,27.61111111111111,20.685185185185183,66.66666666666667,968.6270000000001,SITE 4,INT
2026-06-05 08:00:00,44.01383333333333,38.89333333333333,35.256166666666665,28.5,20.740740740740744,63.3,969.1196666666667,SITE 4,INT
2026-06-05 09:00:00,38.69517241379311,33.10431034482759,30.936896551724136,29.789272030651343,20.383141762452105,57.689655172413794,969.1848275862069,SITE 4,INT
2026-06-05 10:00:00,40.15833333333333,35.59883333333333,33.71233333333333,30.90740740740741,20.333333333333332,53.9,969.0423333333333,SITE 4,INT
2026-06-05 11:00:00,40.95066666666666,37.343666666666664,35.81966666666666,32.18518518518518,21.222222222222225,52.6,968.609,SITE 4,INT
2026-06-05 12:00:00,37.32933333333334,31.9725,30.692833333333333,33.74074074074074,21.5,49.233333333333334,967.8243333333334,SITE 4,INT
2026-06-05 13:00:00,36.39,30.945833333333333,29.790833333333335,34.77777777777778,20.61111111111111,43.96666666666667,967.0226666666666,SITE 4,INT
2026-06-05 14:00:00,35.765499999999996,30.040166666666668,28.715833333333332,35.92592592592593,20.796296296296298,41.63333333333333,966.1223333333334,SITE 4,INT
2026-06-05 15:00:00,36.36482758620689,30.728965517241377,29.432931034482756,36.97318007662835,20.881226053639846,39.55172413793103,965.6520689655173,SITE 4,INT
2026-06-05 16:00:00,37.693666666666665,32.2225,30.56683333333333,37.148148148148145,20.388888888888893,38.03333333333333,965.5763333333333,SITE 4,INT
2026-06-05 17:00:00,38.54883333333333,32.93633333333334,30.875999999999998,36.12962962962963,20.333333333333332,39.96666666666667,965.6246666666667,SITE 4,INT
2026-06-05 18:00:00,61.061,56.719500000000004,47.78916666666667,34.87037037037037,20.666666666666668,43.9,965.8666666666667,SITE 4,INT
2026-06-05 19:00:00,65.49133333333333,60.540499999999994,50.21633333333333,33.96296296296296,21.24074074074074,47.8,966.1456666666667,SITE 4,INT
2026-06-05 20:00:00,55.76344827586207,51.71810344827586,44.37241379310345,33.29501915708813,21.513409961685824,50.62068965517241,966.3599999999999,SITE 4,INT
2026-06-05 21:00:00,52.188833333333335,48.224333333333334,41.393,33.0,21.11111111111111,50.233333333333334,966.7800000000001,SITE 4,INT
2026-06-05 22:00:00,61.874500000000005,57.0875,47.6335,32.648148148148145,21.87037037037037,53.46666666666667,967.2673333333333,SITE 4,INT
2026-06-05 23:00:00,54.4145,52.217,46.11216666666667,31.833333333333332,21.574074074074076,55.36666666666667,967.3553333333333,SITE 4,INT
2026-06-06 00:00:00,50.545,47.82896551724138,42.89448275862069,31.111111111111114,21.666666666666668,57.48275862068966,967.0679310344829,SITE 4,INT
2026-06-06 01:00:00,43.071333333333335,38.873333333333335,35.959666666666664,30.740740740740744,21.592592592592595,59.03333333333333,966.1786666666667,SITE 4,INT
2026-06-06 02:00:00,39.8525,34.55733333333333,32.23433333333333,29.98148148148148,21.64814814814815,62.0,965.865,SITE 4,INT
2026-06-06 03:00:00,41.4405,36.28366666666667,33.498000000000005,29.944444444444446,22.037037037037035,63.266666666666666,965.9599999999999,SITE 4,INT
2026-06-06 04:00:00,41.985517241379306,37.304655172413796,34.56448275862069,29.406130268199234,21.839080459770116,64.58620689655173,966.24,SITE 4,INT
2026-06-06 05:00:00,46.96083333333333,43.707166666666666,40.06333333333334,29.388888888888893,22.166666666666668,65.76666666666667,966.626,SITE 4,INT
2026-06-06 06:00:00,50.308,47.161833333333334,42.00816666666667,28.87037037037037,22.0,66.86666666666666,967.1616666666666,SITE 4,INT
2026-06-06 07:00:00,49.271499999999996,45.75416666666667,40.5995,29.240740740740744,22.14814814814815,66.4,967.7323333333334,SITE 4,INT
2026-06-06 08:00:00,46.13766666666667,41.62916666666667,37.111999999999995,30.11111111111111,22.24074074074074,63.333333333333336,968.1193333333333,SITE 4,INT
2026-06-06 09:00:00,47.94189655172414,44.71086206896552,39.99120689655173,31.360153256704983,22.318007662835246,59.3448275862069,968.583448275862,SITE 4,INT
2026-06-06 10:00:00,45.99433333333333,41.63316666666667,37.176500000000004,32.7962962962963,22.574074074074073,55.333333333333336,968.6659999999999,SITE 4,INT
2026-06-06 11:00:00,45.801,41.73883333333333,37.248666666666665,33.74074074074074,22.833333333333332,53.266666666666666,968.3086666666666,SITE 4,INT
2026-06-06 12:00:00,48.45766666666667,45.22483333333333,42.015,28.77777777777778,20.14814814814815,60.56666666666667,968.796,SITE 4,INT
2026-06-06 13:00:00,46.59866666666667,43.51383333333333,41.0255,28.0,20.462962962962965,64.43333333333334,967.5840000000001,SITE 4,INT
2026-06-06 14:00:00,37.384655172413794,32.299827586206895,30.78103448275862,29.444444444444446,20.99616858237548,60.89655172413793,966.2713793103447,SITE 4,INT
2026-06-06 15:00:00,37.680166666666665,32.841,31.424500000000002,31.074074074074076,21.537037037037035,57.2,965.5433333333333,SITE 4,INT
2026-06-06 16:00:00,45.01716666666666,41.800666666666665,38.26866666666667,31.185185185185187,21.796296296296298,57.766666666666666,965.649,SITE 4,INT
2026-06-06 17:00:00,44.87883333333333,41.12316666666666,37.025999999999996,30.962962962962965,22.037037037037035,59.833333333333336,966.4889999999999,SITE 4,INT
2026-06-06 18:00:00,43.89327586206896,39.34965517241379,35.571724137931035,30.517241379310345,21.762452107279692,60.310344827586206,967.0824137931035,SITE 4,INT
2026-06-06 19:00:00,51.599000000000004,47.437333333333335,41.238166666666665,29.61111111111111,21.666666666666668,62.93333333333333,967.3093333333333,SITE 4,INT
2026-06-06 20:00:00,52.156666666666666,47.98616666666667,41.190666666666665,29.444444444444446,21.77777777777778,64.16666666666667,968.152,SITE 4,INT
2026-06-06 21:00:00,46.54766666666667,42.031333333333336,37.48116666666667,29.444444444444446,21.962962962962965,64.73333333333333,969.003,SITE 4,INT
2026-06-06 22:00:00,58.84293103448276,54.747241379310346,45.69103448275862,29.329501915708814,22.10727969348659,65.17241379310344,969.3155172413793,SITE 4,INT
2026-06-06 23:00:00,88.58850000000001,83.61,66.65,28.77777777777778,21.944444444444446,67.1,969.4726666666667,SITE 4,INT
2026-06-07 00:00:00,47.521,44.03916666666667,39.2535,28.85185185185185,21.87037037037037,66.63333333333334,968.7909999999999,SITE 4,INT
2026-06-07 01:00:00,46.471896551724136,42.89689655172414,38.56844827586207,28.697318007662837,22.03065134099617,68.06896551724138,968.1058620689655,SITE 4,INT
2026-06-07 02:00:00,45.873333333333335,42.108666666666664,38.440333333333335,28.333333333333336,21.666666666666668,68.03333333333333,967.8716666666667,SITE 4,INT
2026-06-07 03:00:00,46.934666666666665,43.9045,40.492666666666665,27.85185185185185,21.425925925925927,68.6,967.6493333333333,SITE 4,INT
2026-06-07 04:00:00,53.23616666666667,51.699333333333335,48.96633333333333,27.75925925925926,21.64814814814815,69.66666666666667,968.047,SITE 4,INT
2026-06-07 05:00:00,57.310172413793104,56.34172413793104,53.01965517241379,27.77777777777778,21.666666666666668,70.0,968.7258620689655,SITE 4,INT
2026-06-07 06:00:00,59.968333333333334,58.71633333333333,54.56166666666666,27.64814814814815,21.203703703703702,68.6,969.322,SITE 4,INT
2026-06-07 07:00:00,63.60216666666667,62.48633333333333,58.04866666666667,27.25925925925926,20.0,64.93333333333334,970.1256666666667,SITE 4,INT
2026-06-07 08:00:00,44.44416666666667,40.09466666666667,37.65466666666667,28.314814814814817,20.01851851851852,61.4,970.6659999999999,SITE 4,INT
2026-06-07 09:00:00,40.13,35.23883333333333,32.869,29.222222222222225,20.222222222222225,59.03333333333333,970.8349999999999,SITE 4,INT
2026-06-07 10:00:00,39.531724137931036,34.39189655172414,32.243793103448276,30.30651340996169,20.325670498084293,55.689655172413794,970.7372413793104,SITE 4,INT
2026-06-07 11:00:00,38.98066666666667,34.07333333333334,32.20133333333333,30.666666666666668,20.296296296296298,54.46666666666667,970.6906666666667,SITE 4,INT
2026-06-07 12:00:00,40.92766666666667,37.61383333333333,35.93633333333333,31.666666666666668,20.722222222222225,52.666666666666664,970.368,SITE 4,INT
2026-06-07 13:00:00,39.1925,34.530499999999996,32.833333333333336,32.648148148148145,21.055555555555554,50.833333333333336,969.618,SITE 4,INT
2026-06-07 14:00:00,40.325172413793105,35.535172413793106,33.32241379310345,33.29501915708813,20.90038314176245,48.6551724137931,968.968275862069,SITE 4,INT
2026-06-07 15:00:00,42.268166666666666,37.856833333333334,35.343833333333336,33.66666666666667,21.055555555555554,47.86666666666667,968.4236666666667,SITE 4,INT
2026-06-07 16:00:00,45.88766666666667,41.42766666666667,37.096333333333334,34.111111111111114,20.98148148148148,46.6,968.1646666666667,SITE 4,INT
2026-06-07 17:00:00,51.38766666666667,47.497499999999995,41.44683333333333,34.01851851851852,20.740740740740744,46.3,968.306,SITE 4,INT
2026-06-07 18:00:00,63.21931034482759,59.18137931034483,49.09379310344828,33.08429118773947,21.130268199233715,50.0,968.7506896551724,SITE 4,INT
2026-06-07 19:00:00,92.06750000000001,86.49666666666667,68.03466666666667,32.48148148148148,21.38888888888889,52.8,969.7476666666666,SITE 4,INT
2026-06-07 20:00:00,77.10833333333333,72.09583333333333,59.450500000000005,32.07407407407407,21.703703703703702,54.733333333333334,970.5943333333333,SITE 4,INT
2026-06-07 21:00:00,65.43883333333333,62.62083333333333,53.958,31.5,21.5,56.06666666666667,971.2576666666666,SITE 4,INT
2026-06-07 22:00:00,49.916935483870965,47.560806451612905,42.90064516129033,30.967741935483875,21.451612903225808,57.54838709677419,971.5390322580645,SITE 4,INT
2026-06-07 23:00:00,43.36666666666667,38.900333333333336,35.46716666666667,29.64814814814815,21.425925925925927,61.96666666666667,971.4503333333334,SITE 4,INT
2026-06-08 00:00:00,40.559666666666665,35.969500000000004,33.769666666666666,29.25925925925926,21.055555555555554,61.7,970.8960000000001,SITE 4,INT
2026-06-08 01:00:00,44.32516666666667,39.60366666666666,35.74816666666666,28.925925925925927,21.185185185185183,63.833333333333336,970.575,SITE 4,INT
2026-06-08 02:00:00,39.920833333333334,34.966833333333334,32.66383333333333,29.185185185185183,21.25925925925926,62.96666666666667,970.2173333333334,SITE 4,INT
2026-06-08 03:00:00,41.30616666666666,36.94233333333333,34.43566666666666,28.740740740740744,20.962962962962965,63.333333333333336,970.1333333333333,SITE 4,INT
2026-06-08 04:00:00,45.94533333333333,41.823,37.917500000000004,28.666666666666668,21.12962962962963,64.5,970.4423333333333,SITE 4,INT
2026-06-08 05:00:00,50.3885,46.83083333333333,41.13433333333333,28.444444444444446,21.22222222222222,65.33333333333333,970.7136666666667,SITE 4,INT
2026-06-08 06:00:00,60.65533333333334,56.8525,47.45816666666666,28.685185185185183,21.462962962962965,65.6,971.3333333333334,SITE 4,INT
2026-06-08 07:00:00,59.155499999999996,55.42666666666666,46.780833333333334,28.87037037037037,21.38888888888889,64.63333333333334,972.005,SITE 4,INT
2026-06-08 08:00:00,51.681000000000004,47.8415,41.56466666666667,29.0,21.64814814814815,64.86666666666666,972.5326666666666,SITE 4,INT
2026-06-08 09:00:00,53.042833333333334,48.366499999999995,41.404333333333334,29.592592592592595,21.703703703703702,63.233333333333334,972.6363333333334,SITE 4,INT
2026-06-08 10:00:00,47.693,42.79233333333333,37.350500000000004,29.833333333333332,21.537037037037035,61.86666666666667,972.5396666666667,SITE 4,INT
2026-06-08 11:00:00,48.56733333333333,44.6725,39.63316666666667,30.77777777777778,21.814814814814817,59.36666666666667,972.0716666666667,SITE 4,INT
2026-06-08 12:00:00,50.58083333333333,49.445,45.7495,31.592592592592595,21.62962962962963,56.1,971.5903333333333,SITE 4,INT
2026-06-08 13:00:00,49.61966666666667,48.3745,44.679833333333335,31.64814814814815,21.444444444444446,55.266666666666666,970.9513333333333,SITE 4,INT
2026-06-08 14:00:00,44.86790322580645,41.44387096774194,38.266935483870974,33.064516129032256,21.684587813620073,51.67741935483871,970.2235483870968,SITE 4,INT
2026-06-08 15:00:00,43.98016666666667,39.575833333333335,36.273,35.333333333333336,21.740740740740744,45.833333333333336,969.327,SITE 4,INT
2026-06-08 16:00:00,43.42966666666667,39.087833333333336,35.911833333333334,35.351851851851855,21.666666666666668,45.266666666666666,968.7653333333333,SITE 4,INT
2026-06-08 17:00:00,44.089666666666666,39.784,36.26266666666667,34.666666666666664,21.12962962962963,45.8,968.5656666666667,SITE 4,INT
2026-06-08 18:00:00,54.39233333333333,51.122499999999995,44.30283333333333,33.25925925925926,21.444444444444446,50.2,968.725,SITE 4,INT
2026-06-08 19:00:00,77.16783333333333,71.75116666666666,58.23766666666666,32.351851851851855,21.35185185185185,52.46666666666667,969.0206666666667,SITE 4,INT
2026-06-08 20:00:00,68.6715,64.50933333333333,54.50383333333333,32.0,21.444444444444446,54.1,969.5973333333334,SITE 4,INT
2026-06-08 21:00:00,51.70666666666667,49.68533333333333,44.4675,31.11111111111111,21.40740740740741,56.9,969.7396666666666,SITE 4,INT
2026-06-08 22:00:00,50.63783333333333,48.77483333333334,54.917,30.90740740740741,21.462962962962965,57.733333333333334,969.9856666666667,SITE 4,INT
2026-06-08 23:00:00,46.57183333333333,42.96033333333333,38.774499999999996,30.425925925925927,21.185185185185183,58.56666666666667,969.8063333333333,SITE 4,INT
2026-06-09 00:00:00,44.274166666666666,40.040499999999994,36.4715,29.98148148148148,21.09259259259259,59.9,969.2909999999999,SITE 4,INT
2026-06-09 01:00:00,42.64366666666667,38.00966666666667,34.885,30.0,21.14814814814815,60.06666666666667,968.8556666666666,SITE 4,INT
2026-06-09 02:00:00,43.552,38.85033333333333,35.18083333333333,29.685185185185183,21.444444444444446,61.86666666666667,968.516,SITE 4,INT
2026-06-09 03:00:00,50.82233333333333,46.79666666666667,40.39383333333333,29.388888888888893,21.740740740740744,63.9,968.5706666666666,SITE 4,INT
2026-06-09 04:00:00,55.36983870967742,51.79790322580645,43.90112903225806,29.39068100358423,22.078853046594983,65.03225806451613,968.8096774193548,SITE 4,INT
2026-06-09 05:00:00,56.03733333333333,52.51583333333333,44.42866666666667,29.14814814814815,21.925925925925927,65.5,969.293,SITE 4,INT
2026-06-09 06:00:00,55.37516666666667,52.32616666666667,44.80016666666667,28.222222222222225,21.685185185185183,68.4,969.4316666666667,SITE 4,INT
2026-06-09 07:00:00,55.751333333333335,52.084833333333336,43.91583333333333,28.240740740740744,22.074074074074073,69.56666666666666,969.5863333333333,SITE 4,INT
2026-06-09 08:00:00,54.426500000000004,50.583666666666666,42.546,29.11111111111111,22.425925925925927,68.03333333333333,969.7433333333333,SITE 4,INT
2026-06-09 09:00:00,50.60166666666667,46.549,39.910666666666664,30.592592592592595,22.592592592592595,62.86666666666667,969.8176666666666,SITE 4,INT
2026-06-09 10:00:00,52.7495,50.82366666666667,44.85966666666666,31.77777777777778,22.592592592592595,58.733333333333334,969.8009999999999,SITE 4,INT
2026-06-09 11:00:00,54.15933333333333,51.376666666666665,44.62083333333333,32.77777777777778,22.555555555555554,55.3,969.677,SITE 4,INT
2026-06-09 12:00:00,49.676034482758624,46.4398275862069,40.821379310344824,33.71647509578544,22.260536398467433,51.58620689655172,969.1386206896552,SITE 4,INT
2026-06-09 13:00:00,56.70461538461538,49.04115384615385,41.473846153846154,27.948717948717952,19.35897435897436,60.53846153846154,970.5938461538461,SITE 4,INT
2026-06-09 18:00:00,55.491956521739134,52.90217391304348,47.18956521739131,27.077294685990342,20.966183574879228,69.91304347826087,967.2417391304349,SITE 4,INT
2026-06-09 19:00:00,51.4483870967742,49.61290322580645,44.54322580645161,28.10035842293907,20.7168458781362,64.96774193548387,967.6729032258065,SITE 4,INT
2026-06-09 20:00:00,51.869166666666665,49.63983333333333,44.31183333333333,27.98148148148148,20.555555555555557,64.73333333333333,968.316,SITE 4,INT
2026-06-09 21:00:00,68.95466666666667,66.91033333333333,58.583999999999996,27.555555555555557,20.85185185185185,67.46666666666667,968.6966666666667,SITE 4,INT
2026-06-09 22:00:00,87.58466666666666,85.9465,78.593,27.222222222222225,20.592592592592595,68.36666666666666,969.1633333333334,SITE 4,INT
2026-06-09 23:00:00,80.2705,79.52383333333334,73.96849999999999,27.000000000000004,20.444444444444446,67.86666666666666,968.816,SITE 4,INT
2026-06-10 00:00:00,72.19166666666666,71.66533333333334,66.59866666666667,27.222222222222225,20.555555555555557,67.33333333333333,968.3340000000001,SITE 4,INT
2026-06-10 01:00:00,80.92183333333334,80.21566666666666,74.13733333333333,26.962962962962965,20.592592592592595,68.66666666666667,968.0066666666667,SITE 4,INT
2026-06-10 02:00:00,76.73466666666667,75.93900000000001,69.40833333333333,27.018518518518523,20.90740740740741,69.8,968.0176666666666,SITE 4,INT
2026-06-10 03:00:00,92.94149999999999,92.288,85.28649999999999,27.222222222222225,21.11111111111111,69.66666666666667,967.8993333333333,SITE 4,INT
2026-06-10 04:00:00,83.11666666666666,82.56649999999999,76.57133333333333,27.222222222222225,21.11111111111111,69.4,968.0930000000001,SITE 4,INT
2026-06-10 05:00:00,80.59283333333333,79.76066666666667,73.29950000000001,27.222222222222225,21.11111111111111,70.0,968.2243333333333,SITE 4,INT
2026-06-10 06:00:00,76.863,75.95566666666667,69.01833333333333,26.870370370370374,20.87037037037037,70.63333333333334,968.598,SITE 4,INT
2026-06-10 07:00:00,78.13000000000001,77.084,70.2585,27.055555555555557,21.037037037037035,70.4,968.9670000000001,SITE 4,INT
2026-06-10 08:00:00,66.98233333333333,65.902,61.13166666666667,27.77777777777778,20.87037037037037,66.9,969.2413333333334,SITE 4,INT
2026-06-10 09:00:00,49.98451612903226,47.35790322580645,42.454032258064515,28.53046594982079,20.860215053763444,63.935483870967744,969.6341935483871,SITE 4,INT
2026-06-10 10:00:00,47.756499999999996,44.24166666666667,39.5045,29.574074074074076,21.296296296296298,61.7,969.4836666666666,SITE 4,INT
2026-06-10 11:00:00,45.054833333333335,40.70666666666667,36.394666666666666,30.888888888888893,21.333333333333332,57.4,969.2026666666667,SITE 4,INT
2026-06-10 12:00:00,44.4705,41.032333333333334,37.6115,32.2962962962963,21.666666666666668,53.86666666666667,968.851,SITE 4,INT
2026-06-10 13:00:00,42.01016666666667,37.07216666666667,33.687333333333335,32.90740740740741,21.666666666666668,52.1,968.2283333333332,SITE 4,INT
2026-06-10 14:00:00,42.85566666666667,37.97183333333333,34.30233333333333,34.05555555555556,21.666666666666668,48.7,967.5923333333334,SITE 4,INT
2026-06-10 15:00:00,42.03283333333333,36.94783333333333,33.30916666666666,34.64814814814815,21.5,46.7,967.0783333333333,SITE 4,INT
2026-06-10 16:00:00,43.794333333333334,38.67433333333334,34.45133333333333,35.092592592592595,21.12962962962963,44.46666666666667,966.6406666666667,SITE 4,INT
2026-06-10 17:00:00,45.823,40.903666666666666,35.85516666666667,34.333333333333336,20.72222222222222,45.53333333333333,966.5153333333333,SITE 4,INT
2026-06-10 18:00:00,72.52033333333334,67.10516666666666,53.461666666666666,33.64814814814815,21.203703703703702,48.666666666666664,966.8053333333334,SITE 4,INT
2026-06-10 19:00:00,84.297,78.08099999999999,61.64483333333333,32.851851851851855,21.72222222222222,52.53333333333333,967.1386666666666,SITE 4,INT
2026-06-10 20:00:00,75.83483333333334,70.38033333333333,57.0765,32.24074074074074,21.796296296296298,54.733333333333334,967.5663333333334,SITE 4,INT
2026-06-10 21:00:00,72.9755,68.20766666666667,56.00083333333334,31.907407407407405,21.833333333333332,56.0,968.3536666666666,SITE 4,INT
2026-06-10 22:00:00,74.98,70.02666666666667,57.25483333333333,31.666666666666668,22.12962962962963,57.666666666666664,968.8126666666667,SITE 4,INT
2026-06-10 23:00:00,64.88258064516128,60.82403225806452,49.92645161290323,31.236559139784948,22.00716845878136,58.54838709677419,968.8835483870968,SITE 4,INT
2026-06-11 00:00:00,53.03183333333333,49.518,41.62,30.851851851851855,21.740740740740744,58.8,968.8016666666666,SITE 4,INT
2026-06-11 01:00:00,51.117,47.09666666666667,39.89816666666666,30.555555555555557,21.85185185185185,60.1,968.6506666666667,SITE 4,INT
2026-06-11 02:00:00,50.31333333333334,46.532000000000004,39.3615,30.055555555555554,22.203703703703702,63.06666666666667,968.3080000000001,SITE 4,INT
2026-06-11 03:00:00,51.343833333333336,47.76866666666667,40.36116666666667,29.88888888888889,22.333333333333332,64.46666666666667,967.9113333333333,SITE 4,INT
2026-06-11 04:00:00,57.0105,53.07516666666667,43.858666666666664,29.425925925925927,22.11111111111111,65.33333333333333,967.636,SITE 4,INT
2026-06-11 05:00:00,57.515499999999996,53.382333333333335,44.4775,29.444444444444446,21.814814814814817,64.16666666666667,967.5373333333333,SITE 4,INT
2026-06-11 06:00:00,56.518,53.05,44.47666666666667,29.074074074074076,21.64814814814815,64.83333333333333,968.1743333333333,SITE 4,INT
2026-06-11 07:00:00,60.853500000000004,57.47483333333333,47.531166666666664,29.444444444444446,22.203703703703702,65.46666666666667,969.3449999999999,SITE 4,INT
2026-06-11 08:00:00,53.329166666666666,50.0495,42.0765,30.12962962962963,22.24074074074074,63.6,969.9913333333334,SITE 4,INT
2026-06-11 09:00:00,54.312,52.00966666666667,44.80266666666667,31.5,22.51851851851852,59.5,970.3756666666667,SITE 4,INT
2026-06-11 10:00:00,51.85316666666667,48.906333333333336,42.347166666666666,32.55555555555556,22.314814814814817,55.13333333333333,969.8026666666667,SITE 4,INT
2026-06-11 11:00:00,50.393,46.60433333333334,39.75833333333333,33.55555555555556,22.11111111111111,51.766666666666666,969.2666666666667,SITE 4,INT
2026-06-11 12:00:00,49.327666666666666,45.47533333333333,39.098166666666664,34.62962962962963,22.0,48.1,968.3413333333334,SITE 4,INT
2026-06-11 13:00:00,46.144,41.4445,35.741499999999995,34.98148148148149,21.574074074074076,46.2,967.61,SITE 4,INT
2026-06-11 14:00:00,46.99,43.48177419354838,41.66096774193549,28.351254480286737,21.27240143369176,66.3225806451613,968.4861290322581,SITE 4,INT
2026-06-11 15:00:00,56.368500000000004,55.3865,52.45683333333333,27.61111111111111,21.5,70.13333333333334,967.7883333333334,SITE 4,INT
2026-06-11 16:00:00,54.82866666666666,52.243833333333335,47.46216666666667,28.166666666666668,21.444444444444446,67.56666666666666,967.168,SITE 4,INT
2026-06-11 17:00:00,75.94166666666666,73.6175,65.6295,27.740740740740744,21.51851851851852,69.7,966.8903333333333,SITE 4,INT
2026-06-11 18:00:00,54.7985,52.21933333333333,45.97383333333333,27.425925925925927,21.666666666666668,71.6,967.3576666666667,SITE 4,INT
2026-06-11 19:00:00,46.478500000000004,42.91416666666667,38.750166666666665,28.462962962962965,21.944444444444446,68.83333333333333,968.0956666666666,SITE 4,INT
2026-06-11 20:00:00,55.08616666666667,51.7855,43.598,28.740740740740744,22.12962962962963,68.76666666666667,968.5546666666667,SITE 4,INT
2026-06-11 21:00:00,46.71783333333334,43.093333333333334,37.982499999999995,28.87037037037037,22.203703703703702,68.13333333333334,968.374,SITE 4,INT
2026-06-11 22:00:00,44.46066666666666,40.425333333333334,36.469,28.88888888888889,22.22222222222222,68.0,968.705,SITE 4,INT
2026-06-11 23:00:00,44.714166666666664,40.66916666666667,36.72,28.333333333333336,21.666666666666668,68.16666666666667,968.5506666666666,SITE 4,INT
2026-06-12 00:00:00,43.82533333333333,39.532000000000004,35.760999999999996,28.333333333333336,21.685185185185183,67.8,968.2096666666667,SITE 4,INT
2026-06-12 01:00:00,55.707166666666666,54.198499999999996,49.681666666666665,27.77777777777778,21.796296296296298,70.53333333333333,968.2466666666667,SITE 4,INT
2026-06-12 02:00:00,51.52333333333333,49.3175,45.16616666666667,27.740740740740744,21.62962962962963,70.2,967.8623333333333,SITE 4,INT
2026-06-12 03:00:00,61.2155,60.04,55.90933333333333,27.77777777777778,21.666666666666668,70.0,967.7643333333333,SITE 4,INT
2026-06-12 04:00:00,69.50616666666666,68.94233333333334,63.78766666666666,27.77777777777778,21.666666666666668,70.26666666666667,968.1183333333333,SITE 4,INT
2026-06-12 05:00:00,68.80183333333333,67.61883333333334,61.954166666666666,27.388888888888893,21.27777777777778,70.33333333333333,968.4816666666667,SITE 4,INT
2026-06-12 06:00:00,81.164,78.99916666666667,70.69533333333334,27.53703703703704,21.425925925925927,70.93333333333334,969.3203333333333,SITE 4,INT
2026-06-12 07:00:00,69.13183333333333,67.73566666666666,60.15533333333334,27.685185185185183,21.685185185185183,70.8,970.047,SITE 4,INT
2026-06-12 08:00:00,57.65433333333333,55.62933333333333,49.001666666666665,28.203703703703706,21.740740740740744,68.96666666666667,970.5110000000001,SITE 4,INT
2026-06-12 09:00:00,50.96,47.42716666666667,41.57233333333333,28.814814814814817,21.90740740740741,66.73333333333333,970.9123333333333,SITE 4,INT
2026-06-12 10:00:00,46.845,42.12133333333334,37.20133333333333,29.77777777777778,21.833333333333332,62.7,970.9093333333333,SITE 4,INT
2026-06-12 11:00:00,44.2555,39.282333333333334,35.06466666666667,30.14814814814815,21.796296296296298,61.6,970.5759999999999,SITE 4,INT
2026-06-12 12:00:00,49.535666666666664,47.05016666666666,42.265499999999996,31.444444444444446,22.166666666666668,58.333333333333336,970.0476666666667,SITE 4,INT
2026-06-12 13:00:00,50.14233333333333,47.82683333333333,42.376999999999995,32.27777777777778,22.27777777777778,56.06666666666667,969.5443333333334,SITE 4,INT
2026-06-12 14:00:00,47.2725,43.56933333333333,38.33233333333333,33.574074074074076,22.666666666666668,53.4,968.9033333333333,SITE 4,INT
2026-06-12 15:00:00,49.75783333333334,45.72383333333333,39.42966666666667,34.833333333333336,22.574074074074073,49.3,968.158,SITE 4,INT
2026-06-12 16:00:00,52.81783333333333,48.924499999999995,41.254333333333335,34.53703703703704,22.185185185185183,49.1,967.9110000000001,SITE 4,INT
2026-06-12 17:00:00,53.7215,50.44616666666666,42.674499999999995,34.03703703703704,22.12962962962963,50.06666666666667,967.982,SITE 4,INT
2026-06-12 18:00:00,71.63366666666667,66.94166666666666,53.623666666666665,33.333333333333336,22.425925925925927,53.4,968.3056666666666,SITE 4,INT
2026-06-12 19:00:00,113.075,108.54516666666667,80.07833333333333,32.77777777777778,23.27777777777778,58.1,969.0546666666667,SITE 4,INT
2026-06-12 20:00:00,100.6916129032258,97.31612903225808,74.18483870967742,32.02508960573477,22.688172043010756,58.70967741935484,969.7438709677419,SITE 4,INT
2026-06-12 21:00:00,49.083999999999996,45.0015,38.416666666666664,30.48148148148148,22.444444444444446,62.8,970.4490000000001,SITE 4,INT
2026-06-12 22:00:00,45.81616666666666,40.868500000000004,35.193999999999996,30.0,22.24074074074074,64.16666666666667,970.8960000000001,SITE 4,INT
2026-06-12 23:00:00,47.43033333333334,42.6715,36.397333333333336,29.962962962962965,22.12962962962963,63.666666666666664,970.9863333333334,SITE 4,INT
2026-06-13 00:00:00,43.91683333333333,38.758500000000005,33.67333333333333,29.98148148148148,21.055555555555557,59.46666666666667,970.5126666666667,SITE 4,INT
2026-06-13 01:00:00,44.672333333333334,39.647666666666666,34.53916666666667,29.685185185185183,21.51851851851852,61.93333333333333,969.7810000000001,SITE 4,INT
2026-06-13 02:00:00,44.066500000000005,39.17133333333334,34.361,29.444444444444446,21.666666666666668,63.833333333333336,969.2846666666667,SITE 4,INT
2026-06-13 03:00:00,43.9035,39.058166666666665,34.232166666666664,29.444444444444446,21.666666666666668,64.16666666666667,968.9523333333333,SITE 4,INT
2026-06-13 04:00:00,47.54683333333333,43.461,37.2315,29.388888888888893,22.11111111111111,65.93333333333334,969.2563333333333,SITE 4,INT
2026-06-13 05:00:00,60.128,56.2045,46.29266666666667,29.222222222222225,22.314814814814817,67.06666666666666,969.5456666666666,SITE 4,INT
2026-06-13 06:00:00,76.87816666666666,71.33433333333332,56.855333333333334,29.314814814814817,22.62962962962963,67.4,970.3563333333333,SITE 4,INT
2026-06-13 07:00:00,57.541000000000004,53.76133333333334,44.67066666666666,29.592592592592595,22.38888888888889,66.36666666666666,970.503,SITE 4,INT
2026-06-13 08:00:00,52.89266666666666,48.99583333333333,40.92516666666667,29.833333333333332,22.61111111111111,65.73333333333333,970.8956666666667,SITE 4,INT
2026-06-13 09:00:00,51.18183333333333,47.11366666666667,39.56583333333333,30.5,22.685185185185183,64.03333333333333,970.935,SITE 4,INT
2026-06-13 10:00:00,54.96933333333333,53.1875,46.5585,31.722222222222225,23.240740740740744,61.3,970.7623333333333,SITE 4,INT
2026-06-13 11:00:00,47.36516666666667,43.64416666666667,38.0375,32.77777777777778,23.11111111111111,57.56666666666667,970.8583333333333,SITE 4,INT
2026-06-13 12:00:00,46.96783333333334,43.11933333333333,37.805166666666665,33.92592592592593,22.925925925925927,53.333333333333336,970.6323333333333,SITE 4,INT
2026-06-13 13:00:00,46.373387096774195,42.436290322580646,37.33790322580645,34.73118279569893,22.77777777777778,50.32258064516129,969.6032258064516,SITE 4,INT
2026-06-13 14:00:00,47.481833333333334,43.44466666666666,37.847166666666666,35.333333333333336,22.685185185185183,48.46666666666667,968.134,SITE 4,INT
2026-06-13 15:00:00,51.1835,47.905833333333334,41.44533333333334,35.12962962962963,22.703703703703702,49.1,967.2523333333334,SITE 4,INT
2026-06-13 16:00:00,56.437413793103445,53.17879310344827,44.91275862068966,32.35632183908046,21.513409961685824,53.310344827586206,967.6755172413793,SITE 4,INT
2026-06-13 17:00:00,52.41795454545454,48.22772727272727,41.05340909090909,29.292929292929294,21.666666666666668,64.04545454545455,968.2963636363637,SITE 4,INT
2026-06-13 18:00:00,42.913333333333334,37.844500000000004,34.336,28.64814814814815,20.51851851851852,62.2,969.0406666666667,SITE 4,INT
2026-06-13 19:00:00,45.364333333333335,40.719166666666666,36.535833333333336,28.092592592592595,21.0,65.96666666666667,971.591,SITE 4,INT
2026-06-13 20:00:00,41.4235,36.14633333333334,32.892833333333336,28.166666666666668,21.37037037037037,67.06666666666666,972.5933333333334,SITE 4,INT
2026-06-13 21:00:00,37.6645,32.32233333333333,30.709333333333333,28.333333333333336,21.666666666666668,67.06666666666666,972.85,SITE 4,INT
2026-06-13 22:00:00,37.026666666666664,31.463166666666666,29.623833333333334,28.703703703703702,21.5,65.8,972.559,SITE 4,INT
2026-06-13 23:00:00,40.42086206896551,35.68672413793103,33.40827586206897,28.218390804597703,21.532567049808428,67.82758620689656,971.7731034482758,SITE 4,INT
2026-06-14 00:00:00,44.033166666666666,40.832,38.128166666666665,27.592592592592595,21.37037037037037,69.9,970.4196666666667,SITE 4,INT
2026-06-14 01:00:00,40.32083333333333,35.96633333333333,34.188833333333335,27.333333333333336,21.092592592592595,69.0,969.0183333333333,SITE 4,INT
2026-06-14 02:00:00,42.20733333333333,38.710166666666666,36.97633333333333,27.222222222222225,21.11111111111111,70.0,968.275,SITE 4,INT
2026-06-14 03:00:00,53.22233333333334,52.1215,50.28933333333334,27.203703703703706,21.09259259259259,70.16666666666667,968.1323333333333,SITE 4,INT
2026-06-14 04:00:00,69.93935483870968,69.6182258064516,66.26887096774193,27.20430107526882,21.093189964157705,70.64516129032258,968.4683870967742,SITE 4,INT
2026-06-14 05:00:00,79.63216666666668,79.29083333333332,75.49050000000001,27.203703703703706,20.944444444444446,69.36666666666666,968.87,SITE 4,INT
2026-06-14 06:00:00,90.6015,90.09383333333334,85.35633333333334,27.203703703703706,20.833333333333332,68.73333333333333,969.5133333333334,SITE 4,INT
2026-06-14 07:00:00,82.04666666666667,81.364,76.46233333333333,27.222222222222225,20.555555555555557,68.1,970.369,SITE 4,INT
2026-06-14 08:00:00,58.26116666666667,55.333,50.86749999999999,27.77777777777778,20.796296296296298,66.16666666666667,970.8073333333334,SITE 4,INT
2026-06-14 09:00:00,41.72266666666667,36.61233333333333,33.91583333333333,28.444444444444446,20.796296296296298,63.833333333333336,971.546,SITE 4,INT
2026-06-14 10:00:00,38.44133333333333,32.973,30.8675,28.90740740740741,20.77777777777778,61.93333333333333,971.7933333333333,SITE 4,INT
2026-06-14 11:00:00,39.79233333333333,34.38616666666667,31.947,29.40740740740741,20.944444444444446,60.86666666666667,971.797,SITE 4,INT
2026-06-14 12:00:00,38.41766666666667,32.82233333333333,30.743333333333332,30.12962962962963,21.22222222222222,59.63333333333333,971.461,SITE 4,INT
2026-06-14 13:00:00,41.75633333333334,36.95916666666667,33.81783333333333,30.77777777777778,21.462962962962965,58.2,970.5896666666666,SITE 4,INT
2026-06-14 14:00:00,41.676,38.38583333333334,36.62116666666667,31.25925925925926,21.074074074074073,55.166666666666664,969.9889999999999,SITE 4,INT
2026-06-14 15:00:00,44.75966666666667,43.347166666666666,41.53866666666667,31.722222222222225,20.962962962962965,53.733333333333334,969.4483333333334,SITE 4,INT
2026-06-14 16:00:00,45.7395,42.69433333333333,39.71783333333334,32.0,20.722222222222225,51.93333333333333,969.129,SITE 4,INT
2026-06-14 17:00:00,45.86183333333334,41.72066666666667,38.16916666666667,32.12962962962963,20.98148148148148,52.233333333333334,969.2263333333334,SITE 4,INT
2026-06-14 18:00:00,59.974500000000006,57.397333333333336,50.1625,31.62962962962963,21.22222222222222,54.43333333333333,969.3486666666666,SITE 4,INT
2026-06-14 19:00:00,57.52112903225807,53.28709677419355,45.20129032258065,30.66308243727599,21.27240143369176,57.903225806451616,970.0906451612904,SITE 4,INT
2026-06-14 20:00:00,53.73416666666667,49.153666666666666,41.606833333333334,30.314814814814817,21.425925925925927,59.43333333333333,970.8873333333333,SITE 4,INT
2026-06-14 21:00:00,46.372,41.47,36.527,29.666666666666668,21.12962962962963,60.9,971.4013333333334,SITE 4,INT
2026-06-14 22:00:00,43.49766666666667,38.02316666666666,33.63733333333333,29.518518518518523,21.27777777777778,61.93333333333333,971.8296666666666,SITE 4,INT
2026-06-14 23:00:00,40.85066666666667,35.495666666666665,32.544666666666664,28.833333333333332,21.166666666666668,63.833333333333336,971.9143333333334,SITE 4,INT
2026-06-15 00:00:00,41.99616666666667,36.75683333333333,33.489999999999995,28.296296296296298,21.11111111111111,65.6,971.4176666666666,SITE 4,INT
2026-06-15 01:00:00,41.160333333333334,36.155166666666666,33.2675,28.222222222222225,21.22222222222222,66.53333333333333,970.9973333333332,SITE 4,INT
2026-06-15 02:00:00,43.181333333333335,38.46633333333333,35.27183333333333,27.555555555555557,21.185185185185183,69.06666666666666,970.2983333333334,SITE 4,INT
2026-06-15 03:00:00,41.91983333333334,36.84466666666666,34.12016666666667,27.185185185185187,21.185185185185183,70.6,970.0923333333334,SITE 4,INT
2026-06-15 04:00:00,40.9475,35.22666666666667,32.398833333333336,26.833333333333332,21.27777777777778,71.96666666666667,970.2596666666667,SITE 4,INT
2026-06-15 05:00:00,51.589666666666666,48.00333333333333,44.758,26.944444444444446,21.27777777777778,72.16666666666667,970.4373333333333,SITE 4,INT
2026-06-15 06:00:00,58.5705,55.779333333333334,50.426,27.574074074074076,21.51851851851852,70.36666666666666,970.9066666666666,SITE 4,INT
2026-06-15 07:00:00,48.8295,45.414833333333334,40.64116666666667,27.77777777777778,21.64814814814815,69.26666666666667,971.274,SITE 4,INT
2026-06-15 08:00:00,48.80116666666667,45.323166666666665,40.8985,27.870370370370374,21.62962962962963,69.6,971.5106666666667,SITE 4,INT
2026-06-15 09:00:00,45.1305,40.44866666666667,36.803999999999995,29.092592592592595,21.85185185185185,65.86666666666666,971.8216666666667,SITE 4,INT
2026-06-15 10:00:00,41.517500000000005,36.146499999999996,33.18483333333334,30.666666666666668,22.22222222222222,61.5,971.6263333333334,SITE 4,INT
2026-06-15 11:00:00,44.651500000000006,42.08016666666666,39.830333333333336,31.907407407407405,22.38888888888889,57.6,970.8063333333333,SITE 4,INT
2026-06-15 12:00:00,42.24033333333333,37.45283333333334,34.56966666666666,33.05555555555556,22.407407407407405,54.2,969.9033333333333,SITE 4,INT
2026-06-15 13:00:00,39.174838709677424,34.05435483870968,32.14677419354839,34.24731182795699,22.365591397849464,50.45161290322581,968.8432258064516,SITE 4,INT
2026-06-15 14:00:00,38.57616666666667,33.14116666666667,30.953,35.44444444444445,22.25925925925926,46.96666666666667,968.1006666666667,SITE 4,INT
2026-06-15 15:00:00,39.458,33.81033333333333,31.11433333333333,36.40740740740741,22.037037037037035,43.8,967.6063333333333,SITE 4,INT
2026-06-15 16:00:00,42.92333333333333,37.422333333333334,33.845166666666664,35.98148148148149,21.38888888888889,43.266666666666666,967.5056666666667,SITE 4,INT
2026-06-15 17:00:00,44.41583333333333,39.0485,34.89883333333333,35.592592592592595,21.37037037037037,44.166666666666664,967.356,SITE 4,INT
2026-06-15 18:00:00,57.455666666666666,52.395833333333336,43.604166666666664,34.74074074074074,22.11111111111111,48.266666666666666,967.7483333333333,SITE 4,INT
2026-06-15 19:00:00,62.365,57.761833333333335,48.18966666666667,34.05555555555556,22.203703703703702,50.7,968.52,SITE 4,INT
2026-06-15 20:00:00,49.28283333333333,44.48283333333334,38.41,32.592592592592595,21.35185185185185,52.266666666666666,969.202,SITE 4,INT
2026-06-15 21:00:00,35.50333333333333,29.764166666666664,27.23616666666667,30.444444444444446,19.462962962962965,52.43333333333333,969.6786666666667,SITE 4,INT
2026-06-15 22:00:00,36.78366666666667,30.87066666666667,27.590333333333334,29.833333333333332,19.592592592592595,54.46666666666667,969.724,SITE 4,INT
2026-06-15 23:00:00,36.6475,31.077333333333335,28.829833333333333,29.425925925925927,20.092592592592595,57.6,969.9066666666666,SITE 4,INT
2026-06-16 00:00:00,37.683,32.0385,29.26966666666667,29.425925925925927,20.0,57.5,969.7693333333334,SITE 4,INT
2026-06-16 01:00:00,35.74083333333333,30.107166666666668,27.795166666666667,29.444444444444446,19.88888888888889,57.266666666666666,969.222,SITE 4,INT
2026-06-16 02:00:00,36.782333333333334,30.959666666666667,28.577833333333334,28.722222222222225,19.833333333333332,59.06666666666667,968.8706666666666,SITE 4,INT
2026-06-16 03:00:00,36.02833333333333,30.234666666666666,28.2915,28.25925925925926,19.64814814814815,60.333333333333336,968.4703333333333,SITE 4,INT
2026-06-16 04:00:00,37.647000000000006,31.875166666666665,29.670166666666667,27.77777777777778,19.925925925925927,63.03333333333333,968.3610000000001,SITE 4,INT
2026-06-16 05:00:00,58.80616666666666,57.50416666666667,54.76916666666667,27.351851851851855,20.53703703703704,66.8,968.6303333333333,SITE 4,INT
2026-06-16 06:00:00,59.9235,58.968666666666664,54.594166666666666,27.48148148148148,20.814814814814817,67.9,968.8766666666667,SITE 4,INT
2026-06-16 07:00:00,54.586666666666666,51.5455,46.02366666666667,28.074074074074076,21.11111111111111,66.83333333333333,969.3,SITE 4,INT
2026-06-16 08:00:00,45.481833333333334,40.506499999999996,35.995,29.444444444444446,21.814814814814817,64.2,969.7436666666667,SITE 4,INT
2026-06-16 09:00:00,43.04183333333334,38.097,34.405166666666666,30.77777777777778,22.166666666666668,60.53333333333333,970.2173333333334,SITE 4,INT
2026-06-16 10:00:00,49.93933333333334,47.473166666666664,43.069833333333335,31.814814814814817,22.333333333333332,57.9,970.487,SITE 4,INT
2026-06-16 11:00:00,44.0516129032258,39.46225806451613,35.690322580645166,32.88530465949821,22.258064516129032,54.483870967741936,970.0867741935483,SITE 4,INT
2026-06-16 12:00:00,45.042833333333334,40.249,36.11716666666667,34.0,22.425925925925927,51.36666666666667,969.3919999999999,SITE 4,INT
2026-06-16 13:00:00,44.867,40.696333333333335,36.837833333333336,34.72222222222222,22.333333333333332,48.7,968.6986666666667,SITE 4,INT
2026-06-16 14:00:00,44.642,40.0225,35.97983333333333,35.666666666666664,22.314814814814817,46.333333333333336,968.1033333333332,SITE 4,INT
2026-06-16 15:00:00,46.568999999999996,41.77283333333333,36.719,36.592592592592595,22.14814814814815,43.53333333333333,967.3496666666667,SITE 4,INT
2026-06-16 16:00:00,50.816833333333335,46.5145,40.10966666666666,36.53703703703704,21.90740740740741,43.233333333333334,966.9976666666666,SITE 4,INT
2026-06-16 17:00:00,64.414,60.516666666666666,50.88699999999999,31.98148148148148,22.166666666666668,56.833333333333336,966.6566666666666,SITE 4,INT
2026-06-16 18:00:00,99.40283333333333,95.2855,75.2235,32.18518518518518,22.444444444444446,56.93333333333333,966.7333333333333,SITE 4,INT
2026-06-16 19:00:00,104.12983333333334,100.39183333333334,79.07616666666667,32.22222222222222,22.62962962962963,57.3,968.2596666666667,SITE 4,INT
2026-06-16 20:00:00,122.05316666666666,119.78516666666665,92.84283333333333,32.18518518518518,22.814814814814817,58.46666666666667,968.6643333333334,SITE 4,INT
2026-06-16 21:00:00,88.42716666666666,82.533,66.63083333333333,31.925925925925927,22.925925925925927,59.766666666666666,969.4983333333333,SITE 4,INT
2026-06-16 22:00:00,62.61300000000001,59.12716666666667,50.016333333333336,31.203703703703706,22.685185185185183,61.0,969.6803333333334,SITE 4,INT
2026-06-16 23:00:00,47.31216666666667,43.51916666666667,38.34283333333334,30.77777777777778,22.444444444444446,61.3,969.889,SITE 4,INT
2026-06-17 00:00:00,45.22666666666667,40.716499999999996,36.00083333333334,30.35185185185185,22.074074074074073,61.7,969.5139999999999,SITE 4,INT
2026-06-17 01:00:00,45.596000000000004,40.970666666666666,35.93633333333333,29.592592592592595,21.62962962962963,62.86666666666667,968.7276666666668,SITE 4,INT
2026-06-17 02:00:00,46.81661290322581,42.20048387096774,36.96693548387096,29.35483870967742,21.559139784946236,63.354838709677416,968.2396774193548,SITE 4,INT
2026-06-17 03:00:00,47.26583333333333,42.766,37.33533333333333,29.444444444444446,21.666666666666668,63.0,967.8883333333334,SITE 4,INT
2026-06-17 04:00:00,46.6685,42.209666666666664,36.94616666666666,28.796296296296298,21.27777777777778,64.7,968.0223333333332,SITE 4,INT
2026-06-17 05:00:00,55.13633333333333,51.14516666666667,43.021,28.77777777777778,21.555555555555557,66.16666666666667,968.939,SITE 4,INT
2026-06-17 06:00:00,67.55516666666666,62.724666666666664,50.95116666666666,28.88888888888889,21.722222222222225,66.56666666666666,969.9123333333333,SITE 4,INT
2026-06-17 07:00:00,57.824333333333335,53.7365,44.67633333333333,29.037037037037035,22.074074074074073,66.56666666666666,970.7116666666666,SITE 4,INT
2026-06-17 08:00:00,58.93183333333333,55.02133333333334,45.191833333333335,28.90740740740741,22.037037037037035,67.4,971.1746666666667,SITE 4,INT
2026-06-17 09:00:00,54.9005,50.965,42.27366666666667,29.166666666666668,22.166666666666668,66.33333333333333,971.255,SITE 4,INT
2026-06-17 10:00:00,47.042500000000004,42.552,36.894999999999996,30.5,21.944444444444446,60.833333333333336,971.2343333333333,SITE 4,INT
2026-06-17 11:00:00,47.84916666666666,44.833333333333336,40.05083333333334,32.2037037037037,21.796296296296298,54.666666666666664,971.6333333333333,SITE 4,INT
2026-06-17 12:00:00,49.4985,45.67133333333333,39.423,33.01851851851852,22.240740740740744,53.63333333333333,971.6056666666666,SITE 4,INT
2026-06-17 13:00:00,46.970666666666666,43.00333333333333,37.836666666666666,34.2037037037037,22.62962962962963,51.43333333333333,970.88,SITE 4,INT
2026-06-17 14:00:00,46.528,43.093833333333336,38.885666666666665,35.01851851851852,22.092592592592595,47.733333333333334,969.6946666666666,SITE 4,INT
2026-06-17 15:00:00,45.44166666666667,40.422333333333334,35.339166666666664,35.7962962962963,22.055555555555554,45.43333333333333,968.9043333333334,SITE 4,INT
2026-06-17 16:00:00,42.53483333333334,37.016666666666666,32.938,36.31481481481482,21.222222222222225,42.1,968.3336666666667,SITE 4,INT
2026-06-17 17:00:00,46.368,41.0525,35.512166666666666,35.22222222222222,21.185185185185183,44.333333333333336,968.0533333333333,SITE 4,INT
2026-06-17 18:00:00,61.111451612903224,56.02806451612903,46.25064516129032,34.2831541218638,21.630824372759857,48.225806451612904,967.4854838709678,SITE 4,INT
2026-06-17 19:00:00,72.44316666666667,66.82383333333333,53.92433333333334,33.351851851851855,22.314814814814817,52.833333333333336,967.8883333333334,SITE 4,INT
2026-06-17 20:00:00,76.02716666666667,70.42866666666667,57.0095,32.94444444444444,22.37037037037037,54.1,969.0103333333334,SITE 4,INT
2026-06-17 21:00:00,91.05749999999999,85.14666666666668,66.66883333333334,33.333333333333336,23.222222222222225,56.03333333333333,969.9473333333333,SITE 4,INT
2026-06-17 22:00:00,92.38534482758621,86.63086206896551,67.75310344827587,33.14176245210728,23.141762452107283,56.51724137931034,970.4748275862069,SITE 4,INT
2026-06-17 23:00:00,81.35266666666666,75.33533333333334,60.648833333333336,32.148148148148145,22.203703703703702,56.733333333333334,970.2199999999999,SITE 4,INT
2026-06-18 00:00:00,56.00183333333334,54.04933333333334,47.246,31.555555555555557,21.703703703703702,56.666666666666664,969.7926666666666,SITE 4,INT
2026-06-18 01:00:00,51.64266666666666,49.11016666666667,43.030833333333334,31.074074074074076,21.740740740740744,58.03333333333333,969.6743333333333,SITE 4,INT
2026-06-18 02:00:00,53.39241379310345,49.577586206896555,41.82293103448276,30.536398467432953,21.647509578544064,60.0,969.331724137931,SITE 4,INT
2026-06-18 03:00:00,51.87483333333333,47.122166666666665,39.886833333333335,30.314814814814817,21.703703703703702,60.6,968.9406666666667,SITE 4,INT
2026-06-18 04:00:00,49.245666666666665,45.131,39.173,29.5,21.40740740740741,62.666666666666664,968.9946666666667,SITE 4,INT
2026-06-18 05:00:00,52.2105,47.98066666666667,40.446333333333335,29.444444444444446,21.61111111111111,63.166666666666664,969.4486666666667,SITE 4,INT
2026-06-18 06:00:00,58.7685,54.500166666666665,45.63583333333334,29.444444444444446,21.166666666666668,62.1,969.4326666666667,SITE 4,INT
2026-06-18 07:00:00,53.0648275862069,48.633448275862065,41.18103448275862,29.808429118773947,21.57088122605364,62.275862068965516,969.7203448275861,SITE 4,INT
2026-06-18 08:00:00,56.93683333333333,52.55266666666667,43.521,30.5,22.166666666666668,61.8,970.423,SITE 4,INT
2026-06-18 09:00:00,56.178,52.619,44.35733333333334,30.962962962962965,22.37037037037037,60.8,970.8226666666667,SITE 4,INT
2026-06-18 10:00:00,53.916666666666664,51.41433333333334,44.9795,31.888888888888893,22.462962962962965,57.833333333333336,970.8860000000001,SITE 4,INT
2026-06-18 11:00:00,45.991,41.01316666666666,36.25783333333333,32.98148148148148,22.166666666666668,53.56666666666667,970.4616666666666,SITE 4,INT
2026-06-18 12:00:00,43.793,38.76016666666667,34.818666666666665,34.2962962962963,21.87037037037037,48.833333333333336,969.8873333333333,SITE 4,INT
2026-06-18 13:00:00,43.558499999999995,38.254333333333335,34.076166666666666,35.12962962962963,21.98148148148148,46.7,969.017,SITE 4,INT
2026-06-18 14:00:00,41.64816666666666,36.03216666666666,32.49216666666667,36.537037037037045,21.833333333333332,42.9,967.9143333333334,SITE 4,INT
2026-06-18 15:00:00,44.21672413793104,38.872241379310346,34.39,37.31800766283525,21.685823754789272,40.827586206896555,967.0586206896552,SITE 4,INT
2026-06-18 16:00:00,44.75416666666667,39.19083333333333,34.53733333333333,36.70370370370371,21.22222222222222,41.0,966.588,SITE 4,INT
2026-06-18 17:00:00,48.70183333333333,43.40416666666667,36.848166666666664,36.25925925925926,20.944444444444446,41.333333333333336,966.577,SITE 4,INT
2026-06-18 18:00:00,56.56933333333333,51.150666666666666,42.245666666666665,35.03703703703704,21.22222222222222,44.93333333333333,966.6133333333333,SITE 4,INT
2026-06-18 19:00:00,80.084,73.59533333333334,57.50183333333334,34.22222222222222,21.537037037037035,48.2,967.099,SITE 4,INT
2026-06-18 20:00:00,83.02883333333332,76.258,59.32866666666666,33.75925925925926,22.12962962962963,51.06666666666667,967.6923333333333,SITE 4,INT
2026-06-18 21:00:00,57.397333333333336,53.02366666666667,43.966,33.27777777777778,21.61111111111111,51.0,967.953,SITE 4,INT
2026-06-18 22:00:00,52.098,47.629000000000005,40.42033333333333,32.81481481481482,21.27777777777778,51.6,968.158,SITE 4,INT
2026-06-18 23:00:00,47.77433333333333,43.57283333333333,38.155833333333334,32.53703703703704,21.666666666666668,53.06666666666667,967.8956666666667,SITE 4,INT
2026-06-19 00:00:00,60.806896551724144,59.19068965517241,52.597931034482755,31.7816091954023,21.45593869731801,55.10344827586207,967.4196551724137,SITE 4,INT
2026-06-19 01:00:00,49.17366666666667,46.467666666666666,41.950500000000005,31.074074074074076,21.666666666666668,57.96666666666667,966.9503333333334,SITE 4,INT
2026-06-19 02:00:00,45.98166666666667,40.98633333333333,35.732,29.87037037037037,22.09259259259259,63.733333333333334,966.516,SITE 4,INT
2026-06-19 03:00:00,49.35133333333333,45.686,39.62033333333333,28.888888888888893,22.37037037037037,68.46666666666667,966.8033333333333,SITE 4,INT
2026-06-19 04:00:00,53.36033333333333,50.69316666666667,43.715,28.351851851851855,22.462962962962965,71.13333333333334,966.9330000000001,SITE 4,INT
2026-06-19 05:00:00,59.54783333333333,57.5635,50.364333333333335,27.888888888888893,22.333333333333332,72.56666666666666,967.2003333333333,SITE 4,INT
2026-06-19 06:00:00,66.57683333333334,65.19766666666666,58.851833333333325,27.444444444444446,21.88888888888889,71.9,967.7710000000001,SITE 4,INT
2026-06-19 07:00:00,47.73275862068966,44.43689655172414,40.137241379310346,27.662835249042146,21.379310344827587,69.17241379310344,968.2289655172414,SITE 4,INT
2026-06-19 08:00:00,44.238166666666665,39.19316666666667,35.00216666666667,28.796296296296298,21.35185185185185,64.7,968.4183333333333,SITE 4,INT
2026-06-19 09:00:00,41.977,36.297333333333334,32.271499999999996,29.888888888888893,21.555555555555557,61.4,968.4586666666667,SITE 4,INT
2026-06-19 10:00:00,42.05916666666667,37.133,33.7885,31.388888888888893,21.796296296296298,57.4,968.4653333333333,SITE 4,INT
2026-06-19 11:00:00,43.30883333333334,39.01283333333333,35.723166666666664,32.44444444444444,21.75925925925926,53.86666666666667,967.8639999999999,SITE 4,INT
2026-06-19 12:00:00,39.6015,33.899,30.815333333333335,33.74074074074074,21.51851851851852,49.2,967.3186666666667,SITE 4,INT
2026-06-19 13:00:00,39.95666666666667,34.452,31.630166666666664,34.57407407407407,21.444444444444446,46.6,966.4706666666666,SITE 4,INT
2026-06-19 14:00:00,41.270833333333336,35.577666666666666,31.914499999999997,35.55555555555556,21.38888888888889,44.2,965.859,SITE 4,INT
2026-06-19 15:00:00,42.6265,37.0315,33.040333333333336,36.20370370370371,21.37037037037037,42.56666666666667,965.384,SITE 4,INT
2026-06-19 16:00:00,40.74896551724138,35.01448275862069,31.605689655172412,36.09195402298851,21.091954022988503,41.96551724137931,965.2462068965517,SITE 4,INT
2026-06-19 17:00:00,44.517500000000005,38.863166666666665,34.193333333333335,35.25925925925926,20.833333333333332,43.53333333333333,965.3223333333334,SITE 4,INT
2026-06-19 18:00:00,54.81293103448276,50.279137931034484,42.24913793103448,34.32950191570881,21.32183908045977,47.03448275862069,965.6024137931034,SITE 4,INT
2026-06-19 19:00:00,52.138387096774196,47.89338709677419,40.898548387096774,33.369175627240146,21.14695340501792,49.193548387096776,965.992258064516,SITE 4,INT
2026-06-19 20:00:00,51.25396551724138,46.97275862068965,39.8853448275862,32.87356321839081,21.245210727969347,51.10344827586207,966.3448275862069,SITE 4,INT
2026-06-19 21:00:00,57.107166666666664,52.585,43.650666666666666,32.53703703703704,21.685185185185183,53.4,966.6763333333333,SITE 4,INT
2026-06-19 22:00:00,45.056333333333335,40.078833333333336,35.082,32.592592592592595,21.98148148148148,54.166666666666664,967.518,SITE 4,INT
2026-06-19 23:00:00,39.6145,35.027833333333334,32.845166666666664,31.314814814814817,20.62962962962963,53.63333333333333,967.0486666666667,SITE 4,INT
2026-06-20 00:00:00,37.94155172413793,32.523620689655175,30.074137931034482,29.09961685823755,19.92337164750958,58.03448275862069,965.316551724138,SITE 4,INT
2026-06-20 01:00:00,40.48350000000001,35.05416666666667,32.07866666666667,28.962962962962965,20.25925925925926,60.1,965.0283333333333,SITE 4,INT
2026-06-20 02:00:00,41.059666666666665,35.63700000000001,32.297333333333334,28.90740740740741,21.037037037037035,63.233333333333334,965.1453333333334,SITE 4,INT
2026-06-20 03:00:00,43.858333333333334,38.88033333333333,34.675333333333334,28.333333333333336,21.25925925925926,66.13333333333334,964.9256666666666,SITE 4,INT
2026-06-20 04:00:00,46.70516666666666,42.549166666666665,37.45316666666667,28.351851851851855,21.5,67.0,964.6146666666666,SITE 4,INT
2026-06-20 05:00:00,47.10879310344828,43.341206896551725,38.36793103448276,28.237547892720308,21.7816091954023,68.6896551724138,964.8003448275862,SITE 4,INT
2026-06-20 06:00:00,52.33633333333333,50.14,44.560833333333335,27.77777777777778,21.666666666666668,70.6,965.878,SITE 4,INT
2026-06-20 07:00:00,61.49183333333333,59.43183333333333,51.37433333333333,28.11111111111111,21.77777777777778,69.53333333333333,966.8926666666666,SITE 4,INT
2026-06-20 08:00:00,54.7405,52.36933333333333,45.11033333333333,28.333333333333336,21.666666666666668,68.23333333333333,967.5616666666666,SITE 4,INT
2026-06-20 09:00:00,63.77413793103448,60.217241379310344,49.291034482758626,28.73563218390805,21.724137931034484,66.17241379310344,968.0389655172414,SITE 4,INT
2026-06-20 10:00:00,51.723499999999994,47.715333333333334,40.46333333333334,29.64814814814815,21.722222222222225,62.93333333333333,968.0550000000001,SITE 4,INT
2026-06-20 11:00:00,47.3155,42.312000000000005,36.496833333333335,30.90740740740741,21.62962962962963,58.43333333333333,967.7900000000001,SITE 4,INT
2026-06-20 12:00:00,49.09583333333333,45.88433333333333,40.55683333333333,31.907407407407405,21.796296296296298,55.833333333333336,967.057,SITE 4,INT
2026-06-20 13:00:00,47.30379310344827,42.811379310344826,37.60362068965517,33.31417624521073,21.954022988505745,51.86206896551724,966.3555172413794,SITE 4,INT
2026-06-20 14:00:00,46.37683333333334,41.8455,36.90083333333334,34.05555555555556,21.75925925925926,49.5,965.955,SITE 4,INT
2026-06-20 15:00:00,49.01033333333333,45.299166666666665,39.93333333333333,34.75925925925926,22.037037037037035,47.833333333333336,965.649,SITE 4,INT
2026-06-20 16:00:00,48.140499999999996,44.13583333333334,39.020833333333336,34.98148148148148,21.77777777777778,46.63333333333333,965.2896666666667,SITE 4,INT
2026-06-20 17:00:00,49.575,45.448166666666665,39.49983333333333,34.407407407407405,21.462962962962965,47.46666666666667,965.0346666666667,SITE 4,INT
2026-06-20 18:00:00,61.64862068965517,57.4698275862069,47.7603448275862,33.601532567049816,21.724137931034484,50.58620689655172,965.5113793103449,SITE 4,INT
2026-06-20 19:00:00,85.56033333333333,79.00333333333333,60.909666666666666,33.05555555555556,21.98148148148148,52.7,965.7090000000001,SITE 4,INT
2026-06-20 20:00:00,79.341,72.97716666666666,57.30083333333334,32.77777777777778,22.12962962962963,53.833333333333336,966.548,SITE 4,INT
2026-06-20 21:00:00,67.18683333333334,62.729166666666664,51.5525,32.48148148148148,22.12962962962963,54.8,967.0786666666667,SITE 4,INT
2026-06-20 22:00:00,49.544137931034484,44.944482758620694,38.70379310344828,30.38314176245211,21.32183908045977,58.827586206896555,967.9486206896552,SITE 4,INT
2026-06-20 23:00:00,39.4995,34.09583333333333,31.586,28.203703703703706,21.14814814814815,66.33333333333333,969.0203333333334,SITE 4,INT
2026-06-21 00:00:00,38.01683333333334,33.257666666666665,32.08,27.31481481481482,20.722222222222225,67.93333333333334,969.372,SITE 4,INT
2026-06-21 01:00:00,35.15533333333334,29.342166666666667,27.773500000000002,27.77777777777778,20.518518518518523,65.2,968.3636666666666,SITE 4,INT
2026-06-21 02:00:00,36.548965517241385,30.94103448275862,29.108793103448274,27.60536398467433,20.325670498084293,65.06896551724138,967.8289655172414,SITE 4,INT
2026-06-21 03:00:00,35.397333333333336,29.851166666666664,28.358333333333334,27.740740740740744,20.518518518518523,65.66666666666667,966.7836666666667,SITE 4,INT
2026-06-21 04:00:00,36.31133333333333,30.6565,28.747833333333332,27.75925925925926,20.53703703703704,65.16666666666667,966.8666666666667,SITE 4,INT
2026-06-21 05:00:00,40.43366666666667,35.33533333333333,32.999,27.462962962962965,20.64814814814815,67.5,967.5386666666667,SITE 4,INT
2026-06-21 06:00:00,55.11258620689655,51.53103448275862,43.73982758620689,27.432950191570885,20.766283524904217,67.62068965517241,968.1413793103447,SITE 4,INT
2026-06-21 07:00:00,61.37833333333333,57.30816666666667,46.36366666666667,27.85185185185185,20.722222222222225,66.26666666666667,968.8656666666667,SITE 4,INT
2026-06-21 08:00:00,54.71216666666667,50.24916666666666,41.994,28.462962962962965,20.962962962962965,64.46666666666667,969.6360000000001,SITE 4,INT
2026-06-21 09:00:00,43.54666666666667,38.51133333333333,34.287000000000006,29.25925925925926,21.25925925925926,62.93333333333333,970.4603333333333,SITE 4,INT
2026-06-21 10:00:00,39.44344827586207,33.76034482758621,30.769137931034482,29.75095785440613,21.149425287356323,60.3448275862069,970.3741379310344,SITE 4,INT
2026-06-21 11:00:00,39.57833333333334,34.52033333333333,32.226166666666664,31.296296296296298,21.703703703703702,57.233333333333334,970.066,SITE 4,INT
2026-06-21 12:00:00,39.855000000000004,34.78283333333333,32.3795,32.22222222222222,21.22222222222222,52.666666666666664,969.5740000000001,SITE 4,INT
2026-06-21 13:00:00,80.42116666666668,74.0005,54.4525,32.94444444444444,21.074074074074073,50.266666666666666,968.8926666666666,SITE 4,INT
2026-06-21 14:00:00,130.369,119.176,73.52233333333334,32.77777777777778,20.62962962962963,49.2,968.179,SITE 4,INT
2026-06-21 15:00:00,40.61086206896552,35.009655172413794,31.603448275862068,33.04597701149425,21.053639846743295,49.689655172413794,967.4475862068965,SITE 4,INT
2026-06-21 16:00:00,41.30416666666667,35.566833333333335,31.421333333333333,32.77777777777778,20.944444444444446,50.13333333333333,967.2746666666666,SITE 4,INT
2026-06-21 17:00:00,46.942,42.33433333333333,37.04416666666667,32.22222222222222,20.98148148148148,52.06666666666667,967.5826666666667,SITE 4,INT
2026-06-21 18:00:00,67.55533333333334,64.4515,54.62583333333334,31.666666666666668,21.38888888888889,54.63333333333333,968.2876666666667,SITE 4,INT
2026-06-21 19:00:00,88.903,81.825,62.773,31.666666666666668,21.666666666666668,56.333333333333336,968.842,SITE 4,INT
2026-06-21 20:00:00,85.07433333333333,79.19266666666665,61.92383333333333,31.11111111111111,21.592592592592595,57.5,969.6206666666666,SITE 4,INT
2026-06-21 21:00:00,81.269,75.64899999999999,59.9125,30.962962962962965,22.074074074074073,59.56666666666667,970.3113333333333,SITE 4,INT
2026-06-21 22:00:00,63.81733333333333,58.933,48.385999999999996,30.555555555555557,21.77777777777778,60.2,970.3893333333333,SITE 4,INT
2026-06-21 23:00:00,45.882666666666665,40.7965,35.84133333333333,29.833333333333332,21.537037037037035,61.86666666666667,970.6643333333334,SITE 4,INT
2026-06-22 00:00:00,38.43344827586207,32.92862068965517,30.893103448275863,27.81609195402299,21.4367816091954,68.96551724137932,970.7031034482759,SITE 4,INT
2026-06-22 01:00:00,37.586666666666666,32.062666666666665,30.37933333333333,27.98148148148148,21.314814814814817,68.16666666666667,970.226,SITE 4,INT
2026-06-22 02:00:00,36.57416666666666,31.0175,29.600666666666665,28.074074074074076,21.40740740740741,68.13333333333334,969.8533333333332,SITE 4,INT
2026-06-22 03:00:00,37.5865,32.22666666666667,30.732666666666667,27.888888888888893,21.333333333333332,68.93333333333334,969.8603333333334,SITE 4,INT
2026-06-22 04:00:00,38.74283333333334,33.76983333333333,32.108,27.75925925925926,21.14814814814815,68.93333333333334,969.85,SITE 4,INT
2026-06-22 05:00:00,38.964000000000006,34.25716666666666,32.83433333333333,27.685185185185183,21.037037037037035,68.23333333333333,970.313,SITE 4,INT
2026-06-22 06:00:00,43.868500000000004,39.79066666666667,37.03483333333334,27.222222222222225,21.074074074074073,69.6,970.8383333333334,SITE 4,INT
2026-06-22 07:00:00,44.04706896551724,40.01465517241379,37.231896551724134,27.586206896551722,21.379310344827587,69.58620689655173,971.1589655172414,SITE 4,INT
2026-06-22 08:00:00,42.55716666666667,37.973,35.7685,27.77777777777778,21.11111111111111,67.96666666666667,971.7156666666667,SITE 4,INT
2026-06-22 09:00:00,41.767833333333336,36.51033333333333,33.326166666666666,28.240740740740744,21.35185185185185,66.63333333333334,972.2736666666666,SITE 4,INT
2026-06-22 10:00:00,36.830000000000005,31.55483333333333,30.168833333333332,29.351851851851855,21.537037037037035,63.46666666666667,971.9156666666667,SITE 4,INT
2026-06-22 11:00:00,36.690000000000005,31.19333333333333,29.432333333333336,29.62962962962963,21.22222222222222,61.166666666666664,971.4146666666667,SITE 4,INT
2026-06-22 12:00:00,35.6785,30.27316666666667,28.126666666666665,29.944444444444446,21.037037037037035,59.6,971.0323333333333,SITE 4,INT
2026-06-22 13:00:00,35.29233333333333,29.798,27.622,30.851851851851855,21.27777777777778,57.1,970.6370000000001,SITE 4,INT
2026-06-22 14:00:00,39.1115,34.66283333333333,32.779333333333334,31.944444444444446,21.240740740740744,53.5,970.1633333333334,SITE 4,INT
2026-06-22 15:00:00,37.29672413793104,31.811896551724136,29.24655172413793,33.2183908045977,20.65134099616858,48.13793103448276,969.726551724138,SITE 4,INT
2026-06-22 16:00:00,38.51133333333333,32.849666666666664,30.3455,33.111111111111114,20.555555555555557,48.06666666666667,969.4486666666667,SITE 4,INT
2026-06-22 17:00:00,42.71583333333333,37.43816666666667,33.63433333333333,32.48148148148148,20.61111111111111,49.8,969.129,SITE 4,INT
2026-06-22 18:00:00,71.59783333333333,66.98166666666667,52.88466666666667,32.07407407407407,21.166666666666668,52.93333333333333,969.4486666666667,SITE 4,INT
2026-06-22 19:00:00,64.23833333333333,60.52916666666667,49.948166666666665,31.574074074074076,21.85185185185185,56.7,969.8333333333334,SITE 4,INT
2026-06-22 20:00:00,49.32816666666667,44.608666666666664,38.29766666666667,30.666666666666668,21.703703703703702,59.6,970.3936666666667,SITE 4,INT
2026-06-22 21:00:00,42.000833333333325,36.41316666666667,32.4605,29.75925925925926,21.740740740740744,62.6,970.8513333333334,SITE 4,INT
2026-06-22 22:00:00,41.62689655172414,36.26775862068966,32.535862068965514,29.233716475095786,21.45593869731801,63.724137931034484,970.8210344827587,SITE 4,INT
2026-06-22 23:00:00,43.39816666666666,38.91616666666666,35.28883333333333,28.53703703703704,21.444444444444446,65.96666666666667,970.7523333333334,SITE 4,INT
2026-06-23 00:00:00,45.068999999999996,40.964166666666664,36.92966666666667,27.462962962962965,21.35185185185185,69.93333333333334,970.0586666666666,SITE 4,INT
2026-06-23 01:00:00,42.6065,37.05166666666666,33.4505,26.851851851851855,20.925925925925927,71.0,969.5889999999999,SITE 4,INT
2026-06-23 02:00:00,43.07133333333333,37.70283333333334,33.690666666666665,26.722222222222225,20.796296296296298,70.96666666666667,969.2860000000001,SITE 4,INT
2026-06-23 03:00:00,43.952999999999996,38.58583333333333,34.38366666666666,26.64814814814815,21.074074074074073,72.13333333333334,969.143,SITE 4,INT
2026-06-23 04:00:00,45.50183333333334,40.56183333333333,35.69316666666667,26.11111111111111,20.555555555555557,73.0,969.1643333333334,SITE 4,INT
2026-06-23 05:00:00,48.70583333333333,44.17283333333333,38.3805,26.11111111111111,20.925925925925927,73.9,969.1926666666666,SITE 4,INT
2026-06-23 06:00:00,56.0825,52.03933333333334,43.59766666666667,26.203703703703702,21.11111111111111,74.46666666666667,969.5503333333332,SITE 4,INT
2026-06-23 07:00:00,52.86362068965518,48.460344827586205,40.7053448275862,26.704980842911876,21.149425287356323,72.24137931034483,969.9817241379311,SITE 4,INT
2026-06-23 08:00:00,48.75066666666667,44.638,38.559,27.685185185185187,21.296296296296298,68.9,970.59,SITE 4,INT
2026-06-23 09:00:00,48.087333333333326,43.593666666666664,37.97833333333333,29.055555555555557,21.314814814814817,63.666666666666664,970.612,SITE 4,INT
2026-06-23 10:00:00,43.593833333333336,38.642,34.21083333333333,30.48148148148148,21.25925925925926,58.56666666666667,970.4203333333334,SITE 4,INT
2026-06-23 11:00:00,46.31016666666667,42.83116666666667,38.501333333333335,31.962962962962965,21.11111111111111,53.3,970.3143333333334,SITE 4,INT
2026-06-23 12:00:00,43.16316666666667,37.8885,33.576,32.75925925925926,20.444444444444446,48.8,969.8583333333333,SITE 4,INT
2026-06-23 13:00:00,41.926,36.31916666666667,32.344500000000004,33.38888888888889,20.574074074074076,47.333333333333336,969.2193333333333,SITE 4,INT
2026-06-23 14:00:00,41.24166666666667,35.82183333333333,32.364333333333335,34.666666666666664,20.796296296296298,44.766666666666666,968.1926666666666,SITE 4,INT
2026-06-23 15:00:00,44.89383333333333,39.892,35.200833333333335,34.907407407407405,20.48148148148148,43.166666666666664,967.17,SITE 4,INT
2026-06-23 16:00:00,43.28396551724138,38.17448275862069,34.08793103448276,35.76628352490421,20.114942528735632,40.37931034482759,966.5379310344827,SITE 4,INT
2026-06-23 17:00:00,47.511833333333335,42.964166666666664,37.254000000000005,35.2037037037037,20.35185185185185,42.233333333333334,966.4476666666667,SITE 4,INT
2026-06-23 18:00:00,58.69466666666666,54.9465,45.488166666666665,33.81481481481482,21.055555555555554,47.666666666666664,966.3206666666666,SITE 4,INT
2026-06-23 19:00:00,67.75833333333334,63.38766666666667,51.59,33.01851851851852,21.62962962962963,51.36666666666667,966.7736666666666,SITE 4,INT
2026-06-23 20:00:00,74.64,69.03833333333334,55.10583333333333,32.90740740740741,21.462962962962965,51.53333333333333,968.0596666666667,SITE 4,INT
2026-06-23 21:00:00,66.17333333333333,62.102,51.05816666666667,32.27777777777778,21.592592592592595,53.7,969.1236666666666,SITE 4,INT
2026-06-23 22:00:00,60.04116666666666,58.18383333333334,50.092999999999996,31.592592592592595,21.592592592592595,55.8,969.495,SITE 4,INT
2026-06-23 23:00:00,52.841,49.5445,42.253166666666665,30.944444444444446,21.38888888888889,57.4,969.4066666666666,SITE 4,INT
2026-06-24 00:00:00,47.461,43.142833333333336,37.76583333333333,29.61111111111111,20.740740740740744,59.4,969.1083333333333,SITE 4,INT
2026-06-24 01:00:00,40.1815,35.592333333333336,33.5445,27.944444444444446,20.388888888888893,64.1,968.152,SITE 4,INT
2026-06-24 02:00:00,39.47683333333334,34.46183333333333,32.0975,28.333333333333336,21.055555555555554,65.03333333333333,967.3389999999999,SITE 4,INT
2026-06-24 03:00:00,39.790166666666664,34.48616666666667,31.778000000000002,28.31481481481482,21.037037037037035,64.93333333333334,967.2426666666667,SITE 4,INT
2026-06-24 04:00:00,41.32827586206896,36.20413793103449,32.95137931034483,28.333333333333336,20.95785440613027,65.3103448275862,967.3444827586208,SITE 4,INT
2026-06-24 05:00:00,49.160333333333334,46.566,41.781,27.833333333333332,21.333333333333332,68.33333333333333,968.0413333333333,SITE 4,INT
2026-06-24 06:00:00,65.818,64.28166666666667,56.908833333333334,27.444444444444446,21.703703703703702,71.4,968.6983333333334,SITE 4,INT
2026-06-24 07:00:00,58.81316666666667,56.616,48.899833333333326,27.888888888888893,22.055555555555554,71.1,969.3633333333333,SITE 4,INT
2026-06-24 08:00:00,52.695,50.04933333333334,43.42016666666667,28.240740740740744,21.88888888888889,69.03333333333333,970.105,SITE 4,INT
2026-06-24 09:00:00,48.8065,45.178,39.63016666666667,28.388888888888893,21.740740740740744,68.0,970.5163333333334,SITE 4,INT
2026-06-24 10:00:00,46.98283333333334,42.84616666666667,37.968666666666664,29.61111111111111,21.98148148148148,64.3,970.659,SITE 4,INT
2026-06-24 11:00:00,45.04233333333333,40.74016666666667,36.713166666666666,31.51851851851852,22.27777777777778,58.666666666666664,970.369,SITE 4,INT
2026-06-24 12:00:00,41.01266666666667,35.824,32.779666666666664,32.53703703703704,21.88888888888889,53.93333333333333,969.7933333333333,SITE 4,INT
2026-06-24 13:00:00,40.18224137931034,34.632241379310344,31.59293103448276,33.582375478927204,21.551724137931036,49.827586206896555,969.001724137931,SITE 4,INT
2026-06-24 14:00:00,41.324333333333335,35.994,32.79216666666667,34.38888888888889,21.37037037037037,47.03333333333333,968.319,SITE 4,INT
2026-06-24 15:00:00,41.720666666666666,36.86233333333333,33.634499999999996,35.05555555555556,20.425925925925927,42.56666666666667,967.798,SITE 4,INT
2026-06-24 16:00:00,45.029333333333334,40.49033333333333,35.85466666666666,35.2037037037037,20.666666666666668,43.2,967.6476666666666,SITE 4,INT
2026-06-24 17:00:00,48.415517241379305,44.31879310344827,39.0598275862069,34.36781609195402,20.613026819923373,45.06896551724138,967.5210344827586,SITE 4,INT
2026-06-24 18:00:00,57.3465,53.806000000000004,45.18533333333333,33.870370370370374,21.055555555555557,47.53333333333333,968.1063333333333,SITE 4,INT
2026-06-24 19:00:00,56.54533333333333,53.142500000000005,44.821,33.370370370370374,21.185185185185183,49.13333333333333,969.1583333333333,SITE 4,INT
2026-06-24 20:00:00,50.2705,46.494166666666665,40.11266666666667,32.75925925925926,21.35185185185185,51.266666666666666,970.362,SITE 4,INT
2026-06-24 21:00:00,48.70637931034482,46.20344827586207,41.46465517241379,31.85823754789272,21.743295019157088,56.0,970.9093103448275,SITE 4,INT
2026-06-24 22:00:00,49.136,47.47166666666667,43.39883333333333,31.16666666666667,21.296296296296298,56.833333333333336,971.0356666666667,SITE 4,INT
2026-06-24 23:00:00,45.59166666666667,41.69166666666667,37.4865,30.90740740740741,21.462962962962965,57.7,970.7883333333334,SITE 4,INT
2026-06-25 00:00:00,41.08416666666667,35.45516666666666,31.96066666666667,30.5,21.11111111111111,58.03333333333333,970.5579999999999,SITE 4,INT
2026-06-25 01:00:00,41.23116666666667,35.653666666666666,32.08933333333333,29.85185185185185,21.01851851851852,59.4,970.038,SITE 4,INT
2026-06-25 02:00:00,43.69189655172414,38.707931034482755,34.293965517241375,29.540229885057474,20.862068965517242,60.275862068965516,969.6765517241379,SITE 4,INT
2026-06-25 03:00:00,42.731,38.017833333333336,34.095333333333336,29.425925925925927,20.703703703703702,60.166666666666664,969.569,SITE 4,INT
2026-06-25 04:00:00,52.1665,49.41416666666667,43.717166666666664,28.98148148148148,20.87037037037037,62.43333333333333,969.7863333333333,SITE 4,INT
2026-06-25 05:00:00,54.92866666666667,52.3,45.5615,28.87037037037037,21.24074074074074,64.23333333333333,970.3263333333333,SITE 4,INT
2026-06-25 06:00:00,86.96982758620689,80.9398275862069,64.15517241379311,28.65900383141763,21.4367816091954,65.48275862068965,970.8455172413793,SITE 4,INT
2026-06-25 07:00:00,61.72416666666666,58.714166666666664,49.51433333333333,28.722222222222225,21.11111111111111,64.16666666666667,971.1576666666666,SITE 4,INT
2026-06-25 08:00:00,52.77383333333333,47.876,40.236,29.814814814814817,21.574074074074076,61.833333333333336,971.8153333333333,SITE 4,INT
2026-06-25 09:00:00,48.42316666666667,43.36833333333333,37.12383333333333,30.90740740740741,21.925925925925927,59.43333333333333,972.0463333333333,SITE 4,INT
2026-06-25 10:00:00,48.493833333333335,44.91116666666667,39.27366666666667,32.2962962962963,21.666666666666668,54.0,971.8956666666667,SITE 4,INT
2026-06-25 11:00:00,47.786206896551725,43.14879310344828,37.103965517241384,33.44827586206897,21.20689655172414,49.37931034482759,971.5468965517241,SITE 4,INT
2026-06-25 12:00:00,45.8995,41.2265,36.10483333333333,34.31481481481482,21.12962962962963,46.46666666666667,970.978,SITE 4,INT
2026-06-25 13:00:00,46.201034482758615,42.01241379310345,37.23155172413793,35.13409961685824,20.804597701149426,43.827586206896555,970.0503448275862,SITE 4,INT
2026-06-25 14:00:00,46.648,42.172000000000004,37.08383333333334,35.851851851851855,20.740740740740744,41.86666666666667,969.5946666666666,SITE 4,INT
2026-06-25 15:00:00,47.2535,42.61983333333333,37.1625,36.48148148148149,20.75925925925926,40.36666666666667,968.8073333333334,SITE 4,INT
2026-06-25 16:00:00,46.94783333333333,42.37933333333333,36.957499999999996,35.94444444444445,20.388888888888893,40.46666666666667,968.544,SITE 4,INT
2026-06-25 17:00:00,51.069310344827585,46.87948275862068,39.81775862068966,35.63218390804598,20.229885057471268,41.0,968.713448275862,SITE 4,INT
2026-06-25 18:00:00,57.78883333333333,53.35666666666667,43.68533333333333,34.74074074074074,20.35185185185185,43.233333333333334,969.395,SITE 4,INT
2026-06-25 19:00:00,52.50333333333333,47.892,39.881499999999996,33.092592592592595,21.555555555555557,51.36666666666667,970.0323333333333,SITE 4,INT
2026-06-25 20:00:00,62.83716666666667,58.72416666666666,48.74916666666666,32.0,21.425925925925927,54.0,970.4446666666666,SITE 4,INT
2026-06-25 21:00:00,68.7755,64.6535,53.38766666666666,32.03703703703704,21.85185185185185,55.2,971.2273333333334,SITE 4,INT
2026-06-25 22:00:00,67.0206896551724,63.425000000000004,53.34206896551724,31.85823754789272,21.666666666666668,55.44827586206897,971.378275862069,SITE 4,INT
2026-06-25 23:00:00,71.98633333333333,67.2415,55.098,31.388888888888893,21.722222222222225,56.96666666666667,970.9243333333333,SITE 4,INT
2026-06-26 00:00:00,66.94344827586207,61.592241379310344,48.926034482758624,30.59386973180077,21.590038314176244,59.241379310344826,970.4934482758621,SITE 4,INT
2026-06-26 01:00:00,59.75716666666666,54.51566666666667,43.611666666666665,30.35185185185185,21.703703703703702,60.266666666666666,970.4653333333333,SITE 4,INT
2026-06-26 02:00:00,57.647333333333336,52.7025,42.756499999999996,30.48148148148148,21.61111111111111,60.1,970.4853333333334,SITE 4,INT
2026-06-26 03:00:00,56.772333333333336,52.01733333333333,42.400666666666666,30.333333333333332,22.0,61.4,970.606,SITE 4,INT
2026-06-26 04:00:00,56.00913793103449,51.183793103448274,41.91137931034483,29.92337164750958,21.590038314176244,61.51724137931034,970.5251724137931,SITE 4,INT
2026-06-26 05:00:00,57.93666666666666,54.437666666666665,45.205333333333336,29.166666666666668,21.333333333333332,63.53333333333333,970.5,SITE 4,INT
2026-06-26 06:00:00,58.82816666666667,55.841833333333334,46.598333333333336,28.88888888888889,21.35185185185185,64.56666666666666,971.0456666666666,SITE 4,INT
2026-06-26 07:00:00,61.49933333333333,57.687666666666665,46.678999999999995,28.814814814814817,21.90740740740741,66.96666666666667,971.6136666666666,SITE 4,INT
2026-06-26 08:00:00,65.37275862068965,61.26568965517241,49.15637931034483,29.195402298850578,22.183908045977013,66.41379310344827,971.856896551724,SITE 4,INT
2026-06-26 09:00:00,57.341,52.673,42.43666666666666,30.666666666666668,22.444444444444446,62.266666666666666,971.8453333333333,SITE 4,INT
2026-06-26 10:00:00,59.4245,56.010666666666665,45.151666666666664,31.925925925925927,22.425925925925927,57.8,971.6253333333334,SITE 4,INT
2026-06-26 11:00:00,54.99616666666667,51.086666666666666,42.079,32.98148148148148,22.35185185185185,54.2,971.3213333333333,SITE 4,INT
2026-06-26 12:00:00,52.61933333333333,48.7975,40.64683333333333,33.833333333333336,22.185185185185183,51.3,970.7943333333334,SITE 4,INT
2026-06-26 13:00:00,52.79706896551724,49.01396551724138,40.76931034482759,35.03831417624521,22.03065134099617,47.3448275862069,969.673448275862,SITE 4,INT
2026-06-26 14:00:00,53.00216666666667,49.24133333333334,41.280833333333334,35.18518518518519,22.22222222222222,47.36666666666667,968.9576666666667,SITE 4,INT
2026-06-26 15:00:00,51.989000000000004,47.962,40.00916666666667,35.53703703703704,21.925925925925927,45.7,968.1773333333333,SITE 4,INT
2026-06-26 16:00:00,50.10733333333334,45.964166666666664,38.91466666666667,36.18518518518519,21.51851851851852,42.9,967.7183333333334,SITE 4,INT
2026-06-26 17:00:00,61.3955,56.67916666666667,45.63866666666667,35.37037037037037,21.22222222222222,44.3,967.6586666666667,SITE 4,INT
2026-06-26 18:00:00,60.04586206896551,55.314482758620684,44.81206896551724,34.6360153256705,20.99616858237548,45.51724137931034,968.3996551724138,SITE 4,INT
2026-06-26 19:00:00,44.64083333333333,40.341166666666666,35.73433333333333,29.851851851851855,20.11111111111111,56.96666666666667,971.115,SITE 4,INT
2026-06-26 20:00:00,39.5795,34.4285,31.527833333333334,29.444444444444446,21.12962962962963,61.4,969.4283333333334,SITE 4,INT
2026-06-26 21:00:00,39.3795,33.8625,30.7205,29.14814814814815,21.074074074074073,62.233333333333334,969.0583333333333,SITE 4,INT
2026-06-26 22:00:00,40.83603448275863,35.936379310344826,32.87258620689655,28.96551724137931,21.0727969348659,63.172413793103445,969.4017241379311,SITE 4,INT
2026-06-26 23:00:00,46.11483333333333,41.93933333333334,36.933,28.518518518518523,21.462962962962965,66.26666666666667,970.091,SITE 4,INT
2026-06-27 00:00:00,44.01083333333334,39.348166666666664,35.07983333333333,28.685185185185183,21.444444444444446,65.7,970.543,SITE 4,INT
2026-06-27 01:00:00,45.77633333333333,41.66166666666666,36.9725,28.555555555555557,21.333333333333332,65.96666666666667,969.7003333333333,SITE 4,INT
2026-06-27 02:00:00,44.806896551724144,40.813620689655174,36.63586206896552,28.60153256704981,21.39846743295019,65.58620689655173,969.7037931034482,SITE 4,INT
2026-06-27 03:00:00,42.9325,37.627500000000005,33.566,28.14814814814815,21.22222222222222,66.46666666666667,968.9303333333334,SITE 4,INT
2026-06-27 04:00:00,40.59032258064516,34.76725806451613,31.4541935483871,28.10035842293907,20.268817204301076,63.193548387096776,968.3841935483871,SITE 4,INT
2026-06-27 05:00:00,43.239333333333335,37.583333333333336,33.4495,27.25925925925926,20.203703703703702,66.06666666666666,968.934,SITE 4,INT
2026-06-27 06:00:00,47.72116666666667,43.119166666666665,37.466166666666666,27.833333333333332,20.722222222222225,66.36666666666666,969.5110000000001,SITE 4,INT
2026-06-27 07:00:00,54.28416666666667,52.08083333333333,45.30016666666667,27.31481481481482,21.074074074074073,69.6,969.925,SITE 4,INT
2026-06-27 08:00:00,53.47933333333334,50.1805,42.937999999999995,27.814814814814817,21.51851851851852,69.16666666666667,970.5193333333334,SITE 4,INT
2026-06-27 09:00:00,51.615,47.775666666666666,40.3975,28.53703703703704,21.64814814814815,66.9,970.7823333333333,SITE 4,INT
2026-06-27 10:00:00,52.503,49.098499999999994,41.205000000000005,29.203703703703706,21.90740740740741,65.33333333333333,970.6796666666667,SITE 4,INT
2026-06-27 11:00:00,49.506,45.02133333333333,37.858666666666664,29.833333333333332,21.75925925925926,62.63333333333333,970.586,SITE 4,INT
2026-06-27 12:00:00,47.370666666666665,42.897000000000006,36.910833333333336,31.222222222222225,21.87037037037037,58.166666666666664,969.9486666666667,SITE 4,INT
2026-06-27 13:00:00,45.73283333333333,40.976,35.504,32.57407407407407,21.703703703703702,53.5,968.9963333333333,SITE 4,INT
2026-06-27 14:00:00,44.78216666666666,39.525999999999996,33.999,33.351851851851855,21.62962962962963,50.53333333333333,968.1446666666667,SITE 4,INT
2026-06-27 15:00:00,47.07666666666667,41.99583333333333,36.07816666666667,33.92592592592593,21.740740740740744,49.233333333333334,967.7493333333333,SITE 4,INT
2026-06-27 16:00:00,50.31916666666667,45.74483333333333,38.733666666666664,33.42592592592593,21.61111111111111,50.4,967.7853333333334,SITE 4,INT
2026-06-27 17:00:00,50.285,45.90433333333333,38.986666666666665,33.148148148148145,22.444444444444446,53.9,967.9513333333333,SITE 4,INT
2026-06-27 18:00:00,51.92666666666666,47.41,39.834500000000006,32.62962962962963,22.962962962962965,57.233333333333334,968.4283333333333,SITE 4,INT
2026-06-27 19:00:00,59.073499999999996,54.9005,45.450500000000005,32.09259259259259,22.537037037037035,57.833333333333336,969.145,SITE 4,INT
2026-06-27 20:00:00,50.515,47.2265,40.63383333333333,31.425925925925927,21.814814814814817,57.03333333333333,969.6583333333333,SITE 4,INT
2026-06-27 21:00:00,46.836290322580645,41.665,35.43370967741935,31.111111111111114,21.666666666666668,57.58064516129032,970.4583870967741,SITE 4,INT
2026-06-27 22:00:00,44.98516666666667,39.67933333333334,34.03216666666667,30.833333333333336,21.25925925925926,57.2,970.8169999999999,SITE 4,INT
2026-06-27 23:00:00,47.371833333333335,42.156333333333336,35.40866666666667,30.40740740740741,21.444444444444446,59.56666666666667,970.8349999999999,SITE 4,INT
2026-06-28 00:00:00,46.69133333333333,41.50816666666666,34.893166666666666,30.074074074074073,21.48148148148148,60.53333333333333,970.3766666666667,SITE 4,INT
2026-06-28 01:00:00,46.980000000000004,41.85883333333334,35.281666666666666,29.88888888888889,21.555555555555557,61.233333333333334,969.6306666666667,SITE 4,INT
2026-06-28 02:00:00,51.57450000000001,49.035666666666664,41.818666666666665,29.11111111111111,21.5,63.96666666666667,968.9183333333333,SITE 4,INT
2026-06-28 03:00:00,52.99916666666666,49.95066666666666,41.809999999999995,28.64814814814815,21.685185185185183,66.8,968.9656666666667,SITE 4,INT
2026-06-28 04:00:00,53.97683333333334,50.400666666666666,41.527166666666666,28.11111111111111,21.666666666666668,69.23333333333333,969.2710000000001,SITE 4,INT
2026-06-28 05:00:00,56.47533333333333,54.01483333333333,45.568333333333335,27.40740740740741,21.425925925925927,71.03333333333333,969.3883333333334,SITE 4,INT
2026-06-28 06:00:00,53.0495,48.782000000000004,40.43533333333333,27.018518518518523,21.462962962962965,71.96666666666667,969.8946666666667,SITE 4,INT
2026-06-28 07:00:00,52.914833333333334,48.357499999999995,40.165499999999994,27.222222222222225,21.574074074074076,71.6,970.462,SITE 4,INT
2026-06-28 08:00:00,51.70583333333333,47.50666666666667,39.9365,27.888888888888893,21.425925925925927,69.0,970.6586666666667,SITE 4,INT
2026-06-28 09:00:00,51.0,48.22183333333333,41.473499999999994,28.98148148148148,21.61111111111111,64.96666666666667,970.4876666666667,SITE 4,INT
2026-06-28 10:00:00,47.7295,43.02583333333334,36.277166666666666,30.388888888888893,21.962962962962965,61.233333333333334,970.2846666666667,SITE 4,INT
2026-06-28 11:00:00,48.62116666666667,45.16883333333333,38.9365,31.90740740740741,22.037037037037035,56.5,969.9983333333333,SITE 4,INT
2026-06-28 12:00:00,48.01016666666667,43.059666666666665,36.72633333333333,33.18518518518519,21.87037037037037,51.9,969.4656666666667,SITE 4,INT
2026-06-28 13:00:00,46.76467741935484,41.751935483870966,35.89983870967742,34.01433691756273,21.93548387096774,49.806451612903224,969.1161290322581,SITE 4,INT
2026-06-28 14:00:00,44.9025,39.7875,34.50683333333333,34.57407407407407,21.5,47.13333333333333,968.0939999999999,SITE 4,INT
2026-06-28 15:00:00,44.97566666666667,40.022000000000006,35.00483333333333,35.48148148148149,21.574074074074076,44.93333333333333,966.7090000000001,SITE 4,INT
2026-06-28 16:00:00,48.43116666666666,43.82216666666667,37.6235,36.50000000000001,21.666666666666668,42.6,965.8816666666667,SITE 4,INT
2026-06-28 17:00:00,58.325,53.580000000000005,43.474000000000004,35.27777777777778,21.61111111111111,45.333333333333336,965.4206666666666,SITE 4,INT
2026-06-28 18:00:00,61.580333333333336,56.727333333333334,45.95766666666667,33.94444444444445,21.814814814814817,49.733333333333334,965.935,SITE 4,INT
2026-06-28 19:00:00,69.21016666666667,64.00383333333333,51.611,33.70370370370371,22.407407407407405,51.93333333333333,966.7643333333333,SITE 4,INT
2026-06-28 20:00:00,71.633,66.43249999999999,51.498333333333335,32.96296296296296,21.962962962962965,52.733333333333334,967.881,SITE 4,INT
2026-06-28 21:00:00,64.56816666666667,59.905499999999996,48.038000000000004,32.31481481481482,21.75925925925926,54.0,968.6813333333333,SITE 4,INT
2026-06-28 22:00:00,56.18783333333333,53.169666666666664,44.60033333333333,32.22222222222222,21.740740740740744,54.43333333333333,969.1603333333334,SITE 4,INT
2026-06-28 23:00:00,58.126666666666665,55.81733333333333,48.00233333333333,31.666666666666668,21.85185185185185,56.63333333333333,969.3233333333334,SITE 4,INT
2026-06-29 00:00:00,49.7445,46.57616666666667,40.2645,31.185185185185187,21.85185185185185,58.4,968.9093333333333,SITE 4,INT
2026-06-29 01:00:00,43.085,37.13433333333333,32.352833333333336,28.48148148148148,20.037037037037035,61.0,970.1743333333333,SITE 4,INT
2026-06-29 02:00:00,38.889,33.926500000000004,32.559333333333335,26.037037037037035,19.01851851851852,66.0,968.7009999999999,SITE 4,INT
2026-06-29 03:00:00,40.6705,36.5575,35.137166666666666,25.87037037037037,18.944444444444446,66.36666666666666,968.2426666666667,SITE 4,INT
2026-06-29 04:00:00,37.986999999999995,32.437,30.4625,24.833333333333332,18.925925925925927,70.63333333333334,968.0673333333333,SITE 4,INT
2026-06-29 05:00:00,38.224333333333334,32.30316666666667,30.308,24.98148148148148,18.722222222222225,68.96666666666667,967.8576666666667,SITE 4,INT
2026-06-29 06:00:00,38.857,32.67133333333333,30.590333333333334,25.14814814814815,19.037037037037035,69.33333333333333,968.4666666666667,SITE 4,INT
2026-06-29 07:00:00,37.645161290322584,31.661774193548386,29.539032258064516,26.81003584229391,19.749103942652333,65.87096774193549,968.9254838709677,SITE 4,INT
2026-06-29 08:00:00,39.83133333333333,34.27616666666667,32.123333333333335,27.5,19.740740740740744,63.333333333333336,969.173,SITE 4,INT
2026-06-29 09:00:00,39.94416666666667,35.1,32.837666666666664,28.555555555555557,19.962962962962965,60.2,969.5169999999999,SITE 4,INT
2026-06-29 10:00:00,38.017,32.475833333333334,29.7215,29.944444444444446,20.11111111111111,56.1,969.128,SITE 4,INT
2026-06-29 11:00:00,34.7875,29.206500000000002,27.25433333333333,31.03703703703704,20.592592592592595,54.4,968.647,SITE 4,INT
2026-06-29 12:00:00,36.92999999999999,31.52466666666667,29.819,32.148148148148145,21.40740740740741,53.666666666666664,968.5120000000001,SITE 4,INT
2026-06-29 13:00:00,36.199333333333335,30.586,28.5545,32.72222222222222,21.85185185185185,53.233333333333334,967.9646666666666,SITE 4,INT
2026-06-29 14:00:00,35.7845,30.245833333333334,28.125166666666665,33.20370370370371,21.12962962962963,49.56666666666667,967.3106666666666,SITE 4,INT
2026-06-29 15:00:00,38.95333333333333,33.17,30.7925,33.55555555555556,21.314814814814817,49.03333333333333,966.883,SITE 4,INT
2026-06-29 16:00:00,41.56033333333333,36.14683333333333,33.10633333333333,32.94444444444444,21.48148148148148,51.4,966.6776666666667,SITE 4,INT
2026-06-29 17:00:00,41.45166666666667,36.7735,34.19533333333333,32.01851851851852,21.037037037037035,52.8,966.7693333333334,SITE 4,INT
2026-06-29 18:00:00,45.843333333333334,41.98266666666667,38.19733333333333,31.31481481481482,21.0,54.766666666666666,967.122,SITE 4,INT
2026-06-29 19:00:00,48.935500000000005,44.03733333333333,38.021166666666666,30.703703703703706,21.11111111111111,57.03333333333333,968.0686666666667,SITE 4,INT
2026-06-29 20:00:00,69.18866666666666,62.81516666666666,48.41,29.796296296296298,20.85185185185185,59.2,968.4823333333334,SITE 4,INT
2026-06-29 21:00:00,46.63516666666667,41.748000000000005,36.6665,29.666666666666668,21.092592592592595,60.6,968.8366666666666,SITE 4,INT
2026-06-29 22:00:00,41.54866666666667,36.51583333333333,33.469,29.12962962962963,20.75925925925926,61.0,969.4789999999999,SITE 4,INT
2026-06-29 23:00:00,38.974000000000004,33.983,31.81566666666667,29.40740740740741,20.75925925925926,59.93333333333333,969.8623333333333,SITE 4,INT
2026-06-30 00:00:00,42.34516129032258,37.71241935483871,34.97790322580645,29.17562724014337,21.308243727598565,63.16129032258065,969.07,SITE 4,INT
2026-06-30 01:00:00,44.17216666666666,39.712333333333326,36.849666666666664,28.518518518518523,21.074074074074073,64.73333333333333,968.874,SITE 4,INT
2026-06-30 02:00:00,38.51883333333333,33.255,31.744000000000003,28.203703703703706,20.574074074074076,64.23333333333333,968.1919999999999,SITE 4,INT
2026-06-30 03:00:00,42.702,38.082499999999996,35.306333333333335,27.722222222222225,20.87037037037037,67.13333333333334,968.3516666666667,SITE 4,INT
2026-06-30 04:00:00,42.504000000000005,37.589000000000006,34.93933333333334,28.0,20.814814814814817,65.9,968.868,SITE 4,INT
2026-06-30 05:00:00,41.241166666666665,35.872166666666665,33.52633333333333,27.370370370370374,20.685185185185183,67.56666666666666,969.4723333333333,SITE 4,INT
2026-06-30 06:00:00,44.4965,39.42883333333334,35.9045,27.16666666666667,20.462962962962965,66.93333333333334,969.6436666666667,SITE 4,INT
2026-06-30 07:00:00,40.39833333333333,34.868,32.49766666666667,27.388888888888893,20.055555555555554,64.83333333333333,970.068,SITE 4,INT
2026-06-30 08:00:00,41.809333333333335,36.958999999999996,34.519999999999996,28.222222222222225,20.388888888888893,63.233333333333334,970.4736666666666,SITE 4,INT
2026-06-30 09:00:00,39.65,34.565333333333335,31.985333333333333,29.314814814814817,20.722222222222225,60.43333333333333,970.6413333333334,SITE 4,INT
2026-06-30 10:00:00,38.58583333333333,32.9765,30.184833333333334,30.296296296296298,20.87037037037037,57.8,970.4336666666666,SITE 4,INT
2026-06-30 11:00:00,37.7215,32.49483333333333,30.445,31.388888888888893,21.24074074074074,55.233333333333334,969.8583333333333,SITE 4,INT
2026-06-30 12:00:00,39.39183333333333,34.46083333333333,32.259,32.25925925925926,21.25925925925926,52.9,969.329,SITE 4,INT
2026-06-30 13:00:00,37.67733333333333,31.967833333333335,29.528333333333332,33.22222222222222,21.61111111111111,51.03333333333333,968.6063333333333,SITE 4,INT
2026-06-30 14:00:00,41.156333333333336,35.640166666666666,32.26883333333333,33.90740740740741,21.85185185185185,49.766666666666666,967.7563333333333,SITE 4,INT
2026-06-30 15:00:00,42.22338709677419,36.91677419354839,33.07419354838709,34.33691756272401,21.594982078853047,47.70967741935484,966.9009677419355,SITE 4,INT
2026-06-30 16:00:00,43.57116666666666,38.71716666666667,34.786500000000004,34.666666666666664,21.166666666666668,45.766666666666666,966.4126666666667,SITE 4,INT
2026-06-30 17:00:00,42.954166666666666,37.90683333333333,34.0115,34.12962962962963,20.944444444444446,46.43333333333333,966.3046666666667,SITE 4,INT
2026-06-30 18:00:00,46.69016666666666,41.89966666666667,36.332499999999996,33.03703703703704,21.314814814814817,50.7,966.7616666666667,SITE 4,INT
2026-06-30 19:00:00,50.2395,47.245666666666665,41.31966666666666,31.814814814814817,21.48148148148148,55.1,967.3770000000001,SITE 4,INT
2026-06-30 20:00:00,56.57633333333333,54.12433333333333,46.38633333333333,31.62962962962963,21.98148148148148,57.36666666666667,968.5846666666667,SITE 4,INT
2026-06-30 21:00:00,47.98916666666666,43.36716666666667,36.866499999999995,30.888888888888893,22.203703703703702,60.3,969.1646666666667,SITE 4,INT
2026-06-30 22:00:00,44.858,39.64883333333333,34.09383333333333,30.166666666666668,21.833333333333332,61.86666666666667,969.621,SITE 4,INT
2026-06-30 23:00:00,43.406166666666664,38.31216666666667,33.7535,30.0,22.055555555555554,62.86666666666667,970.0416666666666,SITE 4,INT
2026-07-01 00:00:00,45.38666666666666,40.10066666666667,34.69866666666667,29.62962962962963,21.85185185185185,63.666666666666664,970.0413333333333,SITE 4,INT
2026-07-01 01:00:00,44.38783333333333,40.5725,36.20616666666667,28.90740740740741,21.592592592592595,65.16666666666667,969.713,SITE 4,INT
2026-07-01 02:00:00,38.00333333333333,32.624,31.049166666666668,27.222222222222225,20.425925925925927,66.76666666666667,969.1866666666666,SITE 4,INT
2026-07-01 03:00:00,38.208999999999996,32.654833333333336,30.9055,27.240740740740744,20.40740740740741,66.86666666666666,968.9073333333333,SITE 4,INT
2026-07-01 04:00:00,42.85433333333334,37.443,33.675333333333334,26.888888888888893,20.685185185185183,69.53333333333333,968.4866666666666,SITE 4,INT
2026-07-01 05:00:00,45.94533333333333,41.2965,36.195166666666665,26.796296296296298,21.166666666666668,72.13333333333334,968.811,SITE 4,INT
2026-07-01 06:00:00,52.48083333333333,49.32899999999999,41.87766666666666,27.462962962962965,21.38888888888889,70.4,969.5816666666667,SITE 4,INT
2026-07-01 07:00:00,53.18416666666667,49.71083333333333,42.002500000000005,27.333333333333336,21.592592592592595,71.26666666666667,969.8646666666666,SITE 4,INT
2026-07-01 08:00:00,53.225967741935484,49.894999999999996,42.612096774193546,27.8494623655914,21.648745519713266,69.51612903225806,970.3445161290323,SITE 4,INT
2026-07-01 09:00:00,52.06883333333334,48.54083333333333,41.356833333333334,28.40740740740741,21.62962962962963,67.56666666666666,970.5276666666666,SITE 4,INT
2026-07-01 10:00:00,53.486666666666665,50.74066666666667,44.00183333333334,28.944444444444446,21.574074074074076,64.93333333333334,970.304,SITE 4,INT
2026-07-01 11:00:00,47.52066666666666,43.74583333333333,38.55366666666667,29.87037037037037,21.61111111111111,61.93333333333333,970.1273333333334,SITE 4,INT
2026-07-01 12:00:00,45.960166666666666,41.52466666666667,36.50483333333333,31.074074074074076,21.5,57.36666666666667,969.5026666666668,SITE 4,INT
2026-07-01 13:00:00,44.530833333333334,40.06266666666667,35.901666666666664,32.24074074074074,21.48148148148148,53.46666666666667,968.9473333333333,SITE 4,INT
2026-07-01 14:00:00,43.094,37.626333333333335,33.316833333333335,33.72222222222222,21.5,49.233333333333334,968.435,SITE 4,INT
2026-07-01 15:00:00,42.4415,36.96783333333334,32.91516666666667,34.0,21.703703703703702,49.03333333333333,967.973,SITE 4,INT
2026-07-01 16:00:00,44.331,38.959500000000006,34.58866666666667,34.407407407407405,21.555555555555557,47.5,967.6846666666667,SITE 4,INT
2026-07-01 17:00:00,45.46333333333334,40.142,34.977333333333334,33.75925925925926,21.35185185185185,48.46666666666667,967.9013333333334,SITE 4,INT
2026-07-01 18:00:00,55.86,51.376,42.51483333333333,32.648148148148145,21.444444444444446,52.06666666666667,968.1243333333333,SITE 4,INT
2026-07-01 19:00:00,62.657333333333334,58.765,48.28933333333334,31.740740740740744,21.555555555555557,55.333333333333336,968.518,SITE 4,INT
2026-07-01 20:00:00,54.532666666666664,50.631166666666665,42.49966666666667,31.16666666666667,21.64814814814815,57.666666666666664,969.23,SITE 4,INT
2026-07-01 21:00:00,58.9555,53.98233333333334,43.44216666666667,30.833333333333336,21.90740740740741,59.36666666666667,970.0013333333334,SITE 4,INT
2026-07-01 22:00:00,53.4725,48.349333333333334,40.257666666666665,30.333333333333332,21.685185185185183,60.63333333333333,970.27,SITE 4,INT
2026-07-01 23:00:00,44.20216666666667,38.789,33.592999999999996,29.87037037037037,21.703703703703702,62.36666666666667,970.2983333333334,SITE 4,INT
2026-07-02 00:00:00,45.666935483870965,41.02193548387097,35.57790322580645,29.444444444444446,21.666666666666668,63.70967741935484,970.0712903225806,SITE 4,INT
2026-07-02 01:00:00,49.73233333333334,47.06016666666667,41.017500000000005,28.944444444444446,21.592592592592595,65.06666666666666,969.5863333333333,SITE 4,INT
2026-07-02 02:00:00,49.03883333333333,46.00083333333334,39.898,28.53703703703704,21.64814814814815,66.7,969.4576666666667,SITE 4,INT
2026-07-02 03:00:00,49.279,45.62583333333334,39.235,28.31481481481482,21.64814814814815,67.9,969.5143333333333,SITE 4,INT
2026-07-02 04:00:00,49.944833333333335,46.3205,39.80083333333334,27.370370370370374,21.40740740740741,70.66666666666667,969.5373333333333,SITE 4,INT
2026-07-02 05:00:00,51.88333333333333,48.59016666666666,41.29383333333333,27.425925925925927,21.51851851851852,70.9,970.088,SITE 4,INT
2026-07-02 06:00:00,56.533833333333334,52.68216666666667,43.73766666666666,26.814814814814817,21.24074074074074,72.33333333333333,970.7503333333333,SITE 4,INT
2026-07-02 07:00:00,54.837999999999994,51.30016666666667,42.721000000000004,27.000000000000004,21.22222222222222,71.5,971.0516666666666,SITE 4,INT
2026-07-02 08:00:00,52.55566666666667,49.00666666666667,41.912166666666664,27.90740740740741,20.98148148148148,66.83333333333333,971.4083333333333,SITE 4,INT
2026-07-02 09:00:00,49.65383333333333,46.007666666666665,39.993,28.870370370370374,20.87037037037037,62.53333333333333,971.7936666666667,SITE 4,INT
2026-07-02 10:00:00,46.0685,41.4715,35.98883333333333,29.962962962962965,20.833333333333332,58.9,971.6136666666666,SITE 4,INT
2026-07-02 11:00:00,46.95666666666667,42.545833333333334,36.857,30.925925925925927,21.12962962962963,56.5,971.372,SITE 4,INT
2026-07-02 12:00:00,44.90916666666667,40.5795,35.96783333333334,32.388888888888886,21.296296296296298,52.266666666666666,970.8796666666666,SITE 4,INT
2026-07-02 13:00:00,42.908,37.478833333333334,33.00516666666667,33.148148148148145,21.37037037037037,50.46666666666667,970.026,SITE 4,INT
2026-07-02 14:00:00,43.07233333333333,37.756,33.359833333333334,33.7962962962963,21.72222222222222,49.666666666666664,969.1923333333333,SITE 4,INT
2026-07-02 15:00:00,45.54633333333334,41.00783333333334,36.00216666666667,34.88888888888889,21.35185185185185,45.5,968.6993333333334,SITE 4,INT
2026-07-02 16:00:00,46.306612903225805,41.56306451612903,36.50370967741936,34.2831541218638,20.86021505376344,45.83870967741935,968.4119354838709,SITE 4,INT
2026-07-02 17:00:00,48.23733333333333,43.5715,37.440000000000005,34.14814814814815,21.185185185185183,47.36666666666667,968.3006666666666,SITE 4,INT
2026-07-02 18:00:00,62.938,57.80366666666667,47.041333333333334,33.55555555555556,20.962962962962965,48.3,968.2416666666667,SITE 4,INT
2026-07-02 19:00:00,75.35166666666667,69.44833333333332,54.21066666666666,32.833333333333336,21.574074074074076,51.86666666666667,968.5916666666667,SITE 4,INT
2026-07-02 20:00:00,62.4705,57.854166666666664,46.655,30.90740740740741,22.61111111111111,61.833333333333336,969.4923333333334,SITE 4,INT
2026-07-02 21:00:00,57.34433333333333,52.67266666666667,42.985,30.77777777777778,22.462962962962965,62.166666666666664,969.7853333333334,SITE 4,INT
2026-07-02 22:00:00,54.574333333333335,49.94316666666667,41.5865,30.40740740740741,22.14814814814815,62.13333333333333,970.2153333333333,SITE 4,INT
2026-07-02 23:00:00,49.324666666666666,44.50116666666667,37.717666666666666,29.574074074074076,21.796296296296298,63.03333333333333,970.4046666666667,SITE 4,INT
2026-07-03 00:00:00,47.24166666666667,42.934,37.10966666666666,28.944444444444446,21.314814814814817,64.36666666666666,970.1506666666667,SITE 4,INT
2026-07-03 01:00:00,46.508,42.53066666666667,37.56166666666666,28.40740740740741,21.35185185185185,66.26666666666667,969.806,SITE 4,INT
2026-07-03 02:00:00,49.57416666666666,46.55916666666667,40.699,27.962962962962965,21.296296296296298,67.43333333333334,969.3326666666667,SITE 4,INT
2026-07-03 03:00:00,47.06183333333333,43.40833333333333,38.5345,27.77777777777778,21.14814814814815,67.36666666666666,969.0683333333333,SITE 4,INT
2026-07-03 04:00:00,47.1455,43.01916666666667,37.61266666666666,27.574074074074076,21.24074074074074,68.93333333333334,969.422,SITE 4,INT
2026-07-03 05:00:00,52.83166666666667,49.17166666666667,41.70483333333333,27.5,21.38888888888889,69.56666666666666,969.5176666666666,SITE 4,INT
2026-07-03 06:00:00,58.00416666666667,54.480000000000004,45.28933333333334,27.12962962962963,21.314814814814817,70.9,969.7223333333333,SITE 4,INT
2026-07-03 07:00:00,58.191,54.919666666666664,45.9555,27.462962962962965,21.35185185185185,70.33333333333333,970.2876666666667,SITE 4,INT
2026-07-03 08:00:00,56.641,53.56066666666666,45.21366666666667,27.944444444444446,21.685185185185183,69.26666666666667,970.4463333333333,SITE 4,INT
2026-07-03 09:00:00,54.02532258064517,50.76451612903226,43.134516129032264,29.659498207885306,22.18637992831541,64.6774193548387,970.6267741935484,SITE 4,INT
2026-07-03 10:00:00,50.897666666666666,47.701,41.287,31.222222222222225,22.27777777777778,59.7,971.0186666666667,SITE 4,INT
2026-07-03 11:00:00,47.870999999999995,44.70133333333333,39.674,30.75925925925926,21.75925925925926,59.4,970.8933333333333,SITE 4,INT
2026-07-03 12:00:00,42.78833333333333,37.57083333333333,34.2635,28.98148148148148,20.814814814814817,62.0,969.8246666666668,SITE 4,INT
2026-07-03 13:00:00,41.56583333333333,36.96216666666667,34.07283333333333,32.148148148148145,21.25925925925926,52.9,968.6526666666667,SITE 4,INT
2026-07-03 14:00:00,38.447,33.083333333333336,31.060333333333332,33.94444444444444,20.222222222222225,45.0,968.0120000000001,SITE 4,INT
2026-07-03 15:00:00,41.12383333333333,36.62916666666667,34.23966666666667,34.148148148148145,19.64814814814815,42.766666666666666,967.707,SITE 4,INT
2026-07-03 16:00:00,40.8665,35.79600000000001,33.0425,32.2962962962963,20.462962962962965,50.03333333333333,967.4016666666666,SITE 4,INT
2026-07-03 17:00:00,47.415166666666664,43.28416666666667,38.83766666666667,31.75925925925926,21.14814814814815,53.8,967.4576666666667,SITE 4,INT
2026-07-03 18:00:00,50.23133333333333,45.64816666666666,39.82966666666667,31.018518518518523,21.703703703703702,58.266666666666666,967.607,SITE 4,INT
2026-07-03 19:00:00,47.823499999999996,42.7935,37.40083333333334,30.37037037037037,21.62962962962963,59.96666666666667,969.0776666666667,SITE 4,INT
2026-07-03 20:00:00,40.247499999999995,35.324,32.84916666666667,28.166666666666668,20.62962962962963,64.3,971.4726666666667,SITE 4,INT
2026-07-03 21:00:00,36.904666666666664,31.203500000000002,29.810166666666664,27.75925925925926,21.037037037037035,67.36666666666666,971.6829999999999,SITE 4,INT
2026-07-03 22:00:00,35.58416666666667,29.771,28.336166666666667,27.962962962962965,20.592592592592595,64.73333333333333,971.7513333333334,SITE 4,INT
2026-07-03 23:00:00,37.342999999999996,31.64783333333333,30.069166666666668,27.518518518518523,20.296296296296298,65.86666666666666,971.1906666666667,SITE 4,INT
2026-07-04 00:00:00,37.0125,31.397,30.076166666666666,27.27777777777778,20.333333333333332,66.2,969.1086666666667,SITE 4,INT
2026-07-04 01:00:00,38.21,32.744166666666665,31.006666666666664,27.074074074074076,19.90740740740741,65.8,968.5669999999999,SITE 4,INT
2026-07-04 02:00:00,39.424,34.977,33.22383333333333,27.11111111111111,19.814814814814817,65.2,967.3240000000001,SITE 4,INT
2026-07-04 03:00:00,38.83683333333333,33.7945,32.358666666666664,27.203703703703706,20.444444444444446,66.83333333333333,967.788,SITE 4,INT
2026-07-04 04:00:00,40.689677419354844,35.31903225806451,32.68677419354839,26.91756272401434,20.51971326164875,68.83870967741936,968.6609677419356,SITE 4,INT
2026-07-04 05:00:00,43.931666666666665,38.88466666666667,34.709833333333336,27.092592592592595,20.98148148148148,69.33333333333333,969.5563333333333,SITE 4,INT
2026-07-04 06:00:00,43.74316666666667,38.504000000000005,34.72483333333333,27.222222222222225,20.722222222222225,68.5,970.0806666666667,SITE 4,INT
2026-07-04 07:00:00,51.03816666666667,46.88533333333333,40.440333333333335,27.333333333333336,20.666666666666668,67.73333333333333,970.2636666666666,SITE 4,INT
2026-07-04 08:00:00,48.26116666666667,43.62,38.524,27.962962962962965,20.685185185185183,65.06666666666666,970.5343333333333,SITE 4,INT
2026-07-04 09:00:00,40.759,35.58183333333333,32.99733333333333,28.351851851851855,20.574074074074076,63.7,970.8313333333333,SITE 4,INT
2026-07-04 10:00:00,42.344166666666666,37.551833333333335,34.642500000000005,28.351851851851855,20.574074074074076,63.733333333333334,970.9213333333333,SITE 4,INT
2026-07-04 11:00:00,42.344500000000004,38.1205,35.434999999999995,28.962962962962965,20.814814814814817,62.03333333333333,970.8563333333333,SITE 4,INT
2026-07-04 12:00:00,40.86016666666667,36.11133333333333,33.415333333333336,29.40740740740741,21.074074074074073,61.13333333333333,970.529,SITE 4,INT
2026-07-04 13:00:00,38.71816666666667,33.305166666666665,30.63083333333333,29.833333333333332,21.166666666666668,60.2,970.026,SITE 4,INT
2026-07-04 14:00:00,39.022166666666664,33.31433333333333,30.047833333333333,30.40740740740741,21.24074074074074,58.56666666666667,969.7163333333333,SITE 4,INT
2026-07-04 15:00:00,41.63983333333333,37.70766666666667,34.87683333333334,31.425925925925927,21.40740740740741,55.833333333333336,969.056,SITE 4,INT
2026-07-04 16:00:00,42.95516666666666,38.611999999999995,35.18233333333333,32.22222222222222,21.574074074074076,53.833333333333336,968.7139999999999,SITE 4,INT
2026-07-04 17:00:00,45.18666666666666,41.94883333333333,38.465333333333334,31.87037037037037,21.333333333333332,54.6,969.1143333333333,SITE 4,INT
2026-07-04 18:00:00,52.12016666666667,48.91366666666667,42.526666666666664,31.5,21.703703703703702,56.333333333333336,969.381,SITE 4,INT
2026-07-04 19:00:00,69.586,64.4255,52.271499999999996,30.870370370370374,21.88888888888889,59.56666666666667,969.6073333333334,SITE 4,INT
2026-07-04 20:00:00,67.29903225806451,62.118870967741934,49.66532258064516,30.555555555555557,22.508960573476703,62.70967741935484,970.1383870967742,SITE 4,INT
2026-07-04 21:00:00,59.72083333333333,55.0765,45.415,30.11111111111111,22.01851851851852,62.53333333333333,970.5393333333334,SITE 4,INT
2026-07-04 22:00:00,54.39633333333334,50.160999999999994,42.0295,30.0,22.22222222222222,63.86666666666667,970.6276666666666,SITE 4,INT
2026-07-04 23:00:00,49.117666666666665,44.984,38.901500000000006,29.796296296296298,22.259259259259256,64.7,970.7343333333333,SITE 4,INT
2026-07-05 00:00:00,47.04766666666667,42.557,37.485,29.444444444444446,22.22222222222222,65.36666666666666,970.6033333333332,SITE 4,INT
2026-07-05 01:00:00,44.49896551724138,40.42344827586207,36.32896551724138,28.984674329501914,21.915708812260537,66.62068965517241,970.2220689655172,SITE 4,INT
2026-07-05 02:00:00,43.51883333333333,39.722,36.4465,28.88888888888889,22.14814814814815,67.0,969.822,SITE 4,INT
2026-07-05 03:00:00,42.27033333333333,38.25183333333334,35.77583333333334,28.574074074074076,21.444444444444446,66.3,969.6659999999999,SITE 4,INT
2026-07-05 04:00:00,39.889,35.19866666666667,33.114666666666665,28.425925925925927,21.203703703703702,65.9,969.4883333333333,SITE 4,INT
2026-07-05 05:00:00,43.88416666666667,39.073,34.98916666666666,28.333333333333336,21.203703703703702,66.4,969.7056666666667,SITE 4,INT
2026-07-05 06:00:00,79.15433333333334,74.73516666666666,59.55050000000001,27.90740740740741,21.11111111111111,67.36666666666666,970.0743333333334,SITE 4,INT
2026-07-05 07:00:00,68.30483333333333,63.56633333333333,52.7625,28.64814814814815,21.51851851851852,66.16666666666667,970.4583333333334,SITE 4,INT
2026-07-05 08:00:00,47.5975,43.90333333333333,39.3085,29.12962962962963,21.5,64.0,970.5106666666667,SITE 4,INT
2026-07-05 09:00:00,41.339166666666664,35.815333333333335,32.43716666666667,30.240740740740744,21.666666666666668,60.666666666666664,970.8376666666667,SITE 4,INT
2026-07-05 10:00:00,43.6355,39.99166666666667,37.224333333333334,31.425925925925927,21.462962962962965,55.7,970.5116666666667,SITE 4,INT
2026-07-05 11:00:00,41.06583333333333,36.21783333333334,33.45466666666667,32.592592592592595,21.38888888888889,52.03333333333333,969.9770000000001,SITE 4,INT
2026-07-05 12:00:00,39.49919354838709,33.89354838709678,31.17112903225806,33.74551971326166,21.505376344086024,49.193548387096776,969.324193548387,SITE 4,INT
2026-07-05 13:00:00,40.87916666666667,35.59866666666667,32.4375,34.31481481481481,21.14814814814815,46.8,968.3973333333332,SITE 4,INT
2026-07-05 14:00:00,45.698166666666665,41.718333333333334,37.68383333333334,34.7037037037037,21.185185185185183,45.833333333333336,967.7303333333333,SITE 4,INT
2026-07-05 15:00:00,43.09883333333333,38.201,34.287166666666664,35.98148148148149,21.444444444444446,43.1,967.101,SITE 4,INT
2026-07-05 16:00:00,44.486666666666665,39.397666666666666,34.84616666666667,35.833333333333336,21.12962962962963,42.6,967.018,SITE 4,INT
2026-07-05 17:00:00,46.641333333333336,41.539833333333334,35.98800000000001,35.7037037037037,20.962962962962965,42.833333333333336,967.13,SITE 4,INT
2026-07-05 18:00:00,57.28534482758621,52.36827586206897,43.48172413793104,34.94252873563219,21.091954022988503,44.93103448275862,967.66,SITE 4,INT
2026-07-05 19:00:00,91.45233333333334,86.16216666666668,64.94183333333334,34.22222222222222,21.944444444444446,49.13333333333333,968.34,SITE 4,INT
2026-07-05 20:00:00,55.64966666666667,51.286833333333334,42.535833333333336,33.25925925925926,22.074074074074073,52.6,968.7203333333333,SITE 4,INT
2026-07-05 21:00:00,49.41833333333333,44.897166666666664,38.044999999999995,32.55555555555556,22.296296296296298,55.333333333333336,969.1616666666666,SITE 4,INT
2026-07-05 22:00:00,47.717333333333336,43.598,37.980333333333334,31.48148148148148,22.11111111111111,58.1,969.376,SITE 4,INT
2026-07-05 23:00:00,45.4075,40.11783333333334,34.39149999999999,30.592592592592595,22.074074074074073,61.266666666666666,969.4593333333333,SITE 4,INT
2026-07-06 00:00:00,44.549677419354836,39.28387096774193,33.85435483870968,30.43010752688172,22.22222222222222,62.32258064516129,969.3525806451613,SITE 4,INT
2026-07-06 01:00:00,43.951,38.8435,33.89566666666666,29.796296296296298,22.14814814814815,64.63333333333334,969.106,SITE 4,INT
2026-07-06 02:00:00,44.55316666666667,39.491499999999995,34.20316666666667,30.0,22.425925925925927,64.76666666666667,968.9896666666666,SITE 4,INT
2026-07-06 03:00:00,44.724333333333334,39.8475,34.60166666666667,29.592592592592595,22.425925925925927,66.0,968.7453333333334,SITE 4,INT
2026-07-06 04:00:00,47.13466666666667,42.8945,37.315333333333335,28.666666666666668,22.14814814814815,68.36666666666666,968.4493333333334,SITE 4,INT
2026-07-06 05:00:00,49.473166666666664,46.042,39.844,28.185185185185183,22.0,69.93333333333334,968.5843333333333,SITE 4,INT
2026-07-06 06:00:00,48.64083333333333,44.2145,38.6175,27.25925925925926,21.98148148148148,73.4,968.6073333333334,SITE 4,INT
2026-07-06 07:00:00,50.182,46.794666666666664,41.11416666666666,27.5,21.98148148148148,72.73333333333333,969.6296666666666,SITE 4,INT
2026-07-06 08:00:00,50.473166666666664,47.84683333333333,41.9195,28.851851851851855,22.259259259259256,68.46666666666667,969.9503333333333,SITE 4,INT
2026-07-06 09:00:00,50.680166666666665,48.82449999999999,43.487,29.444444444444446,22.14814814814815,65.43333333333334,969.6956666666666,SITE 4,INT
2026-07-06 10:00:00,48.34866666666667,45.26683333333334,40.03933333333334,29.90740740740741,22.685185185185183,66.03333333333333,969.7696666666667,SITE 4,INT
2026-07-06 11:00:00,51.84133333333333,49.098499999999994,43.09766666666667,29.574074074074076,22.537037037037035,66.76666666666667,969.2766666666666,SITE 4,INT
2026-07-06 12:00:00,47.7585,44.66466666666667,39.73066666666667,30.240740740740744,22.592592592592595,64.2,969.0203333333334,SITE 4,INT
2026-07-06 13:00:00,48.374,45.52916666666667,40.51166666666666,31.000000000000004,22.574074074074073,61.03333333333333,968.632,SITE 4,INT
2026-07-06 14:00:00,49.7885,48.190666666666665,43.377500000000005,31.722222222222225,22.77777777777778,59.833333333333336,968.1266666666667,SITE 4,INT
2026-07-06 15:00:00,46.1575,41.522666666666666,36.817,33.22222222222222,22.35185185185185,53.333333333333336,966.77,SITE 4,INT
2026-07-06 16:00:00,46.353500000000004,41.536833333333334,36.424,33.81481481481482,22.22222222222222,51.333333333333336,966.8656666666667,SITE 4,INT
2026-07-06 17:00:00,47.733,43.26433333333333,37.495,32.92592592592593,21.944444444444446,53.13333333333333,967.6016666666667,SITE 4,INT
2026-07-06 18:00:00,61.83951612903226,58.05983870967742,48.527903225806455,32.168458781362006,22.02508960573477,55.70967741935484,968.4551612903226,SITE 4,INT
2026-07-06 19:00:00,69.74866666666667,64.61716666666668,52.18183333333333,31.333333333333336,21.88888888888889,57.86666666666667,968.7553333333333,SITE 4,INT
2026-07-06 20:00:00,46.584666666666664,42.022166666666664,36.3935,30.666666666666668,21.444444444444446,58.166666666666664,969.2710000000001,SITE 4,INT
2026-07-06 21:00:00,46.06516666666666,41.470666666666666,36.07,30.25925925925926,21.462962962962965,59.9,969.6643333333334,SITE 4,INT
2026-07-06 22:00:00,47.17333333333333,42.988166666666665,37.174,30.0,21.574074074074073,61.36666666666667,970.1366666666667,SITE 4,INT
2026-07-06 23:00:00,48.82783333333334,44.669,38.40233333333333,30.388888888888893,21.88888888888889,60.93333333333333,969.7756666666667,SITE 4,INT
2026-07-07 00:00:00,47.686,43.835,37.95183333333333,30.0,21.75925925925926,61.7,969.8383333333334,SITE 4,INT
2026-07-07 01:00:00,46.446333333333335,42.775666666666666,37.4645,29.62962962962963,21.85185185185185,63.0,969.5663333333333,SITE 4,INT
2026-07-07 02:00:00,47.640166666666666,44.169,38.474500000000006,29.40740740740741,21.62962962962963,63.43333333333333,969.3386666666667,SITE 4,INT
2026-07-07 03:00:00,50.955000000000005,48.631166666666665,42.29116666666666,29.185185185185183,21.814814814814817,64.83333333333333,969.5360000000001,SITE 4,INT
2026-07-07 04:00:00,50.98283333333333,49.498333333333335,43.65016666666667,28.88888888888889,21.666666666666668,65.0,969.7326666666667,SITE 4,INT
2026-07-07 05:00:00,52.190666666666665,50.24283333333334,43.366499999999995,28.53703703703704,21.314814814814817,65.7,970.0913333333334,SITE 4,INT
2026-07-07 06:00:00,60.69466666666666,58.105333333333334,48.5635,28.333333333333336,21.5,66.86666666666666,970.9623333333333,SITE 4,INT
2026-07-07 07:00:00,62.991166666666665,60.63316666666666,50.867333333333335,28.85185185185185,22.185185185185183,67.23333333333333,971.4923333333334,SITE 4,INT
2026-07-07 08:00:00,59.02316666666666,56.83833333333334,47.75216666666667,28.833333333333332,22.166666666666668,67.73333333333333,971.8773333333334,SITE 4,INT
2026-07-07 09:00:00,68.63616666666667,65.67383333333333,52.8215,29.333333333333332,22.166666666666668,65.8,972.4770000000001,SITE 4,INT
2026-07-07 10:00:00,65.2425,61.79483333333334,50.23283333333333,29.425925925925927,22.14814814814815,65.06666666666666,972.425,SITE 4,INT
2026-07-07 11:00:00,63.24263157894736,60.01052631578948,48.54236842105263,29.590643274853804,21.98830409356725,64.36842105263158,972.22,SITE 4,INT
