datetime,PM10,PM25,PM1,temp_c,dewpoint_c,humidity,pressure_hpa,site,location
2026-02-10 16:00:00,14.117799999999999,12.440999999999999,7.9796000000000005,37.08888888888889,0.9555555555555556,10.24,971.6992,SITE 9,EXT
2026-02-10 17:00:00,26.795666666666666,24.1545,15.9835,37.05555555555556,1.8703703703703705,10.933333333333334,971.643,SITE 9,EXT
2026-02-10 18:00:00,46.2845,38.09166666666667,25.285166666666665,36.14814814814815,3.351851851851852,12.6,972.3056666666666,SITE 9,EXT
2026-02-10 19:00:00,68.82166666666667,58.466833333333334,37.28366666666667,35.24074074074074,4.314814814814815,14.333333333333334,973.079,SITE 9,EXT
2026-02-10 20:00:00,141.9625806451613,127.90532258064516,76.79516129032258,34.856630824372765,5.949820788530467,16.64516129032258,974.0306451612903,SITE 9,EXT
2026-02-10 21:00:00,117.02066666666666,106.04866666666666,63.65933333333333,33.81481481481482,7.074074074074074,19.066666666666666,974.6306666666666,SITE 9,EXT
2026-02-10 22:00:00,129.11933333333334,118.90183333333333,76.622,33.0,7.944444444444445,21.066666666666666,974.8539999999999,SITE 9,EXT
2026-02-10 23:00:00,137.04833333333332,126.41483333333333,81.63866666666667,32.31481481481482,8.75925925925926,23.333333333333332,974.7286666666666,SITE 9,EXT
2026-02-11 00:00:00,144.61266666666668,133.80833333333334,86.12233333333333,31.31481481481482,9.814814814814815,26.533333333333335,974.4973333333334,SITE 9,EXT
2026-02-11 01:00:00,126.09833333333333,116.52250000000001,74.74566666666666,30.574074074074076,9.666666666666666,27.366666666666667,974.0546666666667,SITE 9,EXT
2026-02-11 02:00:00,92.0524193548387,82.6708064516129,52.163548387096775,29.731182795698928,8.49462365591398,26.677419354838708,973.4629032258064,SITE 9,EXT
2026-02-11 03:00:00,70.86716666666666,61.57083333333333,39.687,29.14814814814815,8.12962962962963,27.0,973.5393333333334,SITE 9,EXT
2026-02-11 04:00:00,97.53866666666666,90.315,57.823,28.222222222222225,8.537037037037038,29.333333333333332,974.0699999999999,SITE 9,EXT
2026-02-11 05:00:00,108.73183333333333,100.13433333333333,64.39333333333333,27.85185185185185,8.555555555555555,30.066666666666666,974.5316666666666,SITE 9,EXT
2026-02-11 06:00:00,97.50683333333333,89.45783333333334,57.790333333333336,27.370370370370374,9.518518518518517,32.766666666666666,975.0956666666666,SITE 9,EXT
2026-02-11 07:00:00,151.26066666666665,138.25483333333335,85.22250000000001,27.592592592592595,10.074074074074074,33.5,975.7743333333333,SITE 9,EXT
2026-02-11 08:00:00,335.996,309.86133333333333,164.13116666666667,28.40740740740741,10.833333333333334,33.86666666666667,976.1783333333333,SITE 9,EXT
2026-02-11 09:00:00,92.65193548387097,84.91612903225807,57.237096774193546,31.200716845878137,15.698924731182796,39.29032258064516,976.7493548387097,SITE 9,EXT
2026-02-11 10:00:00,67.61883333333334,58.93083333333333,40.94166666666667,33.370370370370374,14.537037037037038,32.3,976.388,SITE 9,EXT
2026-02-11 11:00:00,46.158,38.589333333333336,25.840333333333334,34.648148148148145,11.148148148148149,24.066666666666666,975.4936666666667,SITE 9,EXT
2026-02-11 12:00:00,37.76466666666667,33.0725,22.213666666666665,36.07407407407408,9.0,19.1,974.5206666666667,SITE 9,EXT
2026-02-11 13:00:00,35.83116666666667,32.355,21.954333333333334,36.88888888888889,8.037037037037038,17.066666666666666,973.432,SITE 9,EXT
2026-02-11 14:00:00,27.059666666666665,25.36,17.408333333333335,37.51851851851852,7.25925925925926,15.6,972.5093333333333,SITE 9,EXT
2026-02-11 15:00:00,26.80216666666667,25.284166666666668,17.368333333333332,37.88888888888889,7.796296296296297,15.933333333333334,972.2896666666667,SITE 9,EXT
2026-02-11 16:00:00,27.693548387096776,26.12741935483871,17.987903225806452,38.31541218637993,8.046594982078853,15.838709677419354,972.4787096774194,SITE 9,EXT
2026-02-11 17:00:00,41.242333333333335,36.681333333333335,24.750166666666665,38.31481481481482,7.870370370370371,15.466666666666667,972.8466666666667,SITE 9,EXT
2026-02-11 18:00:00,152.41616666666667,138.50383333333332,82.67066666666666,37.44444444444444,9.574074074074074,18.533333333333335,973.4053333333334,SITE 9,EXT
2026-02-11 19:00:00,200.305,182.8375,110.00833333333334,36.277777777777786,11.444444444444446,22.4,974.3043333333334,SITE 9,EXT
2026-02-11 20:00:00,84.791,76.6965,51.14483333333333,35.96296296296296,11.574074074074074,23.0,974.972,SITE 9,EXT
2026-02-11 21:00:00,71.27966666666666,60.51683333333334,40.45783333333333,35.31481481481482,12.185185185185187,24.633333333333333,975.4586666666668,SITE 9,EXT
2026-02-11 22:00:00,69.14283333333333,57.35966666666666,37.96266666666667,34.111111111111114,12.685185185185187,27.5,975.7803333333334,SITE 9,EXT
2026-02-11 23:00:00,65.60935483870968,53.416935483870965,35.990161290322575,33.028673835125446,12.813620071684587,29.580645161290324,976.0696774193549,SITE 9,EXT
2026-02-12 00:00:00,67.44933333333333,55.69466666666666,37.375,32.72222222222222,13.407407407407408,31.1,975.8093333333333,SITE 9,EXT
2026-02-12 01:00:00,70.0455,59.622,39.868,31.962962962962965,14.074074074074074,33.96666666666667,975.1783333333333,SITE 9,EXT
2026-02-12 02:00:00,72.66699999999999,63.19916666666666,41.93216666666667,31.296296296296298,14.166666666666666,35.53333333333333,974.9016666666666,SITE 9,EXT
2026-02-12 03:00:00,71.80366666666667,61.92316666666667,40.852833333333336,30.703703703703706,14.370370370370372,37.13333333333333,974.815,SITE 9,EXT
2026-02-12 04:00:00,66.93283333333333,55.417500000000004,37.02016666666667,30.11111111111111,14.018518518518517,37.333333333333336,974.7783333333333,SITE 9,EXT
2026-02-12 05:00:00,66.85716666666666,55.04333333333333,36.591833333333334,30.12962962962963,15.62962962962963,41.833333333333336,975.0546666666667,SITE 9,EXT
2026-02-12 06:00:00,103.23290322580645,92.89548387096775,58.633709677419354,29.229390681003583,15.770609318996417,44.483870967741936,975.5477419354838,SITE 9,EXT
2026-02-12 07:00:00,146.80233333333334,135.8775,79.4735,28.48148148148148,14.018518518518517,41.166666666666664,976.0743333333334,SITE 9,EXT
2026-02-12 08:00:00,101.28916666666667,94.23666666666666,60.93283333333333,30.166666666666668,15.685185185185185,41.5,976.5263333333334,SITE 9,EXT
2026-02-12 09:00:00,53.2375,44.100833333333334,29.450833333333332,32.48148148148148,16.88888888888889,39.53333333333333,976.6503333333333,SITE 9,EXT
2026-02-12 10:00:00,47.859833333333334,40.12566666666667,26.851166666666664,34.42592592592593,16.685185185185183,35.03333333333333,976.3263333333333,SITE 9,EXT
2026-02-12 11:00:00,45.239000000000004,38.23883333333333,25.6425,36.037037037037045,14.962962962962964,28.666666666666668,975.6483333333333,SITE 9,EXT
2026-02-12 12:00:00,35.30916666666667,31.686,21.4935,37.27777777777778,12.38888888888889,22.633333333333333,974.5386666666667,SITE 9,EXT
2026-02-12 13:00:00,26.373064516129034,24.82225806451613,17.008870967741935,38.422939068100355,9.82078853046595,17.774193548387096,973.3877419354839,SITE 9,EXT
2026-02-12 14:00:00,19.98033333333333,18.766166666666667,12.875333333333334,39.35185185185185,6.833333333333333,13.8,972.1560000000001,SITE 9,EXT
2026-02-12 15:00:00,22.5025,21.3415,14.804499999999999,39.833333333333336,7.777777777777778,14.3,971.7389999999999,SITE 9,EXT
2026-02-12 16:00:00,23.84416666666667,22.5965,15.907166666666665,39.96296296296296,8.611111111111112,15.0,971.6913333333333,SITE 9,EXT
2026-02-12 17:00:00,26.209833333333332,24.752166666666664,17.248333333333335,39.48148148148148,8.296296296296298,15.0,971.7766666666666,SITE 9,EXT
2026-02-12 18:00:00,70.41133333333333,62.81266666666667,41.11516666666667,38.98148148148149,9.537037037037038,16.966666666666665,972.0920000000001,SITE 9,EXT
2026-02-12 19:00:00,104.84629032258064,95.54467741935484,61.75,37.75985663082437,10.286738351254481,19.29032258064516,973.0022580645161,SITE 9,EXT
2026-02-12 20:00:00,118.65650000000001,109.73216666666667,71.76916666666666,36.51851851851852,12.907407407407408,24.3,973.9003333333334,SITE 9,EXT
2026-02-12 21:00:00,157.17833333333334,145.129,93.27600000000001,35.24074074074074,13.203703703703704,26.433333333333334,974.382,SITE 9,EXT
2026-02-12 22:00:00,145.0105,133.34316666666666,85.13833333333334,34.55555555555556,12.74074074074074,26.766666666666666,974.712,SITE 9,EXT
2026-02-12 23:00:00,99.68533333333333,93.70466666666667,63.006,33.68518518518519,12.314814814814815,27.333333333333332,974.7313333333333,SITE 9,EXT
2026-02-13 00:00:00,91.108,83.8595,56.40383333333333,32.833333333333336,11.777777777777779,27.9,974.4060000000001,SITE 9,EXT
2026-02-13 01:00:00,76.36683333333333,67.62133333333333,45.56233333333333,32.2037037037037,11.351851851851851,27.966666666666665,973.7943333333334,SITE 9,EXT
2026-02-13 02:00:00,72.93564516129032,63.067096774193544,41.52290322580645,31.630824372759857,12.59856630824373,31.677419354838708,973.5358064516129,SITE 9,EXT
2026-02-13 03:00:00,73.12866666666667,63.626333333333335,42.244166666666665,31.16666666666667,12.5,31.966666666666665,973.5266666666666,SITE 9,EXT
2026-02-13 04:00:00,54.60333333333333,44.930166666666665,29.8845,31.203703703703706,13.851851851851851,34.96666666666667,973.7393333333333,SITE 9,EXT
2026-02-13 05:00:00,55.622166666666665,46.254666666666665,30.560666666666666,31.203703703703706,14.722222222222223,36.86666666666667,974.2286666666666,SITE 9,EXT
2026-02-13 06:00:00,71.54966666666665,61.48416666666667,40.801500000000004,30.81481481481482,15.24074074074074,39.06666666666667,975.015,SITE 9,EXT
2026-02-13 07:00:00,87.43283333333333,80.17283333333333,51.755,30.53703703703704,15.777777777777779,41.36666666666667,975.7096666666667,SITE 9,EXT
2026-02-13 08:00:00,61.527833333333334,51.8885,33.782333333333334,31.444444444444446,17.166666666666668,42.6,976.383,SITE 9,EXT
2026-02-13 09:00:00,45.84870967741935,38.79838709677419,26.017096774193547,32.634408602150536,18.53046594982079,43.645161290322584,976.6612903225806,SITE 9,EXT
2026-02-13 10:00:00,40.0855,35.02133333333333,23.677833333333336,34.38888888888889,19.092592592592595,40.8,976.2456666666666,SITE 9,EXT
2026-02-13 11:00:00,34.730172413793106,31.80603448275862,21.82896551724138,36.015325670498086,18.79310344827586,36.55172413793103,975.2658620689655,SITE 9,EXT
2026-02-13 12:00:00,32.58916666666667,30.375666666666667,20.85033333333333,37.5,18.11111111111111,32.2,974.44,SITE 9,EXT
2026-02-13 13:00:00,30.326666666666664,28.700499999999998,19.924833333333332,38.57407407407408,16.685185185185183,27.7,973.1800000000001,SITE 9,EXT
2026-02-13 14:00:00,28.122333333333334,26.752166666666668,18.857000000000003,39.44444444444444,14.314814814814815,22.766666666666666,972.0053333333333,SITE 9,EXT
2026-02-13 15:00:00,24.004032258064516,22.842741935483872,16.05758064516129,39.40860215053763,12.025089605734767,19.516129032258064,971.1725806451612,SITE 9,EXT
2026-02-13 16:00:00,21.608833333333333,20.450166666666668,14.370833333333334,39.44444444444444,10.888888888888888,18.0,970.813,SITE 9,EXT
2026-02-13 17:00:00,28.734166666666667,26.0485,17.410666666666668,39.25925925925926,10.018518518518517,17.233333333333334,970.5713333333333,SITE 9,EXT
2026-02-13 18:00:00,55.09666666666667,48.976,33.077666666666666,38.777777777777786,11.444444444444446,19.466666666666665,970.6223333333332,SITE 9,EXT
2026-02-13 19:00:00,75.49633333333333,66.34333333333333,42.9645,37.648148148148145,12.407407407407408,22.3,971.2126666666667,SITE 9,EXT
2026-02-13 20:00:00,79.57566666666666,70.78766666666667,45.69916666666666,36.907407407407405,13.203703703703704,24.366666666666667,972.222,SITE 9,EXT
2026-02-13 21:00:00,109.01766666666666,100.2665,62.2705,35.90740740740741,14.018518518518517,27.133333333333333,972.9583333333334,SITE 9,EXT
2026-02-13 22:00:00,103.18629032258065,95.33774193548386,60.57645161290322,34.92831541218638,14.67741935483871,29.774193548387096,973.1541935483871,SITE 9,EXT
2026-02-13 23:00:00,68.85616666666667,57.098499999999994,37.091166666666666,34.22222222222222,14.61111111111111,30.9,973.3236666666667,SITE 9,EXT
2026-02-14 00:00:00,58.833,47.56166666666666,31.435166666666667,33.574074074074076,14.62962962962963,32.13333333333333,973.316,SITE 9,EXT
2026-02-14 01:00:00,46.09583333333333,39.03333333333333,25.916,33.12962962962963,15.277777777777779,34.2,972.908,SITE 9,EXT
2026-02-14 02:00:00,39.18033333333334,34.352999999999994,23.084166666666665,32.77777777777778,16.296296296296298,37.5,972.4150000000001,SITE 9,EXT
2026-02-14 03:00:00,33.699333333333335,31.080499999999997,21.127,32.42592592592593,17.35185185185185,40.86666666666667,972.3126666666667,SITE 9,EXT
2026-02-14 04:00:00,34.83833333333333,31.7535,21.66,32.0,17.537037037037035,42.333333333333336,972.505,SITE 9,EXT
2026-02-14 05:00:00,35.20274193548387,32.049516129032256,21.679193548387094,31.362007168458785,17.95698924731183,45.32258064516129,972.7454838709677,SITE 9,EXT
2026-02-14 06:00:00,40.784666666666666,35.383500000000005,23.457833333333333,30.944444444444446,18.240740740740744,47.0,973.159,SITE 9,EXT
2026-02-14 07:00:00,55.473166666666664,45.931333333333335,29.166333333333334,30.796296296296298,18.574074074074076,48.766666666666666,973.8096666666667,SITE 9,EXT
2026-02-14 08:00:00,46.92766666666667,39.789833333333334,26.4015,31.53703703703704,19.425925925925927,49.233333333333334,974.8366666666666,SITE 9,EXT
2026-02-14 09:00:00,34.70233333333333,31.630333333333333,21.343166666666665,32.574074074074076,19.53703703703704,46.56666666666667,975.115,SITE 9,EXT
2026-02-14 10:00:00,34.592666666666666,31.619166666666665,21.405166666666666,34.25925925925926,19.240740740740744,41.56666666666667,974.867,SITE 9,EXT
2026-02-14 11:00:00,34.17677419354839,31.293870967741935,21.42983870967742,35.86021505376344,18.978494623655916,37.32258064516129,974.1535483870967,SITE 9,EXT
2026-02-14 12:00:00,32.025666666666666,29.8335,20.467499999999998,37.2037037037037,18.074074074074076,32.96666666666667,972.7990000000001,SITE 9,EXT
2026-02-14 13:00:00,25.612333333333332,24.583333333333332,17.4175,38.2962962962963,14.944444444444446,25.033333333333335,971.5573333333334,SITE 9,EXT
2026-02-14 14:00:00,26.066333333333333,24.7545,17.509,39.01851851851852,13.12962962962963,21.466666666666665,970.3430000000001,SITE 9,EXT
2026-02-14 15:00:00,24.819166666666668,23.450499999999998,16.407166666666665,39.12962962962963,11.833333333333334,19.633333333333333,969.2623333333333,SITE 9,EXT
2026-02-14 16:00:00,24.261166666666668,22.924,16.041,39.407407407407405,11.592592592592593,18.966666666666665,968.9436666666667,SITE 9,EXT
2026-02-14 17:00:00,23.246,21.971833333333333,15.395000000000001,39.14814814814815,11.277777777777777,18.8,969.003,SITE 9,EXT
2026-02-14 18:00:00,46.222903225806455,38.91112903225806,26.168548387096774,38.78136200716846,11.810035842293908,19.838709677419356,969.6135483870968,SITE 9,EXT
2026-02-14 19:00:00,85.35133333333333,75.19516666666667,48.62533333333333,37.94444444444445,13.351851851851853,23.233333333333334,970.552,SITE 9,EXT
2026-02-14 20:00:00,143.55983333333333,132.66183333333333,82.578,37.0,14.314814814814815,26.0,971.4773333333334,SITE 9,EXT
2026-02-14 21:00:00,100.75916666666667,89.00500000000001,52.94233333333333,35.96296296296296,14.722222222222223,28.233333333333334,972.2306666666666,SITE 9,EXT
2026-02-14 22:00:00,61.5125,49.393166666666666,32.090833333333336,35.38888888888889,14.555555555555555,29.0,972.4153333333333,SITE 9,EXT
2026-02-14 23:00:00,68.1675,57.40383333333333,36.13016666666667,34.62962962962963,15.037037037037038,31.266666666666666,972.4576666666667,SITE 9,EXT
2026-02-15 00:00:00,36.064499999999995,32.307,21.775166666666667,34.37037037037037,15.0,31.566666666666666,972.0903333333333,SITE 9,EXT
2026-02-15 01:00:00,37.61983870967742,33.31725806451613,22.576290322580647,33.70967741935484,16.27240143369176,35.45161290322581,971.8783870967742,SITE 9,EXT
2026-02-15 02:00:00,32.58616666666667,30.425,21.243666666666666,33.12962962962963,16.98148148148148,38.4,972.144,SITE 9,EXT
2026-02-15 03:00:00,31.0825,29.3345,20.528833333333335,32.75925925925926,16.64814814814815,38.4,972.2253333333333,SITE 9,EXT
2026-02-15 04:00:00,31.059,29.146666666666665,20.461166666666667,32.148148148148145,16.962962962962965,40.5,972.3226666666667,SITE 9,EXT
2026-02-15 05:00:00,29.916666666666668,28.270333333333333,19.682166666666667,31.666666666666668,17.22222222222222,42.266666666666666,972.5696666666666,SITE 9,EXT
2026-02-15 06:00:00,51.9005,45.005833333333335,29.867666666666665,31.64814814814815,17.61111111111111,43.333333333333336,973.1129999999999,SITE 9,EXT
2026-02-15 07:00:00,64.19016666666667,54.60766666666667,35.7225,31.425925925925927,17.537037037037035,44.0,973.7479999999999,SITE 9,EXT
2026-02-15 08:00:00,42.99677419354839,37.10274193548387,24.56709677419355,32.31182795698925,17.99283154121864,43.096774193548384,974.3135483870968,SITE 9,EXT
2026-02-15 09:00:00,27.351666666666667,26.117833333333333,18.050333333333334,33.592592592592595,19.092592592592595,42.46666666666667,974.6096666666667,SITE 9,EXT
2026-02-15 10:00:00,25.322499999999998,24.284499999999998,16.912,33.88888888888889,19.0,41.96666666666667,974.757,SITE 9,EXT
2026-02-15 11:00:00,27.277,26.0475,18.171833333333332,35.05555555555556,19.074074074074076,39.333333333333336,974.3286666666667,SITE 9,EXT
2026-02-15 12:00:00,29.538999999999998,28.004166666666666,19.371333333333332,36.25925925925926,18.833333333333332,36.06666666666667,973.341,SITE 9,EXT
2026-02-15 13:00:00,27.928833333333333,26.69066666666667,18.7335,37.46296296296296,18.240740740740744,32.666666666666664,972.3993333333333,SITE 9,EXT
2026-02-15 14:00:00,25.489500000000003,24.3715,17.285166666666665,38.277777777777786,17.98148148148148,30.533333333333335,971.3096666666667,SITE 9,EXT
2026-02-15 15:00:00,31.75564516129032,28.587741935483873,19.24467741935484,37.813620071684596,16.93548387096774,29.35483870967742,970.9612903225806,SITE 9,EXT
2026-02-15 16:00:00,30.943571428571424,27.855,18.593095238095238,32.116402116402114,19.33862433862434,47.666666666666664,972.6161904761905,SITE 9,EXT
2026-02-15 17:00:00,47.89241935483871,41.40306451612903,28.167258064516126,32.77777777777778,20.46594982078853,48.67741935483871,972.7645161290322,SITE 9,EXT
2026-02-15 18:00:00,27.493499999999997,26.23616666666667,18.892999999999997,31.64814814814815,18.944444444444446,47.13333333333333,973.5213333333334,SITE 9,EXT
2026-02-15 19:00:00,24.024333333333335,23.395,16.8775,31.000000000000004,17.944444444444446,46.1,974.2913333333333,SITE 9,EXT
2026-02-15 20:00:00,19.339333333333332,18.70133333333333,13.120166666666668,29.962962962962965,18.685185185185187,51.43333333333333,976.266,SITE 9,EXT
2026-02-15 21:00:00,23.955666666666666,22.381833333333336,15.094333333333333,29.03703703703704,19.425925925925927,56.6,977.5139999999999,SITE 9,EXT
2026-02-15 22:00:00,21.849333333333334,20.854833333333332,14.413166666666665,29.166666666666668,20.12962962962963,58.6,978.5466666666667,SITE 9,EXT
2026-02-15 23:00:00,26.781333333333336,25.486333333333334,17.59016666666667,29.166666666666668,20.01851851851852,58.4,977.9353333333333,SITE 9,EXT
2026-02-16 00:00:00,29.575806451612905,28.142419354838708,19.095322580645163,29.35483870967742,20.376344086021508,58.87096774193548,976.1854838709677,SITE 9,EXT
2026-02-16 01:00:00,28.440833333333334,27.150666666666666,18.643166666666666,29.48148148148148,20.037037037037035,57.3,974.414,SITE 9,EXT
2026-02-16 02:00:00,29.6055,28.262,19.422,29.518518518518523,20.388888888888893,58.266666666666666,973.728,SITE 9,EXT
2026-02-16 03:00:00,34.02816666666667,31.227166666666665,21.32133333333333,29.074074074074076,20.388888888888893,59.9,974.026,SITE 9,EXT
2026-02-16 04:00:00,40.22166666666667,34.92383333333333,23.098666666666666,28.740740740740744,19.14814814814815,56.96666666666667,974.2716666666668,SITE 9,EXT
2026-02-16 05:00:00,38.21333333333334,33.117666666666665,21.533666666666665,28.666666666666668,18.685185185185187,55.0,974.6740000000001,SITE 9,EXT
2026-02-16 06:00:00,55.069833333333335,46.528666666666666,30.108666666666668,28.77777777777778,17.833333333333332,52.166666666666664,975.5526666666667,SITE 9,EXT
2026-02-16 07:00:00,52.80145161290323,41.74306451612903,25.831290322580646,28.31541218637993,15.376344086021506,45.67741935483871,976.4451612903225,SITE 9,EXT
2026-02-16 08:00:00,50.36866666666666,36.43933333333334,19.572999999999997,28.77777777777778,10.407407407407408,32.4,977.171,SITE 9,EXT
2026-02-16 09:00:00,55.92933333333333,37.56433333333334,16.301333333333332,29.833333333333332,6.296296296296296,22.766666666666666,977.7326666666667,SITE 9,EXT
2026-02-16 10:00:00,48.561,32.98733333333333,13.556833333333334,31.25925925925926,5.648148148148149,19.933333333333334,977.5503333333332,SITE 9,EXT
2026-02-16 11:00:00,39.5,26.990166666666667,9.951333333333334,33.01851851851852,3.925925925925926,16.033333333333335,976.7936666666667,SITE 9,EXT
2026-02-16 12:00:00,29.12933333333333,20.667666666666666,7.7908333333333335,34.87037037037037,1.6851851851851853,12.033333333333333,975.6013333333334,SITE 9,EXT
2026-02-16 13:00:00,28.619833333333336,20.161833333333334,7.8183333333333325,36.037037037037045,1.1666666666666667,10.866666666666667,974.4176666666666,SITE 9,EXT
2026-02-16 14:00:00,27.005806451612905,19.22741935483871,7.604838709677419,36.881720430107535,0.6451612903225806,9.935483870967742,973.5483870967741,SITE 9,EXT
2026-02-16 15:00:00,29.2745,20.632833333333334,7.999,37.148148148148145,0.6111111111111112,9.9,972.897,SITE 9,EXT
2026-02-16 16:00:00,39.03516666666667,27.189,10.787333333333333,36.64814814814815,1.2592592592592593,10.666666666666666,972.8330000000001,SITE 9,EXT
2026-02-16 17:00:00,46.948499999999996,33.212666666666664,15.963166666666666,36.40740740740741,2.1296296296296298,11.533333333333333,972.982,SITE 9,EXT
2026-02-16 18:00:00,61.77366666666667,45.972166666666666,27.038166666666665,35.81481481481482,3.9074074074074074,13.533333333333333,973.566,SITE 9,EXT
2026-02-16 19:00:00,73.73883333333333,58.01916666666667,34.541000000000004,34.88888888888889,4.444444444444445,14.766666666666667,974.2303333333333,SITE 9,EXT
2026-02-16 20:00:00,55.741,40.60783333333333,22.478333333333335,34.22222222222222,3.7962962962962967,14.933333333333334,975.3203333333333,SITE 9,EXT
2026-02-16 21:00:00,48.666935483870965,34.758709677419354,17.383225806451613,33.88888888888889,3.3870967741935485,14.709677419354838,976.0090322580645,SITE 9,EXT
2026-02-16 22:00:00,64.70583333333333,48.46033333333333,23.6075,33.51851851851852,2.962962962962963,14.266666666666667,976.0656666666667,SITE 9,EXT
2026-02-16 23:00:00,50.4945,35.53883333333333,17.5315,32.77777777777778,2.2592592592592595,14.1,975.9613333333333,SITE 9,EXT
2026-02-17 00:00:00,63.943333333333335,46.772666666666666,26.63,32.388888888888886,0.7407407407407407,13.3,975.564,SITE 9,EXT
2026-02-17 01:00:00,58.79,42.499,23.874000000000002,31.85185185185185,0.07407407407407408,12.866666666666667,975.059,SITE 9,EXT
2026-02-17 02:00:00,52.94383333333334,37.660666666666664,19.461166666666667,31.240740740740744,0.4444444444444445,13.566666666666666,974.5786666666667,SITE 9,EXT
2026-02-17 03:00:00,56.52833333333333,40.95733333333333,21.0985,30.62962962962963,1.7407407407407407,15.533333333333333,974.455,SITE 9,EXT
2026-02-17 04:00:00,58.847419354838706,43.37193548387096,23.260967741935485,30.41218637992832,3.4229390681003586,17.93548387096774,974.7238709677418,SITE 9,EXT
2026-02-17 05:00:00,51.54216666666667,36.858666666666664,19.02766666666667,29.740740740740744,0.6296296296296297,15.1,975.1676666666666,SITE 9,EXT
2026-02-17 06:00:00,63.88316666666667,47.27633333333333,27.986666666666668,28.888888888888893,0.5925925925925927,15.866666666666667,975.4083333333333,SITE 9,EXT
2026-02-17 07:00:00,59.06733333333333,43.388,24.418666666666663,28.53703703703704,-0.20370370370370372,15.233333333333333,975.9373333333333,SITE 9,EXT
2026-02-17 08:00:00,51.12766666666666,36.45116666666667,18.1505,28.796296296296298,-1.3333333333333333,13.866666666666667,976.6463333333334,SITE 9,EXT
2026-02-17 09:00:00,50.065333333333335,35.30366666666667,16.777833333333334,29.53703703703704,-3.62962962962963,11.066666666666666,977.0300000000001,SITE 9,EXT
2026-02-17 10:00:00,44.76566666666667,31.10216666666667,12.525166666666667,31.314814814814817,-4.777777777777778,9.2,976.837,SITE 9,EXT
2026-02-17 11:00:00,42.87209677419355,29.399838709677418,10.706612903225805,32.903225806451616,-4.60573476702509,8.419354838709678,975.9670967741936,SITE 9,EXT
2026-02-17 12:00:00,42.56183333333333,29.266000000000002,10.846666666666666,34.2962962962963,-5.240740740740741,7.4,974.7116666666666,SITE 9,EXT
2026-02-17 13:00:00,43.894,30.169833333333333,11.791166666666667,35.351851851851855,-5.185185185185185,7.0,973.5543333333334,SITE 9,EXT
2026-02-17 14:00:00,43.0895,29.887666666666668,11.669333333333332,36.38888888888889,-4.759259259259259,6.933333333333334,972.5726666666667,SITE 9,EXT
2026-02-17 15:00:00,43.002833333333335,30.221666666666668,12.421,37.12962962962963,-3.888888888888889,7.0,972.0773333333333,SITE 9,EXT
2026-02-17 16:00:00,49.81783333333333,36.042500000000004,18.321166666666667,37.22222222222222,-3.62962962962963,7.033333333333333,971.8126666666667,SITE 9,EXT
2026-02-17 17:00:00,53.31733333333333,38.92166666666667,21.144,37.092592592592595,-1.4444444444444444,8.5,971.982,SITE 9,EXT
2026-02-17 18:00:00,117.0933870967742,99.08741935483872,55.803870967741936,36.344086021505376,2.025089605734767,11.451612903225806,972.786129032258,SITE 9,EXT
2026-02-17 19:00:00,259.9676666666667,232.06833333333333,133.25166666666667,34.96296296296296,7.555555555555556,18.6,973.526,SITE 9,EXT
2026-02-17 20:00:00,258.7523333333333,233.14116666666666,140.21599999999998,33.70370370370371,9.351851851851851,22.266666666666666,974.1276666666668,SITE 9,EXT
2026-02-17 21:00:00,180.56599999999997,161.11483333333334,98.75633333333333,32.96296296296296,10.648148148148149,25.466666666666665,974.7946666666667,SITE 9,EXT
2026-02-17 22:00:00,165.92116666666666,146.83233333333334,87.62950000000001,32.074074074074076,11.722222222222223,28.7,974.8676666666667,SITE 9,EXT
2026-02-17 23:00:00,138.54316666666668,122.0325,75.29516666666667,31.12962962962963,11.962962962962964,30.833333333333332,974.6893333333334,SITE 9,EXT
2026-02-18 00:00:00,141.84666666666666,125.57466666666667,77.84383333333334,30.12962962962963,11.018518518518517,30.9,974.5233333333333,SITE 9,EXT
2026-02-18 01:00:00,106.7915,93.90983333333334,57.68116666666666,29.75925925925926,10.722222222222223,30.966666666666665,974.1693333333334,SITE 9,EXT
2026-02-18 02:00:00,100.71483870967741,88.0141935483871,53.288387096774194,28.942652329749105,11.272401433691757,33.67741935483871,973.8941935483871,SITE 9,EXT
2026-02-18 03:00:00,72.36883333333334,56.5665,32.97266666666666,28.833333333333332,5.537037037037037,23.133333333333333,973.4993333333333,SITE 9,EXT
2026-02-18 04:00:00,68.49133333333333,51.336666666666666,30.638333333333332,28.88888888888889,2.740740740740741,18.633333333333333,973.4083333333333,SITE 9,EXT
2026-02-18 05:00:00,93.60666666666665,78.07116666666667,46.15866666666667,28.388888888888893,7.092592592592593,26.333333333333332,973.797,SITE 9,EXT
2026-02-18 06:00:00,114.09033333333333,100.181,60.49133333333334,27.85185185185185,7.5925925925925934,28.066666666666666,974.1993333333334,SITE 9,EXT
2026-02-18 07:00:00,132.013,113.34516666666667,65.1885,27.77777777777778,7.055555555555556,27.133333333333333,974.6443333333334,SITE 9,EXT
2026-02-18 08:00:00,78.14316666666667,60.8405,34.80216666666667,28.555555555555557,3.7592592592592595,20.533333333333335,975.24,SITE 9,EXT
2026-02-18 09:00:00,66.23838709677419,46.05,24.394516129032258,29.928315412186382,0.6093189964157706,15.096774193548388,975.5903225806452,SITE 9,EXT
2026-02-18 10:00:00,62.9305,42.834833333333336,20.684833333333334,31.796296296296298,-1.425925925925926,11.433333333333334,975.4169999999999,SITE 9,EXT
2026-02-18 11:00:00,62.134166666666665,41.91366666666667,19.766166666666667,33.370370370370374,-2.074074074074074,10.0,974.6433333333333,SITE 9,EXT
2026-02-18 12:00:00,60.21,40.486999999999995,18.233833333333333,34.94444444444444,-3.1666666666666665,8.4,973.5403333333333,SITE 9,EXT
2026-02-18 13:00:00,58.36116666666667,39.314499999999995,17.353,36.111111111111114,-4.314814814814815,7.066666666666666,972.422,SITE 9,EXT
2026-02-18 14:00:00,56.58416666666667,38.00333333333333,16.392,37.166666666666664,-4.296296296296296,6.833333333333333,971.5139999999999,SITE 9,EXT
2026-02-18 15:00:00,53.135999999999996,35.7595,14.973833333333333,37.407407407407405,-5.574074074074074,6.0,970.9033333333333,SITE 9,EXT
2026-02-18 16:00:00,54.04145161290323,36.932580645161295,16.668064516129032,37.74193548387097,-4.982078853046596,6.032258064516129,970.6635483870967,SITE 9,EXT
2026-02-18 17:00:00,60.18633333333333,42.71633333333333,22.694666666666667,37.24074074074074,-4.574074074074074,6.5,971.0273333333333,SITE 9,EXT
2026-02-18 18:00:00,100.53649999999999,81.69066666666667,46.849000000000004,36.62962962962963,-0.29629629629629634,9.633333333333333,971.5603333333333,SITE 9,EXT
2026-02-18 19:00:00,184.0805,160.2955,93.61766666666668,35.53703703703704,3.9629629629629632,13.766666666666667,971.9773333333334,SITE 9,EXT
2026-02-18 20:00:00,180.25716666666668,157.8055,96.12349999999999,34.42592592592593,7.0,18.233333333333334,972.5093333333333,SITE 9,EXT
2026-02-18 21:00:00,152.99233333333333,131.97366666666667,79.32716666666667,33.574074074074076,8.666666666666666,21.433333333333334,973.3516666666667,SITE 9,EXT
2026-02-18 22:00:00,123.538,105.60133333333333,63.50633333333334,32.7037037037037,10.11111111111111,25.1,973.662,SITE 9,EXT
2026-02-18 23:00:00,95.51870967741935,79.94516129032259,46.530967741935484,31.594982078853047,9.31899641577061,25.29032258064516,973.6858064516128,SITE 9,EXT
2026-02-19 00:00:00,76.59666666666666,59.2895,33.72933333333334,30.666666666666668,8.5,25.266666666666666,973.525,SITE 9,EXT
2026-02-19 01:00:00,76.4785,60.87416666666666,35.31033333333333,29.88888888888889,10.425925925925926,30.033333333333335,973.1823333333334,SITE 9,EXT
2026-02-19 02:00:00,73.9555,56.526833333333336,33.219833333333334,29.25925925925926,10.981481481481483,32.43333333333333,972.785,SITE 9,EXT
2026-02-19 03:00:00,84.51783333333333,67.81099999999999,39.90883333333333,28.333333333333336,10.87037037037037,33.96666666666667,972.6033333333332,SITE 9,EXT
2026-02-19 04:00:00,74.34316666666668,57.5,34.04383333333333,27.64814814814815,9.61111111111111,32.36666666666667,972.571,SITE 9,EXT
2026-02-19 05:00:00,86.64933333333333,72.75233333333334,44.02366666666667,27.370370370370374,8.722222222222223,30.9,972.8466666666667,SITE 9,EXT
2026-02-19 06:00:00,138.12274193548387,122.15193548387097,74.44935483870967,26.774193548387096,8.655913978494626,31.967741935483872,973.3838709677419,SITE 9,EXT
2026-02-19 07:00:00,194.83599999999998,175.5593333333333,108.97933333333334,26.77777777777778,9.87037037037037,34.666666666666664,973.9680000000001,SITE 9,EXT
2026-02-19 08:00:00,103.14216666666668,87.23833333333333,52.706,28.185185185185187,4.666666666666667,23.133333333333333,974.6723333333333,SITE 9,EXT
2026-02-19 09:00:00,51.699333333333335,39.74366666666666,23.410000000000004,30.333333333333332,-0.07407407407407408,14.033333333333333,974.893,SITE 9,EXT
2026-02-19 10:00:00,42.419666666666664,35.44433333333333,20.779,32.611111111111114,-3.7592592592592595,9.166666666666666,974.8226666666667,SITE 9,EXT
2026-02-19 11:00:00,35.64116666666666,29.370166666666666,16.714833333333335,34.62962962962963,-3.1296296296296293,8.566666666666666,974.1333333333333,SITE 9,EXT
2026-02-19 12:00:00,24.939833333333336,20.05933333333333,10.428666666666667,35.94444444444445,-6.4259259259259265,6.166666666666667,973.0826666666667,SITE 9,EXT
2026-02-19 13:00:00,24.29016129032258,19.735806451612902,10.054677419354839,37.00716845878136,-7.616487455197133,5.0,972.0396774193548,SITE 9,EXT
2026-02-19 14:00:00,29.250833333333333,23.81566666666667,12.626666666666667,37.7037037037037,-7.907407407407407,4.966666666666667,971.1016666666667,SITE 9,EXT
2026-02-19 15:00:00,31.475,25.817999999999998,14.119166666666667,38.12962962962963,-7.944444444444445,4.9,970.3443333333332,SITE 9,EXT
2026-02-19 16:00:00,30.931333333333335,25.638166666666667,14.234499999999999,38.2962962962963,-7.9259259259259265,4.8,970.1229999999999,SITE 9,EXT
2026-02-19 17:00:00,34.68066666666667,28.6255,16.8375,38.03703703703704,-6.833333333333333,5.1,970.3326666666667,SITE 9,EXT
2026-02-19 18:00:00,76.14133333333332,64.93766666666667,40.872166666666665,37.37037037037037,-2.4814814814814814,7.733333333333333,970.8523333333334,SITE 9,EXT
2026-02-19 19:00:00,167.24949999999998,152.75349999999997,95.94216666666667,35.833333333333336,4.203703703703704,13.833333333333334,971.5976666666667,SITE 9,EXT
2026-02-19 20:00:00,185.40790322580648,168.98451612903227,105.82967741935485,34.44444444444444,6.523297491039426,17.677419354838708,972.5645161290323,SITE 9,EXT
2026-02-19 21:00:00,96.2755,86.72866666666667,55.673,33.03703703703704,8.296296296296298,21.6,973.3693333333334,SITE 9,EXT
2026-02-19 22:00:00,120.11083333333333,108.83966666666667,69.17133333333332,32.05555555555556,9.277777777777777,24.4,973.861,SITE 9,EXT
2026-02-19 23:00:00,92.80766666666666,83.70733333333332,53.07816666666667,30.925925925925927,8.407407407407408,24.733333333333334,973.9826666666667,SITE 9,EXT
2026-02-20 00:00:00,85.35683333333333,76.65383333333334,47.66883333333333,29.87037037037037,8.500000000000002,26.4,973.7813333333332,SITE 9,EXT
2026-02-20 01:00:00,76.05883333333333,65.00833333333334,40.43866666666667,29.12962962962963,8.037037037037038,26.8,973.3606666666667,SITE 9,EXT
2026-02-20 02:00:00,66.16366666666667,51.993500000000004,33.092,28.27777777777778,8.185185185185185,28.2,973.0346666666667,SITE 9,EXT
2026-02-20 03:00:00,64.83693548387096,51.083064516129035,32.946774193548386,27.20430107526882,8.60215053763441,30.93548387096774,973.1432258064516,SITE 9,EXT
2026-02-20 04:00:00,106.12016666666666,94.752,61.021499999999996,26.462962962962965,8.462962962962964,32.266666666666666,973.5706666666666,SITE 9,EXT
2026-02-20 05:00:00,133.5635,122.22233333333334,77.30383333333333,25.833333333333332,8.462962962962964,33.43333333333333,973.721,SITE 9,EXT
2026-02-20 06:00:00,138.55566666666667,128.03233333333333,83.187,25.666666666666668,9.111111111111112,35.266666666666666,974.0783333333333,SITE 9,EXT
2026-02-20 07:00:00,170.12800000000001,157.12966666666668,99.73266666666667,25.62962962962963,9.87037037037037,37.03333333333333,974.9646666666666,SITE 9,EXT
2026-02-20 08:00:00,135.746,126.609,81.21166666666666,27.444444444444446,6.740740740740741,27.3,975.6303333333333,SITE 9,EXT
2026-02-20 09:00:00,66.96183333333333,54.9655,36.294999999999995,29.870370370370374,3.925925925925926,19.133333333333333,976.1363333333334,SITE 9,EXT
2026-02-20 10:00:00,51.29951612903226,40.56209677419355,25.56032258064516,32.27598566308244,9.24731182795699,24.225806451612904,975.9948387096774,SITE 9,EXT
2026-02-20 11:00:00,52.82166666666667,41.808166666666665,25.613,34.166666666666664,6.037037037037037,17.3,975.3943333333334,SITE 9,EXT
2026-02-20 12:00:00,48.69716666666667,38.928,23.204666666666665,35.64814814814815,1.1851851851851853,11.566666666666666,974.3866666666667,SITE 9,EXT
2026-02-20 13:00:00,25.403166666666667,20.814166666666665,10.919,37.0,-6.666666666666667,5.566666666666666,973.327,SITE 9,EXT
2026-02-20 14:00:00,29.717,25.080666666666666,14.310833333333333,38.03703703703704,-8.333333333333334,4.6,972.4456666666666,SITE 9,EXT
2026-02-20 15:00:00,35.092666666666666,29.831833333333336,18.485666666666667,38.537037037037045,-8.851851851851851,4.066666666666666,971.7573333333333,SITE 9,EXT
2026-02-20 16:00:00,23.755499999999998,19.89466666666667,10.992166666666666,38.611111111111114,-9.185185185185185,4.0,971.3856666666667,SITE 9,EXT
2026-02-20 17:00:00,31.266612903225806,26.088548387096775,15.772096774193548,38.333333333333336,-7.491039426523297,4.774193548387097,971.3748387096774,SITE 9,EXT
2026-02-20 18:00:00,83.962,75.31966666666668,49.28483333333334,37.55555555555556,-0.7407407407407407,8.766666666666667,971.5933333333334,SITE 9,EXT
2026-02-20 19:00:00,191.88033333333334,175.92533333333333,111.61683333333333,35.94444444444445,4.166666666666667,13.7,972.2613333333334,SITE 9,EXT
2026-02-20 20:00:00,121.81633333333335,110.66033333333333,71.01766666666667,34.44444444444444,6.12962962962963,17.266666666666666,973.2356666666667,SITE 9,EXT
2026-02-20 21:00:00,127.396,115.35516666666668,72.39483333333332,33.18518518518519,7.962962962962964,21.0,974.2783333333333,SITE 9,EXT
2026-02-20 22:00:00,145.02666666666667,132.27266666666665,83.6325,31.666666666666668,8.314814814814815,23.5,974.7013333333333,SITE 9,EXT
2026-02-20 23:00:00,128.859,117.93116666666667,75.89466666666667,30.925925925925927,8.75925925925926,25.2,974.647,SITE 9,EXT
2026-02-21 00:00:00,100.56032258064516,91.61403225806451,59.09064516129032,30.0,8.100358422939069,25.451612903225808,974.5354838709677,SITE 9,EXT
2026-02-21 01:00:00,110.66066666666667,100.90783333333334,64.58933333333333,29.11111111111111,8.12962962962963,26.933333333333334,974.141,SITE 9,EXT
2026-02-21 02:00:00,100.50766666666667,92.06683333333334,59.52033333333334,28.5,7.740740740740741,27.133333333333333,973.635,SITE 9,EXT
2026-02-21 03:00:00,89.76166666666667,81.4195,52.9765,27.814814814814817,8.185185185185185,29.4,973.8080000000001,SITE 9,EXT
2026-02-21 04:00:00,112.91516666666666,103.37100000000001,66.79066666666667,26.722222222222225,6.75925925925926,28.133333333333333,974.0513333333333,SITE 9,EXT
2026-02-21 05:00:00,155.7775,143.967,89.01216666666666,26.814814814814817,7.629629629629631,29.9,974.3016666666666,SITE 9,EXT
2026-02-21 06:00:00,155.27516666666668,143.3898333333333,92.13233333333332,26.296296296296298,8.62962962962963,33.03333333333333,975.0216666666668,SITE 9,EXT
2026-02-21 07:00:00,205.12032258064514,190.19258064516129,119.90629032258065,26.433691756272403,8.548387096774194,32.483870967741936,975.7022580645162,SITE 9,EXT
2026-02-21 08:00:00,119.58183333333334,108.60600000000001,69.889,28.185185185185187,5.148148148148149,23.2,976.4776666666666,SITE 9,EXT
2026-02-21 09:00:00,67.79166666666667,54.42466666666667,35.48683333333334,30.5,6.722222222222223,22.733333333333334,976.8903333333333,SITE 9,EXT
2026-02-21 10:00:00,58.94183333333333,46.37466666666667,29.817999999999998,32.62962962962963,12.685185185185187,29.833333333333332,976.8793333333334,SITE 9,EXT
2026-02-21 11:00:00,38.713499999999996,31.602666666666664,19.13266666666667,34.333333333333336,9.62962962962963,22.133333333333333,976.2056666666666,SITE 9,EXT
2026-02-21 12:00:00,34.5,28.9925,17.218833333333336,35.666666666666664,9.166666666666666,19.633333333333333,975.2,SITE 9,EXT
2026-02-21 13:00:00,28.7755,24.256666666666668,13.908999999999999,36.88888888888889,6.203703703703704,15.2,974.231,SITE 9,EXT
2026-02-21 14:00:00,21.431935483870966,17.91774193548387,10.20241935483871,37.93906810035842,-1.0752688172043012,8.290322580645162,973.1870967741935,SITE 9,EXT
2026-02-21 15:00:00,16.076833333333333,13.118333333333334,6.9959999999999996,38.24074074074074,-6.5,5.266666666666667,972.418,SITE 9,EXT
2026-02-21 16:00:00,19.207333333333334,16.177333333333333,9.500833333333333,38.333333333333336,-6.944444444444445,5.0,972.1816666666667,SITE 9,EXT
2026-02-21 17:00:00,32.299,27.756333333333334,17.66433333333333,38.25925925925926,-5.851851851851852,5.566666666666666,972.063,SITE 9,EXT
2026-02-21 18:00:00,73.27533333333334,62.59083333333333,41.00816666666667,37.44444444444444,-2.7592592592592595,7.566666666666666,972.4186666666666,SITE 9,EXT
2026-02-21 19:00:00,186.93833333333333,171.85416666666666,111.97366666666667,36.05555555555556,3.0,12.6,973.0656666666667,SITE 9,EXT
2026-02-21 20:00:00,161.02733333333333,147.48716666666667,95.80983333333333,34.44444444444444,5.388888888888888,16.3,973.818,SITE 9,EXT
2026-02-21 21:00:00,109.8865,100.48983333333334,66.59833333333333,33.12962962962963,6.222222222222223,18.666666666666668,974.5196666666667,SITE 9,EXT
2026-02-21 22:00:00,94.49032258064516,86.11112903225806,55.75693548387097,32.437275985663085,6.792114695340502,20.193548387096776,974.9970967741936,SITE 9,EXT
2026-02-21 23:00:00,88.12716666666667,80.35683333333333,48.88,31.203703703703706,6.333333333333333,21.0,975.0243333333333,SITE 9,EXT
2026-02-22 00:00:00,89.73516666666666,83.12133333333333,52.725166666666674,30.296296296296298,7.092592592592593,23.333333333333332,974.7126666666667,SITE 9,EXT
2026-02-22 01:00:00,90.11966666666667,83.45466666666667,52.6155,29.425925925925927,8.296296296296298,26.733333333333334,974.3303333333333,SITE 9,EXT
2026-02-22 02:00:00,104.84233333333333,95.92783333333334,55.88183333333333,28.37037037037037,7.351851851851852,26.766666666666666,973.7826666666666,SITE 9,EXT
2026-02-22 03:00:00,79.22049999999999,70.75483333333334,42.12133333333334,27.75925925925926,5.814814814814815,24.633333333333333,973.5663333333333,SITE 9,EXT
2026-02-22 04:00:00,75.128,65.74366666666667,41.6215,27.25925925925926,5.796296296296296,25.6,973.539,SITE 9,EXT
2026-02-22 05:00:00,87.2841935483871,79.2883870967742,51.438870967741934,26.451612903225808,6.523297491039426,28.129032258064516,973.8216129032259,SITE 9,EXT
2026-02-22 06:00:00,129.659,121.346,77.0895,25.85185185185185,6.759259259259259,29.7,974.5173333333333,SITE 9,EXT
2026-02-22 07:00:00,226.52216666666666,209.73766666666668,127.88783333333335,25.85185185185185,7.351851851851852,30.966666666666665,975.3576666666667,SITE 9,EXT
2026-02-22 08:00:00,145.576,136.0025,87.912,28.314814814814817,5.962962962962963,24.766666666666666,976.059,SITE 9,EXT
2026-02-22 09:00:00,55.643166666666666,46.07566666666666,30.5475,30.240740740740744,0.5740740740740741,14.7,976.3073333333334,SITE 9,EXT
2026-02-22 10:00:00,33.109,28.811666666666667,18.61733333333333,32.48148148148148,-1.925925925925926,10.566666666666666,976.2533333333333,SITE 9,EXT
2026-02-22 11:00:00,23.731833333333334,20.4955,11.946166666666667,34.42592592592593,-4.611111111111112,7.633333333333334,975.3433333333334,SITE 9,EXT
2026-02-22 12:00:00,18.065,15.089677419354837,8.381290322580645,36.29032258064516,-7.616487455197133,5.483870967741935,974.3164516129033,SITE 9,EXT
2026-02-22 13:00:00,15.706666666666667,13.124666666666666,7.1645,37.46296296296296,-9.0,4.366666666666666,973.1783333333333,SITE 9,EXT
2026-02-22 14:00:00,20.300666666666665,17.622666666666664,10.619,38.42592592592593,-9.148148148148149,4.033333333333333,972.1039999999999,SITE 9,EXT
2026-02-22 15:00:00,18.630333333333333,16.101166666666668,9.765500000000001,38.777777777777786,-9.296296296296298,4.0,971.399,SITE 9,EXT
2026-02-22 16:00:00,19.2215,16.649833333333333,10.2705,38.870370370370374,-8.88888888888889,4.0,971.2503333333334,SITE 9,EXT
2026-02-22 17:00:00,28.460166666666666,24.874000000000002,15.836833333333335,38.46296296296296,-8.074074074074074,4.466666666666667,971.2946666666667,SITE 9,EXT
2026-02-22 18:00:00,61.85896551724138,51.54706896551724,32.670517241379315,37.816091954022994,-5.153256704980843,6.068965517241379,971.5644827586207,SITE 9,EXT
2026-02-22 19:00:00,116.06099999999999,106.46333333333334,70.54366666666667,36.57407407407408,1.277777777777778,10.8,972.135,SITE 9,EXT
2026-02-22 20:00:00,149.53883333333334,138.4015,89.99433333333333,35.05555555555556,4.814814814814815,15.0,972.8686666666667,SITE 9,EXT
2026-02-22 21:00:00,145.97449999999998,134.08716666666666,84.24866666666667,33.51851851851852,5.888888888888889,17.833333333333332,973.537,SITE 9,EXT
2026-02-22 22:00:00,84.56533333333333,75.02666666666667,48.536500000000004,32.25925925925926,5.907407407407407,19.166666666666668,973.8143333333334,SITE 9,EXT
2026-02-22 23:00:00,76.87693548387097,65.85,41.33048387096774,31.34408602150538,6.272401433691757,20.70967741935484,973.8064516129032,SITE 9,EXT
2026-02-23 00:00:00,71.78266666666667,59.431000000000004,36.709833333333336,30.574074074074076,6.12962962962963,21.5,973.4069999999999,SITE 9,EXT
2026-02-23 01:00:00,60.84616666666667,48.54766666666667,31.861833333333333,29.555555555555557,6.5925925925925934,23.566666666666666,972.7246666666666,SITE 9,EXT
2026-02-23 02:00:00,66.988,57.060500000000005,35.57083333333333,28.574074074074076,6.962962962962963,25.533333333333335,972.2909999999999,SITE 9,EXT
2026-02-23 03:00:00,57.160833333333336,46.5855,29.946666666666665,28.14814814814815,6.5925925925925934,25.5,971.9046666666667,SITE 9,EXT
2026-02-23 04:00:00,67.14533333333334,55.77833333333333,36.85666666666667,27.370370370370374,6.37037037037037,26.333333333333332,971.7313333333333,SITE 9,EXT
2026-02-23 05:00:00,90.15866666666666,84.18083333333334,55.013000000000005,26.851851851851855,6.333333333333333,27.2,971.9816666666667,SITE 9,EXT
2026-02-23 06:00:00,150.12806451612903,140.3491935483871,87.77467741935483,26.236559139784948,3.5483870967741935,23.451612903225808,972.578064516129,SITE 9,EXT
2026-02-23 07:00:00,127.54483333333333,118.56166666666667,76.529,27.11111111111111,3.8703703703703707,22.466666666666665,973.6636666666667,SITE 9,EXT
2026-02-23 08:00:00,81.92016666666667,74.57516666666668,48.872,28.888888888888893,4.537037037037037,21.3,974.2063333333333,SITE 9,EXT
2026-02-23 09:00:00,52.61183333333334,43.2885,28.557000000000002,30.90740740740741,0.6296296296296297,14.333333333333334,974.1696666666667,SITE 9,EXT
2026-02-23 10:00:00,36.42100000000001,31.860666666666663,21.176333333333332,32.44444444444444,-1.5370370370370372,10.933333333333334,973.8953333333334,SITE 9,EXT
2026-02-23 11:00:00,29.93433333333333,26.969833333333334,17.669666666666668,34.592592592592595,-3.277777777777778,8.566666666666666,973.1456666666667,SITE 9,EXT
2026-02-23 12:00:00,22.133333333333333,20.2595,13.392333333333333,36.40740740740741,-4.111111111111112,7.133333333333334,972.1383333333334,SITE 9,EXT
2026-02-23 13:00:00,12.993387096774194,11.285483870967743,6.938870967741935,37.795698924731184,-6.129032258064516,5.483870967741935,970.8251612903225,SITE 9,EXT
2026-02-23 14:00:00,13.943666666666667,12.065166666666666,7.366166666666667,38.70370370370371,-7.074074074074074,4.966666666666667,969.855,SITE 9,EXT
2026-02-23 15:00:00,16.966666666666665,15.034500000000001,9.723666666666666,39.01851851851852,-7.314814814814815,4.966666666666667,969.1766666666666,SITE 9,EXT
2026-02-23 16:00:00,17.985,16.051333333333336,10.489166666666668,39.14814814814815,-7.037037037037037,5.0,969.1163333333334,SITE 9,EXT
2026-02-23 17:00:00,20.697333333333333,18.658,12.417833333333334,38.851851851851855,-6.462962962962963,5.133333333333334,969.1636666666667,SITE 9,EXT
2026-02-23 18:00:00,53.763,46.56166666666666,31.56566666666667,38.14814814814815,-3.092592592592593,7.066666666666666,969.6976666666667,SITE 9,EXT
2026-02-23 19:00:00,144.96266666666668,132.69899999999998,84.46366666666667,36.666666666666664,3.0,12.166666666666666,970.3573333333334,SITE 9,EXT
2026-02-23 20:00:00,158.25467741935486,145.88467741935486,94.0783870967742,35.0,6.129032258064516,16.612903225806452,970.9109677419356,SITE 9,EXT
2026-02-23 21:00:00,142.32166666666666,132.52100000000002,86.091,33.66666666666667,6.962962962962963,19.0,971.4789999999999,SITE 9,EXT
2026-02-23 22:00:00,122.51566666666668,114.90733333333334,75.4285,32.666666666666664,6.722222222222223,19.833333333333332,971.811,SITE 9,EXT
2026-02-23 23:00:00,85.72316666666667,77.11566666666666,51.2895,31.574074074074076,6.203703703703704,20.5,971.841,SITE 9,EXT
2026-02-24 00:00:00,70.71766666666667,59.16233333333333,38.87916666666667,30.64814814814815,6.407407407407407,21.8,971.5893333333333,SITE 9,EXT
2026-02-24 01:00:00,98.94066666666666,92.74083333333333,62.270833333333336,29.62962962962963,6.87037037037037,23.866666666666667,971.2096666666667,SITE 9,EXT
2026-02-24 02:00:00,103.30300000000001,96.79333333333334,64.06316666666666,28.722222222222225,7.222222222222223,25.866666666666667,970.7523333333334,SITE 9,EXT
2026-02-24 03:00:00,76.67483870967742,66.6182258064516,43.092580645161284,28.172043010752688,7.329749103942652,26.774193548387096,970.4974193548386,SITE 9,EXT
2026-02-24 04:00:00,100.53633333333333,93.87033333333333,62.62966666666667,27.25925925925926,7.722222222222223,29.1,970.3253333333333,SITE 9,EXT
2026-02-24 05:00:00,100.66033333333333,95.19683333333334,64.06416666666667,26.314814814814817,7.814814814814815,31.066666666666666,970.6506666666667,SITE 9,EXT
2026-02-24 06:00:00,178.197,165.89533333333335,103.09216666666666,26.11111111111111,5.944444444444445,27.8,971.6,SITE 9,EXT
2026-02-24 07:00:00,135.24699999999999,126.65783333333334,81.71133333333334,26.814814814814817,6.333333333333333,27.2,972.715,SITE 9,EXT
2026-02-24 08:00:00,112.76933333333334,105.27533333333334,69.93716666666667,28.055555555555557,7.148148148148149,26.833333333333332,973.044,SITE 9,EXT
2026-02-24 09:00:00,55.43266666666667,45.318333333333335,30.412333333333333,30.814814814814817,0.03703703703703704,13.6,972.9656666666667,SITE 9,EXT
2026-02-24 10:00:00,43.65193548387097,36.98290322580645,24.976290322580645,33.064516129032256,-0.23297491039426524,11.548387096774194,972.8551612903225,SITE 9,EXT
2026-02-24 11:00:00,31.049,28.224333333333334,18.863666666666667,35.148148148148145,0.4444444444444444,10.766666666666667,971.9823333333334,SITE 9,EXT
2026-02-24 12:00:00,32.49883333333334,29.2125,19.554166666666667,36.64814814814815,4.166666666666667,13.066666666666666,970.8330000000001,SITE 9,EXT
2026-02-24 13:00:00,21.416666666666668,19.103333333333335,12.222833333333334,37.94444444444445,2.9074074074074074,11.233333333333333,969.511,SITE 9,EXT
2026-02-24 14:00:00,20.357166666666668,18.2985,11.818333333333333,38.68518518518519,2.111111111111111,10.033333333333333,968.819,SITE 9,EXT
2026-02-24 15:00:00,21.05666666666667,18.8625,12.151666666666667,38.870370370370374,1.388888888888889,9.466666666666667,968.1196666666667,SITE 9,EXT
2026-02-24 16:00:00,25.143166666666666,22.735333333333333,14.9655,39.092592592592595,2.240740740740741,10.033333333333333,968.1133333333333,SITE 9,EXT
2026-02-24 17:00:00,28.269166666666667,25.4725,16.939333333333334,38.70370370370371,1.7037037037037037,10.0,968.3983333333333,SITE 9,EXT
2026-02-24 18:00:00,52.03548387096774,46.22451612903226,31.170161290322582,37.92114695340502,3.100358422939068,11.387096774193548,968.9435483870968,SITE 9,EXT
2026-02-24 19:00:00,103.28766666666667,94.11683333333333,60.337333333333326,36.94444444444445,4.944444444444445,13.7,969.8493333333333,SITE 9,EXT
2026-02-24 20:00:00,118.10283333333334,107.33983333333335,68.44616666666667,35.74074074074074,7.796296296296297,18.033333333333335,970.7533333333333,SITE 9,EXT
2026-02-24 21:00:00,137.50433333333334,126.06183333333334,81.08200000000001,34.648148148148145,8.648148148148149,20.2,971.473,SITE 9,EXT
2026-02-24 22:00:00,149.16116666666667,134.57283333333334,85.2145,33.81481481481482,9.685185185185185,22.8,971.702,SITE 9,EXT
2026-02-24 23:00:00,107.94683333333334,98.55,62.92333333333333,32.611111111111114,10.166666666666666,25.1,971.6533333333333,SITE 9,EXT
2026-02-25 00:00:00,101.68633333333334,93.22816666666667,60.08166666666667,31.370370370370374,10.037037037037036,26.866666666666667,971.4486666666667,SITE 9,EXT
2026-02-25 01:00:00,104.39516129032258,95.52338709677419,60.817419354838705,30.66308243727599,10.519713261648745,29.032258064516128,971.0225806451613,SITE 9,EXT
2026-02-25 02:00:00,79.75466666666667,70.42783333333334,43.9815,29.814814814814817,9.833333333333334,28.966666666666665,970.631,SITE 9,EXT
2026-02-25 03:00:00,75.32966666666667,63.84316666666667,39.728500000000004,28.944444444444446,9.555555555555555,29.966666666666665,970.724,SITE 9,EXT
2026-02-25 04:00:00,72.76833333333335,62.95683333333333,41.24883333333334,28.370370370370374,9.62962962962963,31.2,970.8743333333333,SITE 9,EXT
2026-02-25 05:00:00,79.52166666666668,70.92049999999999,46.50933333333333,27.77777777777778,9.574074074074074,32.06666666666667,971.582,SITE 9,EXT
2026-02-25 06:00:00,148.60033333333334,135.693,78.77083333333333,27.77777777777778,9.12962962962963,31.266666666666666,972.2213333333333,SITE 9,EXT
2026-02-25 07:00:00,110.46283333333334,103.4055,68.01416666666667,28.351851851851855,9.018518518518517,29.933333333333334,972.8199999999999,SITE 9,EXT
2026-02-25 08:00:00,76.51806451612903,67.31032258064516,44.891290322580645,29.265232974910397,9.229390681003585,28.903225806451612,973.3809677419355,SITE 9,EXT
2026-02-25 09:00:00,53.083999999999996,44.011833333333335,28.784666666666666,31.537037037037035,15.722222222222223,38.766666666666666,973.882,SITE 9,EXT
2026-02-25 10:00:00,42.960166666666666,35.8755,23.385833333333334,33.53703703703704,17.462962962962965,38.63333333333333,973.9126666666667,SITE 9,EXT
2026-02-25 11:00:00,35.76366666666667,30.67366666666667,19.175,35.11111111111111,13.777777777777779,28.066666666666666,973.149,SITE 9,EXT
2026-02-25 12:00:00,32.62333333333333,28.288,17.8445,36.51851851851852,13.296296296296298,25.033333333333335,972.0016666666667,SITE 9,EXT
2026-02-25 13:00:00,29.32766666666667,25.531833333333335,15.3705,37.5,10.444444444444446,19.5,971.0523333333333,SITE 9,EXT
2026-02-25 14:00:00,29.101666666666667,25.229499999999998,15.450166666666666,38.111111111111114,8.62962962962963,16.633333333333333,970.253,SITE 9,EXT
2026-02-25 15:00:00,26.837903225806453,23.249354838709678,14.114354838709678,38.47670250896058,8.06451612903226,15.806451612903226,969.4967741935484,SITE 9,EXT
2026-02-25 16:00:00,25.4035,22.096999999999998,13.414,38.55555555555556,5.537037037037037,12.966666666666667,969.3169999999999,SITE 9,EXT
2026-02-25 17:00:00,30.738333333333333,26.416166666666665,16.526500000000002,38.14814814814815,4.685185185185186,12.5,969.6416666666667,SITE 9,EXT
2026-02-25 18:00:00,53.62883333333333,47.82183333333333,29.761333333333333,37.62962962962963,5.240740740740741,13.433333333333334,970.2853333333334,SITE 9,EXT
2026-02-25 19:00:00,74.93533333333333,63.96583333333333,40.61866666666666,36.5,6.481481481481482,15.5,971.2426666666667,SITE 9,EXT
2026-02-25 20:00:00,103.131,93.289,58.4305,35.7037037037037,8.5,19.0,972.1753333333332,SITE 9,EXT
2026-02-25 21:00:00,65.20916666666668,52.23316666666667,34.119,34.38888888888889,8.777777777777779,20.666666666666668,972.8753333333334,SITE 9,EXT
2026-02-25 22:00:00,76.14883333333334,65.85533333333333,41.783166666666666,33.50000000000001,8.537037037037038,21.466666666666665,972.8246666666668,SITE 9,EXT
2026-02-25 23:00:00,84.24080645161291,75.33370967741936,46.76483870967742,32.473118279569896,9.874551971326165,24.903225806451612,972.4787096774194,SITE 9,EXT
2026-02-26 00:00:00,78.798,68.64750000000001,42.415166666666664,31.666666666666668,9.722222222222223,25.833333333333332,972.1113333333334,SITE 9,EXT
2026-02-26 01:00:00,87.20016666666668,77.33833333333334,46.686166666666665,30.796296296296298,10.055555555555555,27.8,971.5830000000001,SITE 9,EXT
2026-02-26 02:00:00,77.55300000000001,68.38616666666667,42.49166666666667,30.333333333333332,10.166666666666666,28.733333333333334,971.0849999999999,SITE 9,EXT
2026-02-26 03:00:00,56.343333333333334,45.062000000000005,29.246666666666666,29.722222222222225,9.425925925925926,28.3,971.171,SITE 9,EXT
2026-02-26 04:00:00,77.74783333333333,67.64583333333333,43.74483333333333,28.925925925925927,10.037037037037036,30.933333333333334,971.4713333333333,SITE 9,EXT
2026-02-26 05:00:00,88.71933333333332,77.28433333333334,49.03816666666667,28.203703703703706,9.74074074074074,31.666666666666668,972.2203333333333,SITE 9,EXT
2026-02-26 06:00:00,139.39387096774195,127.68806451612903,79.24580645161289,28.31541218637993,9.229390681003585,30.387096774193548,972.8354838709678,SITE 9,EXT
2026-02-26 07:00:00,173.06766666666667,159.518,97.3995,28.61111111111111,11.111111111111112,33.9,973.5466666666667,SITE 9,EXT
2026-02-26 08:00:00,66.32283333333334,55.5795,36.016666666666666,29.388888888888893,13.481481481481483,38.0,974.4680000000001,SITE 9,EXT
2026-02-26 09:00:00,43.477666666666664,36.1505,23.593666666666664,30.98148148148148,16.61111111111111,42.266666666666666,975.1273333333334,SITE 9,EXT
2026-02-26 10:00:00,40.032000000000004,33.900166666666664,22.261833333333335,32.92592592592593,18.11111111111111,41.56666666666667,975.065,SITE 9,EXT
2026-02-26 11:00:00,39.86016666666667,33.183,21.26516666666667,34.7037037037037,16.59259259259259,34.5,974.1783333333333,SITE 9,EXT
2026-02-26 12:00:00,35.98733333333333,30.23483333333333,18.470666666666666,35.87037037037037,14.62962962962963,28.133333333333333,972.985,SITE 9,EXT
2026-02-26 13:00:00,34.77435483870968,29.06693548387097,17.231612903225805,36.91756272401434,13.082437275985663,24.322580645161292,972.102258064516,SITE 9,EXT
2026-02-26 14:00:00,32.418,26.235666666666667,14.024833333333333,37.7037037037037,9.12962962962963,17.633333333333333,971.2386666666666,SITE 9,EXT
2026-02-26 15:00:00,32.68216666666667,26.39966666666667,14.039833333333332,38.31481481481482,8.166666666666666,15.933333333333334,970.3763333333334,SITE 9,EXT
2026-02-26 16:00:00,33.91116666666667,27.431,14.617833333333333,38.2962962962963,7.259259259259259,15.0,970.2906666666667,SITE 9,EXT
2026-02-26 17:00:00,38.8065,30.573833333333333,17.408,37.77777777777778,7.259259259259259,15.3,970.1673333333333,SITE 9,EXT
2026-02-26 18:00:00,47.24666666666667,36.52283333333333,21.91466666666667,37.46296296296296,7.703703703703705,16.1,971.0889999999999,SITE 9,EXT
2026-02-26 19:00:00,105.11283333333334,91.955,56.87283333333333,36.81481481481482,8.814814814814815,18.1,972.1396666666666,SITE 9,EXT
2026-02-26 20:00:00,114.79129032258064,102.68774193548387,62.99338709677419,35.98566308243728,10.878136200716845,21.903225806451612,973.0312903225807,SITE 9,EXT
2026-02-26 21:00:00,90.18900000000001,80.61466666666666,50.88783333333333,35.092592592592595,11.185185185185185,23.4,973.575,SITE 9,EXT
2026-02-26 22:00:00,117.98783333333333,105.5655,65.89283333333334,34.25925925925926,11.74074074074074,25.6,973.8683333333333,SITE 9,EXT
2026-02-26 23:00:00,88.889,77.00416666666666,47.707499999999996,33.50000000000001,12.611111111111112,28.233333333333334,973.6883333333334,SITE 9,EXT
2026-02-27 00:00:00,73.96483333333335,60.286500000000004,37.018,32.7962962962963,12.62962962962963,29.5,973.081,SITE 9,EXT
2026-02-27 01:00:00,70.91316666666667,57.96716666666667,35.607,32.25925925925926,12.703703703703704,30.433333333333334,972.5733333333334,SITE 9,EXT
2026-02-27 02:00:00,51.5635,40.775333333333336,25.621666666666666,32.22222222222222,14.5,34.43333333333333,972.4926666666667,SITE 9,EXT
2026-02-27 03:00:00,50.42354838709678,40.10354838709677,25.37258064516129,31.97132616487455,16.29032258064516,39.41935483870968,972.7296774193549,SITE 9,EXT
2026-02-27 04:00:00,51.090500000000006,41.12433333333333,26.26033333333333,31.666666666666668,17.296296296296298,42.53333333333333,972.724,SITE 9,EXT
2026-02-27 05:00:00,57.406,47.093833333333336,29.09416666666667,31.425925925925927,17.888888888888893,45.0,972.912,SITE 9,EXT
2026-02-27 06:00:00,51.11833333333333,41.32899999999999,26.790166666666668,31.092592592592595,18.12962962962963,46.36666666666667,973.4436666666667,SITE 9,EXT
2026-02-27 07:00:00,52.31672413793103,42.26086206896552,27.268793103448274,31.072796934865902,18.42911877394636,47.48275862068966,973.9372413793103,SITE 9,EXT
2026-02-27 08:00:00,43.03483333333334,35.412666666666674,22.695333333333334,31.574074074074076,18.833333333333332,47.333333333333336,974.6446666666667,SITE 9,EXT
2026-02-27 09:00:00,36.2315,31.062666666666665,19.743833333333335,32.666666666666664,19.27777777777778,45.5,974.6883333333334,SITE 9,EXT
2026-02-27 10:00:00,37.019,31.5085,20.033833333333334,34.2037037037037,19.240740740740744,41.766666666666666,974.3083333333333,SITE 9,EXT
2026-02-27 11:00:00,35.474333333333334,30.101833333333335,18.612666666666666,35.74074074074074,18.833333333333332,37.166666666666664,973.6953333333333,SITE 9,EXT
2026-02-27 12:00:00,36.7735,30.7465,18.857666666666667,36.81481481481482,18.240740740740744,33.666666666666664,972.7156666666667,SITE 9,EXT
2026-02-27 13:00:00,37.555,30.93933333333333,18.922666666666665,37.64814814814815,17.14814814814815,30.1,971.5346666666667,SITE 9,EXT
2026-02-27 14:00:00,36.38620689655173,30.215689655172415,18.12741379310345,38.23754789272031,16.743295019157088,28.482758620689655,970.6996551724138,SITE 9,EXT
2026-02-27 15:00:00,58.7245,48.5555,29.380499999999998,37.833333333333336,16.574074074074073,28.666666666666668,969.9553333333333,SITE 9,EXT
2026-02-27 16:00:00,57.82866666666667,46.67616666666667,29.414166666666667,37.44444444444444,15.925925925925927,28.2,969.645,SITE 9,EXT
2026-02-27 17:00:00,56.549166666666665,44.70366666666667,28.715,37.24074074074074,16.09259259259259,28.633333333333333,969.8943333333334,SITE 9,EXT
2026-02-27 18:00:00,61.966,49.08383333333334,31.44333333333333,36.88888888888889,16.333333333333332,29.8,970.3389999999999,SITE 9,EXT
2026-02-27 19:00:00,59.83283333333333,47.06716666666667,30.129833333333334,36.55555555555556,16.48148148148148,30.8,971.4,SITE 9,EXT
2026-02-27 20:00:00,49.61810344827586,39.361551724137925,24.78551724137931,36.09195402298851,17.203065134099617,32.89655172413793,972.631724137931,SITE 9,EXT
2026-02-27 21:00:00,47.714666666666666,37.487833333333334,23.040333333333333,35.592592592592595,16.703703703703706,32.9,973.168,SITE 9,EXT
2026-02-27 22:00:00,49.724333333333334,38.992666666666665,24.16166666666667,35.51851851851852,17.11111111111111,33.833333333333336,973.0426666666666,SITE 9,EXT
2026-02-27 23:00:00,49.63916666666667,39.2105,24.26033333333333,34.98148148148148,17.296296296296298,35.3,972.7316666666667,SITE 9,EXT
2026-02-28 00:00:00,50.58883333333333,40.20116666666667,25.173000000000002,34.648148148148145,17.407407407407405,36.06666666666667,972.6883333333334,SITE 9,EXT
2026-02-28 01:00:00,42.65116666666667,34.46083333333333,21.540666666666667,34.37037037037037,17.38888888888889,36.7,972.4143333333334,SITE 9,EXT
2026-02-28 02:00:00,38.56933333333333,31.793166666666664,19.59283333333333,33.88888888888889,17.61111111111111,38.0,972.144,SITE 9,EXT
2026-02-28 03:00:00,37.43258620689655,31.20051724137931,19.320862068965514,33.486590038314176,17.739463601532567,39.44827586206897,971.8106896551725,SITE 9,EXT
2026-02-28 04:00:00,39.76,32.829,20.494666666666667,32.92592592592593,18.03703703703704,41.5,971.7593333333333,SITE 9,EXT
2026-02-28 05:00:00,36.591499999999996,31.263333333333332,19.921666666666667,32.37037037037037,18.75925925925926,44.6,972.5153333333333,SITE 9,EXT
2026-02-28 06:00:00,46.27366666666667,35.9125,20.946,32.111111111111114,18.53703703703704,45.0,973.1046666666666,SITE 9,EXT
2026-02-28 07:00:00,48.7465,40.02066666666667,25.958000000000002,31.685185185185183,18.351851851851855,45.1,973.7426666666667,SITE 9,EXT
2026-02-28 08:00:00,53.116379310344826,45.87931034482759,28.25155172413793,32.088122605363985,18.27586206896552,44.172413793103445,974.0175862068966,SITE 9,EXT
2026-02-28 09:00:00,28.759833333333333,26.426499999999997,17.1535,32.75925925925926,18.31481481481482,42.166666666666664,974.3826666666666,SITE 9,EXT
2026-02-28 10:00:00,29.92983333333333,27.10033333333333,17.333833333333335,33.77777777777778,18.574074074074076,40.93333333333333,974.3439999999999,SITE 9,EXT
2026-02-28 11:00:00,30.786,27.579166666666666,17.713666666666665,34.81481481481481,18.64814814814815,38.766666666666666,973.6076666666667,SITE 9,EXT
2026-02-28 12:00:00,33.85366666666667,29.552666666666667,18.819166666666668,35.98148148148149,18.166666666666668,35.13333333333333,972.4203333333334,SITE 9,EXT
2026-02-28 13:00:00,33.481833333333334,29.2015,18.611666666666668,36.94444444444445,17.925925925925927,32.8,971.1466666666668,SITE 9,EXT
2026-02-28 14:00:00,33.412333333333336,29.027499999999996,18.420666666666666,37.96296296296296,17.592592592592595,30.433333333333334,969.8183333333333,SITE 9,EXT
2026-02-28 15:00:00,35.27862068965517,29.979310344827585,18.74086206896552,38.23754789272031,16.800766283524904,28.482758620689655,968.9879310344828,SITE 9,EXT
2026-02-28 16:00:00,35.992666666666665,30.1945,18.433833333333332,38.18518518518519,16.0,27.133333333333333,968.7009999999999,SITE 9,EXT
2026-02-28 17:00:00,44.49016666666667,35.77016666666667,22.27283333333333,37.648148148148145,16.37037037037037,28.6,969.0976666666667,SITE 9,EXT
2026-02-28 18:00:00,54.373666666666665,42.896166666666666,27.1665,35.2962962962963,16.74074074074074,33.36666666666667,969.893,SITE 9,EXT
2026-02-28 19:00:00,56.622499999999995,44.50066666666667,28.37633333333333,34.851851851851855,16.925925925925927,34.7,970.2816666666666,SITE 9,EXT
2026-02-28 20:00:00,56.95233333333333,44.92433333333334,28.6365,34.92592592592593,17.537037037037035,35.833333333333336,970.9513333333333,SITE 9,EXT
2026-02-28 21:00:00,50.83758620689655,40.551034482758624,25.772413793103446,33.793103448275865,17.490421455938698,38.10344827586207,971.6265517241379,SITE 9,EXT
2026-02-28 22:00:00,55.25016666666667,43.977999999999994,28.290166666666668,33.88888888888889,17.259259259259256,37.63333333333333,972.0346666666667,SITE 9,EXT
2026-02-28 23:00:00,56.18866666666667,44.55316666666667,28.270666666666667,33.53703703703704,17.62962962962963,38.766666666666666,971.9586666666667,SITE 9,EXT
2026-03-01 00:00:00,57.16583333333334,45.63016666666667,28.9845,33.31481481481482,17.62962962962963,39.6,971.6616666666666,SITE 9,EXT
2026-03-01 01:00:00,47.61183333333334,38.40716666666666,24.578166666666668,32.22222222222222,17.592592592592595,42.06666666666667,971.077,SITE 9,EXT
2026-03-01 02:00:00,49.45433333333334,40.00866666666666,25.643833333333337,30.25925925925926,18.370370370370374,49.13333333333333,970.6110000000001,SITE 9,EXT
2026-03-01 03:00:00,47.008448275862065,38.14913793103448,24.313275862068966,29.597701149425287,17.93103448275862,49.758620689655174,970.4224137931035,SITE 9,EXT
2026-03-01 04:00:00,46.09683333333333,37.4345,23.728166666666667,29.462962962962965,17.22222222222222,48.0,970.4986666666666,SITE 9,EXT
2026-03-01 05:00:00,43.66983333333334,35.725833333333334,22.781166666666667,29.666666666666668,16.685185185185187,45.833333333333336,971.0753333333333,SITE 9,EXT
2026-03-01 06:00:00,109.384,94.7325,48.87766666666666,29.518518518518523,15.981481481481483,44.333333333333336,971.8066666666667,SITE 9,EXT
2026-03-01 07:00:00,61.457166666666666,50.466499999999996,31.4135,29.296296296296298,13.611111111111112,38.3,972.2226666666667,SITE 9,EXT
2026-03-01 08:00:00,50.0255,40.565666666666665,25.65083333333333,29.962962962962965,12.555555555555555,34.43333333333333,972.8093333333333,SITE 9,EXT
2026-03-01 09:00:00,34.77879310344828,29.996206896551723,18.723275862068967,31.053639846743298,11.609195402298852,30.379310344827587,973.131724137931,SITE 9,EXT
2026-03-01 10:00:00,30.821166666666667,27.292166666666667,17.141333333333332,32.092592592592595,10.907407407407408,27.4,973.3546666666666,SITE 9,EXT
2026-03-01 11:00:00,30.7785,27.330333333333332,17.216,33.31481481481482,9.222222222222223,22.666666666666668,972.857,SITE 9,EXT
2026-03-01 12:00:00,31.19316666666667,27.437,17.015,35.12962962962963,9.981481481481483,21.566666666666666,971.8856666666667,SITE 9,EXT
2026-03-01 13:00:00,33.48833333333333,29.235166666666665,18.31066666666667,36.25925925925926,10.333333333333334,21.0,970.3333333333334,SITE 9,EXT
2026-03-01 14:00:00,33.92733333333334,29.454333333333334,18.555333333333333,37.37037037037037,11.351851851851851,21.0,969.08,SITE 9,EXT
2026-03-01 15:00:00,34.437413793103445,29.832758620689653,18.79293103448276,38.04597701149426,12.107279693486591,20.96551724137931,968.1110344827587,SITE 9,EXT
2026-03-01 16:00:00,35.292500000000004,30.16783333333333,18.944333333333336,37.851851851851855,12.111111111111112,21.133333333333333,967.9113333333333,SITE 9,EXT
2026-03-01 17:00:00,47.033833333333334,38.327999999999996,24.495833333333334,37.62962962962963,11.777777777777779,21.266666666666666,968.172,SITE 9,EXT
2026-03-01 18:00:00,77.1905,67.31583333333333,42.20733333333333,37.22222222222222,12.259259259259261,22.266666666666666,968.9556666666667,SITE 9,EXT
2026-03-01 19:00:00,58.867666666666665,47.325,31.084333333333333,36.7962962962963,12.51851851851852,23.3,970.1576666666666,SITE 9,EXT
2026-03-01 20:00:00,63.66833333333333,52.093666666666664,32.73433333333333,36.092592592592595,12.796296296296298,24.6,971.0186666666667,SITE 9,EXT
2026-03-01 21:00:00,48.73206896551724,39.64206896551725,25.33603448275862,35.019157088122604,12.911877394636015,26.344827586206897,972.2989655172413,SITE 9,EXT
2026-03-01 22:00:00,40.449333333333335,34.007,21.885166666666667,34.166666666666664,15.814814814814815,33.766666666666666,973.0046666666666,SITE 9,EXT
2026-03-01 23:00:00,35.98016666666667,31.257833333333334,20.252166666666668,33.40740740740741,17.555555555555554,39.13333333333333,973.4413333333334,SITE 9,EXT
2026-03-02 00:00:00,30.257166666666667,27.439166666666665,17.6545,32.88888888888889,16.87037037037037,38.63333333333333,972.625,SITE 9,EXT
2026-03-02 01:00:00,26.8005,24.582666666666668,15.829,32.53703703703704,16.203703703703706,37.733333333333334,972.2353333333334,SITE 9,EXT
2026-03-02 02:00:00,28.711166666666667,26.123833333333334,16.763833333333334,32.111111111111114,16.48148148148148,39.4,972.4923333333334,SITE 9,EXT
2026-03-02 03:00:00,35.32879310344828,30.861551724137932,19.84741379310345,31.436781609195403,18.06513409961686,45.13793103448276,972.4593103448276,SITE 9,EXT
2026-03-02 04:00:00,41.39416666666667,34.826,22.439833333333333,30.981481481481485,18.61111111111111,48.06666666666667,972.3283333333333,SITE 9,EXT
2026-03-02 05:00:00,32.05133333333333,28.092166666666667,18.195333333333334,30.48148148148148,18.27777777777778,48.56666666666667,972.6126666666667,SITE 9,EXT
2026-03-02 06:00:00,18.92733333333333,17.461833333333335,11.649666666666667,29.98148148148148,17.85185185185185,49.0,973.1896666666667,SITE 9,EXT
2026-03-02 07:00:00,39.54383333333333,34.407000000000004,22.049,29.98148148148148,17.77777777777778,48.833333333333336,973.7473333333332,SITE 9,EXT
2026-03-02 08:00:00,24.224655172413794,22.772931034482756,15.205344827586206,30.402298850574716,17.911877394636015,47.58620689655172,973.9813793103448,SITE 9,EXT
2026-03-02 09:00:00,30.315,27.2165,17.843833333333336,30.592592592592595,17.64814814814815,46.0,974.1016666666667,SITE 9,EXT
2026-03-02 10:00:00,27.97233333333333,25.825166666666668,16.650166666666667,31.48148148148148,17.203703703703702,42.96666666666667,973.9003333333333,SITE 9,EXT
2026-03-02 11:00:00,21.546499999999998,19.735833333333336,12.812999999999999,32.2037037037037,16.5,39.4,973.5816666666667,SITE 9,EXT
2026-03-02 12:00:00,27.334166666666665,24.964,15.993833333333333,32.7037037037037,13.981481481481483,32.63333333333333,972.8196666666666,SITE 9,EXT
2026-03-02 13:00:00,24.977333333333334,21.010166666666667,13.4415,33.25925925925926,11.370370370370372,26.233333333333334,972.2673333333333,SITE 9,EXT
2026-03-02 14:00:00,26.156206896551723,23.404827586206896,14.814827586206896,33.44827586206897,10.78544061302682,25.06896551724138,971.6879310344827,SITE 9,EXT
2026-03-02 15:00:00,25.723000000000003,23.3435,14.771999999999998,33.62962962962963,10.814814814814815,24.833333333333332,971.23,SITE 9,EXT
2026-03-02 16:00:00,29.64,26.420666666666666,17.011166666666664,33.88888888888889,10.944444444444445,24.7,971.194,SITE 9,EXT
2026-03-02 17:00:00,40.15,34.36,21.799333333333333,33.851851851851855,10.833333333333334,24.566666666666666,971.3603333333334,SITE 9,EXT
2026-03-02 18:00:00,47.02366666666667,38.898,25.597166666666666,33.46296296296296,11.407407407407408,25.966666666666665,971.8313333333333,SITE 9,EXT
2026-03-02 19:00:00,61.8135,49.94283333333333,32.907000000000004,33.50000000000001,12.166666666666668,27.5,972.342,SITE 9,EXT
2026-03-02 20:00:00,65.24672413793104,53.990172413793104,35.1351724137931,33.31417624521073,13.045977011494255,29.413793103448278,972.9675862068966,SITE 9,EXT
2026-03-02 21:00:00,64.18533333333333,51.95666666666667,33.61,32.87037037037037,13.222222222222223,30.466666666666665,973.8430000000001,SITE 9,EXT
2026-03-02 22:00:00,53.924,43.61016666666667,28.436833333333333,32.51851851851852,13.314814814814815,31.4,974.3273333333333,SITE 9,EXT
2026-03-02 23:00:00,51.18383333333334,41.69316666666667,27.027833333333334,31.962962962962965,13.277777777777779,32.333333333333336,974.4266666666666,SITE 9,EXT
2026-03-03 00:00:00,57.75,46.42266666666667,30.179,31.666666666666668,13.481481481481483,33.266666666666666,974.2903333333333,SITE 9,EXT
2026-03-03 01:00:00,63.0395,50.1045,31.962833333333332,30.944444444444446,13.5,34.6,974.2289999999999,SITE 9,EXT
2026-03-03 02:00:00,43.17706896551724,35.23948275862069,21.639655172413793,30.191570881226053,10.287356321839082,29.379310344827587,973.7831034482758,SITE 9,EXT
2026-03-03 03:00:00,34.179,28.538999999999998,16.395666666666667,30.0,7.851851851851852,25.1,973.6886666666667,SITE 9,EXT
2026-03-03 04:00:00,38.477833333333336,30.993666666666666,17.967499999999998,29.462962962962965,8.11111111111111,26.1,973.3083333333333,SITE 9,EXT
2026-03-03 05:00:00,43.6325,34.881,20.938,29.074074074074076,7.666666666666668,26.0,973.3806666666666,SITE 9,EXT
2026-03-03 06:00:00,60.04766666666667,46.98016666666667,29.111333333333334,28.88888888888889,7.833333333333334,26.533333333333335,973.7266666666667,SITE 9,EXT
2026-03-03 07:00:00,56.8395,44.87916666666667,27.8585,29.0,7.722222222222223,26.166666666666668,973.9833333333333,SITE 9,EXT
2026-03-03 08:00:00,76.3794827586207,62.71448275862069,36.735689655172415,29.96168582375479,8.275862068965518,25.655172413793103,974.6337931034483,SITE 9,EXT
2026-03-03 09:00:00,46.268,36.50466666666667,21.285833333333336,30.77777777777778,8.277777777777779,24.7,974.803,SITE 9,EXT
2026-03-03 10:00:00,29.8825,24.394166666666667,13.194833333333332,32.111111111111114,7.648148148148149,21.766666666666666,974.7913333333333,SITE 9,EXT
2026-03-03 11:00:00,25.99683333333333,21.718999999999998,11.930166666666668,33.90740740740741,6.555555555555556,18.266666666666666,974.2546666666666,SITE 9,EXT
2026-03-03 12:00:00,24.994833333333336,20.861833333333333,11.564666666666666,35.22222222222222,6.703703703703704,17.133333333333333,973.2033333333333,SITE 9,EXT
2026-03-03 13:00:00,23.61793103448276,20.022586206896552,11.123275862068965,36.283524904214566,6.973180076628353,16.413793103448278,972.0558620689654,SITE 9,EXT
2026-03-03 14:00:00,23.064,19.509833333333333,11.2525,37.53703703703704,7.388888888888889,15.833333333333334,970.9673333333334,SITE 9,EXT
2026-03-03 15:00:00,26.982166666666668,23.109666666666666,13.906833333333333,37.75925925925926,8.314814814814815,16.866666666666667,970.194,SITE 9,EXT
2026-03-03 16:00:00,29.882833333333334,25.48483333333333,15.298333333333334,37.7037037037037,8.685185185185185,17.033333333333335,969.9363333333333,SITE 9,EXT
2026-03-03 17:00:00,39.498666666666665,32.86783333333333,20.826166666666666,37.592592592592595,9.0,17.5,970.3436666666668,SITE 9,EXT
2026-03-03 18:00:00,56.95583333333333,45.56633333333333,29.876666666666665,37.05555555555556,9.574074074074074,18.866666666666667,970.9803333333333,SITE 9,EXT
2026-03-03 19:00:00,55.46333333333334,44.42716666666667,28.782833333333333,36.18518518518519,10.574074074074074,21.133333333333333,971.535,SITE 9,EXT
2026-03-03 20:00:00,60.326206896551724,47.971034482758625,30.485,35.593869731800766,11.130268199233717,22.724137931034484,972.734827586207,SITE 9,EXT
2026-03-03 21:00:00,85.6595,77.65216666666667,49.997499999999995,35.01851851851852,12.685185185185187,26.066666666666666,973.4419999999999,SITE 9,EXT
2026-03-03 22:00:00,75.63733333333333,65.09533333333334,42.0675,34.592592592592595,12.407407407407408,26.133333333333333,973.592,SITE 9,EXT
2026-03-03 23:00:00,65.1285,51.659,32.35583333333333,34.12962962962963,12.648148148148149,27.366666666666667,973.5656666666667,SITE 9,EXT
2026-03-04 00:00:00,65.45766666666667,51.478500000000004,32.78966666666667,33.50000000000001,13.444444444444446,29.8,973.1603333333334,SITE 9,EXT
2026-03-04 01:00:00,75.27275862068964,63.97586206896552,39.663275862068964,32.8352490421456,13.333333333333334,30.82758620689655,972.2303448275862,SITE 9,EXT
2026-03-04 02:00:00,73.83116666666666,61.95633333333333,39.39883333333333,32.31481481481482,13.851851851851851,32.833333333333336,971.5216666666668,SITE 9,EXT
2026-03-04 03:00:00,67.34433333333332,53.582166666666666,34.66866666666667,31.53703703703704,13.925925925925926,34.46666666666667,971.163,SITE 9,EXT
2026-03-04 04:00:00,68.29616666666668,54.655166666666666,35.23416666666667,30.833333333333336,13.722222222222223,35.36666666666667,971.2729999999999,SITE 9,EXT
2026-03-04 05:00:00,78.42466666666665,68.54533333333333,44.910333333333334,30.333333333333332,13.88888888888889,36.833333333333336,971.747,SITE 9,EXT
2026-03-04 06:00:00,69.34916666666666,56.808,36.68816666666667,29.685185185185183,13.5,37.4,972.2983333333334,SITE 9,EXT
2026-03-04 07:00:00,67.0248275862069,53.766724137931035,34.62103448275862,29.52107279693487,13.237547892720308,37.10344827586207,973.2137931034483,SITE 9,EXT
2026-03-04 08:00:00,60.76199999999999,46.623000000000005,28.435833333333335,31.240740740740744,13.814814814814815,34.733333333333334,973.8033333333333,SITE 9,EXT
2026-03-04 09:00:00,47.09016666666666,37.681666666666665,23.67366666666667,32.7037037037037,14.314814814814815,33.1,974.1139999999999,SITE 9,EXT
2026-03-04 10:00:00,40.452666666666666,33.100833333333334,20.4695,34.51851851851852,13.88888888888889,29.066666666666666,974.2366666666666,SITE 9,EXT
2026-03-04 11:00:00,32.152,27.88266666666667,17.372833333333332,36.370370370370374,12.685185185185187,24.166666666666668,973.675,SITE 9,EXT
2026-03-04 12:00:00,28.41016666666667,24.858999999999998,15.226166666666668,37.62962962962963,11.074074074074074,20.233333333333334,972.6753333333332,SITE 9,EXT
2026-03-04 13:00:00,27.982666666666667,24.127166666666668,14.532666666666668,38.62962962962963,9.648148148148149,17.266666666666666,971.8923333333333,SITE 9,EXT
2026-03-04 14:00:00,26.65258620689655,22.780344827586205,13.375344827586206,39.73180076628352,8.42911877394636,15.068965517241379,971.076551724138,SITE 9,EXT
2026-03-04 15:00:00,25.866666666666667,22.194,13.171666666666665,39.96296296296296,8.851851851851851,15.2,970.4253333333332,SITE 9,EXT
2026-03-04 16:00:00,29.28966666666667,25.114166666666666,15.249333333333334,40.0,8.981481481481483,15.233333333333333,970.141,SITE 9,EXT
2026-03-04 17:00:00,31.0475,26.691333333333333,16.177666666666667,39.44444444444444,8.592592592592592,15.266666666666667,970.3223333333333,SITE 9,EXT
2026-03-04 18:00:00,77.2215,67.30716666666666,41.589000000000006,38.90740740740741,10.314814814814815,17.966666666666665,970.7836666666666,SITE 9,EXT
2026-03-04 19:00:00,86.93733333333333,74.49466666666667,45.582,37.94444444444445,11.5,20.466666666666665,971.5930000000001,SITE 9,EXT
2026-03-04 20:00:00,60.97741379310345,48.37,31.03448275862069,36.91570881226054,11.724137931034484,21.79310344827586,972.6358620689655,SITE 9,EXT
2026-03-04 21:00:00,83.06766666666667,72.77433333333333,46.450500000000005,36.166666666666664,12.5,23.966666666666665,973.0406666666667,SITE 9,EXT
2026-03-04 22:00:00,91.55099999999999,81.01866666666666,50.30133333333333,35.7962962962963,13.277777777777779,25.9,973.5386666666667,SITE 9,EXT
2026-03-04 23:00:00,48.08233333333333,38.986999999999995,25.312666666666665,35.42592592592593,12.259259259259261,24.933333333333334,973.4613333333333,SITE 9,EXT
2026-03-05 00:00:00,47.95033333333333,39.40716666666666,26.062666666666665,34.75925925925926,14.0,28.866666666666667,973.8016666666666,SITE 9,EXT
2026-03-05 01:00:00,45.42120689655172,37.73155172413793,25.20051724137931,34.08045977011494,15.7088122605364,33.48275862068966,973.7251724137931,SITE 9,EXT
2026-03-05 02:00:00,44.915166666666664,37.45666666666667,25.176499999999997,33.31481481481482,16.75925925925926,37.46666666666667,973.3496666666667,SITE 9,EXT
2026-03-05 03:00:00,44.707166666666666,37.61216666666667,25.549333333333333,32.75925925925926,17.666666666666668,40.96666666666667,972.9356666666666,SITE 9,EXT
2026-03-05 04:00:00,40.622,35.208333333333336,24.053,32.25925925925926,18.25925925925926,43.7,973.1793333333334,SITE 9,EXT
2026-03-05 05:00:00,39.713,34.642,23.75,31.666666666666668,18.666666666666668,46.0,973.1586666666666,SITE 9,EXT
2026-03-05 06:00:00,46.53793103448276,37.98258620689655,24.50896551724138,31.206896551724142,18.448275862068964,47.275862068965516,973.5065517241379,SITE 9,EXT
2026-03-05 07:00:00,39.1845,34.16716666666667,23.220666666666666,31.333333333333336,18.925925925925927,47.93333333333333,973.9889999999999,SITE 9,EXT
2026-03-05 08:00:00,33.76683333333333,30.889,21.127166666666664,31.88888888888889,19.11111111111111,47.4,974.5866666666666,SITE 9,EXT
2026-03-05 09:00:00,28.289166666666667,26.471333333333334,18.1915,33.20370370370371,19.425925925925927,44.766666666666666,974.8916666666667,SITE 9,EXT
2026-03-05 10:00:00,24.749333333333333,23.382333333333335,16.2665,34.87037037037037,19.14814814814815,40.0,974.8933333333333,SITE 9,EXT
2026-03-05 11:00:00,24.229166666666668,22.632,15.6985,36.51851851851852,18.962962962962965,35.9,974.1846666666667,SITE 9,EXT
2026-03-05 12:00:00,25.479499999999998,23.702166666666667,16.35533333333333,37.64814814814815,18.25925925925926,32.2,972.7333333333333,SITE 9,EXT
2026-03-05 13:00:00,25.583965517241378,23.750689655172412,16.290344827586207,38.50574712643679,17.643678160919542,29.620689655172413,971.7172413793103,SITE 9,EXT
2026-03-05 14:00:00,24.407833333333333,22.386833333333335,14.869,38.81481481481482,16.11111111111111,26.433333333333334,970.8026666666667,SITE 9,EXT
2026-03-05 15:00:00,25.412166666666668,22.775166666666667,14.876666666666667,39.24074074074074,15.111111111111112,24.066666666666666,970.0293333333334,SITE 9,EXT
2026-03-05 16:00:00,25.94333333333333,23.34283333333333,15.4085,38.88888888888889,15.12962962962963,24.7,969.6563333333332,SITE 9,EXT
2026-03-05 17:00:00,37.426,32.2385,21.521833333333333,38.88888888888889,14.907407407407408,24.133333333333333,969.7733333333333,SITE 9,EXT
2026-03-05 18:00:00,37.063,32.29183333333334,21.806333333333335,37.833333333333336,17.12962962962963,29.8,970.5356666666667,SITE 9,EXT
2026-03-05 19:00:00,35.09293103448276,31.16793103448276,20.939137931034484,37.03065134099617,17.75862068965517,32.310344827586206,971.3727586206898,SITE 9,EXT
2026-03-05 20:00:00,29.500666666666667,27.17733333333333,18.496,36.64814814814815,17.962962962962965,33.8,971.875,SITE 9,EXT
2026-03-05 21:00:00,42.38483333333333,36.013000000000005,24.308833333333332,36.14814814814815,18.055555555555557,34.53333333333333,972.318,SITE 9,EXT
2026-03-05 22:00:00,40.16883333333333,34.5415,22.834999999999997,36.092592592592595,18.31481481481482,35.06666666666667,972.6370000000001,SITE 9,EXT
2026-03-05 23:00:00,39.650333333333336,34.16616666666667,22.927000000000003,35.75925925925926,17.98148148148148,35.43333333333333,972.8463333333333,SITE 9,EXT
2026-03-06 00:00:00,35.030166666666666,31.34466666666667,21.1725,35.148148148148145,18.092592592592595,36.56666666666667,972.3883333333334,SITE 9,EXT
2026-03-06 01:00:00,34.212758620689655,31.018448275862067,21.156724137931032,34.52107279693487,17.854406130268202,37.93103448275862,971.5968965517242,SITE 9,EXT
2026-03-06 02:00:00,33.48866666666667,30.50583333333333,20.971333333333334,34.166666666666664,17.888888888888893,38.43333333333333,971.232,SITE 9,EXT
2026-03-06 03:00:00,37.48583333333333,32.906166666666664,22.3105,33.88888888888889,18.222222222222225,39.733333333333334,971.0596666666667,SITE 9,EXT
2026-03-06 04:00:00,42.7,36.2895,24.601833333333335,33.38888888888889,18.296296296296298,40.93333333333333,970.9606666666666,SITE 9,EXT
2026-03-06 05:00:00,42.79183333333334,36.29333333333333,24.528166666666667,33.092592592592595,18.444444444444446,42.43333333333333,970.956,SITE 9,EXT
2026-03-06 06:00:00,53.3051724137931,45.416724137931034,29.902758620689653,32.77777777777778,18.812260536398465,43.793103448275865,971.3372413793103,SITE 9,EXT
2026-03-06 07:00:00,57.730333333333334,47.175,30.129833333333334,32.72222222222222,19.055555555555557,44.833333333333336,971.9836666666666,SITE 9,EXT
2026-03-06 08:00:00,42.01466666666667,35.92383333333333,24.168,33.31481481481482,19.425925925925927,44.46666666666667,972.4686666666668,SITE 9,EXT
2026-03-06 09:00:00,36.79266666666667,32.88033333333333,22.563666666666666,34.48148148148149,19.962962962962965,43.0,972.9933333333333,SITE 9,EXT
2026-03-06 10:00:00,33.67333333333333,30.76033333333333,21.148500000000002,35.96296296296296,20.055555555555554,39.833333333333336,973.1039999999999,SITE 9,EXT
2026-03-06 11:00:00,31.11,28.776166666666665,19.830666666666666,37.22222222222222,19.592592592592595,35.96666666666667,972.379,SITE 9,EXT
2026-03-06 12:00:00,27.0005,25.317166666666665,17.669,38.37037037037037,18.64814814814815,31.7,971.2843333333333,SITE 9,EXT
2026-03-06 13:00:00,27.24241379310345,25.139655172413793,17.243793103448276,39.25287356321839,17.547892720306514,28.413793103448278,970.3113793103448,SITE 9,EXT
2026-03-06 14:00:00,24.881833333333336,22.89,15.403333333333334,39.81481481481481,16.09259259259259,25.033333333333335,969.19,SITE 9,EXT
2026-03-06 15:00:00,24.073666666666668,21.96966666666667,14.664666666666667,40.0,15.481481481481483,23.733333333333334,967.9233333333334,SITE 9,EXT
2026-03-06 16:00:00,28.566,25.845833333333335,17.340666666666667,39.77777777777778,15.611111111111112,24.233333333333334,967.8736666666666,SITE 9,EXT
2026-03-06 17:00:00,41.09583333333333,36.627500000000005,23.8845,39.07407407407407,16.814814814814817,27.2,968.0743333333334,SITE 9,EXT
2026-03-06 18:00:00,49.11333333333334,40.83883333333333,26.963166666666666,38.40740740740741,17.51851851851852,29.6,969.0406666666667,SITE 9,EXT
2026-03-06 19:00:00,53.99551724137932,44.001724137931035,29.17603448275862,38.04597701149426,17.490421455938698,30.0,969.808275862069,SITE 9,EXT
2026-03-06 20:00:00,64.27,53.0485,34.83166666666667,37.74074074074074,17.574074074074073,30.7,970.7246666666667,SITE 9,EXT
2026-03-06 21:00:00,51.8955,43.792,29.209333333333333,35.62962962962963,18.944444444444446,37.96666666666667,971.7726666666666,SITE 9,EXT
2026-03-06 22:00:00,43.0075,36.27833333333333,24.11733333333333,33.98148148148149,20.925925925925927,46.733333333333334,971.7193333333333,SITE 9,EXT
2026-03-06 23:00:00,34.782000000000004,30.965,20.905166666666666,33.870370370370374,20.092592592592595,44.6,971.8046666666667,SITE 9,EXT
2026-03-07 00:00:00,27.404,25.540666666666667,17.4005,33.44444444444444,19.055555555555557,43.06666666666667,971.6346666666667,SITE 9,EXT
2026-03-07 01:00:00,23.63258620689655,21.99155172413793,14.85396551724138,32.01149425287356,17.98850574712644,43.51724137931034,971.1955172413792,SITE 9,EXT
2026-03-07 02:00:00,23.920833333333334,22.47683333333333,15.0295,31.40740740740741,17.62962962962963,44.13333333333333,971.4509999999999,SITE 9,EXT
2026-03-07 03:00:00,17.994500000000002,16.949833333333334,11.624500000000001,31.203703703703706,18.666666666666668,47.733333333333334,972.5783333333333,SITE 9,EXT
2026-03-07 04:00:00,15.151833333333334,14.355166666666666,9.5885,29.425925925925927,19.25925925925926,54.733333333333334,973.51,SITE 9,EXT
2026-03-07 05:00:00,18.454833333333333,17.610666666666667,11.828833333333334,28.31481481481482,19.592592592592595,59.833333333333336,974.1523333333333,SITE 9,EXT
2026-03-07 06:00:00,21.661,20.59766666666667,14.243333333333334,27.370370370370374,19.222222222222225,61.733333333333334,974.7153333333333,SITE 9,EXT
2026-03-07 14:00:00,20.166333333333334,19.153000000000002,13.302666666666665,30.185185185185183,19.555555555555557,53.6,971.3866666666667,SITE 9,EXT
2026-03-07 15:00:00,41.29333333333333,38.05383333333334,24.4845,31.64814814814815,19.5,48.93333333333333,970.8153333333333,SITE 9,EXT
2026-03-07 16:00:00,37.04766666666667,33.170833333333334,22.643833333333337,32.57407407407407,19.462962962962965,46.3,970.4699999999999,SITE 9,EXT
2026-03-07 17:00:00,38.9045,34.367666666666665,23.304,32.27777777777778,19.87037037037037,48.166666666666664,970.4043333333334,SITE 9,EXT
2026-03-07 18:00:00,43.43033333333333,37.583999999999996,25.257166666666667,32.111111111111114,19.85185185185185,48.9,970.5003333333333,SITE 9,EXT
2026-03-07 19:00:00,68.24758620689656,59.65741379310345,40.26689655172414,32.01149425287356,20.613026819923373,51.275862068965516,971.1186206896551,SITE 9,EXT
2026-03-07 20:00:00,59.32933333333333,48.93566666666666,32.713,31.666666666666668,20.740740740740744,53.1,972.0853333333333,SITE 9,EXT
2026-03-07 21:00:00,72.71016666666667,64.88583333333334,43.775666666666666,31.314814814814817,21.296296296296298,55.93333333333333,972.9746666666666,SITE 9,EXT
2026-03-07 22:00:00,107.48233333333334,104.51933333333334,74.9535,30.870370370370374,21.314814814814817,57.166666666666664,973.2886666666667,SITE 9,EXT
2026-03-07 23:00:00,81.381,73.15183333333333,52.06616666666666,30.555555555555557,20.61111111111111,55.7,973.506,SITE 9,EXT
2026-03-08 00:00:00,62.55586206896551,51.24051724137931,34.55758620689655,30.210727969348657,20.766283524904217,57.310344827586206,972.7603448275862,SITE 9,EXT
2026-03-08 01:00:00,55.75333333333333,46.08133333333333,30.836000000000002,29.98148148148148,20.740740740740744,58.06666666666667,971.9943333333333,SITE 9,EXT
2026-03-08 02:00:00,55.779833333333336,46.12466666666667,30.8705,29.85185185185185,20.962962962962965,59.46666666666667,971.4333333333333,SITE 9,EXT
2026-03-08 03:00:00,55.838,46.13583333333334,30.889499999999998,29.425925925925927,20.703703703703702,60.166666666666664,971.0616666666666,SITE 9,EXT
2026-03-08 04:00:00,60.8695,49.91016666666667,33.528666666666666,29.203703703703706,20.796296296296298,60.93333333333333,970.9636666666667,SITE 9,EXT
2026-03-08 05:00:00,57.038000000000004,47.41383333333333,32.1715,28.87037037037037,20.48148148148148,60.666666666666664,971.507,SITE 9,EXT
2026-03-08 06:00:00,70.35879310344828,61.335344827586205,41.359482758620686,28.984674329501914,20.325670498084293,60.37931034482759,972.1117241379311,SITE 9,EXT
2026-03-08 07:00:00,92.10333333333332,89.43183333333333,60.861,29.11111111111111,20.703703703703702,61.03333333333333,972.694,SITE 9,EXT
2026-03-08 08:00:00,85.35783333333333,79.05216666666666,54.2835,30.48148148148148,20.5,55.46666666666667,973.2176666666667,SITE 9,EXT
2026-03-08 09:00:00,49.2855,41.408833333333334,27.857666666666667,32.38888888888889,19.37037037037037,46.666666666666664,973.4976666666666,SITE 9,EXT
2026-03-08 10:00:00,34.66116666666667,31.538833333333333,21.10966666666667,34.092592592592595,19.48148148148148,42.43333333333333,973.497,SITE 9,EXT
2026-03-08 11:00:00,35.29383333333333,31.910333333333334,21.358999999999998,35.611111111111114,19.166666666666668,38.46666666666667,972.7486666666666,SITE 9,EXT
2026-03-08 12:00:00,29.08293103448276,27.438620689655174,18.837241379310345,36.475095785440615,18.256704980842912,34.3448275862069,971.8289655172414,SITE 9,EXT
2026-03-08 13:00:00,28.0105,26.382,18.082833333333333,37.407407407407405,17.555555555555554,31.3,970.7843333333333,SITE 9,EXT
2026-03-08 14:00:00,27.75,25.691333333333333,17.315166666666666,38.333333333333336,16.333333333333332,27.533333333333335,969.7423333333334,SITE 9,EXT
2026-03-08 15:00:00,25.5915,23.8845,16.148999999999997,38.333333333333336,15.88888888888889,26.8,969.0583333333333,SITE 9,EXT
2026-03-08 16:00:00,27.626666666666665,25.4395,17.118166666666664,38.48148148148149,16.185185185185183,26.966666666666665,968.813,SITE 9,EXT
2026-03-08 17:00:00,30.363275862068964,27.67551724137931,18.54241379310345,38.333333333333336,15.900383141762454,26.724137931034484,968.9882758620689,SITE 9,EXT
2026-03-08 18:00:00,49.01933333333333,42.674,28.98933333333333,38.111111111111114,16.5,28.2,969.474,SITE 9,EXT
2026-03-08 19:00:00,106.26716666666667,101.10683333333333,66.96783333333333,37.31481481481481,17.64814814814815,31.633333333333333,970.2173333333334,SITE 9,EXT
2026-03-08 20:00:00,81.9395,77.15583333333333,52.20766666666667,36.611111111111114,19.27777777777778,36.63333333333333,970.849,SITE 9,EXT
2026-03-08 21:00:00,119.83916666666667,114.47633333333333,77.09616666666666,35.75925925925926,20.12962962962963,40.233333333333334,971.4876666666667,SITE 9,EXT
2026-03-08 22:00:00,106.53366666666666,101.128,68.12366666666667,34.833333333333336,20.333333333333332,43.03333333333333,971.8793333333334,SITE 9,EXT
2026-03-08 23:00:00,90.64733333333334,86.0725,57.88866666666666,34.35185185185185,20.64814814814815,45.06666666666667,971.9186666666667,SITE 9,EXT
2026-03-09 00:00:00,84.48137931034483,79.86362068965518,53.75913793103449,33.754789272030656,20.842911877394638,46.96551724137931,971.5596551724137,SITE 9,EXT
2026-03-09 01:00:00,46.41366666666667,39.519999999999996,26.033166666666666,33.70370370370371,18.53703703703704,40.9,971.2046666666666,SITE 9,EXT
2026-03-09 02:00:00,40.88016666666667,35.03416666666667,23.246,33.24074074074074,19.25925925925926,44.3,970.743,SITE 9,EXT
2026-03-09 03:00:00,38.99916666666666,34.02916666666667,22.8165,32.74074074074074,19.5,46.13333333333333,970.2896666666667,SITE 9,EXT
2026-03-09 04:00:00,51.19666666666667,43.84983333333333,28.874833333333335,32.24074074074074,19.240740740740744,46.43333333333333,970.8196666666666,SITE 9,EXT
2026-03-09 05:00:00,52.486551724137925,43.5698275862069,29.11413793103448,31.62835249042146,19.712643678160923,49.48275862068966,971.8306896551724,SITE 9,EXT
2026-03-09 06:00:00,86.46783333333333,78.93433333333334,52.836666666666666,31.666666666666668,20.037037037037035,50.833333333333336,972.6606666666667,SITE 9,EXT
2026-03-09 07:00:00,67.12583333333333,57.13383333333333,38.156166666666664,31.666666666666668,20.444444444444446,51.666666666666664,973.198,SITE 9,EXT
2026-03-09 08:00:00,56.38366666666666,46.519999999999996,31.004,32.42592592592593,20.333333333333332,49.333333333333336,973.537,SITE 9,EXT
2026-03-09 09:00:00,45.75783333333333,38.77616666666667,25.979833333333332,33.66666666666667,20.574074074074076,46.666666666666664,973.851,SITE 9,EXT
2026-03-09 10:00:00,39.8795,34.87283333333333,23.502666666666666,34.94444444444444,20.62962962962963,43.53333333333333,973.7463333333333,SITE 9,EXT
2026-03-09 11:00:00,35.5398275862069,32.09448275862069,21.810862068965516,36.49425287356323,20.03831417624521,38.724137931034484,973.1306896551724,SITE 9,EXT
2026-03-09 12:00:00,30.916833333333333,28.589,19.5035,37.81481481481482,18.12962962962963,31.9,972.1723333333334,SITE 9,EXT
2026-03-09 13:00:00,23.879833333333334,22.137833333333333,14.847333333333333,38.5,14.037037037037038,23.466666666666665,971.2463333333333,SITE 9,EXT
2026-03-09 14:00:00,22.733166666666666,20.894333333333336,14.116166666666667,39.38888888888889,13.851851851851851,22.0,970.2713333333334,SITE 9,EXT
2026-03-09 15:00:00,25.977333333333334,23.431166666666666,15.363333333333333,39.666666666666664,12.851851851851853,20.4,969.747,SITE 9,EXT
2026-03-09 16:00:00,24.69066666666667,22.3895,14.755500000000001,39.44444444444444,13.314814814814815,21.066666666666666,969.617,SITE 9,EXT
2026-03-09 17:00:00,27.80655172413793,25.065172413793103,16.63689655172414,39.44444444444444,13.793103448275861,22.03448275862069,969.7258620689655,SITE 9,EXT
2026-03-09 18:00:00,61.48583333333333,53.96066666666666,35.50333333333333,39.0,15.037037037037038,24.466666666666665,969.8359999999999,SITE 9,EXT
2026-03-09 19:00:00,160.31083333333333,148.278,90.78883333333333,38.166666666666664,16.444444444444446,28.033333333333335,970.744,SITE 9,EXT
2026-03-09 20:00:00,68.741,58.17416666666667,37.422000000000004,37.25925925925926,17.833333333333332,32.13333333333333,971.5116666666667,SITE 9,EXT
2026-03-09 21:00:00,53.85366666666666,45.99466666666667,30.058666666666667,36.55555555555556,18.40740740740741,34.733333333333334,972.1776666666667,SITE 9,EXT
2026-03-09 22:00:00,42.4215,36.008833333333335,23.78216666666667,35.88888888888889,18.77777777777778,36.6,972.524,SITE 9,EXT
2026-03-09 23:00:00,39.69465517241379,34.382586206896555,23.135172413793104,34.78927203065134,19.904214559386975,42.13793103448276,972.4624137931035,SITE 9,EXT
2026-03-10 00:00:00,41.381166666666665,35.704166666666666,24.031,34.18518518518519,20.796296296296298,45.9,972.1486666666666,SITE 9,EXT
2026-03-10 01:00:00,37.587999999999994,33.508,22.721,33.62962962962963,20.425925925925927,46.4,971.9233333333334,SITE 9,EXT
2026-03-10 02:00:00,31.81683333333333,29.895333333333333,20.450833333333332,32.88888888888889,19.555555555555557,45.833333333333336,971.5496666666666,SITE 9,EXT
2026-03-10 03:00:00,30.774833333333333,29.1795,19.9965,32.611111111111114,19.722222222222225,46.93333333333333,971.461,SITE 9,EXT
2026-03-10 04:00:00,33.28816666666667,30.776666666666664,20.934166666666666,32.111111111111114,20.055555555555554,49.266666666666666,971.5643333333334,SITE 9,EXT
2026-03-10 05:00:00,52.67224137931034,44.36396551724138,29.457241379310343,31.666666666666668,20.0,50.275862068965516,971.8058620689654,SITE 9,EXT
2026-03-10 06:00:00,68.58283333333334,59.463499999999996,37.743,31.592592592592595,19.944444444444446,50.86666666666667,972.3706666666666,SITE 9,EXT
2026-03-10 07:00:00,65.67066666666666,55.22183333333333,35.900333333333336,31.62962962962963,20.222222222222225,51.333333333333336,973.1036666666666,SITE 9,EXT
2026-03-10 08:00:00,58.088095238095235,47.983333333333334,31.223095238095237,31.93121693121693,20.29100529100529,50.857142857142854,973.6638095238095,SITE 9,EXT
2026-03-10 09:00:00,39.759166666666665,34.57472222222222,23.17388888888889,32.839506172839506,20.401234567901234,48.27777777777778,973.4616666666667,SITE 9,EXT
2026-03-10 10:00:00,39.13283333333333,34.19766666666667,23.2745,35.07407407407407,20.055555555555557,41.733333333333334,973.092,SITE 9,EXT
2026-03-10 11:00:00,44.142833333333336,37.65383333333333,25.123166666666666,36.50000000000001,17.62962962962963,33.13333333333333,972.338,SITE 9,EXT
2026-03-10 12:00:00,26.922666666666668,24.471333333333334,16.34316666666667,37.22222222222222,13.370370370370372,24.166666666666668,971.5436666666667,SITE 9,EXT
2026-03-10 13:00:00,23.13310344827586,21.45293103448276,14.511724137931033,37.8544061302682,13.793103448275861,23.79310344827586,970.7786206896552,SITE 9,EXT
2026-03-10 14:00:00,21.98933333333333,20.244666666666667,13.497166666666667,38.81481481481482,13.62962962962963,22.4,969.802,SITE 9,EXT
2026-03-10 15:00:00,20.842,19.198333333333334,12.825,39.5,13.518518518518517,21.533333333333335,969.2876666666667,SITE 9,EXT
2026-03-10 16:00:00,21.092333333333332,19.370833333333334,13.1465,39.2037037037037,12.462962962962964,20.166666666666668,969.182,SITE 9,EXT
2026-03-10 17:00:00,28.981166666666663,26.169333333333334,17.636833333333335,38.55555555555556,12.222222222222223,20.733333333333334,969.2063333333333,SITE 9,EXT
2026-03-10 18:00:00,82.6851724137931,74.46862068965518,48.93793103448276,38.16091954022989,15.057471264367816,25.586206896551722,969.5993103448276,SITE 9,EXT
2026-03-10 19:00:00,143.12449999999998,134.08066666666667,86.82516666666668,37.12962962962963,17.40740740740741,31.333333333333332,970.2146666666666,SITE 9,EXT
2026-03-10 20:00:00,135.45333333333332,126.317,80.28999999999999,35.90740740740741,17.574074074074076,34.2,970.939,SITE 9,EXT
2026-03-10 21:00:00,159.9646666666667,150.15783333333331,96.31266666666667,35.31481481481482,18.518518518518523,37.6,971.6046666666666,SITE 9,EXT
2026-03-10 22:00:00,141.575,132.70016666666666,83.88633333333334,34.31481481481481,18.833333333333332,40.43333333333333,971.7520000000001,SITE 9,EXT
2026-03-10 23:00:00,72.184,63.9725,42.272333333333336,33.74074074074074,17.740740740740744,39.0,972.0136666666666,SITE 9,EXT
2026-03-11 00:00:00,50.215,41.66833333333333,27.699333333333335,33.333333333333336,18.296296296296298,41.233333333333334,971.84,SITE 9,EXT
2026-03-11 01:00:00,49.27465517241379,41.12068965517241,27.296206896551727,32.8352490421456,19.272030651340998,45.06896551724138,971.4962068965517,SITE 9,EXT
2026-03-11 02:00:00,46.414833333333334,39.04666666666667,26.26966666666667,32.351851851851855,19.88888888888889,48.233333333333334,971.362,SITE 9,EXT
2026-03-11 03:00:00,51.894666666666666,42.9915,28.693499999999997,32.22222222222222,20.462962962962965,50.0,971.2353333333334,SITE 9,EXT
2026-03-11 04:00:00,53.228500000000004,44.18983333333333,29.548333333333336,31.87037037037037,20.462962962962965,51.06666666666667,971.2193333333333,SITE 9,EXT
2026-03-11 05:00:00,53.53183333333333,44.1415,29.322,31.351851851851855,20.555555555555557,53.36666666666667,972.0883333333334,SITE 9,EXT
2026-03-11 06:00:00,63.17172413793104,51.93396551724138,34.70189655172414,30.804597701149426,20.59386973180077,55.172413793103445,973.1372413793104,SITE 9,EXT
2026-03-11 07:00:00,58.152,48.2555,32.328833333333336,30.944444444444446,21.055555555555554,56.266666666666666,974.1746666666667,SITE 9,EXT
2026-03-11 08:00:00,47.28866666666667,39.908500000000004,26.47716666666667,31.685185185185183,21.074074074074073,53.7,974.617,SITE 9,EXT
2026-03-11 09:00:00,43.9075,37.525999999999996,24.845000000000002,32.833333333333336,20.833333333333332,49.766666666666666,974.9110000000001,SITE 9,EXT
2026-03-11 10:00:00,42.9745,36.70516666666666,24.349,33.870370370370374,20.833333333333332,47.03333333333333,975.0053333333333,SITE 9,EXT
2026-03-11 11:00:00,44.65716666666666,38.464333333333336,25.876666666666665,34.833333333333336,20.88888888888889,44.53333333333333,974.3946666666667,SITE 9,EXT
2026-03-11 12:00:00,34.468333333333334,31.522,21.351499999999998,35.88888888888889,20.314814814814817,40.56666666666667,972.8446666666666,SITE 9,EXT
2026-03-11 13:00:00,31.99396551724138,29.80206896551724,20.387758620689656,37.547892720306514,19.674329501915707,35.41379310344828,971.1906896551724,SITE 9,EXT
2026-03-11 14:00:00,28.317666666666664,26.764833333333332,18.750833333333333,38.40740740740741,18.425925925925927,31.3,969.9943333333333,SITE 9,EXT
2026-03-11 15:00:00,26.592499999999998,25.128333333333334,17.423333333333336,38.88888888888889,16.75925925925926,27.233333333333334,969.129,SITE 9,EXT
2026-03-11 16:00:00,28.051666666666666,26.2975,18.128666666666668,38.833333333333336,16.314814814814817,26.833333333333332,969.0889999999999,SITE 9,EXT
2026-03-11 17:00:00,48.612833333333334,41.49183333333334,28.752,38.31481481481482,16.555555555555557,27.9,969.4646666666666,SITE 9,EXT
2026-03-11 18:00:00,43.69879310344828,37.49758620689656,25.237758620689654,37.79693486590038,16.39846743295019,28.482758620689655,969.92,SITE 9,EXT
2026-03-11 19:00:00,58.112833333333334,47.660666666666664,31.53166666666667,37.11111111111111,17.64814814814815,32.03333333333333,970.5663333333334,SITE 9,EXT
2026-03-11 20:00:00,50.08583333333333,41.62883333333333,27.86616666666667,36.14814814814815,18.666666666666668,36.233333333333334,971.242,SITE 9,EXT
2026-03-11 21:00:00,48.40083333333334,40.2825,26.7255,35.96296296296296,19.166666666666668,37.666666666666664,971.9336666666666,SITE 9,EXT
2026-03-11 22:00:00,50.17333333333333,42.3645,28.88383333333333,35.2037037037037,19.222222222222225,39.43333333333333,972.355,SITE 9,EXT
2026-03-11 23:00:00,54.99283333333334,45.005833333333335,29.7365,34.55555555555556,19.685185185185183,42.06666666666667,972.4283333333333,SITE 9,EXT
2026-03-12 00:00:00,60.06706896551724,48.87982758620689,31.91689655172414,33.94636015325671,19.789272030651343,43.86206896551724,972.0027586206897,SITE 9,EXT
2026-03-12 01:00:00,49.79266666666667,41.74816666666666,27.907,33.46296296296296,19.814814814814817,45.06666666666667,971.4006666666667,SITE 9,EXT
2026-03-12 02:00:00,49.401500000000006,41.429,27.754833333333334,32.851851851851855,20.37037037037037,48.06666666666667,970.8343333333333,SITE 9,EXT
2026-03-12 03:00:00,51.05616666666666,42.670833333333334,28.501666666666665,32.51851851851852,20.53703703703704,49.86666666666667,970.7656666666667,SITE 9,EXT
2026-03-12 04:00:00,54.84068965517242,45.39568965517241,30.411724137931035,31.93486590038314,20.727969348659002,52.03448275862069,970.7989655172413,SITE 9,EXT
2026-03-12 05:00:00,63.367333333333335,53.441,35.13616666666667,31.518518518518523,21.0,54.3,971.3323333333334,SITE 9,EXT
2026-03-12 06:00:00,66.09700000000001,54.722166666666666,35.89833333333333,31.27777777777778,20.85185185185185,54.7,972.2766666666666,SITE 9,EXT
2026-03-12 07:00:00,59.5565,49.148,32.722833333333334,31.296296296296298,21.0,54.5,973.1476666666666,SITE 9,EXT
2026-03-12 08:00:00,44.00396551724138,37.402931034482755,25.029655172413793,32.16475095785441,20.42145593869732,50.44827586206897,973.7631034482758,SITE 9,EXT
2026-03-12 09:00:00,42.44316666666667,36.486999999999995,24.584166666666665,33.77777777777778,20.722222222222225,46.8,974.0386666666667,SITE 9,EXT
2026-03-12 10:00:00,38.58583333333333,33.970166666666664,23.1845,35.407407407407405,20.64814814814815,42.43333333333333,973.9113333333333,SITE 9,EXT
2026-03-12 11:00:00,36.628,32.837666666666664,22.521,37.03703703703704,19.722222222222225,36.733333333333334,973.244,SITE 9,EXT
2026-03-12 12:00:00,33.20283333333334,30.433333333333334,21.122166666666665,38.14814814814815,18.240740740740744,31.4,972.2479999999999,SITE 9,EXT
2026-03-12 13:00:00,27.412333333333333,26.079166666666666,18.25316666666667,39.2037037037037,17.314814814814817,27.833333333333332,971.003,SITE 9,EXT
2026-03-12 14:00:00,26.982833333333335,25.538666666666664,18.0165,39.31481481481481,16.5,26.333333333333332,969.7726666666666,SITE 9,EXT
2026-03-12 15:00:00,24.16810344827586,22.95637931034483,16.29741379310345,39.86590038314176,15.613026819923371,24.0,969.1703448275862,SITE 9,EXT
2026-03-12 16:00:00,24.802666666666667,23.420166666666667,16.320833333333333,39.42592592592593,15.666666666666666,24.633333333333333,968.8556666666666,SITE 9,EXT
2026-03-12 17:00:00,35.40866666666667,31.587833333333332,21.344833333333334,38.98148148148149,16.22222222222222,26.233333333333334,969.1426666666666,SITE 9,EXT
2026-03-12 18:00:00,51.145833333333336,43.5935,29.4345,38.22222222222222,16.35185185185185,27.8,969.7656666666667,SITE 9,EXT
2026-03-12 19:00:00,46.0195,38.86783333333334,26.105833333333333,36.68518518518519,16.38888888888889,30.2,970.6376666666667,SITE 9,EXT
2026-03-12 20:00:00,90.48155172413793,80.28396551724138,47.873620689655176,36.62835249042146,16.934865900383144,31.448275862068964,971.1110344827587,SITE 9,EXT
2026-03-12 21:00:00,87.81533333333333,80.39283333333333,49.747499999999995,36.351851851851855,17.333333333333332,32.666666666666664,971.76,SITE 9,EXT
2026-03-12 22:00:00,63.872166666666665,55.303666666666665,35.371,36.0,17.685185185185183,34.2,972.2256666666667,SITE 9,EXT
2026-03-12 23:00:00,39.24283333333334,34.07483333333333,22.81383333333333,35.2962962962963,17.833333333333332,35.93333333333333,972.359,SITE 9,EXT
2026-03-13 00:00:00,41.86066666666667,35.95916666666667,24.114500000000003,34.75925925925926,18.092592592592595,37.96666666666667,971.8136666666667,SITE 9,EXT
2026-03-13 01:00:00,36.95183333333333,33.01683333333333,22.264666666666667,34.03703703703704,17.77777777777778,38.266666666666666,971.0443333333334,SITE 9,EXT
2026-03-13 02:00:00,30.421724137931037,28.69844827586207,19.70241379310345,33.601532567049816,17.720306513409962,39.10344827586207,970.6955172413792,SITE 9,EXT
2026-03-13 03:00:00,29.163833333333333,27.420166666666667,18.770833333333332,32.87037037037037,17.407407407407405,40.1,970.8046666666667,SITE 9,EXT
2026-03-13 04:00:00,37.55050000000001,33.3125,22.438666666666666,32.666666666666664,17.51851851851852,40.766666666666666,971.128,SITE 9,EXT
2026-03-13 05:00:00,40.8855,35.544,23.946166666666667,32.48148148148148,17.27777777777778,40.733333333333334,971.592,SITE 9,EXT
2026-03-13 06:00:00,45.93633333333333,38.51083333333334,25.420833333333334,31.814814814814817,17.75925925925926,43.53333333333333,972.603,SITE 9,EXT
2026-03-13 07:00:00,45.56916666666667,39.497166666666665,25.73616666666667,31.796296296296298,18.462962962962965,45.266666666666666,973.4496666666668,SITE 9,EXT
2026-03-13 08:00:00,31.053448275862067,28.960172413793103,19.750689655172412,32.39463601532567,19.061302681992338,45.93103448275862,974.0241379310345,SITE 9,EXT
2026-03-13 09:00:00,30.094833333333334,28.118,19.159166666666668,33.68518518518519,19.75925925925926,44.166666666666664,974.3266666666666,SITE 9,EXT
2026-03-13 10:00:00,24.9805,24.0305,16.97383333333333,35.22222222222222,19.722222222222225,40.46666666666667,974.2289999999999,SITE 9,EXT
2026-03-13 11:00:00,25.704,24.642666666666667,17.4525,36.907407407407405,19.425925925925927,36.36666666666667,973.495,SITE 9,EXT
2026-03-13 12:00:00,24.477833333333333,23.555833333333332,16.933833333333332,38.2037037037037,18.444444444444446,31.766666666666666,972.4293333333334,SITE 9,EXT
2026-03-13 13:00:00,25.242833333333333,24.092166666666667,17.171166666666668,38.62962962962963,17.166666666666668,28.6,971.1303333333333,SITE 9,EXT
2026-03-13 14:00:00,24.352241379310346,23.31206896551724,16.81258620689655,39.406130268199234,15.74712643678161,25.137931034482758,970.0058620689656,SITE 9,EXT
2026-03-13 15:00:00,21.110833333333336,20.187,14.869666666666665,39.851851851851855,14.833333333333334,22.866666666666667,968.9979999999999,SITE 9,EXT
2026-03-13 16:00:00,20.302333333333333,19.430333333333333,13.958499999999999,39.98148148148148,14.462962962962964,22.1,968.5506666666666,SITE 9,EXT
2026-03-13 17:00:00,22.939,21.791333333333334,15.645833333333334,39.44444444444444,14.333333333333334,22.666666666666668,968.75,SITE 9,EXT
2026-03-13 18:00:00,40.537166666666664,35.899,24.284333333333333,39.22222222222222,14.777777777777777,23.466666666666665,969.1806666666666,SITE 9,EXT
2026-03-13 19:00:00,61.21103448275863,51.569310344827585,34.97827586206897,38.639846743295024,16.130268199233715,26.82758620689655,969.8362068965517,SITE 9,EXT
2026-03-13 20:00:00,39.725,34.580333333333336,23.261000000000003,37.7037037037037,17.27777777777778,30.233333333333334,970.7803333333334,SITE 9,EXT
2026-03-13 21:00:00,38.5135,34.0725,23.292166666666667,36.64814814814815,17.22222222222222,32.0,971.3443333333333,SITE 9,EXT
2026-03-13 22:00:00,32.507333333333335,30.167666666666666,20.797,35.96296296296296,17.09259259259259,32.86666666666667,971.615,SITE 9,EXT
2026-03-13 23:00:00,28.130499999999998,26.8875,18.9875,35.25925925925926,17.203703703703702,34.6,971.7136666666667,SITE 9,EXT
2026-03-14 00:00:00,29.52766666666667,27.8945,19.396,34.72222222222222,17.62962962962963,36.5,971.3036666666667,SITE 9,EXT
2026-03-14 01:00:00,26.140689655172416,25.25793103448276,17.999137931034483,33.96551724137932,17.56704980842912,37.93103448275862,970.5786206896552,SITE 9,EXT
2026-03-14 02:00:00,24.497500000000002,23.755333333333333,17.041166666666665,33.53703703703704,17.944444444444446,39.8,970.019,SITE 9,EXT
2026-03-14 03:00:00,25.829833333333333,25.063,17.887999999999998,33.148148148148145,18.40740740740741,42.03333333333333,969.5,SITE 9,EXT
2026-03-14 04:00:00,29.504,28.064,19.699333333333335,32.72222222222222,18.462962962962965,43.266666666666666,969.6173333333334,SITE 9,EXT
2026-03-14 05:00:00,36.066833333333335,32.36333333333333,21.824833333333334,32.22222222222222,18.703703703703702,45.06666666666667,970.2336666666666,SITE 9,EXT
2026-03-14 06:00:00,51.91379310344828,42.44758620689655,27.18551724137931,32.1647509578544,19.176245210727974,46.48275862068966,971.0251724137931,SITE 9,EXT
2026-03-14 07:00:00,51.7085,42.97116666666667,28.782,32.37037037037037,19.48148148148148,46.8,971.8813333333333,SITE 9,EXT
2026-03-14 08:00:00,41.517500000000005,36.02333333333333,24.497166666666665,32.87037037037037,19.666666666666668,46.233333333333334,972.7613333333334,SITE 9,EXT
2026-03-14 09:00:00,40.8545,36.2015,24.59733333333333,33.77777777777778,19.962962962962965,44.36666666666667,973.3306666666667,SITE 9,EXT
2026-03-14 10:00:00,34.66116666666667,31.834333333333333,21.9575,35.27777777777778,19.796296296296298,40.5,973.2006666666667,SITE 9,EXT
2026-03-14 11:00:00,32.45327586206896,30.316551724137934,21.24293103448276,36.781609195402304,19.501915708812263,36.62068965517241,972.4027586206896,SITE 9,EXT
2026-03-14 12:00:00,33.7745,31.131666666666664,22.353333333333335,37.88888888888889,18.092592592592595,31.7,971.135,SITE 9,EXT
2026-03-14 13:00:00,25.276833333333332,24.116666666666667,17.53083333333333,38.870370370370374,15.444444444444446,25.333333333333332,969.9079999999999,SITE 9,EXT
2026-03-14 14:00:00,26.28533333333333,24.618,18.167666666666666,39.7037037037037,14.62962962962963,22.833333333333332,968.717,SITE 9,EXT
2026-03-14 15:00:00,20.515,19.7755,14.573166666666667,40.092592592592595,12.870370370370372,19.866666666666667,967.6586666666666,SITE 9,EXT
2026-03-14 16:00:00,24.618,23.762333333333334,17.4125,39.98148148148148,11.981481481481483,18.833333333333332,967.136,SITE 9,EXT
2026-03-14 17:00:00,26.34293103448276,25.246206896551723,18.428275862068965,40.0,12.509578544061304,19.517241379310345,967.4341379310345,SITE 9,EXT
2026-03-14 18:00:00,37.534666666666666,33.10066666666667,23.165333333333333,39.46296296296296,13.277777777777779,21.066666666666666,968.114,SITE 9,EXT
2026-03-14 19:00:00,54.719,46.7215,31.765666666666668,38.87037037037037,14.62962962962963,23.866666666666667,968.9893333333333,SITE 9,EXT
2026-03-14 20:00:00,51.6355,43.325,29.227666666666668,38.14814814814815,15.074074074074074,25.566666666666666,970.1740000000001,SITE 9,EXT
2026-03-14 21:00:00,47.107,39.75216666666667,27.074,37.351851851851855,16.537037037037038,29.366666666666667,971.2283333333332,SITE 9,EXT
2026-03-14 22:00:00,54.39189655172414,45.408793103448275,30.081206896551723,36.475095785440615,17.126436781609193,32.10344827586207,971.4358620689655,SITE 9,EXT
2026-03-14 23:00:00,45.32183333333333,38.57833333333333,26.361,35.75925925925926,17.407407407407405,33.96666666666667,971.612,SITE 9,EXT
2026-03-15 00:00:00,41.37416666666666,35.7605,24.209666666666667,35.166666666666664,17.314814814814817,34.93333333333333,971.2983333333334,SITE 9,EXT
2026-03-15 01:00:00,40.20466666666667,35.162166666666664,24.177,34.24074074074074,17.51851851851852,37.4,970.9546666666666,SITE 9,EXT
2026-03-15 02:00:00,38.78283333333333,34.339666666666666,23.6735,33.351851851851855,17.62962962962963,39.36666666666667,970.4263333333333,SITE 9,EXT
2026-03-15 03:00:00,39.140499999999996,34.521499999999996,23.733,33.27777777777778,17.75925925925926,40.0,969.967,SITE 9,EXT
2026-03-15 04:00:00,43.80586206896551,37.61103448275862,25.686379310344826,32.701149425287355,18.02681992337165,42.206896551724135,970.3055172413793,SITE 9,EXT
2026-03-15 05:00:00,47.82633333333333,40.16583333333334,27.155166666666666,32.0,18.25925925925926,44.53333333333333,971.3773333333334,SITE 9,EXT
2026-03-15 06:00:00,54.117333333333335,45.178,30.6145,31.240740740740744,18.351851851851855,46.53333333333333,972.6213333333333,SITE 9,EXT
2026-03-15 07:00:00,55.8025,47.09433333333333,31.490166666666667,31.53703703703704,18.444444444444446,46.333333333333336,973.4936666666667,SITE 9,EXT
2026-03-15 08:00:00,63.332,48.787166666666664,30.3625,32.92592592592593,19.51851851851852,45.36666666666667,973.9673333333334,SITE 9,EXT
2026-03-15 09:00:00,50.51016666666667,42.34916666666666,28.595666666666666,33.94444444444444,19.592592592592595,43.36666666666667,974.1233333333333,SITE 9,EXT
2026-03-15 10:00:00,49.80637931034483,41.96431034482758,28.528620689655174,35.11494252873563,19.540229885057474,40.3448275862069,973.9241379310345,SITE 9,EXT
2026-03-15 11:00:00,53.23833333333334,44.51566666666667,30.365000000000002,36.333333333333336,19.5,37.56666666666667,973.1460000000001,SITE 9,EXT
2026-03-15 12:00:00,47.0925,39.92016666666667,27.4575,37.0,18.574074074074076,34.166666666666664,971.9490000000001,SITE 9,EXT
2026-03-15 13:00:00,39.825500000000005,35.01083333333334,24.326666666666664,38.0,17.740740740740744,30.566666666666666,970.7900000000001,SITE 9,EXT
2026-03-15 14:00:00,32.785,30.517,21.32016666666667,38.81481481481482,16.796296296296298,27.733333333333334,969.838,SITE 9,EXT
2026-03-15 15:00:00,27.819310344827585,26.48844827586207,18.868793103448276,39.42528735632184,15.99616858237548,25.03448275862069,969.2251724137931,SITE 9,EXT
2026-03-15 16:00:00,27.035500000000003,25.866333333333333,18.712333333333333,39.42592592592593,15.203703703703704,24.0,969.0376666666667,SITE 9,EXT
2026-03-15 17:00:00,44.91383333333333,38.81283333333333,26.448,39.2037037037037,15.62962962962963,25.166666666666668,969.3463333333333,SITE 9,EXT
2026-03-15 18:00:00,58.642833333333336,50.4315,34.035,38.68518518518519,16.11111111111111,26.533333333333335,969.9173333333333,SITE 9,EXT
2026-03-15 19:00:00,60.54516666666667,49.150333333333336,33.041000000000004,38.24074074074074,16.85185185185185,28.5,970.568,SITE 9,EXT
2026-03-15 20:00:00,55.14086206896552,45.217241379310344,30.396206896551725,37.490421455938694,17.835249042145595,31.79310344827586,971.6248275862068,SITE 9,EXT
2026-03-15 21:00:00,55.8475,45.985,31.113666666666667,36.90740740740741,18.12962962962963,33.266666666666666,972.4523333333333,SITE 9,EXT
2026-03-15 22:00:00,43.522166666666664,37.275499999999994,25.50433333333333,36.370370370370374,18.27777777777778,34.93333333333333,972.8580000000001,SITE 9,EXT
2026-03-15 23:00:00,39.69583333333333,34.787333333333336,23.81833333333333,35.42592592592593,18.425925925925927,37.03333333333333,972.8923333333333,SITE 9,EXT
2026-03-16 00:00:00,40.667500000000004,35.32449999999999,24.262666666666668,35.0,18.87037037037037,38.4,972.6956666666666,SITE 9,EXT
2026-03-16 01:00:00,38.76199999999999,34.25683333333333,23.5015,34.53703703703704,18.77777777777778,39.63333333333333,971.994,SITE 9,EXT
2026-03-16 02:00:00,31.617166666666666,29.90583333333333,20.979166666666668,33.90740740740741,18.12962962962963,39.4,971.4926666666667,SITE 9,EXT
2026-03-16 03:00:00,31.349827586206896,29.75344827586207,20.75155172413793,33.31417624521073,17.98850574712644,40.44827586206897,971.4686206896552,SITE 9,EXT
2026-03-16 04:00:00,34.771166666666666,31.895333333333333,22.121166666666667,32.833333333333336,18.074074074074076,41.8,971.4806666666667,SITE 9,EXT
2026-03-16 05:00:00,38.38883333333333,33.838,23.231833333333334,32.648148148148145,17.87037037037037,42.0,971.673,SITE 9,EXT
2026-03-16 06:00:00,56.131166666666665,48.40783333333333,31.475166666666667,32.22222222222222,17.77777777777778,42.833333333333336,972.3389999999999,SITE 9,EXT
2026-03-16 07:00:00,62.41366666666667,52.96383333333333,33.867666666666665,31.48148148148148,18.27777777777778,45.56666666666667,973.9026666666667,SITE 9,EXT
2026-03-16 08:00:00,50.309333333333335,41.8195,27.980833333333333,32.46296296296296,18.166666666666668,42.96666666666667,974.5156666666667,SITE 9,EXT
2026-03-16 09:00:00,43.560172413793104,37.22603448275862,25.428793103448275,33.75478927203065,17.739463601532567,38.93103448275862,974.696551724138,SITE 9,EXT
2026-03-16 10:00:00,38.103500000000004,33.65133333333333,23.111333333333334,35.38888888888889,16.59259259259259,33.06666666666667,974.4386666666667,SITE 9,EXT
2026-03-16 11:00:00,31.810333333333336,29.550333333333334,20.323666666666668,37.0,14.277777777777779,25.8,973.5026666666668,SITE 9,EXT
2026-03-16 12:00:00,23.6515,21.803333333333335,14.747166666666667,38.42592592592593,9.981481481481483,18.266666666666666,972.3476666666667,SITE 9,EXT
2026-03-16 13:00:00,15.626000000000001,13.482,8.324166666666667,39.48148148148148,5.092592592592593,12.033333333333333,971.0803333333333,SITE 9,EXT
2026-03-16 14:00:00,14.074821428571429,12.0425,7.483392857142857,40.47619047619048,3.670634920634921,10.035714285714286,969.8607142857143,SITE 9,EXT
2026-03-16 15:00:00,15.949821428571429,14.190178571428572,9.0525,40.65476190476191,3.6904761904761907,10.071428571428571,968.9742857142857,SITE 9,EXT
2026-03-16 16:00:00,17.881724137931037,15.784310344827587,10.192241379310344,40.53639846743295,4.636015325670498,10.931034482758621,968.6331034482758,SITE 9,EXT
2026-03-16 17:00:00,23.422,21.287166666666668,14.280666666666667,40.27777777777778,3.981481481481482,10.533333333333333,968.7203333333333,SITE 9,EXT
2026-03-16 18:00:00,39.160666666666664,33.18416666666666,21.7135,39.75925925925926,4.5,11.3,969.3313333333333,SITE 9,EXT
2026-03-16 19:00:00,57.32683333333333,47.3845,31.4465,39.03703703703704,7.037037037037037,14.233333333333333,970.0229999999999,SITE 9,EXT
2026-03-16 20:00:00,93.3528125,83.275625,51.059687499999995,38.19444444444444,9.583333333333334,17.6875,970.783125,SITE 9,EXT
2026-03-16 21:00:00,101.61833333333334,92.53777777777778,58.532777777777774,34.44444444444444,12.222222222222223,26.0,971.8788888888889,SITE 9,EXT
2026-03-16 22:00:00,79.391,68.50633333333333,44.056666666666665,35.46296296296296,12.425925925925927,24.866666666666667,972.1143333333333,SITE 9,EXT
2026-03-16 23:00:00,70.4855,58.19866666666667,38.12283333333333,34.92592592592593,12.574074074074074,26.133333333333333,972.0816666666667,SITE 9,EXT
2026-03-17 00:00:00,64.05833333333334,51.1385,33.847166666666666,33.833333333333336,12.62962962962963,27.666666666666668,971.9603333333333,SITE 9,EXT
2026-03-17 01:00:00,45.146499999999996,37.867666666666665,25.4305,33.40740740740741,13.277777777777779,29.8,971.712,SITE 9,EXT
2026-03-17 02:00:00,47.28224137931034,39.754482758620696,27.044310344827586,33.333333333333336,15.938697318007662,35.48275862068966,971.4665517241378,SITE 9,EXT
2026-03-17 03:00:00,50.81233333333333,42.49183333333334,28.924666666666667,33.111111111111114,17.037037037037035,38.53333333333333,971.2093333333333,SITE 9,EXT
2026-03-17 04:00:00,50.98066666666667,42.71,29.12,32.72222222222222,18.0,41.833333333333336,971.389,SITE 9,EXT
2026-03-17 05:00:00,48.439166666666665,40.83133333333333,27.866333333333333,32.22222222222222,18.64814814814815,44.63333333333333,972.2066666666667,SITE 9,EXT
2026-03-17 06:00:00,65.48416666666667,56.22833333333333,38.13433333333333,32.22222222222222,18.88888888888889,45.266666666666666,972.7710000000001,SITE 9,EXT
2026-03-17 07:00:00,57.364333333333335,48.06783333333333,32.329166666666666,31.685185185185183,18.98148148148148,47.43333333333333,973.7513333333334,SITE 9,EXT
2026-03-17 08:00:00,41.50913793103449,36.629482758620696,24.99896551724138,32.720306513409966,19.712643678160923,46.55172413793103,974.4341379310345,SITE 9,EXT
2026-03-17 09:00:00,34.37016666666667,31.6925,21.52583333333333,34.092592592592595,19.75925925925926,43.333333333333336,974.7306666666666,SITE 9,EXT
2026-03-17 10:00:00,31.507833333333334,29.1265,20.015,35.68518518518519,19.814814814814817,39.6,974.6353333333334,SITE 9,EXT
2026-03-17 11:00:00,26.325,25.559166666666666,18.509,37.111111111111114,19.666666666666668,36.166666666666664,973.7873333333333,SITE 9,EXT
2026-03-17 12:00:00,26.443333333333335,25.516833333333334,18.526333333333334,38.14814814814815,18.462962962962965,31.9,972.8446666666666,SITE 9,EXT
2026-03-17 13:00:00,28.095833333333335,26.7595,19.178,39.05555555555556,17.314814814814817,28.2,971.518,SITE 9,EXT
2026-03-17 14:00:00,26.37,25.215172413793105,18.259999999999998,39.86590038314176,16.934865900383144,26.137931034482758,970.4255172413793,SITE 9,EXT
2026-03-17 15:00:00,27.13883333333333,26.09466666666667,18.956166666666665,39.94444444444444,16.444444444444446,25.5,969.7669999999999,SITE 9,EXT
2026-03-17 16:00:00,31.871166666666667,29.485333333333333,20.831166666666665,39.42592592592593,16.037037037037035,25.233333333333334,969.7176666666667,SITE 9,EXT
2026-03-17 17:00:00,30.557333333333336,28.593166666666665,20.2405,39.22222222222222,16.01851851851852,25.533333333333335,970.096,SITE 9,EXT
2026-03-17 18:00:00,37.063,32.970333333333336,22.913,38.277777777777786,16.074074074074073,27.066666666666666,970.4726666666667,SITE 9,EXT
2026-03-17 19:00:00,40.86344827586207,35.51965517241379,24.061379310344826,37.58620689655172,16.187739463601535,28.413793103448278,971.0958620689655,SITE 9,EXT
2026-03-17 20:00:00,31.068392857142857,28.933035714285715,20.095714285714287,36.785714285714285,16.130952380952383,29.678571428571427,972.0167857142858,SITE 9,EXT
2026-03-17 21:00:00,29.77766666666667,27.422,19.116,36.333333333333336,16.166666666666668,30.433333333333334,972.9706666666666,SITE 9,EXT
2026-03-17 22:00:00,30.136206896551727,28.08293103448276,19.500172413793102,35.74712643678161,15.977011494252872,31.03448275862069,973.2879310344827,SITE 9,EXT
2026-03-17 23:00:00,34.1605,31.24416666666667,21.58216666666667,35.18518518518519,16.314814814814817,32.666666666666664,973.14,SITE 9,EXT
2026-03-18 00:00:00,38.12083333333333,33.7605,23.4025,34.57407407407407,16.703703703703706,34.733333333333334,972.598,SITE 9,EXT
2026-03-18 01:00:00,34.13333333333333,31.437166666666666,21.969333333333335,34.092592592592595,17.24074074074074,37.03333333333333,971.7506666666667,SITE 9,EXT
2026-03-18 02:00:00,31.983833333333333,30.04416666666667,21.127666666666666,33.574074074074076,17.38888888888889,38.3,971.0296666666667,SITE 9,EXT
2026-03-18 03:00:00,32.87396551724138,30.70655172413793,21.482068965517243,33.16091954022989,17.56704980842912,39.758620689655174,970.7920689655173,SITE 9,EXT
2026-03-18 04:00:00,35.79866666666667,32.321,22.430833333333332,32.75925925925926,17.98148148148148,41.766666666666666,971.0300000000001,SITE 9,EXT
2026-03-18 05:00:00,41.78,36.80216666666667,24.817333333333334,32.27777777777778,18.166666666666668,43.53333333333333,971.493,SITE 9,EXT
2026-03-18 06:00:00,61.97966666666667,54.848,35.708499999999994,31.98148148148148,18.796296296296298,45.833333333333336,972.0056666666666,SITE 9,EXT
2026-03-18 07:00:00,37.01833333333333,32.981,22.294500000000003,32.0,19.222222222222225,47.4,972.6550000000001,SITE 9,EXT
2026-03-18 08:00:00,28.646,26.2095,18.029,33.05555555555556,19.5,45.3,973.3196666666666,SITE 9,EXT
2026-03-18 09:00:00,24.99879310344828,24.04689655172414,17.23741379310345,34.310344827586206,19.674329501915707,42.3448275862069,973.8410344827586,SITE 9,EXT
2026-03-18 10:00:00,25.1665,24.158,17.608166666666666,35.87037037037037,19.462962962962965,38.43333333333333,973.909,SITE 9,EXT
2026-03-18 11:00:00,28.158,26.737833333333334,19.168333333333333,37.0,19.296296296296298,35.8,973.303,SITE 9,EXT
2026-03-18 12:00:00,30.990333333333336,29.02766666666667,20.500666666666667,37.38888888888889,19.388888888888893,35.36666666666667,972.36,SITE 9,EXT
2026-03-18 13:00:00,23.7975,22.83,16.68583333333333,38.98148148148149,18.27777777777778,30.266666666666666,971.234,SITE 9,EXT
2026-03-18 14:00:00,23.0775,22.103666666666665,16.2255,39.77777777777778,17.62962962962963,27.533333333333335,970.2113333333333,SITE 9,EXT
2026-03-18 15:00:00,20.982931034482757,19.795517241379308,14.300689655172414,39.98084291187739,15.766283524904214,24.275862068965516,969.5427586206897,SITE 9,EXT
2026-03-18 16:00:00,22.125999999999998,20.992833333333333,15.320500000000001,39.907407407407405,15.351851851851853,23.666666666666668,969.0176666666666,SITE 9,EXT
2026-03-18 17:00:00,33.48983333333333,30.266000000000002,20.755,39.44444444444444,14.814814814814815,23.133333333333333,969.069,SITE 9,EXT
2026-03-18 18:00:00,52.13316666666666,44.58116666666667,28.410833333333336,39.111111111111114,14.814814814814815,23.866666666666667,969.4386666666667,SITE 9,EXT
2026-03-18 19:00:00,80.641,71.93350000000001,48.34433333333333,38.70370370370371,15.833333333333334,26.033333333333335,970.1766666666666,SITE 9,EXT
2026-03-18 20:00:00,112.99793103448276,105.5855172413793,69.01275862068965,38.122605363984675,16.666666666666668,28.482758620689655,971.0368965517241,SITE 9,EXT
2026-03-18 21:00:00,98.74416666666666,92.06383333333333,61.077999999999996,37.38888888888889,17.14814814814815,30.566666666666666,971.5229999999999,SITE 9,EXT
2026-03-18 22:00:00,84.60016666666667,78.39883333333334,52.49966666666667,36.70370370370371,17.740740740740744,32.833333333333336,971.802,SITE 9,EXT
2026-03-18 23:00:00,63.94533333333333,56.64833333333333,39.165,35.68518518518519,17.35185185185185,33.93333333333333,971.9793333333333,SITE 9,EXT
2026-03-19 00:00:00,43.96683333333333,37.38366666666666,25.687333333333335,35.01851851851852,16.962962962962965,34.46666666666667,971.6043333333333,SITE 9,EXT
2026-03-19 01:00:00,40.88066666666667,35.40533333333334,24.257,34.72222222222222,17.425925925925927,36.2,971.1266666666667,SITE 9,EXT
2026-03-19 02:00:00,33.27033333333333,30.826999999999998,21.422166666666666,34.18518518518519,17.38888888888889,37.333333333333336,970.8103333333333,SITE 9,EXT
2026-03-19 03:00:00,29.970862068965516,28.446724137931035,20.04344827586207,33.86973180076629,17.739463601532567,38.241379310344826,970.5213793103447,SITE 9,EXT
2026-03-19 04:00:00,34.17333333333333,31.27716666666667,21.766833333333334,33.18518518518519,17.722222222222225,40.13333333333333,970.7226666666667,SITE 9,EXT
2026-03-19 05:00:00,45.608,38.64883333333333,26.567666666666664,32.666666666666664,18.0,42.166666666666664,971.1493333333333,SITE 9,EXT
2026-03-19 06:00:00,50.9745,42.469166666666666,28.754666666666665,32.18518518518518,18.296296296296298,43.833333333333336,971.7706666666667,SITE 9,EXT
2026-03-19 07:00:00,46.442,39.14683333333333,26.408333333333335,32.22222222222222,19.222222222222225,46.53333333333333,972.4826666666667,SITE 9,EXT
2026-03-19 08:00:00,31.898448275862066,29.778275862068963,20.708965517241378,32.95019157088122,19.96168582375479,46.58620689655172,973.183448275862,SITE 9,EXT
2026-03-19 09:00:00,24.377833333333335,22.946,16.269666666666666,34.37037037037037,19.944444444444446,43.1,973.7639999999999,SITE 9,EXT
2026-03-19 10:00:00,21.499833333333335,20.619666666666667,15.1745,36.05555555555556,19.814814814814817,38.96666666666667,974.0596666666667,SITE 9,EXT
2026-03-19 11:00:00,24.621,23.424,16.937,36.66666666666667,19.25925925925926,36.5,973.3643333333333,SITE 9,EXT
2026-03-19 12:00:00,23.889499999999998,22.890333333333334,16.695333333333334,37.57407407407407,18.90740740740741,33.7,971.8916666666667,SITE 9,EXT
2026-03-19 13:00:00,23.02603448275862,22.07241379310345,16.218103448275862,38.697318007662844,18.084291187739463,30.103448275862068,970.7234482758621,SITE 9,EXT
2026-03-19 14:00:00,21.218,20.3645,15.092833333333335,39.68518518518519,17.574074074074073,27.633333333333333,969.6333333333333,SITE 9,EXT
2026-03-19 15:00:00,22.173333333333336,21.16283333333333,15.870333333333333,39.98148148148148,17.444444444444446,26.9,968.7653333333333,SITE 9,EXT
2026-03-19 16:00:00,24.923833333333334,23.52316666666667,17.194666666666667,39.98148148148148,16.814814814814817,25.866666666666667,968.2816666666666,SITE 9,EXT
2026-03-19 17:00:00,28.154,26.481,19.187166666666666,39.77777777777778,16.592592592592595,25.966666666666665,968.171,SITE 9,EXT
2026-03-19 18:00:00,31.888166666666667,29.268833333333337,20.736,39.092592592592595,16.48148148148148,26.733333333333334,968.5993333333333,SITE 9,EXT
2026-03-19 19:00:00,50.70283333333334,42.397333333333336,29.355,38.62962962962963,17.09259259259259,28.5,969.353,SITE 9,EXT
2026-03-19 20:00:00,54.79379310344827,46.244482758620684,31.803448275862067,38.16091954022989,17.088122605363985,29.06896551724138,970.02,SITE 9,EXT
2026-03-19 21:00:00,59.00933333333333,48.568333333333335,32.79933333333334,37.51851851851852,17.22222222222222,30.433333333333334,970.5550000000001,SITE 9,EXT
2026-03-19 22:00:00,74.16333333333334,65.2865,44.655,36.88888888888889,17.77777777777778,32.63333333333333,970.7446666666667,SITE 9,EXT
2026-03-19 23:00:00,43.96183333333333,37.27466666666667,25.613166666666665,36.46296296296296,17.555555555555554,32.96666666666667,971.1086666666667,SITE 9,EXT
2026-03-20 00:00:00,38.034,33.55583333333333,23.111,35.90740740740741,17.75925925925926,34.46666666666667,970.5306666666667,SITE 9,EXT
2026-03-20 01:00:00,32.966166666666666,30.500833333333333,21.23,35.38888888888889,17.796296296296298,35.5,970.0443333333333,SITE 9,EXT
2026-03-20 02:00:00,34.78775862068966,31.607068965517243,21.791551724137932,34.6551724137931,18.084291187739463,37.827586206896555,970.0558620689654,SITE 9,EXT
2026-03-20 03:00:00,19.986,18.4345,12.568833333333334,32.18518518518519,17.796296296296298,43.03333333333333,970.749,SITE 9,EXT
2026-03-20 04:00:00,20.21783333333333,18.95133333333333,13.254833333333332,30.425925925925927,18.40740740740741,49.0,970.1763333333333,SITE 9,EXT
2026-03-20 05:00:00,23.969,22.786333333333335,15.923499999999999,30.48148148148148,17.962962962962965,47.766666666666666,970.8093333333333,SITE 9,EXT
2026-03-20 06:00:00,36.48733333333333,32.54216666666667,22.637999999999998,30.53703703703704,18.03703703703704,47.56666666666667,971.163,SITE 9,EXT
2026-03-20 07:00:00,51.10568965517241,42.806896551724144,29.3698275862069,31.149425287356323,18.908045977011497,48.689655172413794,971.923448275862,SITE 9,EXT
2026-03-20 08:00:00,44.1935,37.916666666666664,26.1325,31.796296296296298,18.796296296296298,46.53333333333333,972.804,SITE 9,EXT
2026-03-20 09:00:00,32.96066666666667,30.641666666666666,21.617833333333333,33.46296296296296,19.64814814814815,44.63333333333333,973.044,SITE 9,EXT
2026-03-20 10:00:00,34.7045,31.8565,22.433833333333332,35.27777777777778,20.462962962962965,42.2,973.1426666666666,SITE 9,EXT
2026-03-20 11:00:00,32.82333333333334,30.779333333333334,21.874333333333333,36.777777777777786,20.388888888888893,38.833333333333336,972.3193333333334,SITE 9,EXT
2026-03-20 12:00:00,30.003,28.539166666666667,20.496166666666667,37.92592592592593,19.592592592592595,34.63333333333333,971.1256666666667,SITE 9,EXT
2026-03-20 13:00:00,27.824333333333335,26.722166666666666,19.400333333333332,38.38888888888889,18.555555555555557,31.5,969.9699999999999,SITE 9,EXT
2026-03-20 14:00:00,25.317758620689656,24.38603448275862,17.854827586206895,39.04214559386973,18.42911877394636,30.06896551724138,968.9820689655172,SITE 9,EXT
2026-03-20 15:00:00,21.762,20.804333333333332,15.059333333333333,37.62962962962963,16.98148148148148,29.733333333333334,968.5586666666666,SITE 9,EXT
2026-03-20 16:00:00,27.104666666666667,25.974833333333333,18.784333333333333,38.333333333333336,18.055555555555557,30.7,967.8323333333334,SITE 9,EXT
2026-03-20 17:00:00,31.077833333333334,28.673833333333334,20.233166666666666,38.75925925925926,17.333333333333332,28.833333333333332,967.9076666666666,SITE 9,EXT
2026-03-20 18:00:00,31.7255,28.750999999999998,19.737666666666666,37.7037037037037,16.74074074074074,29.366666666666667,968.379,SITE 9,EXT
2026-03-20 19:00:00,55.088793103448275,46.33862068965517,31.686206896551724,37.06896551724138,17.70114942528736,32.13793103448276,968.9368965517241,SITE 9,EXT
2026-03-20 20:00:00,43.26083333333334,37.04716666666666,25.19633333333333,36.40740740740741,18.333333333333332,34.7,969.6583333333333,SITE 9,EXT
2026-03-20 21:00:00,32.90983333333333,29.9545,20.576833333333333,36.05555555555556,17.703703703703702,34.03333333333333,969.929,SITE 9,EXT
2026-03-20 22:00:00,32.32833333333333,29.728333333333335,20.784,35.666666666666664,17.703703703703702,34.7,970.2756666666667,SITE 9,EXT
2026-03-20 23:00:00,41.689166666666665,35.8075,24.179166666666667,35.12962962962963,19.055555555555557,38.93333333333333,970.2883333333334,SITE 9,EXT
2026-03-21 00:00:00,36.6875,32.779,22.470833333333335,34.166666666666664,19.85185185185185,43.333333333333336,970.1236666666666,SITE 9,EXT
2026-03-21 01:00:00,32.79706896551724,30.51603448275862,21.29396551724138,33.81226053639847,19.444444444444446,43.10344827586207,969.9872413793104,SITE 9,EXT
2026-03-21 02:00:00,33.04516666666667,30.735333333333333,21.315166666666666,33.333333333333336,18.88888888888889,42.733333333333334,969.4636666666667,SITE 9,EXT
2026-03-21 03:00:00,30.524333333333335,28.993499999999997,20.475833333333334,33.12962962962963,19.01851851851852,43.63333333333333,969.1553333333334,SITE 9,EXT
2026-03-21 04:00:00,33.189,30.857833333333335,21.653833333333335,32.68518518518518,19.574074074074076,46.333333333333336,969.246,SITE 9,EXT
2026-03-21 05:00:00,41.24533333333333,35.97683333333334,25.005166666666664,32.111111111111114,19.75925925925926,48.233333333333334,969.4586666666667,SITE 9,EXT
2026-03-21 06:00:00,61.23655172413793,52.14189655172414,35.60706896551724,32.22222222222222,19.808429118773947,48.172413793103445,969.9962068965517,SITE 9,EXT
2026-03-21 07:00:00,53.25933333333333,43.91366666666667,29.483833333333333,32.48148148148148,19.703703703703702,47.7,970.609,SITE 9,EXT
2026-03-21 08:00:00,42.09264705882353,36.43352941176471,25.101176470588236,33.36601307189543,20.163398692810457,46.294117647058826,971.0476470588236,SITE 9,EXT
2026-03-21 09:00:00,34.395178571428566,31.53625,21.957678571428573,34.067460317460316,20.297619047619047,44.82142857142857,971.8614285714285,SITE 9,EXT
2026-03-21 10:00:00,33.239,30.811333333333334,21.732833333333335,36.01851851851852,20.092592592592595,39.733333333333334,971.6783333333333,SITE 9,EXT
2026-03-21 11:00:00,30.076,28.564333333333334,20.516000000000002,37.62962962962963,19.87037037037037,35.8,971.1596666666667,SITE 9,EXT
2026-03-21 12:00:00,28.709137931034483,27.474137931034484,19.83431034482759,38.98467432950192,19.46360153256705,32.310344827586206,970.2568965517241,SITE 9,EXT
2026-03-21 13:00:00,27.759666666666664,26.7215,19.352833333333333,39.96296296296296,18.833333333333332,29.4,969.1056666666666,SITE 9,EXT
2026-03-21 14:00:00,22.760333333333335,21.904,16.351333333333333,40.96296296296296,17.444444444444446,25.633333333333333,968.0873333333333,SITE 9,EXT
2026-03-21 15:00:00,22.978833333333334,21.998,16.240666666666666,40.46296296296296,16.685185185185187,25.033333333333335,967.198,SITE 9,EXT
2026-03-21 16:00:00,24.397,23.20716666666667,17.2165,40.51851851851852,16.40740740740741,24.5,966.878,SITE 9,EXT
2026-03-21 17:00:00,27.362666666666666,25.655166666666666,18.267666666666667,40.53703703703704,15.611111111111112,23.266666666666666,966.7276666666668,SITE 9,EXT
2026-03-21 18:00:00,32.40568965517242,29.503793103448277,20.383275862068967,39.52107279693487,16.053639846743295,25.20689655172414,967.198275862069,SITE 9,EXT
2026-03-21 19:00:00,52.27066666666666,43.25983333333333,29.216666666666665,38.37037037037037,16.48148148148148,27.833333333333332,968.2173333333334,SITE 9,EXT
2026-03-21 20:00:00,60.0185,49.73616666666667,33.46116666666667,38.05555555555556,17.64814814814815,30.433333333333334,969.2639999999999,SITE 9,EXT
2026-03-21 21:00:00,46.385999999999996,39.26716666666667,26.776333333333334,37.42592592592593,18.185185185185183,32.6,970.12,SITE 9,EXT
2026-03-21 22:00:00,32.896,30.459166666666665,21.299500000000002,36.777777777777786,17.85185185185185,33.03333333333333,970.8126666666667,SITE 9,EXT
2026-03-21 23:00:00,27.416,26.230999999999998,18.821,36.12962962962963,18.388888888888893,35.36666666666667,970.9639999999999,SITE 9,EXT
2026-03-22 00:00:00,26.15396551724138,25.127586206896552,18.030862068965515,35.53639846743295,18.371647509578544,36.62068965517241,970.6482758620689,SITE 9,EXT
2026-03-22 01:00:00,25.692,24.700333333333333,17.832833333333333,35.07407407407407,18.555555555555557,37.96666666666667,970.0043333333334,SITE 9,EXT
2026-03-22 02:00:00,24.588666666666665,23.761333333333333,17.478,34.51851851851851,18.685185185185183,39.53333333333333,969.448,SITE 9,EXT
2026-03-22 03:00:00,24.561666666666667,23.831666666666667,17.448333333333334,33.96296296296297,18.90740740740741,41.233333333333334,969.5206666666667,SITE 9,EXT
2026-03-22 04:00:00,25.728166666666667,24.825,18.032,33.27777777777778,19.01851851851852,43.36666666666667,969.6306666666666,SITE 9,EXT
2026-03-22 05:00:00,31.564137931034484,29.700517241379313,20.968620689655175,32.758620689655174,19.55938697318008,45.96551724137931,969.8775862068966,SITE 9,EXT
2026-03-22 06:00:00,37.162000000000006,33.33933333333333,22.999000000000002,32.333333333333336,19.98148148148148,48.4,970.5023333333334,SITE 9,EXT
2026-03-22 07:00:00,43.647333333333336,37.408,25.652333333333335,32.31481481481482,20.64814814814815,50.833333333333336,971.2620000000001,SITE 9,EXT
2026-03-22 08:00:00,40.04233333333333,34.82383333333333,23.856166666666663,33.24074074074074,21.01851851851852,49.2,972.2163333333334,SITE 9,EXT
2026-03-22 09:00:00,40.122,35.29333333333333,24.572333333333333,34.31481481481481,21.055555555555554,46.266666666666666,972.378,SITE 9,EXT
2026-03-22 10:00:00,45.39216666666667,38.676833333333335,27.045,35.7962962962963,20.722222222222225,41.96666666666667,972.1919999999999,SITE 9,EXT
2026-03-22 11:00:00,42.541964285714286,36.660714285714285,25.865535714285716,37.261904761904766,20.33730158730159,37.57142857142857,971.280357142857,SITE 9,EXT
2026-03-22 12:00:00,39.087,34.47933333333334,24.415333333333333,38.72222222222222,19.685185185185183,33.2,970.15,SITE 9,EXT
2026-03-22 13:00:00,36.57833333333333,33.048,23.413999999999998,39.87037037037037,19.333333333333332,30.533333333333335,969.115,SITE 9,EXT
2026-03-22 14:00:00,34.51344827586207,31.802758620689655,22.769137931034486,40.61302681992338,19.214559386973182,29.103448275862068,968.2013793103448,SITE 9,EXT
2026-03-22 15:00:00,32.699137931034485,30.65551724137931,22.117758620689653,41.09195402298851,18.65900383141763,27.517241379310345,967.2548275862068,SITE 9,EXT
2026-03-22 16:00:00,33.245333333333335,30.918833333333332,22.209333333333333,40.94444444444445,18.740740740740744,27.7,966.716,SITE 9,EXT
2026-03-22 17:00:00,38.14233333333333,33.839000000000006,23.837833333333332,40.12962962962963,18.77777777777778,29.333333333333332,966.7416666666667,SITE 9,EXT
2026-03-22 18:00:00,56.379,47.73533333333333,32.349833333333336,39.25925925925926,18.814814814814817,30.6,967.4673333333334,SITE 9,EXT
2026-03-22 19:00:00,58.800666666666665,48.42716666666667,33.05733333333333,38.62962962962963,19.037037037037035,32.4,968.4003333333333,SITE 9,EXT
2026-03-22 20:00:00,61.84293103448276,50.67465517241379,34.63844827586207,38.333333333333336,19.444444444444446,33.724137931034484,969.3744827586207,SITE 9,EXT
2026-03-22 21:00:00,53.3885,44.164833333333334,30.288999999999998,37.72222222222222,19.166666666666668,34.3,970.0996666666666,SITE 9,EXT
2026-03-22 22:00:00,41.51016666666667,35.86133333333334,24.950666666666667,36.88888888888889,18.833333333333332,34.96666666666667,971.037,SITE 9,EXT
2026-03-22 23:00:00,30.163833333333333,28.190166666666666,19.764499999999998,35.62962962962963,17.01851851851852,33.6,971.188,SITE 9,EXT
2026-03-23 00:00:00,28.1705,26.7225,18.958833333333335,35.68518518518519,16.925925925925927,33.13333333333333,970.9173333333333,SITE 9,EXT
2026-03-23 01:00:00,30.483333333333334,28.915000000000003,20.6335,35.2962962962963,17.77777777777778,35.666666666666664,969.9513333333333,SITE 9,EXT
2026-03-23 02:00:00,22.053965517241377,20.861034482758622,14.555517241379311,31.839080459770116,17.60536398467433,43.55172413793103,970.305172413793,SITE 9,EXT
2026-03-23 03:00:00,21.7,19.54293103448276,12.493103448275862,28.65900383141763,19.348659003831422,57.89655172413793,973.4006896551724,SITE 9,EXT
2026-03-23 04:00:00,1.8935,1.6895,0.964,27.388888888888893,19.0,60.56666666666667,974.5146666666666,SITE 9,EXT
2026-03-23 05:00:00,7.224666666666667,6.922,4.833,27.61111111111111,19.14814814814815,60.7,974.2326666666667,SITE 9,EXT
2026-03-23 06:00:00,10.312999999999999,9.943999999999999,7.134666666666666,26.092592592592595,18.425925925925927,63.266666666666666,974.618,SITE 9,EXT
2026-03-23 07:00:00,11.602166666666667,11.180333333333333,8.193833333333334,25.944444444444446,18.166666666666668,62.96666666666667,974.73,SITE 9,EXT
2026-03-23 08:00:00,18.04741379310345,17.572241379310345,12.84551724137931,27.490421455938698,18.73563218390805,59.3448275862069,974.97,SITE 9,EXT
2026-03-23 09:00:00,12.716166666666668,12.337166666666667,9.011666666666667,28.351851851851855,18.98148148148148,57.46666666666667,974.9656666666667,SITE 9,EXT
2026-03-23 10:00:00,11.241896551724137,10.859310344827588,7.826724137931034,29.137931034482758,19.310344827586206,55.93103448275862,974.7172413793103,SITE 9,EXT
2026-03-23 11:00:00,12.465333333333332,12.077833333333333,8.955666666666668,30.240740740740744,19.370370370370374,52.766666666666666,973.7716666666668,SITE 9,EXT
2026-03-23 12:00:00,9.7055,9.402833333333332,6.906499999999999,31.833333333333332,19.592592592592595,48.86666666666667,972.4026666666667,SITE 9,EXT
2026-03-23 13:00:00,8.920833333333333,8.574666666666667,6.3919999999999995,32.75925925925926,19.296296296296298,45.46666666666667,971.3913333333334,SITE 9,EXT
2026-03-23 14:00:00,10.212241379310344,9.734827586206897,7.174655172413793,33.27586206896552,19.080459770114945,43.51724137931034,970.8320689655172,SITE 9,EXT
2026-03-23 15:00:00,10.813833333333333,10.320500000000001,7.588166666666667,33.46296296296296,18.592592592592595,41.666666666666664,970.6106666666667,SITE 9,EXT
2026-03-23 16:00:00,11.923499999999999,11.475333333333333,8.425666666666666,33.20370370370371,19.092592592592595,43.6,970.2360000000001,SITE 9,EXT
2026-03-23 17:00:00,23.854499999999998,21.6175,15.745333333333333,32.88888888888889,19.370370370370374,45.266666666666666,969.975,SITE 9,EXT
2026-03-23 18:00:00,93.32133333333333,85.40650000000001,58.036833333333334,32.77777777777778,20.722222222222225,49.53333333333333,970.36,SITE 9,EXT
2026-03-23 19:00:00,175.83333333333334,171.42116666666666,117.61183333333334,32.25925925925926,21.98148148148148,55.13333333333333,971.048,SITE 9,EXT
2026-03-23 20:00:00,182.36448275862068,177.35189655172414,121.97051724137931,31.666666666666668,22.164750957854405,57.51724137931034,971.9793103448276,SITE 9,EXT
2026-03-23 21:00:00,111.88116666666666,109.279,77.11200000000001,31.53703703703704,22.62962962962963,59.56666666666667,972.8676666666667,SITE 9,EXT
2026-03-23 22:00:00,114.97283333333333,112.28266666666667,79.403,31.240740740740744,22.722222222222225,61.4,973.4073333333333,SITE 9,EXT
2026-03-23 23:00:00,152.40099999999998,148.44566666666665,104.3775,31.111111111111118,22.77777777777778,61.63333333333333,973.2113333333333,SITE 9,EXT
2026-03-24 00:00:00,83.631,76.79883333333333,53.9545,30.722222222222225,22.055555555555557,60.63333333333333,973.1476666666666,SITE 9,EXT
2026-03-24 01:00:00,53.23206896551724,44.459482758620695,30.440862068965515,30.555555555555557,21.666666666666668,59.3448275862069,972.5524137931035,SITE 9,EXT
2026-03-24 02:00:00,46.37716666666667,39.55466666666667,27.022666666666666,30.5,21.64814814814815,59.8,972.0536666666667,SITE 9,EXT
2026-03-24 03:00:00,44.851,38.44666666666667,26.157333333333334,29.98148148148148,21.574074074074076,61.0,972.0849999999999,SITE 9,EXT
2026-03-24 04:00:00,40.29366666666667,35.300666666666665,24.11466666666667,30.0,20.944444444444446,58.7,972.0776666666667,SITE 9,EXT
2026-03-24 05:00:00,63.982499999999995,56.88483333333333,38.1775,29.962962962962965,20.962962962962965,59.333333333333336,972.184,SITE 9,EXT
2026-03-24 06:00:00,74.86516666666667,66.98616666666666,46.12266666666667,29.814814814814817,20.75925925925926,58.666666666666664,972.7196666666666,SITE 9,EXT
2026-03-24 07:00:00,53.545,45.198103448275866,31.12448275862069,30.0,20.0,55.51724137931034,973.4327586206896,SITE 9,EXT
2026-03-24 08:00:00,34.27133333333334,31.582333333333334,22.222666666666665,30.685185185185187,20.074074074074076,53.833333333333336,973.8193333333332,SITE 9,EXT
2026-03-24 09:00:00,29.509833333333333,28.380499999999998,20.316,32.27777777777778,20.814814814814817,51.0,973.9266666666666,SITE 9,EXT
2026-03-24 10:00:00,28.7395,27.803333333333335,20.1085,33.94444444444444,20.98148148148148,47.03333333333333,973.8443333333332,SITE 9,EXT
2026-03-24 11:00:00,29.586666666666666,28.383166666666668,20.462833333333332,35.38888888888889,20.296296296296298,41.666666666666664,973.375,SITE 9,EXT
2026-03-24 12:00:00,28.070333333333334,26.875666666666667,19.493333333333332,36.31481481481482,19.75925925925926,38.13333333333333,972.425,SITE 9,EXT
2026-03-24 13:00:00,21.854999999999997,21.15344827586207,15.779137931034482,36.532567049808435,18.697318007662837,35.37931034482759,971.3348275862069,SITE 9,EXT
2026-03-24 14:00:00,20.22416666666667,19.511333333333333,14.520999999999999,37.46296296296296,18.64814814814815,33.333333333333336,970.3563333333333,SITE 9,EXT
2026-03-24 15:00:00,18.01516666666667,17.356333333333335,12.984166666666665,37.88888888888889,17.85185185185185,31.0,969.6740000000001,SITE 9,EXT
2026-03-24 16:00:00,21.03083333333333,19.874333333333333,14.741333333333333,38.25925925925926,17.5,29.8,969.1830000000001,SITE 9,EXT
2026-03-24 17:00:00,28.180833333333332,26.16166666666667,18.801333333333332,37.57407407407407,17.462962962962965,30.8,969.2289999999999,SITE 9,EXT
2026-03-24 18:00:00,83.1144827586207,74.12482758620689,48.31586206896552,37.509578544061306,19.92337164750958,36.13793103448276,969.7944827586207,SITE 9,EXT
2026-03-24 19:00:00,101.08999999999999,97.491,68.59466666666667,36.70370370370371,21.5,41.8,970.6243333333333,SITE 9,EXT
2026-03-24 20:00:00,78.72283333333333,74.5215,51.29933333333334,36.333333333333336,20.203703703703706,39.2,971.691,SITE 9,EXT
2026-03-24 21:00:00,31.572833333333335,29.578500000000002,21.107666666666667,34.666666666666664,19.185185185185183,40.6,972.579,SITE 9,EXT
2026-03-24 22:00:00,26.579166666666666,25.708833333333335,18.599333333333334,34.24074074074074,18.888888888888893,40.5,973.1873333333333,SITE 9,EXT
2026-03-24 23:00:00,24.038166666666665,23.197499999999998,16.970166666666668,33.66666666666667,18.740740740740744,41.43333333333333,973.1926666666666,SITE 9,EXT
2026-03-25 00:00:00,18.747586206896553,18.19689655172414,13.43948275862069,32.89272030651341,18.505747126436784,42.689655172413794,972.683448275862,SITE 9,EXT
2026-03-25 01:00:00,18.090500000000002,17.612833333333334,13.064,32.111111111111114,18.53703703703704,45.0,972.35,SITE 9,EXT
2026-03-25 02:00:00,16.633,16.195,12.164666666666667,31.666666666666668,18.444444444444446,45.93333333333333,971.837,SITE 9,EXT
2026-03-25 03:00:00,16.604833333333332,16.19,12.104833333333334,31.240740740740744,18.388888888888893,46.8,971.3066666666667,SITE 9,EXT
2026-03-25 04:00:00,35.17016666666667,32.809333333333335,21.617833333333333,31.111111111111118,18.370370370370374,47.266666666666666,971.2006666666667,SITE 9,EXT
2026-03-25 05:00:00,25.241666666666667,24.3635,17.631500000000003,30.722222222222225,18.40740740740741,48.6,971.2786666666667,SITE 9,EXT
2026-03-25 06:00:00,40.20051724137931,35.42689655172414,24.518793103448274,30.555555555555557,18.9272030651341,50.62068965517241,971.734827586207,SITE 9,EXT
2026-03-25 07:00:00,52.218333333333334,43.45399999999999,29.329,30.722222222222225,19.055555555555557,50.1,972.2643333333333,SITE 9,EXT
2026-03-25 08:00:00,37.625,35.065666666666665,24.086333333333336,31.222222222222225,18.574074074074076,47.166666666666664,972.662,SITE 9,EXT
2026-03-25 09:00:00,55.59166666666667,49.60616666666667,32.85666666666667,31.98148148148148,19.574074074074076,48.0,973.422,SITE 9,EXT
2026-03-25 10:00:00,32.603,30.295166666666667,21.31683333333333,33.68518518518519,20.037037037037035,44.86666666666667,973.2496666666666,SITE 9,EXT
2026-03-25 11:00:00,30.139655172413793,28.478620689655173,20.21603448275862,34.94252873563219,19.96168582375479,41.96551724137931,972.5641379310345,SITE 9,EXT
2026-03-25 12:00:00,28.154999999999998,27.19,19.727833333333333,36.31481481481482,20.14814814814815,39.166666666666664,971.6193333333334,SITE 9,EXT
2026-03-25 13:00:00,28.51966666666667,27.457833333333333,19.9115,37.53703703703704,19.85185185185185,35.96666666666667,970.4490000000001,SITE 9,EXT
2026-03-25 14:00:00,27.621666666666666,26.514166666666664,19.3265,38.22222222222222,19.240740740740744,33.36666666666667,969.5763333333333,SITE 9,EXT
2026-03-25 15:00:00,27.553833333333333,26.2875,18.8055,38.37037037037037,18.944444444444446,32.5,968.9386666666667,SITE 9,EXT
2026-03-25 16:00:00,30.208666666666666,28.11116666666667,19.675833333333333,38.0,18.944444444444446,33.0,968.7976666666667,SITE 9,EXT
2026-03-25 17:00:00,41.634827586206896,35.75431034482759,24.20344827586207,37.720306513409966,18.73563218390805,33.241379310344826,968.9637931034483,SITE 9,EXT
2026-03-25 18:00:00,98.39166666666667,91.21616666666667,61.8065,37.5,19.685185185185183,35.56666666666667,969.6363333333334,SITE 9,EXT
2026-03-25 19:00:00,61.726833333333325,52.18183333333333,35.57666666666667,36.851851851851855,20.166666666666668,38.0,970.5053333333333,SITE 9,EXT
2026-03-25 20:00:00,54.900333333333336,45.45366666666666,31.195333333333334,35.92592592592593,19.666666666666668,38.733333333333334,971.1759999999999,SITE 9,EXT
2026-03-25 21:00:00,47.834500000000006,40.497,27.92366666666667,35.351851851851855,19.296296296296298,39.166666666666664,972.0403333333333,SITE 9,EXT
2026-03-25 22:00:00,45.32283333333333,38.6265,26.83083333333333,34.94444444444444,19.462962962962965,40.733333333333334,972.2506666666667,SITE 9,EXT
2026-03-25 23:00:00,43.668103448275865,37.53206896551724,25.89862068965517,34.38697318007662,19.46360153256705,41.827586206896555,972.1462068965518,SITE 9,EXT
2026-03-26 00:00:00,43.87866666666667,37.78916666666667,26.206000000000003,33.870370370370374,19.62962962962963,43.46666666666667,971.645,SITE 9,EXT
2026-03-26 01:00:00,34.08466666666667,31.703333333333333,22.389833333333332,33.25925925925926,19.90740740740741,45.46666666666667,970.8860000000001,SITE 9,EXT
2026-03-26 02:00:00,32.54216666666667,30.672833333333337,21.806,32.74074074074074,19.833333333333332,46.8,970.6373333333333,SITE 9,EXT
2026-03-26 03:00:00,32.62383333333334,30.747666666666664,21.813,32.24074074074074,19.462962962962965,47.5,970.6,SITE 9,EXT
2026-03-26 04:00:00,34.840862068965514,32.10189655172414,22.617758620689653,31.877394636015325,19.46360153256705,48.10344827586207,970.7531034482759,SITE 9,EXT
2026-03-26 05:00:00,43.15916666666667,37.52383333333333,25.952333333333335,31.666666666666668,19.555555555555557,49.166666666666664,971.2896666666667,SITE 9,EXT
2026-03-26 06:00:00,71.546,61.42366666666667,39.58983333333333,31.425925925925927,19.666666666666668,49.93333333333333,971.8486666666666,SITE 9,EXT
2026-03-26 07:00:00,49.714666666666666,41.701,28.293999999999997,31.425925925925927,19.53703703703704,49.63333333333333,972.476,SITE 9,EXT
2026-03-26 08:00:00,40.062,34.94466666666666,24.02,32.24074074074074,19.592592592592595,47.6,972.9206666666666,SITE 9,EXT
2026-03-26 09:00:00,34.297413793103445,31.724827586206896,22.329310344827583,33.50574712643679,19.674329501915707,44.827586206896555,973.1872413793103,SITE 9,EXT
2026-03-26 10:00:00,35.424499999999995,32.43266666666667,22.971166666666665,34.851851851851855,19.87037037037037,41.733333333333334,972.8483333333334,SITE 9,EXT
2026-03-26 11:00:00,39.333499999999994,34.90333333333333,24.535833333333336,36.22222222222222,20.01851851851852,39.06666666666667,972.1113333333334,SITE 9,EXT
2026-03-26 12:00:00,33.16516666666667,31.002833333333335,22.166,37.333333333333336,19.740740740740744,36.2,970.9936666666667,SITE 9,EXT
2026-03-26 13:00:00,34.05583333333333,31.00883333333333,21.697499999999998,38.40740740740741,19.75925925925926,34.13333333333333,969.6873333333333,SITE 9,EXT
2026-03-26 14:00:00,35.993833333333335,31.01383333333333,20.6895,38.94444444444445,19.203703703703706,31.966666666666665,968.6106666666667,SITE 9,EXT
2026-03-26 15:00:00,31.477758620689656,27.96603448275862,18.642413793103447,39.38697318007662,18.678160919540232,30.0,967.8875862068966,SITE 9,EXT
2026-03-26 16:00:00,32.924,29.084666666666667,19.287166666666668,39.74074074074074,18.5,29.1,967.734,SITE 9,EXT
2026-03-26 17:00:00,39.25016666666667,33.2785,22.221166666666665,39.166666666666664,17.944444444444446,29.166666666666668,967.5896666666666,SITE 9,EXT
2026-03-26 18:00:00,61.4415,49.334666666666664,32.033166666666666,38.55555555555556,18.092592592592595,30.466666666666665,968.2726666666666,SITE 9,EXT
2026-03-26 19:00:00,72.2895,62.518,42.66883333333333,37.96296296296296,18.592592592592595,32.6,969.0643333333334,SITE 9,EXT
2026-03-26 20:00:00,57.342499999999994,50.181666666666665,34.09883333333333,36.62962962962963,19.64814814814815,37.36666666666667,969.9449999999999,SITE 9,EXT
2026-03-26 21:00:00,46.81741379310345,38.889482758620694,25.716206896551725,35.74712643678161,19.061302681992338,37.89655172413793,970.6251724137932,SITE 9,EXT
2026-03-26 22:00:00,39.36483333333333,33.805166666666665,22.481833333333334,35.31481481481482,19.185185185185183,39.03333333333333,971.205,SITE 9,EXT
2026-03-26 23:00:00,31.933333333333334,29.27583333333333,20.1585,34.68518518518518,19.48148148148148,41.4,971.4333333333333,SITE 9,EXT
2026-03-27 00:00:00,43.524,36.94533333333333,24.661166666666666,34.35185185185185,19.62962962962963,42.4,970.639,SITE 9,EXT
2026-03-27 01:00:00,41.38,35.844500000000004,24.726499999999998,34.14814814814815,19.555555555555557,42.36666666666667,970.2546666666666,SITE 9,EXT
2026-03-27 02:00:00,42.03793103448275,36.23206896551724,25.098275862068967,33.793103448275865,19.770114942528735,43.793103448275865,969.9362068965518,SITE 9,EXT
2026-03-27 03:00:00,40.979000000000006,35.66116666666667,24.848333333333336,33.12962962962963,19.62962962962963,45.43333333333333,969.8723333333334,SITE 9,EXT
2026-03-27 04:00:00,46.51233333333334,39.91433333333334,27.041999999999998,32.611111111111114,19.740740740740744,47.2,970.2166666666667,SITE 9,EXT
2026-03-27 05:00:00,49.0675,41.23350000000001,28.2765,32.22222222222222,19.703703703703702,48.03333333333333,970.7713333333334,SITE 9,EXT
2026-03-27 06:00:00,54.975166666666674,45.35033333333333,30.858999999999998,32.22222222222222,20.0,48.56666666666667,971.3386666666667,SITE 9,EXT
2026-03-27 07:00:00,52.713499999999996,43.679833333333335,29.549333333333333,32.22222222222222,19.88888888888889,48.166666666666664,972.4143333333334,SITE 9,EXT
2026-03-27 08:00:00,45.8646551724138,38.79810344827586,26.628103448275862,32.911877394636015,20.13409961685824,47.44827586206897,973.3199999999999,SITE 9,EXT
2026-03-27 09:00:00,42.77766666666666,36.8175,25.406000000000002,34.25925925925926,20.27777777777778,44.333333333333336,973.3613333333334,SITE 9,EXT
2026-03-27 10:00:00,33.864,31.147499999999997,21.933,35.611111111111114,20.11111111111111,40.733333333333334,973.366,SITE 9,EXT
2026-03-27 11:00:00,33.162166666666664,30.757,21.735500000000002,36.81481481481482,20.0,37.733333333333334,972.9150000000001,SITE 9,EXT
2026-03-27 12:00:00,31.14816666666667,29.466666666666665,21.084833333333332,37.74074074074074,19.48148148148148,34.833333333333336,971.9843333333333,SITE 9,EXT
2026-03-27 13:00:00,33.78103448275862,31.147241379310344,22.042758620689657,37.758620689655174,19.272030651340998,34.13793103448276,970.8093103448276,SITE 9,EXT
2026-03-27 14:00:00,37.508833333333335,33.179833333333335,23.149166666666666,38.0,18.90740740740741,33.03333333333333,969.622,SITE 9,EXT
2026-03-27 15:00:00,35.408500000000004,31.961166666666667,22.579333333333334,38.62962962962963,18.666666666666668,31.4,968.9196666666667,SITE 9,EXT
2026-03-27 16:00:00,40.02966666666667,34.68816666666667,23.6275,35.092592592592595,19.87037037037037,41.46666666666667,969.4599999999999,SITE 9,EXT
2026-03-27 17:00:00,49.972833333333334,41.957,28.654333333333334,33.351851851851855,20.222222222222225,46.6,970.068,SITE 9,EXT
2026-03-27 18:00:00,37.89149999999999,33.935833333333335,22.883333333333333,32.96296296296296,19.574074074074076,45.56666666666667,971.1616666666666,SITE 9,EXT
2026-03-27 19:00:00,46.77465517241379,39.69551724137931,27.127586206896552,33.08429118773947,19.712643678160923,45.93103448275862,971.7334482758621,SITE 9,EXT
2026-03-27 20:00:00,44.18183333333333,37.725500000000004,25.959166666666665,32.75925925925926,20.53703703703704,49.2,972.647,SITE 9,EXT
2026-03-27 21:00:00,38.080333333333336,33.74933333333333,23.160333333333334,32.388888888888886,20.296296296296298,49.13333333333333,973.2843333333333,SITE 9,EXT
2026-03-27 22:00:00,36.57283333333333,32.75716666666667,22.555833333333332,32.111111111111114,20.61111111111111,50.93333333333333,973.9056666666667,SITE 9,EXT
2026-03-27 23:00:00,36.21266666666667,32.581833333333336,22.267666666666667,31.462962962962965,21.074074074074073,54.53333333333333,973.6603333333334,SITE 9,EXT
2026-03-28 00:00:00,21.243275862068963,20.268275862068965,14.465344827586208,31.111111111111114,20.05747126436782,52.37931034482759,973.6082758620689,SITE 9,EXT
2026-03-28 01:00:00,20.398500000000002,19.546333333333333,14.068000000000001,31.018518518518523,19.592592592592595,51.43333333333333,972.8973333333332,SITE 9,EXT
2026-03-28 02:00:00,23.270333333333333,22.283,16.057833333333335,30.53703703703704,19.462962962962965,52.233333333333334,972.4966666666667,SITE 9,EXT
2026-03-28 03:00:00,23.200666666666667,22.105,15.773833333333332,30.64814814814815,18.90740740740741,49.666666666666664,972.9866666666666,SITE 9,EXT
2026-03-28 04:00:00,26.608,24.756500000000003,17.41466666666667,30.518518518518523,18.944444444444446,50.2,973.2176666666667,SITE 9,EXT
2026-03-28 05:00:00,29.917333333333332,28.1085,19.834166666666665,30.296296296296298,19.370370370370374,52.4,973.5266666666666,SITE 9,EXT
2026-03-28 06:00:00,36.72483333333333,32.829,22.399333333333335,30.0,19.444444444444446,53.56666666666667,973.9623333333333,SITE 9,EXT
2026-03-28 07:00:00,38.26465517241379,33.801206896551726,22.93051724137931,29.980842911877396,19.42528735632184,53.41379310344828,974.2855172413792,SITE 9,EXT
2026-03-28 08:00:00,29.7375,28.129833333333334,19.568666666666665,30.740740740740744,19.53703703703704,51.766666666666666,974.8169999999999,SITE 9,EXT
2026-03-28 09:00:00,30.405166666666666,28.1755,19.205166666666667,31.64814814814815,19.666666666666668,49.333333333333336,975.6823333333334,SITE 9,EXT
2026-03-28 10:00:00,25.1665,24.106833333333334,17.026666666666667,32.44444444444444,19.722222222222225,47.3,976.34,SITE 9,EXT
2026-03-28 11:00:00,51.61633333333334,48.292,31.53516666666667,33.68518518518519,19.5,43.63333333333333,975.9726666666667,SITE 9,EXT
2026-03-28 12:00:00,23.470333333333333,21.943166666666666,15.976333333333335,34.2037037037037,19.796296296296298,42.9,974.664,SITE 9,EXT
2026-03-28 13:00:00,16.885344827586206,16.13758620689655,11.903448275862068,35.63218390804598,19.157088122605362,38.206896551724135,972.9203448275862,SITE 9,EXT
2026-03-28 14:00:00,16.812,16.103166666666667,11.841666666666667,36.851851851851855,18.574074074074076,34.43333333333333,971.5613333333333,SITE 9,EXT
2026-03-28 15:00:00,16.225166666666667,15.3785,11.173666666666666,36.611111111111114,17.814814814814817,33.3,970.443,SITE 9,EXT
2026-03-28 16:00:00,17.3795,16.351833333333335,11.802999999999999,36.62962962962964,17.388888888888893,32.333333333333336,970.3266666666666,SITE 9,EXT
2026-03-28 17:00:00,27.63533333333333,25.853166666666667,18.214166666666664,35.48148148148149,17.314814814814817,34.333333333333336,970.5446666666667,SITE 9,EXT
2026-03-28 18:00:00,31.973793103448276,29.361034482758622,20.38206896551724,34.32950191570882,17.681992337164754,37.48275862068966,971.1110344827587,SITE 9,EXT
2026-03-28 19:00:00,47.1915,40.883,27.713,33.870370370370374,19.0,42.1,971.6876666666667,SITE 9,EXT
2026-03-28 20:00:00,48.94533333333333,41.956,28.6445,33.88888888888889,19.444444444444446,43.0,972.3259999999999,SITE 9,EXT
2026-03-28 21:00:00,55.685833333333335,45.69566666666667,30.495166666666666,33.870370370370374,19.833333333333332,44.2,972.6920000000001,SITE 9,EXT
2026-03-28 22:00:00,56.41283333333333,46.1775,30.709,33.44444444444444,20.444444444444446,47.03333333333333,973.1646666666667,SITE 9,EXT
2026-03-28 23:00:00,70.32827586206896,59.628793103448274,39.53931034482759,32.816091954022994,20.402298850574716,48.206896551724135,973.1368965517241,SITE 9,EXT
2026-03-29 00:00:00,64.566,52.429,35.113166666666665,32.7037037037037,20.796296296296298,50.266666666666666,972.7656666666667,SITE 9,EXT
2026-03-29 01:00:00,61.50433333333333,49.94083333333333,33.47966666666667,32.111111111111114,21.0,52.2,972.1610000000001,SITE 9,EXT
2026-03-29 02:00:00,39.36633333333334,34.62166666666667,23.529166666666665,32.148148148148145,20.11111111111111,49.1,971.3629999999999,SITE 9,EXT
2026-03-29 03:00:00,44.137166666666666,37.7685,25.2565,31.722222222222225,20.074074074074076,50.53333333333333,971.1213333333333,SITE 9,EXT
2026-03-29 04:00:00,42.488166666666665,36.64216666666667,24.777833333333334,31.185185185185187,20.037037037037035,51.666666666666664,971.3463333333333,SITE 9,EXT
2026-03-29 05:00:00,56.403999999999996,49.537166666666664,31.86466666666667,31.111111111111118,20.0,52.0,971.7336666666667,SITE 9,EXT
2026-03-29 06:00:00,72.20844827586207,63.30758620689655,39.99310344827586,31.053639846743298,19.92337164750958,51.44827586206897,972.0989655172414,SITE 9,EXT
2026-03-29 07:00:00,66.86683333333333,55.735,35.526833333333336,31.53703703703704,19.87037037037037,50.4,973.0296666666667,SITE 9,EXT
2026-03-29 08:00:00,57.819833333333335,49.31916666666667,32.342999999999996,32.111111111111114,19.85185185185185,48.733333333333334,973.481,SITE 9,EXT
2026-03-29 09:00:00,25.569833333333335,24.241333333333333,17.08,33.870370370370374,18.64814814814815,41.03333333333333,973.501,SITE 9,EXT
2026-03-29 10:00:00,25.453333333333333,24.24683333333333,17.424666666666667,35.37037037037037,19.296296296296298,39.166666666666664,973.4483333333334,SITE 9,EXT
2026-03-29 11:00:00,23.303448275862067,22.25603448275862,16.194310344827585,36.76245210727969,19.176245210727974,36.172413793103445,972.5058620689655,SITE 9,EXT
2026-03-29 12:00:00,22.680166666666665,21.200166666666668,14.970166666666668,37.68518518518519,18.98148148148148,33.766666666666666,971.0653333333333,SITE 9,EXT
2026-03-29 13:00:00,21.507,19.67233333333333,13.616000000000001,38.777777777777786,18.5,30.933333333333334,969.4206666666666,SITE 9,EXT
2026-03-29 14:00:00,21.895166666666668,19.552333333333333,13.049000000000001,39.44444444444444,17.962962962962965,28.533333333333335,967.9573333333334,SITE 9,EXT
2026-03-29 15:00:00,22.084833333333336,19.416166666666665,12.447333333333335,38.907407407407405,17.925925925925927,29.466666666666665,968.1713333333333,SITE 9,EXT
2026-03-29 16:00:00,4.310689655172414,3.7136206896551727,2.3312068965517243,32.720306513409966,19.252873563218394,45.758620689655174,970.6234482758621,SITE 9,EXT
2026-03-29 17:00:00,10.375499999999999,8.974833333333333,5.188833333333333,30.12962962962963,19.185185185185183,52.63333333333333,972.8736666666666,SITE 9,EXT
2026-03-29 18:00:00,20.349,17.834666666666667,10.776833333333334,29.203703703703706,20.240740740740744,59.0,973.213,SITE 9,EXT
2026-03-29 19:00:00,31.712333333333333,25.507833333333334,13.677,28.740740740740744,19.90740740740741,59.766666666666666,973.1103333333334,SITE 9,EXT
2026-03-29 20:00:00,29.596,23.0885,10.743666666666666,28.944444444444446,20.037037037037035,59.266666666666666,973.9143333333334,SITE 9,EXT
2026-03-29 21:00:00,28.265833333333333,22.139666666666667,10.437833333333334,29.444444444444446,20.203703703703702,57.8,974.0623333333333,SITE 9,EXT
2026-03-29 22:00:00,30.552413793103447,24.026896551724136,11.421896551724139,27.873563218390807,19.82758620689655,62.206896551724135,975.3100000000001,SITE 9,EXT
2026-03-29 23:00:00,24.395833333333332,20.340333333333334,10.524000000000001,27.296296296296298,19.77777777777778,63.96666666666667,974.4423333333333,SITE 9,EXT
2026-03-30 00:00:00,12.512833333333333,10.455166666666667,5.720833333333333,27.75925925925926,19.5,61.03333333333333,972.9916666666667,SITE 9,EXT
2026-03-30 01:00:00,9.858166666666667,8.474833333333333,5.0281666666666665,27.962962962962965,19.296296296296298,59.766666666666666,971.7186666666668,SITE 9,EXT
2026-03-30 02:00:00,8.528833333333333,7.4014999999999995,4.5065,28.27777777777778,19.555555555555554,59.5,971.1166666666667,SITE 9,EXT
2026-03-30 03:00:00,10.50448275862069,9.235344827586207,5.675862068965517,28.31417624521073,19.885057471264368,60.44827586206897,970.8751724137932,SITE 9,EXT
2026-03-30 04:00:00,15.742166666666666,14.119833333333334,9.163333333333332,28.14814814814815,19.555555555555557,60.2,970.7520000000001,SITE 9,EXT
2026-03-30 05:00:00,25.344333333333335,23.202833333333334,15.292166666666667,28.333333333333336,19.48148148148148,59.833333333333336,971.3186666666667,SITE 9,EXT
2026-03-30 06:00:00,49.29833333333333,41.10116666666667,27.458166666666667,28.333333333333336,19.444444444444446,59.4,971.7276666666668,SITE 9,EXT
2026-03-30 07:00:00,38.38700000000001,32.911,21.8275,28.740740740740744,19.40740740740741,57.86666666666667,972.3240000000001,SITE 9,EXT
2026-03-30 08:00:00,31.212666666666667,28.084833333333332,18.6725,29.14814814814815,19.5,56.9,972.8036666666667,SITE 9,EXT
2026-03-30 09:00:00,24.716379310344827,21.735689655172415,14.416379310344826,29.69348659003831,20.191570881226053,56.689655172413794,973.4006896551724,SITE 9,EXT
2026-03-30 10:00:00,14.086,12.619833333333334,8.140166666666667,31.000000000000004,20.592592592592595,54.53333333333333,973.4913333333334,SITE 9,EXT
2026-03-30 11:00:00,13.2425,12.043000000000001,8.0635,32.27777777777778,20.740740740740744,50.9,973.0886666666667,SITE 9,EXT
2026-03-30 12:00:00,15.617999999999999,14.1835,9.420333333333334,33.148148148148145,20.75925925925926,48.666666666666664,972.1383333333334,SITE 9,EXT
2026-03-30 13:00:00,10.263333333333332,9.239333333333333,6.258333333333334,34.57407407407407,20.62962962962963,44.53333333333333,971.026,SITE 9,EXT
2026-03-30 14:00:00,7.8453448275862065,7.084655172413793,4.671724137931034,35.421455938697314,19.233716475095786,38.89655172413793,969.9844827586206,SITE 9,EXT
2026-03-30 15:00:00,6.846666666666667,6.107166666666667,3.979833333333333,35.851851851851855,18.333333333333332,35.9,969.4243333333333,SITE 9,EXT
2026-03-30 16:00:00,8.177,7.162166666666667,4.557666666666666,36.46296296296296,17.537037037037035,32.9,969.31,SITE 9,EXT
2026-03-30 17:00:00,20.397333333333332,18.357666666666667,12.379166666666666,36.07407407407408,18.074074074074076,34.733333333333334,969.3913333333333,SITE 9,EXT
2026-03-30 18:00:00,32.48583333333333,27.840833333333332,18.6285,35.55555555555556,19.055555555555557,38.166666666666664,969.8476666666667,SITE 9,EXT
2026-03-30 19:00:00,83.9508620689655,77.87913793103448,53.221034482758625,35.440613026819925,20.30651340996169,41.689655172413794,970.5075862068966,SITE 9,EXT
2026-03-30 20:00:00,88.75533333333333,80.52166666666668,52.294333333333334,34.94444444444444,21.22222222222222,45.266666666666666,971.0983333333334,SITE 9,EXT
2026-03-30 21:00:00,60.82783333333334,51.36383333333333,33.69016666666667,34.44444444444444,20.72222222222222,45.13333333333333,971.77,SITE 9,EXT
2026-03-30 22:00:00,35.8555,31.223666666666666,20.7885,34.074074074074076,20.64814814814815,45.86666666666667,972.3896666666666,SITE 9,EXT
2026-03-30 23:00:00,38.4185,32.95633333333333,20.7745,33.70370370370371,21.0,47.86666666666667,972.4153333333333,SITE 9,EXT
2026-03-31 00:00:00,27.716166666666666,24.884999999999998,15.421,33.333333333333336,21.185185185185183,49.266666666666666,971.8803333333333,SITE 9,EXT
2026-03-31 01:00:00,20.711206896551722,18.97689655172414,12.484655172413794,32.8544061302682,21.168582375478927,50.0,971.2375862068965,SITE 9,EXT
2026-03-31 02:00:00,19.207,17.676666666666666,11.5895,32.77777777777778,20.75925925925926,50.0,970.8963333333334,SITE 9,EXT
2026-03-31 03:00:00,20.463,19.051333333333332,12.833333333333334,32.24074074074074,21.11111111111111,52.233333333333334,970.4546666666666,SITE 9,EXT
2026-03-31 04:00:00,18.744333333333334,17.3215,11.687833333333334,31.666666666666668,21.388888888888893,54.93333333333333,970.4653333333333,SITE 9,EXT
2026-03-31 05:00:00,14.808166666666667,13.528666666666668,8.9545,31.388888888888893,19.90740740740741,50.96666666666667,970.5986666666666,SITE 9,EXT
2026-03-31 06:00:00,26.095689655172414,24.18155172413793,16.39913793103448,31.111111111111114,19.616858237547895,51.03448275862069,971.2779310344828,SITE 9,EXT
2026-03-31 07:00:00,39.78366666666667,34.839666666666666,23.4745,31.111111111111118,20.055555555555554,52.3,972.258,SITE 9,EXT
2026-03-31 08:00:00,31.376833333333334,29.1875,20.312333333333335,31.111111111111118,20.40740740740741,53.03333333333333,973.6203333333334,SITE 9,EXT
2026-03-31 09:00:00,26.62,25.428,18.043499999999998,31.574074074074076,20.444444444444446,52.4,974.403,SITE 9,EXT
2026-03-31 10:00:00,20.2955,19.428,14.2675,33.166666666666664,20.61111111111111,48.3,974.6393333333333,SITE 9,EXT
2026-03-31 11:00:00,19.675,18.9985,14.028333333333334,34.12962962962963,20.518518518518523,45.266666666666666,974.25,SITE 9,EXT
2026-03-31 12:00:00,19.08810344827586,18.36655172413793,13.617413793103447,34.770114942528735,20.82375478927203,44.48275862068966,973.3768965517241,SITE 9,EXT
2026-03-31 13:00:00,22.541,21.737333333333332,15.9625,35.2962962962963,20.685185185185183,43.03333333333333,972.3693333333334,SITE 9,EXT
2026-03-31 14:00:00,19.0405,18.360333333333333,13.689333333333334,35.92592592592593,21.38888888888889,43.13333333333333,971.141,SITE 9,EXT
2026-03-31 15:00:00,23.865000000000002,22.473666666666666,16.288,36.111111111111114,21.685185185185183,43.733333333333334,970.5086666666666,SITE 9,EXT
2026-03-31 16:00:00,30.951666666666664,27.903166666666667,19.292166666666667,36.01851851851852,21.074074074074073,42.3,969.9979999999999,SITE 9,EXT
2026-03-31 17:00:00,15.380833333333333,13.831833333333332,8.984,31.27777777777778,17.37037037037037,43.8,971.2966666666667,SITE 9,EXT
2026-03-31 18:00:00,23.773275862068964,21.518620689655172,14.145172413793103,29.846743295019156,16.839080459770113,46.03448275862069,971.6517241379311,SITE 9,EXT
2026-03-31 19:00:00,54.657833333333336,46.333499999999994,30.3745,31.222222222222225,17.722222222222225,44.93333333333333,971.8343333333333,SITE 9,EXT
2026-03-31 20:00:00,67.00216666666667,58.04966666666667,37.130833333333335,31.62962962962963,17.537037037037035,43.3,972.0466666666667,SITE 9,EXT
2026-03-31 21:00:00,45.69583333333333,38.906166666666664,25.659166666666668,31.62962962962963,17.425925925925927,42.86666666666667,972.6916666666667,SITE 9,EXT
2026-03-31 22:00:00,38.18833333333334,33.00866666666666,21.663333333333334,31.388888888888893,17.833333333333332,44.666666666666664,973.043,SITE 9,EXT
2026-03-31 23:00:00,26.349655172413794,24.198103448275862,16.10603448275862,31.01532567049809,18.18007662835249,46.793103448275865,973.4320689655171,SITE 9,EXT
2026-04-01 00:00:00,16.4165,15.2955,10.684,30.61111111111111,18.018518518518523,47.46666666666667,973.1613333333333,SITE 9,EXT
2026-04-01 01:00:00,15.7715,14.6995,10.252833333333333,30.462962962962965,18.61111111111111,49.36666666666667,972.8936666666667,SITE 9,EXT
2026-04-01 02:00:00,21.146166666666666,19.802,13.5745,29.444444444444446,18.703703703703702,52.8,972.8166666666667,SITE 9,EXT
2026-04-01 03:00:00,17.915333333333333,16.877,11.734,29.444444444444446,18.88888888888889,53.63333333333333,972.4556666666667,SITE 9,EXT
2026-04-01 04:00:00,19.905666666666665,18.431500000000003,12.842333333333332,29.425925925925927,19.222222222222225,54.56666666666667,972.5416666666666,SITE 9,EXT
2026-04-01 05:00:00,27.282758620689656,24.526896551724136,16.42310344827586,28.984674329501914,19.272030651340998,56.172413793103445,972.8762068965517,SITE 9,EXT
2026-04-01 06:00:00,42.649833333333326,36.593666666666664,24.407,28.87037037037037,18.98148148148148,55.666666666666664,973.4523333333333,SITE 9,EXT
2026-04-01 07:00:00,58.01200000000001,47.5665,31.651,29.61111111111111,19.240740740740744,54.233333333333334,974.1020000000001,SITE 9,EXT
2026-04-01 08:00:00,46.28216666666666,37.86716666666666,23.681833333333334,30.27777777777778,17.314814814814817,46.3,974.7096666666667,SITE 9,EXT
2026-04-01 09:00:00,29.983999999999998,23.598666666666666,11.716333333333333,31.203703703703706,13.685185185185187,34.733333333333334,974.929,SITE 9,EXT
2026-04-01 10:00:00,31.441724137931033,24.223103448275864,11.62396551724138,32.452107279693486,12.183908045977013,29.103448275862068,974.7496551724137,SITE 9,EXT
2026-04-01 11:00:00,29.984333333333332,21.758666666666667,8.881499999999999,33.51851851851852,10.425925925925926,24.266666666666666,974.1936666666667,SITE 9,EXT
2026-04-01 12:00:00,29.341,20.742833333333333,7.598,34.7962962962963,9.481481481481483,21.166666666666668,973.0693333333332,SITE 9,EXT
2026-04-01 13:00:00,28.589,20.189,7.1925,35.7037037037037,9.12962962962963,19.666666666666668,971.6943333333334,SITE 9,EXT
2026-04-01 14:00:00,29.533666666666665,21.31833333333333,8.334833333333332,36.7037037037037,9.148148148148149,18.533333333333335,970.937,SITE 9,EXT
2026-04-01 15:00:00,30.37948275862069,22.03948275862069,9.155517241379311,37.20306513409962,9.25287356321839,18.103448275862068,970.346551724138,SITE 9,EXT
2026-04-01 16:00:00,27.979333333333333,20.34916666666667,8.0655,37.22222222222222,9.574074074074074,18.7,970.1673333333333,SITE 9,EXT
2026-04-01 17:00:00,37.085166666666666,27.577166666666667,12.67,36.40740740740741,9.12962962962963,18.833333333333332,970.3626666666667,SITE 9,EXT
2026-04-01 18:00:00,54.20066666666666,40.907333333333334,23.514499999999998,35.7037037037037,9.092592592592592,19.733333333333334,970.995,SITE 9,EXT
2026-04-01 19:00:00,64.16933333333333,49.61016666666667,29.991833333333332,35.55555555555556,11.037037037037038,22.566666666666666,972.0136666666666,SITE 9,EXT
2026-04-01 20:00:00,54.942499999999995,41.85166666666667,24.7465,34.94444444444444,13.62962962962963,27.9,972.9413333333334,SITE 9,EXT
2026-04-01 21:00:00,66.74172413793103,54.68120689655172,31.61603448275862,34.44444444444444,14.84674329501916,30.82758620689655,973.4389655172414,SITE 9,EXT
2026-04-01 22:00:00,59.542,45.65133333333333,27.690833333333334,33.88888888888889,16.37037037037037,35.5,973.8536666666666,SITE 9,EXT
2026-04-01 23:00:00,66.18483333333333,50.362833333333334,30.5285,33.03703703703704,16.814814814814817,38.36666666666667,973.795,SITE 9,EXT
2026-04-02 00:00:00,62.547,47.597166666666666,28.834166666666665,32.2037037037037,17.0,40.46666666666667,973.571,SITE 9,EXT
2026-04-02 01:00:00,55.654833333333336,42.44950000000001,25.072666666666667,31.31481481481482,17.185185185185183,43.06666666666667,973.1736666666667,SITE 9,EXT
2026-04-02 02:00:00,53.878793103448274,41.01051724137931,23.946206896551725,30.82375478927203,16.915708812260537,43.62068965517241,972.7279310344828,SITE 9,EXT
2026-04-02 03:00:00,55.754,42.299166666666665,24.503666666666668,30.555555555555557,15.537037037037038,40.5,972.5216666666668,SITE 9,EXT
2026-04-02 04:00:00,48.967999999999996,36.36216666666667,19.735833333333332,29.722222222222225,12.907407407407408,35.53333333333333,972.5766666666666,SITE 9,EXT
2026-04-02 05:00:00,55.19316666666667,41.76866666666667,23.76033333333333,29.444444444444446,13.296296296296298,37.3,973.198,SITE 9,EXT
2026-04-02 06:00:00,88.62733333333334,77.20016666666668,48.282666666666664,29.14814814814815,15.0,42.333333333333336,973.6243333333333,SITE 9,EXT
2026-04-02 07:00:00,62.437666666666665,48.211666666666666,29.113166666666665,29.203703703703706,13.12962962962963,37.733333333333334,974.2706666666667,SITE 9,EXT
2026-04-02 08:00:00,44.06086206896552,33.92896551724138,18.580689655172414,29.942528735632184,9.616858237547893,28.379310344827587,975.1524137931034,SITE 9,EXT
2026-04-02 09:00:00,34.239000000000004,26.30666666666667,12.847000000000001,31.296296296296298,6.851851851851852,21.8,975.5716666666667,SITE 9,EXT
2026-04-02 10:00:00,28.078166666666668,22.001166666666666,10.473833333333333,32.90740740740741,5.944444444444445,18.533333333333335,975.2836666666666,SITE 9,EXT
2026-04-02 11:00:00,25.605666666666664,19.637999999999998,8.892166666666666,34.31481481481482,5.185185185185185,16.133333333333333,974.9483333333334,SITE 9,EXT
2026-04-02 12:00:00,25.63566666666667,19.361666666666668,8.180166666666667,35.46296296296296,4.166666666666667,14.066666666666666,974.0083333333333,SITE 9,EXT
2026-04-02 13:00:00,26.801499999999997,20.045166666666667,8.375666666666667,36.62962962962963,4.222222222222222,13.166666666666666,972.953,SITE 9,EXT
2026-04-02 14:00:00,26.733275862068965,19.586206896551722,7.793275862068965,37.183908045977006,4.252873563218391,12.931034482758621,972.0096551724138,SITE 9,EXT
2026-04-02 15:00:00,25.7075,19.131000000000004,7.836,37.7962962962963,4.351851851851852,12.466666666666667,971.2056666666667,SITE 9,EXT
2026-04-02 16:00:00,23.957,17.958833333333335,7.628,37.75925925925926,4.351851851851852,12.533333333333333,970.6846666666667,SITE 9,EXT
2026-04-02 17:00:00,25.540666666666667,19.513333333333332,8.876166666666668,37.27777777777778,4.722222222222222,13.333333333333334,970.8013333333333,SITE 9,EXT
2026-04-02 18:00:00,50.236,41.612833333333334,25.514,36.537037037037045,7.425925925925926,16.733333333333334,971.5693333333334,SITE 9,EXT
2026-04-02 19:00:00,74.2915,63.07516666666667,40.582,35.64814814814815,10.648148148148149,21.9,972.7536666666667,SITE 9,EXT
2026-04-02 20:00:00,95.51310344827587,86.81672413793103,54.759827586206896,34.6551724137931,13.563218390804598,28.17241379310345,973.7941379310345,SITE 9,EXT
2026-04-02 21:00:00,134.74933333333334,122.47916666666667,76.0005,33.611111111111114,13.981481481481483,30.833333333333332,974.4523333333333,SITE 9,EXT
2026-04-02 22:00:00,132.54933333333332,117.79266666666666,71.098,32.75925925925926,15.24074074074074,34.96666666666667,974.9273333333333,SITE 9,EXT
2026-04-02 23:00:00,132.269,115.4095,67.25949999999999,31.85185185185185,15.592592592592593,37.56666666666667,974.9466666666667,SITE 9,EXT
2026-04-03 00:00:00,101.6645,90.86,55.6595,31.074074074074076,15.611111111111112,39.5,974.4723333333333,SITE 9,EXT
2026-04-03 01:00:00,80.42086206896552,68.78448275862068,41.970689655172414,30.28735632183908,15.440613026819923,40.793103448275865,973.8893103448277,SITE 9,EXT
2026-04-03 02:00:00,69.1765,54.62,33.41983333333334,29.666666666666668,14.5,39.766666666666666,973.2623333333333,SITE 9,EXT
2026-04-03 03:00:00,59.00116666666666,45.82333333333334,28.310166666666664,29.11111111111111,14.185185185185185,40.2,972.7900000000001,SITE 9,EXT
2026-04-03 04:00:00,57.26083333333334,44.518166666666666,27.29733333333333,28.555555555555557,13.648148148148149,40.3,972.6046666666666,SITE 9,EXT
2026-04-03 05:00:00,139.26783333333333,119.49050000000001,64.2115,27.75925925925926,13.5,41.7,972.966,SITE 9,EXT
2026-04-03 06:00:00,82.26616666666668,69.9735,41.216166666666666,27.222222222222225,11.074074074074074,36.8,973.3316666666667,SITE 9,EXT
2026-04-03 07:00:00,74.21672413793102,62.007413793103446,38.58224137931035,27.98850574712644,11.954022988505749,37.275862068965516,974.3341379310344,SITE 9,EXT
2026-04-03 08:00:00,59.81166666666666,46.27766666666666,28.409166666666668,29.666666666666668,12.407407407407408,34.766666666666666,975.035,SITE 9,EXT
2026-04-03 09:00:00,43.440333333333335,34.13816666666666,19.697999999999997,31.796296296296298,9.962962962962964,26.2,975.3586666666667,SITE 9,EXT
2026-04-03 10:00:00,34.13483333333333,27.297166666666666,14.381333333333334,33.55555555555556,8.25925925925926,20.966666666666665,975.318,SITE 9,EXT
2026-04-03 11:00:00,30.038166666666665,24.098333333333336,12.337166666666667,35.01851851851852,7.481481481481482,18.2,974.7189999999999,SITE 9,EXT
2026-04-03 12:00:00,26.687666666666665,20.846666666666668,10.153333333333334,36.277777777777786,5.611111111111112,14.9,974.0213333333334,SITE 9,EXT
2026-04-03 13:00:00,25.23862068965517,19.776896551724136,9.330344827586206,37.337164750957854,6.32183908045977,14.758620689655173,973.1037931034482,SITE 9,EXT
2026-04-03 14:00:00,23.981333333333335,18.588666666666665,8.393666666666666,37.96296296296296,6.092592592592593,14.0,972.288,SITE 9,EXT
2026-04-03 15:00:00,25.01066666666667,19.157500000000002,8.641666666666667,38.03703703703704,5.037037037037037,12.966666666666667,971.6576666666666,SITE 9,EXT
2026-04-03 16:00:00,28.044833333333333,22.19,11.515999999999998,38.31481481481482,5.851851851851852,13.533333333333333,971.3513333333334,SITE 9,EXT
2026-04-03 17:00:00,32.26916666666666,25.90716666666667,12.9965,37.833333333333336,6.87037037037037,14.933333333333334,971.5103333333334,SITE 9,EXT
2026-04-03 18:00:00,52.23283333333334,42.401500000000006,25.9165,36.907407407407405,10.092592592592592,19.7,972.2139999999999,SITE 9,EXT
2026-04-03 19:00:00,80.67965517241379,70.8451724137931,44.40655172413793,36.09195402298851,11.226053639846743,22.275862068965516,973.041724137931,SITE 9,EXT
2026-04-03 20:00:00,78.09783333333333,67.02966666666666,43.50916666666667,35.2037037037037,13.425925925925926,27.2,974.0300000000001,SITE 9,EXT
2026-04-03 21:00:00,77.15083333333334,64.67033333333333,41.66333333333333,34.46296296296296,14.444444444444445,30.133333333333333,975.0776666666667,SITE 9,EXT
2026-04-03 22:00:00,79.14183333333334,67.98366666666666,43.458,33.46296296296296,15.611111111111112,34.46666666666667,975.588,SITE 9,EXT
2026-04-03 23:00:00,56.0315,43.972833333333334,27.68566666666667,32.74074074074074,15.351851851851853,35.233333333333334,975.6266666666667,SITE 9,EXT
2026-04-04 00:00:00,62.174827586206895,48.415517241379305,30.731379310344828,32.22222222222222,15.651340996168583,37.03448275862069,975.1686206896552,SITE 9,EXT
2026-04-04 01:00:00,67.21066666666667,52.584833333333336,33.8325,31.722222222222225,16.22222222222222,39.6,974.5139999999999,SITE 9,EXT
2026-04-04 02:00:00,60.84533333333333,48.344,30.496333333333332,31.25925925925926,15.537037037037038,38.9,974.0963333333333,SITE 9,EXT
2026-04-04 03:00:00,43.76166666666666,35.0,21.863333333333333,31.055555555555557,14.74074074074074,37.5,974.1666666666666,SITE 9,EXT
2026-04-04 04:00:00,45.239000000000004,36.6345,23.4725,30.425925925925927,16.685185185185183,43.93333333333333,974.3163333333334,SITE 9,EXT
2026-04-04 05:00:00,41.44949999999999,34.37116666666667,22.17866666666667,29.98148148148148,17.592592592592595,47.7,974.7816666666666,SITE 9,EXT
2026-04-04 06:00:00,63.23931034482759,53.86189655172414,35.97034482758621,30.0,18.5632183908046,50.724137931034484,975.4393103448276,SITE 9,EXT
2026-04-04 07:00:00,53.57416666666666,43.89149999999999,28.996166666666667,29.944444444444446,19.222222222222225,53.233333333333334,975.996,SITE 9,EXT
2026-04-04 08:00:00,35.99783333333333,31.947,21.402333333333335,30.425925925925927,20.0,54.63333333333333,976.639,SITE 9,EXT
2026-04-04 09:00:00,28.587333333333333,26.4285,18.206,31.61111111111111,20.444444444444446,51.93333333333333,977.223,SITE 9,EXT
2026-04-04 10:00:00,25.235,23.484666666666666,16.4635,33.166666666666664,20.53703703703704,48.03333333333333,977.1039999999999,SITE 9,EXT
2026-04-04 11:00:00,23.219137931034485,21.310862068965516,14.71155172413793,34.808429118773944,20.42145593869732,43.41379310344828,976.4489655172414,SITE 9,EXT
2026-04-04 12:00:00,22.970000000000002,20.790166666666668,14.215666666666667,36.037037037037045,19.666666666666668,38.733333333333334,975.3223333333333,SITE 9,EXT
2026-04-04 13:00:00,22.55,20.194333333333336,13.359333333333332,37.407407407407405,18.888888888888893,34.06666666666667,974.0573333333334,SITE 9,EXT
2026-04-04 14:00:00,23.207,20.619666666666667,13.367333333333333,38.277777777777786,17.462962962962965,29.6,972.7723333333332,SITE 9,EXT
2026-04-04 15:00:00,22.437166666666666,19.668499999999998,12.664,38.38888888888889,16.462962962962965,27.633333333333333,972.0056666666667,SITE 9,EXT
2026-04-04 16:00:00,23.348666666666666,20.308333333333334,12.963833333333334,38.44444444444445,15.722222222222223,26.366666666666667,971.7083333333334,SITE 9,EXT
2026-04-04 17:00:00,27.57586206896552,23.985000000000003,15.322931034482759,38.16091954022989,14.904214559386974,25.20689655172414,971.9,SITE 9,EXT
2026-04-04 18:00:00,38.6915,32.61416666666667,21.18433333333333,37.46296296296296,15.296296296296298,26.9,972.5963333333333,SITE 9,EXT
2026-04-04 19:00:00,49.55316666666667,41.11233333333334,27.4695,36.42592592592593,16.166666666666668,30.1,973.535,SITE 9,EXT
2026-04-04 20:00:00,40.506166666666665,33.987,22.528333333333332,35.68518518518519,16.22222222222222,31.766666666666666,974.3023333333333,SITE 9,EXT
2026-04-04 21:00:00,45.149833333333326,36.79483333333334,23.841333333333335,35.333333333333336,16.944444444444443,33.833333333333336,974.9639999999999,SITE 9,EXT
2026-04-04 22:00:00,54.649,43.43766666666667,27.754,34.75925925925926,17.51851851851852,36.266666666666666,975.278,SITE 9,EXT
2026-04-04 23:00:00,60.450172413793105,48.25224137931035,31.099999999999998,34.08045977011494,18.35249042145594,39.6551724137931,975.273448275862,SITE 9,EXT
2026-04-05 00:00:00,45.69466666666666,37.15266666666666,24.079166666666666,33.25925925925926,18.370370370370374,41.6,974.8083333333333,SITE 9,EXT
2026-04-05 01:00:00,56.01316666666666,44.75866666666666,28.968166666666665,32.62962962962963,18.87037037037037,44.5,974.231,SITE 9,EXT
2026-04-05 02:00:00,61.655833333333334,48.63216666666666,31.5265,32.2962962962963,18.666666666666668,44.766666666666666,973.5376666666667,SITE 9,EXT
2026-04-05 03:00:00,54.988166666666665,44.116166666666665,28.738833333333332,31.796296296296298,18.75925925925926,46.333333333333336,973.158,SITE 9,EXT
2026-04-05 04:00:00,52.36155172413793,42.23258620689655,27.701206896551724,31.01532567049809,18.371647509578544,47.3448275862069,973.1486206896552,SITE 9,EXT
2026-04-05 05:00:00,52.4985,42.55050000000001,27.942833333333333,30.53703703703704,17.64814814814815,46.36666666666667,973.3996666666667,SITE 9,EXT
2026-04-05 06:00:00,64.335,54.823166666666665,36.30316666666667,30.037037037037035,17.203703703703702,46.6,973.7956666666666,SITE 9,EXT
2026-04-05 07:00:00,72.33500000000001,62.873666666666665,41.618,29.98148148148148,17.01851851851852,46.06666666666667,974.7746666666667,SITE 9,EXT
2026-04-05 08:00:00,42.2785,34.893,22.606166666666663,31.14814814814815,16.85185185185185,42.63333333333333,975.6243333333333,SITE 9,EXT
2026-04-05 09:00:00,37.39431034482759,31.833793103448276,20.8251724137931,33.16091954022989,17.06896551724138,38.48275862068966,975.9296551724137,SITE 9,EXT
2026-04-05 10:00:00,36.698,31.6225,20.817166666666665,34.68518518518519,17.055555555555557,35.36666666666667,975.5669999999999,SITE 9,EXT
2026-04-05 11:00:00,31.883333333333333,28.041999999999998,18.157500000000002,36.537037037037045,17.5,32.8,974.879,SITE 9,EXT
2026-04-05 12:00:00,24.26833333333333,21.243333333333332,13.564833333333333,37.351851851851855,16.14814814814815,28.7,973.936,SITE 9,EXT
2026-04-05 13:00:00,21.211166666666667,18.365166666666667,11.433833333333332,38.24074074074074,13.296296296296298,22.733333333333334,972.6463333333334,SITE 9,EXT
2026-04-05 14:00:00,24.256833333333336,20.891833333333334,12.786,39.01851851851852,12.111111111111112,20.0,971.786,SITE 9,EXT
2026-04-05 15:00:00,23.19965517241379,19.939827586206896,11.532758620689656,39.88505747126437,10.632183908045977,17.310344827586206,971.2203448275861,SITE 9,EXT
2026-04-05 16:00:00,19.872999999999998,17.337833333333332,10.429499999999999,40.0,8.0,14.266666666666667,970.9466666666667,SITE 9,EXT
2026-04-05 17:00:00,20.291333333333334,17.752166666666664,11.309499999999998,39.2962962962963,6.111111111111112,13.066666666666666,970.649,SITE 9,EXT
2026-04-05 18:00:00,34.92066666666666,29.490833333333335,18.951833333333333,38.44444444444445,7.055555555555556,14.533333333333333,970.961,SITE 9,EXT
2026-04-05 19:00:00,122.36083333333333,110.18633333333334,69.27950000000001,37.61111111111111,10.444444444444446,19.433333333333334,971.7199999999999,SITE 9,EXT
2026-04-05 20:00:00,126.0785,115.3625,70.37633333333333,36.092592592592595,14.555555555555555,27.766666666666666,972.3863333333334,SITE 9,EXT
2026-04-05 21:00:00,67.43655172413793,55.361896551724136,35.81275862068965,34.92337164750958,14.904214559386974,30.17241379310345,973.1793103448276,SITE 9,EXT
2026-04-05 22:00:00,74.43900000000001,63.5925,41.167,34.01851851851852,14.703703703703702,31.466666666666665,973.5773333333333,SITE 9,EXT
2026-04-05 23:00:00,71.29016666666666,60.321333333333335,38.72416666666666,33.03703703703704,14.407407407407408,32.56666666666667,973.6053333333333,SITE 9,EXT
2026-04-06 00:00:00,57.214166666666664,45.89216666666666,29.8125,31.90740740740741,13.722222222222223,33.3,973.3346666666667,SITE 9,EXT
2026-04-06 01:00:00,63.1535,50.165166666666664,32.641666666666666,31.018518518518523,13.574074074074074,34.766666666666666,972.712,SITE 9,EXT
2026-04-06 02:00:00,65.99033333333334,53.20666666666667,34.563833333333335,30.35185185185185,13.462962962962964,35.833333333333336,972.1056666666666,SITE 9,EXT
2026-04-06 03:00:00,47.70758620689655,39.077586206896555,25.369655172413793,29.674329501915707,12.969348659003833,36.06896551724138,972.0327586206897,SITE 9,EXT
2026-04-06 04:00:00,49.291000000000004,41.165166666666664,26.715333333333334,29.037037037037035,13.074074074074074,37.666666666666664,972.7053333333333,SITE 9,EXT
2026-04-06 05:00:00,78.65516666666667,66.38816666666666,42.175333333333334,28.87037037037037,12.814814814814815,37.43333333333333,973.5740000000001,SITE 9,EXT
2026-04-06 06:00:00,80.69683333333334,71.04950000000001,46.8435,28.85185185185185,14.166666666666666,40.96666666666667,973.8706666666666,SITE 9,EXT
2026-04-06 07:00:00,86.78866666666666,78.12899999999999,52.040499999999994,28.962962962962965,16.98148148148148,48.733333333333334,975.06,SITE 9,EXT
2026-04-06 08:00:00,46.807758620689654,39.123275862068965,26.21086206896552,30.727969348659006,18.678160919540232,49.06896551724138,975.4920689655172,SITE 9,EXT
2026-04-06 09:00:00,34.84583333333333,31.112166666666667,21.0285,32.611111111111114,19.314814814814817,45.833333333333336,975.6373333333333,SITE 9,EXT
2026-04-06 10:00:00,29.659499999999998,27.608,19.3495,34.37037037037037,19.703703703703702,42.5,975.2986666666667,SITE 9,EXT
2026-04-06 11:00:00,25.37066666666667,23.373333333333335,16.157500000000002,36.24074074074075,17.85185185185185,34.266666666666666,974.6653333333333,SITE 9,EXT
2026-04-06 12:00:00,22.237166666666667,20.220000000000002,13.7955,37.68518518518519,15.722222222222223,27.4,973.783,SITE 9,EXT
2026-04-06 13:00:00,18.811833333333333,17.159166666666668,11.901166666666667,38.7037037037037,14.351851851851851,23.733333333333334,972.8629999999999,SITE 9,EXT
2026-04-06 14:00:00,17.447241379310345,15.831724137931035,10.858965517241378,39.73180076628352,13.333333333333334,20.862068965517242,971.8965517241379,SITE 9,EXT
2026-04-06 15:00:00,16.604166666666668,14.856833333333332,9.834,39.96296296296296,10.777777777777779,17.2,971.25,SITE 9,EXT
2026-04-06 16:00:00,15.6605,13.8065,8.897333333333334,40.0,9.685185185185185,16.033333333333335,970.883,SITE 9,EXT
2026-04-06 17:00:00,22.678333333333335,20.009166666666665,13.142,39.75925925925926,10.518518518518517,17.2,970.9833333333333,SITE 9,EXT
2026-04-06 18:00:00,81.054,71.98516666666666,47.36016666666667,39.05555555555556,12.74074074074074,20.8,971.3916666666667,SITE 9,EXT
2026-04-06 19:00:00,121.105,111.6775,73.25933333333333,37.907407407407405,14.333333333333334,24.666666666666668,972.0360000000001,SITE 9,EXT
2026-04-06 20:00:00,148.18758620689658,136.26206896551724,86.90206896551723,36.99233716475096,15.977011494252874,29.06896551724138,972.675172413793,SITE 9,EXT
2026-04-06 21:00:00,148.31016666666667,136.62216666666666,86.50166666666668,35.92592592592593,16.703703703703706,32.3,973.193,SITE 9,EXT
2026-04-06 22:00:00,87.94083333333333,78.18683333333334,49.8205,35.166666666666664,16.814814814814817,33.8,973.4973333333332,SITE 9,EXT
2026-04-06 23:00:00,82.46866666666666,75.78166666666667,50.121,34.166666666666664,16.666666666666668,35.43333333333333,973.6346666666667,SITE 9,EXT
2026-04-07 00:00:00,74.3185,64.7175,42.916000000000004,33.50000000000001,16.74074074074074,36.86666666666667,973.3066666666667,SITE 9,EXT
2026-04-07 01:00:00,72.17283333333333,61.05316666666667,39.50566666666667,33.092592592592595,16.75925925925926,37.96666666666667,972.6556666666667,SITE 9,EXT
2026-04-07 02:00:00,63.35224137931034,51.58241379310345,33.426206896551726,32.60536398467433,16.992337164750957,39.13793103448276,972.2320689655172,SITE 9,EXT
2026-04-07 03:00:00,48.799166666666665,40.42383333333333,26.875333333333334,32.07407407407407,16.5,39.56666666666667,972.0273333333333,SITE 9,EXT
2026-04-07 04:00:00,43.586666666666666,36.825,24.875833333333333,31.666666666666668,17.51851851851852,43.1,972.6080000000001,SITE 9,EXT
2026-04-07 05:00:00,44.4895,37.55216666666667,25.50583333333333,31.64814814814815,18.722222222222225,46.6,973.1243333333333,SITE 9,EXT
2026-04-07 06:00:00,60.873666666666665,50.81933333333333,34.19916666666666,31.370370370370374,18.87037037037037,47.9,973.643,SITE 9,EXT
2026-04-07 07:00:00,55.40566666666667,45.461999999999996,30.6965,31.90740740740741,20.314814814814817,50.766666666666666,974.4376666666667,SITE 9,EXT
2026-04-07 08:00:00,35.240344827586206,31.692068965517244,21.697758620689655,32.816091954022994,21.26436781609195,50.89655172413793,975.6113793103448,SITE 9,EXT
2026-04-07 09:00:00,33.77066666666666,30.747833333333336,21.305833333333332,34.03703703703704,21.425925925925927,48.1,975.6793333333334,SITE 9,EXT
2026-04-07 10:00:00,32.025666666666666,29.467166666666667,20.4445,35.57407407407407,21.38888888888889,44.06666666666667,975.3123333333333,SITE 9,EXT
2026-04-07 11:00:00,26.344166666666663,24.599,17.567999999999998,37.25925925925926,20.685185185185183,38.43333333333333,974.753,SITE 9,EXT
2026-04-07 12:00:00,23.785666666666668,22.27583333333333,15.887166666666667,38.40740740740741,18.98148148148148,32.6,973.765,SITE 9,EXT
2026-04-07 13:00:00,22.299833333333332,20.7405,14.735166666666666,39.22222222222222,17.203703703703702,27.866666666666667,972.7563333333333,SITE 9,EXT
2026-04-07 14:00:00,21.69,20.119655172413793,14.314137931034484,40.191570881226056,15.804597701149426,24.103448275862068,971.8358620689655,SITE 9,EXT
2026-04-07 15:00:00,21.6995,19.8575,13.814166666666667,40.55555555555556,15.222222222222223,22.8,971.251,SITE 9,EXT
2026-04-07 16:00:00,21.187666666666665,19.108166666666666,13.355500000000001,40.12962962962963,14.38888888888889,21.9,970.499,SITE 9,EXT
2026-04-07 17:00:00,30.771333333333335,27.720666666666666,19.18616666666667,39.44444444444444,15.111111111111112,23.966666666666665,970.8693333333334,SITE 9,EXT
2026-04-07 18:00:00,47.78483333333334,40.285333333333334,27.124833333333335,39.14814814814815,16.314814814814817,26.266666666666666,971.64,SITE 9,EXT
2026-04-07 19:00:00,69.93482758620691,58.58758620689655,38.55637931034483,38.582375478927204,18.045977011494255,30.17241379310345,971.8686206896551,SITE 9,EXT
2026-04-07 20:00:00,71.16583333333332,61.32566666666666,39.893166666666666,37.74074074074074,18.666666666666668,33.06666666666667,972.0956666666666,SITE 9,EXT
2026-04-07 21:00:00,43.762166666666666,36.881,25.354666666666667,37.0,18.40740740740741,33.9,973.1776666666667,SITE 9,EXT
2026-04-07 22:00:00,41.41716666666667,35.33183333333333,24.101499999999998,36.24074074074075,18.62962962962963,35.733333333333334,973.5036666666667,SITE 9,EXT
2026-04-07 23:00:00,38.578833333333336,33.6425,22.911166666666666,35.51851851851852,17.814814814814817,35.43333333333333,973.3303333333333,SITE 9,EXT
2026-04-08 00:00:00,36.318,32.35616666666667,22.090666666666667,35.22222222222222,17.537037037037035,35.233333333333334,973.0423333333333,SITE 9,EXT
2026-04-08 01:00:00,31.477931034482758,29.29206896551724,20.351379310344825,34.04214559386973,17.98850574712644,39.03448275862069,973.1099999999999,SITE 9,EXT
2026-04-08 02:00:00,26.814,25.16916666666667,17.981833333333334,33.12962962962963,18.388888888888893,41.9,972.8366666666666,SITE 9,EXT
2026-04-08 03:00:00,22.570833333333333,21.641000000000002,15.9865,32.62962962962963,18.592592592592595,43.766666666666666,972.7683333333333,SITE 9,EXT
2026-04-08 04:00:00,22.493166666666664,21.562333333333335,16.039333333333335,32.18518518518518,18.61111111111111,44.96666666666667,972.496,SITE 9,EXT
2026-04-08 05:00:00,30.165000000000003,27.891000000000002,19.845833333333335,31.944444444444446,18.592592592592595,45.0,972.6360000000001,SITE 9,EXT
2026-04-08 06:00:00,35.29966666666667,31.619833333333336,21.847166666666666,31.64814814814815,18.31481481481482,45.7,972.697,SITE 9,EXT
2026-04-08 07:00:00,54.71948275862069,47.007241379310344,29.849482758620688,31.551724137931036,18.371647509578544,46.06896551724138,973.4793103448276,SITE 9,EXT
2026-04-08 08:00:00,29.8295,27.825833333333332,19.15666666666667,31.462962962962965,18.518518518518523,46.63333333333333,974.443,SITE 9,EXT
2026-04-08 09:00:00,30.949666666666666,28.747333333333334,19.802833333333336,32.7037037037037,18.425925925925927,43.1,974.4903333333333,SITE 9,EXT
2026-04-08 10:00:00,31.7665,29.349833333333333,20.512166666666666,35.111111111111114,17.944444444444446,36.733333333333334,974.1523333333333,SITE 9,EXT
2026-04-08 11:00:00,28.77716666666667,27.067666666666664,19.184,37.22222222222222,17.666666666666668,31.833333333333332,973.5550000000001,SITE 9,EXT
2026-04-08 12:00:00,27.773965517241383,26.17896551724138,18.715,38.2183908045977,17.049808429118773,28.862068965517242,972.5479310344828,SITE 9,EXT
2026-04-08 13:00:00,25.409,24.073500000000003,17.372166666666665,38.64814814814815,16.166666666666668,26.8,971.2803333333334,SITE 9,EXT
2026-04-08 14:00:00,24.574,23.224833333333333,16.787,40.03703703703704,14.62962962962963,22.366666666666667,970.535,SITE 9,EXT
2026-04-08 15:00:00,22.076666666666664,20.622500000000002,14.850999999999999,40.37037037037037,13.981481481481483,21.0,969.8446666666666,SITE 9,EXT
2026-04-08 16:00:00,22.122666666666664,20.766833333333334,14.815333333333333,40.55555555555556,14.055555555555555,20.9,969.5126666666667,SITE 9,EXT
2026-04-08 17:00:00,23.16637931034483,21.53103448275862,15.433620689655172,40.383141762452105,14.693486590038313,21.96551724137931,969.6903448275863,SITE 9,EXT
2026-04-08 18:00:00,55.020833333333336,46.27766666666666,30.53966666666667,39.61111111111111,15.88888888888889,24.866666666666667,970.4646666666666,SITE 9,EXT
2026-04-08 19:00:00,68.66283333333334,58.092999999999996,36.208,39.0,16.925925925925927,27.633333333333333,970.9493333333334,SITE 9,EXT
2026-04-08 20:00:00,33.91316666666667,30.510666666666665,20.780666666666665,37.75925925925926,17.35185185185185,30.3,971.8066666666667,SITE 9,EXT
2026-04-08 21:00:00,32.2235,29.4745,20.362833333333334,37.148148148148145,17.592592592592595,31.9,972.6053333333333,SITE 9,EXT
2026-04-08 22:00:00,33.36793103448276,30.473275862068967,21.00120689655172,36.60919540229885,18.544061302681992,34.827586206896555,973.3244827586207,SITE 9,EXT
2026-04-08 23:00:00,27.745833333333334,26.022333333333332,18.473000000000003,35.90740740740741,19.388888888888893,38.333333333333336,973.15,SITE 9,EXT
2026-04-09 00:00:00,29.970333333333333,28.23033333333333,19.969833333333334,34.851851851851855,20.555555555555557,43.6,972.6460000000001,SITE 9,EXT
2026-04-09 01:00:00,26.688666666666666,25.324,18.071,33.611111111111114,18.870370370370374,42.06666666666667,972.5446666666667,SITE 9,EXT
2026-04-09 02:00:00,24.1095,22.96066666666667,16.383666666666667,32.51851851851852,17.38888888888889,40.96666666666667,972.8383333333334,SITE 9,EXT
2026-04-09 03:00:00,17.81566666666667,16.67383333333333,11.695166666666667,31.77777777777778,16.555555555555557,40.5,973.026,SITE 9,EXT
2026-04-09 04:00:00,16.586896551724138,15.609137931034482,11.099827586206896,31.666666666666668,16.666666666666668,41.0,972.6465517241379,SITE 9,EXT
2026-04-09 05:00:00,17.40983333333333,16.115166666666667,11.319833333333333,31.388888888888893,16.574074074074073,41.266666666666666,972.3563333333333,SITE 9,EXT
2026-04-09 06:00:00,34.943666666666665,30.950666666666667,20.658,31.092592592592595,16.666666666666668,42.666666666666664,972.5896666666666,SITE 9,EXT
2026-04-09 07:00:00,29.06566666666667,26.547666666666665,17.788833333333333,31.129629629629633,17.22222222222222,43.266666666666666,973.5273333333333,SITE 9,EXT
2026-04-09 08:00:00,22.793166666666664,20.520666666666667,13.477333333333332,31.666666666666668,17.574074074074073,43.0,974.3736666666666,SITE 9,EXT
2026-04-09 09:00:00,19.882241379310347,18.39448275862069,12.721551724137932,32.43295019157088,17.60536398467433,41.44827586206897,974.6837931034482,SITE 9,EXT
2026-04-09 10:00:00,19.764333333333333,18.340833333333332,12.724166666666667,33.12962962962963,17.75925925925926,40.266666666666666,974.6496666666667,SITE 9,EXT
2026-04-09 11:00:00,19.2795,17.934833333333334,12.450333333333333,34.81481481481482,18.14814814814815,37.666666666666664,974.2006666666667,SITE 9,EXT
2026-04-09 12:00:00,18.7595,16.811,11.119166666666667,36.55555555555556,18.185185185185187,34.1,973.1043333333333,SITE 9,EXT
2026-04-09 13:00:00,18.824333333333335,16.984166666666667,11.386833333333334,37.833333333333336,17.90740740740741,31.333333333333332,972.1176666666667,SITE 9,EXT
2026-04-09 14:00:00,18.657333333333334,16.762666666666668,11.095833333333333,38.98148148148149,17.685185185185183,28.9,971.4076666666666,SITE 9,EXT
2026-04-09 15:00:00,17.550862068965518,15.802931034482759,10.44,39.38697318007662,17.586206896551722,28.0,970.9644827586208,SITE 9,EXT
2026-04-09 16:00:00,22.615166666666664,20.302166666666665,13.230166666666666,39.18518518518519,17.37037037037037,27.966666666666665,970.8953333333334,SITE 9,EXT
2026-04-09 17:00:00,32.16133333333333,28.58716666666667,19.227833333333333,38.537037037037045,17.185185185185183,28.6,971.122,SITE 9,EXT
2026-04-09 18:00:00,42.26683333333334,36.24916666666666,23.34,38.092592592592595,17.685185185185183,30.366666666666667,971.378,SITE 9,EXT
2026-04-09 19:00:00,47.63216666666666,39.083333333333336,25.725,37.666666666666664,18.222222222222225,32.166666666666664,972.3146666666667,SITE 9,EXT
2026-04-09 20:00:00,48.333499999999994,39.502500000000005,25.7935,37.2037037037037,18.518518518518523,33.766666666666666,972.982,SITE 9,EXT
2026-04-09 21:00:00,39.127931034482756,33.463793103448275,22.04448275862069,36.57088122605364,19.02298850574713,35.89655172413793,973.5737931034482,SITE 9,EXT
2026-04-09 22:00:00,32.32033333333333,28.783666666666665,19.06883333333333,35.81481481481482,19.185185185185183,37.96666666666667,974.34,SITE 9,EXT
2026-04-09 23:00:00,29.761833333333335,27.12316666666667,18.196166666666667,35.05555555555556,19.12962962962963,39.36666666666667,974.4889999999999,SITE 9,EXT
2026-04-10 00:00:00,27.661166666666666,25.417666666666666,17.09016666666667,34.37037037037037,19.14814814814815,41.233333333333334,974.1193333333334,SITE 9,EXT
2026-04-10 01:00:00,26.030166666666666,24.129,16.318333333333335,33.777777777777786,19.48148148148148,43.333333333333336,973.9636666666667,SITE 9,EXT
2026-04-10 02:00:00,27.927241379310345,26.34051724137931,18.003275862068968,33.333333333333336,19.674329501915707,44.827586206896555,973.7344827586206,SITE 9,EXT
2026-04-10 03:00:00,28.992,27.394166666666667,19.046,32.7962962962963,19.740740740740744,46.53333333333333,973.3996666666667,SITE 9,EXT
2026-04-10 04:00:00,28.788833333333333,27.03933333333333,19.034666666666666,32.57407407407407,20.166666666666668,48.43333333333333,973.2813333333332,SITE 9,EXT
2026-04-10 05:00:00,40.722166666666666,36.86183333333334,24.458333333333332,32.2037037037037,20.01851851851852,49.56666666666667,973.6196666666667,SITE 9,EXT
2026-04-10 06:00:00,59.61016666666667,50.94216666666667,32.888333333333335,32.22222222222222,20.222222222222225,49.766666666666666,973.8080000000001,SITE 9,EXT
2026-04-10 07:00:00,39.961,34.70466666666667,23.3075,32.388888888888886,20.166666666666668,49.333333333333336,974.0669999999999,SITE 9,EXT
2026-04-10 08:00:00,29.785,27.715862068965517,19.061379310344826,32.87356321839081,19.808429118773947,46.3448275862069,974.5131034482758,SITE 9,EXT
2026-04-10 09:00:00,34.394999999999996,30.34466666666667,20.398500000000002,33.53703703703704,19.314814814814817,43.43333333333333,974.774,SITE 9,EXT
2026-04-10 10:00:00,26.664166666666667,24.287333333333333,16.077,34.72222222222222,18.90740740740741,39.7,974.7333333333333,SITE 9,EXT
2026-04-10 11:00:00,24.37683333333333,22.17983333333333,14.708,36.18518518518519,19.01851851851852,36.63333333333333,974.0616666666666,SITE 9,EXT
2026-04-10 12:00:00,23.4125,21.1085,13.974333333333334,37.88888888888889,18.90740740740741,33.3,973.316,SITE 9,EXT
2026-04-10 13:00:00,21.431333333333335,18.853,11.816833333333333,38.88888888888889,18.12962962962963,30.033333333333335,972.1703333333334,SITE 9,EXT
2026-04-10 14:00:00,21.555344827586207,18.796206896551727,11.455,39.559386973180075,17.75862068965517,27.96551724137931,971.3086206896552,SITE 9,EXT
2026-04-10 15:00:00,22.5185,19.21333333333333,11.467666666666666,40.333333333333336,17.48148148148148,26.5,970.605,SITE 9,EXT
2026-04-10 16:00:00,31.744615384615386,26.913846153846155,16.66846153846154,39.18803418803419,18.41880341880342,29.923076923076923,970.4215384615384,SITE 9,EXT
2026-04-10 18:00:00,32.7892,28.5452,18.079,33.37777777777778,18.622222222222224,42.04,971.5752,SITE 9,EXT
2026-04-10 19:00:00,33.60107142857143,29.454285714285714,18.49125,34.08730158730159,18.055555555555557,39.07142857142857,972.1332142857143,SITE 9,EXT
2026-04-10 20:00:00,25.14173076923077,22.614615384615384,14.320961538461537,33.782051282051285,18.333333333333336,40.34615384615385,972.9011538461539,SITE 9,EXT
2026-04-10 21:00:00,25.4705,22.352166666666665,13.38,33.074074074074076,20.85185185185185,49.06666666666667,973.883,SITE 9,EXT
2026-04-10 22:00:00,25.907833333333333,22.965833333333332,14.454333333333333,32.74074074074074,21.333333333333332,51.5,974.697,SITE 9,EXT
2026-04-10 23:00:00,35.867,30.737166666666667,19.693833333333334,32.75925925925926,21.074074074074076,50.56666666666667,974.5956666666666,SITE 9,EXT
2026-04-11 00:00:00,30.5745,26.528000000000002,16.8935,32.5,19.77777777777778,47.333333333333336,974.1453333333334,SITE 9,EXT
2026-04-11 01:00:00,22.029833333333332,19.75316666666667,12.023,32.22222222222222,20.055555555555554,49.1,973.5676666666666,SITE 9,EXT
2026-04-11 02:00:00,24.58189655172414,21.826551724137932,13.934655172413795,32.20306513409962,20.45977011494253,50.0,973.0186206896552,SITE 9,EXT
2026-04-11 03:00:00,18.88,16.92,10.975833333333332,31.666666666666668,20.388888888888893,51.733333333333334,972.993,SITE 9,EXT
2026-04-11 04:00:00,27.873166666666666,24.8075,15.283166666666666,31.592592592592595,20.48148148148148,51.96666666666667,973.3333333333334,SITE 9,EXT
2026-04-11 05:00:00,33.9165,29.7525,19.32133333333333,31.574074074074076,20.555555555555557,52.63333333333333,974.1313333333333,SITE 9,EXT
2026-04-11 06:00:00,45.75416666666667,38.29566666666666,24.976333333333333,31.092592592592595,20.518518518518523,53.43333333333333,974.6096666666667,SITE 9,EXT
2026-04-11 07:00:00,42.05533333333334,35.6885,23.331333333333337,31.296296296296298,20.740740740740744,54.0,975.1196666666667,SITE 9,EXT
2026-04-11 08:00:00,35.31293103448276,31.612241379310344,21.393620689655172,31.704980842911876,20.862068965517242,53.275862068965516,975.8875862068966,SITE 9,EXT
2026-04-11 09:00:00,28.417666666666666,26.657666666666668,18.538999999999998,32.388888888888886,21.12962962962963,52.06666666666667,976.231,SITE 9,EXT
2026-04-11 10:00:00,22.656,21.367166666666666,15.090833333333334,33.92592592592593,21.314814814814817,48.2,976.0003333333333,SITE 9,EXT
2026-04-11 11:00:00,19.8835,18.817166666666665,13.5035,35.24074074074074,21.25925925925926,44.4,975.1226666666666,SITE 9,EXT
2026-04-11 12:00:00,19.341833333333334,18.2235,13.1685,36.44444444444445,21.092592592592595,41.266666666666666,973.9403333333333,SITE 9,EXT
2026-04-11 13:00:00,17.370172413793103,16.104655172413793,11.315172413793103,37.39463601532567,20.613026819923373,38.13793103448276,972.658275862069,SITE 9,EXT
2026-04-11 14:00:00,17.17716666666667,15.934666666666667,10.982666666666667,37.77777777777778,20.53703703703704,36.86666666666667,971.8463333333333,SITE 9,EXT
2026-04-11 15:00:00,17.639166666666664,16.162,11.0355,38.18518518518519,20.11111111111111,35.1,971.1156666666667,SITE 9,EXT
2026-04-11 16:00:00,19.529166666666665,17.469333333333335,11.414333333333333,38.2962962962963,19.40740740740741,33.5,970.6806666666666,SITE 9,EXT
2026-04-11 17:00:00,25.236833333333333,22.437666666666665,14.143166666666668,38.07407407407407,19.370370370370374,33.86666666666667,970.3953333333334,SITE 9,EXT
2026-04-11 18:00:00,39.0565,32.9575,21.385666666666665,37.44444444444444,19.12962962962963,34.43333333333333,970.8349999999999,SITE 9,EXT
2026-04-11 19:00:00,43.8748275862069,36.73896551724138,24.44344827586207,36.81992337164751,20.28735632183908,38.48275862068966,971.6162068965517,SITE 9,EXT
2026-04-11 20:00:00,33.39642857142857,29.21404761904762,18.852619047619047,36.03174603174604,20.343915343915345,40.666666666666664,973.0480952380951,SITE 9,EXT
2026-04-11 21:00:00,11.828,10.184000000000001,5.975,29.22222222222222,18.888888888888893,55.2,974.408,SITE 9,EXT
2026-04-11 22:00:00,12.592758620689654,11.062413793103449,6.824137931034483,28.773946360153257,19.482758620689655,58.06896551724138,975.4624137931035,SITE 9,EXT
2026-04-11 23:00:00,12.140333333333333,10.485833333333334,6.2885,29.833333333333332,19.333333333333332,53.86666666666667,975.0273333333333,SITE 9,EXT
2026-04-12 00:00:00,8.732,7.540666666666667,4.533666666666666,28.722222222222225,19.222222222222225,57.06666666666667,975.0786666666667,SITE 9,EXT
2026-04-12 01:00:00,8.495,7.394333333333334,4.503333333333333,27.75925925925926,19.296296296296298,60.2,975.179,SITE 9,EXT
2026-04-12 02:00:00,7.373666666666667,6.449833333333333,3.9753333333333334,27.833333333333336,19.77777777777778,62.266666666666666,974.8353333333333,SITE 9,EXT
2026-04-12 03:00:00,6.277708333333333,5.385416666666667,3.279583333333333,27.662037037037038,19.62962962962963,61.958333333333336,974.6391666666667,SITE 9,EXT
2026-04-12 04:00:00,6.728166666666667,5.932166666666666,3.5895,27.77777777777778,19.444444444444446,60.766666666666666,974.9413333333334,SITE 9,EXT
2026-04-12 05:00:00,18.7465,17.087666666666667,11.011666666666667,27.444444444444446,19.314814814814817,61.53333333333333,975.1256666666667,SITE 9,EXT
2026-04-12 06:00:00,19.566379310344825,18.31051724137931,12.407241379310346,27.413793103448278,19.616858237547895,63.10344827586207,974.8741379310344,SITE 9,EXT
2026-04-12 07:00:00,28.57316666666667,26.125833333333333,17.551166666666667,27.796296296296298,19.462962962962965,60.8,975.056,SITE 9,EXT
2026-04-12 08:00:00,23.6345,21.974333333333334,14.5625,28.666666666666668,19.296296296296298,57.3,975.319,SITE 9,EXT
2026-04-12 09:00:00,18.181500000000003,16.708666666666666,10.646333333333333,29.62962962962963,19.185185185185183,53.86666666666667,975.3633333333333,SITE 9,EXT
2026-04-12 10:00:00,10.808166666666667,9.628333333333334,6.2171666666666665,31.333333333333332,18.62962962962963,47.233333333333334,975.1566666666666,SITE 9,EXT
2026-04-12 11:00:00,10.606666666666666,9.376333333333333,5.769833333333334,32.611111111111114,18.75925925925926,44.166666666666664,975.0726666666667,SITE 9,EXT
2026-04-12 12:00:00,5.499137931034483,4.776206896551724,2.904310344827586,33.69731800766284,17.950191570881227,39.48275862068966,974.1279310344827,SITE 9,EXT
2026-04-12 13:00:00,5.472833333333333,4.708333333333333,2.820666666666667,35.24074074074074,18.03703703703704,36.4,972.6543333333334,SITE 9,EXT
2026-04-12 14:00:00,7.465333333333334,6.4544999999999995,4.0103333333333335,36.7037037037037,18.40740740740741,34.46666666666667,971.3853333333334,SITE 9,EXT
2026-04-12 15:00:00,7.132833333333334,6.031666666666667,3.5686666666666667,37.22222222222222,18.01851851851852,32.43333333333333,970.5876666666667,SITE 9,EXT
2026-04-12 16:00:00,8.160166666666667,7.033,4.2796666666666665,37.72222222222222,17.98148148148148,31.866666666666667,970.2620000000001,SITE 9,EXT
2026-04-12 17:00:00,15.035,13.251724137931035,8.638103448275862,37.394636015325666,17.950191570881227,32.241379310344826,970.438275862069,SITE 9,EXT
2026-04-12 18:00:00,46.349666666666664,39.857166666666664,25.759833333333333,36.66666666666667,18.888888888888893,35.5,970.9196666666667,SITE 9,EXT
2026-04-12 19:00:00,68.5795,60.3595,41.1925,36.18518518518519,19.240740740740744,37.43333333333333,971.7213333333333,SITE 9,EXT
2026-04-12 20:00:00,67.93366666666667,56.508,38.73166666666667,35.22222222222222,19.796296296296298,40.63333333333333,971.918,SITE 9,EXT
2026-04-12 21:00:00,40.470666666666666,34.9365,23.374000000000002,34.57407407407407,19.796296296296298,42.13333333333333,972.5153333333333,SITE 9,EXT
2026-04-12 22:00:00,29.983620689655172,27.167758620689657,18.16241379310345,33.429118773946364,20.53639846743295,47.172413793103445,973.0458620689656,SITE 9,EXT
2026-04-12 23:00:00,46.22516666666666,38.42216666666666,24.575166666666668,33.05555555555556,21.037037037037035,49.56666666666667,972.9866666666666,SITE 9,EXT
2026-04-13 00:00:00,48.573499999999996,40.154,25.798833333333334,33.12962962962963,21.462962962962965,50.96666666666667,972.3953333333334,SITE 9,EXT
2026-04-13 01:00:00,48.49433333333333,40.1485,26.151333333333334,32.57407407407407,21.88888888888889,53.96666666666667,971.91,SITE 9,EXT
2026-04-13 02:00:00,44.544666666666664,37.51566666666667,24.709999999999997,32.2037037037037,21.74074074074074,54.46666666666667,971.1763333333333,SITE 9,EXT
2026-04-13 03:00:00,36.4465,32.2155,21.297166666666666,32.22222222222222,21.685185185185183,54.266666666666666,970.6726666666667,SITE 9,EXT
2026-04-13 04:00:00,27.95310344827586,25.464137931034482,17.083793103448276,31.724137931034484,20.881226053639846,53.06896551724138,970.8206896551724,SITE 9,EXT
2026-04-13 05:00:00,33.73916666666666,30.199666666666666,20.437,31.148148148148152,20.518518518518523,53.6,971.126,SITE 9,EXT
2026-04-13 06:00:00,53.96783333333333,45.86466666666667,31.11483333333333,31.092592592592595,20.722222222222225,54.4,971.596,SITE 9,EXT
2026-04-13 07:00:00,54.403,45.4445,30.020833333333332,31.703703703703702,20.14814814814815,50.833333333333336,971.8449999999999,SITE 9,EXT
2026-04-13 08:00:00,29.7525,26.416,16.822333333333333,32.666666666666664,20.333333333333332,48.36666666666667,972.258,SITE 9,EXT
2026-04-13 09:00:00,23.856333333333335,20.841333333333335,12.769833333333333,33.98148148148148,20.555555555555557,45.833333333333336,972.372,SITE 9,EXT
2026-04-13 10:00:00,20.018793103448274,17.561034482758622,11.00206896551724,35.421455938697314,19.808429118773947,40.206896551724135,972.0803448275863,SITE 9,EXT
2026-04-13 11:00:00,15.010833333333332,13.048666666666666,7.9751666666666665,36.14814814814815,18.814814814814817,36.233333333333334,971.461,SITE 9,EXT
2026-04-13 12:00:00,12.678166666666668,10.992833333333333,6.7825,37.48148148148149,17.87037037037037,31.733333333333334,970.7513333333334,SITE 9,EXT
2026-04-13 13:00:00,10.852833333333333,9.3925,5.7475000000000005,38.38888888888889,17.574074074074073,29.633333333333333,969.7433333333333,SITE 9,EXT
2026-04-13 14:00:00,10.539666666666667,8.815333333333333,5.100833333333333,39.48148148148148,16.62962962962963,26.433333333333334,968.8520000000001,SITE 9,EXT
2026-04-13 15:00:00,11.02948275862069,9.127241379310345,5.193448275862069,39.46360153256705,15.78544061302682,24.96551724137931,967.8972413793103,SITE 9,EXT
2026-04-13 16:00:00,13.653833333333333,11.733833333333333,7.3475,39.48148148148148,16.22222222222222,25.8,967.24,SITE 9,EXT
2026-04-13 17:00:00,20.78983333333333,18.277833333333334,12.061,39.166666666666664,16.64814814814815,26.7,967.1923333333333,SITE 9,EXT
2026-04-13 18:00:00,53.32616666666667,44.103833333333334,28.910500000000003,38.74074074074075,17.425925925925927,28.866666666666667,967.8786666666667,SITE 9,EXT
2026-04-13 19:00:00,69.1245,58.650666666666666,39.72233333333334,38.14814814814815,18.296296296296298,31.733333333333334,969.0823333333334,SITE 9,EXT
2026-04-13 20:00:00,54.176,44.33683333333333,29.415666666666667,37.48148148148148,19.314814814814817,34.96666666666667,970.2303333333333,SITE 9,EXT
2026-04-13 21:00:00,31.614310344827587,28.264482758620687,18.715862068965517,36.590038314176255,20.057471264367816,38.51724137931034,970.6593103448275,SITE 9,EXT
2026-04-13 22:00:00,29.14333333333333,26.412166666666668,17.615666666666666,35.777777777777786,20.0,40.36666666666667,971.4,SITE 9,EXT
2026-04-13 23:00:00,30.299833333333332,26.86866666666667,17.956000000000003,35.0,19.685185185185183,41.266666666666666,971.3966666666668,SITE 9,EXT
2026-04-14 00:00:00,20.617,18.519166666666667,12.1205,34.35185185185185,19.962962962962965,43.1,970.9110000000001,SITE 9,EXT
2026-04-14 01:00:00,18.933666666666667,16.801166666666667,10.987,33.66666666666667,20.01851851851852,45.03333333333333,970.9296666666667,SITE 9,EXT
2026-04-14 02:00:00,12.210172413793103,10.750862068965516,6.824310344827587,32.816091954022994,19.597701149425287,46.206896551724135,970.96,SITE 9,EXT
2026-04-14 03:00:00,12.195166666666667,10.672166666666667,6.617999999999999,31.444444444444446,20.314814814814817,52.43333333333333,970.7473333333332,SITE 9,EXT
2026-04-14 04:00:00,13.496333333333332,11.905,7.753333333333333,30.592592592592595,20.185185185185183,54.56666666666667,970.857,SITE 9,EXT
2026-04-14 05:00:00,19.117833333333333,17.64333333333333,12.072166666666668,30.518518518518523,19.962962962962965,53.9,971.224,SITE 9,EXT
2026-04-14 06:00:00,16.94633333333333,15.820333333333334,10.938833333333333,30.53703703703704,19.98148148148148,53.266666666666666,972.6363333333334,SITE 9,EXT
2026-04-14 07:00:00,17.53933333333333,16.458166666666667,11.558833333333332,30.740740740740744,19.814814814814817,52.733333333333334,973.2816666666666,SITE 9,EXT
2026-04-14 08:00:00,18.89810344827586,17.754827586206897,12.21206896551724,31.206896551724142,19.597701149425287,50.51724137931034,973.9668965517242,SITE 9,EXT
2026-04-14 09:00:00,19.398666666666667,18.389333333333333,12.271666666666667,31.814814814814817,19.425925925925927,48.5,974.4546666666666,SITE 9,EXT
2026-04-14 10:00:00,15.759333333333332,14.694166666666666,9.879333333333333,32.88888888888889,19.592592592592595,45.666666666666664,974.9486666666667,SITE 9,EXT
2026-04-14 11:00:00,13.937333333333333,13.088333333333333,8.765333333333333,34.18518518518519,19.40740740740741,42.13333333333333,974.4783333333332,SITE 9,EXT
2026-04-14 12:00:00,10.743833333333333,9.944666666666667,6.708666666666667,34.98148148148148,18.962962962962965,39.13333333333333,973.7946666666667,SITE 9,EXT
2026-04-14 13:00:00,9.344833333333334,8.6215,5.9271666666666665,35.37037037037037,19.25925925925926,39.06666666666667,972.8506666666667,SITE 9,EXT
2026-04-14 14:00:00,9.31482142857143,8.409285714285714,5.8082142857142856,36.07142857142858,19.424603174603174,37.892857142857146,972.0578571428571,SITE 9,EXT
2026-04-14 15:00:00,14.622333333333334,13.520666666666667,9.33,35.7037037037037,19.40740740740741,38.666666666666664,971.463,SITE 9,EXT
2026-04-14 16:00:00,16.369166666666665,15.347000000000001,10.873166666666666,34.88888888888889,19.388888888888893,40.5,971.0786666666667,SITE 9,EXT
2026-04-14 17:00:00,21.0375,19.799666666666667,13.9005,34.44444444444444,19.740740740740744,42.3,971.0986666666666,SITE 9,EXT
2026-04-14 18:00:00,40.2101724137931,35.01086206896552,23.356206896551726,33.9080459770115,20.210727969348657,45.03448275862069,971.568275862069,SITE 9,EXT
2026-04-14 19:00:00,38.82033333333334,34.341,23.373833333333334,33.333333333333336,19.87037037037037,45.8,972.4860000000001,SITE 9,EXT
2026-04-14 20:00:00,26.925666666666665,25.169666666666668,17.057833333333335,32.88888888888889,19.722222222222225,46.2,973.1283333333333,SITE 9,EXT
2026-04-14 21:00:00,25.170166666666667,23.200166666666668,15.835666666666667,32.2037037037037,19.814814814814817,48.46666666666667,973.6139999999999,SITE 9,EXT
2026-04-14 22:00:00,26.609333333333332,24.03216666666667,16.012666666666668,31.666666666666668,19.462962962962965,48.86666666666667,973.8726666666666,SITE 9,EXT
2026-04-14 23:00:00,38.86233333333334,33.70483333333333,21.697666666666667,31.27777777777778,19.722222222222225,50.6,973.5423333333333,SITE 9,EXT
2026-04-15 00:00:00,28.241724137931033,25.576551724137932,16.728275862068966,30.536398467432953,19.980842911877396,54.13793103448276,972.9948275862068,SITE 9,EXT
2026-04-15 01:00:00,44.160666666666664,37.195,23.044500000000003,30.314814814814817,20.185185185185183,54.9,972.2693333333334,SITE 9,EXT
2026-04-15 02:00:00,42.46366666666667,35.791000000000004,22.178,30.5,20.5,55.4,971.6923333333333,SITE 9,EXT
2026-04-15 03:00:00,36.274833333333326,31.929,20.378333333333334,30.0,20.425925925925927,56.8,971.6366666666667,SITE 9,EXT
2026-04-15 04:00:00,31.3095,28.726,18.845000000000002,30.0,20.555555555555557,58.0,971.939,SITE 9,EXT
2026-04-15 05:00:00,35.320517241379314,31.93655172413793,21.8698275862069,29.82758620689655,20.90038314176245,58.93103448275862,972.1782758620689,SITE 9,EXT
2026-04-15 06:00:00,60.24483333333333,51.11816666666667,35.176833333333335,29.62962962962963,20.740740740740744,59.0,972.503,SITE 9,EXT
2026-04-15 07:00:00,64.00066666666666,53.1295,36.166666666666664,30.185185185185183,20.98148148148148,58.233333333333334,973.1396666666666,SITE 9,EXT
2026-04-15 08:00:00,68.6715,57.91816666666667,39.92216666666666,31.388888888888893,21.185185185185183,55.06666666666667,973.744,SITE 9,EXT
2026-04-15 09:00:00,56.207166666666666,46.626999999999995,31.848666666666666,33.01851851851852,20.5,48.3,973.6786666666667,SITE 9,EXT
2026-04-15 10:00:00,29.804333333333332,27.464499999999997,19.193499999999997,34.64814814814815,18.592592592592595,39.03333333333333,973.4416666666667,SITE 9,EXT
2026-04-15 11:00:00,24.986724137931034,23.75810344827586,16.83896551724138,36.18773946360154,17.471264367816094,33.41379310344828,972.8703448275861,SITE 9,EXT
2026-04-15 12:00:00,19.907,18.388333333333332,12.6285,37.25925925925926,16.203703703703706,28.833333333333332,971.8286666666667,SITE 9,EXT
2026-04-15 13:00:00,14.517962962962963,12.922777777777778,8.422407407407407,38.35390946502058,15.74074074074074,26.48148148148148,970.5166666666667,SITE 9,EXT
2026-04-15 14:00:00,12.971166666666667,11.237666666666666,7.051166666666666,39.57407407407407,13.907407407407408,21.9,969.5846666666667,SITE 9,EXT
2026-04-15 15:00:00,12.402333333333333,10.580166666666665,6.411666666666666,40.0,12.037037037037038,18.833333333333332,969.0746666666668,SITE 9,EXT
2026-04-15 16:00:00,15.575689655172413,13.517241379310345,8.134137931034484,39.808429118773944,11.877394636015326,18.896551724137932,968.6979310344828,SITE 9,EXT
2026-04-15 17:00:00,28.017999999999997,23.8635,15.014000000000001,39.53703703703704,12.296296296296298,19.7,968.7093333333333,SITE 9,EXT
2026-04-15 18:00:00,69.841,60.93833333333334,40.251333333333335,38.611111111111114,13.481481481481483,22.4,969.2326666666667,SITE 9,EXT
2026-04-15 19:00:00,104.1015,96.29366666666667,61.60633333333333,37.92592592592593,16.11111111111111,27.9,969.9083333333333,SITE 9,EXT
2026-04-15 20:00:00,134.918,126.71583333333334,81.73733333333332,36.98148148148149,18.703703703703706,34.53333333333333,970.3413333333334,SITE 9,EXT
2026-04-15 21:00:00,102.98883333333333,95.93466666666667,63.154833333333336,35.833333333333336,18.555555555555557,36.36666666666667,970.865,SITE 9,EXT
2026-04-15 22:00:00,69.49672413793104,59.47844827586207,38.98379310344828,35.15325670498084,18.42911877394636,37.44827586206897,971.3431034482759,SITE 9,EXT
2026-04-15 23:00:00,74.395,63.5705,40.517833333333336,34.88888888888889,18.555555555555557,38.3,971.4060000000001,SITE 9,EXT
2026-04-16 00:00:00,48.321333333333335,40.19416666666667,26.69833333333333,34.111111111111114,18.166666666666668,39.13333333333333,970.9256666666666,SITE 9,EXT
2026-04-16 01:00:00,27.974,26.041166666666665,17.965833333333332,33.74074074074074,17.425925925925927,38.233333333333334,970.27,SITE 9,EXT
2026-04-16 02:00:00,24.6555,23.102833333333333,16.111833333333333,33.333333333333336,17.944444444444446,40.1,969.8926666666666,SITE 9,EXT
2026-04-16 03:00:00,21.102931034482758,19.84258620689655,13.977586206896552,32.8544061302682,18.409961685823756,42.6551724137931,969.4248275862069,SITE 9,EXT
2026-04-16 04:00:00,21.499000000000002,20.24116666666667,14.199833333333334,32.388888888888886,18.814814814814817,44.8,969.515,SITE 9,EXT
2026-04-16 05:00:00,29.78166666666667,27.574666666666666,19.158333333333335,32.2037037037037,18.98148148148148,46.06666666666667,970.1943333333334,SITE 9,EXT
2026-04-16 06:00:00,56.60783333333333,48.492,32.2735,31.87037037037037,19.092592592592595,47.03333333333333,971.0336666666667,SITE 9,EXT
2026-04-16 07:00:00,43.95758620689655,37.11603448275862,24.894137931034482,32.490421455938694,19.42528735632184,46.58620689655172,971.66,SITE 9,EXT
2026-04-16 08:00:00,21.079333333333334,19.9085,14.120333333333333,33.351851851851855,19.40740740740741,44.333333333333336,972.3403333333333,SITE 9,EXT
2026-04-16 09:00:00,17.223166666666664,16.161833333333334,11.566166666666668,34.407407407407405,19.64814814814815,42.2,972.5633333333334,SITE 9,EXT
2026-04-16 10:00:00,16.357,15.447166666666668,11.073333333333332,35.72222222222222,19.51851851851852,39.13333333333333,972.5836666666667,SITE 9,EXT
2026-04-16 11:00:00,16.341551724137933,15.123793103448275,10.655344827586207,37.20306513409962,18.639846743295017,34.206896551724135,971.9727586206897,SITE 9,EXT
2026-04-16 12:00:00,17.844833333333334,16.418333333333333,11.495333333333333,38.537037037037045,17.574074074074076,29.5,970.9893333333333,SITE 9,EXT
2026-04-16 13:00:00,15.669666666666666,14.198833333333335,9.661166666666666,39.111111111111114,16.59259259259259,26.7,969.841,SITE 9,EXT
2026-04-16 14:00:00,14.815666666666667,13.193000000000001,8.889000000000001,40.092592592592595,15.925925925925926,24.3,968.8009999999999,SITE 9,EXT
2026-04-16 15:00:00,14.645833333333334,13.136333333333333,8.739333333333333,40.01851851851852,15.592592592592593,23.966666666666665,968.0306666666667,SITE 9,EXT
2026-04-16 16:00:00,16.6535,14.446833333333334,8.980166666666666,40.31481481481482,13.88888888888889,21.166666666666668,967.6346666666667,SITE 9,EXT
2026-04-16 17:00:00,20.138448275862068,18.16,11.945344827586208,40.0,13.735632183908047,21.17241379310345,967.6099999999999,SITE 9,EXT
2026-04-16 18:00:00,35.11233333333333,30.385166666666667,19.866,39.38888888888889,15.462962962962964,24.533333333333335,968.027,SITE 9,EXT
2026-04-16 19:00:00,73.93366666666667,63.87533333333333,40.17916666666667,38.62962962962963,16.944444444444443,28.1,968.784,SITE 9,EXT
2026-04-16 20:00:00,78.59833333333333,70.21016666666667,46.7145,38.01851851851852,17.592592592592595,30.266666666666666,969.431,SITE 9,EXT
2026-04-16 21:00:00,108.396,100.85116666666666,63.8475,36.907407407407405,18.333333333333332,33.96666666666667,970.0046666666666,SITE 9,EXT
2026-04-16 22:00:00,112.96741379310345,101.26982758620689,59.00482758620689,36.09195402298851,17.796934865900383,34.37931034482759,970.458275862069,SITE 9,EXT
2026-04-16 23:00:00,68.24216666666668,55.1175,35.522333333333336,35.44444444444445,18.14814814814815,36.36666666666667,970.4983333333333,SITE 9,EXT
2026-04-17 00:00:00,66.1715,53.314,35.5595,34.25925925925926,18.48148148148148,39.43333333333333,970.1246666666667,SITE 9,EXT
2026-04-17 01:00:00,53.19616666666666,43.69283333333333,29.5075,33.88888888888889,19.444444444444446,42.766666666666666,969.5196666666667,SITE 9,EXT
2026-04-17 02:00:00,39.071000000000005,34.0405,23.222833333333334,33.611111111111114,18.944444444444446,42.2,968.7783333333333,SITE 9,EXT
2026-04-17 03:00:00,27.78,26.112241379310344,18.47344827586207,33.29501915708813,19.118773946360154,43.689655172413794,968.2841379310346,SITE 9,EXT
2026-04-17 04:00:00,25.401666666666664,23.994833333333336,16.949,32.851851851851855,19.518518518518523,45.833333333333336,968.5476666666667,SITE 9,EXT
2026-04-17 05:00:00,34.180166666666665,30.919166666666666,21.500666666666667,32.53703703703704,19.944444444444446,47.666666666666664,968.9833333333333,SITE 9,EXT
2026-04-17 06:00:00,62.38616666666667,54.338499999999996,36.275,31.666666666666668,20.01851851851852,50.8,970.2756666666667,SITE 9,EXT
2026-04-17 07:00:00,59.24616666666667,48.14833333333333,32.263999999999996,32.46296296296296,20.40740740740741,49.3,971.1433333333333,SITE 9,EXT
2026-04-17 08:00:00,33.86683333333333,30.767166666666665,21.421333333333333,33.53703703703704,20.685185185185183,47.63333333333333,971.5673333333333,SITE 9,EXT
2026-04-17 09:00:00,29.987068965517242,28.153275862068966,20.04603448275862,34.770114942528735,21.091954022988503,45.13793103448276,971.7944827586207,SITE 9,EXT
2026-04-17 10:00:00,29.686666666666667,28.095666666666666,20.14333333333333,36.12962962962963,21.092592592592595,41.93333333333333,971.5583333333333,SITE 9,EXT
2026-04-17 11:00:00,29.433833333333332,27.431500000000003,19.363833333333332,37.166666666666664,19.240740740740744,35.36666666666667,970.9653333333333,SITE 9,EXT
2026-04-17 12:00:00,29.4485,26.757166666666667,18.088,38.48148148148149,17.14814814814815,28.733333333333334,970.081,SITE 9,EXT
2026-04-17 13:00:00,28.801333333333332,25.9285,17.352833333333333,39.666666666666664,16.296296296296298,25.533333333333335,968.7013333333333,SITE 9,EXT
2026-04-17 14:00:00,25.861896551724136,23.17206896551724,15.323793103448276,40.82375478927203,16.091954022988507,23.551724137931036,967.4731034482759,SITE 9,EXT
2026-04-17 15:00:00,23.837,21.310333333333336,14.017833333333332,40.53703703703704,15.425925925925927,23.0,966.7063333333333,SITE 9,EXT
2026-04-17 16:00:00,24.3905,21.356333333333335,13.439833333333333,40.44444444444445,14.648148148148149,21.9,966.224,SITE 9,EXT
2026-04-17 17:00:00,34.486999999999995,29.572666666666667,18.3475,39.77777777777778,14.685185185185185,22.866666666666667,966.1243333333333,SITE 9,EXT
2026-04-17 18:00:00,62.000499999999995,53.8515,35.201,39.14814814814815,14.685185185185185,23.633333333333333,966.379,SITE 9,EXT
2026-04-17 19:00:00,70.53586206896551,59.673793103448276,39.270172413793105,38.601532567049816,16.590038314176248,27.517241379310345,967.4455172413792,SITE 9,EXT
2026-04-17 20:00:00,61.158,48.88466666666667,32.436,38.05555555555556,17.75925925925926,30.766666666666666,968.564,SITE 9,EXT
2026-04-17 21:00:00,50.42366666666667,41.31966666666666,27.561833333333333,36.92592592592593,19.203703703703706,35.5,969.2646666666666,SITE 9,EXT
2026-04-17 22:00:00,73.07400000000001,65.6795,36.26883333333333,36.22222222222222,19.40740740740741,37.46666666666667,969.6196666666667,SITE 9,EXT
2026-04-17 23:00:00,116.631,104.60333333333332,59.62316666666666,35.90740740740741,19.87037037037037,39.233333333333334,970.0490000000001,SITE 9,EXT
2026-04-18 00:00:00,42.96033333333333,36.644666666666666,23.817166666666665,35.18518518518519,19.62962962962963,40.8,969.7113333333333,SITE 9,EXT
2026-04-18 01:00:00,28.089310344827588,25.78896551724138,17.474137931034484,34.59770114942528,19.52107279693487,41.241379310344826,969.0586206896552,SITE 9,EXT
2026-04-18 02:00:00,25.523833333333336,23.470000000000002,16.224333333333334,34.111111111111114,19.40740740740741,42.4,968.5493333333333,SITE 9,EXT
2026-04-18 03:00:00,27.058666666666667,24.862833333333334,17.083833333333335,33.72222222222222,19.666666666666668,43.93333333333333,968.36,SITE 9,EXT
2026-04-18 04:00:00,30.1155,27.746166666666667,19.073333333333334,33.01851851851852,19.925925925925927,46.56666666666667,968.5976666666667,SITE 9,EXT
2026-04-18 05:00:00,34.10816666666667,30.699666666666666,21.132333333333335,32.407407407407405,20.185185185185183,49.0,969.0543333333334,SITE 9,EXT
2026-04-18 06:00:00,32.517758620689655,29.608275862068965,20.46706896551724,31.896551724137932,19.789272030651343,49.310344827586206,969.3644827586206,SITE 9,EXT
2026-04-18 07:00:00,27.198333333333334,25.178166666666666,17.467666666666666,31.925925925925927,19.27777777777778,47.56666666666667,969.5296666666667,SITE 9,EXT
2026-04-18 08:00:00,20.991666666666667,19.869833333333336,14.167333333333334,32.592592592592595,19.666666666666668,46.7,970.457,SITE 9,EXT
2026-04-18 09:00:00,18.412666666666667,17.416166666666665,12.59,34.0,20.074074074074073,44.3,971.0483333333334,SITE 9,EXT
2026-04-18 10:00:00,20.362000000000002,19.355999999999998,14.049333333333333,35.5,20.27777777777778,41.36666666666667,971.1143333333333,SITE 9,EXT
2026-04-18 11:00:00,19.499666666666666,18.298000000000002,13.248333333333333,37.03703703703704,20.296296296296298,38.0,970.4926666666667,SITE 9,EXT
2026-04-18 12:00:00,20.118793103448276,18.597241379310347,12.790689655172415,38.35249042145595,19.367816091954026,33.37931034482759,969.4731034482759,SITE 9,EXT
2026-04-18 13:00:00,23.134833333333333,20.842,14.194333333333333,39.27777777777778,17.592592592592595,28.366666666666667,968.2706666666667,SITE 9,EXT
2026-04-18 14:00:00,19.643166666666666,17.626166666666666,12.014333333333333,39.87037037037037,16.38888888888889,25.233333333333334,967.5916666666667,SITE 9,EXT
2026-04-18 15:00:00,19.456833333333336,17.6255,11.9,40.0,16.40740740740741,25.366666666666667,967.1016666666667,SITE 9,EXT
2026-04-18 16:00:00,19.512333333333334,17.4735,11.542333333333334,40.24074074074074,15.75925925925926,23.933333333333334,966.6956666666666,SITE 9,EXT
2026-04-18 17:00:00,24.701166666666666,22.36,14.7645,39.94444444444444,15.74074074074074,24.266666666666666,966.3979999999999,SITE 9,EXT
2026-04-18 18:00:00,44.72051724137931,38.0151724137931,25.03551724137931,39.25287356321839,16.704980842911876,26.620689655172413,966.9358620689655,SITE 9,EXT
2026-04-18 19:00:00,64.13133333333333,52.292500000000004,34.9565,38.870370370370374,16.98148148148148,27.8,967.569,SITE 9,EXT
2026-04-18 20:00:00,40.662166666666664,34.78216666666666,23.330666666666666,38.12962962962963,17.62962962962963,30.3,968.3063333333333,SITE 9,EXT
2026-04-18 21:00:00,31.373166666666666,28.755499999999998,19.717166666666667,37.03703703703704,19.296296296296298,35.63333333333333,968.8923333333333,SITE 9,EXT
2026-04-18 22:00:00,32.10316666666667,29.472166666666666,20.369333333333334,36.22222222222222,19.88888888888889,38.86666666666667,969.689,SITE 9,EXT
2026-04-18 23:00:00,35.587666666666664,31.822499999999998,21.978166666666667,35.611111111111114,20.12962962962963,40.733333333333334,969.9306666666666,SITE 9,EXT
2026-04-19 00:00:00,36.860517241379306,32.751379310344824,22.57137931034483,35.15325670498084,20.30651340996169,42.275862068965516,969.7793103448275,SITE 9,EXT
2026-04-19 01:00:00,36.644666666666666,32.6025,22.488333333333333,34.61111111111111,20.27777777777778,43.4,969.4003333333333,SITE 9,EXT
2026-04-19 02:00:00,35.26916666666667,31.780166666666666,21.956166666666665,34.01851851851852,20.5,45.4,968.891,SITE 9,EXT
2026-04-19 03:00:00,34.50483333333333,31.306500000000003,21.729,33.870370370370374,20.53703703703704,46.1,968.5026666666668,SITE 9,EXT
2026-04-19 04:00:00,30.303,28.372166666666665,19.913833333333333,33.40740740740741,20.53703703703704,47.166666666666664,968.3523333333334,SITE 9,EXT
2026-04-19 05:00:00,34.05716666666667,30.89783333333333,21.4355,33.05555555555556,20.592592592592595,48.43333333333333,968.8573333333334,SITE 9,EXT
2026-04-19 06:00:00,70.52172413793105,62.69931034482759,41.549827586206895,32.758620689655174,20.766283524904217,49.793103448275865,969.2627586206896,SITE 9,EXT
2026-04-19 07:00:00,48.084666666666664,40.0225,27.0575,32.75925925925926,20.944444444444446,50.06666666666667,969.8963333333334,SITE 9,EXT
2026-04-19 08:00:00,41.457,35.76433333333333,24.558333333333334,33.51851851851852,21.24074074074074,48.96666666666667,970.715,SITE 9,EXT
2026-04-19 09:00:00,35.14816666666666,31.740333333333336,22.191333333333333,34.907407407407405,21.166666666666668,45.06666666666667,971.14,SITE 9,EXT
2026-04-19 10:00:00,33.6245,30.786333333333335,21.627166666666664,36.51851851851852,21.092592592592595,41.06666666666667,970.865,SITE 9,EXT
2026-04-19 11:00:00,27.709666666666667,26.02316666666667,18.674166666666668,38.03703703703704,20.685185185185183,36.833333333333336,970.4613333333333,SITE 9,EXT
2026-04-19 12:00:00,25.25551724137931,23.587931034482757,16.727586206896554,39.23371647509579,20.03831417624521,32.93103448275862,969.6389655172413,SITE 9,EXT
2026-04-19 13:00:00,23.375999999999998,21.599,15.357833333333334,40.166666666666664,18.62962962962963,28.766666666666666,968.5546666666667,SITE 9,EXT
2026-04-19 14:00:00,23.226499999999998,21.419500000000003,15.19,40.62962962962963,17.14814814814815,25.6,967.6053333333333,SITE 9,EXT
2026-04-19 15:00:00,22.60183333333333,20.76066666666667,14.659666666666668,41.2962962962963,16.537037037037038,23.766666666666666,966.6763333333333,SITE 9,EXT
2026-04-19 16:00:00,22.702833333333334,20.976166666666664,14.799833333333334,41.092592592592595,15.481481481481483,22.333333333333332,966.1996666666668,SITE 9,EXT
2026-04-19 17:00:00,27.913620689655172,25.44396551724138,17.297758620689656,40.80459770114943,15.45977011494253,22.79310344827586,966.1572413793103,SITE 9,EXT
2026-04-19 18:00:00,45.158,37.940000000000005,24.412333333333333,39.88888888888889,16.685185185185183,25.8,966.768,SITE 9,EXT
2026-04-19 19:00:00,55.348499999999994,46.30283333333333,30.508333333333333,39.01851851851852,17.90740740740741,29.0,967.8383333333334,SITE 9,EXT
2026-04-19 20:00:00,45.41433333333334,38.058,25.514333333333333,38.592592592592595,17.592592592592595,29.7,968.7356666666667,SITE 9,EXT
2026-04-19 21:00:00,31.576666666666664,28.889666666666667,19.837833333333332,37.592592592592595,18.574074074074076,33.266666666666666,969.7926666666666,SITE 9,EXT
2026-04-19 22:00:00,17.044210526315787,15.770263157894737,10.76078947368421,33.30409356725146,20.58479532163743,48.31578947368421,971.3442105263158,SITE 9,EXT
2026-04-19 23:00:00,6.227413793103448,5.549137931034483,3.6363793103448274,30.900383141762454,21.187739463601535,56.724137931034484,972.4286206896552,SITE 9,EXT
2026-04-20 00:00:00,10.499333333333334,9.739333333333333,6.9303333333333335,30.25925925925926,20.77777777777778,57.56666666666667,972.7626666666667,SITE 9,EXT
2026-04-20 01:00:00,10.497166666666667,9.7815,7.033166666666667,30.01851851851852,20.425925925925927,57.03333333333333,972.107,SITE 9,EXT
2026-04-20 02:00:00,10.8425,10.147166666666667,7.031166666666667,28.944444444444446,20.055555555555554,59.766666666666666,970.2163333333334,SITE 9,EXT
2026-04-20 03:00:00,10.202166666666667,9.541166666666667,6.821666666666667,29.0,20.037037037037035,58.63333333333333,969.529,SITE 9,EXT
2026-04-20 04:00:00,14.224833333333333,13.061,9.177333333333333,29.425925925925927,19.740740740740744,56.56666666666667,969.2189999999999,SITE 9,EXT
2026-04-20 05:00:00,28.339655172413792,25.690344827586205,17.288275862068964,29.42528735632184,19.52107279693487,56.172413793103445,969.6234482758621,SITE 9,EXT
2026-04-20 06:00:00,30.1265,27.979499999999998,19.055999999999997,29.037037037037035,19.796296296296298,58.06666666666667,970.4046666666667,SITE 9,EXT
2026-04-20 07:00:00,29.0885,27.1805,18.71516666666667,28.814814814814817,20.01851851851852,59.93333333333333,970.9483333333334,SITE 9,EXT
2026-04-20 08:00:00,27.975166666666667,26.075166666666668,17.593166666666665,28.53703703703704,20.12962962962963,61.233333333333334,971.9476666666667,SITE 9,EXT
2026-04-20 09:00:00,27.564166666666665,25.4335,17.6035,29.25925925925926,20.203703703703702,58.9,972.4756666666667,SITE 9,EXT
2026-04-20 10:00:00,36.89344827586207,32.846896551724136,22.14810344827586,30.153256704980844,20.478927203065133,56.724137931034484,971.903448275862,SITE 9,EXT
2026-04-20 11:00:00,38.526833333333336,33.734,22.612166666666667,31.5,20.722222222222225,53.266666666666666,971.5886666666667,SITE 9,EXT
2026-04-20 12:00:00,29.772499999999997,27.1955,18.735833333333336,32.01851851851852,21.0,52.766666666666666,971.1376666666667,SITE 9,EXT
2026-04-20 13:00:00,26.7955,24.94,17.515333333333334,33.05555555555556,21.185185185185183,50.36666666666667,970.046,SITE 9,EXT
2026-04-20 14:00:00,29.761833333333335,27.543833333333335,19.256833333333336,34.833333333333336,21.35185185185185,45.9,969.1833333333333,SITE 9,EXT
2026-04-20 15:00:00,30.2845,27.833666666666666,19.276833333333332,35.148148148148145,21.35185185185185,45.13333333333333,969.0166666666667,SITE 9,EXT
2026-04-20 16:00:00,33.29448275862069,30.449827586206894,21.25896551724138,35.11494252873563,20.78544061302682,43.758620689655174,968.568275862069,SITE 9,EXT
2026-04-20 17:00:00,40.71783333333334,35.344,24.14383333333333,34.61111111111111,21.62962962962963,47.2,968.5996666666666,SITE 9,EXT
2026-04-20 18:00:00,57.966,47.10183333333334,31.0425,33.64814814814815,21.88888888888889,50.766666666666666,969.1759999999999,SITE 9,EXT
2026-04-20 19:00:00,46.724833333333336,39.57066666666666,27.1365,32.88888888888889,21.462962962962965,51.5,969.8273333333333,SITE 9,EXT
2026-04-20 20:00:00,61.70916666666667,53.1135,35.83866666666667,32.77777777777778,21.537037037037035,52.43333333333333,970.413,SITE 9,EXT
2026-04-20 21:00:00,77.49982758620689,70.2048275862069,46.01862068965517,32.8544061302682,21.743295019157088,52.44827586206897,971.145172413793,SITE 9,EXT
2026-04-20 22:00:00,58.93066666666667,48.80766666666667,33.446333333333335,32.77777777777778,21.62962962962963,52.233333333333334,971.7813333333332,SITE 9,EXT
2026-04-20 23:00:00,47.61666666666667,40.15866666666667,27.641000000000002,32.68518518518518,22.12962962962963,54.36666666666667,971.9159999999999,SITE 9,EXT
2026-04-21 00:00:00,42.80416666666667,36.77166666666667,25.2875,32.22222222222222,22.407407407407405,57.0,971.662,SITE 9,EXT
2026-04-21 01:00:00,39.7755,34.79566666666666,23.926,32.148148148148145,22.77777777777778,58.0,971.263,SITE 9,EXT
2026-04-21 02:00:00,40.24051724137931,35.11586206896552,24.259827586206896,31.666666666666668,22.98850574712644,60.3448275862069,971.201724137931,SITE 9,EXT
2026-04-21 03:00:00,39.3315,34.62516666666667,23.7985,31.666666666666668,22.75925925925926,60.03333333333333,970.8383333333334,SITE 9,EXT
2026-04-21 04:00:00,30.990000000000002,29.262833333333333,20.720166666666668,31.518518518518523,22.27777777777778,58.733333333333334,970.8136666666667,SITE 9,EXT
2026-04-21 05:00:00,44.66416666666667,38.25033333333333,26.328500000000002,31.333333333333336,22.09259259259259,58.46666666666667,971.315,SITE 9,EXT
2026-04-21 06:00:00,60.065666666666665,50.541333333333334,33.76133333333333,31.5,22.38888888888889,59.36666666666667,971.7626666666667,SITE 9,EXT
2026-04-21 07:00:00,52.53366666666667,43.77516666666667,29.901666666666664,31.555555555555557,22.537037037037035,59.666666666666664,972.2366666666666,SITE 9,EXT
2026-04-21 08:00:00,35.47637931034483,31.817241379310346,22.153275862068966,32.52873563218391,22.624521072796934,56.55172413793103,972.9489655172414,SITE 9,EXT
2026-04-21 09:00:00,25.346,24.375999999999998,17.638166666666667,33.20370370370371,22.592592592592595,54.166666666666664,972.8026666666667,SITE 9,EXT
2026-04-21 10:00:00,27.88,26.53033333333333,18.998,34.2962962962963,22.814814814814817,51.46666666666667,972.285,SITE 9,EXT
2026-04-21 11:00:00,27.549333333333333,26.19516666666667,18.888166666666667,35.777777777777786,22.77777777777778,47.36666666666667,971.8340000000001,SITE 9,EXT
2026-04-21 12:00:00,20.297166666666666,19.424500000000002,14.246666666666666,36.51851851851852,22.092592592592595,43.56666666666667,971.0303333333334,SITE 9,EXT
2026-04-21 13:00:00,20.01066666666667,18.850166666666667,13.409666666666668,37.51851851851852,21.685185185185183,40.233333333333334,969.797,SITE 9,EXT
2026-04-21 14:00:00,20.75758620689655,19.73862068965517,14.067241379310344,37.89272030651341,21.666666666666668,39.41379310344828,969.1296551724139,SITE 9,EXT
2026-04-21 15:00:00,21.567,20.155666666666665,14.2935,37.18518518518519,20.666666666666668,38.7,969.131,SITE 9,EXT
2026-04-21 16:00:00,19.872833333333332,18.184833333333334,12.434833333333334,32.90740740740741,19.35185185185185,45.2,969.3173333333333,SITE 9,EXT
2026-04-21 17:00:00,73.346,61.7265,39.22983333333333,33.574074074074076,19.62962962962963,44.13333333333333,969.078,SITE 9,EXT
2026-04-21 18:00:00,130.82433333333333,122.7125,81.65783333333334,33.18518518518519,20.12962962962963,46.46666666666667,969.6223333333332,SITE 9,EXT
2026-04-21 19:00:00,51.72866666666666,42.78333333333333,28.053,32.90740740740741,20.240740740740744,47.86666666666667,970.5923333333334,SITE 9,EXT
2026-04-21 20:00:00,18.509827586206896,17.157241379310346,11.064310344827586,32.452107279693486,18.505747126436784,43.793103448275865,971.3451724137931,SITE 9,EXT
2026-04-21 21:00:00,40.907666666666664,37.3715,23.0085,32.74074074074074,18.944444444444446,44.5,972.154,SITE 9,EXT
2026-04-21 22:00:00,9.391,8.562666666666667,5.6375,31.240740740740744,19.185185185185183,49.2,973.4666666666667,SITE 9,EXT
2026-04-21 23:00:00,7.4495,6.754833333333334,4.343333333333334,30.796296296296298,18.53703703703704,48.13333333333333,972.6316666666667,SITE 9,EXT
2026-04-22 00:00:00,9.550333333333333,8.783,5.766333333333334,30.981481481481485,19.055555555555557,49.36666666666667,972.107,SITE 9,EXT
2026-04-22 01:00:00,6.804137931034482,6.126896551724138,3.933448275862069,30.766283524904217,18.448275862068964,48.275862068965516,971.6031034482759,SITE 9,EXT
2026-04-22 02:00:00,6.848333333333333,6.228166666666667,4.161333333333333,30.555555555555557,18.925925925925927,50.56666666666667,971.1616666666666,SITE 9,EXT
2026-04-22 03:00:00,9.710833333333333,8.956999999999999,6.1715,30.333333333333332,19.48148148148148,52.666666666666664,971.465,SITE 9,EXT
2026-04-22 04:00:00,11.757333333333333,11.025333333333332,7.859333333333334,29.88888888888889,19.87037037037037,55.56666666666667,971.8233333333334,SITE 9,EXT
2026-04-22 05:00:00,9.740666666666666,9.081166666666666,6.207,28.925925925925927,19.537037037037035,57.5,973.297,SITE 9,EXT
2026-04-22 06:00:00,20.103333333333335,18.438166666666667,12.387,28.333333333333336,19.203703703703706,57.96666666666667,973.9799999999999,SITE 9,EXT
2026-04-22 07:00:00,31.668793103448277,28.746206896551723,19.56,28.620689655172413,19.061302681992338,56.89655172413793,974.1410344827586,SITE 9,EXT
2026-04-22 08:00:00,15.774833333333333,14.775166666666667,10.220666666666666,29.333333333333332,18.88888888888889,53.96666666666667,974.2080000000001,SITE 9,EXT
2026-04-22 09:00:00,14.872166666666667,13.121666666666666,8.0385,31.092592592592595,18.203703703703706,46.766666666666666,973.565,SITE 9,EXT
2026-04-22 10:00:00,14.269833333333334,12.623666666666667,7.779166666666667,32.87037037037037,17.5,40.166666666666664,973.062,SITE 9,EXT
2026-04-22 11:00:00,14.456333333333333,12.849833333333333,7.952833333333333,34.62962962962963,17.85185185185185,37.1,972.457,SITE 9,EXT
2026-04-22 12:00:00,9.355833333333333,8.381166666666667,5.3595,36.05555555555556,16.90740740740741,32.4,971.4243333333333,SITE 9,EXT
2026-04-22 13:00:00,8.451379310344828,7.392413793103448,4.612586206896553,37.06896551724138,16.896551724137932,30.448275862068964,970.6610344827585,SITE 9,EXT
2026-04-22 14:00:00,9.298666666666666,8.073666666666666,4.944500000000001,37.7037037037037,18.314814814814817,32.4,969.6553333333334,SITE 9,EXT
2026-04-22 15:00:00,14.946666666666665,13.246166666666666,8.313333333333334,37.72222222222222,18.222222222222225,32.06666666666667,969.177,SITE 9,EXT
2026-04-22 16:00:00,14.687166666666666,13.405666666666667,8.816333333333334,37.57407407407407,16.833333333333332,29.533333333333335,968.9723333333333,SITE 9,EXT
2026-04-22 17:00:00,14.019499999999999,12.752833333333333,8.6335,36.96296296296296,17.01851851851852,30.966666666666665,969.1426666666666,SITE 9,EXT
2026-04-22 18:00:00,31.26137931034483,28.188965517241378,19.246896551724138,36.283524904214566,18.9272030651341,36.44827586206897,970.0044827586207,SITE 9,EXT
2026-04-22 19:00:00,46.476,40.33533333333333,27.4755,35.53703703703704,19.833333333333332,40.233333333333334,970.9743333333333,SITE 9,EXT
2026-04-22 20:00:00,51.549,43.193,28.438666666666666,34.907407407407405,20.537037037037035,43.4,971.7413333333334,SITE 9,EXT
2026-04-22 21:00:00,31.577833333333334,28.906333333333333,19.551499999999997,34.44444444444444,20.796296296296298,45.06666666666667,972.4676666666667,SITE 9,EXT
2026-04-22 22:00:00,24.599333333333334,22.986833333333333,15.6515,34.074074074074076,21.11111111111111,47.2,972.678,SITE 9,EXT
2026-04-22 23:00:00,20.6755,19.3625,13.351166666666668,33.777777777777786,21.64814814814815,49.6,972.5923333333334,SITE 9,EXT
2026-04-23 00:00:00,16.683103448275862,15.42155172413793,10.540862068965517,33.31417624521073,21.647509578544064,50.724137931034484,972.114827586207,SITE 9,EXT
2026-04-23 01:00:00,15.902833333333332,14.839333333333334,10.178666666666667,33.2962962962963,22.01851851851852,51.733333333333334,971.5916666666667,SITE 9,EXT
2026-04-23 02:00:00,15.770833333333334,14.6225,10.051666666666668,32.75925925925926,21.722222222222225,53.0,971.1086666666667,SITE 9,EXT
2026-04-23 03:00:00,16.5765,15.3375,10.552833333333332,32.24074074074074,21.703703703703702,54.2,970.8603333333334,SITE 9,EXT
2026-04-23 04:00:00,18.840666666666667,17.608333333333334,12.128333333333334,32.07407407407407,22.074074074074073,55.56666666666667,971.0546666666667,SITE 9,EXT
2026-04-23 05:00:00,31.933833333333332,29.431500000000003,20.304666666666666,31.87037037037037,21.87037037037037,55.666666666666664,971.4666666666667,SITE 9,EXT
2026-04-23 06:00:00,49.199999999999996,41.78862068965517,27.965,31.819923371647512,21.666666666666668,55.206896551724135,971.8937931034482,SITE 9,EXT
2026-04-23 07:00:00,36.475833333333334,32.203,21.817,32.092592592592595,21.37037037037037,53.766666666666666,972.328,SITE 9,EXT
2026-04-23 08:00:00,25.343833333333336,23.398000000000003,15.993833333333333,33.22222222222222,21.314814814814817,49.93333333333333,972.6139999999999,SITE 9,EXT
2026-04-23 09:00:00,24.585166666666666,22.715500000000002,15.338166666666666,34.592592592592595,20.240740740740744,43.43333333333333,972.2366666666666,SITE 9,EXT
2026-04-23 10:00:00,21.480666666666664,19.89783333333333,13.590833333333334,36.25925925925926,19.62962962962963,38.1,971.7090000000001,SITE 9,EXT
2026-04-23 11:00:00,18.12327586206897,16.445,10.93344827586207,37.394636015325666,18.582375478927204,33.3448275862069,971.1568965517241,SITE 9,EXT
2026-04-23 12:00:00,17.67233333333333,16.082666666666668,10.9795,38.42592592592593,17.75925925925926,30.033333333333335,970.2606666666667,SITE 9,EXT
2026-04-23 13:00:00,15.315333333333333,13.852666666666666,9.316166666666668,39.51851851851852,17.11111111111111,27.266666666666666,969.0966666666667,SITE 9,EXT
2026-04-23 14:00:00,15.8375,14.300999999999998,9.728333333333333,40.92592592592593,17.444444444444446,25.666666666666668,968.1273333333334,SITE 9,EXT
2026-04-23 15:00:00,15.575666666666667,14.219833333333334,9.7095,41.111111111111114,18.61111111111111,27.433333333333334,967.4166666666666,SITE 9,EXT
2026-04-23 16:00:00,41.087,37.780833333333334,25.528333333333332,39.92592592592593,18.796296296296298,29.566666666666666,967.0616666666666,SITE 9,EXT
2026-04-23 17:00:00,28.080172413793104,25.76137931034483,17.380344827586207,39.616858237547895,19.482758620689655,31.344827586206897,967.0620689655173,SITE 9,EXT
2026-04-23 18:00:00,40.016666666666666,34.367,23.062333333333335,38.96296296296296,20.01851851851852,33.5,967.705,SITE 9,EXT
2026-04-23 19:00:00,47.1625,39.397666666666666,26.539333333333335,38.14814814814815,20.5,36.233333333333334,968.7903333333333,SITE 9,EXT
2026-04-23 20:00:00,37.15933333333333,32.552,22.01966666666667,37.38888888888889,20.962962962962965,38.733333333333334,969.3783333333333,SITE 9,EXT
2026-04-23 21:00:00,32.41733333333333,29.1615,19.618499999999997,36.537037037037045,21.24074074074074,41.36666666666667,970.247,SITE 9,EXT
2026-04-23 22:00:00,36.31862068965517,32.30844827586207,21.778103448275864,35.689655172413794,21.11111111111111,43.10344827586207,970.7162068965517,SITE 9,EXT
2026-04-23 23:00:00,38.60633333333333,33.940666666666665,23.033833333333334,34.74074074074074,21.24074074074074,45.96666666666667,970.8363333333333,SITE 9,EXT
2026-04-24 00:00:00,36.533833333333334,32.663666666666664,22.516833333333334,34.05555555555556,21.25925925925926,47.666666666666664,970.5226666666666,SITE 9,EXT
2026-04-24 01:00:00,34.656166666666664,31.575,21.846,33.833333333333336,20.88888888888889,47.43333333333333,969.7096666666667,SITE 9,EXT
2026-04-24 02:00:00,27.186833333333333,26.026666666666664,18.532500000000002,33.092592592592595,20.074074074074076,46.766666666666666,969.6986666666667,SITE 9,EXT
2026-04-24 03:00:00,13.885000000000002,13.097931034482759,9.383103448275863,32.337164750957854,18.467432950191576,44.03448275862069,970.0596551724137,SITE 9,EXT
2026-04-24 04:00:00,12.721499999999999,11.906833333333333,8.477666666666668,31.88888888888889,18.018518518518523,44.0,970.087,SITE 9,EXT
2026-04-24 05:00:00,22.019833333333334,20.293,13.776000000000002,31.314814814814817,18.092592592592595,45.46666666666667,970.903,SITE 9,EXT
2026-04-24 06:00:00,52.20616666666667,44.68,28.224,31.111111111111118,18.53703703703704,47.43333333333333,971.775,SITE 9,EXT
2026-04-24 07:00:00,29.846666666666668,27.823500000000003,19.108666666666668,31.462962962962965,18.98148148148148,47.8,972.3766666666667,SITE 9,EXT
2026-04-24 08:00:00,27.20258620689655,25.461896551724138,17.587931034482757,32.16475095785441,19.080459770114945,46.206896551724135,972.8982758620689,SITE 9,EXT
2026-04-24 09:00:00,26.118833333333335,24.55216666666667,17.222833333333334,33.70370370370371,19.12962962962963,42.6,972.747,SITE 9,EXT
2026-04-24 10:00:00,23.086833333333335,21.725166666666667,15.274666666666667,35.38888888888889,18.944444444444446,38.333333333333336,972.0843333333333,SITE 9,EXT
2026-04-24 11:00:00,22.440166666666666,20.988333333333333,14.8005,37.166666666666664,18.90740740740741,34.46666666666667,971.2420000000001,SITE 9,EXT
2026-04-24 12:00:00,18.854666666666667,17.65266666666667,12.69,38.611111111111114,18.740740740740744,31.533333333333335,970.2036666666667,SITE 9,EXT
2026-04-24 13:00:00,20.495,19.1925,13.752333333333333,39.2037037037037,19.222222222222225,31.533333333333335,969.2520000000001,SITE 9,EXT
2026-04-24 14:00:00,20.91396551724138,19.683103448275865,14.134655172413792,39.17624521072797,19.96168582375479,32.86206896551724,968.643448275862,SITE 9,EXT
2026-04-24 15:00:00,20.490000000000002,19.276,13.851833333333333,39.55555555555556,20.092592592592595,32.666666666666664,968.3716666666667,SITE 9,EXT
2026-04-24 16:00:00,21.724666666666668,20.3465,14.360166666666666,38.870370370370374,19.61111111111111,32.6,968.4296666666667,SITE 9,EXT
2026-04-24 17:00:00,23.177333333333333,21.6995,15.352166666666667,38.22222222222222,19.35185185185185,33.666666666666664,968.519,SITE 9,EXT
2026-04-24 18:00:00,33.75666666666667,30.389499999999998,20.831500000000002,37.38888888888889,19.574074074074076,35.4,968.9896666666666,SITE 9,EXT
2026-04-24 19:00:00,41.188620689655174,35.48586206896552,23.942413793103448,36.66666666666667,20.019157088122604,38.10344827586207,969.9127586206897,SITE 9,EXT
2026-04-24 20:00:00,34.6235,31.203166666666668,21.514833333333335,35.94444444444445,19.40740740740741,38.2,970.395,SITE 9,EXT
2026-04-24 21:00:00,39.89933333333333,34.806666666666665,23.727166666666665,35.27777777777778,18.87037037037037,38.4,971.2813333333332,SITE 9,EXT
2026-04-24 22:00:00,27.775,25.590833333333332,17.75766666666667,34.648148148148145,19.092592592592595,40.233333333333334,971.749,SITE 9,EXT
2026-04-24 23:00:00,22.087,20.845166666666668,14.536833333333334,34.14814814814815,19.462962962962965,42.36666666666667,971.5213333333334,SITE 9,EXT
2026-04-25 00:00:00,24.755333333333333,23.358333333333334,16.356333333333332,33.44444444444444,19.90740740740741,45.4,971.0903333333333,SITE 9,EXT
2026-04-25 01:00:00,29.54948275862069,27.20862068965517,18.767068965517243,32.93103448275862,20.28735632183908,47.62068965517241,970.6151724137931,SITE 9,EXT
2026-04-25 02:00:00,28.599666666666668,27.016166666666667,18.790000000000003,32.57407407407407,20.388888888888893,49.2,970.2286666666666,SITE 9,EXT
2026-04-25 03:00:00,29.119500000000002,27.634333333333334,19.2885,32.22222222222222,20.185185185185183,49.766666666666666,969.8076666666667,SITE 9,EXT
2026-04-25 04:00:00,35.78883333333333,31.993666666666666,21.834999999999997,31.740740740740744,20.37037037037037,51.333333333333336,970.242,SITE 9,EXT
2026-04-25 05:00:00,38.54233333333333,34.138000000000005,23.419333333333334,31.16666666666667,20.074074074074076,52.333333333333336,970.7373333333333,SITE 9,EXT
2026-04-25 06:00:00,42.785,36.51416666666667,24.647166666666667,30.77777777777778,20.055555555555554,52.96666666666667,971.3080000000001,SITE 9,EXT
2026-04-25 07:00:00,47.715172413793105,39.94,27.016206896551726,31.09195402298851,19.846743295019156,51.41379310344828,972.0375862068965,SITE 9,EXT
2026-04-25 08:00:00,48.904333333333334,41.14416666666667,27.826999999999998,32.111111111111114,20.27777777777778,50.06666666666667,972.534,SITE 9,EXT
2026-04-25 09:00:00,42.12483333333333,36.092333333333336,24.822666666666667,33.42592592592593,20.685185185185183,47.6,972.8333333333334,SITE 9,EXT
2026-04-25 10:00:00,39.2295,34.141,23.645500000000002,35.01851851851852,20.740740740740744,43.8,972.8093333333333,SITE 9,EXT
2026-04-25 11:00:00,36.9605,32.745333333333335,22.540166666666668,36.64814814814815,20.185185185185183,38.56666666666667,972.045,SITE 9,EXT
2026-04-25 12:00:00,37.623275862068965,33.285862068965514,23.062758620689653,37.758620689655174,19.885057471264368,35.724137931034484,970.9958620689656,SITE 9,EXT
2026-04-25 13:00:00,43.253,36.750833333333325,25.649833333333333,38.777777777777786,19.62962962962963,33.03333333333333,970.065,SITE 9,EXT
2026-04-25 14:00:00,41.67283333333333,35.83383333333333,24.9625,39.666666666666664,19.11111111111111,30.366666666666667,969.128,SITE 9,EXT
2026-04-25 15:00:00,39.2685,34.21116666666667,23.914333333333335,40.0,19.0,29.933333333333334,968.455,SITE 9,EXT
2026-04-25 16:00:00,39.419999999999995,34.169,23.830666666666666,39.833333333333336,18.888888888888893,30.033333333333335,968.2313333333333,SITE 9,EXT
2026-04-25 17:00:00,42.50534482758621,36.14844827586207,25.028275862068966,39.21455938697318,19.00383141762452,31.103448275862068,968.2844827586207,SITE 9,EXT
2026-04-25 18:00:00,56.59616666666667,46.2945,31.536,38.277777777777786,19.314814814814817,33.53333333333333,968.9723333333333,SITE 9,EXT
2026-04-25 19:00:00,62.893166666666666,51.2365,35.3075,37.51851851851852,19.944444444444446,35.833333333333336,969.8919999999999,SITE 9,EXT
2026-04-25 20:00:00,59.283500000000004,49.998000000000005,34.736,36.68518518518519,20.333333333333332,38.766666666666666,970.721,SITE 9,EXT
2026-04-25 21:00:00,48.223333333333336,40.294333333333334,27.67233333333333,35.833333333333336,20.518518518518523,41.2,971.3206666666666,SITE 9,EXT
2026-04-25 22:00:00,44.26483333333333,37.236,25.394,35.25925925925926,19.944444444444446,41.06666666666667,972.1080000000001,SITE 9,EXT
2026-04-25 23:00:00,45.03793103448275,37.93603448275862,25.905,34.84674329501916,20.0,42.03448275862069,972.0110344827586,SITE 9,EXT
2026-04-26 00:00:00,48.50933333333333,40.6025,27.473666666666666,34.2037037037037,20.25925925925926,44.36666666666667,971.5956666666666,SITE 9,EXT
2026-04-26 01:00:00,50.8975,42.473,28.8445,33.66666666666667,20.592592592592595,46.766666666666666,971.1373333333333,SITE 9,EXT
2026-04-26 02:00:00,56.70583333333333,46.579166666666666,31.467666666666666,33.18518518518519,20.814814814814817,48.56666666666667,970.8193333333334,SITE 9,EXT
2026-04-26 03:00:00,55.51649999999999,45.64783333333333,30.87183333333333,32.7037037037037,20.740740740740744,50.03333333333333,970.8003333333332,SITE 9,EXT
2026-04-26 04:00:00,54.70133333333333,45.106,30.38266666666667,32.22222222222222,20.87037037037037,51.56666666666667,971.1846666666667,SITE 9,EXT
2026-04-26 05:00:00,57.383620689655174,47.04810344827586,31.745689655172413,31.800766283524908,20.689655172413794,52.48275862068966,971.6899999999999,SITE 9,EXT
2026-04-26 06:00:00,69.05933333333334,56.54083333333333,36.99316666666667,31.62962962962963,21.01851851851852,53.333333333333336,972.1283333333333,SITE 9,EXT
2026-04-26 07:00:00,59.187,48.38933333333333,32.285,31.85185185185185,20.75925925925926,52.1,972.9903333333333,SITE 9,EXT
2026-04-26 08:00:00,53.897333333333336,44.987833333333334,28.696833333333334,32.7037037037037,20.425925925925927,48.833333333333336,973.6746666666667,SITE 9,EXT
2026-04-26 09:00:00,46.70633333333333,38.98683333333334,25.49566666666667,33.94444444444444,20.64814814814815,46.06666666666667,974.0176666666666,SITE 9,EXT
2026-04-26 10:00:00,42.786206896551725,36.3148275862069,24.234655172413795,35.61302681992338,20.49808429118774,41.62068965517241,973.7055172413793,SITE 9,EXT
2026-04-26 11:00:00,37.878166666666665,33.31316666666667,22.632166666666667,36.96296296296296,20.14814814814815,37.766666666666666,973.2843333333333,SITE 9,EXT
2026-04-26 12:00:00,35.457,32.03333333333333,21.851833333333335,38.18518518518519,20.203703703703702,35.36666666666667,972.4240000000001,SITE 9,EXT
2026-04-26 13:00:00,30.987666666666666,28.727333333333334,19.821833333333334,39.0,19.740740740740744,32.96666666666667,971.4516666666666,SITE 9,EXT
2026-04-26 14:00:00,33.038666666666664,29.978166666666667,20.6085,39.44444444444444,19.666666666666668,32.0,971.3793333333334,SITE 9,EXT
2026-04-26 15:00:00,30.307413793103446,27.99896551724138,19.20293103448276,39.367816091954026,19.75095785440613,32.13793103448276,970.908275862069,SITE 9,EXT
2026-04-26 16:00:00,29.364333333333335,27.324666666666666,18.685333333333332,38.7962962962963,19.685185185185183,33.2,971.0466666666667,SITE 9,EXT
2026-04-26 17:00:00,34.35433333333334,30.896166666666666,20.998333333333335,37.81481481481482,19.796296296296298,35.0,971.3756666666667,SITE 9,EXT
2026-04-26 18:00:00,46.030499999999996,38.790499999999994,25.638333333333332,36.75925925925926,19.25925925925926,36.36666666666667,971.8706666666666,SITE 9,EXT
2026-04-26 19:00:00,54.5135,45.39966666666667,29.331666666666667,36.14814814814815,19.444444444444446,37.833333333333336,972.857,SITE 9,EXT
2026-04-26 20:00:00,73.779,63.227,37.43516666666667,36.037037037037045,19.796296296296298,38.9,973.1389999999999,SITE 9,EXT
2026-04-26 21:00:00,43.619482758620684,36.97931034482759,24.06793103448276,35.51724137931034,19.501915708812263,39.89655172413793,973.7724137931035,SITE 9,EXT
2026-04-26 22:00:00,32.033,29.05483333333333,19.494833333333336,35.0,19.444444444444446,40.46666666666667,974.288,SITE 9,EXT
2026-04-26 23:00:00,25.288833333333333,23.604499999999998,16.195666666666668,34.51851851851851,19.48148148148148,41.8,974.066,SITE 9,EXT
2026-04-27 00:00:00,22.929333333333332,21.435333333333336,14.673333333333334,34.074074074074076,19.222222222222225,41.96666666666667,973.8546666666666,SITE 9,EXT
2026-04-27 01:00:00,22.03166666666667,20.658,14.301166666666667,33.55555555555556,19.11111111111111,43.0,973.432,SITE 9,EXT
2026-04-27 02:00:00,23.345689655172414,21.840689655172415,14.917068965517242,33.333333333333336,19.42528735632184,44.172413793103445,973.1255172413793,SITE 9,EXT
2026-04-27 03:00:00,25.297833333333333,23.7455,16.342,32.833333333333336,19.444444444444446,45.56666666666667,972.685,SITE 9,EXT
2026-04-27 04:00:00,28.3575,26.500833333333333,18.1925,32.2962962962963,19.5,47.4,973.6066666666667,SITE 9,EXT
2026-04-27 05:00:00,47.67433333333334,40.76266666666666,26.46333333333333,32.22222222222222,20.0,48.0,974.452,SITE 9,EXT
2026-04-27 06:00:00,60.91833333333333,50.471000000000004,33.682833333333335,32.09259259259259,19.87037037037037,48.733333333333334,974.6303333333333,SITE 9,EXT
2026-04-27 07:00:00,59.17172413793104,49.38758620689655,31.96551724137931,32.20306513409962,19.75095785440613,48.44827586206897,975.6520689655173,SITE 9,EXT
2026-04-27 08:00:00,37.149499999999996,32.9185,22.113833333333332,31.85185185185185,19.925925925925927,49.766666666666666,976.56,SITE 9,EXT
2026-04-27 09:00:00,27.966,26.307166666666667,18.072499999999998,33.092592592592595,19.833333333333332,46.06666666666667,976.9826666666667,SITE 9,EXT
2026-04-27 10:00:00,26.921,25.322166666666664,17.523833333333336,34.166666666666664,19.685185185185183,42.8,976.9356666666666,SITE 9,EXT
2026-04-27 11:00:00,17.89333333333333,16.682833333333335,11.476166666666666,33.96296296296296,19.296296296296298,42.2,976.6233333333333,SITE 9,EXT
2026-04-27 12:00:00,7.461833333333333,6.839833333333333,4.8315,33.074074074074076,19.055555555555557,43.86666666666667,975.7033333333333,SITE 9,EXT
2026-04-27 13:00:00,11.756206896551724,10.72896551724138,7.184827586206896,34.367816091954026,18.256704980842912,38.86206896551724,973.8755172413793,SITE 9,EXT
2026-04-27 14:00:00,14.187666666666667,13.088833333333334,8.5785,35.81481481481482,17.555555555555554,34.2,972.6193333333334,SITE 9,EXT
2026-04-27 15:00:00,10.494166666666667,9.719333333333333,6.745500000000001,36.74074074074075,17.51851851851852,32.333333333333336,971.5523333333333,SITE 9,EXT
2026-04-27 16:00:00,10.0395,9.307500000000001,6.535,37.22222222222222,17.166666666666668,30.833333333333332,971.0696666666666,SITE 9,EXT
2026-04-27 17:00:00,12.232166666666666,11.208499999999999,7.699666666666667,37.01851851851852,16.72222222222222,30.333333333333332,970.9563333333333,SITE 9,EXT
2026-04-27 18:00:00,41.91,35.38433333333333,23.709666666666667,36.64814814814815,17.14814814814815,31.866666666666667,971.5466666666667,SITE 9,EXT
2026-04-27 19:00:00,94.03086206896552,85.37758620689655,52.58155172413793,36.45593869731801,18.869731800766285,35.89655172413793,972.2024137931035,SITE 9,EXT
2026-04-27 20:00:00,40.20916666666667,34.8195,23.341666666666665,35.407407407407405,19.75925925925926,40.43333333333333,972.849,SITE 9,EXT
2026-04-27 21:00:00,40.32166666666667,34.821333333333335,23.4255,35.0,19.444444444444446,40.666666666666664,973.5933333333334,SITE 9,EXT
2026-04-27 22:00:00,34.9195,31.3575,21.167333333333332,34.592592592592595,19.53703703703704,41.1,973.8726666666666,SITE 9,EXT
2026-04-27 23:00:00,42.82283333333333,37.004,24.606833333333334,34.01851851851852,20.055555555555554,44.5,973.83,SITE 9,EXT
2026-04-28 00:00:00,33.656333333333336,31.0475,21.336333333333336,33.333333333333336,20.222222222222225,46.53333333333333,973.403,SITE 9,EXT
2026-04-28 01:00:00,32.33948275862069,30.266724137931035,20.953793103448273,33.00766283524904,20.153256704980844,47.41379310344828,972.6400000000001,SITE 9,EXT
2026-04-28 02:00:00,32.28766666666667,30.210833333333333,20.968833333333336,32.333333333333336,20.092592592592595,48.86666666666667,972.4016666666666,SITE 9,EXT
2026-04-28 03:00:00,34.2215,31.44183333333333,21.591,32.11111111111111,20.425925925925927,50.0,972.159,SITE 9,EXT
2026-04-28 04:00:00,39.0555,34.659666666666666,23.1835,31.77777777777778,20.203703703703702,50.733333333333334,972.7246666666667,SITE 9,EXT
2026-04-28 05:00:00,71.2535,63.568999999999996,39.757333333333335,31.666666666666668,20.444444444444446,51.666666666666664,973.2966666666667,SITE 9,EXT
2026-04-28 06:00:00,66.0044827586207,54.58155172413793,33.94448275862069,31.532567049808428,19.86590038314176,50.275862068965516,973.9289655172413,SITE 9,EXT
2026-04-28 07:00:00,34.809999999999995,31.658833333333334,21.87,31.425925925925927,19.592592592592595,49.7,974.6176666666667,SITE 9,EXT
2026-04-28 08:00:00,29.090833333333332,27.4665,19.217666666666666,32.092592592592595,19.722222222222225,48.5,975.278,SITE 9,EXT
2026-04-28 09:00:00,28.289833333333334,26.834666666666667,18.865833333333335,33.25925925925926,20.037037037037035,46.233333333333334,975.2206666666666,SITE 9,EXT
2026-04-28 10:00:00,28.4175,26.332333333333334,18.299333333333333,34.851851851851855,20.25925925925926,42.833333333333336,974.9116666666666,SITE 9,EXT
2026-04-28 11:00:00,24.39966666666667,22.860166666666665,16.187,36.333333333333336,20.25925925925926,39.43333333333333,974.2626666666667,SITE 9,EXT
2026-04-28 12:00:00,18.713666666666665,17.581666666666667,12.681333333333333,37.72222222222222,19.14814814814815,34.0,972.9233333333334,SITE 9,EXT
2026-04-28 13:00:00,15.504827586206897,14.591551724137931,10.531551724137932,39.13793103448276,18.18007662835249,29.551724137931036,971.5920689655172,SITE 9,EXT
2026-04-28 14:00:00,15.758000000000001,14.562333333333333,10.446,39.88888888888889,17.740740740740744,27.7,970.4303333333334,SITE 9,EXT
2026-04-28 15:00:00,15.484333333333332,14.313166666666666,10.432833333333333,40.48148148148149,17.38888888888889,26.233333333333334,969.3893333333333,SITE 9,EXT
2026-04-28 16:00:00,15.575833333333332,14.323166666666667,9.949166666666667,39.87037037037037,16.462962962962965,25.5,968.7819999999999,SITE 9,EXT
2026-04-28 17:00:00,20.646333333333335,19.080166666666667,13.115,38.42592592592593,17.12962962962963,28.866666666666667,969.3476666666667,SITE 9,EXT
2026-04-28 18:00:00,13.306896551724137,12.086379310344828,8.12896551724138,35.67049808429118,18.486590038314176,36.724137931034484,971.0510344827586,SITE 9,EXT
2026-04-28 19:00:00,18.777833333333334,17.317999999999998,12.038333333333332,33.96296296296297,18.833333333333332,41.0,971.9493333333334,SITE 9,EXT
2026-04-28 20:00:00,18.314833333333333,17.029,11.9055,34.38888888888889,18.88888888888889,40.3,972.208,SITE 9,EXT
2026-04-28 21:00:00,17.233166666666666,16.037333333333333,10.555333333333333,33.88888888888889,18.64814814814815,40.93333333333333,973.5683333333333,SITE 9,EXT
2026-04-28 22:00:00,12.257,11.432666666666668,8.073,32.96296296296296,19.314814814814817,44.8,974.2716666666668,SITE 9,EXT
2026-04-28 23:00:00,13.478333333333333,12.775,9.002333333333333,32.48148148148148,19.703703703703702,47.733333333333334,974.0409999999999,SITE 9,EXT
2026-04-29 00:00:00,11.273793103448275,10.588103448275863,7.566034482758621,31.99233716475096,19.578544061302683,48.37931034482759,973.3948275862069,SITE 9,EXT
2026-04-29 01:00:00,12.861500000000001,12.117666666666667,8.528166666666667,31.64814814814815,19.425925925925927,48.9,972.8446666666666,SITE 9,EXT
2026-04-29 02:00:00,9.208666666666666,8.6695,6.327166666666667,31.61111111111111,19.444444444444446,49.233333333333334,972.4766666666667,SITE 9,EXT
2026-04-29 03:00:00,9.537166666666668,8.953,6.537999999999999,31.370370370370374,19.703703703703702,50.0,972.2586666666666,SITE 9,EXT
2026-04-29 04:00:00,11.044,10.427333333333333,7.4815,31.111111111111118,19.444444444444446,50.06666666666667,972.8306666666666,SITE 9,EXT
2026-04-29 05:00:00,21.995833333333334,20.665166666666668,14.671833333333332,30.685185185185187,19.462962962962965,51.733333333333334,973.2023333333333,SITE 9,EXT
2026-04-29 06:00:00,34.89758620689655,31.308448275862066,21.301724137931036,30.536398467432953,19.42528735632184,51.793103448275865,973.5210344827586,SITE 9,EXT
2026-04-29 07:00:00,34.773,30.83083333333333,20.584,30.851851851851855,19.666666666666668,51.6,974.2433333333333,SITE 9,EXT
2026-04-29 08:00:00,24.134,22.76516666666667,16.128833333333333,31.592592592592595,19.740740740740744,50.2,974.8913333333334,SITE 9,EXT
2026-04-29 09:00:00,16.912,16.054333333333332,11.764166666666666,33.03703703703704,19.944444444444446,46.56666666666667,974.881,SITE 9,EXT
2026-04-29 10:00:00,15.5495,14.704666666666666,10.734,34.61111111111111,19.77777777777778,42.06666666666667,974.2576666666666,SITE 9,EXT
2026-04-29 11:00:00,16.927666666666667,16.033666666666665,11.927833333333332,35.7962962962963,19.77777777777778,39.43333333333333,973.85,SITE 9,EXT
2026-04-29 12:00:00,14.902586206896553,14.105689655172414,10.427931034482759,36.62835249042146,19.75095785440613,37.689655172413794,973.2441379310345,SITE 9,EXT
2026-04-29 13:00:00,16.139666666666667,15.238333333333333,11.310833333333333,37.351851851851855,19.48148148148148,35.6,972.3306666666666,SITE 9,EXT
2026-04-29 14:00:00,16.879833333333334,16.132166666666667,12.222166666666668,37.77777777777778,19.814814814814817,35.233333333333334,971.5176666666666,SITE 9,EXT
2026-04-29 15:00:00,18.387666666666668,17.517833333333332,13.134166666666665,38.31481481481482,19.925925925925927,34.46666666666667,970.816,SITE 9,EXT
2026-04-29 16:00:00,22.254833333333334,21.114166666666666,15.492166666666666,37.7962962962963,20.0,35.63333333333333,970.592,SITE 9,EXT
2026-04-29 17:00:00,25.717,23.558400000000002,15.767000000000001,34.44444444444444,18.066666666666666,38.16,971.6028,SITE 9,EXT
2026-04-29 19:00:00,30.88696428571429,28.48089285714286,19.56,29.285714285714285,20.515873015873016,59.785714285714285,974.2375000000001,SITE 9,EXT
2026-04-29 20:00:00,32.97666666666667,29.821666666666665,20.503,30.25925925925926,20.48148148148148,56.166666666666664,974.6043333333333,SITE 9,EXT
2026-04-29 21:00:00,24.494666666666667,23.461833333333335,16.772000000000002,30.555555555555557,20.333333333333332,54.93333333333333,974.9936666666667,SITE 9,EXT
2026-04-29 22:00:00,17.34706896551724,16.438965517241378,11.35948275862069,30.249042145593872,19.655172413793103,53.58620689655172,975.5220689655172,SITE 9,EXT
2026-04-29 23:00:00,23.867,22.837833333333332,16.120833333333334,29.833333333333332,20.185185185185183,56.6,976.1086666666666,SITE 9,EXT
2026-04-30 00:00:00,23.709,22.678166666666666,16.152166666666666,29.740740740740744,20.62962962962963,58.56666666666667,976.1496666666667,SITE 9,EXT
2026-04-30 01:00:00,22.403666666666666,21.5115,15.475666666666665,29.98148148148148,20.61111111111111,57.93333333333333,975.4643333333333,SITE 9,EXT
2026-04-30 02:00:00,32.25116666666666,28.832333333333334,19.453833333333332,29.88888888888889,20.944444444444446,59.03333333333333,975.0926666666667,SITE 9,EXT
2026-04-30 03:00:00,32.144,29.871666666666666,20.53083333333333,30.0,21.166666666666668,59.6,974.7746666666667,SITE 9,EXT
2026-04-30 04:00:00,30.02766666666667,28.09916666666667,19.197666666666667,29.98148148148148,21.333333333333332,60.46666666666667,974.8756666666667,SITE 9,EXT
2026-04-30 05:00:00,37.84724137931034,33.62741379310345,22.354999999999997,29.75095785440613,21.417624521072796,61.689655172413794,975.2068965517242,SITE 9,EXT
2026-04-30 06:00:00,39.8165,34.943999999999996,23.564166666666665,29.814814814814817,21.48148148148148,61.43333333333333,975.6270000000001,SITE 9,EXT
2026-04-30 07:00:00,30.085,28.295,19.7625,30.27777777777778,21.51851851851852,60.0,976.1196666666667,SITE 9,EXT
2026-04-30 08:00:00,25.283666666666665,24.534,17.348166666666668,31.111111111111118,21.722222222222225,58.43333333333333,976.7626666666667,SITE 9,EXT
2026-04-30 09:00:00,23.893666666666665,23.301166666666667,16.68883333333333,31.740740740740744,22.09259259259259,57.13333333333333,976.9680000000001,SITE 9,EXT
2026-04-30 10:00:00,25.095,23.579827586206896,17.21086206896552,33.29501915708813,22.29885057471264,52.96551724137931,976.6920689655173,SITE 9,EXT
2026-04-30 11:00:00,20.252833333333335,19.487666666666666,14.421833333333334,34.74074074074074,21.64814814814815,47.06666666666667,976.2183333333334,SITE 9,EXT
2026-04-30 12:00:00,14.333499999999999,13.778166666666667,10.2335,36.05555555555556,21.62962962962963,43.43333333333333,975.149,SITE 9,EXT
2026-04-30 13:00:00,13.205666666666668,12.677666666666665,9.444833333333333,37.2037037037037,21.203703703703702,39.733333333333334,973.9503333333333,SITE 9,EXT
2026-04-30 14:00:00,13.099333333333334,12.391833333333333,9.211833333333335,37.57407407407407,20.685185185185183,37.93333333333333,972.9333333333333,SITE 9,EXT
2026-04-30 15:00:00,12.571379310344827,11.928793103448276,8.72655172413793,37.95019157088123,20.229885057471268,35.827586206896555,972.2227586206897,SITE 9,EXT
2026-04-30 16:00:00,14.016724137931035,13.203793103448275,9.688275862068965,38.333333333333336,20.153256704980844,35.0,971.5789655172414,SITE 9,EXT
2026-04-30 17:00:00,18.03483333333333,16.875833333333336,12.104333333333333,37.851851851851855,20.11111111111111,35.9,971.518,SITE 9,EXT
2026-04-30 18:00:00,52.3348275862069,45.20086206896552,29.905689655172413,37.394636015325666,20.53639846743295,37.724137931034484,971.8475862068965,SITE 9,EXT
2026-04-30 19:00:00,60.54883333333334,49.98350000000001,33.737833333333334,36.833333333333336,21.01851851851852,40.13333333333333,972.3773333333334,SITE 9,EXT
2026-04-30 20:00:00,57.830625,48.83375,33.09875,36.527777777777786,21.041666666666668,41.125,973.0287500000001,SITE 9,EXT
2026-04-30 21:00:00,31.590416666666666,29.32875,20.45875,32.17592592592593,22.36111111111111,56.625,974.03875,SITE 9,EXT
2026-04-30 22:00:00,42.838166666666666,37.60666666666667,26.095666666666666,32.833333333333336,22.75925925925926,56.233333333333334,974.1276666666666,SITE 9,EXT
2026-04-30 23:00:00,47.8355,40.38766666666667,27.889666666666667,32.74074074074074,23.333333333333336,58.166666666666664,974.0163333333333,SITE 9,EXT
2026-05-01 00:00:00,32.393499999999996,28.982166666666668,20.089,32.57407407407407,22.01851851851852,54.166666666666664,973.7513333333334,SITE 9,EXT
2026-05-01 01:00:00,30.438620689655174,28.744137931034484,20.190172413793103,32.1455938697318,22.39463601532567,56.86206896551724,973.1113793103448,SITE 9,EXT
2026-05-01 02:00:00,32.715,30.351,21.101499999999998,31.62962962962963,22.22222222222222,57.733333333333334,972.4583333333334,SITE 9,EXT
2026-05-01 03:00:00,35.5795,32.369166666666665,22.519333333333336,31.64814814814815,22.62962962962963,59.46666666666667,972.2896666666667,SITE 9,EXT
2026-05-01 04:00:00,36.87533333333333,33.01433333333333,22.72416666666667,31.31481481481482,22.055555555555557,58.733333333333334,972.4926666666667,SITE 9,EXT
2026-05-01 05:00:00,50.495333333333335,44.252500000000005,30.038166666666665,31.092592592592595,21.77777777777778,58.3,972.5973333333334,SITE 9,EXT
2026-05-01 06:00:00,71.97166666666666,63.72966666666667,43.974833333333336,31.055555555555557,21.833333333333332,58.2,972.8563333333333,SITE 9,EXT
2026-05-01 07:00:00,49.678275862068965,42.23310344827586,29.268275862068965,31.436781609195403,21.168582375478927,55.13793103448276,973.7293103448276,SITE 9,EXT
2026-05-01 08:00:00,40.052,35.336999999999996,24.683,32.7962962962963,21.037037037037035,50.56666666666667,974.4766666666667,SITE 9,EXT
2026-05-01 09:00:00,19.792333333333332,18.834666666666667,13.756499999999999,34.2962962962963,21.203703703703702,46.766666666666666,974.366,SITE 9,EXT
2026-05-01 10:00:00,21.921,20.455499999999997,14.6025,35.68518518518519,21.296296296296298,43.5,974.1139999999999,SITE 9,EXT
2026-05-01 11:00:00,17.2805,16.17983333333333,11.395999999999999,36.833333333333336,20.537037037037035,39.13333333333333,973.6616666666666,SITE 9,EXT
2026-05-01 12:00:00,13.417241379310346,12.387586206896552,8.946206896551724,37.22222222222222,20.229885057471265,37.37931034482759,972.8186206896552,SITE 9,EXT
2026-05-01 13:00:00,13.850166666666667,12.872166666666667,9.214666666666666,38.42592592592593,20.537037037037035,35.56666666666667,971.7396666666666,SITE 9,EXT
2026-05-01 14:00:00,15.121333333333332,13.906833333333333,9.594166666666666,39.388888888888886,20.425925925925927,33.56666666666667,970.902,SITE 9,EXT
2026-05-01 15:00:00,14.403,13.141333333333334,9.089166666666667,39.7962962962963,20.092592592592595,32.3,970.236,SITE 9,EXT
2026-05-01 16:00:00,16.08535714285714,14.76142857142857,10.281428571428572,40.11904761904761,20.535714285714285,32.464285714285715,969.8549999999999,SITE 9,EXT
2026-05-01 19:00:00,52.678636363636365,43.44613636363636,29.549772727272728,36.994949494949495,21.565656565656568,41.13636363636363,970.8722727272726,SITE 9,EXT
2026-05-01 20:00:00,49.70583333333333,41.2755,27.942999999999998,37.74074074074074,21.925925925925927,40.46666666666667,971.2966666666667,SITE 9,EXT
2026-05-01 21:00:00,61.8355,51.335166666666666,34.22633333333333,37.01851851851852,23.092592592592595,45.266666666666666,971.7756666666667,SITE 9,EXT
2026-05-01 22:00:00,61.109833333333334,50.50833333333333,34.217666666666666,36.68518518518519,23.51851851851852,47.166666666666664,972.0409999999999,SITE 9,EXT
2026-05-01 23:00:00,45.974333333333334,38.3975,25.073666666666668,36.05555555555556,22.166666666666668,44.96666666666667,971.8416666666667,SITE 9,EXT
2026-05-02 00:00:00,38.862931034482756,33.750689655172415,22.11810344827586,35.459770114942536,21.896551724137932,45.793103448275865,971.5886206896552,SITE 9,EXT
2026-05-02 01:00:00,31.946166666666667,29.576833333333337,20.370166666666666,34.7037037037037,21.833333333333332,47.766666666666666,971.2726666666666,SITE 9,EXT
2026-05-02 02:00:00,30.596833333333333,28.638333333333332,19.992,34.12962962962963,21.944444444444446,49.333333333333336,970.8806666666666,SITE 9,EXT
2026-05-02 03:00:00,30.826,28.920166666666667,20.378666666666668,33.66666666666667,21.925925925925927,50.333333333333336,970.624,SITE 9,EXT
2026-05-02 04:00:00,31.0555,29.178333333333335,20.665000000000003,33.0,21.35185185185185,51.06666666666667,970.9246666666667,SITE 9,EXT
2026-05-02 05:00:00,32.95913793103448,30.537068965517243,21.421724137931037,32.662835249042146,21.4367816091954,51.793103448275865,971.2634482758621,SITE 9,EXT
2026-05-02 06:00:00,44.199,37.98433333333333,26.11466666666667,32.2037037037037,21.09259259259259,52.7,971.6460000000001,SITE 9,EXT
2026-05-02 07:00:00,31.434833333333334,29.157,20.44183333333333,32.2037037037037,21.037037037037035,52.1,972.4403333333333,SITE 9,EXT
2026-05-02 08:00:00,24.49383333333333,23.482333333333333,16.942666666666664,32.96296296296296,21.296296296296298,50.766666666666666,973.1303333333333,SITE 9,EXT
2026-05-02 09:00:00,21.534166666666668,20.6035,15.118,33.870370370370374,21.685185185185183,49.4,973.6926666666666,SITE 9,EXT
2026-05-02 10:00:00,21.80816666666667,21.058,15.499500000000001,34.81481481481481,21.87037037037037,47.5,973.8056666666666,SITE 9,EXT
2026-05-02 11:00:00,20.508666666666667,19.81,14.722000000000001,35.666666666666664,22.09259259259259,45.6,973.4446666666666,SITE 9,EXT
2026-05-02 12:00:00,18.7815,18.0875,13.598833333333335,36.5,22.203703703703702,43.833333333333336,972.8303333333333,SITE 9,EXT
2026-05-02 13:00:00,18.322166666666664,17.3845,13.018333333333334,37.55555555555556,22.074074074074073,41.2,972.1433333333333,SITE 9,EXT
2026-05-02 14:00:00,18.369833333333336,17.584833333333332,13.276000000000002,38.351851851851855,22.14814814814815,39.766666666666666,971.3303333333333,SITE 9,EXT
2026-05-02 15:00:00,20.228166666666667,19.366666666666667,14.582666666666666,38.351851851851855,22.0,39.333333333333336,970.6316666666667,SITE 9,EXT
2026-05-02 16:00:00,22.844310344827587,21.904137931034484,16.32655172413793,38.29501915708813,21.685823754789272,38.51724137931034,970.2906896551724,SITE 9,EXT
2026-05-02 17:00:00,33.004,30.00133333333333,21.205,37.81481481481482,21.666666666666668,39.666666666666664,970.0446666666667,SITE 9,EXT
2026-05-02 18:00:00,51.62616666666667,46.70183333333333,32.0535,36.96296296296296,21.574074074074076,41.266666666666666,970.6853333333333,SITE 9,EXT
2026-05-02 19:00:00,46.38966666666667,39.324333333333335,26.33566666666667,36.31481481481482,21.62962962962963,42.86666666666667,971.2133333333334,SITE 9,EXT
2026-05-02 20:00:00,34.00716666666667,31.1955,21.827166666666667,35.666666666666664,22.01851851851852,45.46666666666667,972.336,SITE 9,EXT
2026-05-02 21:00:00,29.1805,27.482666666666667,19.726,35.01851851851852,22.14814814814815,47.63333333333333,972.796,SITE 9,EXT
2026-05-02 22:00:00,20.482166666666668,19.580666666666666,14.607666666666667,34.42592592592593,21.962962962962965,48.666666666666664,973.6419999999999,SITE 9,EXT
2026-05-02 23:00:00,21.441379310344825,20.439137931034484,15.283448275862067,34.099616858237546,21.97318007662835,49.6551724137931,974.2034482758621,SITE 9,EXT
2026-05-03 00:00:00,6.751166666666666,6.171833333333334,4.0465,31.703703703703706,18.092592592592595,44.96666666666667,974.7273333333334,SITE 9,EXT
2026-05-03 01:00:00,7.005333333333334,6.447166666666666,4.336666666666667,30.925925925925927,18.40740740740741,47.5,972.7696666666667,SITE 9,EXT
2026-05-03 02:00:00,6.242166666666666,5.7295,3.9673333333333334,30.166666666666668,17.77777777777778,47.666666666666664,972.2213333333333,SITE 9,EXT
2026-05-03 03:00:00,5.970166666666667,5.498666666666667,3.782166666666667,29.740740740740744,18.25925925925926,50.733333333333334,971.4490000000001,SITE 9,EXT
2026-05-03 04:00:00,5.9855,5.539000000000001,3.868,29.425925925925927,18.12962962962963,51.233333333333334,970.995,SITE 9,EXT
2026-05-03 05:00:00,8.538833333333335,8.031333333333333,5.659833333333333,29.48148148148148,17.685185185185183,49.0,971.5906666666667,SITE 9,EXT
2026-05-03 06:00:00,20.59916666666667,19.645833333333332,13.931000000000001,29.740740740740744,18.092592592592595,50.13333333333333,972.2936666666667,SITE 9,EXT
2026-05-03 07:00:00,48.9601724137931,41.916724137931034,27.624655172413792,29.75095785440613,18.5632183908046,51.275862068965516,972.9303448275862,SITE 9,EXT
2026-05-03 08:00:00,27.908166666666666,25.649833333333333,16.981,30.27777777777778,18.296296296296298,48.96666666666667,974.278,SITE 9,EXT
2026-05-03 09:00:00,9.681666666666667,9.133333333333333,6.364833333333333,31.166666666666668,17.703703703703702,44.766666666666666,974.705,SITE 9,EXT
2026-05-03 10:00:00,7.497,6.956666666666666,4.8275,32.90740740740741,17.962962962962965,41.3,974.3349999999999,SITE 9,EXT
2026-05-03 11:00:00,6.665666666666667,6.239333333333334,4.3933333333333335,34.53703703703704,18.685185185185183,39.53333333333333,974.2616666666667,SITE 9,EXT
2026-05-03 12:00:00,8.844,8.204166666666667,5.898,35.7962962962963,19.592592592592595,39.0,973.269,SITE 9,EXT
2026-05-03 13:00:00,9.964833333333333,9.245333333333333,6.742500000000001,37.18518518518519,20.11111111111111,37.266666666666666,972.2386666666666,SITE 9,EXT
2026-05-03 14:00:00,39.255333333333326,36.176,26.683833333333332,38.5,20.222222222222225,34.733333333333334,971.4623333333333,SITE 9,EXT
2026-05-03 15:00:00,18.859166666666667,17.67366666666667,13.059166666666666,39.2962962962963,20.074074074074076,33.06666666666667,971.2266666666667,SITE 9,EXT
2026-05-03 16:00:00,18.21258620689655,17.18206896551724,12.414310344827586,38.67816091954023,19.904214559386975,33.86206896551724,970.8403448275861,SITE 9,EXT
2026-05-03 17:00:00,24.13566666666667,22.665000000000003,16.089666666666666,38.18518518518519,20.037037037037035,35.1,971.1546666666667,SITE 9,EXT
2026-05-03 18:00:00,29.091333333333335,26.9035,18.726999999999997,37.38888888888889,19.925925925925927,36.53333333333333,971.7026666666667,SITE 9,EXT
2026-05-03 19:00:00,44.2665,37.736,25.87633333333333,36.92592592592593,20.388888888888893,38.43333333333333,972.5803333333333,SITE 9,EXT
2026-05-03 20:00:00,32.70766666666667,30.035833333333336,20.884,36.333333333333336,20.962962962962965,41.166666666666664,973.0746666666668,SITE 9,EXT
2026-05-03 21:00:00,33.36566666666667,30.277333333333335,20.460666666666665,35.98148148148149,20.98148148148148,42.0,973.6356666666667,SITE 9,EXT
2026-05-03 22:00:00,23.706000000000003,22.337,15.4015,35.5,20.796296296296298,42.733333333333334,973.786,SITE 9,EXT
2026-05-03 23:00:00,19.044310344827586,18.09,13.240689655172414,35.03831417624521,21.053639846743295,44.3448275862069,974.3258620689655,SITE 9,EXT
2026-05-04 00:00:00,23.778333333333332,22.7255,16.650333333333332,34.72222222222222,21.27777777777778,46.233333333333334,974.3913333333333,SITE 9,EXT
2026-05-04 01:00:00,24.1785,23.176833333333335,16.906333333333333,34.01851851851852,21.166666666666668,47.6,973.9866666666666,SITE 9,EXT
2026-05-04 02:00:00,21.863666666666667,21.011000000000003,15.598333333333333,33.75925925925926,21.555555555555557,49.233333333333334,973.5300000000001,SITE 9,EXT
2026-05-04 03:00:00,22.07,21.263333333333332,15.826333333333334,33.333333333333336,21.666666666666668,50.63333333333333,973.1553333333334,SITE 9,EXT
2026-05-04 04:00:00,24.997,23.97683333333333,17.657500000000002,32.851851851851855,21.62962962962963,51.93333333333333,973.1693333333334,SITE 9,EXT
2026-05-04 05:00:00,33.25966666666667,30.637,21.610833333333336,32.37037037037037,21.48148148148148,53.333333333333336,973.5886666666667,SITE 9,EXT
2026-05-04 06:00:00,43.40816666666667,37.27766666666666,25.379666666666665,31.722222222222225,21.574074074074076,55.3,974.2056666666666,SITE 9,EXT
2026-05-04 07:00:00,32.94166666666667,29.9205,20.920666666666666,31.90740740740741,21.22222222222222,53.8,974.9203333333334,SITE 9,EXT
2026-05-04 08:00:00,24.501666666666665,23.642166666666665,17.175333333333334,33.092592592592595,21.12962962962963,49.86666666666667,975.6883333333334,SITE 9,EXT
2026-05-04 09:00:00,22.361833333333333,21.384666666666664,15.700666666666667,34.37037037037037,21.092592592592595,46.4,975.776,SITE 9,EXT
2026-05-04 10:00:00,20.555333333333333,19.677166666666665,14.6585,35.72222222222222,21.092592592592595,43.0,975.588,SITE 9,EXT
2026-05-04 11:00:00,18.026666666666664,17.267166666666665,12.874500000000001,37.2037037037037,20.85185185185185,39.03333333333333,974.8206666666666,SITE 9,EXT
2026-05-04 12:00:00,18.376896551724137,17.41793103448276,12.998448275862069,38.333333333333336,20.574712643678165,35.96551724137931,973.7906896551724,SITE 9,EXT
2026-05-04 15:00:00,20.009642857142858,18.71607142857143,13.034285714285714,36.58730158730159,19.603174603174605,38.214285714285715,971.0164285714285,SITE 9,EXT
2026-05-04 16:00:00,14.828333333333335,13.8935,9.821,31.5,20.62962962962963,52.96666666666667,972.1923333333333,SITE 9,EXT
2026-05-04 17:00:00,21.642,20.413666666666664,14.469666666666665,31.40740740740741,20.703703703703702,53.56666666666667,972.9973333333334,SITE 9,EXT
2026-05-04 18:00:00,23.26258620689655,22.21103448275862,15.943793103448275,30.555555555555557,20.191570881226053,54.3448275862069,973.3310344827586,SITE 9,EXT
2026-05-04 19:00:00,27.515833333333333,25.397333333333332,17.8535,29.85185185185185,20.166666666666668,56.63333333333333,973.5576666666667,SITE 9,EXT
2026-05-04 20:00:00,17.911833333333334,17.076666666666664,11.947333333333335,29.814814814814817,19.722222222222225,55.333333333333336,974.3466666666667,SITE 9,EXT
2026-05-04 21:00:00,14.647333333333334,13.8865,9.941,30.14814814814815,19.12962962962963,52.36666666666667,974.6676666666666,SITE 9,EXT
2026-05-04 22:00:00,11.859333333333332,11.187333333333333,8.031833333333333,30.14814814814815,19.037037037037035,51.93333333333333,974.9426666666666,SITE 9,EXT
2026-05-04 23:00:00,11.350333333333333,10.6575,7.598,30.518518518518523,19.12962962962963,50.9,974.6643333333334,SITE 9,EXT
2026-05-05 00:00:00,14.525333333333332,13.563666666666666,9.503333333333334,30.11111111111111,18.833333333333332,51.333333333333336,973.9196666666667,SITE 9,EXT
2026-05-05 01:00:00,27.693333333333335,24.474666666666668,15.917666666666667,30.166666666666668,19.27777777777778,52.833333333333336,972.7936666666667,SITE 9,EXT
2026-05-05 02:00:00,15.667,14.7665,10.263166666666667,30.0,19.722222222222225,54.733333333333334,971.927,SITE 9,EXT
2026-05-05 03:00:00,15.088275862068965,14.37758620689655,10.351206896551725,29.655172413793103,19.674329501915707,55.689655172413794,971.5313793103448,SITE 9,EXT
2026-05-05 04:00:00,18.985833333333336,17.538999999999998,12.681000000000001,29.444444444444446,19.53703703703704,55.86666666666667,971.6616666666666,SITE 9,EXT
2026-05-05 05:00:00,21.803166666666666,20.8865,15.179166666666667,28.944444444444446,19.5,56.96666666666667,972.372,SITE 9,EXT
2026-05-05 06:00:00,38.1775,33.6635,23.074166666666667,29.203703703703706,19.240740740740744,55.6,972.871,SITE 9,EXT
2026-05-05 07:00:00,28.78033333333333,26.944000000000003,18.539166666666667,29.592592592592595,18.796296296296298,52.766666666666666,973.4393333333334,SITE 9,EXT
2026-05-05 08:00:00,17.0865,16.245333333333335,11.512666666666666,30.796296296296298,18.5,48.233333333333334,974.6033333333332,SITE 9,EXT
2026-05-05 09:00:00,17.8105,16.92833333333333,11.9695,31.90740740740741,18.592592592592595,45.43333333333333,975.0756666666667,SITE 9,EXT
2026-05-05 10:00:00,17.871333333333332,16.95116666666667,11.915666666666668,33.333333333333336,18.685185185185183,42.2,974.8623333333333,SITE 9,EXT
2026-05-05 11:00:00,16.467586206896552,15.613275862068967,11.487241379310344,34.90421455938697,18.18007662835249,37.3448275862069,974.4751724137931,SITE 9,EXT
2026-05-05 12:00:00,13.46532258064516,12.700645161290323,9.170483870967741,36.29032258064516,18.154121863799286,34.61290322580645,973.5600000000001,SITE 9,EXT
2026-05-05 13:00:00,11.208666666666666,10.512666666666666,7.783166666666667,37.851851851851855,18.333333333333332,32.03333333333333,972.3963333333334,SITE 9,EXT
2026-05-05 14:00:00,11.446166666666667,10.799333333333333,7.936833333333333,38.851851851851855,18.944444444444446,31.733333333333334,971.67,SITE 9,EXT
2026-05-05 15:00:00,12.9475,12.239666666666666,9.1885,38.88888888888889,19.222222222222225,31.966666666666665,971.265,SITE 9,EXT
2026-05-05 16:00:00,15.587,14.8085,11.043833333333334,39.24074074074074,19.11111111111111,30.966666666666665,970.7199999999999,SITE 9,EXT
2026-05-05 17:00:00,210.8545,199.58483333333334,95.53416666666666,38.870370370370374,18.814814814814817,31.233333333333334,970.628,SITE 9,EXT
2026-05-05 18:00:00,196.41233333333332,182.53616666666667,99.82483333333333,38.75925925925926,19.40740740740741,32.56666666666667,970.6696666666667,SITE 9,EXT
2026-05-05 19:00:00,51.55283333333333,43.571000000000005,29.41,37.68518518518519,19.87037037037037,35.766666666666666,971.881,SITE 9,EXT
2026-05-05 20:00:00,38.2,33.016666666666666,20.853166666666667,34.092592592592595,17.314814814814817,37.233333333333334,973.876,SITE 9,EXT
2026-05-05 21:00:00,13.481333333333334,12.350333333333333,8.0855,32.77777777777778,17.77777777777778,41.06666666666667,973.0886666666667,SITE 9,EXT
2026-05-05 22:00:00,12.298333333333334,11.333666666666666,7.529166666666667,32.2962962962963,18.25925925925926,43.7,973.6853333333333,SITE 9,EXT
2026-05-05 23:00:00,13.503833333333334,12.3855,8.225833333333334,32.166666666666664,18.61111111111111,44.96666666666667,973.5453333333334,SITE 9,EXT
2026-05-06 00:00:00,13.163833333333335,12.268333333333334,8.308333333333334,31.240740740740744,19.055555555555557,48.56666666666667,973.556,SITE 9,EXT
2026-05-06 01:00:00,13.2225,12.218833333333333,8.339666666666666,31.074074074074076,18.833333333333332,48.0,972.876,SITE 9,EXT
2026-05-06 02:00:00,16.5215,15.499166666666667,10.402666666666667,30.703703703703706,19.037037037037035,50.1,972.4876666666667,SITE 9,EXT
2026-05-06 03:00:00,16.696833333333334,15.354000000000001,10.04,30.37037037037037,19.222222222222225,51.06666666666667,972.327,SITE 9,EXT
2026-05-06 04:00:00,24.018166666666666,22.020666666666667,13.831666666666667,30.0,19.055555555555557,52.43333333333333,973.0103333333334,SITE 9,EXT
2026-05-06 05:00:00,34.4315,30.471166666666665,19.088666666666665,29.833333333333332,19.666666666666668,55.13333333333333,973.7346666666667,SITE 9,EXT
2026-05-06 06:00:00,44.7395,37.95433333333334,24.900166666666667,29.962962962962965,20.25925925925926,56.5,973.8349999999999,SITE 9,EXT
2026-05-06 07:00:00,41.04116666666666,35.63616666666667,23.712666666666667,30.037037037037035,19.796296296296298,54.86666666666667,974.2866666666666,SITE 9,EXT
2026-05-06 08:00:00,20.063166666666667,19.152333333333335,13.4305,30.722222222222225,18.77777777777778,49.333333333333336,974.5333333333333,SITE 9,EXT
2026-05-06 09:00:00,15.202833333333333,14.391166666666667,9.954333333333333,31.962962962962965,18.722222222222225,45.9,974.9336666666666,SITE 9,EXT
2026-05-06 10:00:00,22.726,20.857166666666668,14.174333333333333,33.611111111111114,18.722222222222225,41.7,974.2666666666667,SITE 9,EXT
2026-05-06 11:00:00,14.504833333333332,13.754999999999999,10.089833333333333,34.92592592592593,18.370370370370374,37.9,973.6659999999999,SITE 9,EXT
2026-05-06 12:00:00,14.358833333333333,13.542,10.020666666666667,36.44444444444445,18.333333333333332,34.833333333333336,972.9296666666667,SITE 9,EXT
2026-05-06 13:00:00,13.3505,12.602166666666667,9.349833333333333,37.57407407407407,18.0,31.933333333333334,971.6,SITE 9,EXT
2026-05-06 14:00:00,13.520000000000001,12.574666666666667,9.237,38.68518518518519,18.27777777777778,30.533333333333335,970.453,SITE 9,EXT
2026-05-06 15:00:00,14.365666666666668,13.505833333333333,9.808333333333334,39.333333333333336,18.166666666666668,29.066666666666666,969.612,SITE 9,EXT
2026-05-06 16:00:00,17.34258064516129,16.386774193548387,11.838064516129032,39.157706093189965,18.082437275985665,29.35483870967742,969.2348387096774,SITE 9,EXT
2026-05-06 17:00:00,30.336000000000002,28.41033333333333,19.741,38.31481481481482,17.5,29.6,969.6666666666666,SITE 9,EXT
2026-05-06 18:00:00,55.7385,47.507,30.853666666666665,37.7962962962963,18.462962962962965,32.5,970.1136666666666,SITE 9,EXT
2026-05-06 19:00:00,57.341166666666666,47.507,32.187666666666665,37.12962962962963,19.092592592592595,34.9,970.6023333333334,SITE 9,EXT
2026-05-06 20:00:00,42.24316666666667,36.31666666666667,24.724666666666668,36.351851851851855,19.75925925925926,38.13333333333333,970.9789999999999,SITE 9,EXT
2026-05-06 21:00:00,31.865000000000002,29.610666666666663,20.679166666666667,35.48148148148149,20.12962962962963,40.666666666666664,971.9813333333333,SITE 9,EXT
2026-05-06 22:00:00,26.119833333333336,25.029999999999998,17.886333333333333,34.75925925925926,20.222222222222225,42.9,972.8443333333333,SITE 9,EXT
2026-05-06 23:00:00,24.0005,23.128833333333333,16.634333333333334,33.94444444444444,20.592592592592595,46.06666666666667,972.831,SITE 9,EXT
2026-05-07 00:00:00,24.391333333333332,23.162333333333333,15.882833333333334,33.333333333333336,20.555555555555557,47.53333333333333,972.4856666666667,SITE 9,EXT
2026-05-07 01:00:00,14.988333333333333,14.482166666666668,10.442833333333335,32.92592592592593,20.574074074074076,48.666666666666664,972.3353333333333,SITE 9,EXT
2026-05-07 02:00:00,12.569833333333333,12.081333333333333,8.906833333333333,32.57407407407407,20.555555555555557,49.766666666666666,971.7723333333332,SITE 9,EXT
2026-05-07 03:00:00,13.5525,13.149166666666668,9.623333333333333,32.148148148148145,20.48148148148148,50.766666666666666,971.6946666666666,SITE 9,EXT
2026-05-07 04:00:00,17.805833333333332,17.291,12.547666666666666,31.64814814814815,20.0,50.63333333333333,971.9240000000001,SITE 9,EXT
2026-05-07 05:00:00,26.308666666666667,24.865000000000002,17.427833333333336,31.444444444444446,19.77777777777778,50.13333333333333,972.222,SITE 9,EXT
2026-05-07 06:00:00,24.22533333333333,22.556,15.439333333333334,31.092592592592595,18.962962962962965,49.1,972.6553333333334,SITE 9,EXT
2026-05-07 07:00:00,22.434833333333334,21.387833333333333,15.110999999999999,30.77777777777778,19.51851851851852,51.63333333333333,973.5316666666666,SITE 9,EXT
2026-05-07 08:00:00,20.0415,19.250666666666667,13.814666666666666,31.666666666666668,20.48148148148148,52.03333333333333,973.9770000000001,SITE 9,EXT
2026-05-07 09:00:00,17.0715,16.193666666666665,11.662666666666667,33.25925925925926,20.388888888888893,47.0,974.0606666666666,SITE 9,EXT
2026-05-07 10:00:00,18.970333333333333,18.14766666666667,13.4375,34.61111111111111,20.5,44.03333333333333,973.9073333333333,SITE 9,EXT
2026-05-07 11:00:00,20.308666666666667,19.440833333333334,14.266166666666667,36.05555555555556,20.87037037037037,41.56666666666667,973.2710000000001,SITE 9,EXT
2026-05-07 12:00:00,20.1805,19.497166666666665,14.570500000000001,37.46296296296296,20.462962962962965,37.666666666666664,972.1753333333334,SITE 9,EXT
2026-05-07 13:00:00,14.426833333333333,13.794166666666666,10.312166666666666,38.166666666666664,19.592592592592595,34.166666666666664,971.2193333333333,SITE 9,EXT
2026-05-07 14:00:00,13.6525,12.897166666666667,9.352333333333332,38.88888888888889,19.833333333333332,33.233333333333334,970.351,SITE 9,EXT
2026-05-07 15:00:00,14.248333333333333,13.448166666666667,9.780666666666667,39.166666666666664,19.814814814814817,32.833333333333336,969.769,SITE 9,EXT
2026-05-07 16:00:00,15.072333333333335,14.2855,10.417166666666667,38.81481481481482,19.48148148148148,32.8,969.6126666666667,SITE 9,EXT
2026-05-07 17:00:00,19.759833333333333,18.7195,13.554166666666667,38.333333333333336,19.203703703703706,32.96666666666667,969.9193333333334,SITE 9,EXT
2026-05-07 18:00:00,40.92433333333334,35.38666666666666,23.702333333333335,37.666666666666664,19.27777777777778,34.166666666666664,970.4176666666666,SITE 9,EXT
2026-05-07 19:00:00,32.6875,29.421333333333333,20.220166666666668,36.88888888888889,19.185185185185183,36.0,971.0196666666667,SITE 9,EXT
2026-05-07 20:00:00,27.003833333333333,25.434666666666665,17.782,36.14814814814815,19.092592592592595,37.0,971.9206666666666,SITE 9,EXT
2026-05-07 21:00:00,27.586290322580645,25.934354838709677,17.89516129032258,35.32258064516129,19.103942652329753,38.806451612903224,973.0554838709678,SITE 9,EXT
2026-05-07 22:00:00,24.177833333333336,23.014666666666667,16.424666666666667,34.7037037037037,19.555555555555557,41.4,973.4336666666666,SITE 9,EXT
2026-05-07 23:00:00,23.104833333333332,22.153166666666667,15.945333333333334,34.00000000000001,19.925925925925927,43.766666666666666,973.2126666666667,SITE 9,EXT
2026-05-08 00:00:00,23.398500000000002,22.450333333333333,16.187833333333334,33.51851851851852,20.055555555555554,45.86666666666667,972.7263333333334,SITE 9,EXT
2026-05-08 01:00:00,22.276666666666664,21.366,15.269166666666667,33.333333333333336,20.425925925925927,46.8,972.3193333333334,SITE 9,EXT
2026-05-08 02:00:00,17.1075,16.37666666666667,11.937666666666667,32.851851851851855,20.074074074074076,47.766666666666666,971.6103333333334,SITE 9,EXT
2026-05-08 03:00:00,15.405166666666668,14.788499999999999,10.6685,32.55555555555556,20.0,48.06666666666667,971.4696666666666,SITE 9,EXT
2026-05-08 04:00:00,17.992833333333333,17.269166666666667,12.581166666666666,32.2037037037037,20.222222222222225,49.63333333333333,971.4246666666666,SITE 9,EXT
2026-05-08 05:00:00,41.222833333333334,37.785333333333334,24.986833333333333,31.796296296296298,20.166666666666668,50.96666666666667,971.7446666666667,SITE 9,EXT
2026-05-08 06:00:00,67.6785,58.29216666666666,37.5385,32.07407407407407,20.61111111111111,51.3,972.1496666666667,SITE 9,EXT
2026-05-08 07:00:00,41.35816666666666,35.565666666666665,23.012666666666668,32.25925925925926,20.51851851851852,50.36666666666667,972.7166666666667,SITE 9,EXT
2026-05-08 08:00:00,27.426833333333335,24.9875,16.735,33.42592592592593,20.074074074074073,45.833333333333336,973.2620000000001,SITE 9,EXT
2026-05-08 09:00:00,21.511833333333335,20.692666666666664,15.022166666666667,34.51851851851852,20.240740740740744,43.7,973.6073333333334,SITE 9,EXT
2026-05-08 10:00:00,16.376333333333335,15.552666666666665,11.356666666666666,36.05555555555556,20.037037037037035,39.53333333333333,973.3866666666667,SITE 9,EXT
2026-05-08 11:00:00,14.04,13.460666666666667,10.093,37.48148148148149,19.833333333333332,36.06666666666667,973.018,SITE 9,EXT
2026-05-08 12:00:00,15.108333333333333,14.365333333333332,10.821833333333332,38.7962962962963,19.944444444444446,33.7,972.3086666666666,SITE 9,EXT
2026-05-08 13:00:00,14.636833333333334,13.8515,10.358333333333333,39.68518518518518,19.962962962962965,32.1,971.5313333333332,SITE 9,EXT
2026-05-08 14:00:00,14.387333333333334,13.602666666666666,10.269666666666666,40.0,19.592592592592595,30.866666666666667,970.431,SITE 9,EXT
2026-05-08 15:00:00,14.912833333333333,14.061333333333332,10.499166666666667,40.24074074074074,19.666666666666668,30.6,969.5186666666667,SITE 9,EXT
2026-05-08 16:00:00,14.945,14.049000000000001,10.290166666666666,40.44444444444445,19.48148148148148,30.0,968.8546666666666,SITE 9,EXT
2026-05-08 17:00:00,16.76875,15.108125000000001,10.71875,32.361111111111114,20.729166666666668,51.1875,972.389375,SITE 9,EXT
2026-05-08 18:00:00,13.106666666666666,12.322166666666668,8.6765,32.18518518518518,20.962962962962965,51.8,972.6270000000001,SITE 9,EXT
2026-05-08 19:00:00,21.2595,20.242833333333333,14.469333333333333,32.37037037037037,20.64814814814815,50.36666666666667,972.9883333333333,SITE 9,EXT
2026-05-08 20:00:00,18.404999999999998,17.563333333333333,12.454166666666667,32.05555555555556,19.796296296296298,48.46666666666667,973.1186666666667,SITE 9,EXT
2026-05-08 21:00:00,14.478833333333334,13.700333333333333,9.834666666666667,32.18518518518518,20.037037037037035,48.93333333333333,973.628,SITE 9,EXT
2026-05-08 22:00:00,10.575740740740741,9.970555555555555,7.178518518518518,31.748971193415642,19.938271604938272,50.0,974.2085185185185,SITE 9,EXT
2026-05-08 23:00:00,9.546333333333333,8.921666666666665,6.155666666666667,31.333333333333336,19.25925925925926,49.43333333333333,975.3633333333333,SITE 9,EXT
2026-05-09 00:00:00,10.411,9.706,6.666666666666667,31.240740740740744,19.462962962962965,49.93333333333333,974.9006666666667,SITE 9,EXT
2026-05-09 01:00:00,10.302833333333332,9.626333333333333,6.653666666666667,31.092592592592595,19.444444444444446,50.3,974.6550000000001,SITE 9,EXT
2026-05-09 02:00:00,10.288,9.693833333333334,6.995666666666667,30.5,20.037037037037035,54.333333333333336,974.4916666666667,SITE 9,EXT
2026-05-09 03:00:00,11.171666666666665,10.598166666666666,7.762166666666667,30.333333333333332,20.62962962962963,56.63333333333333,974.7076666666667,SITE 9,EXT
2026-05-09 04:00:00,13.83,13.245000000000001,9.642666666666665,30.5,20.666666666666668,56.5,974.8956666666667,SITE 9,EXT
2026-05-09 05:00:00,21.767333333333333,20.397499999999997,14.453166666666668,30.037037037037035,20.666666666666668,57.5,974.9906666666667,SITE 9,EXT
2026-05-09 06:00:00,61.76416666666667,54.90566666666667,34.27366666666667,30.14814814814815,21.01851851851852,58.8,975.0053333333333,SITE 9,EXT
2026-05-09 07:00:00,37.07733333333333,32.87883333333333,22.743833333333335,30.555555555555557,20.77777777777778,56.56666666666667,975.6186666666667,SITE 9,EXT
2026-05-09 08:00:00,26.678833333333333,25.42233333333333,17.86433333333333,31.27777777777778,20.685185185185183,53.733333333333334,976.1276666666668,SITE 9,EXT
2026-05-09 09:00:00,19.960833333333333,19.088,13.916666666666666,31.98148148148148,20.796296296296298,52.06666666666667,976.142,SITE 9,EXT
2026-05-09 10:00:00,14.880333333333335,14.294333333333332,10.508999999999999,32.592592592592595,20.722222222222225,50.06666666666667,975.8623333333333,SITE 9,EXT
2026-05-09 11:00:00,17.056166666666666,16.42716666666667,12.075,33.166666666666664,20.944444444444446,48.96666666666667,975.597,SITE 9,EXT
2026-05-09 12:00:00,17.348333333333336,16.547166666666666,12.130500000000001,33.7962962962963,20.740740740740744,46.766666666666666,974.987,SITE 9,EXT
2026-05-09 13:00:00,19.095666666666666,18.302333333333333,13.529833333333332,34.42592592592593,20.75925925925926,45.36666666666667,973.9776666666666,SITE 9,EXT
2026-05-09 14:00:00,21.98033333333333,20.61616666666667,14.926833333333333,34.68518518518518,20.85185185185185,44.96666666666667,973.065,SITE 9,EXT
2026-05-09 15:00:00,26.279833333333332,23.81,16.96366666666667,35.2037037037037,21.203703703703702,44.5,972.6326666666666,SITE 9,EXT
2026-05-09 16:00:00,23.127166666666664,21.888333333333332,15.941833333333333,35.53703703703704,21.35185185185185,44.1,972.525,SITE 9,EXT
2026-05-09 17:00:00,40.641666666666666,36.17466666666667,24.8155,35.12962962962963,21.425925925925927,45.36666666666667,972.9176666666666,SITE 9,EXT
2026-05-09 18:00:00,45.4125,39.07216666666667,25.732333333333333,34.57407407407407,21.24074074074074,46.266666666666666,973.235,SITE 9,EXT
2026-05-09 19:00:00,79.756,71.05766666666666,45.799166666666665,34.407407407407405,21.25925925925926,47.0,974.1156666666667,SITE 9,EXT
2026-05-09 20:00:00,61.91333333333333,51.310833333333335,35.150333333333336,33.98148148148149,21.703703703703702,49.166666666666664,974.7333333333333,SITE 9,EXT
2026-05-09 21:00:00,42.347903225806455,36.567741935483866,25.26516129032258,33.54838709677419,21.666666666666668,50.29032258064516,975.2241935483871,SITE 9,EXT
2026-05-09 22:00:00,41.01983333333333,35.761833333333335,24.8435,33.148148148148145,21.5,51.06666666666667,975.8259999999999,SITE 9,EXT
2026-05-09 23:00:00,44.606833333333334,38.33416666666666,26.406,32.72222222222222,21.314814814814817,51.96666666666667,975.9366666666666,SITE 9,EXT
2026-05-10 00:00:00,31.058333333333334,28.43,20.075833333333332,32.31481481481482,21.037037037037035,51.666666666666664,975.5003333333333,SITE 9,EXT
2026-05-10 01:00:00,25.658333333333335,24.511333333333333,17.57,32.05555555555556,21.12962962962963,52.8,975.112,SITE 9,EXT
2026-05-10 02:00:00,25.47716666666667,24.473166666666664,17.464166666666664,31.666666666666668,21.11111111111111,53.93333333333333,974.5653333333333,SITE 9,EXT
2026-05-10 03:00:00,23.903833333333335,23.141333333333332,17.081,31.31481481481482,21.0,54.96666666666667,974.1756666666666,SITE 9,EXT
2026-05-10 04:00:00,27.985666666666667,26.645333333333333,18.917166666666667,31.111111111111118,21.11111111111111,55.766666666666666,974.2433333333333,SITE 9,EXT
2026-05-10 05:00:00,49.26916666666667,43.8275,30.080499999999997,30.61111111111111,20.740740740740744,56.266666666666666,974.8416666666667,SITE 9,EXT
2026-05-10 06:00:00,66.472,56.75066666666667,38.67933333333333,30.61111111111111,20.722222222222225,56.5,975.169,SITE 9,EXT
2026-05-10 07:00:00,43.157666666666664,37.391666666666666,25.154333333333334,31.48148148148148,21.166666666666668,54.86666666666667,975.7493333333333,SITE 9,EXT
2026-05-10 08:00:00,18.055999999999997,17.24116666666667,12.456999999999999,32.611111111111114,21.037037037037035,50.96666666666667,976.175,SITE 9,EXT
2026-05-10 09:00:00,16.324166666666667,15.471499999999999,11.25,33.90740740740741,21.203703703703702,48.2,976.2776666666667,SITE 9,EXT
2026-05-10 10:00:00,12.829166666666667,12.007,8.716666666666667,35.46296296296296,20.87037037037037,42.8,975.7886666666667,SITE 9,EXT
2026-05-10 11:00:00,11.314166666666667,10.301666666666668,7.150833333333334,36.92592592592593,20.0,37.53333333333333,974.879,SITE 9,EXT
2026-05-10 12:00:00,14.859833333333334,13.607,9.5975,38.07407407407407,19.51851851851852,34.06666666666667,973.7866666666666,SITE 9,EXT
2026-05-10 13:00:00,16.24716666666667,15.029333333333334,10.738333333333333,38.7962962962963,18.574074074074076,31.033333333333335,972.679,SITE 9,EXT
2026-05-10 14:00:00,14.622333333333334,13.475666666666665,9.546166666666666,39.351851851851855,18.092592592592595,29.133333333333333,971.8449999999999,SITE 9,EXT
2026-05-10 15:00:00,15.358,13.949166666666665,9.7105,39.94444444444444,18.685185185185183,29.166666666666668,971.3430000000001,SITE 9,EXT
2026-05-10 16:00:00,14.6025,13.465833333333334,9.5115,40.05555555555556,18.444444444444446,28.566666666666666,970.8743333333333,SITE 9,EXT
2026-05-10 17:00:00,15.831,14.317499999999999,9.965333333333332,39.666666666666664,18.018518518518523,28.366666666666667,971.0823333333334,SITE 9,EXT
2026-05-10 18:00:00,54.28666666666666,48.560500000000005,31.342166666666667,39.27777777777778,18.203703703703706,29.333333333333332,971.5606666666666,SITE 9,EXT
2026-05-10 19:00:00,78.70049999999999,69.7835,46.714000000000006,38.70370370370371,19.27777777777778,32.43333333333333,972.1756666666666,SITE 9,EXT
2026-05-10 20:00:00,83.67666666666668,77.1555,52.532000000000004,37.7962962962963,20.240740740740744,36.36666666666667,972.6566666666666,SITE 9,EXT
2026-05-10 21:00:00,63.35333333333334,53.190333333333335,35.35433333333334,37.01851851851852,19.870370370370374,36.9,973.2520000000001,SITE 9,EXT
2026-05-10 22:00:00,55.81133333333333,45.3995,30.14383333333333,36.46296296296296,20.11111111111111,38.766666666666666,973.7683333333333,SITE 9,EXT
2026-05-10 23:00:00,48.327999999999996,40.415333333333336,27.484666666666666,35.5,20.166666666666668,41.06666666666667,973.6919999999999,SITE 9,EXT
2026-05-11 00:00:00,37.18866666666667,33.05766666666667,22.74866666666667,34.7037037037037,20.666666666666668,44.333333333333336,973.533,SITE 9,EXT
2026-05-11 01:00:00,30.396166666666666,28.681833333333334,20.3265,34.074074074074076,20.740740740740744,46.0,973.1516666666666,SITE 9,EXT
2026-05-11 02:00:00,27.422666666666665,26.044833333333333,18.760666666666665,33.48148148148149,20.555555555555557,46.86666666666667,972.6136666666666,SITE 9,EXT
2026-05-11 03:00:00,24.282500000000002,23.115833333333335,16.955666666666666,33.148148148148145,20.37037037037037,47.0,972.471,SITE 9,EXT
2026-05-11 04:00:00,25.48032258064516,24.026935483870968,17.13,32.75985663082437,20.0,47.58064516129032,972.7103225806452,SITE 9,EXT
2026-05-11 05:00:00,50.089333333333336,46.239333333333335,30.678833333333333,32.42592592592593,20.27777777777778,48.96666666666667,973.24,SITE 9,EXT
2026-05-11 06:00:00,71.70533333333333,62.51566666666667,41.265166666666666,32.22222222222222,20.555555555555557,50.8,973.7186666666668,SITE 9,EXT
2026-05-11 07:00:00,56.872499999999995,46.31883333333334,30.801666666666666,32.46296296296296,21.333333333333332,52.0,974.3783333333333,SITE 9,EXT
2026-05-11 08:00:00,37.26933333333333,33.257333333333335,22.94816666666667,33.40740740740741,21.685185185185183,50.96666666666667,974.8536666666666,SITE 9,EXT
2026-05-11 09:00:00,41.8705,39.74183333333334,27.240166666666667,34.51851851851852,21.85185185185185,48.4,975.121,SITE 9,EXT
2026-05-11 10:00:00,37.0875,32.47766666666667,21.615166666666667,35.7037037037037,21.796296296296298,44.93333333333333,974.903,SITE 9,EXT
2026-05-11 11:00:00,26.959833333333332,24.653000000000002,17.187833333333334,36.92592592592593,21.574074074074076,41.43333333333333,974.434,SITE 9,EXT
2026-05-11 12:00:00,24.409666666666666,22.759999999999998,16.346333333333334,37.81481481481482,21.37037037037037,38.93333333333333,973.5616666666666,SITE 9,EXT
2026-05-11 13:00:00,20.8125,19.668,14.434499999999998,38.72222222222222,21.166666666666668,36.8,972.8536666666666,SITE 9,EXT
2026-05-11 14:00:00,20.0025,18.748833333333334,13.874333333333334,39.27777777777778,21.0,35.166666666666664,972.261,SITE 9,EXT
2026-05-11 15:00:00,27.876833333333334,25.113666666666667,17.360333333333333,39.166666666666664,20.685185185185183,34.4,971.704,SITE 9,EXT
2026-05-11 16:00:00,65.328,59.42766666666667,36.28966666666667,38.870370370370374,20.90740740740741,35.666666666666664,971.4693333333333,SITE 9,EXT
2026-05-11 17:00:00,55.84866666666667,48.77033333333333,32.31616666666667,38.07407407407407,20.833333333333332,37.1,971.5509999999999,SITE 9,EXT
2026-05-11 18:00:00,60.1325,51.4045,34.38416666666667,37.12962962962963,21.0,39.4,971.7603333333334,SITE 9,EXT
2026-05-11 19:00:00,48.384,40.707,27.601333333333333,36.22222222222222,21.01851851851852,41.6,972.4296666666667,SITE 9,EXT
2026-05-11 20:00:00,43.086999999999996,36.85133333333333,25.1635,35.57407407407407,20.88888888888889,42.8,973.486,SITE 9,EXT
2026-05-11 21:00:00,40.03483333333334,34.7395,24.090666666666667,35.2037037037037,21.14814814814815,44.36666666666667,974.3123333333333,SITE 9,EXT
2026-05-11 22:00:00,31.35666666666667,28.874666666666666,20.329166666666666,34.53703703703704,21.166666666666668,46.1,974.4866666666666,SITE 9,EXT
2026-05-11 23:00:00,26.040666666666667,24.733333333333334,17.714499999999997,34.333333333333336,21.555555555555557,47.13333333333333,974.4693333333333,SITE 9,EXT
2026-05-12 00:00:00,31.242,29.316666666666666,20.449666666666666,33.88888888888889,21.11111111111111,47.96666666666667,974.312,SITE 9,EXT
2026-05-12 01:00:00,30.048333333333336,28.417333333333332,20.2115,33.62962962962963,21.166666666666668,48.56666666666667,973.7836666666666,SITE 9,EXT
2026-05-12 02:00:00,29.50133333333333,28.0195,19.965,33.25925925925926,21.14814814814815,49.733333333333334,973.1493333333333,SITE 9,EXT
2026-05-12 03:00:00,28.2405,26.98,19.430333333333333,32.77777777777778,21.11111111111111,50.3,973.2479999999999,SITE 9,EXT
2026-05-12 04:00:00,30.329,28.6,20.4755,32.44444444444444,21.11111111111111,51.833333333333336,974.1203333333334,SITE 9,EXT
2026-05-12 05:00:00,43.20133333333333,38.83983333333333,26.63,32.22222222222222,21.333333333333332,52.96666666666667,974.6556666666667,SITE 9,EXT
2026-05-12 06:00:00,58.2395,49.606,33.2115,31.722222222222225,21.166666666666668,54.6,975.4906666666667,SITE 9,EXT
2026-05-12 07:00:00,48.257333333333335,40.6005,27.196833333333334,31.944444444444446,21.37037037037037,54.6,976.1806666666666,SITE 9,EXT
2026-05-12 08:00:00,30.4285,28.261333333333333,19.8125,33.092592592592595,21.296296296296298,50.46666666666667,976.4663333333334,SITE 9,EXT
2026-05-12 09:00:00,16.646166666666666,15.750666666666666,11.525333333333332,34.46296296296296,19.888888888888893,42.766666666666666,976.452,SITE 9,EXT
2026-05-12 10:00:00,14.608620689655172,13.754655172413793,9.884827586206898,35.63218390804598,18.984674329501914,37.827586206896555,976.0679310344829,SITE 9,EXT
2026-05-12 11:00:00,12.021333333333333,11.347833333333334,8.2105,36.94444444444445,18.425925925925927,34.03333333333333,975.6423333333333,SITE 9,EXT
2026-05-12 12:00:00,13.687096774193549,12.631290322580645,8.53951612903226,37.93906810035842,17.688172043010756,30.612903225806452,974.4580645161291,SITE 9,EXT
2026-05-12 13:00:00,11.351,10.595666666666666,7.562166666666667,39.14814814814815,16.814814814814817,27.166666666666668,973.2873333333333,SITE 9,EXT
2026-05-12 14:00:00,13.922833333333333,12.6125,8.409333333333333,39.7962962962963,16.796296296296298,26.233333333333334,972.5066666666667,SITE 9,EXT
2026-05-12 15:00:00,13.5205,12.727,9.023333333333333,39.851851851851855,16.64814814814815,25.9,971.7353333333334,SITE 9,EXT
2026-05-12 16:00:00,15.667833333333334,14.448833333333335,9.999500000000001,40.092592592592595,16.555555555555557,25.433333333333334,971.2076666666667,SITE 9,EXT
2026-05-12 17:00:00,29.274166666666666,25.883166666666668,17.628833333333333,39.55555555555556,17.0,27.0,971.2666666666667,SITE 9,EXT
2026-05-12 18:00:00,52.368500000000004,43.751,30.139666666666667,37.7962962962963,19.814814814814817,35.3,971.7803333333334,SITE 9,EXT
2026-05-12 19:00:00,57.91016666666667,49.09133333333333,32.8035,36.38888888888889,19.925925925925927,38.36666666666667,972.8286666666667,SITE 9,EXT
2026-05-12 20:00:00,49.82166666666667,42.2515,28.688166666666667,35.55555555555556,19.90740740740741,40.333333333333336,973.7256666666667,SITE 9,EXT
2026-05-12 21:00:00,34.280499999999996,31.227666666666668,21.894000000000002,34.648148148148145,20.314814814814817,43.266666666666666,974.318,SITE 9,EXT
2026-05-12 22:00:00,37.545833333333334,33.5655,23.09016666666667,34.03703703703704,20.53703703703704,45.86666666666667,975.446,SITE 9,EXT
2026-05-12 23:00:00,36.982,32.6455,21.062833333333334,33.351851851851855,20.61111111111111,47.46666666666667,975.1606666666667,SITE 9,EXT
2026-05-13 00:00:00,27.72716666666667,26.131500000000003,17.450833333333332,32.77777777777778,20.555555555555557,48.96666666666667,974.6486666666666,SITE 9,EXT
2026-05-13 01:00:00,17.699833333333334,16.833000000000002,12.050166666666666,32.611111111111114,20.5,49.3,974.187,SITE 9,EXT
2026-05-13 02:00:00,16.173166666666667,15.339333333333334,10.831,32.2037037037037,20.53703703703704,50.4,973.4256666666666,SITE 9,EXT
2026-05-13 03:00:00,15.677999999999999,14.796833333333332,10.617666666666667,31.90740740740741,20.240740740740744,50.93333333333333,972.919,SITE 9,EXT
2026-05-13 04:00:00,18.385166666666667,17.43316666666667,12.423666666666666,31.666666666666668,20.53703703703704,51.86666666666667,973.0946666666666,SITE 9,EXT
2026-05-13 05:00:00,51.63733333333333,47.57133333333333,31.783333333333335,31.31481481481482,20.25925925925926,52.56666666666667,973.391,SITE 9,EXT
2026-05-13 06:00:00,55.8635,49.01583333333333,32.66416666666667,31.111111111111118,20.703703703703702,54.233333333333334,973.9069999999999,SITE 9,EXT
2026-05-13 07:00:00,39.29833333333333,34.57833333333333,23.767,31.555555555555557,21.055555555555554,54.03333333333333,974.962,SITE 9,EXT
2026-05-13 08:00:00,24.991,23.996,17.017333333333333,32.648148148148145,20.814814814814817,50.06666666666667,975.6360000000001,SITE 9,EXT
2026-05-13 09:00:00,19.774,18.780666666666665,13.56,34.074074074074076,20.48148148148148,45.46666666666667,975.7286666666666,SITE 9,EXT
2026-05-13 10:00:00,20.80483333333333,19.667666666666666,14.121833333333335,35.592592592592595,20.40740740740741,41.43333333333333,975.5303333333334,SITE 9,EXT
2026-05-13 11:00:00,20.9335,19.954333333333334,14.4545,37.14814814814815,20.333333333333332,37.7,974.8926666666666,SITE 9,EXT
2026-05-13 12:00:00,21.3575,20.107833333333335,14.563166666666666,38.12962962962963,20.037037037037035,35.13333333333333,974.0523333333333,SITE 9,EXT
2026-05-13 13:00:00,19.85533333333333,18.665833333333335,13.503333333333334,39.2962962962963,19.685185185185183,32.266666666666666,973.0426666666666,SITE 9,EXT
2026-05-13 14:00:00,20.449166666666667,19.2595,13.795833333333333,39.851851851851855,19.51851851851852,31.033333333333335,972.2863333333333,SITE 9,EXT
2026-05-13 15:00:00,20.871,19.670666666666666,14.2715,40.333333333333336,19.27777777777778,29.666666666666668,971.5976666666667,SITE 9,EXT
2026-05-13 16:00:00,28.674354838709675,26.205322580645163,18.299999999999997,40.16129032258065,19.032258064516128,29.580645161290324,971.1867741935484,SITE 9,EXT
2026-05-13 17:00:00,60.149,51.0195,32.03966666666667,39.77777777777778,18.88888888888889,30.133333333333333,971.0623333333333,SITE 9,EXT
2026-05-13 18:00:00,47.676833333333335,39.9085,26.735500000000002,38.851851851851855,18.88888888888889,31.4,971.5426666666666,SITE 9,EXT
2026-05-13 19:00:00,65.29633333333332,53.75783333333333,34.99083333333333,38.277777777777786,19.11111111111111,32.96666666666667,972.1949999999999,SITE 9,EXT
2026-05-13 20:00:00,52.684666666666665,43.147666666666666,28.480666666666664,37.68518518518519,19.296296296296298,34.56666666666667,973.1206666666666,SITE 9,EXT
2026-05-13 21:00:00,46.26883333333333,38.779333333333334,26.336333333333336,37.07407407407407,19.444444444444446,35.833333333333336,973.9043333333334,SITE 9,EXT
2026-05-13 22:00:00,52.87166666666667,43.9475,28.589,36.20370370370371,19.722222222222225,38.4,974.1456666666667,SITE 9,EXT
2026-05-13 23:00:00,62.520833333333336,51.651833333333336,32.731,35.55555555555556,20.0,40.666666666666664,974.3613333333334,SITE 9,EXT
2026-05-14 00:00:00,49.64966666666667,41.1535,27.387166666666666,35.333333333333336,20.14814814814815,41.43333333333333,974.0716666666667,SITE 9,EXT
2026-05-14 01:00:00,38.178999999999995,33.78483333333334,23.180666666666664,34.44444444444445,20.14814814814815,43.7,973.4633333333334,SITE 9,EXT
2026-05-14 02:00:00,33.712833333333336,30.955166666666667,21.3045,34.44444444444444,20.555555555555557,44.0,972.7710000000001,SITE 9,EXT
2026-05-14 03:00:00,32.879333333333335,30.142,20.777666666666665,34.05555555555556,20.388888888888893,45.06666666666667,972.3113333333333,SITE 9,EXT
2026-05-14 04:00:00,33.876333333333335,31.63533333333333,21.649833333333333,33.42592592592593,20.518518518518523,46.93333333333333,972.4936666666667,SITE 9,EXT
2026-05-14 05:00:00,35.63966666666667,32.1595,22.099,33.05555555555556,20.518518518518523,48.233333333333334,972.7613333333334,SITE 9,EXT
2026-05-14 06:00:00,66.0515,57.92183333333333,39.17816666666667,32.77777777777778,20.555555555555557,49.03333333333333,973.19,SITE 9,EXT
2026-05-14 07:00:00,40.790333333333336,35.37233333333334,23.9615,32.98148148148148,20.75925925925926,49.03333333333333,973.872,SITE 9,EXT
2026-05-14 08:00:00,31.178833333333333,29.0305,20.3085,33.66666666666667,21.092592592592595,48.03333333333333,974.5003333333333,SITE 9,EXT
2026-05-14 09:00:00,26.600166666666667,25.173833333333334,17.9785,34.94444444444444,21.27777777777778,45.43333333333333,974.8876666666667,SITE 9,EXT
2026-05-14 10:00:00,24.064166666666665,22.765666666666668,16.3415,36.53703703703704,21.296296296296298,41.5,974.597,SITE 9,EXT
2026-05-14 11:00:00,24.49416666666667,23.2885,16.962,37.24074074074074,21.055555555555554,39.3,973.888,SITE 9,EXT
2026-05-14 12:00:00,26.151,24.9395,17.951666666666664,38.092592592592595,21.01851851851852,37.5,972.919,SITE 9,EXT
2026-05-14 13:00:00,25.117166666666666,23.766333333333332,17.0135,39.46296296296296,20.48148148148148,33.7,972.0153333333333,SITE 9,EXT
2026-05-14 14:00:00,22.113333333333333,20.853333333333335,15.3225,40.01851851851852,19.62962962962963,30.933333333333334,971.296,SITE 9,EXT
2026-05-14 15:00:00,23.230833333333333,21.863999999999997,15.7795,40.42592592592593,19.53703703703704,30.033333333333335,970.309,SITE 9,EXT
2026-05-14 16:00:00,26.975166666666667,25.2225,17.793,40.333333333333336,19.425925925925927,30.1,969.58,SITE 9,EXT
2026-05-14 17:00:00,32.615833333333335,29.421333333333333,20.686833333333333,39.68518518518518,19.425925925925927,31.0,969.5366666666666,SITE 9,EXT
2026-05-14 18:00:00,48.726,41.181000000000004,27.7545,38.75925925925926,19.40740740740741,32.8,969.9776666666666,SITE 9,EXT
2026-05-14 19:00:00,47.851,39.9645,26.872166666666665,37.94444444444445,19.722222222222225,34.666666666666664,970.8233333333334,SITE 9,EXT
2026-05-14 20:00:00,37.38633333333333,33.013,22.425833333333333,37.03703703703704,19.574074074074076,36.36666666666667,971.5713333333333,SITE 9,EXT
2026-05-14 21:00:00,38.593833333333336,33.9455,22.895833333333332,36.351851851851855,19.740740740740744,38.0,972.5323333333333,SITE 9,EXT
2026-05-14 22:00:00,32.93758064516129,30.45258064516129,21.03790322580645,35.82437275985664,20.0,39.935483870967744,973.1425806451613,SITE 9,EXT
2026-05-14 23:00:00,36.4575,32.549,22.16,35.092592592592595,20.222222222222225,42.06666666666667,973.0806666666666,SITE 9,EXT
2026-05-15 00:00:00,34.37916666666667,31.392666666666667,21.6275,34.44444444444444,20.240740740740744,43.63333333333333,972.812,SITE 9,EXT
2026-05-15 01:00:00,26.8635,25.382,18.002000000000002,34.27777777777778,20.388888888888893,44.266666666666666,972.4346666666667,SITE 9,EXT
2026-05-15 02:00:00,24.351499999999998,23.163,16.683,33.75925925925926,20.27777777777778,45.53333333333333,971.992,SITE 9,EXT
2026-05-15 03:00:00,26.294833333333333,25.08833333333333,17.939166666666665,33.333333333333336,20.37037037037037,46.8,971.8036666666667,SITE 9,EXT
2026-05-15 04:00:00,29.694333333333336,28.033166666666666,19.828,32.72222222222222,20.35185185185185,48.6,972.0773333333333,SITE 9,EXT
2026-05-15 05:00:00,47.25033333333333,41.56016666666667,28.9055,32.22222222222222,20.833333333333332,51.56666666666667,972.6956666666666,SITE 9,EXT
2026-05-15 06:00:00,46.977999999999994,40.1105,26.351499999999998,32.166666666666664,21.166666666666668,53.0,973.4573333333334,SITE 9,EXT
2026-05-15 07:00:00,32.939499999999995,29.984666666666666,20.68116666666667,32.351851851851855,21.11111111111111,52.266666666666666,974.3786666666667,SITE 9,EXT
2026-05-15 08:00:00,27.105833333333333,24.9495,17.014333333333333,33.24074074074074,21.12962962962963,49.7,974.8566666666667,SITE 9,EXT
2026-05-15 09:00:00,26.132,24.781333333333333,17.487000000000002,34.37037037037037,21.203703703703702,46.8,974.6833333333333,SITE 9,EXT
2026-05-15 10:00:00,38.925,34.2855,24.006333333333334,36.0,21.0,41.93333333333333,974.4136666666667,SITE 9,EXT
2026-05-15 11:00:00,44.060833333333335,37.531,26.351499999999998,37.12962962962963,20.462962962962965,38.3,973.9523333333333,SITE 9,EXT
2026-05-15 12:00:00,40.36083333333333,35.089000000000006,24.622999999999998,38.64814814814815,19.888888888888893,34.0,973.0446666666667,SITE 9,EXT
2026-05-15 13:00:00,39.29516666666667,34.459500000000006,24.09416666666667,39.51851851851852,19.666666666666668,31.866666666666667,972.2246666666667,SITE 9,EXT
2026-05-15 14:00:00,35.905166666666666,32.501666666666665,22.832666666666668,40.2037037037037,19.11111111111111,29.633333333333333,971.3203333333333,SITE 9,EXT
2026-05-15 15:00:00,35.0635,31.895666666666667,22.483333333333334,40.22222222222222,18.722222222222225,28.633333333333333,970.4843333333333,SITE 9,EXT
2026-05-15 16:00:00,37.87883333333333,33.786833333333334,23.50316666666667,40.0,18.888888888888893,29.433333333333334,969.6016666666667,SITE 9,EXT
2026-05-15 17:00:00,53.118833333333335,45.45216666666667,29.870333333333335,39.24074074074074,18.77777777777778,30.566666666666666,969.4116666666666,SITE 9,EXT
2026-05-15 18:00:00,62.868833333333335,53.79366666666667,34.23233333333334,37.87037037037037,18.12962962962963,31.533333333333335,970.3273333333333,SITE 9,EXT
2026-05-15 19:00:00,59.852333333333334,50.2595,31.143666666666665,36.70370370370371,17.888888888888893,33.233333333333334,971.6486666666666,SITE 9,EXT
2026-05-15 20:00:00,15.2175,14.040333333333333,9.768833333333333,32.01851851851852,17.555555555555554,42.4,973.4856666666667,SITE 9,EXT
2026-05-15 21:00:00,34.5685,31.419833333333333,20.837666666666667,32.55555555555556,17.722222222222225,41.46666666666667,974.3366666666666,SITE 9,EXT
2026-05-15 22:00:00,18.665333333333333,17.507833333333334,12.223,32.87037037037037,16.962962962962965,38.8,974.954,SITE 9,EXT
2026-05-15 23:00:00,15.355166666666666,14.408,10.014833333333334,31.87037037037037,17.833333333333332,43.2,974.507,SITE 9,EXT
2026-05-16 00:00:00,17.54283333333333,16.43466666666667,11.1815,32.18518518518518,18.962962962962965,46.0,973.993,SITE 9,EXT
2026-05-16 01:00:00,18.293,17.2385,11.790166666666666,31.703703703703702,18.814814814814817,46.4,973.6643333333334,SITE 9,EXT
2026-05-16 02:00:00,16.873166666666666,16.000666666666667,11.340499999999999,30.222222222222225,19.27777777777778,52.5,973.862,SITE 9,EXT
2026-05-16 03:00:00,3.1117241379310348,2.561896551724138,1.2201724137931034,26.532567049808428,18.754789272030653,63.206896551724135,975.8527586206897,SITE 9,EXT
2026-05-16 04:00:00,4.474333333333333,4.216333333333333,2.932166666666667,26.25925925925926,18.53703703703704,63.2,975.573,SITE 9,EXT
2026-05-16 05:00:00,6.167166666666666,5.797666666666667,4.151833333333333,26.833333333333332,19.0,62.1,975.8776666666666,SITE 9,EXT
2026-05-16 06:00:00,20.2775,19.271833333333333,13.633166666666666,27.462962962962965,19.40740740740741,62.0,975.1626666666667,SITE 9,EXT
2026-05-16 07:00:00,34.94533333333334,31.686333333333334,21.803333333333335,27.77777777777778,19.27777777777778,60.6,974.2716666666668,SITE 9,EXT
2026-05-16 08:00:00,30.492833333333333,28.5275,19.866,28.64814814814815,19.40740740740741,57.833333333333336,974.4563333333333,SITE 9,EXT
2026-05-16 09:00:00,33.114333333333335,30.547,21.30366666666667,29.425925925925927,19.98148148148148,57.166666666666664,975.1913333333334,SITE 9,EXT
2026-05-16 10:00:00,16.853,16.25433333333333,11.953666666666667,30.055555555555554,20.5,57.0,975.4806666666666,SITE 9,EXT
2026-05-16 11:00:00,12.685666666666666,12.19,8.906,31.425925925925927,21.11111111111111,54.766666666666666,975.5156666666667,SITE 9,EXT
2026-05-16 12:00:00,12.927666666666665,12.552833333333332,9.297166666666667,32.27777777777778,20.740740740740744,51.13333333333333,975.0453333333334,SITE 9,EXT
2026-05-16 13:00:00,9.262666666666666,8.929666666666666,6.5055,32.88888888888889,20.51851851851852,48.733333333333334,974.355,SITE 9,EXT
2026-05-16 14:00:00,12.148666666666665,11.722333333333333,8.767,33.92592592592593,20.944444444444446,46.93333333333333,973.8073333333334,SITE 9,EXT
2026-05-16 15:00:00,11.4745,10.904833333333332,8.002333333333333,34.62962962962963,20.796296296296298,44.8,973.0243333333333,SITE 9,EXT
2026-05-16 16:00:00,13.871166666666666,13.275833333333333,9.553666666666667,34.92592592592593,21.01851851851852,44.36666666666667,972.4953333333334,SITE 9,EXT
2026-05-16 17:00:00,14.521666666666667,13.883833333333333,10.137,34.55555555555555,20.90740740740741,45.13333333333333,972.7706666666667,SITE 9,EXT
2026-05-16 18:00:00,35.176500000000004,31.971333333333334,22.47683333333333,34.05555555555556,21.055555555555554,46.96666666666667,973.0210000000001,SITE 9,EXT
2026-05-16 19:00:00,50.99766666666667,42.818999999999996,29.580333333333332,33.22222222222222,21.27777777777778,49.86666666666667,973.5939999999999,SITE 9,EXT
2026-05-16 20:00:00,51.40133333333333,43.11116666666667,29.323666666666668,32.74074074074074,21.740740740740744,53.0,974.2896666666667,SITE 9,EXT
2026-05-16 21:00:00,55.27183333333333,45.79,31.087333333333333,32.72222222222222,22.592592592592595,55.9,974.9203333333334,SITE 9,EXT
2026-05-16 22:00:00,58.59883333333333,48.092,32.545,32.333333333333336,22.685185185185183,57.166666666666664,975.1763333333333,SITE 9,EXT
2026-05-16 23:00:00,56.89833333333333,46.82683333333333,31.687333333333335,32.2037037037037,22.944444444444446,58.46666666666667,975.3446666666666,SITE 9,EXT
2026-05-17 00:00:00,52.598,43.84466666666666,29.721166666666665,32.22222222222222,23.03703703703704,58.9,975.1706666666666,SITE 9,EXT
2026-05-17 01:00:00,39.48683333333334,35.14233333333333,24.075,31.814814814814817,22.90740740740741,59.333333333333336,974.903,SITE 9,EXT
2026-05-17 02:00:00,28.48166666666667,27.407500000000002,19.432000000000002,31.64814814814815,22.703703703703702,59.6,974.5973333333334,SITE 9,EXT
2026-05-17 03:00:00,26.3395,25.700333333333333,18.665166666666668,31.64814814814815,22.666666666666668,59.03333333333333,974.3506666666667,SITE 9,EXT
2026-05-17 04:00:00,28.470000000000002,27.42683333333333,19.582,31.53703703703704,22.425925925925927,59.13333333333333,974.5073333333333,SITE 9,EXT
2026-05-17 05:00:00,31.18758620689655,29.50293103448276,20.820344827586204,31.111111111111114,22.203065134099617,59.0,974.8544827586206,SITE 9,EXT
2026-05-17 06:00:00,59.13866666666667,50.39516666666667,34.70216666666667,31.111111111111118,22.22222222222222,59.46666666666667,975.4,SITE 9,EXT
2026-05-17 07:00:00,67.0685,58.736666666666665,40.97366666666667,31.62962962962963,22.14814814814815,57.6,975.954,SITE 9,EXT
2026-05-17 08:00:00,32.9605,30.517999999999997,21.4025,32.7037037037037,21.90740740740741,53.43333333333333,976.3606666666667,SITE 9,EXT
2026-05-17 09:00:00,29.197333333333333,27.780666666666665,19.78166666666667,33.77777777777778,21.796296296296298,50.03333333333333,976.7066666666667,SITE 9,EXT
2026-05-17 10:00:00,25.56066666666667,24.507,17.917666666666666,35.03703703703704,21.592592592592595,45.9,976.4376666666667,SITE 9,EXT
2026-05-17 11:00:00,23.240666666666666,22.505666666666666,16.635833333333334,36.14814814814815,21.666666666666668,43.3,975.9830000000001,SITE 9,EXT
2026-05-17 12:00:00,21.08833333333333,20.470666666666666,15.454333333333333,37.05555555555556,21.35185185185185,40.53333333333333,975.1103333333334,SITE 9,EXT
2026-05-17 13:00:00,20.450333333333333,19.793333333333333,14.853833333333334,38.05555555555556,21.037037037037035,37.7,974.1883333333334,SITE 9,EXT
2026-05-17 14:00:00,18.797833333333333,18.083333333333332,13.683166666666667,39.092592592592595,21.14814814814815,35.766666666666666,973.3439999999999,SITE 9,EXT
2026-05-17 15:00:00,17.656000000000002,17.038999999999998,12.972000000000001,39.35185185185185,21.12962962962963,35.2,972.491,SITE 9,EXT
2026-05-17 16:00:00,19.3705,18.68166666666667,14.033333333333333,39.03703703703704,20.5,34.56666666666667,971.5823333333334,SITE 9,EXT
2026-05-17 17:00:00,26.973275862068967,24.922758620689656,17.810344827586206,38.85057471264368,20.689655172413794,35.241379310344826,971.3748275862068,SITE 9,EXT
2026-05-17 18:00:00,58.2775,50.89,34.64866666666667,38.277777777777786,20.87037037037037,36.86666666666667,971.793,SITE 9,EXT
2026-05-17 19:00:00,64.85566666666666,55.2055,37.818333333333335,37.61111111111111,21.27777777777778,39.06666666666667,972.2736666666666,SITE 9,EXT
2026-05-17 20:00:00,43.47083333333333,37.395833333333336,25.7745,36.351851851851855,20.796296296296298,40.733333333333334,973.4893333333333,SITE 9,EXT
2026-05-17 21:00:00,33.354166666666664,30.661,21.298000000000002,35.48148148148149,20.555555555555557,42.2,974.5683333333333,SITE 9,EXT
2026-05-17 22:00:00,22.763333333333332,21.928333333333335,15.914833333333332,34.81481481481481,20.314814814814817,43.03333333333333,974.934,SITE 9,EXT
2026-05-17 23:00:00,21.3635,20.5955,15.075833333333332,34.18518518518519,20.27777777777778,44.333333333333336,974.8889999999999,SITE 9,EXT
2026-05-18 00:00:00,15.736724137931034,15.096896551724138,11.123103448275861,33.1992337164751,19.75095785440613,45.55172413793103,974.2913793103448,SITE 9,EXT
2026-05-18 01:00:00,18.052833333333336,17.3835,12.582666666666666,32.611111111111114,20.722222222222225,50.03333333333333,973.8893333333333,SITE 9,EXT
2026-05-18 02:00:00,21.05816666666667,20.267833333333332,14.47,30.740740740740744,21.537037037037035,58.63333333333333,975.568,SITE 9,EXT
2026-05-18 03:00:00,13.475666666666665,12.831666666666667,9.128666666666668,29.61111111111111,20.814814814814817,59.86666666666667,975.5626666666667,SITE 9,EXT
2026-05-18 04:00:00,10.418833333333334,9.943999999999999,7.153333333333333,28.75925925925926,19.75925925925926,58.733333333333334,974.0606666666666,SITE 9,EXT
2026-05-18 05:00:00,10.218275862068966,9.700172413793103,6.728620689655172,28.448275862068964,19.233716475095786,57.86206896551724,975.6362068965517,SITE 9,EXT
2026-05-18 06:00:00,27.266333333333332,24.908833333333334,17.51833333333333,28.87037037037037,19.962962962962965,58.9,975.1,SITE 9,EXT
2026-05-18 07:00:00,18.255666666666666,17.279833333333332,12.305166666666668,28.48148148148148,19.61111111111111,59.333333333333336,977.452,SITE 9,EXT
2026-05-18 08:00:00,6.9795,6.597666666666667,4.6075,27.666666666666668,19.444444444444446,61.86666666666667,980.087,SITE 9,EXT
2026-05-18 09:00:00,5.7476666666666665,5.313999999999999,3.4256666666666664,27.222222222222225,19.462962962962965,63.36666666666667,980.6933333333333,SITE 9,EXT
2026-05-18 10:00:00,12.554166666666667,12.0095,8.237666666666666,27.53703703703704,19.814814814814817,63.266666666666666,980.0893333333333,SITE 9,EXT
2026-05-18 11:00:00,30.605666666666664,28.073500000000003,19.470166666666668,28.53703703703704,20.11111111111111,60.7,978.444,SITE 9,EXT
2026-05-18 12:00:00,16.369655172413793,15.799310344827587,11.485172413793103,30.05747126436782,19.6360153256705,54.03448275862069,976.0468965517241,SITE 9,EXT
2026-05-18 13:00:00,8.226166666666666,7.7345,5.528833333333334,31.370370370370374,19.77777777777778,50.36666666666667,974.8286666666667,SITE 9,EXT
2026-05-18 14:00:00,10.319833333333333,9.681999999999999,6.999333333333333,32.666666666666664,18.98148148148148,44.8,973.6306666666667,SITE 9,EXT
2026-05-18 15:00:00,8.501166666666666,7.993833333333333,5.504499999999999,32.94444444444444,20.055555555555557,46.93333333333333,972.6373333333333,SITE 9,EXT
2026-05-18 16:00:00,7.5553333333333335,7.0415,4.929333333333333,33.333333333333336,19.833333333333332,45.46666666666667,972.2636666666666,SITE 9,EXT
2026-05-18 17:00:00,23.21066666666667,21.430666666666664,15.3605,33.166666666666664,20.90740740740741,48.96666666666667,972.437,SITE 9,EXT
2026-05-18 18:00:00,73.087,67.61316666666667,46.155166666666666,32.75925925925926,22.074074074074073,53.7,973.1716666666667,SITE 9,EXT
2026-05-18 19:00:00,82.48183333333333,73.04666666666667,45.56933333333333,32.2037037037037,22.14814814814815,55.93333333333333,974.1796666666667,SITE 9,EXT
2026-05-18 20:00:00,70.33862068965517,61.19620689655173,40.74896551724138,32.22222222222222,22.89272030651341,58.13793103448276,975.4362068965518,SITE 9,EXT
2026-05-18 21:00:00,67.1925,58.9845,40.52066666666666,31.814814814814817,22.925925925925927,59.9,975.8446666666666,SITE 9,EXT
2026-05-18 22:00:00,73.67533333333333,64.66383333333333,44.956,31.666666666666668,23.092592592592595,61.0,976.3773333333334,SITE 9,EXT
2026-05-18 23:00:00,67.97266666666665,58.3735,39.48316666666667,31.388888888888893,23.055555555555557,61.666666666666664,976.3703333333334,SITE 9,EXT
2026-05-19 00:00:00,33.4545,29.45633333333333,19.318666666666665,31.055555555555557,22.12962962962963,59.6,975.7053333333333,SITE 9,EXT
2026-05-19 01:00:00,9.657666666666668,9.338,6.865333333333334,30.462962962962965,21.35185185185185,58.733333333333334,975.3266666666666,SITE 9,EXT
2026-05-19 02:00:00,8.814,8.528166666666667,6.261333333333334,29.962962962962965,21.074074074074073,59.5,974.6613333333333,SITE 9,EXT
2026-05-19 03:00:00,9.61051724137931,9.294827586206896,6.8005172413793105,29.96168582375479,21.0727969348659,60.0,974.2831034482758,SITE 9,EXT
2026-05-19 04:00:00,12.999833333333333,12.4625,8.978333333333333,29.518518518518523,20.740740740740744,60.03333333333333,974.0406666666667,SITE 9,EXT
2026-05-19 05:00:00,63.95483333333333,57.93666666666666,38.715,29.444444444444446,20.555555555555557,59.733333333333334,974.1800000000001,SITE 9,EXT
2026-05-19 06:00:00,29.577833333333334,27.488,19.216333333333335,29.425925925925927,20.12962962962963,58.1,974.663,SITE 9,EXT
2026-05-19 07:00:00,24.206333333333337,23.431333333333335,16.741,29.555555555555557,20.037037037037035,57.233333333333334,975.522,SITE 9,EXT
2026-05-19 08:00:00,26.11733333333333,24.172666666666668,17.692333333333334,30.722222222222225,20.185185185185183,53.733333333333334,976.05,SITE 9,EXT
2026-05-19 09:00:00,20.837666666666667,19.554,14.603166666666668,31.666666666666668,20.222222222222225,51.5,976.2873333333333,SITE 9,EXT
2026-05-19 10:00:00,12.644827586206896,12.31051724137931,9.212758620689655,32.490421455938694,20.095785440613028,48.3448275862069,976.3944827586206,SITE 9,EXT
2026-05-19 11:00:00,12.696499999999999,12.182166666666667,9.040666666666668,33.592592592592595,20.166666666666668,45.833333333333336,976.0376666666667,SITE 9,EXT
2026-05-19 12:00:00,11.291666666666666,10.978833333333334,8.24,34.88888888888889,20.666666666666668,43.766666666666666,975.5646666666667,SITE 9,EXT
2026-05-19 13:00:00,9.547419354838711,9.211612903225806,6.969354838709678,35.66308243727599,20.376344086021508,41.25806451612903,974.6235483870968,SITE 9,EXT
2026-05-19 14:00:00,11.161833333333334,10.711166666666665,8.006666666666666,36.55555555555556,20.77777777777778,40.2,973.88,SITE 9,EXT
2026-05-19 15:00:00,11.653166666666666,11.280333333333335,8.405333333333333,36.64814814814815,21.0,40.6,973.241,SITE 9,EXT
2026-05-19 16:00:00,15.669333333333332,15.018333333333334,11.003333333333334,36.57407407407408,21.0,40.833333333333336,972.8303333333333,SITE 9,EXT
2026-05-19 17:00:00,37.842,34.42783333333333,24.362166666666667,36.12962962962963,21.092592592592595,42.03333333333333,972.7636666666666,SITE 9,EXT
2026-05-19 18:00:00,53.43866666666667,45.54983333333333,31.807166666666667,35.351851851851855,21.48148148148148,44.733333333333334,973.1316666666667,SITE 9,EXT
2026-05-19 19:00:00,64.52383333333333,56.82866666666666,38.86133333333333,35.0,21.75925925925926,46.8,973.9006666666667,SITE 9,EXT
2026-05-19 20:00:00,61.70016666666666,50.6325,34.50716666666667,34.592592592592595,21.74074074074074,47.7,974.4896666666666,SITE 9,EXT
2026-05-19 21:00:00,60.4125,51.247499999999995,35.3125,33.94444444444444,22.259259259259256,51.0,975.0186666666667,SITE 9,EXT
2026-05-19 22:00:00,44.50716666666666,38.14333333333333,26.279,33.2962962962963,22.27777777777778,52.833333333333336,975.5213333333334,SITE 9,EXT
2026-05-19 23:00:00,48.524833333333326,40.85333333333333,27.59416666666667,32.77777777777778,21.944444444444446,53.5,975.5176666666666,SITE 9,EXT
2026-05-20 00:00:00,42.39149999999999,36.50533333333333,25.000166666666665,32.53703703703704,21.462962962962965,52.5,974.9733333333334,SITE 9,EXT
2026-05-20 01:00:00,31.211666666666666,29.434166666666666,20.688333333333333,32.05555555555556,21.12962962962963,53.06666666666667,974.266,SITE 9,EXT
2026-05-20 02:00:00,33.407666666666664,30.967333333333332,21.674333333333333,31.666666666666668,21.09259259259259,53.86666666666667,973.6876666666667,SITE 9,EXT
2026-05-20 03:00:00,26.899833333333333,26.237833333333334,18.953166666666668,31.31481481481482,21.11111111111111,54.96666666666667,973.422,SITE 9,EXT
2026-05-20 04:00:00,34.466,31.6755,21.97716666666667,31.03703703703704,21.037037037037035,55.86666666666667,973.4616666666666,SITE 9,EXT
2026-05-20 05:00:00,42.30416666666667,36.9545,25.133166666666668,30.555555555555557,20.574074074074076,56.2,973.8276666666666,SITE 9,EXT
2026-05-20 06:00:00,64.78633333333333,55.272333333333336,37.20933333333333,30.555555555555557,21.09259259259259,57.1,974.603,SITE 9,EXT
2026-05-20 07:00:00,66.14616666666667,57.29683333333333,39.14266666666666,30.574074074074076,21.12962962962963,58.0,975.422,SITE 9,EXT
2026-05-20 08:00:00,45.40683333333333,39.9965,27.105166666666666,31.555555555555557,21.537037037037035,55.6,975.6883333333334,SITE 9,EXT
2026-05-20 09:00:00,26.028333333333332,25.162333333333333,18.1325,32.851851851851855,21.51851851851852,51.86666666666667,976.0016666666667,SITE 9,EXT
2026-05-20 10:00:00,25.752833333333335,24.718833333333336,17.781166666666667,34.0,21.592592592592595,48.733333333333334,975.685,SITE 9,EXT
2026-05-20 11:00:00,21.83833333333333,21.119666666666667,15.388333333333332,35.5,21.51851851851852,44.666666666666664,975.5286666666667,SITE 9,EXT
2026-05-20 12:00:00,15.8405,15.165500000000002,11.200166666666666,36.48148148148149,20.962962962962965,40.9,974.9346666666667,SITE 9,EXT
2026-05-20 13:00:00,14.695833333333333,13.939166666666667,10.136666666666667,37.38888888888889,20.592592592592595,37.833333333333336,973.8946666666667,SITE 9,EXT
2026-05-20 14:00:00,14.585,13.599166666666667,9.640166666666666,38.18518518518519,20.14814814814815,35.266666666666666,973.2873333333333,SITE 9,EXT
2026-05-20 15:00:00,16.096999999999998,15.222000000000001,10.969666666666665,37.98148148148149,20.11111111111111,35.63333333333333,972.696,SITE 9,EXT
2026-05-20 16:00:00,25.352666666666664,23.28483333333333,15.794333333333332,37.851851851851855,19.814814814814817,35.233333333333334,972.7090000000001,SITE 9,EXT
2026-05-20 17:00:00,34.1725,31.270166666666668,21.054666666666666,35.25925925925926,20.90740740740741,43.766666666666666,973.1550000000001,SITE 9,EXT
2026-05-20 18:00:00,36.832,33.722166666666666,23.697166666666664,34.37037037037037,21.722222222222225,48.166666666666664,973.58,SITE 9,EXT
2026-05-20 19:00:00,54.29816666666667,46.72266666666667,31.892666666666667,34.31481481481481,22.5,50.63333333333333,973.9526666666666,SITE 9,EXT
2026-05-20 20:00:00,40.245999999999995,35.8265,24.385833333333334,33.88888888888889,21.90740740740741,50.233333333333334,974.6156666666667,SITE 9,EXT
2026-05-20 21:00:00,30.696166666666667,28.866333333333333,20.123833333333334,33.46296296296296,22.037037037037035,51.6,975.1036666666666,SITE 9,EXT
2026-05-20 22:00:00,29.204,27.995166666666666,19.504,32.96296296296296,22.38888888888889,54.53333333333333,975.8026666666667,SITE 9,EXT
2026-05-20 23:00:00,27.247333333333334,26.380166666666664,18.766166666666667,32.77777777777778,22.296296296296298,54.56666666666667,975.7639999999999,SITE 9,EXT
2026-05-21 00:00:00,26.274833333333333,25.389166666666664,17.9545,32.46296296296296,22.166666666666668,54.86666666666667,975.3426666666667,SITE 9,EXT
2026-05-21 01:00:00,25.0835,24.289833333333334,17.248333333333335,32.111111111111114,22.11111111111111,55.5,974.5846666666667,SITE 9,EXT
2026-05-21 02:00:00,21.592,21.049500000000002,15.033833333333332,31.48148148148148,21.722222222222225,56.766666666666666,973.9613333333333,SITE 9,EXT
2026-05-21 03:00:00,23.4158064516129,22.681129032258063,16.079193548387096,31.039426523297493,21.648745519713263,58.25806451612903,973.6216129032258,SITE 9,EXT
2026-05-21 04:00:00,23.340833333333332,22.816166666666668,16.46333333333333,30.888888888888893,22.0,59.2,974.1610000000001,SITE 9,EXT
2026-05-21 05:00:00,27.447333333333333,26.703833333333332,18.627833333333335,30.53703703703704,21.64814814814815,60.0,974.7819999999999,SITE 9,EXT
2026-05-21 06:00:00,49.5915,41.743500000000004,27.561500000000002,30.53703703703704,21.796296296296298,60.56666666666667,975.562,SITE 9,EXT
2026-05-21 07:00:00,52.163000000000004,46.51016666666667,31.318499999999997,30.53703703703704,21.61111111111111,59.53333333333333,976.3256666666667,SITE 9,EXT
2026-05-21 08:00:00,27.371333333333332,25.981333333333335,18.07316666666667,30.555555555555557,21.24074074074074,58.36666666666667,977.4069999999999,SITE 9,EXT
2026-05-21 09:00:00,19.687166666666666,19.09,13.5785,30.90740740740741,21.48148148148148,57.56666666666667,977.7816666666666,SITE 9,EXT
2026-05-21 10:00:00,18.8795,17.88133333333333,12.327666666666666,31.88888888888889,21.537037037037035,55.1,977.8083333333333,SITE 9,EXT
2026-05-21 11:00:00,16.711166666666667,16.228166666666667,11.648166666666667,32.7962962962963,21.685185185185183,52.5,976.8580000000001,SITE 9,EXT
2026-05-21 12:00:00,14.604833333333334,14.052,10.178333333333333,34.53703703703704,21.62962962962963,47.333333333333336,975.7420000000001,SITE 9,EXT
2026-05-21 13:00:00,12.6715,12.291166666666667,9.003333333333334,35.666666666666664,21.314814814814817,43.666666666666664,974.356,SITE 9,EXT
2026-05-21 14:00:00,13.775166666666667,13.087833333333332,9.454,36.333333333333336,20.85185185185185,40.733333333333334,973.1046666666666,SITE 9,EXT
2026-05-21 15:00:00,22.67683333333333,20.554666666666666,13.6545,36.64814814814815,20.537037037037035,39.4,972.181,SITE 9,EXT
2026-05-21 16:00:00,13.243,12.709666666666667,9.094166666666666,36.14814814814815,20.296296296296298,39.86666666666667,972.524,SITE 9,EXT
2026-05-21 17:00:00,37.1575,33.300333333333334,23.3415,36.111111111111114,20.425925925925927,40.266666666666666,972.8003333333334,SITE 9,EXT
2026-05-21 18:00:00,64.70133333333334,56.875,36.31666666666667,35.611111111111114,20.574074074074076,41.733333333333334,973.1913333333334,SITE 9,EXT
2026-05-21 19:00:00,87.721,80.676,51.66683333333334,35.55555555555556,20.98148148148148,43.13333333333333,973.231,SITE 9,EXT
2026-05-21 20:00:00,76.66116666666667,67.80316666666667,43.50483333333333,35.05555555555556,21.037037037037035,44.13333333333333,973.7236666666666,SITE 9,EXT
2026-05-21 21:00:00,64.5295,53.917833333333334,35.67100000000001,34.57407407407407,21.666666666666668,47.43333333333333,974.3729999999999,SITE 9,EXT
2026-05-21 22:00:00,41.90466666666667,36.54633333333334,24.991666666666667,33.7962962962963,21.462962962962965,49.0,974.9713333333333,SITE 9,EXT
2026-05-21 23:00:00,29.919500000000003,28.568499999999997,20.011666666666667,33.2962962962963,21.203703703703702,49.86666666666667,975.0076666666666,SITE 9,EXT
2026-05-22 00:00:00,29.08,28.235833333333336,20.164166666666667,32.81481481481482,21.185185185185183,50.96666666666667,974.8306666666666,SITE 9,EXT
2026-05-22 01:00:00,25.963666666666665,25.389,18.672,32.42592592592593,21.314814814814817,52.166666666666664,974.7926666666666,SITE 9,EXT
2026-05-22 02:00:00,24.810333333333332,24.2485,17.799500000000002,31.98148148148148,21.09259259259259,53.3,974.8863333333334,SITE 9,EXT
2026-05-22 03:00:00,25.725833333333334,25.188666666666666,18.548833333333334,31.666666666666668,21.14814814814815,54.4,975.175,SITE 9,EXT
2026-05-22 04:00:00,29.943833333333334,28.742,20.487333333333332,31.222222222222225,21.22222222222222,55.833333333333336,975.5843333333333,SITE 9,EXT
2026-05-22 05:00:00,23.4695,22.891666666666666,16.6665,30.666666666666668,20.685185185185183,55.93333333333333,975.8593333333333,SITE 9,EXT
2026-05-22 06:00:00,73.34533333333334,65.35033333333334,43.24533333333333,30.555555555555557,20.555555555555557,55.86666666666667,976.3253333333333,SITE 9,EXT
2026-05-22 07:00:00,40.67483333333333,35.52883333333333,24.375666666666667,31.074074074074076,20.703703703703702,54.333333333333336,976.4536666666667,SITE 9,EXT
2026-05-22 08:00:00,19.921290322580642,18.970967741935485,13.858225806451614,31.881720430107528,20.627240143369175,52.12903225806452,976.7441935483871,SITE 9,EXT
2026-05-22 09:00:00,16.42983333333333,15.546833333333332,11.1485,32.88888888888889,20.796296296296298,49.46666666666667,976.7463333333333,SITE 9,EXT
2026-05-22 10:00:00,10.728833333333334,10.335333333333333,7.745333333333333,34.46296296296296,21.203703703703702,46.4,976.5863333333333,SITE 9,EXT
2026-05-22 11:00:00,15.645666666666667,14.955666666666668,10.639833333333334,35.72222222222222,21.166666666666668,43.3,976.0586666666666,SITE 9,EXT
2026-05-22 12:00:00,13.924666666666667,13.549666666666667,10.029166666666667,36.57407407407408,20.87037037037037,40.43333333333333,974.8706666666666,SITE 9,EXT
2026-05-22 13:00:00,13.348166666666666,12.658166666666666,9.335,37.51851851851852,20.75925925925926,38.1,973.74,SITE 9,EXT
2026-05-22 14:00:00,12.457333333333333,11.983833333333333,8.9835,37.851851851851855,20.40740740740741,36.56666666666667,972.9656666666667,SITE 9,EXT
2026-05-22 15:00:00,12.324166666666667,11.864833333333333,8.768666666666666,37.851851851851855,20.166666666666668,36.03333333333333,972.4243333333333,SITE 9,EXT
2026-05-22 16:00:00,14.9205,14.337,10.689333333333334,37.81481481481482,20.055555555555554,35.96666666666667,971.9240000000001,SITE 9,EXT
2026-05-22 17:00:00,44.04183333333333,39.602666666666664,25.971333333333334,37.333333333333336,20.203703703703702,37.13333333333333,972.242,SITE 9,EXT
2026-05-22 18:00:00,57.313,48.664833333333334,30.980166666666666,36.74074074074075,20.51851851851852,39.233333333333334,972.9743333333333,SITE 9,EXT
2026-05-22 19:00:00,67.93516666666667,59.02766666666667,39.789,36.66666666666667,21.444444444444446,41.5,973.765,SITE 9,EXT
2026-05-22 20:00:00,59.334833333333336,48.861999999999995,32.621833333333335,36.38888888888889,21.574074074074076,42.6,974.367,SITE 9,EXT
2026-05-22 21:00:00,32.07116666666666,29.440333333333335,20.193833333333334,35.351851851851855,21.203703703703702,44.266666666666666,974.5383333333334,SITE 9,EXT
2026-05-22 22:00:00,20.740333333333336,19.874166666666667,13.953,34.61111111111111,21.074074074074073,45.6,974.8913333333334,SITE 9,EXT
2026-05-22 23:00:00,23.837666666666667,22.0045,15.016,34.37037037037037,21.055555555555554,46.46666666666667,974.9889999999999,SITE 9,EXT
2026-05-23 00:00:00,23.976666666666667,21.813166666666667,15.353333333333332,33.88888888888889,21.11111111111111,47.4,974.6503333333333,SITE 9,EXT
2026-05-23 01:00:00,17.362166666666667,16.6565,11.928333333333335,33.31481481481482,21.037037037037035,49.06666666666667,974.0663333333334,SITE 9,EXT
2026-05-23 02:00:00,15.318333333333333,14.675666666666666,10.639999999999999,32.5,21.27777777777778,52.13333333333333,973.7546666666666,SITE 9,EXT
2026-05-23 03:00:00,13.638166666666667,13.164333333333333,9.843166666666667,31.796296296296298,21.740740740740744,55.43333333333333,972.7886666666667,SITE 9,EXT
2026-05-23 04:00:00,17.78783333333333,17.26066666666667,12.702833333333333,31.666666666666668,21.685185185185183,56.166666666666664,973.109,SITE 9,EXT
2026-05-23 05:00:00,18.18433333333333,17.662333333333333,13.057333333333334,31.129629629629633,21.64814814814815,57.13333333333333,973.7363333333334,SITE 9,EXT
2026-05-23 06:00:00,38.4195,34.5785,23.767,30.444444444444446,21.0,57.63333333333333,975.0786666666667,SITE 9,EXT
2026-05-23 07:00:00,16.381333333333334,14.84,9.627333333333333,28.11111111111111,19.444444444444446,59.7,976.722,SITE 9,EXT
2026-05-23 08:00:00,31.586833333333335,29.146166666666666,20.346833333333333,28.740740740740744,19.75925925925926,58.63333333333333,976.2096666666667,SITE 9,EXT
2026-05-23 09:00:00,18.96016666666667,18.053,12.817333333333332,28.574074074074076,19.61111111111111,58.6,976.5346666666667,SITE 9,EXT
2026-05-23 10:00:00,23.2745,21.6825,14.842333333333332,28.87037037037037,19.462962962962965,57.8,976.2563333333333,SITE 9,EXT
2026-05-23 11:00:00,11.521833333333335,10.7275,7.447166666666666,30.518518518518523,20.37037037037037,55.36666666666667,975.931,SITE 9,EXT
2026-05-23 12:00:00,5.544666666666667,5.1818333333333335,3.6338333333333335,32.22222222222222,20.833333333333332,51.53333333333333,975.2676666666666,SITE 9,EXT
2026-05-23 13:00:00,5.754032258064516,5.39483870967742,3.890483870967742,32.939068100358426,21.218637992831543,50.67741935483871,974.613870967742,SITE 9,EXT
2026-05-23 14:00:00,6.331166666666666,5.950833333333334,4.254333333333333,34.092592592592595,21.666666666666668,48.7,973.971,SITE 9,EXT
2026-05-23 15:00:00,6.891166666666667,6.398666666666667,4.424333333333333,34.88888888888889,21.64814814814815,46.333333333333336,973.4316666666667,SITE 9,EXT
2026-05-23 16:00:00,33.90266666666667,31.37933333333333,22.0875,34.98148148148148,21.38888888888889,45.5,972.8463333333333,SITE 9,EXT
2026-05-23 17:00:00,26.42366666666667,24.913666666666664,18.0575,34.666666666666664,21.796296296296298,47.733333333333334,972.7656666666667,SITE 9,EXT
2026-05-23 18:00:00,49.285999999999994,44.123000000000005,28.738166666666665,33.72222222222222,21.833333333333332,50.3,973.2143333333333,SITE 9,EXT
2026-05-23 19:00:00,42.88483333333333,37.567,25.3445,33.148148148148145,22.0,52.6,974.1183333333333,SITE 9,EXT
2026-05-23 20:00:00,32.939499999999995,30.052666666666667,20.994666666666667,32.75925925925926,21.64814814814815,52.9,974.5166666666667,SITE 9,EXT
2026-05-23 21:00:00,38.26916666666667,34.033,23.377333333333336,32.407407407407405,21.462962962962965,52.96666666666667,974.8359999999999,SITE 9,EXT
2026-05-23 22:00:00,28.295,26.709999999999997,18.5475,32.07407407407407,21.5,53.9,975.1433333333333,SITE 9,EXT
2026-05-23 23:00:00,38.0585,33.411833333333334,20.9955,31.64814814814815,21.64814814814815,55.233333333333334,975.4916666666667,SITE 9,EXT
2026-05-24 00:00:00,28.197499999999998,26.352166666666665,18.14783333333333,31.370370370370374,21.37037037037037,55.93333333333333,975.1493333333333,SITE 9,EXT
2026-05-24 01:00:00,22.25883333333333,21.757,15.756499999999999,30.666666666666668,21.314814814814817,58.2,974.5169999999999,SITE 9,EXT
2026-05-24 02:00:00,27.2425,26.284166666666668,18.238833333333332,30.64814814814815,21.537037037037035,58.9,974.0046666666666,SITE 9,EXT
2026-05-24 03:00:00,24.65583333333333,24.088,17.106333333333335,30.53703703703704,21.87037037037037,60.63333333333333,974.0076666666666,SITE 9,EXT
2026-05-24 04:00:00,27.271833333333333,25.619833333333336,18.143166666666666,30.555555555555557,22.11111111111111,61.1,974.485,SITE 9,EXT
2026-05-24 05:00:00,41.25966666666667,36.267500000000005,24.46783333333333,30.0,21.666666666666668,61.666666666666664,974.8199999999999,SITE 9,EXT
2026-05-24 06:00:00,67.25916666666667,59.397000000000006,40.683166666666665,30.11111111111111,21.796296296296298,61.86666666666667,975.3103333333333,SITE 9,EXT
2026-05-24 07:00:00,50.03516666666667,42.88066666666667,29.707333333333334,30.555555555555557,21.333333333333332,58.666666666666664,976.1823333333334,SITE 9,EXT
2026-05-24 08:00:00,39.997,35.18983333333333,23.6415,30.944444444444446,21.537037037037035,58.166666666666664,976.884,SITE 9,EXT
2026-05-24 09:00:00,20.663,20.084833333333332,14.7235,31.333333333333336,21.203703703703702,55.63333333333333,977.1133333333333,SITE 9,EXT
2026-05-24 10:00:00,21.791166666666665,21.242666666666665,15.445333333333334,32.81481481481482,21.75925925925926,52.733333333333334,976.788,SITE 9,EXT
2026-05-24 11:00:00,17.953666666666667,17.426166666666667,12.700166666666666,34.03703703703704,21.740740740740744,49.13333333333333,976.2729999999999,SITE 9,EXT
2026-05-24 12:00:00,15.696666666666665,15.2525,11.397833333333333,34.68518518518518,21.462962962962965,46.43333333333333,975.5383333333334,SITE 9,EXT
2026-05-24 13:00:00,14.6095,14.203333333333335,10.603,35.5,21.27777777777778,43.93333333333333,974.484,SITE 9,EXT
2026-05-24 14:00:00,13.949,13.466833333333334,10.126833333333334,36.55555555555556,21.037037037037035,40.9,973.2796666666667,SITE 9,EXT
2026-05-24 15:00:00,15.461500000000001,15.008166666666666,11.163666666666668,36.51851851851852,20.944444444444446,40.666666666666664,972.3453333333333,SITE 9,EXT
2026-05-24 16:00:00,23.633166666666668,22.481166666666663,15.582166666666668,36.66666666666667,20.98148148148148,40.5,972.2063333333333,SITE 9,EXT
2026-05-24 17:00:00,28.3655,26.633166666666668,19.217166666666667,36.18518518518519,20.944444444444446,41.46666666666667,972.355,SITE 9,EXT
2026-05-24 18:00:00,39.88333333333333,36.244,23.623333333333335,35.0,20.333333333333332,42.7,972.9623333333333,SITE 9,EXT
2026-05-24 19:00:00,45.208387096774196,38.54177419354839,25.96225806451613,33.74551971326166,20.50179211469534,46.16129032258065,974.4622580645162,SITE 9,EXT
2026-05-24 20:00:00,21.959333333333333,20.75766666666667,14.3485,32.81481481481482,20.64814814814815,49.36666666666667,975.1723333333333,SITE 9,EXT
2026-05-24 21:00:00,15.702333333333334,14.950166666666666,10.4725,32.611111111111114,20.703703703703702,49.833333333333336,975.534,SITE 9,EXT
2026-05-24 22:00:00,9.156833333333333,8.776333333333334,6.131666666666666,32.07407407407407,19.90740740740741,49.36666666666667,976.0993333333333,SITE 9,EXT
2026-05-24 23:00:00,7.729,7.370833333333334,5.069999999999999,31.61111111111111,19.833333333333332,50.2,975.874,SITE 9,EXT
2026-05-25 00:00:00,8.313333333333334,7.867666666666667,5.492500000000001,31.203703703703706,20.11111111111111,52.56666666666667,975.838,SITE 9,EXT
2026-05-25 01:00:00,8.519333333333334,8.125833333333334,5.674166666666666,30.75925925925926,20.518518518518523,55.03333333333333,975.504,SITE 9,EXT
2026-05-25 02:00:00,9.568000000000001,9.123166666666666,6.3715,30.518518518518523,20.51851851851852,55.53333333333333,974.975,SITE 9,EXT
2026-05-25 03:00:00,10.020000000000001,9.562166666666666,6.8004999999999995,30.444444444444446,20.685185185185183,56.46666666666667,974.5356666666667,SITE 9,EXT
2026-05-25 04:00:00,12.922,12.483833333333333,9.057666666666668,30.53703703703704,20.53703703703704,55.8,974.8523333333334,SITE 9,EXT
2026-05-25 05:00:00,19.305166666666665,18.654999999999998,13.588666666666667,30.203703703703702,20.27777777777778,56.233333333333334,975.4580000000001,SITE 9,EXT
2026-05-25 06:00:00,42.5995,37.97366666666667,25.0965,29.98148148148148,20.40740740740741,56.8,975.9983333333333,SITE 9,EXT
2026-05-25 07:00:00,36.918,33.2005,23.088166666666666,30.12962962962963,20.444444444444446,56.733333333333334,977.131,SITE 9,EXT
2026-05-25 08:00:00,9.439,8.945500000000001,6.228666666666666,28.444444444444446,20.074074074074076,61.13333333333333,979.9443333333334,SITE 9,EXT
2026-05-25 09:00:00,3.093166666666667,2.626333333333333,1.3785,27.148148148148152,19.555555555555557,63.8,980.4426666666666,SITE 9,EXT
2026-05-25 10:00:00,3.3615,2.8248333333333333,1.6119999999999999,27.666666666666668,19.90740740740741,63.7,979.647,SITE 9,EXT
2026-05-25 11:00:00,4.1353333333333335,3.6628333333333334,2.2265,28.25925925925926,20.185185185185183,62.2,978.436,SITE 9,EXT
2026-05-25 12:00:00,6.484833333333333,5.8125,3.2834999999999996,29.35185185185185,20.685185185185183,60.03333333333333,977.2360000000001,SITE 9,EXT
2026-05-25 13:00:00,3.1243333333333334,2.740333333333333,1.6164999999999998,30.555555555555557,20.574074074074076,55.8,976.1436666666667,SITE 9,EXT
2026-05-25 14:00:00,5.618166666666666,4.848166666666667,2.8915,31.518518518518523,20.62962962962963,52.86666666666667,975.1370000000001,SITE 9,EXT
2026-05-25 15:00:00,6.304666666666667,5.421,3.1766666666666667,31.64814814814815,20.796296296296298,52.96666666666667,974.4086666666666,SITE 9,EXT
2026-05-25 16:00:00,8.901,7.811333333333334,4.736166666666667,32.37037037037037,20.425925925925927,49.666666666666664,974.2336666666666,SITE 9,EXT
2026-05-25 17:00:00,38.50183333333334,34.973,21.958333333333332,32.77777777777778,20.27777777777778,48.13333333333333,974.3629999999999,SITE 9,EXT
2026-05-25 18:00:00,42.616499999999995,37.656666666666666,25.222166666666666,32.7037037037037,20.666666666666668,49.6,974.7993333333333,SITE 9,EXT
2026-05-25 19:00:00,43.85033333333333,38.747,26.078833333333332,32.2037037037037,21.25925925925926,52.733333333333334,975.4506666666667,SITE 9,EXT
2026-05-25 20:00:00,48.95183333333333,41.167833333333334,27.55,31.814814814814817,21.462962962962965,54.96666666666667,976.2273333333334,SITE 9,EXT
2026-05-25 21:00:00,46.849000000000004,39.6825,26.123,31.62962962962963,21.925925925925927,57.06666666666667,977.1386666666666,SITE 9,EXT
2026-05-25 22:00:00,38.209833333333336,33.0255,21.653833333333335,31.185185185185187,22.166666666666668,58.9,977.4776666666668,SITE 9,EXT
2026-05-25 23:00:00,14.6415,13.4905,8.838333333333333,30.555555555555557,21.40740740740741,58.86666666666667,977.213,SITE 9,EXT
2026-05-26 00:00:00,10.675,9.736166666666666,6.324166666666667,30.53703703703704,21.64814814814815,59.43333333333333,976.9923333333334,SITE 9,EXT
2026-05-26 01:00:00,8.827499999999999,7.923500000000001,4.979666666666666,30.314814814814817,21.40740740740741,59.86666666666667,976.6746666666667,SITE 9,EXT
2026-05-26 02:00:00,9.156666666666666,8.212166666666667,5.303,29.98148148148148,21.24074074074074,60.333333333333336,976.4110000000001,SITE 9,EXT
2026-05-26 03:00:00,8.728387096774194,7.867903225806452,4.964838709677419,29.96415770609319,21.164874551971327,59.96774193548387,976.2654838709677,SITE 9,EXT
2026-05-26 04:00:00,14.891,13.717333333333332,8.714,30.0,21.01851851851852,59.53333333333333,976.4446666666666,SITE 9,EXT
2026-05-26 05:00:00,29.015666666666668,26.316666666666666,17.493,30.0,21.25925925925926,59.9,976.7783333333333,SITE 9,EXT
2026-05-26 06:00:00,57.647333333333336,47.367,31.637666666666668,29.90740740740741,21.24074074074074,60.56666666666667,977.1313333333333,SITE 9,EXT
2026-05-26 07:00:00,65.30983333333333,55.99316666666667,37.826,30.14814814814815,21.24074074074074,59.333333333333336,977.4159999999999,SITE 9,EXT
2026-05-26 08:00:00,34.4405,30.635666666666665,20.538,30.27777777777778,21.092592592592595,58.63333333333333,977.8146666666667,SITE 9,EXT
2026-05-26 09:00:00,30.195333333333334,27.66016666666667,17.781,30.203703703703702,21.22222222222222,59.5,977.9026666666666,SITE 9,EXT
2026-05-26 10:00:00,28.2395,24.922,14.987833333333333,31.814814814814817,21.796296296296298,55.8,977.874,SITE 9,EXT
2026-05-26 11:00:00,58.704,53.504666666666665,32.06016666666667,32.88888888888889,21.555555555555554,51.96666666666667,977.6796666666667,SITE 9,EXT
2026-05-26 12:00:00,15.225166666666667,13.351833333333333,7.873,30.555555555555557,21.27777777777778,58.233333333333334,977.5946666666666,SITE 9,EXT
2026-05-26 13:00:00,8.117333333333333,7.472833333333333,4.9935,31.185185185185187,21.666666666666668,57.4,976.4393333333334,SITE 9,EXT
2026-05-26 14:00:00,4.872,4.346,2.7423333333333333,32.31481481481482,20.87037037037037,51.233333333333334,975.2256666666667,SITE 9,EXT
2026-05-26 15:00:00,5.16,4.623,3.021666666666667,33.12962962962963,20.925925925925927,49.06666666666667,974.1903333333333,SITE 9,EXT
2026-05-26 16:00:00,6.701,6.089333333333333,4.035666666666667,33.42592592592593,20.98148148148148,48.36666666666667,973.4926666666667,SITE 9,EXT
2026-05-26 17:00:00,7.657166666666667,7.1483333333333325,4.8145,33.46296296296296,20.592592592592595,47.1,973.9553333333333,SITE 9,EXT
2026-05-26 18:00:00,26.97533333333333,24.737166666666667,17.354666666666667,32.833333333333336,21.22222222222222,51.06666666666667,974.8976666666666,SITE 9,EXT
2026-05-26 19:00:00,91.8415,84.0375,52.77616666666667,32.388888888888886,22.074074074074076,55.13333333333333,975.8243333333334,SITE 9,EXT
2026-05-26 20:00:00,30.148333333333333,27.636833333333335,18.9085,32.22222222222222,21.574074074074076,53.9,976.5806666666666,SITE 9,EXT
2026-05-26 21:00:00,49.64,42.0685,28.064666666666668,31.64814814814815,21.0,53.833333333333336,976.8776666666668,SITE 9,EXT
2026-05-26 22:00:00,38.08683333333333,34.0495,23.470333333333333,31.592592592592595,21.75925925925926,56.766666666666666,977.3803333333333,SITE 9,EXT
2026-05-26 23:00:00,52.028999999999996,43.66383333333333,29.535166666666665,31.055555555555557,22.0,59.233333333333334,977.3406666666667,SITE 9,EXT
2026-05-27 00:00:00,30.551333333333332,28.918333333333333,19.916333333333334,30.555555555555557,22.48148148148148,62.7,976.6553333333334,SITE 9,EXT
2026-05-27 01:00:00,31.243,29.012166666666666,20.224333333333334,30.555555555555557,22.77777777777778,63.2,975.6663333333333,SITE 9,EXT
2026-05-27 02:00:00,31.170833333333334,29.313,20.13266666666667,30.27777777777778,22.11111111111111,62.46666666666667,974.4266666666666,SITE 9,EXT
2026-05-27 03:00:00,21.048000000000002,19.803166666666666,13.848833333333333,29.35185185185185,21.425925925925927,63.1,973.731,SITE 9,EXT
2026-05-27 04:00:00,24.107166666666668,22.311500000000002,15.397166666666667,29.370370370370374,21.62962962962963,63.36666666666667,974.1139999999999,SITE 9,EXT
2026-05-27 05:00:00,38.99,34.19583333333333,22.86,29.555555555555557,21.77777777777778,63.03333333333333,974.5076666666666,SITE 9,EXT
2026-05-27 06:00:00,94.60916666666667,88.14899999999999,57.53216666666666,29.5,21.722222222222225,63.6,975.1906666666667,SITE 9,EXT
2026-05-27 07:00:00,73.7345,66.15766666666667,43.62683333333334,30.185185185185183,22.185185185185183,62.96666666666667,976.2093333333333,SITE 9,EXT
2026-05-27 08:00:00,52.82616666666667,45.094166666666666,30.5155,31.518518518518523,22.166666666666668,58.13333333333333,976.6906666666667,SITE 9,EXT
2026-05-27 09:00:00,27.296499999999998,25.842666666666666,18.46466666666667,32.648148148148145,21.62962962962963,52.86666666666667,976.8199999999999,SITE 9,EXT
2026-05-27 10:00:00,26.270806451612902,24.884193548387096,18.048870967741934,33.74551971326165,21.451612903225808,48.935483870967744,976.8764516129032,SITE 9,EXT
2026-05-27 11:00:00,25.849,24.415833333333335,17.966833333333334,34.75925925925926,21.185185185185183,45.56666666666667,976.2686666666667,SITE 9,EXT
2026-05-27 12:00:00,26.3495,24.622333333333334,17.637666666666668,35.777777777777786,21.11111111111111,42.833333333333336,975.45,SITE 9,EXT
2026-05-27 13:00:00,25.64016666666667,23.853666666666665,16.145,36.0,20.685185185185183,41.2,974.4393333333334,SITE 9,EXT
2026-05-27 14:00:00,16.0445,15.326500000000001,11.2955,36.62962962962963,20.5,39.233333333333334,973.6056666666667,SITE 9,EXT
2026-05-27 15:00:00,15.778333333333334,15.313666666666668,11.530333333333335,36.7962962962963,20.185185185185183,38.266666666666666,972.9576666666667,SITE 9,EXT
2026-05-27 16:00:00,15.450666666666667,14.935833333333333,11.1995,36.92592592592593,20.12962962962963,37.7,972.5713333333333,SITE 9,EXT
2026-05-27 17:00:00,17.736833333333333,17.209833333333332,12.808833333333332,36.70370370370371,20.12962962962963,38.43333333333333,972.6993333333334,SITE 9,EXT
2026-05-27 18:00:00,49.7775,42.405499999999996,29.104499999999998,36.092592592592595,21.037037037037035,42.03333333333333,973.1183333333333,SITE 9,EXT
2026-05-27 19:00:00,67.9555,59.780833333333334,41.036500000000004,35.74074074074074,21.90740740740741,45.166666666666664,973.929,SITE 9,EXT
2026-05-27 20:00:00,59.074666666666666,51.76766666666666,35.2545,34.7962962962963,22.037037037037035,48.03333333333333,974.7289999999999,SITE 9,EXT
2026-05-27 21:00:00,37.19983333333334,33.30316666666667,22.387,34.44444444444444,22.055555555555554,48.766666666666666,975.6493333333333,SITE 9,EXT
2026-05-27 22:00:00,27.687666666666665,26.415333333333333,18.3875,34.14814814814815,22.25925925925926,50.2,976.0443333333333,SITE 9,EXT
2026-05-27 23:00:00,20.656833333333335,20.08216666666667,14.571166666666667,33.2962962962963,21.037037037037035,48.96666666666667,975.825,SITE 9,EXT
2026-05-28 00:00:00,14.9375,14.334333333333335,10.373333333333333,32.77777777777778,20.75925925925926,49.5,975.118,SITE 9,EXT
2026-05-28 01:00:00,14.706833333333332,14.177166666666666,10.224833333333333,32.388888888888886,20.703703703703702,50.333333333333336,974.2833333333333,SITE 9,EXT
2026-05-28 02:00:00,16.015666666666668,15.517166666666666,11.408999999999999,32.18518518518518,21.185185185185183,52.733333333333334,973.7900000000001,SITE 9,EXT
2026-05-28 03:00:00,16.773999999999997,16.354499999999998,11.982333333333333,31.814814814814817,21.25925925925926,54.3,974.2593333333333,SITE 9,EXT
2026-05-28 04:00:00,16.408833333333334,15.9795,11.826833333333333,31.462962962962965,21.25925925925926,55.233333333333334,974.6446666666667,SITE 9,EXT
2026-05-28 05:00:00,24.605833333333333,23.619666666666667,16.880833333333335,31.092592592592595,21.333333333333332,56.4,975.0139999999999,SITE 9,EXT
2026-05-28 06:00:00,42.4725,37.062999999999995,25.53216666666667,31.11111111111111,21.64814814814815,57.56666666666667,975.3506666666667,SITE 9,EXT
2026-05-28 07:00:00,36.336999999999996,33.1095,23.353166666666667,31.944444444444446,21.64814814814815,55.166666666666664,975.7976666666667,SITE 9,EXT
2026-05-28 08:00:00,20.913,20.4205,15.036,32.53703703703704,21.62962962962963,52.93333333333333,976.1800000000001,SITE 9,EXT
2026-05-28 09:00:00,16.504,16.133,12.069666666666667,33.88888888888889,21.87037037037037,50.03333333333333,976.6370000000001,SITE 9,EXT
2026-05-28 10:00:00,16.404,16.1075,12.125166666666667,35.0,21.98148148148148,47.2,976.2626666666667,SITE 9,EXT
2026-05-28 11:00:00,15.614333333333333,15.138833333333334,11.414833333333332,35.90740740740741,21.796296296296298,44.43333333333333,975.8136666666667,SITE 9,EXT
2026-05-28 12:00:00,15.762,15.224666666666668,11.318833333333334,36.851851851851855,21.314814814814817,40.8,975.1196666666667,SITE 9,EXT
2026-05-28 13:00:00,16.740833333333335,16.15566666666667,11.870000000000001,37.37037037037037,20.87037037037037,38.53333333333333,974.3356666666666,SITE 9,EXT
2026-05-28 14:00:00,20.770166666666668,19.657666666666668,13.964833333333333,38.18518518518519,20.333333333333332,35.666666666666664,973.4866666666666,SITE 9,EXT
2026-05-28 15:00:00,27.525,25.32435483870968,17.587580645161292,38.333333333333336,19.587813620071685,33.74193548387097,972.3280645161291,SITE 9,EXT
2026-05-28 16:00:00,35.308166666666665,31.925,22.206000000000003,37.94444444444445,19.48148148148148,34.5,971.6406666666667,SITE 9,EXT
2026-05-28 17:00:00,66.29333333333334,59.324,39.16283333333333,37.12962962962963,20.537037037037035,38.4,971.7616666666667,SITE 9,EXT
2026-05-28 18:00:00,66.587,57.634166666666665,36.578833333333336,35.7962962962963,20.592592592592595,41.56666666666667,973.276,SITE 9,EXT
2026-05-28 19:00:00,51.01083333333334,42.49466666666667,27.979166666666668,34.7962962962963,20.462962962962965,43.333333333333336,973.8563333333333,SITE 9,EXT
2026-05-28 20:00:00,52.79383333333333,43.68233333333333,28.523833333333336,34.48148148148148,20.90740740740741,45.333333333333336,974.7733333333333,SITE 9,EXT
2026-05-28 21:00:00,31.850166666666667,28.667666666666666,19.009,33.72222222222222,20.388888888888893,46.06666666666667,975.056,SITE 9,EXT
2026-05-28 22:00:00,18.134666666666664,16.781333333333333,11.065,33.074074074074076,20.01851851851852,46.63333333333333,975.803,SITE 9,EXT
2026-05-28 23:00:00,15.748166666666666,14.5235,9.5495,32.77777777777778,20.444444444444446,48.733333333333334,975.8666666666667,SITE 9,EXT
2026-05-29 00:00:00,14.098666666666666,12.984333333333332,8.789,32.2962962962963,20.12962962962963,49.36666666666667,975.493,SITE 9,EXT
2026-05-29 01:00:00,14.954666666666666,13.920333333333334,9.519833333333334,31.814814814814817,20.333333333333332,51.166666666666664,975.0476666666667,SITE 9,EXT
2026-05-29 02:00:00,18.196666666666665,16.9935,11.643666666666666,30.722222222222225,20.814814814814817,55.93333333333333,974.6943333333334,SITE 9,EXT
2026-05-29 03:00:00,23.4325,21.5985,14.113,30.203703703703706,20.685185185185183,57.3,975.1463333333334,SITE 9,EXT
2026-05-29 04:00:00,15.311,14.088333333333333,9.3125,29.092592592592595,20.75925925925926,61.4,975.6416666666667,SITE 9,EXT
2026-05-29 05:00:00,14.051,12.789666666666667,8.3405,29.61111111111111,20.51851851851852,58.833333333333336,975.9603333333333,SITE 9,EXT
2026-05-29 06:00:00,36.83883333333333,32.20666666666667,21.740166666666667,29.814814814814817,20.555555555555557,58.233333333333334,976.2703333333334,SITE 9,EXT
2026-05-29 07:00:00,31.707333333333334,28.627833333333335,19.177166666666665,29.444444444444446,20.53703703703704,59.2,976.8986666666666,SITE 9,EXT
2026-05-29 08:00:00,21.556333333333335,19.796499999999998,13.030666666666667,29.5,20.61111111111111,59.46666666666667,977.3913333333334,SITE 9,EXT
2026-05-29 09:00:00,24.300833333333333,22.139499999999998,14.383000000000001,30.666666666666668,20.666666666666668,55.63333333333333,977.5626666666667,SITE 9,EXT
2026-05-29 10:00:00,22.906833333333335,21.035166666666665,14.018,31.48148148148148,20.555555555555557,52.96666666666667,977.463,SITE 9,EXT
2026-05-29 11:00:00,26.691,24.6965,16.875833333333336,32.37037037037037,20.925925925925927,51.3,977.1033333333332,SITE 9,EXT
2026-05-29 12:00:00,20.473666666666666,18.987833333333334,12.865833333333335,33.72222222222222,20.944444444444446,47.63333333333333,976.4466666666667,SITE 9,EXT
2026-05-29 13:00:00,21.899166666666666,20.512999999999998,13.952166666666667,34.666666666666664,21.074074074074073,45.43333333333333,975.463,SITE 9,EXT
2026-05-29 14:00:00,18.215666666666667,16.781333333333333,11.361666666666668,35.88888888888889,20.98148148148148,42.2,974.524,SITE 9,EXT
2026-05-29 15:00:00,21.391000000000002,19.837333333333333,13.6465,36.092592592592595,21.25925925925926,42.56666666666667,974.013,SITE 9,EXT
2026-05-29 16:00:00,29.779,27.203166666666668,18.488333333333333,36.05555555555556,21.35185185185185,42.86666666666667,973.8303333333333,SITE 9,EXT
2026-05-29 17:00:00,31.935833333333335,29.145,20.224,35.351851851851855,21.40740740740741,44.8,974.0136666666666,SITE 9,EXT
2026-05-29 18:00:00,50.21133333333333,43.15266666666666,28.662166666666668,34.96296296296296,21.444444444444446,45.666666666666664,974.5363333333333,SITE 9,EXT
2026-05-29 19:00:00,53.4545,44.20016666666667,29.6855,34.62962962962963,21.27777777777778,46.166666666666664,975.1883333333334,SITE 9,EXT
2026-05-29 20:00:00,58.160666666666664,47.60366666666666,31.839333333333332,34.44444444444444,21.425925925925927,47.13333333333333,975.8863333333334,SITE 9,EXT
2026-05-29 21:00:00,58.05693548387097,47.29693548387097,31.438709677419357,34.193548387096776,22.043010752688172,49.32258064516129,976.2674193548387,SITE 9,EXT
2026-05-29 22:00:00,61.87416666666666,51.685833333333335,33.61033333333334,33.75925925925926,21.962962962962965,50.63333333333333,976.4623333333333,SITE 9,EXT
2026-05-29 23:00:00,49.58533333333333,41.477833333333336,27.31,32.88888888888889,22.074074074074073,53.4,976.5326666666666,SITE 9,EXT
2026-05-30 00:00:00,50.37283333333333,41.834833333333336,26.729833333333332,32.74074074074074,21.88888888888889,53.4,976.185,SITE 9,EXT
2026-05-30 01:00:00,43.374,36.82,24.571666666666665,31.87037037037037,22.12962962962963,57.06666666666667,975.4876666666667,SITE 9,EXT
2026-05-30 02:00:00,37.98166666666667,33.44116666666667,22.560666666666666,31.592592592592595,22.259259259259256,58.9,974.6656666666667,SITE 9,EXT
2026-05-30 03:00:00,37.287333333333336,33.050333333333334,22.12183333333333,30.962962962962965,22.166666666666668,59.93333333333333,974.5566666666667,SITE 9,EXT
2026-05-30 04:00:00,33.748666666666665,30.965500000000002,20.895,30.518518518518523,22.185185185185183,61.0,974.6486666666666,SITE 9,EXT
2026-05-30 05:00:00,41.5975,36.03666666666666,24.264833333333335,30.555555555555557,22.203703703703702,61.36666666666667,975.0993333333333,SITE 9,EXT
2026-05-30 06:00:00,70.804,61.71816666666667,41.550333333333334,30.851851851851855,22.35185185185185,60.86666666666667,975.388,SITE 9,EXT
2026-05-30 07:00:00,61.40316666666667,51.85333333333333,35.42100000000001,31.685185185185183,22.37037037037037,58.63333333333333,975.581,SITE 9,EXT
2026-05-30 08:00:00,32.70166666666667,29.202166666666667,19.836666666666666,33.111111111111114,21.944444444444446,52.36666666666667,975.7976666666667,SITE 9,EXT
2026-05-30 09:00:00,22.71516666666667,21.254,14.658333333333333,34.24074074074074,21.944444444444446,49.233333333333334,975.934,SITE 9,EXT
2026-05-30 10:00:00,18.092666666666666,17.005499999999998,11.854999999999999,35.55555555555556,21.592592592592595,44.8,975.7333333333333,SITE 9,EXT
2026-05-30 11:00:00,17.463620689655173,16.237241379310344,11.246206896551724,36.64750957854406,21.360153256704983,41.51724137931034,975.2668965517242,SITE 9,EXT
2026-05-30 12:00:00,30.213833333333334,27.307666666666666,18.739166666666666,37.2037037037037,21.12962962962963,39.63333333333333,975.0273333333333,SITE 9,EXT
2026-05-30 13:00:00,136.79633333333334,128.9475,70.56666666666666,38.333333333333336,21.055555555555554,37.1,974.0310000000001,SITE 9,EXT
2026-05-30 14:00:00,17.680333333333333,16.247,11.362166666666667,38.81481481481482,20.722222222222225,35.43333333333333,972.948,SITE 9,EXT
2026-05-30 15:00:00,18.136166666666668,16.771833333333333,11.664333333333333,39.03703703703704,20.388888888888893,34.03333333333333,972.0743333333334,SITE 9,EXT
2026-05-30 16:00:00,17.0435,15.6075,10.6165,39.092592592592595,20.0,33.4,971.3313333333333,SITE 9,EXT
2026-05-30 17:00:00,44.525166666666664,39.09283333333334,25.949166666666667,38.277777777777786,20.388888888888893,35.7,971.0826666666667,SITE 9,EXT
2026-05-30 18:00:00,74.48833333333333,64.85266666666666,41.61466666666667,37.72222222222222,21.25925925925926,38.733333333333334,971.6626666666667,SITE 9,EXT
2026-05-30 19:00:00,59.020999999999994,48.36116666666667,31.78966666666667,36.851851851851855,20.703703703703702,39.43333333333333,972.5893333333333,SITE 9,EXT
2026-05-30 20:00:00,59.95066666666666,50.27816666666667,32.55416666666667,36.40740740740741,20.37037037037037,39.46666666666667,973.1263333333334,SITE 9,EXT
2026-05-30 21:00:00,60.26883333333333,49.909,32.943333333333335,35.87037037037037,20.574074074074076,41.13333333333333,974.0263333333334,SITE 9,EXT
2026-05-30 22:00:00,54.713499999999996,45.9775,29.980166666666666,35.01851851851852,20.537037037037035,43.0,974.528,SITE 9,EXT
2026-05-30 23:00:00,44.17783333333333,37.163333333333334,24.219833333333334,34.5,20.85185185185185,45.36666666666667,975.4526666666667,SITE 9,EXT
2026-05-31 00:00:00,11.429761904761905,10.124761904761906,6.3202380952380945,28.439153439153444,18.96825396825397,57.476190476190474,977.6961904761904,SITE 9,EXT
2026-05-31 01:00:00,12.460166666666668,11.609333333333332,7.795833333333333,27.851851851851855,19.296296296296298,60.266666666666666,976.1593333333333,SITE 9,EXT
2026-05-31 02:00:00,7.2876666666666665,6.566833333333333,4.204,27.425925925925927,18.814814814814817,59.833333333333336,976.4513333333333,SITE 9,EXT
2026-05-31 03:00:00,7.627,6.748666666666667,4.138333333333334,26.5,19.240740740740744,64.93333333333334,976.0793333333334,SITE 9,EXT
2026-05-31 04:00:00,10.414333333333333,9.398833333333332,5.988666666666666,27.0,19.962962962962965,65.83333333333333,974.8870000000001,SITE 9,EXT
2026-05-31 05:00:00,12.69,11.5635,7.566666666666666,27.666666666666668,20.333333333333332,64.56666666666666,974.7773333333333,SITE 9,EXT
2026-05-31 06:00:00,14.463666666666665,13.420666666666667,9.123833333333332,27.203703703703706,19.518518518518523,64.03333333333333,974.697,SITE 9,EXT
2026-05-31 07:00:00,18.3085,16.977166666666665,11.580333333333334,27.592592592592595,19.796296296296298,62.8,974.9626666666667,SITE 9,EXT
2026-05-31 08:00:00,17.828666666666667,16.437,11.028333333333334,28.27777777777778,19.87037037037037,60.86666666666667,975.577,SITE 9,EXT
2026-05-31 09:00:00,16.640666666666668,15.246833333333333,10.113666666666667,29.222222222222225,20.12962962962963,58.7,975.894,SITE 9,EXT
2026-05-31 10:00:00,16.253833333333333,14.869833333333332,9.905,30.222222222222225,20.555555555555557,56.833333333333336,975.6263333333334,SITE 9,EXT
2026-05-31 11:00:00,15.066666666666666,13.784500000000001,9.299666666666667,32.01851851851852,21.25925925925926,53.36666666666667,975.3123333333333,SITE 9,EXT
2026-05-31 12:00:00,11.9315,10.696666666666665,6.9395,33.50000000000001,21.11111111111111,48.766666666666666,974.7913333333333,SITE 9,EXT
2026-05-31 13:00:00,11.896333333333333,10.646333333333333,6.882666666666666,34.55555555555556,20.962962962962965,45.333333333333336,974.1106666666667,SITE 9,EXT
2026-05-31 14:00:00,9.488833333333334,8.480833333333333,5.6353333333333335,35.46296296296296,20.537037037037035,42.06666666666667,973.2266666666667,SITE 9,EXT
2026-05-31 15:00:00,8.373166666666666,7.5391666666666675,4.904166666666667,36.111111111111114,20.092592592592595,39.43333333333333,972.5293333333334,SITE 9,EXT
2026-05-31 16:00:00,12.9595,11.871333333333332,8.009333333333334,36.111111111111114,20.51851851851852,40.6,972.3816666666667,SITE 9,EXT
2026-05-31 17:00:00,27.862666666666666,25.148666666666667,17.0165,35.87037037037037,20.75925925925926,41.8,972.495,SITE 9,EXT
2026-05-31 18:00:00,69.28033333333333,61.648,38.49916666666666,35.51851851851852,21.333333333333332,44.1,973.068,SITE 9,EXT
2026-05-31 19:00:00,44.13016666666667,38.0045,26.283,34.7962962962963,23.14814814814815,51.43333333333333,973.9206666666666,SITE 9,EXT
2026-05-31 20:00:00,62.82283333333333,53.054,35.815000000000005,34.2962962962963,22.814814814814817,51.63333333333333,974.4789999999999,SITE 9,EXT
2026-05-31 21:00:00,42.50416666666667,36.72183333333333,25.102666666666668,33.70370370370371,22.51851851851852,52.233333333333334,975.0393333333334,SITE 9,EXT
2026-05-31 22:00:00,29.739500000000003,28.266166666666667,19.6425,32.87037037037037,21.62962962962963,52.03333333333333,975.1706666666666,SITE 9,EXT
2026-05-31 23:00:00,27.779,26.168333333333333,18.08966666666667,32.42592592592593,21.5,53.03333333333333,974.955,SITE 9,EXT
2026-06-01 00:00:00,20.552500000000002,19.579666666666665,13.844333333333333,32.166666666666664,21.592592592592595,53.666666666666664,974.5066666666667,SITE 9,EXT
2026-06-01 01:00:00,14.243166666666667,13.429,9.602333333333332,31.64814814814815,21.22222222222222,54.56666666666667,974.1953333333333,SITE 9,EXT
2026-06-01 02:00:00,13.128000000000002,12.303833333333333,8.752,31.111111111111118,21.11111111111111,56.06666666666667,973.8353333333333,SITE 9,EXT
2026-06-01 03:00:00,12.584516129032258,11.811612903225807,8.284354838709678,30.94982078853047,21.254480286738353,56.70967741935484,973.3432258064516,SITE 9,EXT
2026-06-01 04:00:00,19.90083333333333,18.867666666666665,13.337666666666667,30.5,21.092592592592595,58.06666666666667,973.2656666666667,SITE 9,EXT
2026-06-01 05:00:00,22.180833333333332,21.132166666666667,14.548833333333333,30.37037037037037,21.38888888888889,58.833333333333336,973.7366666666666,SITE 9,EXT
2026-06-01 06:00:00,34.47633333333333,31.16166666666667,21.56416666666667,30.074074074074076,21.092592592592595,58.86666666666667,974.3009999999999,SITE 9,EXT
2026-06-01 07:00:00,29.02466666666667,27.063666666666666,18.785833333333336,30.77777777777778,21.25925925925926,57.53333333333333,974.7136666666667,SITE 9,EXT
2026-06-01 08:00:00,15.768166666666668,14.894166666666667,10.5015,32.05555555555556,21.37037037037037,53.7,974.9456666666666,SITE 9,EXT
2026-06-01 09:00:00,12.7455,11.9755,8.366,33.333333333333336,21.35185185185185,50.1,975.357,SITE 9,EXT
2026-06-01 10:00:00,12.0875,11.429166666666667,8.160166666666667,34.55555555555556,21.444444444444446,46.8,975.5033333333333,SITE 9,EXT
2026-06-01 11:00:00,12.025,11.215666666666667,7.884666666666666,35.74074074074074,21.51851851851852,44.1,975.1216666666667,SITE 9,EXT
2026-06-01 12:00:00,12.682833333333333,11.9145,8.470666666666666,36.833333333333336,21.11111111111111,40.36666666666667,974.7646666666666,SITE 9,EXT
2026-06-01 13:00:00,12.9275,12.0435,8.450333333333333,37.2962962962963,21.055555555555554,39.166666666666664,974.0856666666666,SITE 9,EXT
2026-06-01 14:00:00,15.441666666666666,14.482166666666666,10.218833333333333,37.25925925925926,21.166666666666668,39.46666666666667,973.4646666666666,SITE 9,EXT
2026-06-01 15:00:00,17.241833333333332,16.197666666666667,11.474333333333334,37.2037037037037,21.01851851851852,39.2,972.9153333333333,SITE 9,EXT
2026-06-01 16:00:00,18.619666666666667,17.444333333333336,12.389000000000001,37.27777777777778,20.333333333333332,37.5,972.2393333333333,SITE 9,EXT
2026-06-01 17:00:00,25.3595,23.34,16.040333333333333,37.07407407407407,20.074074074074076,37.333333333333336,972.0936666666668,SITE 9,EXT
2026-06-01 18:00:00,56.080000000000005,49.1455,33.46633333333333,36.66666666666667,20.962962962962965,40.266666666666666,972.427,SITE 9,EXT
2026-06-01 19:00:00,113.0525,108.3445,72.64450000000001,36.351851851851855,22.962962962962965,46.3,973.053,SITE 9,EXT
2026-06-01 20:00:00,48.725,42.556000000000004,29.136666666666667,35.24074074074074,22.592592592592595,48.13333333333333,973.7686666666667,SITE 9,EXT
2026-06-01 21:00:00,42.4065,36.223333333333336,24.228333333333335,34.38888888888889,22.333333333333332,49.93333333333333,974.4390000000001,SITE 9,EXT
2026-06-01 22:00:00,36.09916666666666,32.272666666666666,21.657833333333333,33.870370370370374,22.259259259259256,51.43333333333333,975.1253333333333,SITE 9,EXT
2026-06-01 23:00:00,30.04733333333333,27.9445,18.881166666666665,33.333333333333336,21.722222222222225,50.8,975.733,SITE 9,EXT
2026-06-02 00:00:00,23.028000000000002,21.715,14.953333333333335,32.77777777777778,21.61111111111111,52.03333333333333,975.4653333333333,SITE 9,EXT
2026-06-02 01:00:00,18.391333333333332,17.235166666666665,11.965333333333332,32.27777777777778,21.166666666666668,52.03333333333333,974.802,SITE 9,EXT
2026-06-02 02:00:00,17.999666666666666,16.83833333333333,11.604166666666666,31.88888888888889,21.14814814814815,53.666666666666664,974.2973333333334,SITE 9,EXT
2026-06-02 03:00:00,18.625166666666665,17.466166666666666,12.055333333333333,31.388888888888893,21.35185185185185,55.56666666666667,973.8386666666667,SITE 9,EXT
2026-06-02 04:00:00,22.773500000000002,21.606333333333335,14.737666666666666,31.092592592592595,21.09259259259259,56.0,973.779,SITE 9,EXT
2026-06-02 05:00:00,25.853,24.454166666666666,16.898833333333336,30.870370370370374,21.22222222222222,57.03333333333333,973.6233333333333,SITE 9,EXT
2026-06-02 06:00:00,44.34166666666667,37.8045,25.435166666666664,30.555555555555557,21.24074074074074,58.2,973.8726666666666,SITE 9,EXT
2026-06-02 07:00:00,32.9185,29.96516666666667,20.152833333333334,30.796296296296298,21.555555555555557,58.266666666666666,974.8256666666667,SITE 9,EXT
2026-06-02 08:00:00,24.874166666666667,23.680333333333333,16.312166666666666,31.48148148148148,21.574074074074076,56.233333333333334,975.9723333333333,SITE 9,EXT
2026-06-02 09:00:00,25.048166666666667,23.86733333333333,16.455,32.407407407407405,22.14814814814815,55.2,976.351,SITE 9,EXT
2026-06-02 10:00:00,28.162333333333333,26.837333333333333,18.271166666666666,33.01851851851852,22.203703703703702,53.43333333333333,976.4033333333333,SITE 9,EXT
2026-06-02 11:00:00,30.450166666666668,28.64383333333333,19.562833333333334,33.66666666666667,22.203703703703702,51.8,976.3043333333334,SITE 9,EXT
2026-06-02 12:00:00,24.49306451612903,23.43532258064516,16.031129032258065,34.56989247311828,22.258064516129032,48.903225806451616,975.9425806451613,SITE 9,EXT
2026-06-02 13:00:00,22.323,21.431166666666666,14.775833333333333,35.72222222222222,22.055555555555554,45.6,975.2186666666668,SITE 9,EXT
2026-06-02 14:00:00,21.798000000000002,21.005,14.658,36.55555555555556,22.166666666666668,43.86666666666667,974.6759999999999,SITE 9,EXT
2026-06-02 15:00:00,24.954833333333333,23.791833333333333,16.4705,36.90740740740741,22.0,42.46666666666667,974.125,SITE 9,EXT
2026-06-02 16:00:00,34.8025,31.555833333333332,21.5535,37.148148148148145,21.40740740740741,40.6,973.3673333333334,SITE 9,EXT
2026-06-02 17:00:00,42.8565,37.00866666666666,25.214,36.611111111111114,21.01851851851852,40.766666666666666,973.412,SITE 9,EXT
2026-06-02 18:00:00,53.10966666666666,43.955000000000005,29.226166666666668,36.111111111111114,21.37037037037037,42.8,973.76,SITE 9,EXT
2026-06-02 19:00:00,63.375,52.31933333333333,34.584500000000006,35.64814814814815,21.98148148148148,45.733333333333334,974.996,SITE 9,EXT
2026-06-02 20:00:00,51.94866666666667,43.6705,29.43433333333333,35.2037037037037,22.166666666666668,47.3,975.4066666666666,SITE 9,EXT
2026-06-02 21:00:00,63.44983333333334,56.0455,36.85033333333333,34.7962962962963,22.01851851851852,48.0,976.2446666666667,SITE 9,EXT
2026-06-02 22:00:00,52.653000000000006,45.482166666666664,29.868,34.407407407407405,22.25925925925926,49.53333333333333,976.8966666666668,SITE 9,EXT
2026-06-02 23:00:00,34.32383333333333,31.413999999999998,21.0955,33.7962962962963,22.314814814814817,51.666666666666664,976.975,SITE 9,EXT
2026-06-03 00:00:00,32.049166666666665,29.761333333333333,20.19183333333333,33.166666666666664,22.48148148148148,54.03333333333333,976.4789999999999,SITE 9,EXT
2026-06-03 01:00:00,29.004,26.44066666666667,17.992166666666666,32.75925925925926,22.14814814814815,53.93333333333333,976.171,SITE 9,EXT
2026-06-03 02:00:00,18.664333333333335,17.646,12.064666666666666,32.37037037037037,22.055555555555554,55.0,975.87,SITE 9,EXT
2026-06-03 03:00:00,12.580666666666668,11.9255,8.122,31.685185185185183,20.888888888888893,53.233333333333334,975.8353333333333,SITE 9,EXT
2026-06-03 04:00:00,9.568333333333333,9.081,6.277666666666667,31.185185185185187,20.14814814814815,52.8,975.9853333333334,SITE 9,EXT
2026-06-03 05:00:00,16.801833333333335,16.0575,11.128333333333334,31.055555555555557,20.48148148148148,53.63333333333333,976.0603333333333,SITE 9,EXT
2026-06-03 06:00:00,23.482166666666668,22.308333333333334,15.320500000000001,30.574074074074076,20.01851851851852,53.666666666666664,976.5686666666667,SITE 9,EXT
2026-06-03 07:00:00,25.786333333333335,24.198666666666668,16.38383333333333,31.27777777777778,20.388888888888893,52.733333333333334,977.086,SITE 9,EXT
2026-06-03 08:00:00,16.729,15.788166666666665,10.909833333333333,32.092592592592595,20.64814814814815,51.2,977.5466666666667,SITE 9,EXT
2026-06-03 09:00:00,18.527833333333334,17.5595,12.006166666666667,33.12962962962963,21.27777777777778,50.0,977.7003333333334,SITE 9,EXT
2026-06-03 10:00:00,19.255499999999998,18.329666666666665,12.9105,34.72222222222222,21.444444444444446,46.46666666666667,977.5646666666667,SITE 9,EXT
2026-06-03 11:00:00,19.828500000000002,18.860333333333333,13.202,35.88888888888889,21.296296296296298,42.96666666666667,977.2556666666667,SITE 9,EXT
2026-06-03 12:00:00,17.800833333333333,16.997833333333332,12.176666666666668,36.851851851851855,21.12962962962963,40.46666666666667,976.7073333333334,SITE 9,EXT
2026-06-03 13:00:00,16.199166666666667,15.359,10.986333333333333,37.75925925925926,20.40740740740741,36.86666666666667,975.9113333333333,SITE 9,EXT
2026-06-03 14:00:00,17.8965,16.916833333333333,12.168333333333333,38.25925925925926,20.962962962962965,36.93333333333333,975.237,SITE 9,EXT
2026-06-03 15:00:00,21.973166666666668,20.776166666666665,14.6745,38.333333333333336,20.537037037037035,35.96666666666667,974.27,SITE 9,EXT
2026-06-03 16:00:00,22.930833333333332,21.673166666666667,14.833,38.166666666666664,20.14814814814815,35.3,973.4793333333333,SITE 9,EXT
2026-06-03 17:00:00,29.950166666666668,27.389,19.032833333333333,37.88888888888889,20.64814814814815,37.3,973.1493333333333,SITE 9,EXT
2026-06-03 18:00:00,43.18216666666667,36.9375,25.146666666666665,37.22222222222222,20.87037037037037,39.03333333333333,973.4303333333334,SITE 9,EXT
2026-06-03 19:00:00,48.682903225806456,40.82322580645161,27.266290322580645,36.415770609319,21.129032258064516,41.45161290322581,974.4722580645162,SITE 9,EXT
2026-06-03 20:00:00,40.25366666666666,35.16916666666667,23.8035,35.351851851851855,21.203703703703702,44.2,975.1763333333333,SITE 9,EXT
2026-06-03 21:00:00,26.735666666666667,25.499166666666667,17.754,34.333333333333336,21.12962962962963,46.56666666666667,975.616,SITE 9,EXT
2026-06-03 22:00:00,26.392999999999997,25.322333333333333,17.401666666666664,33.833333333333336,21.64814814814815,49.43333333333333,976.3683333333333,SITE 9,EXT
2026-06-03 23:00:00,24.685666666666666,23.624666666666666,16.219833333333334,33.351851851851855,21.85185185185185,51.266666666666666,976.4103333333334,SITE 9,EXT
2026-06-04 00:00:00,18.066,17.255166666666664,11.935333333333334,32.81481481481482,21.703703703703702,52.9,976.1990000000001,SITE 9,EXT
2026-06-04 01:00:00,14.8985,14.255166666666668,9.948166666666667,32.25925925925926,21.666666666666668,53.63333333333333,975.5643333333334,SITE 9,EXT
2026-06-04 02:00:00,12.618214285714286,11.970178571428573,8.325178571428571,31.626984126984127,21.011904761904763,53.642857142857146,976.1414285714285,SITE 9,EXT
2026-06-04 03:00:00,7.534000000000001,6.5755,3.8920000000000003,27.388888888888893,19.805555555555557,63.95,977.3700000000001,SITE 9,EXT
2026-06-04 04:00:00,7.068333333333333,6.521,4.441666666666666,28.25925925925926,19.666666666666668,60.06666666666667,977.0163333333334,SITE 9,EXT
2026-06-04 05:00:00,14.18758064516129,13.654516129032258,9.928548387096775,28.31541218637993,19.587813620071685,59.96774193548387,976.4474193548386,SITE 9,EXT
2026-06-04 06:00:00,30.566166666666668,28.15666666666667,19.69,28.740740740740744,19.814814814814817,58.93333333333333,976.9056666666667,SITE 9,EXT
2026-06-04 07:00:00,24.4735,23.211000000000002,16.7315,28.722222222222225,19.98148148148148,59.63333333333333,977.154,SITE 9,EXT
2026-06-04 08:00:00,13.01,12.568000000000001,9.080166666666665,28.31481481481482,19.98148148148148,61.3,978.9306666666666,SITE 9,EXT
2026-06-04 09:00:00,11.007833333333334,10.286666666666667,7.009666666666666,27.796296296296298,20.11111111111111,63.733333333333334,980.4833333333333,SITE 9,EXT
2026-06-04 10:00:00,6.457166666666667,6.048166666666666,4.082166666666667,27.203703703703706,19.87037037037037,64.76666666666667,978.4796666666666,SITE 9,EXT
2026-06-04 11:00:00,4.425666666666667,4.0601666666666665,2.6016666666666666,27.240740740740744,20.0,64.5,976.932,SITE 9,EXT
2026-06-04 12:00:00,5.382499999999999,5.054,3.409,28.055555555555557,20.14814814814815,62.833333333333336,976.5496666666666,SITE 9,EXT
2026-06-04 13:00:00,5.998666666666667,5.654166666666667,3.8928333333333334,29.40740740740741,20.296296296296298,58.5,975.8223333333333,SITE 9,EXT
2026-06-04 14:00:00,7.028833333333334,6.621333333333334,4.6594999999999995,30.0,20.314814814814817,56.53333333333333,975.6946666666666,SITE 9,EXT
2026-06-04 15:00:00,7.933833333333333,7.4784999999999995,5.254499999999999,30.166666666666668,19.90740740740741,54.7,975.581,SITE 9,EXT
2026-06-04 16:00:00,7.379666666666666,6.979,4.9093333333333335,30.722222222222225,19.944444444444446,53.1,975.1516666666666,SITE 9,EXT
2026-06-04 17:00:00,17.842499999999998,16.522333333333332,11.341666666666667,30.555555555555557,19.444444444444446,52.333333333333336,974.8326666666667,SITE 9,EXT
2026-06-04 18:00:00,45.44166666666667,39.346999999999994,27.0175,30.296296296296298,19.64814814814815,53.766666666666666,974.6766666666666,SITE 9,EXT
2026-06-04 19:00:00,45.4185,38.96116666666667,26.921,29.40740740740741,20.462962962962965,59.4,974.9533333333333,SITE 9,EXT
2026-06-04 20:00:00,51.45783333333333,44.32233333333333,30.790833333333335,29.722222222222225,20.833333333333332,59.06666666666667,975.647,SITE 9,EXT
2026-06-04 21:00:00,56.67466666666667,46.99466666666667,32.26383333333333,29.444444444444446,20.53703703703704,59.233333333333334,976.4613333333333,SITE 9,EXT
2026-06-04 22:00:00,38.62583333333334,34.007,23.371,29.185185185185183,20.444444444444446,59.8,976.7483333333333,SITE 9,EXT
2026-06-04 23:00:00,31.38,29.198333333333334,20.380166666666664,28.85185185185185,20.518518518518523,61.666666666666664,976.5526666666667,SITE 9,EXT
2026-06-05 00:00:00,29.299833333333332,27.813166666666667,19.212833333333332,28.518518518518523,20.37037037037037,62.13333333333333,976.0699999999999,SITE 9,EXT
2026-06-05 01:00:00,17.118166666666664,16.457333333333334,11.789666666666667,28.296296296296298,20.166666666666668,62.06666666666667,975.2996666666667,SITE 9,EXT
2026-06-05 02:00:00,16.518666666666668,15.932166666666667,11.521333333333333,28.222222222222225,20.444444444444446,62.8,974.7923333333333,SITE 9,EXT
2026-06-05 03:00:00,15.090333333333332,14.615833333333335,10.719333333333333,28.018518518518523,20.240740740740744,63.333333333333336,974.8773333333334,SITE 9,EXT
2026-06-05 04:00:00,14.923333333333334,14.488499999999998,10.630500000000001,27.77777777777778,20.0,63.833333333333336,974.8643333333333,SITE 9,EXT
2026-06-05 05:00:00,22.228833333333334,21.3905,15.586333333333332,27.75925925925926,19.98148148148148,63.333333333333336,974.8006666666666,SITE 9,EXT
2026-06-05 06:00:00,52.71966666666666,45.5135,30.454666666666665,27.85185185185185,20.074074074074073,63.233333333333334,975.1406666666667,SITE 9,EXT
2026-06-05 07:00:00,35.74516666666667,32.189166666666665,22.534,28.53703703703704,20.425925925925927,62.1,975.6806666666666,SITE 9,EXT
2026-06-05 08:00:00,16.673333333333332,16.214833333333335,11.721,29.944444444444446,20.27777777777778,56.766666666666666,976.046,SITE 9,EXT
2026-06-05 09:00:00,7.6178333333333335,7.288166666666667,5.3340000000000005,31.333333333333332,19.944444444444446,51.1,976.1163333333334,SITE 9,EXT
2026-06-05 10:00:00,6.3214999999999995,5.975666666666667,4.2955000000000005,32.611111111111114,19.925925925925927,47.6,975.8953333333334,SITE 9,EXT
2026-06-05 11:00:00,6.338666666666667,6.051,4.432666666666666,33.74074074074074,19.25925925925926,42.766666666666666,975.423,SITE 9,EXT
2026-06-05 12:00:00,8.52016129032258,8.019193548387097,5.827419354838709,34.56989247311828,19.17562724014337,40.61290322580645,974.5625806451612,SITE 9,EXT
2026-06-05 13:00:00,7.538166666666667,7.197333333333334,5.331,35.74074074074074,18.925925925925927,37.63333333333333,973.7323333333334,SITE 9,EXT
2026-06-05 14:00:00,8.484833333333333,8.0975,5.928,36.50000000000001,18.64814814814815,35.36666666666667,972.7493333333333,SITE 9,EXT
2026-06-05 15:00:00,8.466833333333334,8.132,5.980166666666666,36.851851851851855,18.62962962962963,34.43333333333333,972.3213333333333,SITE 9,EXT
2026-06-05 16:00:00,18.861,17.28216666666667,11.902,36.851851851851855,18.462962962962965,34.4,972.1996666666668,SITE 9,EXT
2026-06-05 17:00:00,30.669666666666668,27.547,19.128833333333333,36.66666666666667,18.90740740740741,35.63333333333333,972.3763333333334,SITE 9,EXT
2026-06-05 18:00:00,58.016,49.457166666666666,31.3,36.333333333333336,20.25925925925926,39.666666666666664,972.5543333333334,SITE 9,EXT
2026-06-05 19:00:00,86.8595,81.76050000000001,56.882333333333335,35.53703703703704,22.185185185185183,46.666666666666664,972.8636666666666,SITE 9,EXT
2026-06-05 20:00:00,188.95683333333332,182.47733333333332,123.25283333333333,34.68518518518519,22.85185185185185,50.86666666666667,973.16,SITE 9,EXT
2026-06-05 21:00:00,142.47033333333331,137.73950000000002,93.631,34.092592592592595,23.0,52.766666666666666,973.6363333333334,SITE 9,EXT
2026-06-05 22:00:00,78.19183333333334,70.45666666666666,48.40416666666667,33.20370370370371,23.03703703703704,55.6,974.1936666666666,SITE 9,EXT
2026-06-05 23:00:00,58.25833333333333,49.171166666666664,33.60483333333333,32.96296296296296,22.037037037037035,53.1,974.251,SITE 9,EXT
2026-06-06 00:00:00,27.0955,25.390666666666668,17.633333333333333,32.333333333333336,21.22222222222222,52.233333333333334,973.9756666666667,SITE 9,EXT
2026-06-06 01:00:00,18.244666666666667,17.6085,12.850999999999999,31.666666666666668,21.037037037037035,53.833333333333336,973.0783333333333,SITE 9,EXT
2026-06-06 02:00:00,16.852,16.0135,11.1455,31.111111111111118,21.12962962962963,55.766666666666666,972.8996666666667,SITE 9,EXT
2026-06-06 03:00:00,13.3775,12.9265,9.372000000000002,30.740740740740744,21.296296296296298,57.43333333333333,972.975,SITE 9,EXT
2026-06-06 04:00:00,14.308666666666666,13.9155,10.3295,30.555555555555557,21.48148148148148,58.8,973.2833333333333,SITE 9,EXT
2026-06-06 05:00:00,16.647666666666666,16.204,12.058333333333334,30.055555555555554,21.203703703703702,60.03333333333333,973.6473333333332,SITE 9,EXT
2026-06-06 06:00:00,33.488,30.766000000000002,21.438666666666666,30.0,21.62962962962963,60.96666666666667,974.2289999999999,SITE 9,EXT
2026-06-06 07:00:00,31.009999999999998,29.092,20.329166666666666,30.685185185185187,21.62962962962963,59.1,974.8336666666667,SITE 9,EXT
2026-06-06 08:00:00,20.020666666666667,19.390666666666668,13.904166666666667,31.796296296296298,21.61111111111111,55.233333333333334,975.1146666666666,SITE 9,EXT
2026-06-06 09:00:00,18.200166666666668,17.549333333333333,12.462833333333332,32.96296296296296,21.666666666666668,52.0,975.484,SITE 9,EXT
2026-06-06 10:00:00,14.9445,14.493500000000001,10.581,34.407407407407405,21.87037037037037,48.43333333333333,975.5643333333334,SITE 9,EXT
2026-06-06 11:00:00,16.186206896551724,15.662241379310345,11.264655172413793,34.96168582375479,21.7816091954023,46.827586206896555,975.3431034482759,SITE 9,EXT
2026-06-06 12:00:00,2.8878571428571425,2.565714285714286,1.4057142857142857,28.0952380952381,20.31746031746032,63.42857142857143,975.1757142857142,SITE 9,EXT
2026-06-06 13:00:00,2.033333333333333,1.7251666666666667,0.889,29.62962962962963,19.722222222222225,55.86666666666667,974.6139999999999,SITE 9,EXT
2026-06-06 14:00:00,3.053166666666667,2.5921666666666665,1.5901666666666665,30.64814814814815,19.90740740740741,53.1,973.194,SITE 9,EXT
2026-06-06 15:00:00,5.0937931034482755,4.503103448275862,2.8986206896551723,31.62835249042146,19.808429118773947,49.89655172413793,972.446551724138,SITE 9,EXT
2026-06-06 16:00:00,8.323500000000001,7.4656666666666665,4.777333333333333,31.62962962962963,19.48148148148148,49.2,972.607,SITE 9,EXT
2026-06-06 17:00:00,20.697666666666667,19.210333333333335,12.799833333333334,30.944444444444446,19.666666666666668,51.43333333333333,973.379,SITE 9,EXT
2026-06-06 18:00:00,32.32633333333333,29.548833333333334,19.431500000000003,30.796296296296298,20.25925925925926,54.233333333333334,973.9263333333333,SITE 9,EXT
2026-06-06 19:00:00,51.92033333333333,43.70583333333333,29.65583333333333,31.555555555555557,20.703703703703702,53.266666666666666,974.2346666666667,SITE 9,EXT
2026-06-06 20:00:00,62.684,51.639,35.209500000000006,31.203703703703706,21.11111111111111,55.2,975.0300000000001,SITE 9,EXT
2026-06-06 21:00:00,61.6505,51.44083333333333,35.232166666666664,30.555555555555557,21.11111111111111,57.96666666666667,975.9683333333334,SITE 9,EXT
2026-06-06 22:00:00,61.33383333333333,50.33633333333333,33.855666666666664,30.53703703703704,21.574074074074076,59.333333333333336,976.244,SITE 9,EXT
2026-06-06 23:00:00,57.273,47.01199999999999,31.755666666666666,30.0,21.574074074074076,61.5,976.456,SITE 9,EXT
2026-06-07 00:00:00,42.68533333333333,36.60583333333333,24.901,29.796296296296298,21.425925925925927,61.43333333333333,975.8063333333333,SITE 9,EXT
2026-06-07 01:00:00,19.474666666666668,18.706333333333337,13.411833333333334,29.351851851851855,21.27777777777778,62.46666666666667,975.0866666666666,SITE 9,EXT
2026-06-07 02:00:00,18.145,17.355666666666664,12.392,28.88888888888889,21.11111111111111,63.5,974.9186666666667,SITE 9,EXT
2026-06-07 03:00:00,15.695833333333333,14.910333333333334,10.7375,28.87037037037037,21.09259259259259,63.0,974.6890000000001,SITE 9,EXT
2026-06-07 04:00:00,17.554166666666667,16.851666666666667,11.897,28.462962962962965,20.722222222222225,63.86666666666667,975.0813333333333,SITE 9,EXT
2026-06-07 05:00:00,28.36,25.930833333333332,16.246666666666666,28.333333333333336,20.574074074074076,64.0,975.8323333333334,SITE 9,EXT
2026-06-07 06:00:00,28.997666666666664,26.31383333333333,16.997666666666667,28.351851851851855,20.27777777777778,62.3,976.403,SITE 9,EXT
2026-06-07 07:00:00,11.033225806451615,10.537741935483872,7.345806451612903,29.050179211469533,19.516129032258064,56.903225806451616,977.1977419354839,SITE 9,EXT
2026-06-07 08:00:00,7.400833333333334,6.980666666666666,4.833333333333333,30.11111111111111,19.40740740740741,53.266666666666666,977.7,SITE 9,EXT
2026-06-07 09:00:00,7.442833333333334,6.937,4.664666666666666,31.092592592592595,19.64814814814815,50.96666666666667,977.732,SITE 9,EXT
2026-06-07 10:00:00,5.378666666666666,5.0545,3.453333333333333,32.12962962962963,19.48148148148148,47.63333333333333,977.6783333333333,SITE 9,EXT
2026-06-07 11:00:00,6.724166666666666,6.465999999999999,4.5103333333333335,32.5,19.333333333333332,46.233333333333334,977.6003333333333,SITE 9,EXT
2026-06-07 12:00:00,38.04233333333333,35.83283333333334,21.8445,33.148148148148145,19.388888888888893,44.63333333333333,977.2826666666666,SITE 9,EXT
2026-06-07 13:00:00,40.27483333333334,36.77333333333333,21.990000000000002,34.38888888888889,19.77777777777778,42.5,976.503,SITE 9,EXT
2026-06-07 14:00:00,15.1875,14.402833333333332,9.758000000000001,34.75925925925926,19.77777777777778,41.766666666666666,975.744,SITE 9,EXT
2026-06-07 15:00:00,13.112,12.690166666666666,9.063166666666666,34.592592592592595,20.055555555555554,42.86666666666667,975.2386666666666,SITE 9,EXT
2026-06-07 16:00:00,10.771333333333333,10.280833333333334,7.1795,34.88888888888889,19.48148148148148,40.56666666666667,974.9643333333333,SITE 9,EXT
2026-06-07 17:00:00,16.62666666666667,15.9655,11.370833333333334,34.44444444444444,19.666666666666668,42.2,975.1246666666666,SITE 9,EXT
2026-06-07 18:00:00,34.62683333333334,32.64033333333334,22.3555,34.03703703703704,19.944444444444446,44.1,975.6063333333333,SITE 9,EXT
2026-06-07 19:00:00,66.44016666666667,57.5375,38.79666666666667,33.38888888888889,20.444444444444446,46.8,976.583,SITE 9,EXT
2026-06-07 20:00:00,104.45116666666667,94.86616666666667,56.594,33.27777777777778,20.61111111111111,47.8,977.3833333333333,SITE 9,EXT
2026-06-07 21:00:00,51.183,42.526666666666664,26.1535,32.57407407407407,20.462962962962965,49.333333333333336,978.0993333333333,SITE 9,EXT
2026-06-07 22:00:00,41.374500000000005,37.766666666666666,24.00316666666667,32.12962962962963,20.61111111111111,50.766666666666666,978.4079999999999,SITE 9,EXT
2026-06-07 23:00:00,16.685166666666667,16.110333333333333,11.613,31.666666666666668,20.685185185185183,52.93333333333333,978.3676666666667,SITE 9,EXT
2026-06-08 00:00:00,14.067166666666667,13.5015,9.615333333333332,31.27777777777778,20.62962962962963,53.56666666666667,977.8043333333334,SITE 9,EXT
2026-06-08 01:00:00,11.622166666666665,11.161,8.079666666666666,31.111111111111118,20.555555555555557,53.833333333333336,977.5573333333334,SITE 9,EXT
2026-06-08 02:00:00,13.771666666666667,13.211666666666668,9.266,30.796296296296298,20.444444444444446,54.833333333333336,977.1416666666667,SITE 9,EXT
2026-06-08 03:00:00,21.44183333333333,19.334666666666667,12.210166666666668,30.518518518518523,20.518518518518523,55.8,977.1196666666667,SITE 9,EXT
2026-06-08 04:00:00,20.026999999999997,18.936333333333334,12.633000000000001,30.01851851851852,20.518518518518523,57.266666666666666,977.4466666666667,SITE 9,EXT
2026-06-08 05:00:00,24.758666666666667,23.451666666666664,16.440666666666665,29.90740740740741,20.88888888888889,58.86666666666667,977.6996666666668,SITE 9,EXT
2026-06-08 06:00:00,62.12583333333334,54.58433333333333,36.6365,29.98148148148148,21.09259259259259,59.166666666666664,978.3366666666666,SITE 9,EXT
2026-06-08 07:00:00,36.0775,32.20133333333333,22.115000000000002,29.944444444444446,21.055555555555554,59.8,978.9590000000001,SITE 9,EXT
2026-06-08 08:00:00,30.676499999999997,28.495833333333334,19.621166666666667,29.98148148148148,21.0,58.9,979.5066666666667,SITE 9,EXT
2026-06-08 09:00:00,22.857166666666668,21.906000000000002,15.180333333333333,30.48148148148148,20.722222222222225,56.766666666666666,979.6326666666666,SITE 9,EXT
2026-06-08 10:00:00,22.87366666666667,21.579666666666665,14.661499999999998,31.296296296296298,21.092592592592595,55.1,979.5726666666667,SITE 9,EXT
2026-06-08 11:00:00,26.966166666666666,24.7245,16.513333333333332,32.2962962962963,21.14814814814815,52.06666666666667,979.0603333333333,SITE 9,EXT
2026-06-08 12:00:00,17.7685,16.953166666666664,12.1885,32.851851851851855,20.833333333333332,49.8,978.5496666666666,SITE 9,EXT
2026-06-08 13:00:00,16.822666666666667,16.1335,11.672333333333334,33.44444444444444,20.740740740740744,47.666666666666664,977.7993333333333,SITE 9,EXT
2026-06-08 14:00:00,16.579,15.963666666666667,11.583333333333334,34.48148148148148,20.722222222222225,45.03333333333333,977.0226666666666,SITE 9,EXT
2026-06-08 15:00:00,13.942419354838709,13.526774193548386,10.031935483870969,35.07168458781362,20.394265232974913,42.645161290322584,976.156129032258,SITE 9,EXT
2026-06-08 16:00:00,16.410666666666668,15.874833333333333,11.761666666666667,35.64814814814815,20.12962962962963,40.5,975.5409999999999,SITE 9,EXT
2026-06-08 17:00:00,19.64,18.836666666666666,13.507,35.03703703703704,19.796296296296298,41.166666666666664,975.3813333333333,SITE 9,EXT
2026-06-08 18:00:00,41.66583333333333,35.8525,24.436833333333333,34.88888888888889,20.333333333333332,42.9,975.5033333333333,SITE 9,EXT
2026-06-08 19:00:00,60.03366666666667,49.63466666666667,33.294333333333334,34.44444444444444,20.722222222222225,44.93333333333333,975.8333333333334,SITE 9,EXT
2026-06-08 20:00:00,72.03649999999999,62.47816666666667,41.1965,34.00000000000001,20.833333333333332,46.56666666666667,976.4213333333333,SITE 9,EXT
2026-06-08 21:00:00,48.69416666666667,40.966499999999996,27.944666666666667,33.48148148148149,20.88888888888889,48.06666666666667,976.5976666666667,SITE 9,EXT
2026-06-08 22:00:00,48.628166666666665,40.93633333333333,27.688166666666667,32.87037037037037,21.222222222222225,50.833333333333336,976.827,SITE 9,EXT
2026-06-08 23:00:00,53.391333333333336,44.632333333333335,29.676166666666667,32.25925925925926,21.296296296296298,53.0,976.635,SITE 9,EXT
2026-06-09 00:00:00,60.87483333333333,50.3225,32.9825,31.87037037037037,21.574074074074076,55.3,976.1776666666666,SITE 9,EXT
2026-06-09 01:00:00,55.93333333333333,46.495999999999995,31.05233333333333,31.40740740740741,21.64814814814815,56.733333333333334,975.7416666666667,SITE 9,EXT
2026-06-09 02:00:00,44.18766666666667,37.81666666666667,26.157666666666668,30.555555555555557,21.62962962962963,58.96666666666667,975.5546666666667,SITE 9,EXT
2026-06-09 03:00:00,41.45333333333333,36.20633333333333,24.841666666666665,30.555555555555557,21.62962962962963,59.0,975.5666666666667,SITE 9,EXT
2026-06-09 04:00:00,46.77633333333333,39.73083333333333,27.061833333333333,30.555555555555557,21.64814814814815,59.0,975.803,SITE 9,EXT
2026-06-09 05:00:00,46.814499999999995,39.708666666666666,27.1345,30.27777777777778,21.38888888888889,59.0,976.3086666666666,SITE 9,EXT
2026-06-09 06:00:00,51.62316666666666,43.49216666666667,29.108666666666668,30.01851851851852,21.12962962962963,59.0,976.4366666666666,SITE 9,EXT
2026-06-09 07:00:00,33.51166666666667,31.010499999999997,20.966666666666665,30.62962962962963,21.555555555555557,58.766666666666666,976.5216666666668,SITE 9,EXT
2026-06-09 08:00:00,34.127500000000005,31.096999999999998,20.686,31.555555555555557,21.75925925925926,56.46666666666667,976.7113333333333,SITE 9,EXT
2026-06-09 09:00:00,27.232833333333335,26.118833333333335,17.73483333333333,32.51851851851852,21.77777777777778,53.733333333333334,976.7286666666666,SITE 9,EXT
2026-06-09 10:00:00,23.825166666666668,22.920833333333334,15.466000000000001,33.75925925925926,21.703703703703702,49.833333333333336,976.7366666666666,SITE 9,EXT
2026-06-09 11:00:00,19.32016666666667,18.796333333333333,13.204666666666666,34.666666666666664,21.574074074074076,46.9,976.5126666666667,SITE 9,EXT
2026-06-09 12:00:00,19.406923076923075,18.631153846153847,13.0275,35.363247863247864,21.495726495726498,44.88461538461539,976.1438461538462,SITE 9,EXT
2026-06-09 13:00:00,6.983750000000001,6.4468749999999995,3.9362500000000002,26.875,18.680555555555557,61.625,975.91,SITE 9,EXT
2026-06-09 14:00:00,8.534310344827587,8.001551724137931,5.34448275862069,28.1992337164751,18.697318007662837,56.86206896551724,975.5720689655172,SITE 9,EXT
2026-06-09 15:00:00,15.583387096774192,14.704516129032257,10.173870967741935,28.243727598566313,18.870967741935484,57.32258064516129,975.0387096774194,SITE 9,EXT
2026-06-09 16:00:00,17.872,16.710333333333335,11.357833333333334,28.092592592592595,19.203703703703702,59.1,974.2643333333333,SITE 9,EXT
2026-06-09 17:00:00,30.3635,27.725166666666667,18.916166666666665,28.685185185185183,19.555555555555557,58.13333333333333,974.3526666666668,SITE 9,EXT
2026-06-09 18:00:00,35.29116666666666,31.7885,21.696,28.11111111111111,19.555555555555557,60.46666666666667,974.2336666666666,SITE 9,EXT
2026-06-09 19:00:00,49.4025,41.72183333333333,28.0745,28.48148148148148,19.962962962962965,60.2,974.5826666666667,SITE 9,EXT
2026-06-09 20:00:00,50.89383333333333,42.626333333333335,28.809166666666666,28.5,20.055555555555557,60.666666666666664,975.3413333333334,SITE 9,EXT
2026-06-09 21:00:00,34.25033333333333,31.401666666666664,21.42983333333333,28.370370370370374,20.037037037037035,61.666666666666664,975.6829999999999,SITE 9,EXT
2026-06-09 22:00:00,30.935166666666664,28.952333333333335,19.5975,28.31481481481482,19.98148148148148,61.43333333333333,976.1626666666667,SITE 9,EXT
2026-06-09 23:00:00,32.22533333333333,29.726666666666667,19.873,28.25925925925926,20.074074074074073,61.63333333333333,975.8266666666666,SITE 9,EXT
2026-06-10 00:00:00,40.832,35.570166666666665,23.43933333333333,27.870370370370374,20.092592592592595,62.833333333333336,975.2926666666666,SITE 9,EXT
2026-06-10 01:00:00,29.229333333333333,27.564166666666665,18.541,27.77777777777778,19.98148148148148,62.333333333333336,975.0836666666667,SITE 9,EXT
2026-06-10 02:00:00,21.20266666666667,20.4825,14.003833333333334,27.740740740740744,19.962962962962965,62.96666666666667,974.9383333333334,SITE 9,EXT
2026-06-10 03:00:00,24.477666666666668,23.71033333333333,15.9985,27.62962962962963,19.98148148148148,63.766666666666666,974.912,SITE 9,EXT
2026-06-10 04:00:00,26.29866666666667,25.291,16.8935,27.333333333333336,20.11111111111111,65.63333333333334,975.0743333333334,SITE 9,EXT
2026-06-10 05:00:00,34.372166666666665,31.471666666666668,20.933666666666667,27.685185185185183,20.462962962962965,65.33333333333333,975.2026666666667,SITE 9,EXT
2026-06-10 06:00:00,40.07633333333333,35.36816666666667,23.458166666666667,28.092592592592595,20.48148148148148,64.1,975.5300000000001,SITE 9,EXT
2026-06-10 07:00:00,29.694166666666668,28.401333333333334,18.867833333333333,28.27777777777778,20.40740740740741,62.766666666666666,975.9879999999999,SITE 9,EXT
2026-06-10 08:00:00,38.303,34.180166666666665,21.607333333333333,29.11111111111111,20.37037037037037,59.9,976.2956666666666,SITE 9,EXT
2026-06-10 09:00:00,26.510166666666667,24.797833333333333,16.431,30.14814814814815,20.462962962962965,56.8,976.5353333333334,SITE 9,EXT
2026-06-10 10:00:00,16.171499999999998,15.631166666666667,10.7165,31.12962962962963,20.555555555555557,53.9,976.4256666666666,SITE 9,EXT
2026-06-10 11:00:00,12.677833333333332,12.176666666666668,8.445166666666667,32.46296296296296,20.85185185185185,50.86666666666667,976.0699999999999,SITE 9,EXT
2026-06-10 12:00:00,11.058333333333334,10.626166666666666,7.420166666666666,33.611111111111114,20.925925925925927,47.733333333333334,975.7116666666666,SITE 9,EXT
2026-06-10 13:00:00,11.102333333333332,10.702666666666666,7.4511666666666665,34.57407407407407,21.01851851851852,45.46666666666667,975.0139999999999,SITE 9,EXT
2026-06-10 14:00:00,12.328166666666666,11.970666666666666,8.437666666666667,35.166666666666664,20.77777777777778,43.266666666666666,974.438,SITE 9,EXT
2026-06-10 15:00:00,15.365833333333335,14.9595,10.5945,35.11111111111111,20.666666666666668,43.2,973.8389999999999,SITE 9,EXT
2026-06-10 16:00:00,23.706833333333336,22.515,15.381166666666667,35.25925925925926,20.574074074074076,42.733333333333334,973.3413333333333,SITE 9,EXT
2026-06-10 17:00:00,37.56716666666667,33.48983333333334,22.278000000000002,34.7037037037037,20.61111111111111,44.1,973.189,SITE 9,EXT
2026-06-10 18:00:00,60.97816666666667,52.650666666666666,35.6815,34.42592592592593,20.48148148148148,44.43333333333333,973.4879999999999,SITE 9,EXT
2026-06-10 19:00:00,94.5995,88.81566666666666,57.94083333333334,34.22222222222222,21.62962962962963,48.3,973.8916666666667,SITE 9,EXT
2026-06-10 20:00:00,68.31316666666666,58.73216666666667,39.229,33.68518518518519,22.444444444444446,52.2,974.3366666666666,SITE 9,EXT
2026-06-10 21:00:00,66.085,55.843833333333336,37.2685,33.20370370370371,22.574074074074073,53.733333333333334,975.1686666666667,SITE 9,EXT
2026-06-10 22:00:00,66.30016129032258,56.053870967741936,37.06645161290322,32.634408602150536,22.293906810035843,54.935483870967744,975.6438709677419,SITE 9,EXT
2026-06-10 23:00:00,70.46827586206896,60.967413793103454,40.659827586206895,32.1455938697318,22.70114942528736,57.86206896551724,975.7062068965517,SITE 9,EXT
2026-06-11 00:00:00,73.19451612903227,65.40387096774194,44.001935483870966,31.666666666666668,22.67025089605735,59.096774193548384,975.6945161290322,SITE 9,EXT
2026-06-11 01:00:00,75.687,69.33383333333333,46.1245,31.03703703703704,22.333333333333332,60.56666666666667,975.501,SITE 9,EXT
2026-06-11 02:00:00,74.79816666666667,67.965,45.158166666666666,30.685185185185187,21.85185185185185,60.233333333333334,975.228,SITE 9,EXT
2026-06-11 03:00:00,80.06516666666667,76.71716666666666,51.367333333333335,30.53703703703704,21.925925925925927,60.6,974.8203333333333,SITE 9,EXT
2026-06-11 04:00:00,80.74983333333333,77.34883333333333,51.962,30.37037037037037,22.037037037037035,61.43333333333333,974.6043333333333,SITE 9,EXT
2026-06-11 05:00:00,79.7435,75.86533333333334,50.90783333333333,30.0,21.666666666666668,61.96666666666667,974.4913333333334,SITE 9,EXT
2026-06-11 06:00:00,88.04400000000001,82.68166666666666,55.67283333333333,30.0,21.685185185185183,61.766666666666666,975.2183333333334,SITE 9,EXT
2026-06-11 07:00:00,83.20766666666667,74.58166666666666,46.650666666666666,30.740740740740744,22.0,60.1,976.418,SITE 9,EXT
2026-06-11 08:00:00,36.343833333333336,32.94166666666667,21.8315,31.796296296296298,21.64814814814815,55.6,977.1046666666666,SITE 9,EXT
2026-06-11 09:00:00,32.4135,30.4685,20.16283333333333,33.01851851851852,21.796296296296298,52.233333333333334,977.2983333333334,SITE 9,EXT
2026-06-11 10:00:00,28.389833333333335,27.235833333333336,18.075,34.18518518518519,21.962962962962965,49.3,976.6796666666667,SITE 9,EXT
2026-06-11 11:00:00,22.706,22.197666666666667,15.064166666666667,35.351851851851855,21.703703703703702,45.5,976.1186666666667,SITE 9,EXT
2026-06-11 12:00:00,24.295833333333334,23.718833333333336,16.123666666666665,36.333333333333336,21.574074074074076,42.86666666666667,975.092,SITE 9,EXT
2026-06-11 13:00:00,23.10105263157895,22.541842105263157,15.571052631578949,37.046783625730995,20.87719298245614,39.526315789473685,974.1431578947369,SITE 9,EXT
2026-06-11 14:00:00,5.676666666666667,5.3549999999999995,3.2533333333333334,27.037037037037038,20.925925925925927,69.33333333333333,975.16,SITE 9,EXT
2026-06-11 15:00:00,8.6615,8.150666666666668,5.279333333333333,28.722222222222225,20.90740740740741,63.46666666666667,974.8716666666667,SITE 9,EXT
2026-06-11 16:00:00,20.225666666666665,19.224,13.1605,29.703703703703702,21.14814814814815,60.666666666666664,974.11,SITE 9,EXT
2026-06-11 17:00:00,43.6345,37.793,25.091666666666665,29.925925925925927,21.203703703703702,59.63333333333333,973.8823333333333,SITE 9,EXT
2026-06-11 18:00:00,48.88250000000001,41.615,27.7775,29.90740740740741,21.333333333333332,60.56666666666667,974.3683333333333,SITE 9,EXT
2026-06-11 19:00:00,44.38016666666667,38.666000000000004,26.017333333333333,29.944444444444446,21.14814814814815,60.13333333333333,975.0523333333333,SITE 9,EXT
2026-06-11 20:00:00,33.435500000000005,29.89466666666667,20.293166666666664,28.53703703703704,21.11111111111111,64.86666666666666,975.5063333333333,SITE 9,EXT
2026-06-11 21:00:00,19.328333333333333,18.728166666666667,12.4245,28.240740740740744,21.01851851851852,65.8,975.435,SITE 9,EXT
2026-06-11 22:00:00,24.034499999999998,23.047833333333333,14.951166666666667,28.296296296296298,21.074074074074073,65.9,975.7620000000001,SITE 9,EXT
2026-06-11 23:00:00,21.20583333333333,20.03783333333333,13.116999999999999,28.77777777777778,21.11111111111111,64.23333333333333,975.591,SITE 9,EXT
2026-06-12 00:00:00,22.837833333333332,22.040833333333335,14.656333333333333,28.462962962962965,20.796296296296298,64.13333333333334,975.259,SITE 9,EXT
2026-06-12 01:00:00,22.36,21.685166666666664,14.595666666666666,28.388888888888893,20.685185185185183,64.1,975.2766666666666,SITE 9,EXT
2026-06-12 02:00:00,18.013166666666667,17.451666666666664,11.704833333333333,28.27777777777778,21.055555555555554,65.0,974.865,SITE 9,EXT
2026-06-12 03:00:00,17.476999999999997,16.875166666666665,11.263166666666667,28.333333333333336,21.0,64.73333333333333,974.846,SITE 9,EXT
2026-06-12 04:00:00,19.397666666666666,18.81866666666667,12.523333333333333,28.31481481481482,21.074074074074073,64.93333333333334,975.1796666666667,SITE 9,EXT
2026-06-12 05:00:00,35.35733333333334,31.4705,21.163833333333333,28.31481481481482,21.09259259259259,65.0,975.5386666666667,SITE 9,EXT
2026-06-12 06:00:00,53.60116666666667,45.090333333333334,30.186833333333333,28.333333333333336,21.11111111111111,65.13333333333334,976.408,SITE 9,EXT
2026-06-12 07:00:00,42.99783333333333,37.33683333333333,24.764166666666664,28.351851851851855,21.074074074074073,65.0,977.0866666666666,SITE 9,EXT
2026-06-12 08:00:00,28.6945,27.039166666666667,18.312666666666665,28.88888888888889,21.11111111111111,63.4,977.552,SITE 9,EXT
2026-06-12 09:00:00,19.935,19.305999999999997,13.407166666666667,29.85185185185185,21.38888888888889,60.96666666666667,977.9176666666666,SITE 9,EXT
2026-06-12 10:00:00,18.708833333333335,18.045,12.336500000000001,31.074074074074076,21.12962962962963,55.96666666666667,977.8766666666667,SITE 9,EXT
2026-06-12 11:00:00,19.461666666666666,18.582333333333334,12.497166666666667,31.87037037037037,21.166666666666668,53.53333333333333,977.5266666666666,SITE 9,EXT
2026-06-12 12:00:00,15.290333333333333,14.625166666666667,9.935166666666667,33.03703703703704,21.51851851851852,51.166666666666664,976.954,SITE 9,EXT
2026-06-12 13:00:00,17.966,17.309166666666666,11.740833333333335,33.62962962962963,21.555555555555557,49.766666666666666,976.457,SITE 9,EXT
2026-06-12 14:00:00,17.878225806451614,17.35451612903226,11.607903225806453,34.749103942652326,21.648745519713263,47.064516129032256,975.6545161290322,SITE 9,EXT
2026-06-12 15:00:00,23.517333333333333,21.943666666666665,14.357833333333334,35.24074074074074,21.51851851851852,45.36666666666667,974.9419999999999,SITE 9,EXT
2026-06-12 16:00:00,31.45,29.3505,19.826833333333337,35.18518518518519,21.27777777777778,44.833333333333336,974.671,SITE 9,EXT
2026-06-12 17:00:00,50.19016666666666,44.864000000000004,29.2935,34.74074074074074,21.203703703703702,45.766666666666666,974.7536666666667,SITE 9,EXT
2026-06-12 18:00:00,61.396,53.52033333333333,35.55416666666667,34.18518518518519,21.574074074074076,48.2,975.212,SITE 9,EXT
2026-06-12 19:00:00,68.15299999999999,60.452666666666666,39.5105,33.88888888888889,21.814814814814817,49.7,975.8486666666666,SITE 9,EXT
2026-06-12 20:00:00,85.62533333333334,81.34416666666667,53.834666666666664,33.81481481481482,22.462962962962965,52.13333333333333,976.5093333333333,SITE 9,EXT
2026-06-12 21:00:00,38.003,34.44166666666667,22.803,33.03703703703704,21.85185185185185,52.5,977.2443333333334,SITE 9,EXT
2026-06-12 22:00:00,30.40266666666667,28.925166666666666,19.005166666666664,32.611111111111114,21.722222222222225,53.2,977.6826666666667,SITE 9,EXT
2026-06-12 23:00:00,26.7665,25.5665,16.939833333333333,32.166666666666664,21.64814814814815,54.06666666666667,977.8983333333333,SITE 9,EXT
2026-06-13 00:00:00,25.006166666666665,24.398000000000003,15.930166666666667,32.148148148148145,21.90740740740741,54.93333333333333,977.4203333333334,SITE 9,EXT
2026-06-13 01:00:00,26.416833333333333,25.3835,16.2955,31.75925925925926,21.703703703703702,55.46666666666667,976.6,SITE 9,EXT
2026-06-13 02:00:00,27.764833333333335,26.82316666666667,17.4295,31.40740740740741,21.703703703703702,57.1,976.1683333333333,SITE 9,EXT
2026-06-13 03:00:00,26.262833333333333,25.549833333333332,16.769666666666666,30.962962962962965,21.925925925925927,59.13333333333333,975.8520000000001,SITE 9,EXT
2026-06-13 04:00:00,26.080666666666666,25.425,16.438333333333333,30.518518518518523,21.740740740740744,60.266666666666666,976.2013333333333,SITE 9,EXT
2026-06-13 05:00:00,45.69083333333333,40.06716666666667,25.970166666666668,30.333333333333332,22.074074074074073,61.93333333333333,976.4670000000001,SITE 9,EXT
2026-06-13 06:00:00,67.62433333333334,58.77133333333333,37.29483333333334,30.37037037037037,22.185185185185183,62.166666666666664,977.2913333333332,SITE 9,EXT
2026-06-13 07:00:00,67.42883333333333,58.571333333333335,38.290166666666664,30.888888888888893,21.85185185185185,59.333333333333336,977.3623333333333,SITE 9,EXT
2026-06-13 08:00:00,37.190000000000005,33.39566666666666,21.901666666666664,31.64814814814815,21.740740740740744,56.3,977.7446666666667,SITE 9,EXT
2026-06-13 09:00:00,25.065,24.40983333333333,16.265666666666668,31.962962962962965,21.722222222222225,55.0,977.757,SITE 9,EXT
2026-06-13 10:00:00,26.593666666666664,25.8055,17.188166666666667,33.25925925925926,22.092592592592595,52.233333333333334,977.5583333333333,SITE 9,EXT
2026-06-13 11:00:00,22.014166666666664,21.363999999999997,14.502,34.01851851851852,21.666666666666668,48.96666666666667,977.675,SITE 9,EXT
2026-06-13 12:00:00,21.5075,20.820666666666668,14.215833333333334,35.2962962962963,21.814814814814817,45.8,977.3436666666668,SITE 9,EXT
2026-06-13 13:00:00,22.5265,21.820666666666668,14.738166666666666,35.55555555555556,22.185185185185183,46.333333333333336,976.4176666666666,SITE 9,EXT
2026-06-13 14:00:00,21.803166666666666,21.005666666666666,14.428166666666668,36.537037037037045,22.074074074074073,43.86666666666667,974.9066666666666,SITE 9,EXT
2026-06-13 15:00:00,44.76583333333333,40.705000000000005,26.423000000000002,36.611111111111114,21.77777777777778,42.9,974.0116666666667,SITE 9,EXT
2026-06-13 16:00:00,44.74116666666667,38.50716666666666,25.311,33.851851851851855,20.314814814814817,45.46666666666667,974.457,SITE 9,EXT
2026-06-13 17:00:00,38.47416666666666,33.492666666666665,22.399,31.53703703703704,21.40740740740741,55.5,975.0643333333334,SITE 9,EXT
2026-06-13 18:00:00,28.364464285714288,26.060535714285713,17.5475,30.515873015873016,20.615079365079367,55.75,976.0864285714285,SITE 9,EXT
2026-06-13 19:00:00,12.573166666666667,11.974666666666668,8.3185,29.833333333333332,20.11111111111111,56.333333333333336,978.618,SITE 9,EXT
2026-06-13 20:00:00,9.1655,8.803833333333333,5.887333333333333,29.5,20.203703703703702,57.766666666666666,979.569,SITE 9,EXT
2026-06-13 21:00:00,5.566833333333333,5.325833333333334,3.6685000000000003,29.0,20.27777777777778,60.1,979.7520000000001,SITE 9,EXT
2026-06-13 22:00:00,6.574999999999999,6.310483870967742,4.462741935483871,29.229390681003586,20.537634408602152,60.193548387096776,979.5690322580645,SITE 9,EXT
2026-06-13 23:00:00,17.073666666666668,15.817499999999999,10.4145,29.314814814814817,20.98148148148148,61.3,978.654,SITE 9,EXT
2026-06-14 00:00:00,22.15583333333333,21.00316666666667,13.504666666666667,28.518518518518523,20.62962962962963,62.7,977.4546666666666,SITE 9,EXT
2026-06-14 01:00:00,7.9285,7.644166666666666,5.0455000000000005,28.333333333333336,20.555555555555557,63.13333333333333,976.1013333333334,SITE 9,EXT
2026-06-14 02:00:00,16.916,15.7395,9.924166666666668,28.333333333333336,20.555555555555557,63.96666666666667,975.3516666666667,SITE 9,EXT
2026-06-14 03:00:00,6.328,6.051666666666667,4.027166666666667,28.203703703703706,20.425925925925927,63.8,975.2106666666666,SITE 9,EXT
2026-06-14 04:00:00,6.854,6.586833333333333,4.3469999999999995,27.75925925925926,20.27777777777778,64.46666666666667,975.5066666666667,SITE 9,EXT
2026-06-14 05:00:00,10.796666666666665,10.4845,7.450166666666666,28.055555555555557,20.27777777777778,62.93333333333333,975.909,SITE 9,EXT
2026-06-14 06:00:00,27.838666666666665,25.252833333333335,17.083833333333335,27.77777777777778,20.0,63.36666666666667,976.5526666666667,SITE 9,EXT
2026-06-14 07:00:00,17.236833333333333,16.271833333333333,11.349666666666668,27.814814814814817,20.037037037037035,63.166666666666664,977.3966666666668,SITE 9,EXT
2026-06-14 08:00:00,16.871666666666666,15.723166666666666,10.753333333333334,28.351851851851855,20.185185185185183,61.766666666666666,977.7853333333334,SITE 9,EXT
2026-06-14 09:00:00,16.439,15.998166666666666,11.163833333333335,28.88888888888889,20.037037037037035,59.5,978.5740000000001,SITE 9,EXT
2026-06-14 10:00:00,12.655833333333334,12.247333333333334,8.614833333333333,29.388888888888893,19.962962962962965,57.6,978.6836666666666,SITE 9,EXT
2026-06-14 11:00:00,13.932333333333334,13.551166666666667,9.374833333333333,29.962962962962965,20.074074074074076,55.833333333333336,978.793,SITE 9,EXT
2026-06-14 12:00:00,9.459833333333334,9.159333333333333,6.533833333333333,30.740740740740744,20.388888888888893,54.6,978.5056666666666,SITE 9,EXT
2026-06-14 13:00:00,6.651166666666667,6.421666666666667,4.589833333333333,31.90740740740741,20.462962962962965,51.266666666666666,977.4509999999999,SITE 9,EXT
2026-06-14 14:00:00,10.522666666666668,10.272666666666668,7.433833333333334,32.57407407407407,20.222222222222225,48.46666666666667,976.818,SITE 9,EXT
2026-06-14 15:00:00,10.034500000000001,9.742833333333333,7.0595,32.98148148148148,20.055555555555554,47.1,976.1916666666667,SITE 9,EXT
2026-06-14 16:00:00,14.755500000000001,13.8965,9.588666666666667,33.333333333333336,19.90740740740741,45.56666666666667,976.006,SITE 9,EXT
2026-06-14 17:00:00,17.533275862068965,16.855344827586208,12.37844827586207,33.16091954022989,19.808429118773947,45.51724137931034,976.0675862068965,SITE 9,EXT
2026-06-14 18:00:00,39.30466666666667,34.520833333333336,23.88083333333333,32.77777777777778,19.98148148148148,47.43333333333333,976.1766666666666,SITE 9,EXT
2026-06-14 19:00:00,87.4035,79.2785,52.38183333333333,32.48148148148148,20.592592592592595,49.93333333333333,976.9503333333333,SITE 9,EXT
2026-06-14 20:00:00,124.69183333333334,118.72566666666667,73.0265,31.925925925925927,20.796296296296298,52.0,977.7363333333334,SITE 9,EXT
2026-06-14 21:00:00,67.584,58.581,37.3275,31.64814814814815,20.814814814814817,53.266666666666666,978.2966666666667,SITE 9,EXT
2026-06-14 22:00:00,53.997499999999995,48.1445,29.460833333333333,31.092592592592595,20.53703703703704,54.0,978.669,SITE 9,EXT
2026-06-14 23:00:00,46.67333333333333,40.873333333333335,25.899833333333333,30.574074074074076,20.518518518518523,55.166666666666664,978.7476666666666,SITE 9,EXT
2026-06-15 00:00:00,15.976,15.580833333333334,11.192666666666668,30.222222222222225,20.5,56.5,978.4023333333333,SITE 9,EXT
2026-06-15 01:00:00,15.675166666666666,15.068333333333333,10.216833333333334,30.0,20.518518518518523,56.96666666666667,977.987,SITE 9,EXT
2026-06-15 02:00:00,14.716166666666668,14.256666666666666,9.949833333333334,29.64814814814815,20.5,58.36666666666667,977.2003333333334,SITE 9,EXT
2026-06-15 03:00:00,11.173333333333334,10.8595,7.735666666666666,29.40740740740741,20.518518518518523,59.6,977.0306666666667,SITE 9,EXT
2026-06-15 04:00:00,13.781,13.374833333333333,9.291833333333333,28.98148148148148,20.35185185185185,60.266666666666666,977.268,SITE 9,EXT
2026-06-15 05:00:00,25.607333333333333,23.368666666666666,15.552999999999999,28.88888888888889,20.555555555555557,61.03333333333333,977.4346666666667,SITE 9,EXT
2026-06-15 06:00:00,46.06016666666667,39.54416666666667,26.232666666666667,28.87037037037037,20.62962962962963,62.03333333333333,977.8206666666666,SITE 9,EXT
2026-06-15 07:00:00,30.035666666666664,28.26883333333333,19.649833333333333,28.87037037037037,20.62962962962963,62.06666666666667,978.2083333333334,SITE 9,EXT
2026-06-15 08:00:00,23.485166666666665,22.439166666666665,15.201166666666667,29.61111111111111,20.98148148148148,60.2,978.5640000000001,SITE 9,EXT
2026-06-15 09:00:00,13.121666666666666,12.735333333333333,9.078333333333335,31.092592592592595,21.11111111111111,55.766666666666666,978.8143333333334,SITE 9,EXT
2026-06-15 10:00:00,18.190333333333335,17.011333333333333,11.939833333333333,32.666666666666664,21.12962962962963,51.06666666666667,978.4423333333333,SITE 9,EXT
2026-06-15 11:00:00,11.3495,11.073,7.993166666666666,33.98148148148148,20.98148148148148,47.06666666666667,977.553,SITE 9,EXT
2026-06-15 12:00:00,9.148,8.838333333333333,6.2925,35.166666666666664,20.833333333333332,43.7,976.6020000000001,SITE 9,EXT
2026-06-15 13:00:00,9.050666666666666,8.7945,6.525833333333334,36.38888888888889,20.87037037037037,40.733333333333334,975.5083333333333,SITE 9,EXT
2026-06-15 14:00:00,11.042333333333334,10.751166666666668,7.968500000000001,36.98148148148149,20.907407407407405,39.36666666666667,974.7716666666668,SITE 9,EXT
2026-06-15 15:00:00,11.2585,10.894666666666666,7.885000000000001,37.22222222222222,20.388888888888893,37.833333333333336,974.2813333333332,SITE 9,EXT
2026-06-15 16:00:00,14.406290322580647,13.846129032258066,9.837580645161289,37.27598566308244,20.089605734767026,36.96774193548387,974.0825806451613,SITE 9,EXT
2026-06-15 17:00:00,22.248833333333334,21.000999999999998,14.8665,36.96296296296296,20.333333333333332,38.36666666666667,974.0123333333333,SITE 9,EXT
2026-06-15 18:00:00,47.582166666666666,41.00666666666667,27.138166666666667,36.44444444444445,20.53703703703704,39.766666666666666,974.4773333333334,SITE 9,EXT
2026-06-15 19:00:00,71.35216666666666,62.765166666666666,41.781166666666664,35.87037037037037,21.11111111111111,42.6,975.285,SITE 9,EXT
2026-06-15 20:00:00,61.70883333333334,55.85716666666667,36.34533333333333,34.57407407407407,20.37037037037037,43.766666666666666,975.9893333333333,SITE 9,EXT
2026-06-15 21:00:00,42.68633333333333,37.35816666666667,22.778166666666667,32.42592592592593,18.53703703703704,43.93333333333333,976.4773333333334,SITE 9,EXT
2026-06-15 22:00:00,13.147,11.996833333333333,7.3375,31.703703703703702,18.53703703703704,46.13333333333333,976.6473333333332,SITE 9,EXT
2026-06-15 23:00:00,7.9635,7.158833333333334,4.5375,31.64814814814815,19.185185185185183,48.03333333333333,976.784,SITE 9,EXT
2026-06-16 00:00:00,9.742666666666667,8.871,5.657,31.518518518518523,19.740740740740744,50.0,976.7196666666666,SITE 9,EXT
2026-06-16 01:00:00,9.335833333333333,8.490166666666667,5.315333333333333,31.111111111111118,19.5,50.56666666666667,976.1650000000001,SITE 9,EXT
2026-06-16 02:00:00,9.042166666666667,8.102833333333333,5.129166666666666,30.796296296296298,19.685185185185183,52.3,975.8033333333333,SITE 9,EXT
2026-06-16 03:00:00,6.822,6.0169999999999995,3.8513333333333337,30.518518518518523,19.740740740740744,52.833333333333336,975.3896666666666,SITE 9,EXT
2026-06-16 04:00:00,8.5395,7.8101666666666665,5.268166666666667,30.12962962962963,19.40740740740741,53.266666666666666,975.303,SITE 9,EXT
2026-06-16 05:00:00,24.672833333333333,22.840500000000002,15.756666666666666,30.0,19.666666666666668,54.1,975.5853333333333,SITE 9,EXT
2026-06-16 06:00:00,62.78883333333333,54.19166666666667,35.24,30.203703703703702,20.203703703703702,55.03333333333333,975.909,SITE 9,EXT
2026-06-16 07:00:00,34.1545,30.849,20.964,30.592592592592595,20.5,55.3,976.294,SITE 9,EXT
2026-06-16 08:00:00,20.3585,19.5025,13.613166666666666,31.722222222222225,20.88888888888889,53.1,976.6023333333334,SITE 9,EXT
2026-06-16 09:00:00,16.9635,16.506166666666665,11.971499999999999,33.12962962962963,21.333333333333332,50.3,977.0846666666667,SITE 9,EXT
2026-06-16 10:00:00,16.188166666666667,15.7575,11.267333333333333,33.96296296296296,21.25925925925926,47.766666666666666,977.2573333333333,SITE 9,EXT
2026-06-16 11:00:00,17.661333333333335,17.1585,12.3285,34.94444444444444,21.166666666666668,45.166666666666664,976.8169999999999,SITE 9,EXT
2026-06-16 12:00:00,18.94516666666667,18.09733333333333,13.063833333333333,35.72222222222222,21.444444444444446,43.833333333333336,976.116,SITE 9,EXT
2026-06-16 13:00:00,24.422166666666666,23.1155,16.215166666666665,36.611111111111114,21.11111111111111,41.1,975.5416666666666,SITE 9,EXT
2026-06-16 14:00:00,22.525333333333332,22.024,16.157500000000002,37.5,21.037037037037035,38.63333333333333,974.8256666666667,SITE 9,EXT
2026-06-16 15:00:00,20.788333333333334,20.225833333333334,14.884666666666668,37.48148148148148,20.722222222222225,38.3,974.065,SITE 9,EXT
2026-06-16 16:00:00,21.859166666666667,21.100833333333334,15.159166666666666,36.96296296296296,19.962962962962965,37.6,973.934,SITE 9,EXT
2026-06-16 17:00:00,49.085,42.54366666666667,28.506833333333336,34.092592592592595,21.01851851851852,46.9,973.3870000000001,SITE 9,EXT
2026-06-16 18:00:00,42.63183333333333,37.64666666666667,25.962,33.74074074074074,20.833333333333332,47.3,973.5826666666667,SITE 9,EXT
2026-06-16 19:00:00,63.237833333333334,52.859,36.12833333333333,33.148148148148145,21.25925925925926,50.1,975.0253333333334,SITE 9,EXT
2026-06-16 20:00:00,72.69016666666667,64.942,45.184999999999995,33.2962962962963,21.85185185185185,51.6,975.56,SITE 9,EXT
2026-06-16 21:00:00,62.12016666666667,51.20816666666666,35.0275,33.333333333333336,22.074074074074073,52.36666666666667,976.3563333333333,SITE 9,EXT
2026-06-16 22:00:00,35.79266666666667,32.028666666666666,21.954666666666665,32.48148148148148,21.61111111111111,53.166666666666664,976.6419999999999,SITE 9,EXT
2026-06-16 23:00:00,20.963225806451614,20.476612903225806,14.485161290322582,31.953405017921146,21.397849462365592,53.935483870967744,976.7709677419356,SITE 9,EXT
2026-06-17 00:00:00,19.25133333333333,18.7645,13.405333333333335,31.62962962962963,21.074074074074073,54.333333333333336,976.3580000000001,SITE 9,EXT
2026-06-17 01:00:00,19.790666666666667,19.359666666666666,13.958,31.425925925925927,20.944444444444446,54.43333333333333,975.633,SITE 9,EXT
2026-06-17 02:00:00,21.758,21.222166666666666,15.0375,31.092592592592595,21.074074074074073,55.1,975.153,SITE 9,EXT
2026-06-17 03:00:00,24.759999999999998,24.1275,16.922,30.796296296296298,21.074074074074073,56.5,974.8349999999999,SITE 9,EXT
2026-06-17 04:00:00,27.799833333333332,26.93616666666667,18.815,30.53703703703704,21.09259259259259,57.3,974.9436666666667,SITE 9,EXT
2026-06-17 05:00:00,33.0775,30.973666666666666,21.210333333333335,30.296296296296298,20.85185185185185,57.53333333333333,976.0156666666667,SITE 9,EXT
2026-06-17 06:00:00,58.07566666666666,51.120333333333335,33.75983333333333,30.0,20.98148148148148,59.03333333333333,976.9886666666666,SITE 9,EXT
2026-06-17 07:00:00,55.17816666666667,45.9065,30.156166666666664,30.314814814814817,21.40740740740741,59.43333333333333,977.7346666666667,SITE 9,EXT
2026-06-17 08:00:00,41.50483333333333,36.2115,23.765666666666668,30.0,21.11111111111111,59.7,978.2876666666667,SITE 9,EXT
2026-06-17 09:00:00,32.81433333333334,30.331500000000002,20.029166666666665,30.61111111111111,21.037037037037035,57.36666666666667,978.2676666666666,SITE 9,EXT
2026-06-17 10:00:00,27.37933333333333,25.961833333333335,17.66483333333333,32.0,20.833333333333332,52.06666666666667,978.153,SITE 9,EXT
2026-06-17 11:00:00,19.695,19.145,13.450166666666666,33.24074074074074,20.77777777777778,48.666666666666664,978.4786666666666,SITE 9,EXT
2026-06-17 12:00:00,17.7225,17.1365,12.100833333333332,33.77777777777778,20.814814814814817,47.266666666666666,978.4993333333333,SITE 9,EXT
2026-06-17 13:00:00,17.860500000000002,17.27,12.316,34.833333333333336,20.796296296296298,44.266666666666666,977.6193333333334,SITE 9,EXT
2026-06-17 14:00:00,16.2575,15.756666666666666,11.279833333333332,35.5,20.425925925925927,41.63333333333333,976.5506666666666,SITE 9,EXT
2026-06-17 15:00:00,16.431666666666665,15.9565,11.468,35.44444444444445,20.27777777777778,41.13333333333333,975.6990000000001,SITE 9,EXT
2026-06-17 16:00:00,26.956000000000003,24.779333333333334,17.188666666666666,35.53703703703704,19.53703703703704,39.4,975.124,SITE 9,EXT
2026-06-17 17:00:00,37.22083333333333,33.31483333333333,22.630333333333333,35.51851851851852,20.27777777777778,41.1,974.7843333333333,SITE 9,EXT
2026-06-17 18:00:00,43.73733333333333,39.81033333333333,26.613166666666665,35.44444444444445,20.722222222222225,42.8,974.2273333333334,SITE 9,EXT
2026-06-17 19:00:00,68.10583333333334,58.914833333333334,40.8185,34.98148148148148,21.537037037037035,45.833333333333336,974.642,SITE 9,EXT
2026-06-17 20:00:00,83.36866666666667,78.89616666666667,54.40916666666667,34.5,21.85185185185185,48.36666666666667,975.9253333333332,SITE 9,EXT
2026-06-17 21:00:00,74.15566666666668,66.08483333333332,43.1685,33.851851851851855,22.037037037037035,50.6,976.7976666666667,SITE 9,EXT
2026-06-17 22:00:00,63.566,52.219,34.98583333333333,33.2962962962963,22.12962962962963,52.4,977.3646666666666,SITE 9,EXT
2026-06-17 23:00:00,65.253,53.71133333333333,36.10816666666666,32.77777777777778,22.462962962962965,54.8,977.045,SITE 9,EXT
2026-06-18 00:00:00,64.21866666666666,52.702666666666666,35.306666666666665,32.42592592592593,22.425925925925927,56.266666666666666,976.7503333333333,SITE 9,EXT
2026-06-18 01:00:00,62.08116666666667,51.11233333333333,34.35916666666667,31.98148148148148,22.333333333333332,57.333333333333336,976.6433333333333,SITE 9,EXT
2026-06-18 02:00:00,52.25383333333333,43.714666666666666,29.35,31.592592592592595,21.88888888888889,56.9,976.2379999999999,SITE 9,EXT
2026-06-18 03:00:00,50.898,42.816,28.651833333333332,31.203703703703706,21.740740740740744,57.56666666666667,975.9096666666667,SITE 9,EXT
2026-06-18 04:00:00,47.27516666666667,40.06783333333333,26.928166666666666,31.092592592592595,21.64814814814815,57.5,976.054,SITE 9,EXT
2026-06-18 05:00:00,47.68483333333334,40.43566666666666,27.469833333333334,31.018518518518523,21.48148148148148,57.9,976.4073333333333,SITE 9,EXT
2026-06-18 06:00:00,75.23283333333333,69.89416666666668,47.20616666666667,30.722222222222225,21.51851851851852,58.5,976.4333333333333,SITE 9,EXT
2026-06-18 07:00:00,59.85166666666667,52.107499999999995,35.48583333333333,31.425925925925927,21.296296296296298,55.4,976.7833333333333,SITE 9,EXT
2026-06-18 08:00:00,39.615,34.93666666666666,23.748333333333335,31.796296296296298,21.462962962962965,54.7,977.4823333333334,SITE 9,EXT
2026-06-18 09:00:00,30.524838709677418,29.118387096774192,20.172096774193548,32.867383512544805,21.559139784946236,52.03225806451613,977.8267741935484,SITE 9,EXT
2026-06-18 10:00:00,29.340500000000002,28.09916666666667,19.636000000000003,34.25925925925926,21.38888888888889,47.6,977.8566666666667,SITE 9,EXT
2026-06-18 11:00:00,21.845833333333335,21.215333333333334,15.074000000000002,34.833333333333336,21.166666666666668,45.3,977.4436666666667,SITE 9,EXT
2026-06-18 12:00:00,14.1755,13.642,9.796166666666666,35.851851851851855,21.166666666666668,42.733333333333334,976.7913333333333,SITE 9,EXT
2026-06-18 13:00:00,14.240166666666665,13.703000000000001,9.898166666666667,36.18518518518519,20.555555555555557,40.43333333333333,975.7793333333334,SITE 9,EXT
2026-06-18 14:00:00,14.012,13.421,9.516833333333333,36.55555555555556,19.98148148148148,38.2,974.768,SITE 9,EXT
2026-06-18 15:00:00,15.4255,14.832333333333334,10.721499999999999,36.833333333333336,19.722222222222225,37.166666666666664,973.8860000000001,SITE 9,EXT
2026-06-18 16:00:00,18.3345,17.427000000000003,12.496166666666666,36.75925925925926,19.444444444444446,36.53333333333333,973.3553333333333,SITE 9,EXT
2026-06-18 17:00:00,21.438499999999998,20.510166666666667,14.6495,36.38888888888889,20.055555555555554,38.7,973.4413333333334,SITE 9,EXT
2026-06-18 18:00:00,56.29,51.54533333333334,33.405833333333334,35.72222222222222,20.314814814814817,41.03333333333333,973.5336666666666,SITE 9,EXT
2026-06-18 19:00:00,74.18383333333333,65.75500000000001,42.8675,35.25925925925926,20.87037037037037,43.5,974.0583333333333,SITE 9,EXT
2026-06-18 20:00:00,56.08266666666667,47.644,31.618833333333335,34.7037037037037,21.5,46.56666666666667,974.6173333333334,SITE 9,EXT
2026-06-18 21:00:00,31.327,28.497666666666664,19.07,34.05555555555556,21.27777777777778,47.6,974.9273333333333,SITE 9,EXT
2026-06-18 22:00:00,27.88883333333333,26.0135,17.917166666666667,33.7962962962963,21.12962962962963,47.96666666666667,975.1833333333333,SITE 9,EXT
2026-06-18 23:00:00,25.16916666666667,24.00766666666667,16.6265,33.20370370370371,20.962962962962965,49.03333333333333,974.8580000000001,SITE 9,EXT
2026-06-19 00:00:00,23.895,22.559666666666665,15.2745,32.77777777777778,20.61111111111111,49.53333333333333,974.409,SITE 9,EXT
2026-06-19 01:00:00,30.3925,27.573500000000003,18.183833333333332,32.27777777777778,20.814814814814817,51.06666666666667,973.9226666666667,SITE 9,EXT
2026-06-19 02:00:00,24.623,23.5275,15.864,31.703703703703702,21.12962962962963,54.13333333333333,973.497,SITE 9,EXT
2026-06-19 03:00:00,23.688,22.909666666666666,15.971499999999999,31.48148148148148,21.48148148148148,55.93333333333333,973.8663333333334,SITE 9,EXT
2026-06-19 04:00:00,28.644,27.35216666666667,18.641166666666667,31.111111111111118,21.666666666666668,57.733333333333334,974.027,SITE 9,EXT
2026-06-19 05:00:00,31.95133333333333,30.095000000000002,20.20716666666667,30.64814814814815,21.64814814814815,59.43333333333333,974.2773333333333,SITE 9,EXT
2026-06-19 06:00:00,35.54816666666667,32.198166666666665,21.18616666666667,30.40740740740741,21.462962962962965,59.3,974.7616666666667,SITE 9,EXT
2026-06-19 07:00:00,25.0035,23.805999999999997,16.23033333333333,30.166666666666668,20.666666666666668,57.233333333333334,975.2873333333333,SITE 9,EXT
2026-06-19 08:00:00,17.879833333333334,17.130666666666666,11.795,31.31481481481482,20.555555555555557,53.43333333333333,975.4293333333334,SITE 9,EXT
2026-06-19 09:00:00,13.837333333333333,13.4355,9.410166666666667,32.333333333333336,20.64814814814815,50.63333333333333,975.4613333333333,SITE 9,EXT
2026-06-19 10:00:00,13.460166666666668,13.026166666666667,9.176666666666668,33.70370370370371,20.925925925925927,47.6,975.3829999999999,SITE 9,EXT
2026-06-19 11:00:00,11.024833333333333,10.6565,7.5601666666666665,34.94444444444444,20.944444444444446,44.333333333333336,974.7066666666667,SITE 9,EXT
2026-06-19 12:00:00,11.616000000000001,11.165,7.901,36.092592592592595,20.962962962962965,41.7,974.2216666666667,SITE 9,EXT
2026-06-19 13:00:00,11.7705,11.2775,8.0595,36.87037037037037,20.685185185185183,39.36666666666667,973.3903333333333,SITE 9,EXT
2026-06-19 14:00:00,13.885,13.3425,9.409166666666666,37.22222222222222,20.5,38.03333333333333,972.7143333333333,SITE 9,EXT
2026-06-19 15:00:00,13.466000000000001,12.776000000000002,8.985833333333334,37.55555555555556,20.35185185185185,37.13333333333333,972.1353333333334,SITE 9,EXT
2026-06-19 16:00:00,16.323666666666664,15.47,10.741333333333333,37.22222222222222,20.51851851851852,38.0,972.033,SITE 9,EXT
2026-06-19 17:00:00,22.45935483870968,21.12258064516129,14.708225806451612,36.63082437275986,20.627240143369175,39.54838709677419,972.1790322580645,SITE 9,EXT
2026-06-19 18:00:00,45.40533333333334,38.8215,25.491666666666667,35.74074074074074,20.40740740740741,41.166666666666664,972.4673333333334,SITE 9,EXT
2026-06-19 19:00:00,56.68783333333333,49.867,31.5375,34.7962962962963,20.40740740740741,43.43333333333333,972.848,SITE 9,EXT
2026-06-19 20:00:00,46.23983333333333,40.38216666666666,25.5195,34.44444444444444,20.5,44.1,973.1176666666667,SITE 9,EXT
2026-06-19 21:00:00,56.48616666666667,48.778999999999996,30.293166666666664,34.31481481481481,20.48148148148148,44.63333333333333,973.5816666666667,SITE 9,EXT
2026-06-19 22:00:00,25.899166666666666,24.110833333333336,15.989833333333333,33.111111111111114,20.425925925925927,47.7,974.278,SITE 9,EXT
2026-06-19 23:00:00,10.198666666666666,9.418000000000001,6.208,31.370370370370374,19.462962962962965,49.93333333333333,973.9633333333334,SITE 9,EXT
2026-06-20 00:00:00,10.612,9.750833333333333,6.4031666666666665,32.22222222222222,19.444444444444446,47.166666666666664,972.3259999999999,SITE 9,EXT
2026-06-20 01:00:00,12.672,11.5045,7.2943333333333324,31.666666666666668,19.462962962962965,48.8,971.9466666666667,SITE 9,EXT
2026-06-20 02:00:00,15.798166666666667,14.8425,9.913833333333335,31.62962962962963,20.38888888888889,51.8,972.091,SITE 9,EXT
2026-06-20 03:00:00,16.931666666666665,16.334833333333332,11.276,31.129629629629633,20.574074074074076,54.13333333333333,971.8866666666667,SITE 9,EXT
2026-06-20 04:00:00,18.173,17.632833333333334,12.073,31.03703703703704,21.01851851851852,55.233333333333334,971.5613333333333,SITE 9,EXT
2026-06-20 05:00:00,20.878666666666668,20.206,13.954833333333333,30.5,20.85185185185185,56.733333333333334,971.8413333333334,SITE 9,EXT
2026-06-20 06:00:00,31.756833333333336,29.44516666666667,19.805333333333333,30.462962962962965,21.01851851851852,57.96666666666667,972.895,SITE 9,EXT
2026-06-20 07:00:00,28.440166666666666,27.2395,18.423333333333336,30.61111111111111,21.074074074074073,57.333333333333336,973.891,SITE 9,EXT
2026-06-20 08:00:00,26.534666666666666,25.552666666666667,17.36116666666667,31.092592592592595,21.09259259259259,56.0,974.4806666666666,SITE 9,EXT
2026-06-20 09:00:00,26.703166666666668,25.595833333333335,17.028833333333335,31.111111111111118,20.833333333333332,54.666666666666664,974.9833333333333,SITE 9,EXT
2026-06-20 10:00:00,24.394166666666663,23.529,15.914333333333333,31.574074074074076,20.64814814814815,53.0,975.037,SITE 9,EXT
2026-06-20 11:00:00,21.932666666666666,21.105999999999998,14.413166666666665,32.40740740740741,20.77777777777778,50.56666666666667,974.6573333333333,SITE 9,EXT
2026-06-20 12:00:00,21.607166666666668,20.754666666666665,14.259666666666668,33.53703703703704,20.77777777777778,47.56666666666667,974.019,SITE 9,EXT
2026-06-20 13:00:00,19.0265,18.378333333333334,12.800833333333333,34.38888888888889,20.833333333333332,45.56666666666667,973.2133333333334,SITE 9,EXT
2026-06-20 14:00:00,18.4055,17.63516666666667,12.360000000000001,35.0,20.62962962962963,43.46666666666667,972.9096666666667,SITE 9,EXT
2026-06-20 15:00:00,23.940333333333335,22.6895,15.264666666666667,35.31481481481482,20.62962962962963,42.666666666666664,972.4806666666666,SITE 9,EXT
2026-06-20 16:00:00,21.701833333333333,20.592,14.115333333333334,35.53703703703704,20.314814814814817,41.4,972.1753333333334,SITE 9,EXT
2026-06-20 17:00:00,28.518666666666665,26.6345,18.206,35.2962962962963,20.444444444444446,42.3,971.903,SITE 9,EXT
2026-06-20 18:00:00,78.36516666666667,71.18966666666667,45.51883333333333,34.74074074074074,20.85185185185185,44.766666666666666,972.3576666666667,SITE 9,EXT
2026-06-20 19:00:00,69.20233333333334,59.29683333333333,37.81216666666667,34.44444444444444,21.14814814814815,46.333333333333336,972.5716666666667,SITE 9,EXT
2026-06-20 20:00:00,58.215333333333334,47.559,31.455666666666666,34.00000000000001,21.166666666666668,47.46666666666667,973.4383333333334,SITE 9,EXT
2026-06-20 21:00:00,63.43983333333333,54.07716666666667,34.72533333333333,33.72222222222222,21.48148148148148,48.96666666666667,973.9116666666666,SITE 9,EXT
2026-06-20 22:00:00,23.8775,21.74866666666667,14.048333333333334,32.092592592592595,20.0,49.166666666666664,975.1173333333334,SITE 9,EXT
2026-06-20 23:00:00,6.0344999999999995,5.529166666666667,3.5060000000000002,30.203703703703702,19.833333333333332,54.5,976.0006666666667,SITE 9,EXT
2026-06-21 00:00:00,4.448666666666667,4.083833333333334,2.747333333333333,27.425925925925927,19.62962962962963,62.9,976.2036666666667,SITE 9,EXT
2026-06-21 01:00:00,4.543666666666667,4.220166666666667,2.754,27.592592592592595,19.53703703703704,62.266666666666666,975.4363333333333,SITE 9,EXT
2026-06-21 02:00:00,4.783,4.4544999999999995,2.9121666666666663,28.833333333333332,19.53703703703704,57.63333333333333,974.9026666666667,SITE 9,EXT
2026-06-21 03:00:00,5.72,5.346500000000001,3.6256666666666666,28.925925925925927,19.5,57.333333333333336,973.821,SITE 9,EXT
2026-06-21 04:00:00,7.138333333333334,6.7540000000000004,4.717,28.555555555555557,19.75925925925926,59.53333333333333,973.9233333333334,SITE 9,EXT
2026-06-21 05:00:00,10.466451612903224,10.019516129032258,7.040806451612903,28.369175627240146,19.892473118279568,60.58064516129032,974.6080645161289,SITE 9,EXT
2026-06-21 06:00:00,30.349833333333333,27.697166666666664,18.558333333333334,28.53703703703704,20.0,60.36666666666667,975.191,SITE 9,EXT
2026-06-21 07:00:00,45.22716666666667,39.83133333333333,25.387166666666666,28.88888888888889,20.166666666666668,59.766666666666666,975.9873333333333,SITE 9,EXT
2026-06-21 08:00:00,18.8035,17.74816666666667,11.955666666666668,29.462962962962965,20.01851851851852,57.63333333333333,976.8253333333333,SITE 9,EXT
2026-06-21 09:00:00,11.029666666666666,10.5755,7.3165000000000004,30.0,19.88888888888889,55.233333333333334,977.5766666666666,SITE 9,EXT
2026-06-21 10:00:00,6.753166666666667,6.430166666666667,4.449833333333333,30.64814814814815,19.814814814814817,52.96666666666667,977.3803333333333,SITE 9,EXT
2026-06-21 11:00:00,6.890166666666667,6.5625,4.595,32.25925925925926,20.25925925925926,49.53333333333333,976.9326666666667,SITE 9,EXT
2026-06-21 12:00:00,5.803333333333333,5.495,3.835666666666667,33.333333333333336,19.87037037037037,45.36666666666667,976.6076666666667,SITE 9,EXT
2026-06-21 13:00:00,5.244333333333333,4.947333333333334,3.4991666666666665,33.851851851851855,19.555555555555557,43.266666666666666,975.7593333333333,SITE 9,EXT
2026-06-21 14:00:00,6.4815,6.132666666666666,4.245666666666667,34.074074074074076,19.62962962962963,42.86666666666667,975.0826666666667,SITE 9,EXT
2026-06-21 15:00:00,8.343166666666667,7.995166666666666,5.641,34.05555555555556,19.53703703703704,42.666666666666664,974.287,SITE 9,EXT
2026-06-21 16:00:00,17.73033333333333,16.681,11.504333333333333,33.70370370370371,19.703703703703702,44.166666666666664,974.116,SITE 9,EXT
2026-06-21 17:00:00,17.284,16.247,11.061333333333332,33.31481481481482,19.796296296296298,45.1,974.552,SITE 9,EXT
2026-06-21 18:00:00,25.725833333333334,23.653166666666667,16.37,32.81481481481482,20.12962962962963,47.7,975.2033333333333,SITE 9,EXT
2026-06-21 19:00:00,62.81016666666667,55.61133333333333,35.69983333333333,32.27777777777778,20.462962962962965,49.9,975.7003333333333,SITE 9,EXT
2026-06-21 20:00:00,62.64283333333333,52.64316666666666,33.86533333333333,32.22222222222222,20.555555555555557,50.2,976.568,SITE 9,EXT
2026-06-21 21:00:00,50.35850000000001,42.058,28.0375,32.148148148148145,20.962962962962965,52.166666666666664,977.2873333333333,SITE 9,EXT
2026-06-21 22:00:00,39.9655,35.07683333333333,23.668666666666663,31.62962962962963,20.77777777777778,53.13333333333333,977.3443333333332,SITE 9,EXT
2026-06-21 23:00:00,27.51,24.9615,17.065166666666666,30.740740740740744,20.77777777777778,56.06666666666667,977.885,SITE 9,EXT
2026-06-22 00:00:00,3.722,3.4505,2.211,29.314814814814817,21.055555555555554,61.43333333333333,977.7233333333334,SITE 9,EXT
2026-06-22 01:00:00,3.298,3.068166666666667,1.8918333333333335,29.40740740740741,20.925925925925927,60.833333333333336,977.3056666666666,SITE 9,EXT
2026-06-22 02:00:00,3.2253333333333334,3.0564999999999998,1.9956666666666665,28.925925925925927,20.88888888888889,62.4,976.8703333333334,SITE 9,EXT
2026-06-22 03:00:00,4.280666666666666,4.087,2.713833333333333,28.88888888888889,20.98148148148148,62.86666666666667,976.9330000000001,SITE 9,EXT
2026-06-22 04:00:00,4.487166666666667,4.300666666666667,2.833833333333333,28.85185185185185,21.055555555555554,63.333333333333336,976.9523333333333,SITE 9,EXT
2026-06-22 05:00:00,4.813,4.669666666666667,3.1368333333333336,28.40740740740741,20.62962962962963,62.93333333333333,977.4156666666667,SITE 9,EXT
2026-06-22 06:00:00,11.839833333333333,11.516666666666667,8.187999999999999,28.333333333333336,20.555555555555557,62.833333333333336,977.8936666666667,SITE 9,EXT
2026-06-22 07:00:00,11.713166666666666,11.378333333333334,8.099833333333333,28.77777777777778,20.444444444444446,62.0,978.2716666666668,SITE 9,EXT
2026-06-22 08:00:00,14.072333333333335,13.562333333333333,9.689166666666667,29.203703703703706,20.53703703703704,60.5,978.7553333333333,SITE 9,EXT
2026-06-22 09:00:00,10.046833333333332,9.744499999999999,7.068666666666667,29.5,21.12962962962963,61.36666666666667,979.3199999999999,SITE 9,EXT
2026-06-22 10:00:00,5.385166666666667,5.227166666666666,3.6893333333333334,31.14814814814815,21.037037037037035,55.63333333333333,978.9206666666666,SITE 9,EXT
2026-06-22 11:00:00,4.287,4.114,2.9238333333333335,32.25925925925926,20.75925925925926,51.0,978.365,SITE 9,EXT
2026-06-22 12:00:00,3.2555,3.1526666666666667,2.2006666666666663,33.148148148148145,20.592592592592595,48.0,977.9863333333334,SITE 9,EXT
2026-06-22 13:00:00,3.745833333333333,3.594666666666667,2.5046666666666666,33.51851851851852,20.37037037037037,46.63333333333333,977.6036666666666,SITE 9,EXT
2026-06-22 14:00:00,4.7535,4.5475,3.057166666666667,34.22222222222222,20.388888888888893,44.666666666666664,977.0256666666667,SITE 9,EXT
2026-06-22 15:00:00,10.587419354838708,10.092096774193548,6.878387096774193,34.354838709677416,19.71326164874552,42.483870967741936,976.598064516129,SITE 9,EXT
2026-06-22 16:00:00,16.058333333333334,14.919,9.697666666666667,34.42592592592593,19.666666666666668,42.1,976.2223333333334,SITE 9,EXT
2026-06-22 17:00:00,13.896166666666666,13.439,9.2835,34.44444444444444,19.98148148148148,42.733333333333334,976.0593333333333,SITE 9,EXT
2026-06-22 18:00:00,43.41983333333334,39.72,24.9045,33.777777777777786,19.64814814814815,43.7,976.2573333333333,SITE 9,EXT
2026-06-22 19:00:00,70.16483333333333,61.3055,40.025333333333336,33.2962962962963,20.11111111111111,46.36666666666667,976.6896666666667,SITE 9,EXT
2026-06-22 20:00:00,47.64333333333333,40.35433333333333,26.529666666666667,32.55555555555556,20.64814814814815,49.86666666666667,977.2983333333334,SITE 9,EXT
2026-06-22 21:00:00,41.44133333333333,36.18283333333333,23.227333333333334,31.75925925925926,20.666666666666668,52.56666666666667,977.7266666666667,SITE 9,EXT
2026-06-22 22:00:00,25.461000000000002,24.3335,15.964333333333334,31.40740740740741,20.944444444444446,54.2,977.7223333333334,SITE 9,EXT
2026-06-22 23:00:00,20.78516666666667,19.860833333333336,12.699833333333334,30.851851851851855,20.87037037037037,55.666666666666664,977.6293333333334,SITE 9,EXT
2026-06-23 00:00:00,19.991,19.17866666666667,12.4535,30.462962962962965,21.0,57.0,976.9296666666667,SITE 9,EXT
2026-06-23 01:00:00,16.0725,15.401,9.922500000000001,30.0,20.555555555555557,57.0,976.5463333333333,SITE 9,EXT
2026-06-23 02:00:00,15.148333333333333,14.540500000000002,9.471333333333332,29.555555555555557,20.11111111111111,57.6,976.2453333333334,SITE 9,EXT
2026-06-23 03:00:00,16.7975,16.057833333333335,10.170333333333334,29.370370370370374,20.25925925925926,58.43333333333333,976.0953333333333,SITE 9,EXT
2026-06-23 04:00:00,15.284166666666666,14.675999999999998,9.7745,28.88888888888889,20.0,59.7,976.1873333333333,SITE 9,EXT
2026-06-23 05:00:00,23.170333333333335,22.194166666666668,14.766,28.88888888888889,20.388888888888893,60.233333333333334,976.2389999999999,SITE 9,EXT
2026-06-23 06:00:00,63.398500000000006,57.731833333333334,34.24583333333333,28.88888888888889,20.53703703703704,60.63333333333333,976.625,SITE 9,EXT
2026-06-23 07:00:00,61.79216666666666,54.277833333333334,36.308,29.314814814814817,20.518518518518523,59.666666666666664,976.999,SITE 9,EXT
2026-06-23 08:00:00,41.14233333333333,36.54066666666667,24.144333333333336,30.518518518518523,20.53703703703704,55.7,977.389,SITE 9,EXT
2026-06-23 09:00:00,35.16116666666667,32.449666666666666,20.69516666666667,31.703703703703702,20.48148148148148,51.93333333333333,977.4813333333333,SITE 9,EXT
2026-06-23 10:00:00,51.123000000000005,47.060833333333335,26.21783333333333,33.25925925925926,20.462962962962965,47.733333333333334,977.242,SITE 9,EXT
2026-06-23 11:00:00,16.115166666666667,15.605500000000001,10.4335,34.42592592592593,19.962962962962965,43.13333333333333,977.1039999999999,SITE 9,EXT
2026-06-23 12:00:00,13.505166666666666,13.128666666666668,8.985333333333333,35.851851851851855,19.75925925925926,39.1,976.5573333333334,SITE 9,EXT
2026-06-23 13:00:00,16.221999999999998,15.569666666666667,10.568666666666667,36.24074074074075,19.166666666666668,36.93333333333333,975.8580000000001,SITE 9,EXT
2026-06-23 14:00:00,15.7735,15.184166666666668,10.371,36.370370370370374,18.75925925925926,35.63333333333333,974.8216666666667,SITE 9,EXT
2026-06-23 15:00:00,14.063333333333333,13.622333333333334,9.536,36.81481481481482,18.925925925925927,35.43333333333333,973.8733333333333,SITE 9,EXT
2026-06-23 16:00:00,21.7465,20.43883333333333,13.574333333333334,37.01851851851852,18.814814814814817,34.733333333333334,973.151,SITE 9,EXT
2026-06-23 17:00:00,29.55,27.960166666666666,18.806666666666665,36.50000000000001,19.074074074074076,36.4,973.122,SITE 9,EXT
2026-06-23 18:00:00,74.30183333333333,67.04366666666667,41.325500000000005,35.7962962962963,19.518518518518523,38.8,973.0436666666667,SITE 9,EXT
2026-06-23 19:00:00,72.40883333333333,63.248666666666665,40.556000000000004,35.092592592592595,19.98148148148148,41.43333333333333,973.497,SITE 9,EXT
2026-06-23 20:00:00,63.5295,53.43966666666667,35.12233333333334,34.7037037037037,20.518518518518523,43.666666666666664,974.9086666666667,SITE 9,EXT
2026-06-23 21:00:00,48.995,41.19866666666667,26.856499999999997,34.111111111111114,20.53703703703704,45.233333333333334,975.9386666666667,SITE 9,EXT
2026-06-23 22:00:00,32.236451612903224,29.325161290322583,19.357903225806453,33.369175627240146,20.46594982078853,46.935483870967744,976.3603225806451,SITE 9,EXT
2026-06-23 23:00:00,20.479666666666667,19.8335,13.455333333333334,32.833333333333336,20.388888888888893,48.56666666666667,976.3643333333333,SITE 9,EXT
2026-06-24 00:00:00,10.296833333333332,9.511,5.9855,30.462962962962965,19.75925925925926,53.46666666666667,976.0283333333333,SITE 9,EXT
2026-06-24 01:00:00,13.304166666666667,12.198666666666668,7.4725,30.0,20.12962962962963,56.13333333333333,975.0833333333334,SITE 9,EXT
2026-06-24 02:00:00,22.186833333333333,20.287166666666668,11.862333333333334,29.27777777777778,20.27777777777778,59.0,974.3066666666667,SITE 9,EXT
2026-06-24 03:00:00,19.4995,18.066166666666668,10.751333333333333,29.333333333333332,20.462962962962965,59.96666666666667,974.2476666666666,SITE 9,EXT
2026-06-24 04:00:00,16.89966666666667,16.0145,10.309333333333335,29.48148148148148,20.592592592592595,59.733333333333334,974.3349999999999,SITE 9,EXT
2026-06-24 05:00:00,20.421333333333333,19.567,13.111500000000001,29.518518518518523,20.722222222222225,59.833333333333336,975.003,SITE 9,EXT
2026-06-24 06:00:00,47.4475,41.34666666666667,26.981499999999997,29.833333333333332,20.962962962962965,59.86666666666667,975.7363333333334,SITE 9,EXT
2026-06-24 07:00:00,36.391666666666666,32.82116666666666,22.0875,29.555555555555557,20.75925925925926,60.0,976.4276666666667,SITE 9,EXT
2026-06-24 08:00:00,23.707666666666668,23.0985,15.697833333333334,29.962962962962965,20.907407407407405,58.7,977.145,SITE 9,EXT
2026-06-24 09:00:00,21.930333333333333,21.4085,14.5,30.722222222222225,21.11111111111111,57.13333333333333,977.4736666666666,SITE 9,EXT
2026-06-24 10:00:00,16.871166666666667,16.393,11.371333333333332,32.07407407407407,21.11111111111111,52.7,977.5773333333333,SITE 9,EXT
2026-06-24 11:00:00,13.135166666666667,12.858666666666666,9.109,33.2962962962963,21.14814814814815,49.43333333333333,977.294,SITE 9,EXT
2026-06-24 12:00:00,10.245166666666668,9.962,6.874,34.277777777777786,21.055555555555554,46.4,976.6953333333333,SITE 9,EXT
2026-06-24 13:00:00,10.130166666666668,9.868333333333334,7.027500000000001,35.2037037037037,20.537037037037035,42.666666666666664,975.8343333333333,SITE 9,EXT
2026-06-24 14:00:00,9.1425,8.911166666666666,6.396,36.01851851851852,20.01851851851852,39.43333333333333,975.0953333333333,SITE 9,EXT
2026-06-24 15:00:00,17.036166666666666,16.142833333333332,10.955333333333332,36.57407407407408,19.592592592592595,37.333333333333336,974.5846666666667,SITE 9,EXT
2026-06-24 16:00:00,18.971,18.172,12.579666666666666,36.2962962962963,19.53703703703704,37.766666666666666,974.4133333333334,SITE 9,EXT
2026-06-24 17:00:00,18.028166666666667,17.281166666666667,11.941166666666668,35.777777777777786,19.12962962962963,37.833333333333336,974.3286666666667,SITE 9,EXT
2026-06-24 18:00:00,42.016666666666666,38.369,25.302333333333333,35.092592592592595,19.53703703703704,40.3,974.8963333333334,SITE 9,EXT
2026-06-24 19:00:00,46.16566666666667,39.55283333333333,25.66166666666667,34.333333333333336,19.925925925925927,43.266666666666666,976.0536666666667,SITE 9,EXT
2026-06-24 20:00:00,44.62116666666667,38.60366666666666,24.991666666666667,33.88888888888889,20.555555555555557,46.1,977.24,SITE 9,EXT
2026-06-24 21:00:00,31.005166666666664,28.886333333333333,19.343999999999998,33.81481481481482,20.833333333333332,47.0,977.6883333333334,SITE 9,EXT
2026-06-24 22:00:00,30.945333333333334,28.503,18.696,32.592592592592595,20.87037037037037,50.5,978.01,SITE 9,EXT
2026-06-24 23:00:00,25.000333333333334,24.0295,15.730500000000001,31.370370370370374,20.555555555555557,52.96666666666667,977.67,SITE 9,EXT
2026-06-25 00:00:00,25.584999999999997,24.134666666666664,15.237,30.64814814814815,20.53703703703704,55.0,977.528,SITE 9,EXT
2026-06-25 01:00:00,38.12083333333333,33.599000000000004,21.308333333333334,30.64814814814815,20.685185185185183,55.93333333333333,977.0976666666667,SITE 9,EXT
2026-06-25 02:00:00,31.305333333333333,29.23616666666667,18.64783333333333,30.333333333333332,20.87037037037037,57.0,976.69,SITE 9,EXT
2026-06-25 03:00:00,30.508166666666668,28.636000000000003,18.260666666666665,30.0,20.64814814814815,58.13333333333333,976.6283333333333,SITE 9,EXT
2026-06-25 04:00:00,39.4205,34.523,21.96466666666667,29.87037037037037,20.925925925925927,58.9,976.8173333333333,SITE 9,EXT
2026-06-25 05:00:00,50.2005,41.832499999999996,26.766833333333334,29.833333333333332,20.796296296296298,58.733333333333334,977.441,SITE 9,EXT
2026-06-25 06:00:00,60.12716666666667,49.96483333333333,32.99816666666667,29.962962962962965,21.074074074074073,59.0,977.9013333333334,SITE 9,EXT
2026-06-25 07:00:00,69.2525,62.2635,41.46183333333333,30.27777777777778,21.055555555555554,58.2,978.25,SITE 9,EXT
2026-06-25 08:00:00,44.535,38.510999999999996,25.740166666666667,30.75925925925926,20.85185185185185,55.9,978.8966666666668,SITE 9,EXT
2026-06-25 09:00:00,34.5125,31.653833333333335,21.173833333333334,32.166666666666664,21.11111111111111,52.5,979.0356666666667,SITE 9,EXT
2026-06-25 10:00:00,21.451833333333337,20.877666666666666,14.354333333333333,33.53703703703704,20.796296296296298,47.63333333333333,978.8729999999999,SITE 9,EXT
2026-06-25 11:00:00,17.13883333333333,16.740166666666667,11.684333333333335,34.68518518518518,20.333333333333332,43.46666666666667,978.5003333333333,SITE 9,EXT
2026-06-25 12:00:00,15.925161290322581,15.53241935483871,10.962258064516128,35.483870967741936,19.89247311827957,40.54838709677419,977.8196774193549,SITE 9,EXT
2026-06-25 13:00:00,16.441333333333333,16.060166666666667,11.292499999999999,36.25925925925926,19.462962962962965,37.766666666666666,976.9356666666666,SITE 9,EXT
2026-06-25 14:00:00,16.629166666666666,16.187833333333334,11.333166666666667,37.12962962962963,19.351851851851855,35.766666666666666,976.3703333333334,SITE 9,EXT
2026-06-25 15:00:00,16.7195,16.283333333333335,11.459333333333332,37.37037037037037,19.314814814814817,35.1,975.5759999999999,SITE 9,EXT
2026-06-25 16:00:00,31.16,29.61483333333333,19.868666666666666,37.03703703703704,18.833333333333332,34.9,975.37,SITE 9,EXT
2026-06-25 17:00:00,34.6545,31.960833333333333,20.89816666666667,36.66666666666667,18.962962962962965,35.833333333333336,975.5876666666667,SITE 9,EXT
2026-06-25 18:00:00,27.24116666666667,25.8905,17.478,35.70370370370371,19.185185185185183,38.4,976.3066666666667,SITE 9,EXT
2026-06-25 19:00:00,34.08833333333333,30.155166666666666,19.6615,33.148148148148145,19.814814814814817,45.666666666666664,977.0306666666667,SITE 9,EXT
2026-06-25 20:00:00,32.735689655172415,29.584655172413793,19.146034482758623,33.122605363984675,19.92337164750958,45.96551724137931,977.4503448275863,SITE 9,EXT
2026-06-25 21:00:00,21.63451612903226,20.88064516129032,13.978870967741937,32.61648745519713,19.623655913978496,46.806451612903224,978.1390322580645,SITE 9,EXT
2026-06-25 22:00:00,20.859333333333332,19.9805,13.354333333333333,32.53703703703704,19.944444444444446,47.96666666666667,978.4026666666667,SITE 9,EXT
2026-06-25 23:00:00,35.03333333333333,30.784666666666666,19.425333333333334,32.22222222222222,20.11111111111111,48.93333333333333,977.9,SITE 9,EXT
2026-06-26 00:00:00,44.876333333333335,37.922333333333334,24.091666666666665,32.09259259259259,20.51851851851852,50.86666666666667,977.5263333333334,SITE 9,EXT
2026-06-26 01:00:00,43.049166666666665,36.57666666666667,23.476499999999998,31.64814814814815,20.75925925925926,52.96666666666667,977.5276666666666,SITE 9,EXT
2026-06-26 02:00:00,42.2505,36.2115,23.418166666666664,31.222222222222225,21.074074074074073,55.13333333333333,977.569,SITE 9,EXT
2026-06-26 03:00:00,38.202,33.915333333333336,22.1625,30.870370370370374,21.166666666666668,56.7,977.7090000000001,SITE 9,EXT
2026-06-26 04:00:00,43.63066666666667,37.492,24.574,30.53703703703704,21.055555555555554,57.333333333333336,977.5863333333333,SITE 9,EXT
2026-06-26 05:00:00,61.1915,50.90883333333333,33.091833333333334,30.555555555555557,20.75925925925926,56.56666666666667,977.6383333333334,SITE 9,EXT
2026-06-26 06:00:00,72.21883333333334,63.211,39.913333333333334,30.685185185185187,20.87037037037037,56.56666666666667,978.1036666666666,SITE 9,EXT
2026-06-26 07:00:00,48.216833333333334,40.67183333333333,26.45716666666667,31.111111111111118,21.11111111111111,55.36666666666667,978.6583333333333,SITE 9,EXT
2026-06-26 08:00:00,39.84683333333333,35.06733333333333,22.681499999999996,31.814814814814817,21.203703703703702,54.2,978.8466666666667,SITE 9,EXT
2026-06-26 09:00:00,38.31933333333333,34.19466666666666,21.976166666666664,33.20370370370371,21.592592592592595,50.96666666666667,978.7900000000001,SITE 9,EXT
2026-06-26 10:00:00,44.74116666666667,40.0105,24.665666666666667,34.22222222222222,21.555555555555557,48.0,978.5216666666668,SITE 9,EXT
2026-06-26 11:00:00,31.699166666666667,29.902833333333334,19.528000000000002,35.5,21.314814814814817,44.0,978.144,SITE 9,EXT
2026-06-26 12:00:00,28.741333333333333,27.775666666666666,18.5015,36.07407407407408,21.12962962962963,42.266666666666666,977.5866666666666,SITE 9,EXT
2026-06-26 13:00:00,28.897166666666667,27.760833333333334,18.345833333333335,36.88888888888889,21.22222222222222,40.7,976.5229999999999,SITE 9,EXT
2026-06-26 14:00:00,28.444333333333336,27.473000000000003,18.044666666666668,37.333333333333336,21.185185185185183,39.766666666666666,975.76,SITE 9,EXT
2026-06-26 15:00:00,27.109166666666667,26.225666666666665,17.177666666666667,37.5,20.75925925925926,37.9,974.9463333333333,SITE 9,EXT
2026-06-26 16:00:00,25.624166666666667,24.903666666666666,16.500666666666667,37.27777777777778,20.185185185185183,37.233333333333334,974.4166666666666,SITE 9,EXT
2026-06-26 17:00:00,52.95816666666666,47.2945,30.371166666666667,37.07407407407407,19.925925925925927,36.86666666666667,974.496,SITE 9,EXT
2026-06-26 18:00:00,74.9915,67.732,43.092666666666666,36.092592592592595,19.25925925925926,37.4,975.2046666666666,SITE 9,EXT
2026-06-26 19:00:00,17.919,16.145666666666667,10.015833333333335,29.01851851851852,18.703703703703702,54.6,978.2156666666667,SITE 9,EXT
2026-06-26 20:00:00,17.261666666666667,16.187166666666666,10.749833333333333,29.203703703703706,20.444444444444446,59.766666666666666,976.4266666666666,SITE 9,EXT
2026-06-26 21:00:00,21.787166666666668,20.223666666666666,13.464666666666666,30.333333333333332,20.35185185185185,55.833333333333336,976.1949999999999,SITE 9,EXT
2026-06-26 22:00:00,17.299,16.319,10.869499999999999,29.75925925925926,20.14814814814815,56.833333333333336,976.625,SITE 9,EXT
2026-06-26 23:00:00,17.892,16.572666666666667,10.587833333333332,28.85185185185185,20.48148148148148,61.3,977.3016666666666,SITE 9,EXT
2026-06-27 00:00:00,11.415666666666668,10.479666666666667,6.701333333333333,29.14814814814815,20.185185185185183,59.03333333333333,977.5543333333334,SITE 9,EXT
2026-06-27 01:00:00,13.921,12.990833333333335,8.312999999999999,29.296296296296298,20.462962962962965,59.6,976.9353333333333,SITE 9,EXT
2026-06-27 02:00:00,12.334499999999998,11.400666666666666,7.364166666666667,28.88888888888889,20.518518518518523,61.53333333333333,976.9043333333334,SITE 9,EXT
2026-06-27 03:00:00,11.678333333333335,10.905166666666668,7.066,28.88888888888889,20.055555555555554,59.43333333333333,976.1336666666666,SITE 9,EXT
2026-06-27 04:00:00,11.4015,10.505500000000001,6.8726666666666665,28.88888888888889,19.333333333333332,56.96666666666667,975.4876666666667,SITE 9,EXT
2026-06-27 05:00:00,26.187258064516126,24.098870967741938,16.075483870967744,28.88888888888889,18.942652329749105,55.645161290322584,976.0287096774193,SITE 9,EXT
2026-06-27 06:00:00,39.46116666666667,34.7295,22.2685,29.01851851851852,19.75925925925926,57.63333333333333,976.5826666666667,SITE 9,EXT
2026-06-27 07:00:00,27.1235,25.999333333333333,16.666666666666668,29.40740740740741,20.518518518518523,59.03333333333333,977.045,SITE 9,EXT
2026-06-27 08:00:00,24.122500000000002,23.2225,14.509333333333332,29.703703703703702,20.61111111111111,58.43333333333333,977.5443333333333,SITE 9,EXT
2026-06-27 09:00:00,23.36733333333333,22.561833333333333,14.369,30.685185185185187,20.90740740740741,56.266666666666666,977.722,SITE 9,EXT
2026-06-27 10:00:00,22.973166666666668,22.0745,13.974,31.462962962962965,20.75925925925926,53.666666666666664,977.587,SITE 9,EXT
2026-06-27 11:00:00,20.783166666666666,19.999833333333335,12.788666666666668,32.407407407407405,20.833333333333332,51.06666666666667,977.4163333333333,SITE 9,EXT
2026-06-27 12:00:00,17.5665,16.8555,11.028166666666667,33.46296296296296,20.75925925925926,47.8,976.7576666666666,SITE 9,EXT
2026-06-27 13:00:00,18.159333333333333,17.364166666666666,11.380333333333335,34.61111111111111,20.64814814814815,44.36666666666667,975.7900000000001,SITE 9,EXT
2026-06-27 14:00:00,18.540333333333333,17.593166666666665,11.5815,35.2037037037037,20.40740740740741,42.36666666666667,974.9116666666666,SITE 9,EXT
2026-06-27 15:00:00,20.72716666666667,19.752,12.904,35.2037037037037,20.35185185185185,42.266666666666666,974.4803333333333,SITE 9,EXT
2026-06-27 16:00:00,23.76883333333333,22.711166666666667,14.858,35.333333333333336,20.53703703703704,42.36666666666667,974.4486666666667,SITE 9,EXT
2026-06-27 17:00:00,36.329166666666666,33.42966666666667,21.809166666666666,35.18518518518519,20.27777777777778,42.166666666666664,974.7296666666666,SITE 9,EXT
2026-06-27 18:00:00,51.501999999999995,42.6575,27.516666666666666,34.57407407407407,20.685185185185183,44.53333333333333,975.1486666666666,SITE 9,EXT
2026-06-27 19:00:00,61.068,49.70399999999999,32.271166666666666,33.62962962962963,21.055555555555554,48.233333333333334,975.9066666666666,SITE 9,EXT
2026-06-27 20:00:00,50.10333333333333,41.67733333333333,27.182833333333335,33.611111111111114,21.037037037037035,48.266666666666666,976.4879999999999,SITE 9,EXT
2026-06-27 21:00:00,43.5895,37.05133333333333,23.781166666666664,33.22222222222222,21.166666666666668,49.6,977.2583333333333,SITE 9,EXT
2026-06-27 22:00:00,45.79,38.53966666666667,24.895833333333332,32.74074074074074,21.425925925925927,51.9,977.61,SITE 9,EXT
2026-06-27 23:00:00,42.62833333333333,36.60133333333333,23.610166666666665,32.5,21.14814814814815,51.63333333333333,977.6923333333333,SITE 9,EXT
2026-06-28 00:00:00,34.20216666666667,30.966666666666665,19.821,32.18518518518518,21.14814814814815,52.53333333333333,977.2486666666666,SITE 9,EXT
2026-06-28 01:00:00,24.960166666666666,23.637333333333334,15.184666666666667,31.75925925925926,20.685185185185183,53.0,976.5393333333334,SITE 9,EXT
2026-06-28 02:00:00,24.129,23.122666666666667,14.725999999999999,31.555555555555557,20.833333333333332,53.63333333333333,975.83,SITE 9,EXT
2026-06-28 03:00:00,27.812333333333335,26.682666666666666,17.209333333333333,31.074074074074076,21.01851851851852,55.5,975.8876666666667,SITE 9,EXT
2026-06-28 04:00:00,29.899166666666666,28.47716666666667,18.392333333333333,30.27777777777778,20.77777777777778,57.56666666666667,976.1443333333333,SITE 9,EXT
2026-06-28 05:00:00,36.02016666666667,32.4185,20.919333333333334,29.925925925925927,20.685185185185183,58.266666666666666,976.2376666666667,SITE 9,EXT
2026-06-28 06:00:00,35.30916666666667,31.878333333333334,20.501166666666666,29.592592592592595,20.27777777777778,58.03333333333333,976.7773333333333,SITE 9,EXT
2026-06-28 07:00:00,31.253833333333333,28.791166666666665,18.263666666666666,30.0,20.555555555555557,57.3,977.4126666666667,SITE 9,EXT
2026-06-28 08:00:00,32.5565,29.8745,19.432000000000002,30.444444444444446,20.518518518518523,55.766666666666666,977.6033333333332,SITE 9,EXT
2026-06-28 09:00:00,25.549833333333332,24.264833333333335,15.431333333333333,31.25925925925926,20.592592592592595,53.56666666666667,977.4523333333333,SITE 9,EXT
2026-06-28 10:00:00,21.976612903225806,20.921290322580642,13.406451612903227,32.634408602150536,20.842293906810035,50.16129032258065,977.2319354838709,SITE 9,EXT
2026-06-28 11:00:00,21.150666666666666,20.127333333333333,12.9905,34.05555555555556,20.962962962962965,46.9,976.8626666666667,SITE 9,EXT
2026-06-28 12:00:00,20.718500000000002,19.635333333333335,12.594666666666667,35.22222222222222,20.77777777777778,43.4,976.2573333333333,SITE 9,EXT
2026-06-28 13:00:00,20.815333333333335,19.613833333333332,12.744499999999999,35.90740740740741,20.53703703703704,41.0,975.8430000000001,SITE 9,EXT
2026-06-28 14:00:00,18.302333333333333,17.1175,11.061833333333334,36.62962962962964,20.51851851851852,39.166666666666664,974.8506666666667,SITE 9,EXT
2026-06-28 15:00:00,20.847666666666665,19.385166666666667,12.542,36.57407407407408,20.333333333333332,38.9,973.4,SITE 9,EXT
2026-06-28 16:00:00,24.941,23.319833333333335,15.125666666666666,36.111111111111114,20.314814814814817,39.766666666666666,972.77,SITE 9,EXT
2026-06-28 17:00:00,27.978833333333334,25.915000000000003,16.775166666666667,36.31481481481482,20.48148148148148,39.93333333333333,972.1669999999999,SITE 9,EXT
2026-06-28 18:00:00,34.765499999999996,30.879833333333334,20.154166666666665,35.53703703703704,20.48148148148148,41.86666666666667,972.6486666666666,SITE 9,EXT
2026-06-28 19:00:00,57.884,48.218333333333334,31.56433333333333,34.98148148148148,20.814814814814817,43.86666666666667,973.5496666666667,SITE 9,EXT
2026-06-28 20:00:00,36.93,32.5515,20.76033333333333,34.55555555555556,20.77777777777778,44.93333333333333,974.7293333333333,SITE 9,EXT
2026-06-28 21:00:00,29.953333333333333,27.68883333333333,17.689833333333336,33.88888888888889,20.64814814814815,46.36666666666667,975.5253333333333,SITE 9,EXT
2026-06-28 22:00:00,24.92366666666667,23.4825,15.089,33.333333333333336,20.703703703703702,47.86666666666667,976.024,SITE 9,EXT
2026-06-28 23:00:00,24.654833333333332,23.166999999999998,14.715666666666667,33.01851851851852,20.98148148148148,49.5,976.2126666666667,SITE 9,EXT
2026-06-29 00:00:00,27.134999999999998,25.574833333333334,16.306833333333334,32.648148148148145,21.0,50.7,975.7913333333333,SITE 9,EXT
2026-06-29 01:00:00,8.393833333333333,7.382499999999999,4.2635,29.444444444444446,19.0,54.0,977.362,SITE 9,EXT
2026-06-29 02:00:00,2.7611666666666665,2.307666666666667,1.115,27.90740740740741,19.055555555555557,59.13333333333333,975.7353333333334,SITE 9,EXT
2026-06-29 03:00:00,4.880833333333333,4.257666666666667,2.4868333333333337,27.962962962962965,19.092592592592595,58.93333333333333,975.2393333333333,SITE 9,EXT
2026-06-29 04:00:00,3.7401666666666666,3.2251666666666665,1.9635,27.018518518518523,18.740740740740744,61.666666666666664,975.2936666666667,SITE 9,EXT
2026-06-29 05:00:00,7.218500000000001,6.5705,4.2035,26.77777777777778,18.444444444444446,60.7,975.0876666666667,SITE 9,EXT
2026-06-29 06:00:00,12.983666666666666,12.368500000000001,8.840333333333332,27.185185185185187,18.40740740740741,59.7,975.4913333333334,SITE 9,EXT
2026-06-29 07:00:00,18.744000000000003,17.824333333333335,12.800666666666666,27.722222222222225,18.666666666666668,58.36666666666667,975.9583333333334,SITE 9,EXT
2026-06-29 08:00:00,21.3585,20.477833333333333,14.6975,29.01851851851852,19.14814814814815,55.733333333333334,976.2986666666667,SITE 9,EXT
2026-06-29 09:00:00,11.636333333333335,11.061833333333334,8.027666666666667,30.40740740740741,19.185185185185183,51.63333333333333,976.5873333333333,SITE 9,EXT
2026-06-29 10:00:00,9.569833333333332,9.103333333333333,6.1483333333333325,31.685185185185183,19.722222222222225,49.5,976.2076666666667,SITE 9,EXT
2026-06-29 11:00:00,7.204,6.873,4.801,32.648148148148145,20.14814814814815,48.266666666666666,975.6583333333333,SITE 9,EXT
2026-06-29 12:00:00,12.533666666666667,11.635,7.452666666666667,33.20370370370371,20.555555555555557,47.93333333333333,975.5253333333333,SITE 9,EXT
2026-06-29 13:00:00,13.538,12.598666666666666,8.1395,33.90740740740741,20.333333333333332,45.46666666666667,974.839,SITE 9,EXT
2026-06-29 14:00:00,15.657333333333334,14.386,9.081,34.648148148148145,20.185185185185183,43.0,974.1513333333334,SITE 9,EXT
2026-06-29 15:00:00,28.38883333333333,25.2425,15.9395,35.0,20.53703703703704,43.2,973.7686666666667,SITE 9,EXT
2026-06-29 16:00:00,10.880166666666666,10.286666666666667,6.8915,34.7037037037037,20.64814814814815,44.2,973.5156666666667,SITE 9,EXT
2026-06-29 17:00:00,14.969833333333332,14.491999999999999,10.765166666666666,33.96296296296296,20.185185185185183,44.833333333333336,973.6503333333334,SITE 9,EXT
2026-06-29 18:00:00,24.83,23.773833333333336,17.2415,32.96296296296296,19.907407407407405,46.46666666666667,974.0216666666668,SITE 9,EXT
2026-06-29 19:00:00,43.07733333333333,37.375499999999995,25.6785,32.77777777777778,20.0,47.833333333333336,974.965,SITE 9,EXT
2026-06-29 20:00:00,45.48016666666667,38.940000000000005,26.761333333333333,32.37037037037037,20.01851851851852,48.56666666666667,975.3916666666667,SITE 9,EXT
2026-06-29 21:00:00,29.509333333333334,27.671,19.505,31.944444444444446,20.074074074074076,49.833333333333336,975.783,SITE 9,EXT
2026-06-29 22:00:00,35.83283333333333,32.588499999999996,21.99866666666667,31.40740740740741,20.574074074074076,53.0,976.457,SITE 9,EXT
2026-06-29 23:00:00,36.0005,32.63766666666667,22.32316666666667,31.000000000000004,20.962962962962965,55.7,976.788,SITE 9,EXT
2026-06-30 00:00:00,34.801500000000004,32.011,21.9295,30.53703703703704,21.14814814814815,57.766666666666666,976.1223333333332,SITE 9,EXT
2026-06-30 01:00:00,48.9425,43.865,28.0545,30.314814814814817,20.944444444444446,58.166666666666664,975.8023333333333,SITE 9,EXT
2026-06-30 02:00:00,30.0485,27.805333333333333,18.959666666666667,29.87037037037037,20.77777777777778,58.86666666666667,975.2933333333333,SITE 9,EXT
2026-06-30 03:00:00,19.263709677419353,18.491451612903226,13.043870967741936,29.534050179211473,20.23297491039427,58.064516129032256,975.3661290322581,SITE 9,EXT
2026-06-30 04:00:00,17.68883333333333,17.175333333333334,12.2875,29.166666666666668,20.5,59.86666666666667,976.0043333333334,SITE 9,EXT
2026-06-30 05:00:00,11.6515,11.313333333333333,8.286666666666667,28.40740740740741,19.925925925925927,60.93333333333333,976.5133333333332,SITE 9,EXT
2026-06-30 06:00:00,21.662666666666667,19.914166666666667,13.667666666666666,28.296296296296298,19.40740740740741,59.53333333333333,976.6906666666667,SITE 9,EXT
2026-06-30 07:00:00,32.72233333333333,28.547,18.121,28.833333333333332,19.462962962962965,57.2,977.081,SITE 9,EXT
2026-06-30 08:00:00,10.714166666666667,10.408333333333333,7.6935,29.90740740740741,19.62962962962963,54.666666666666664,977.4853333333334,SITE 9,EXT
2026-06-30 09:00:00,8.797166666666667,8.437000000000001,6.102833333333334,31.185185185185187,20.055555555555554,51.96666666666667,977.7136666666667,SITE 9,EXT
2026-06-30 10:00:00,9.883333333333333,9.558833333333332,6.553833333333333,31.98148148148148,20.203703703703702,50.233333333333334,977.4359999999999,SITE 9,EXT
2026-06-30 11:00:00,8.943333333333333,8.607666666666667,6.0233333333333325,32.57407407407407,20.333333333333332,48.96666666666667,976.8046666666667,SITE 9,EXT
2026-06-30 12:00:00,8.498166666666666,8.07,5.525666666666667,33.574074074074076,20.703703703703702,47.36666666666667,976.2463333333333,SITE 9,EXT
2026-06-30 13:00:00,6.563666666666666,6.261166666666667,4.434666666666667,34.92592592592593,20.907407407407405,44.333333333333336,975.5023333333334,SITE 9,EXT
2026-06-30 14:00:00,8.953166666666668,8.5755,5.9,35.333333333333336,20.88888888888889,43.266666666666666,974.6066666666667,SITE 9,EXT
2026-06-30 15:00:00,10.089,9.619,6.746333333333333,35.55555555555556,20.77777777777778,42.56666666666667,973.7156666666667,SITE 9,EXT
2026-06-30 16:00:00,9.780666666666667,9.348333333333333,6.497833333333333,35.55555555555556,20.25925925925926,41.166666666666664,973.1656666666667,SITE 9,EXT
2026-06-30 17:00:00,22.524833333333333,21.021666666666665,14.2395,35.51851851851852,20.444444444444446,41.733333333333334,973.0586666666666,SITE 9,EXT
2026-06-30 18:00:00,36.78066666666667,32.37616666666666,21.512,34.7037037037037,20.703703703703702,44.46666666666667,973.495,SITE 9,EXT
2026-06-30 19:00:00,62.676,51.6665,33.33383333333333,34.111111111111114,21.037037037037035,46.833333333333336,974.2420000000001,SITE 9,EXT
2026-06-30 20:00:00,47.8715,40.489000000000004,26.4285,33.46296296296296,21.5,49.833333333333336,975.5136666666666,SITE 9,EXT
2026-06-30 21:00:00,37.665333333333336,33.67766666666667,22.0435,32.7037037037037,21.40740740740741,52.0,976.066,SITE 9,EXT
2026-06-30 22:00:00,37.675333333333334,33.404666666666664,21.65983333333333,31.90740740740741,21.185185185185183,53.13333333333333,976.5120000000001,SITE 9,EXT
2026-06-30 23:00:00,26.112333333333332,24.66283333333333,16.24566666666667,31.444444444444446,20.88888888888889,53.93333333333333,977.0276666666667,SITE 9,EXT
2026-07-01 00:00:00,28.814833333333333,27.58,17.715333333333334,31.111111111111118,20.75925925925926,54.733333333333334,977.0640000000001,SITE 9,EXT
2026-07-01 01:00:00,16.2145,15.605333333333334,10.003333333333334,30.092592592592595,20.388888888888893,56.5,976.8773333333334,SITE 9,EXT
2026-07-01 02:00:00,4.336833333333333,3.9675000000000002,2.4040000000000004,28.333333333333336,19.833333333333332,60.733333333333334,976.2473333333332,SITE 9,EXT
2026-07-01 03:00:00,5.2123333333333335,4.795166666666666,3.041,28.75925925925926,19.77777777777778,58.733333333333334,975.9240000000001,SITE 9,EXT
2026-07-01 04:00:00,13.397666666666668,12.878666666666668,8.879,28.87037037037037,19.925925925925927,58.733333333333334,975.4696666666666,SITE 9,EXT
2026-07-01 05:00:00,21.360666666666667,20.745,13.477166666666667,28.88888888888889,20.62962962962963,61.6,975.9253333333332,SITE 9,EXT
2026-07-01 06:00:00,29.976166666666664,28.1495,18.452166666666667,29.0,20.87037037037037,62.3,976.631,SITE 9,EXT
2026-07-01 07:00:00,30.045333333333335,28.521666666666665,18.804,29.425925925925927,20.814814814814817,60.5,976.8140000000001,SITE 9,EXT
2026-07-01 08:00:00,24.259166666666665,23.507333333333335,15.474166666666667,29.685185185185183,20.703703703703702,58.8,977.3520000000001,SITE 9,EXT
2026-07-01 09:00:00,20.062,19.521333333333335,12.876666666666667,30.462962962962965,20.87037037037037,56.9,977.4159999999999,SITE 9,EXT
2026-07-01 10:00:00,20.227333333333334,19.565333333333335,13.036,31.388888888888893,20.814814814814817,53.86666666666667,977.2270000000001,SITE 9,EXT
2026-07-01 11:00:00,21.669666666666668,20.893500000000003,14.159333333333333,31.814814814814817,20.685185185185183,52.333333333333336,977.0146666666666,SITE 9,EXT
2026-07-01 12:00:00,16.875833333333333,16.363833333333336,11.213833333333334,33.24074074074074,20.740740740740744,48.43333333333333,976.3756666666667,SITE 9,EXT
2026-07-01 13:00:00,15.775833333333333,15.240166666666665,10.4875,34.166666666666664,20.88888888888889,46.36666666666667,975.7896666666667,SITE 9,EXT
2026-07-01 14:00:00,18.612333333333332,17.879166666666666,12.136166666666666,34.407407407407405,21.01851851851852,45.766666666666666,975.2566666666667,SITE 9,EXT
2026-07-01 15:00:00,14.737166666666667,14.178166666666666,9.777833333333332,34.57407407407407,20.51851851851852,44.233333333333334,974.7693333333334,SITE 9,EXT
2026-07-01 16:00:00,16.621,15.902,10.722333333333333,34.851851851851855,20.53703703703704,43.333333333333336,974.5426666666666,SITE 9,EXT
2026-07-01 17:00:00,21.09790322580645,20.01483870967742,13.706451612903225,34.33691756272401,20.07168458781362,43.45161290322581,974.7370967741934,SITE 9,EXT
2026-07-01 18:00:00,44.77933333333333,38.58533333333333,25.162666666666667,33.7962962962963,20.092592592592595,45.266666666666666,974.9483333333334,SITE 9,EXT
2026-07-01 19:00:00,57.10966666666666,51.10783333333333,31.784666666666666,33.148148148148145,20.53703703703704,47.766666666666666,975.3806666666667,SITE 9,EXT
2026-07-01 20:00:00,28.715500000000002,26.315166666666666,17.534166666666668,32.44444444444444,20.555555555555557,49.833333333333336,976.087,SITE 9,EXT
2026-07-01 21:00:00,22.7015,21.945666666666668,14.7415,32.22222222222222,20.555555555555557,51.0,976.8553333333333,SITE 9,EXT
2026-07-01 22:00:00,26.848000000000003,25.85216666666667,17.1035,31.925925925925927,20.740740740740744,52.13333333333333,977.2283333333332,SITE 9,EXT
2026-07-01 23:00:00,29.051,27.299166666666668,17.951,31.222222222222225,20.77777777777778,54.36666666666667,977.257,SITE 9,EXT
2026-07-02 00:00:00,30.833666666666666,28.6075,18.60666666666667,30.851851851851855,20.925925925925927,55.93333333333333,977.0263333333334,SITE 9,EXT
2026-07-02 01:00:00,24.592499999999998,23.784499999999998,15.654333333333334,30.425925925925927,20.925925925925927,57.333333333333336,976.481,SITE 9,EXT
2026-07-02 02:00:00,27.103833333333334,25.7235,17.013666666666666,29.98148148148148,20.740740740740744,58.36666666666667,976.4393333333334,SITE 9,EXT
2026-07-02 03:00:00,21.517,20.875,13.885,29.518518518518523,20.722222222222225,59.86666666666667,976.5263333333334,SITE 9,EXT
2026-07-02 04:00:00,21.8625,21.25,14.076,29.203703703703706,20.87037037037037,60.93333333333333,976.539,SITE 9,EXT
2026-07-02 05:00:00,26.628333333333334,25.699833333333334,17.03183333333333,28.87037037037037,20.53703703703704,61.0,977.0846666666667,SITE 9,EXT
2026-07-02 06:00:00,32.688833333333335,30.643666666666665,20.2125,28.88888888888889,20.555555555555557,61.333333333333336,977.7763333333334,SITE 9,EXT
2026-07-02 07:00:00,36.96666666666667,33.108333333333334,21.671833333333332,29.35185185185185,20.555555555555557,59.86666666666667,977.9893333333333,SITE 9,EXT
2026-07-02 08:00:00,26.990166666666667,26.0275,17.295666666666666,30.12962962962963,20.444444444444446,56.56666666666667,978.414,SITE 9,EXT
2026-07-02 09:00:00,23.837,23.111333333333334,15.179166666666667,31.12962962962963,20.333333333333332,53.03333333333333,978.721,SITE 9,EXT
2026-07-02 10:00:00,20.44766666666667,19.877666666666666,13.3675,31.77777777777778,20.333333333333332,50.9,978.5456666666666,SITE 9,EXT
2026-07-02 11:00:00,19.904833333333332,19.233166666666666,12.898333333333333,32.68518518518518,20.444444444444446,48.93333333333333,978.2316666666667,SITE 9,EXT
2026-07-02 12:00:00,19.27266666666667,18.694166666666668,12.721499999999999,33.53703703703704,20.48148148148148,46.56666666666667,977.7743333333333,SITE 9,EXT
2026-07-02 13:00:00,18.820833333333333,18.24416666666667,12.417666666666666,34.38888888888889,20.40740740740741,44.53333333333333,976.86,SITE 9,EXT
2026-07-02 14:00:00,18.440333333333335,17.921499999999998,12.286333333333333,34.61111111111111,20.240740740740744,43.333333333333336,975.9,SITE 9,EXT
2026-07-02 15:00:00,18.089499999999997,17.540833333333335,12.088,35.55555555555556,19.98148148148148,40.2,975.4476666666667,SITE 9,EXT
2026-07-02 16:00:00,19.708666666666666,19.10983333333333,13.327166666666667,35.777777777777786,19.64814814814815,39.2,975.1183333333333,SITE 9,EXT
2026-07-02 17:00:00,26.733333333333334,25.395,17.324333333333335,35.11111111111111,19.537037037037035,40.43333333333333,975.1229999999999,SITE 9,EXT
2026-07-02 18:00:00,68.35566666666666,61.4405,40.9205,34.666666666666664,20.037037037037035,42.7,975.0093333333333,SITE 9,EXT
2026-07-02 19:00:00,53.7895,46.651666666666664,30.171833333333332,33.833333333333336,20.64814814814815,46.7,975.5596666666667,SITE 9,EXT
2026-07-02 20:00:00,39.96566666666667,34.818666666666665,23.4585,31.685185185185183,22.11111111111111,57.43333333333333,976.3223333333333,SITE 9,EXT
2026-07-02 21:00:00,45.51716666666667,38.8645,25.937666666666665,31.88888888888889,22.685185185185183,58.833333333333336,976.6853333333333,SITE 9,EXT
2026-07-02 22:00:00,47.8885,40.594,26.9285,31.666666666666668,22.64814814814815,59.13333333333333,977.143,SITE 9,EXT
2026-07-02 23:00:00,38.15533333333334,33.969,22.779,31.16666666666667,21.944444444444446,58.6,977.2993333333333,SITE 9,EXT
2026-07-03 00:00:00,25.92866666666667,25.006166666666665,16.953,30.90740740740741,21.462962962962965,57.733333333333334,977.1423333333333,SITE 9,EXT
2026-07-03 01:00:00,23.36616666666667,22.514833333333335,15.032666666666668,30.518518518518523,21.11111111111111,58.1,976.74,SITE 9,EXT
2026-07-03 02:00:00,19.788,19.264666666666667,13.116666666666667,30.037037037037035,20.592592592592595,58.0,976.332,SITE 9,EXT
2026-07-03 03:00:00,20.2241935483871,19.66322580645161,13.184354838709677,29.838709677419356,20.734767025089607,58.61290322580645,976.0780645161291,SITE 9,EXT
2026-07-03 04:00:00,22.2675,21.765833333333333,14.603666666666667,29.425925925925927,20.53703703703704,59.3,976.409,SITE 9,EXT
2026-07-03 05:00:00,36.22933333333334,32.635666666666665,21.774166666666666,29.40740740740741,20.555555555555557,59.93333333333333,976.5053333333333,SITE 9,EXT
2026-07-03 06:00:00,44.757666666666665,38.4615,25.103333333333335,29.25925925925926,20.61111111111111,60.13333333333333,976.7846666666667,SITE 9,EXT
2026-07-03 07:00:00,35.64866666666667,32.53816666666667,21.516833333333334,29.48148148148148,20.592592592592595,59.96666666666667,977.3656666666667,SITE 9,EXT
2026-07-03 08:00:00,29.654833333333332,28.46216666666667,19.0585,30.388888888888893,20.962962962962965,57.63333333333333,977.4796666666666,SITE 9,EXT
2026-07-03 09:00:00,24.572499999999998,23.97233333333333,16.272833333333335,31.740740740740744,21.24074074074074,54.166666666666664,977.586,SITE 9,EXT
2026-07-03 10:00:00,25.296666666666667,24.467666666666666,16.783833333333334,32.62962962962963,21.185185185185183,51.6,977.973,SITE 9,EXT
2026-07-03 11:00:00,15.169999999999998,14.601833333333333,9.918666666666667,31.333333333333332,20.75925925925926,54.0,977.818,SITE 9,EXT
2026-07-03 12:00:00,7.521333333333334,6.995833333333334,4.664333333333333,30.5,20.27777777777778,54.93333333333333,976.804,SITE 9,EXT
2026-07-03 13:00:00,6.560333333333333,6.1353333333333335,4.1738333333333335,32.44444444444444,20.074074074074076,48.6,975.572,SITE 9,EXT
2026-07-03 14:00:00,3.6188333333333333,3.3296666666666668,2.149,34.03703703703704,20.01851851851852,44.13333333333333,974.9543333333334,SITE 9,EXT
2026-07-03 15:00:00,3.8954999999999997,3.6795,2.4105,33.94444444444444,19.48148148148148,42.86666666666667,974.6830000000001,SITE 9,EXT
2026-07-03 16:00:00,5.137333333333333,4.808000000000001,3.2346666666666666,33.31481481481482,19.592592592592595,44.63333333333333,974.2176666666667,SITE 9,EXT
2026-07-03 17:00:00,27.333666666666666,25.124166666666667,17.46516666666667,32.833333333333336,19.240740740740744,45.06666666666667,974.3786666666667,SITE 9,EXT
2026-07-03 18:00:00,27.783666666666665,25.036,16.528833333333335,32.592592592592595,20.555555555555554,49.43333333333333,974.5196666666667,SITE 9,EXT
2026-07-03 19:00:00,27.8995,25.515,17.3915,32.03703703703704,20.98148148148148,52.43333333333333,976.0836666666668,SITE 9,EXT
2026-07-03 20:00:00,1.5568333333333333,1.4203333333333332,0.8488333333333333,29.814814814814817,19.074074074074076,53.06666666666667,978.3883333333334,SITE 9,EXT
2026-07-03 21:00:00,3.3016666666666667,3.035166666666667,1.889,28.666666666666668,19.203703703703706,57.266666666666666,978.49,SITE 9,EXT
2026-07-03 22:00:00,3.1185,2.7823333333333333,1.5719999999999998,27.90740740740741,19.62962962962963,61.166666666666664,978.8216666666667,SITE 9,EXT
2026-07-03 23:00:00,6.804333333333333,6.393666666666666,4.433333333333334,28.5,19.666666666666668,59.03333333333333,978.066,SITE 9,EXT
2026-07-04 00:00:00,6.031833333333333,5.653333333333333,3.8765,28.203703703703706,19.14814814814815,58.13333333333333,976.1716666666667,SITE 9,EXT
2026-07-04 01:00:00,6.242999999999999,5.785333333333333,3.765,28.055555555555557,19.462962962962965,60.266666666666666,975.563,SITE 9,EXT
2026-07-04 02:00:00,8.493666666666666,7.992500000000001,5.403499999999999,28.16666666666667,19.814814814814817,60.766666666666666,974.4126666666667,SITE 9,EXT
2026-07-04 03:00:00,10.006333333333334,9.512833333333333,6.298166666666666,27.77777777777778,20.0,62.86666666666667,974.9393333333334,SITE 9,EXT
2026-07-04 04:00:00,7.300333333333333,6.9191666666666665,4.618666666666667,27.722222222222225,19.962962962962965,63.1,975.7096666666667,SITE 9,EXT
2026-07-04 05:00:00,8.567166666666667,8.228,5.572333333333333,27.222222222222225,19.962962962962965,64.73333333333333,976.5536666666667,SITE 9,EXT
2026-07-04 06:00:00,23.681499999999996,21.567999999999998,14.686499999999999,27.462962962962965,19.925925925925927,64.2,977.109,SITE 9,EXT
2026-07-04 07:00:00,15.5685,14.875166666666667,10.485833333333334,28.48148148148148,20.055555555555554,60.8,977.3283333333333,SITE 9,EXT
2026-07-04 08:00:00,9.858166666666667,9.521833333333335,6.962666666666666,29.0,19.740740740740744,57.8,977.5836666666667,SITE 9,EXT
2026-07-04 09:00:00,11.558166666666667,11.180666666666667,7.9495000000000005,30.0,20.0,55.766666666666666,977.9043333333334,SITE 9,EXT
2026-07-04 10:00:00,11.313166666666666,10.949166666666667,7.708666666666667,30.0,20.0,55.6,977.9793333333333,SITE 9,EXT
2026-07-04 11:00:00,7.844032258064516,7.594677419354839,5.445645161290322,30.340501792114694,19.928315412186382,54.03225806451613,977.9274193548387,SITE 9,EXT
2026-07-04 12:00:00,11.458166666666667,11.145166666666666,8.039,30.981481481481485,20.240740740740744,52.86666666666667,977.5063333333333,SITE 9,EXT
2026-07-04 13:00:00,8.1465,7.8421666666666665,5.684166666666667,31.75925925925926,20.203703703703702,50.5,976.9416666666667,SITE 9,EXT
2026-07-04 14:00:00,9.371333333333332,9.106333333333334,6.606833333333333,32.07407407407407,20.388888888888893,50.166666666666664,976.6396666666666,SITE 9,EXT
2026-07-04 15:00:00,10.571166666666667,10.250333333333334,7.444,32.48148148148148,20.462962962962965,49.53333333333333,975.828,SITE 9,EXT
2026-07-04 16:00:00,13.7745,13.188333333333333,9.321499999999999,33.31481481481482,20.555555555555557,47.7,975.6176666666667,SITE 9,EXT
2026-07-04 17:00:00,20.471666666666668,19.813666666666666,14.156166666666667,32.94444444444444,20.61111111111111,48.6,975.9546666666666,SITE 9,EXT
2026-07-04 18:00:00,46.10183333333334,39.73683333333334,25.951999999999998,32.74074074074074,20.53703703703704,49.233333333333334,976.1693333333334,SITE 9,EXT
2026-07-04 19:00:00,73.03131578947368,65.93026315789473,44.85394736842105,32.16374269005848,20.672514619883042,51.05263157894737,976.32,SITE 9,EXT
2026-07-04 21:00:00,102.50111111111111,99.04305555555555,66.78805555555556,29.876543209876544,21.944444444444443,63.111111111111114,977.5327777777778,SITE 9,EXT
2026-07-04 22:00:00,88.83883333333333,83.18733333333333,57.099666666666664,30.40740740740741,21.62962962962963,60.166666666666664,977.5236666666666,SITE 9,EXT
2026-07-04 23:00:00,63.32333333333334,55.2975,37.11533333333333,30.25925925925926,21.444444444444446,60.2,977.7356666666667,SITE 9,EXT
2026-07-05 00:00:00,50.267833333333336,42.31316666666667,28.524333333333335,29.944444444444446,21.444444444444446,60.766666666666666,977.5866666666666,SITE 9,EXT
2026-07-05 01:00:00,41.61183333333334,36.18216666666667,24.448,29.53703703703704,21.203703703703702,61.96666666666667,977.2076666666667,SITE 9,EXT
2026-07-05 02:00:00,31.290333333333333,29.427,20.09,29.5,21.22222222222222,61.63333333333333,976.822,SITE 9,EXT
2026-07-05 03:00:00,26.264,25.3475,17.495,28.90740740740741,21.11111111111111,62.86666666666667,976.7086666666668,SITE 9,EXT
2026-07-05 04:00:00,22.43166666666667,21.8045,15.214,28.88888888888889,21.11111111111111,62.96666666666667,976.5006666666667,SITE 9,EXT
2026-07-05 05:00:00,38.705333333333336,35.8055,24.46516666666667,28.740740740740744,20.833333333333332,62.766666666666666,976.7406666666667,SITE 9,EXT
2026-07-05 06:00:00,50.06816666666667,42.92883333333334,28.538666666666664,28.814814814814817,20.925925925925927,62.46666666666667,976.9856666666667,SITE 9,EXT
2026-07-05 07:00:00,61.756166666666665,51.53616666666667,34.896166666666666,29.222222222222225,21.185185185185183,62.13333333333333,977.4973333333332,SITE 9,EXT
2026-07-05 08:00:00,29.220666666666666,27.020166666666668,18.77716666666667,30.962962962962965,21.01851851851852,55.86666666666667,977.4633333333334,SITE 9,EXT
2026-07-05 09:00:00,12.784500000000001,12.4105,8.902666666666667,32.166666666666664,20.85185185185185,51.766666666666666,977.6419999999999,SITE 9,EXT
2026-07-05 10:00:00,11.641333333333334,11.214666666666666,7.7796666666666665,33.62962962962963,20.555555555555557,46.93333333333333,977.3366666666666,SITE 9,EXT
2026-07-05 11:00:00,11.213166666666666,10.877166666666666,7.6273333333333335,34.75925925925926,20.444444444444446,43.53333333333333,976.6446666666667,SITE 9,EXT
2026-07-05 12:00:00,11.376333333333333,11.0205,7.6898333333333335,35.42592592592593,20.592592592592595,42.2,976.0063333333333,SITE 9,EXT
2026-07-05 13:00:00,13.456166666666666,12.991333333333333,9.045333333333334,36.277777777777786,20.88888888888889,41.13333333333333,975.298,SITE 9,EXT
2026-07-05 14:00:00,14.659666666666668,14.275333333333332,9.908833333333332,37.2037037037037,20.574074074074076,38.5,974.365,SITE 9,EXT
2026-07-05 15:00:00,12.9115,12.542,8.737833333333333,37.57407407407407,20.240740740740744,36.733333333333334,973.7543333333334,SITE 9,EXT
2026-07-05 16:00:00,17.067666666666664,16.600166666666667,11.5375,37.2037037037037,20.12962962962963,37.266666666666666,973.6773333333333,SITE 9,EXT
2026-07-05 17:00:00,33.474000000000004,31.324333333333335,20.563499999999998,36.833333333333336,19.98148148148148,37.6,973.8383333333334,SITE 9,EXT
2026-07-05 18:00:00,36.696333333333335,32.948,22.05,36.31481481481482,19.90740740740741,38.5,974.3396666666666,SITE 9,EXT
2026-07-05 19:00:00,64.877,55.911500000000004,37.30283333333333,35.68518518518519,20.666666666666668,41.93333333333333,975.0823333333334,SITE 9,EXT
2026-07-05 20:00:00,42.88066666666667,37.066500000000005,24.6265,34.75925925925926,21.092592592592595,45.233333333333334,975.4746666666667,SITE 9,EXT
2026-07-05 21:00:00,33.41316666666667,30.9255,20.59016666666667,34.05555555555556,21.37037037037037,47.93333333333333,975.9673333333334,SITE 9,EXT
2026-07-05 22:00:00,29.322999999999997,27.698500000000003,18.320333333333334,33.44444444444444,21.314814814814817,49.43333333333333,976.203,SITE 9,EXT
2026-07-05 23:00:00,23.679333333333332,22.69633333333333,15.023666666666665,32.7962962962963,21.25925925925926,51.0,976.239,SITE 9,EXT
2026-07-06 00:00:00,21.715806451612906,21.061451612903223,13.84032258064516,32.22222222222222,21.415770609318997,53.41935483870968,976.1974193548386,SITE 9,EXT
2026-07-06 01:00:00,21.655666666666665,21.036,13.915333333333333,31.64814814814815,21.48148148148148,55.3,976.0066666666667,SITE 9,EXT
2026-07-06 02:00:00,21.45266666666667,20.8435,13.741166666666667,31.388888888888893,21.64814814814815,56.733333333333334,975.8923333333333,SITE 9,EXT
2026-07-06 03:00:00,20.646166666666666,20.153333333333332,13.316,30.90740740740741,21.462962962962965,57.96666666666667,975.6103333333334,SITE 9,EXT
2026-07-06 04:00:00,21.867666666666665,21.283833333333334,14.0175,30.518518518518523,21.314814814814817,58.56666666666667,975.4193333333334,SITE 9,EXT
2026-07-06 05:00:00,27.24116666666667,26.223333333333336,17.547,30.53703703703704,21.64814814814815,59.06666666666667,975.4476666666667,SITE 9,EXT
2026-07-06 06:00:00,30.63116666666667,28.979666666666667,19.443833333333334,30.0,21.11111111111111,59.56666666666667,975.5853333333333,SITE 9,EXT
2026-07-06 07:00:00,21.59716666666667,21.001666666666665,14.401666666666667,30.037037037037035,21.14814814814815,59.0,976.6943333333332,SITE 9,EXT
2026-07-06 08:00:00,20.776166666666665,20.166999999999998,13.572000000000001,30.814814814814817,21.24074074074074,57.6,976.9106666666667,SITE 9,EXT
2026-07-06 09:00:00,16.458666666666666,15.919666666666666,10.911,31.62962962962963,21.14814814814815,54.36666666666667,976.6883333333334,SITE 9,EXT
2026-07-06 10:00:00,17.7095,17.249833333333335,11.893666666666666,32.18518518518518,21.85185185185185,54.96666666666667,976.587,SITE 9,EXT
2026-07-06 11:00:00,17.584,17.122333333333334,11.761666666666667,32.46296296296296,21.537037037037035,53.333333333333336,976.1573333333333,SITE 9,EXT
2026-07-06 12:00:00,21.796333333333333,20.57633333333333,13.246,33.50000000000001,21.814814814814817,50.833333333333336,975.8193333333334,SITE 9,EXT
2026-07-06 13:00:00,21.109666666666666,20.299500000000002,13.459333333333332,34.24074074074074,21.833333333333332,48.93333333333333,975.2083333333334,SITE 9,EXT
2026-07-06 14:00:00,20.910833333333336,20.195666666666668,13.677,34.5,21.14814814814815,46.3,974.8146666666667,SITE 9,EXT
2026-07-06 15:00:00,16.111,15.605333333333334,10.836500000000001,35.18518518518519,21.185185185185183,44.5,973.5313333333332,SITE 9,EXT
2026-07-06 16:00:00,17.827833333333334,17.339333333333336,11.831833333333332,35.2037037037037,20.77777777777778,43.833333333333336,973.6046666666666,SITE 9,EXT
2026-07-06 17:00:00,25.900666666666666,24.788833333333333,16.878333333333334,34.62962962962963,20.592592592592595,44.03333333333333,974.3436666666668,SITE 9,EXT
2026-07-06 18:00:00,61.5125,54.59133333333333,34.22866666666666,34.27777777777778,20.64814814814815,45.233333333333334,975.1479999999999,SITE 9,EXT
2026-07-06 19:00:00,61.45583333333333,50.92933333333334,33.83716666666667,33.88888888888889,20.944444444444446,47.2,975.4886666666666,SITE 9,EXT
2026-07-06 20:00:00,63.859833333333334,52.350166666666674,34.55216666666667,33.333333333333336,20.77777777777778,48.03333333333333,975.9770000000001,SITE 9,EXT
2026-07-06 21:00:00,56.54766666666667,46.358,30.278333333333332,32.98148148148148,20.75925925925926,49.3,976.484,SITE 9,EXT
2026-07-06 22:00:00,46.471333333333334,39.0715,24.895500000000002,32.574074074074076,20.907407407407405,50.6,976.8629999999999,SITE 9,EXT
2026-07-06 23:00:00,48.3845,40.668,25.319333333333336,32.09259259259259,20.85185185185185,52.06666666666667,976.6406666666667,SITE 9,EXT
2026-07-07 00:00:00,60.60633333333333,53.62466666666667,33.753,31.64814814814815,21.203703703703702,54.46666666666667,976.687,SITE 9,EXT
2026-07-07 01:00:00,44.68266666666667,37.8465,23.519833333333334,31.203703703703706,21.09259259259259,55.666666666666664,976.3836666666666,SITE 9,EXT
2026-07-07 02:00:00,43.2425,37.0445,23.548,30.62962962962963,21.09259259259259,57.53333333333333,976.2223333333333,SITE 9,EXT
2026-07-07 03:00:00,43.450500000000005,37.18,23.821666666666665,30.53703703703704,21.333333333333332,58.56666666666667,976.462,SITE 9,EXT
2026-07-07 04:00:00,38.4615,34.191833333333335,22.534333333333333,30.240740740740744,21.037037037037035,58.43333333333333,976.5663333333333,SITE 9,EXT
2026-07-07 05:00:00,35.806666666666665,32.59766666666666,21.587333333333333,29.85185185185185,20.962962962962965,59.4,977.1759999999999,SITE 9,EXT
2026-07-07 06:00:00,48.772000000000006,41.17183333333333,26.982833333333335,29.703703703703702,20.814814814814817,60.0,977.941,SITE 9,EXT
2026-07-07 07:00:00,44.18183333333333,37.899166666666666,24.886666666666667,30.0,21.11111111111111,59.86666666666667,978.5186666666667,SITE 9,EXT
2026-07-07 08:00:00,41.009838709677425,35.91112903225806,23.634354838709676,30.6989247311828,21.379928315412187,57.935483870967744,979.0612903225807,SITE 9,EXT
2026-07-07 09:00:00,39.887166666666666,35.06733333333333,22.6505,30.555555555555557,21.11111111111111,57.733333333333334,979.5583333333333,SITE 9,EXT
2026-07-07 10:00:00,42.85316666666667,37.0785,23.796833333333332,30.64814814814815,21.11111111111111,57.03333333333333,979.3736666666666,SITE 9,EXT
2026-07-07 11:00:00,37.27433333333333,33.45466666666667,21.064166666666665,31.018518518518523,21.185185185185183,56.233333333333334,979.1553333333334,SITE 9,EXT
2026-07-07 12:00:00,29.468333333333334,28.2075,18.34583333333333,31.759259259259256,21.203703703703706,54.166666666666664,978.8883333333333,SITE 9,EXT
